{"type":"FeatureCollection","features":[{"type":"Feature","properties":{"id":4428562,"highway":"primary","ref":"GI-627","superficie":"asphalt"},"geometry":{"type":"LineString","coordinates":[[-2.44841,43.08008],[-2.44834,43.0801],[-2.44828,43.08014],[-2.44824,43.08019],[-2.44821,43.08024]]}},{"type":"Feature","properties":{"id":4611133,"highway":"primary","ref":"GI-627"},"geometry":{"type":"LineString","coordinates":[[-2.47164,43.07142],[-2.47158,43.07144],[-2.47153,43.07148],[-2.47149,43.07152],[-2.47147,43.07157],[-2.47147,43.07162],[-2.4715,43.07168]]}},{"type":"Feature","properties":{"id":4611134,"highway":"primary","ref":"GI-627","oneway":"yes"},"geometry":{"type":"LineString","coordinates":[[-2.4715,43.07168],[-2.47142,43.07186],[-2.47134,43.07196],[-2.47124,43.07206],[-2.47104,43.07227]]}},{"type":"Feature","properties":{"id":4611136,"highway":"primary","ref":"GI-627","superficie":"asphalt"},"geometry":{"type":"LineString","coordinates":[[-2.4629,43.07578],[-2.46277,43.07573],[-2.46264,43.07573],[-2.46258,43.07575]]}},{"type":"Feature","properties":{"id":4969102,"highway":"motorway_link","oneway":"yes","superficie":"asphalt"},"geometry":{"type":"LineString","coordinates":[[-2.46456,43.07317],[-2.46476,43.07309],[-2.46567,43.0727],[-2.46594,43.0726],[-2.46612,43.07255],[-2.46629,43.07255],[-2.46643,43.07257],[-2.46655,43.07262],[-2.46663,43.07269],[-2.46668,43.07277],[-2.46671,43.07285],[-2.46671,43.07295],[-2.46665,43.0731],[-2.46659,43.07315],[-2.46648,43.07321],[-2.46635,43.07324],[-2.46624,43.07325],[-2.46607,43.07324],[-2.46581,43.07322],[-2.46562,43.07322],[-2.46552,43.07323],[-2.46541,43.07324],[-2.46532,43.07327],[-2.46516,43.07332],[-2.46493,43.07343],[-2.46398,43.07386],[-2.46329,43.07417],[-2.46314,43.0742],[-2.46295,43.07429],[-2.46278,43.07438],[-2.4626,43.07446],[-2.46242,43.07459]]}},{"type":"Feature","properties":{"id":7634640,"highway":"residential","oneway":"no"},"geometry":{"type":"LineString","coordinates":[[-2.49484,43.06197],[-2.49486,43.06195],[-2.49494,43.06191],[-2.49508,43.06185],[-2.49541,43.06173]]}},{"type":"Feature","properties":{"id":7634644,"highway":"living_street","nombre":"Arrasate pasealekua","oneway":"no"},"geometry":{"type":"LineString","coordinates":[[-2.4948,43.06209],[-2.49482,43.06211],[-2.49492,43.0622],[-2.49509,43.06235],[-2.49517,43.06242],[-2.49531,43.06254],[-2.49532,43.06255],[-2.49535,43.06257],[-2.4954,43.06262],[-2.49555,43.06275],[-2.49569,43.06288]]}},{"type":"Feature","properties":{"id":23771782,"highway":"tertiary"},"geometry":{"type":"LineString","coordinates":[[-2.496,43.06313],[-2.49596,43.06318],[-2.49595,43.06321],[-2.49596,43.06324],[-2.49597,43.06327],[-2.49601,43.06331],[-2.49606,43.06333],[-2.49609,43.06334],[-2.49612,43.06334],[-2.49616,43.06334],[-2.49622,43.06332],[-2.49626,43.0633],[-2.49627,43.06328],[-2.49628,43.06326],[-2.49629,43.06321],[-2.49628,43.06318],[-2.49628,43.06316]]}},{"type":"Feature","properties":{"id":23771783,"highway":"residential","nombre":"Loramendi kalea","oneway":"yes"},"geometry":{"type":"LineString","coordinates":[[-2.49569,43.06288],[-2.49571,43.0628],[-2.49574,43.06272],[-2.49578,43.06267],[-2.49588,43.0626],[-2.49602,43.06251],[-2.49614,43.06242],[-2.49619,43.06238],[-2.49624,43.06233],[-2.49626,43.06225],[-2.49627,43.06223],[-2.49627,43.06212],[-2.49619,43.0618],[-2.49617,43.06172],[-2.49616,43.06164],[-2.49615,43.06162],[-2.49615,43.0616],[-2.49613,43.06151],[-2.49612,43.06142]]}},{"type":"Feature","properties":{"id":23798474,"highway":"tertiary","nombre":"Zarugalde kalea"},"geometry":{"type":"LineString","coordinates":[[-2.49609,43.06334],[-2.49605,43.06345],[-2.49597,43.06365],[-2.49589,43.06379],[-2.49582,43.0639],[-2.49571,43.06401],[-2.49565,43.06407],[-2.49557,43.06416],[-2.49547,43.06426],[-2.49531,43.06444],[-2.4951,43.06465],[-2.49486,43.06482],[-2.4946,43.06494]]}},{"type":"Feature","properties":{"id":23798475,"highway":"footway"},"geometry":{"type":"LineString","coordinates":[[-2.4949,43.06416],[-2.4949,43.06415],[-2.49489,43.06407],[-2.49488,43.06404],[-2.49485,43.06394],[-2.49482,43.06386],[-2.49481,43.06382],[-2.49478,43.06371],[-2.49476,43.06366],[-2.49473,43.06355],[-2.49471,43.06345],[-2.4947,43.06336],[-2.49471,43.06332],[-2.49472,43.06325],[-2.49474,43.06319],[-2.49477,43.0631]]}},{"type":"Feature","properties":{"id":23798476,"highway":"residential","nombre":"Jose Maria Arizmendiarrieta pasealekua","superficie":"asphalt"},"geometry":{"type":"LineString","coordinates":[[-2.49541,43.06173],[-2.4954,43.0617],[-2.4954,43.06167],[-2.49548,43.0616],[-2.4956,43.0615],[-2.49574,43.06139],[-2.49582,43.06133],[-2.496,43.0612],[-2.4962,43.06106],[-2.49633,43.06098],[-2.49646,43.06092],[-2.49656,43.06088],[-2.49678,43.0608],[-2.49707,43.06071],[-2.49747,43.06059],[-2.49769,43.06052],[-2.49777,43.0605],[-2.49803,43.06041],[-2.49812,43.06039],[-2.49834,43.06035]]}},{"type":"Feature","properties":{"id":27279966,"highway":"motorway","nombre":"Eibar-Gasteiz autobidea","ref":"AP-1","oneway":"yes","tunel":"yes","superficie":"asphalt"},"geometry":{"type":"LineString","coordinates":[[-2.4484,43.07886],[-2.4491,43.07848],[-2.44978,43.07812],[-2.4505,43.0778],[-2.45105,43.07754],[-2.45112,43.07751],[-2.45207,43.07715],[-2.45294,43.07682],[-2.45536,43.0761],[-2.46124,43.07452]]}},{"type":"Feature","properties":{"id":27279969,"highway":"motorway","nombre":"Iparraldeko autobidea","izena_eu":"Iparraldeko autobidea","nombre_es":"Autopista Vitoria/Gasteiz-Irun por Eibar","ref":"AP-1","oneway":"yes","superficie":"asphalt"},"geometry":{"type":"LineString","coordinates":[[-2.44827,43.07895],[-2.4484,43.07886]]}},{"type":"Feature","properties":{"id":27279982,"highway":"motorway","nombre":"Eibar-Gasteiz autobidea","ref":"AP-1","oneway":"yes","tunel":"yes","superficie":"asphalt"},"geometry":{"type":"LineString","coordinates":[[-2.46115,43.07435],[-2.4557,43.07581],[-2.45283,43.07661],[-2.45202,43.07691],[-2.45087,43.07738],[-2.45034,43.07762],[-2.44973,43.07791],[-2.44903,43.07829],[-2.44828,43.0787]]}},{"type":"Feature","properties":{"id":27280143,"highway":"primary","ref":"GI-627","oneway":"yes","superficie":"asphalt"},"geometry":{"type":"LineString","coordinates":[[-2.46328,43.07573],[-2.46335,43.0757],[-2.46361,43.07559],[-2.46384,43.07549],[-2.46386,43.07548],[-2.4641,43.07539],[-2.46422,43.07535],[-2.46436,43.07531],[-2.4644,43.0753],[-2.46447,43.07529],[-2.46466,43.07528],[-2.46485,43.0753],[-2.46507,43.07534],[-2.46525,43.07539],[-2.46554,43.07548],[-2.46579,43.07555],[-2.46595,43.07558],[-2.46605,43.0756],[-2.46626,43.07563],[-2.46649,43.07565],[-2.4667,43.07564],[-2.46685,43.07561],[-2.46691,43.0756],[-2.46713,43.07553],[-2.46733,43.07544],[-2.46753,43.07532],[-2.4677,43.07517],[-2.46802,43.07484],[-2.46844,43.07437],[-2.46866,43.07413],[-2.46902,43.07376],[-2.46918,43.07361],[-2.46936,43.07345],[-2.4696,43.07328],[-2.46983,43.07313],[-2.47006,43.073],[-2.47031,43.07288],[-2.47053,43.07277],[-2.47072,43.07265],[-2.47082,43.07258]]}},{"type":"Feature","properties":{"id":27280144,"highway":"motorway_link","oneway":"yes"},"geometry":{"type":"LineString","coordinates":[[-2.46217,43.0756],[-2.46218,43.07563]]}},{"type":"Feature","properties":{"id":27280311,"highway":"motorway_link","oneway":"yes","superficie":"asphalt"},"geometry":{"type":"LineString","coordinates":[[-2.46329,43.07417],[-2.46315,43.07429],[-2.46298,43.07437],[-2.46285,43.07443],[-2.46273,43.07449],[-2.46263,43.07454],[-2.46256,43.07459],[-2.4625,43.07464]]}},{"type":"Feature","properties":{"id":27280312,"highway":"trunk","nombre":"Beasain - Durango","ref":"N-636"},"geometry":{"type":"LineString","coordinates":[[-2.46372,43.07689],[-2.46374,43.07691]]}},{"type":"Feature","properties":{"id":27280313,"highway":"motorway_link","oneway":"yes","superficie":"asphalt"},"geometry":{"type":"LineString","coordinates":[[-2.46372,43.07689],[-2.46367,43.07677],[-2.46359,43.07666],[-2.4635,43.07655],[-2.46339,43.07644]]}},{"type":"Feature","properties":{"id":27280341,"highway":"motorway_link","oneway":"yes","puente":"yes","superficie":"asphalt"},"geometry":{"type":"MultiLineString","coordinates":[[[-2.46339,43.07644],[-2.46326,43.07631],[-2.46311,43.0762],[-2.46299,43.07611],[-2.46285,43.07601],[-2.46279,43.07596]],[[-2.46253,43.07574],[-2.46249,43.07569],[-2.46242,43.0756],[-2.46237,43.07553],[-2.46234,43.07545],[-2.46231,43.07536],[-2.4623,43.07527],[-2.4623,43.07516],[-2.46231,43.07507],[-2.46234,43.07498],[-2.46238,43.07489],[-2.46244,43.07481],[-2.46251,43.07473],[-2.46259,43.07466]]]}},{"type":"Feature","properties":{"id":27280342,"highway":"motorway_link","oneway":"yes","superficie":"asphalt"},"geometry":{"type":"LineString","coordinates":[[-2.46333,43.07649],[-2.46341,43.07656],[-2.46346,43.07661],[-2.46352,43.07668],[-2.4636,43.07676],[-2.46372,43.07689]]}},{"type":"Feature","properties":{"id":27280345,"highway":"motorway_link","oneway":"yes","puente":"yes","superficie":"asphalt"},"geometry":{"type":"MultiLineString","coordinates":[[[-2.4625,43.07464],[-2.46245,43.07468],[-2.46239,43.07474],[-2.46235,43.0748],[-2.46229,43.07488],[-2.46226,43.07495],[-2.46224,43.075],[-2.46222,43.07508],[-2.46221,43.07517],[-2.4622,43.07525],[-2.46222,43.07534],[-2.46224,43.07542],[-2.46229,43.07555],[-2.46234,43.07563],[-2.46238,43.07569]],[[-2.46286,43.07611],[-2.46294,43.07617],[-2.46304,43.07624],[-2.46312,43.0763],[-2.4632,43.07637],[-2.46327,43.07643],[-2.46333,43.07649]]]}},{"type":"Feature","properties":{"id":27280346,"highway":"motorway_link","oneway":"yes","puente":"yes","superficie":"asphalt"},"geometry":{"type":"LineString","coordinates":[[-2.46242,43.07459],[-2.4623,43.07468],[-2.46217,43.07483],[-2.46209,43.07495],[-2.46206,43.07509],[-2.46206,43.07522],[-2.46207,43.07537],[-2.46217,43.0756]]}},{"type":"Feature","properties":{"id":27280347,"highway":"motorway_link","oneway":"yes","superficie":"asphalt"},"geometry":{"type":"LineString","coordinates":[[-2.46217,43.0756],[-2.46219,43.07564]]}},{"type":"Feature","properties":{"id":27286079,"highway":"motorway_link","oneway":"yes","superficie":"asphalt"},"geometry":{"type":"LineString","coordinates":[[-2.46348,43.07555],[-2.46328,43.07559],[-2.46316,43.07563],[-2.4631,43.07564],[-2.46301,43.07565],[-2.46292,43.07565],[-2.46287,43.07565],[-2.4628,43.07564],[-2.46272,43.07561],[-2.46267,43.07559],[-2.46259,43.07554],[-2.46252,43.07548],[-2.46248,43.07542],[-2.46246,43.07535],[-2.46243,43.07522]]}},{"type":"Feature","properties":{"id":27286080,"highway":"motorway_link","oneway":"yes","superficie":"asphalt"},"geometry":{"type":"LineString","coordinates":[[-2.46277,43.07573],[-2.46265,43.07567],[-2.46256,43.07562],[-2.4625,43.07555],[-2.46245,43.07548],[-2.46242,43.0754],[-2.46243,43.07522]]}},{"type":"Feature","properties":{"id":27286082,"highway":"motorway_link","oneway":"yes","puente":"yes","superficie":"asphalt"},"geometry":{"type":"LineString","coordinates":[[-2.46243,43.07522],[-2.46244,43.07514],[-2.46247,43.07501],[-2.46253,43.07489],[-2.46262,43.07477],[-2.46273,43.07467],[-2.4628,43.07462]]}},{"type":"Feature","properties":{"id":27286083,"highway":"motorway_link","oneway":"yes","superficie":"asphalt"},"geometry":{"type":"LineString","coordinates":[[-2.4628,43.07462],[-2.46289,43.07458],[-2.46302,43.0745],[-2.46321,43.07441],[-2.4634,43.07427]]}},{"type":"Feature","properties":{"id":27286482,"highway":"primary","ref":"GI-627","oneway":"yes"},"geometry":{"type":"LineString","coordinates":[[-2.47211,43.07107],[-2.47194,43.07115],[-2.47181,43.07126],[-2.4717,43.07136],[-2.47164,43.07142]]}},{"type":"Feature","properties":{"id":27286483,"highway":"primary","ref":"GI-627","oneway":"yes"},"geometry":{"type":"LineString","coordinates":[[-2.47191,43.07145],[-2.47191,43.07134],[-2.47194,43.07124],[-2.47211,43.07107]]}},{"type":"Feature","properties":{"id":27286599,"highway":"primary","ref":"GI-627","puente":"yes"},"geometry":{"type":"LineString","coordinates":[[-2.47764,43.06441],[-2.47756,43.06457]]}},{"type":"Feature","properties":{"id":27286600,"highway":"primary","ref":"GI-627","superficie":"asphalt"},"geometry":{"type":"LineString","coordinates":[[-2.47707,43.06548],[-2.47578,43.06786],[-2.47504,43.06912],[-2.47479,43.06945],[-2.47464,43.06959],[-2.47446,43.06973],[-2.47408,43.06995],[-2.47352,43.07024],[-2.47316,43.07043],[-2.47223,43.071],[-2.47211,43.07107]]}},{"type":"Feature","properties":{"id":27286601,"highway":"residential","nombre":"Nafarroa Etorbidea","oneway":"no","superficie":"asphalt"},"geometry":{"type":"LineString","coordinates":[[-2.48175,43.06343],[-2.48182,43.06346],[-2.48193,43.06349],[-2.48207,43.06352],[-2.48227,43.06356],[-2.48238,43.06359],[-2.48252,43.06361],[-2.4831,43.0637],[-2.48374,43.06378],[-2.48383,43.06379],[-2.48413,43.06384],[-2.48428,43.06384],[-2.48479,43.06385],[-2.48489,43.06385],[-2.48501,43.06386],[-2.48512,43.06387]]}},{"type":"Feature","properties":{"id":27286916,"highway":"primary_link","oneway":"yes","superficie":"asphalt"},"geometry":{"type":"LineString","coordinates":[[-2.49113,43.05875],[-2.49131,43.0585],[-2.49143,43.05835],[-2.4916,43.05813],[-2.49186,43.05782],[-2.4919,43.05778],[-2.49211,43.05759],[-2.49222,43.05746],[-2.49227,43.05738],[-2.49229,43.05733],[-2.49232,43.05728],[-2.49235,43.05724],[-2.4924,43.05721]]}},{"type":"Feature","properties":{"id":27291246,"highway":"primary","ref":"GI-627","puente":"yes"},"geometry":{"type":"LineString","coordinates":[[-2.49162,43.05638],[-2.49173,43.05658]]}},{"type":"Feature","properties":{"id":27291248,"highway":"primary","ref":"GI-627"},"geometry":{"type":"LineString","coordinates":[[-2.49173,43.05658],[-2.49182,43.05682],[-2.49186,43.05701],[-2.49186,43.05721],[-2.49184,43.05739],[-2.4918,43.05755],[-2.49172,43.05773],[-2.49164,43.05788],[-2.49135,43.05834]]}},{"type":"Feature","properties":{"id":27318048,"highway":"trunk","nombre":"Beasain - Durango","ref":"N-636"},"geometry":{"type":"LineString","coordinates":[[-2.46901,43.08477],[-2.46938,43.0851],[-2.46943,43.08515]]}},{"type":"Feature","properties":{"id":27318049,"highway":"trunk_link","oneway":"yes"},"geometry":{"type":"LineString","coordinates":[[-2.46423,43.0773],[-2.46422,43.07721],[-2.46416,43.07697],[-2.4641,43.07678],[-2.46401,43.07665],[-2.46393,43.07656],[-2.46384,43.07648],[-2.46368,43.07638],[-2.46349,43.07628]]}},{"type":"Feature","properties":{"id":27318050,"highway":"trunk_link","oneway":"yes"},"geometry":{"type":"LineString","coordinates":[[-2.46349,43.07628],[-2.46338,43.0762],[-2.46332,43.07616],[-2.46327,43.07612],[-2.46323,43.07607],[-2.46321,43.07603],[-2.4632,43.07597],[-2.4632,43.07593],[-2.46321,43.07589],[-2.46324,43.07582],[-2.46324,43.0758],[-2.46328,43.07573]]}},{"type":"Feature","properties":{"id":28116447,"highway":"residential","nombre":"Garro jenerala kalea","oneway":"yes"},"geometry":{"type":"LineString","coordinates":[[-2.49254,43.06253],[-2.49249,43.06255],[-2.49245,43.06256],[-2.49242,43.06257],[-2.49236,43.06256],[-2.49234,43.06256],[-2.4923,43.06256]]}},{"type":"Feature","properties":{"id":28116449,"highway":"tertiary"},"geometry":{"type":"LineString","coordinates":[[-2.4921,43.06268],[-2.49213,43.06269],[-2.49215,43.06269],[-2.49217,43.06269],[-2.4922,43.06269],[-2.49222,43.06268],[-2.49224,43.06267],[-2.49226,43.06266],[-2.49228,43.06265],[-2.49229,43.06263],[-2.4923,43.06261],[-2.49231,43.0626],[-2.4923,43.06258],[-2.4923,43.06256],[-2.49229,43.06255],[-2.49228,43.06253],[-2.49227,43.06252],[-2.49226,43.06251],[-2.49224,43.0625],[-2.49222,43.06249],[-2.49221,43.06249],[-2.49219,43.06248],[-2.49217,43.06248]]}},{"type":"Feature","properties":{"id":28116450,"highway":"tertiary","nombre":"Kontzezino kalea","superficie":"asphalt"},"geometry":{"type":"LineString","coordinates":[[-2.4921,43.06268],[-2.49209,43.0627],[-2.49196,43.06284],[-2.49192,43.0629],[-2.49176,43.06302],[-2.49157,43.06318],[-2.49143,43.06335],[-2.49127,43.06356]]}},{"type":"Feature","properties":{"id":28116452,"highway":"tertiary","nombre":"Kontzezino kalea","oneway":"yes"},"geometry":{"type":"LineString","coordinates":[[-2.49105,43.0639],[-2.49112,43.06381],[-2.49121,43.06369],[-2.49122,43.06367],[-2.49127,43.06356]]}},{"type":"Feature","properties":{"id":28116453,"highway":"tertiary","nombre":"Kontzezino kalea","oneway":"yes"},"geometry":{"type":"LineString","coordinates":[[-2.49127,43.06356],[-2.49117,43.06363],[-2.49113,43.06365],[-2.49104,43.06369],[-2.49092,43.06373],[-2.49085,43.06377]]}},{"type":"Feature","properties":{"id":28116454,"highway":"living_street","nombre":"Iturriotz kalea"},"geometry":{"type":"LineString","coordinates":[[-2.49194,43.06495],[-2.49182,43.06487],[-2.49178,43.06487],[-2.49164,43.0649],[-2.49149,43.06495],[-2.49132,43.06501],[-2.49108,43.06508],[-2.49085,43.06517],[-2.4908,43.06519],[-2.49075,43.06521],[-2.49068,43.06524],[-2.49056,43.06529],[-2.49051,43.06532],[-2.49043,43.06536],[-2.4903,43.06541],[-2.49012,43.06549],[-2.48985,43.06562],[-2.48983,43.06563],[-2.4898,43.06564],[-2.4897,43.06569],[-2.48957,43.06576],[-2.48939,43.06584],[-2.48929,43.06592],[-2.48924,43.06596],[-2.48919,43.066],[-2.48919,43.06604],[-2.48919,43.06609],[-2.48922,43.06614],[-2.48928,43.06623]]}},{"type":"Feature","properties":{"id":28116455,"highway":"living_street","nombre":"Erdiko kalea","oneway":"yes","superficie":"sett"},"geometry":{"type":"LineString","coordinates":[[-2.48928,43.06623],[-2.48937,43.06622],[-2.48953,43.06616],[-2.48976,43.06607],[-2.4898,43.06606],[-2.49007,43.06595],[-2.49013,43.06592],[-2.4904,43.06579],[-2.49077,43.06561],[-2.4909,43.06556],[-2.4912,43.06541]]}},{"type":"Feature","properties":{"id":28116456,"highway":"living_street","nombre":"Ferrerias kalea"},"geometry":{"type":"LineString","coordinates":[[-2.48928,43.06623],[-2.48941,43.06632],[-2.48948,43.06634],[-2.48954,43.06636],[-2.4896,43.06636],[-2.48973,43.06636],[-2.48992,43.06635],[-2.4901,43.06632],[-2.49037,43.06625],[-2.49051,43.06619],[-2.4907,43.06612],[-2.49075,43.0661],[-2.4909,43.06603],[-2.49106,43.06593],[-2.49118,43.06586],[-2.4913,43.06578],[-2.49146,43.06567],[-2.49153,43.06562],[-2.49161,43.06558],[-2.49162,43.06557],[-2.49168,43.06553],[-2.49201,43.06535]]}},{"type":"Feature","properties":{"id":28116457,"highway":"pedestrian","nombre":"Kanpatorpea"},"geometry":{"type":"LineString","coordinates":[[-2.49033,43.065],[-2.49036,43.06505],[-2.49051,43.06532],[-2.49058,43.06541],[-2.49065,43.06545],[-2.49067,43.06546]]}},{"type":"Feature","properties":{"id":28116458,"highway":"pedestrian","nombre":"San Frantzisko kalea"},"geometry":{"type":"LineString","coordinates":[[-2.48956,43.06706],[-2.48954,43.06697],[-2.48953,43.06695],[-2.48953,43.06693],[-2.48951,43.06676],[-2.48951,43.06675],[-2.48954,43.06663]]}},{"type":"Feature","properties":{"id":28116459,"highway":"residential","superficie":"asphalt"},"geometry":{"type":"LineString","coordinates":[[-2.48973,43.06735],[-2.48977,43.06734],[-2.4898,43.06733],[-2.48983,43.06731],[-2.48985,43.06727],[-2.48987,43.06723],[-2.48986,43.06719],[-2.48984,43.06716],[-2.4898,43.06713],[-2.48977,43.06711],[-2.48973,43.0671],[-2.48969,43.0671],[-2.48966,43.0671],[-2.48962,43.06711],[-2.48959,43.06712],[-2.48956,43.06714],[-2.48954,43.06717],[-2.48953,43.06719],[-2.48952,43.06722],[-2.48953,43.06725],[-2.48954,43.06728],[-2.48957,43.06731],[-2.48962,43.06734],[-2.48965,43.06735],[-2.48969,43.06735],[-2.48973,43.06735]]}},{"type":"Feature","properties":{"id":28116460,"highway":"residential","nombre":"Otalora lizentziaduna kalea","oneway":"yes","superficie":"asphalt"},"geometry":{"type":"LineString","coordinates":[[-2.49387,43.065],[-2.49373,43.06506],[-2.49331,43.06523],[-2.49278,43.06545],[-2.49231,43.06568],[-2.49196,43.06592],[-2.49148,43.06626],[-2.49145,43.06628],[-2.49139,43.06632]]}},{"type":"Feature","properties":{"id":28116462,"highway":"residential","nombre":"San Bixente Ferrer kalea"},"geometry":{"type":"LineString","coordinates":[[-2.48643,43.06524],[-2.48658,43.06518],[-2.48701,43.06501],[-2.48704,43.065],[-2.4872,43.06494],[-2.48736,43.06487],[-2.48754,43.0648],[-2.48777,43.06472],[-2.48785,43.06469],[-2.48789,43.06468],[-2.48794,43.06465],[-2.48836,43.06449],[-2.48847,43.06444],[-2.48852,43.06442],[-2.48857,43.06438],[-2.48859,43.06432],[-2.48861,43.06428]]}},{"type":"Feature","properties":{"id":28116489,"highway":"tertiary","superficie":"asphalt"},"geometry":{"type":"LineString","coordinates":[[-2.48643,43.06591],[-2.48644,43.06594],[-2.48646,43.06597],[-2.48649,43.06599],[-2.48653,43.066],[-2.48658,43.06601],[-2.48662,43.06601],[-2.48666,43.06599],[-2.48669,43.06598],[-2.48671,43.06596],[-2.48673,43.06593],[-2.48674,43.06591],[-2.48674,43.0659],[-2.48673,43.06587]]}},{"type":"Feature","properties":{"id":28116490,"highway":"residential","nombre":"Otalora lizentziaduna kalea","oneway":"yes"},"geometry":{"type":"LineString","coordinates":[[-2.48658,43.06601],[-2.48677,43.06616],[-2.48682,43.0662],[-2.48699,43.06633],[-2.48715,43.06644],[-2.48731,43.06656],[-2.48743,43.06665],[-2.48759,43.06677],[-2.48773,43.06687],[-2.4878,43.06692],[-2.48797,43.06705],[-2.48809,43.06712],[-2.48825,43.0672],[-2.4884,43.06727],[-2.48854,43.06732],[-2.48867,43.06736],[-2.48878,43.06738],[-2.48895,43.06741],[-2.48912,43.0674],[-2.48936,43.06737],[-2.48953,43.06734],[-2.48962,43.06734]]}},{"type":"Feature","properties":{"id":28116491,"highway":"residential","nombre":"Otalora lizentziaduna kalea","oneway":"yes"},"geometry":{"type":"LineString","coordinates":[[-2.48954,43.06728],[-2.48947,43.0673],[-2.48935,43.06734],[-2.4891,43.06737],[-2.48895,43.06737],[-2.48877,43.06736],[-2.48863,43.06732],[-2.48853,43.06728],[-2.48844,43.06724],[-2.48826,43.06716],[-2.4881,43.06708]]}},{"type":"Feature","properties":{"id":28119575,"highway":"tertiary"},"geometry":{"type":"LineString","coordinates":[[-2.49431,43.06505],[-2.4943,43.06502],[-2.49427,43.06499],[-2.49424,43.06497],[-2.49419,43.06496],[-2.49415,43.06495],[-2.4941,43.06495],[-2.49406,43.06497],[-2.49402,43.06499],[-2.494,43.06501],[-2.49398,43.06504],[-2.49397,43.06507],[-2.49398,43.0651],[-2.49399,43.06513],[-2.49401,43.06516],[-2.49404,43.06518],[-2.49408,43.06519],[-2.49412,43.0652],[-2.49413,43.0652],[-2.49416,43.0652],[-2.4942,43.06519],[-2.49424,43.06518],[-2.49427,43.06516],[-2.49429,43.06513],[-2.49431,43.06511],[-2.49431,43.06508],[-2.49431,43.06505]]}},{"type":"Feature","properties":{"id":28119576,"highway":"tertiary","nombre":"Zarugalde kalea","oneway":"yes"},"geometry":{"type":"LineString","coordinates":[[-2.49431,43.06511],[-2.49444,43.06503],[-2.4946,43.06494]]}},{"type":"Feature","properties":{"id":28119577,"highway":"tertiary","nombre":"Zarugalde kalea","oneway":"yes"},"geometry":{"type":"LineString","coordinates":[[-2.4946,43.06494],[-2.49444,43.06497],[-2.49433,43.06499],[-2.49427,43.06499]]}},{"type":"Feature","properties":{"id":28119585,"highway":"residential","nombre":"Aragoa","oneway":"yes"},"geometry":{"type":"LineString","coordinates":[[-2.49565,43.06407],[-2.49557,43.06405],[-2.49549,43.06403],[-2.49524,43.064],[-2.49515,43.06398],[-2.4951,43.06396],[-2.49507,43.0639],[-2.49504,43.06351],[-2.49509,43.06351],[-2.49517,43.06351],[-2.49517,43.06331],[-2.49521,43.06327],[-2.49581,43.06324],[-2.49594,43.06324],[-2.49596,43.06324]]}},{"type":"Feature","properties":{"id":28119588,"highway":"residential","nombre":"Zarugalde kalea","oneway":"yes"},"geometry":{"type":"LineString","coordinates":[[-2.49154,43.0663],[-2.49175,43.0662],[-2.49207,43.06607],[-2.49211,43.06605],[-2.49244,43.06591],[-2.49296,43.0657],[-2.49327,43.06557],[-2.4939,43.06533],[-2.49403,43.06526],[-2.49412,43.0652]]}},{"type":"Feature","properties":{"id":28291649,"highway":"tertiary","nombre":"Uribarri etorbidea"},"geometry":{"type":"LineString","coordinates":[[-2.49628,43.06316],[-2.49631,43.06315],[-2.49643,43.06311],[-2.49696,43.06291],[-2.49719,43.06283],[-2.49756,43.06269],[-2.4976,43.06267],[-2.49768,43.06264],[-2.49798,43.06254],[-2.49804,43.06251],[-2.4981,43.0625],[-2.49822,43.06246],[-2.49874,43.06234],[-2.49891,43.0623],[-2.49919,43.06223],[-2.49927,43.06221],[-2.49947,43.06216]]}},{"type":"Feature","properties":{"id":28291837,"highway":"pedestrian","nombre":"Uribe kalea"},"geometry":{"type":"LineString","coordinates":[[-2.50169,43.06201],[-2.50169,43.06197],[-2.50168,43.06193],[-2.50168,43.06189],[-2.50167,43.06185],[-2.50162,43.06137],[-2.50161,43.06131]]}},{"type":"Feature","properties":{"id":30991559,"highway":"residential","nombre":"Doctor Bañez kalea","oneway":"yes"},"geometry":{"type":"LineString","coordinates":[[-2.49347,43.06147],[-2.49338,43.06157],[-2.49282,43.06223],[-2.49254,43.06253]]}},{"type":"Feature","properties":{"id":30991745,"highway":"residential","nombre":"Jose Maria Arizmendiarrieta pasealekua","oneway":"yes"},"geometry":{"type":"LineString","coordinates":[[-2.49872,43.05955],[-2.49861,43.0595],[-2.49853,43.05948],[-2.49842,43.05947],[-2.49826,43.05949],[-2.49811,43.05951],[-2.49781,43.05955],[-2.49773,43.05959],[-2.49761,43.05969],[-2.49747,43.05981],[-2.49738,43.05987],[-2.49725,43.05992],[-2.4969,43.06003],[-2.49666,43.06009],[-2.49636,43.06018],[-2.49615,43.06025],[-2.49606,43.0603],[-2.49603,43.06034],[-2.496,43.0604],[-2.49602,43.06047],[-2.49609,43.06055],[-2.49618,43.06059],[-2.49627,43.06059],[-2.49639,43.06056],[-2.49652,43.06052],[-2.49714,43.06032],[-2.4975,43.06019],[-2.49773,43.06012],[-2.49783,43.06011],[-2.49796,43.06011],[-2.49808,43.06015],[-2.49814,43.06021],[-2.49815,43.06029],[-2.49812,43.06034],[-2.49806,43.06039],[-2.49803,43.06041]]}},{"type":"Feature","properties":{"id":30991747,"highway":"residential","nombre":"Jose Maria Arizmendiarrieta pasealekua","oneway":"yes"},"geometry":{"type":"LineString","coordinates":[[-2.49815,43.06029],[-2.4982,43.06031],[-2.49828,43.06034],[-2.49834,43.06035]]}},{"type":"Feature","properties":{"id":30991748,"highway":"residential","oneway":"yes"},"geometry":{"type":"LineString","coordinates":[[-2.49888,43.0594],[-2.49864,43.05941],[-2.49855,43.05943],[-2.49853,43.05943],[-2.49842,43.05947]]}},{"type":"Feature","properties":{"id":30991749,"highway":"service"},"geometry":{"type":"LineString","coordinates":[[-2.50014,43.05997],[-2.50025,43.05996],[-2.50127,43.05982],[-2.50143,43.05981],[-2.50189,43.05979]]}},{"type":"Feature","properties":{"id":30991750,"highway":"track","superficie":"dirt"},"geometry":{"type":"LineString","coordinates":[[-2.50189,43.05979],[-2.50229,43.05975],[-2.50258,43.05977],[-2.50286,43.0598],[-2.50319,43.05983],[-2.50356,43.05978]]}},{"type":"Feature","properties":{"id":34815125,"highway":"motorway","nombre":"Iparraldeko autobidea","izena_eu":"Iparraldeko autobidea","nombre_es":"Autopista Vitoria/Gasteiz-Irun por Eibar","ref":"AP-1","oneway":"yes","tunel":"yes","superficie":"asphalt"},"geometry":{"type":"LineString","coordinates":[[-2.48197,43.05989],[-2.48446,43.05865],[-2.48549,43.0581],[-2.48642,43.05756],[-2.48723,43.05704],[-2.48812,43.05638],[-2.48874,43.05587]]}},{"type":"Feature","properties":{"id":34815126,"highway":"motorway","nombre":"Iparraldeko autobidea","izena_eu":"Iparraldeko autobidea","nombre_es":"Autopista Vitoria/Gasteiz-Irun por Eibar","ref":"AP-1","oneway":"yes","superficie":"asphalt"},"geometry":{"type":"LineString","coordinates":[[-2.48874,43.05587],[-2.48937,43.05529],[-2.48985,43.05479],[-2.49018,43.05442],[-2.49084,43.05363],[-2.49177,43.05247],[-2.4926,43.05147],[-2.49301,43.05103],[-2.49343,43.05063],[-2.49377,43.05034],[-2.49428,43.04991],[-2.49528,43.04914]]}},{"type":"Feature","properties":{"id":34815485,"highway":"motorway","nombre":"Iparraldeko autobidea","izena_eu":"Iparraldeko autobidea","nombre_es":"Autopista Vitoria/Gasteiz-Irun por Eibar","ref":"AP-1","oneway":"yes","tunel":"yes","superficie":"asphalt"},"geometry":{"type":"LineString","coordinates":[[-2.48866,43.05565],[-2.48762,43.05646],[-2.48646,43.05726],[-2.48543,43.05791],[-2.48437,43.05846],[-2.48186,43.05972]]}},{"type":"Feature","properties":{"id":34815488,"highway":"motorway","nombre":"Gasteiz-Eibar autobidea","izena_eu":"Gasteiz-Eibar autobidea","nombre_es":"Autopista Vitoria/Gasteiz-Irun por Eibar","ref":"AP-1","oneway":"yes","superficie":"asphalt"},"geometry":{"type":"LineString","coordinates":[[-2.49517,43.04909],[-2.49512,43.04913],[-2.49407,43.04993],[-2.49364,43.05027],[-2.49328,43.05058],[-2.49287,43.05096],[-2.49242,43.05142],[-2.49194,43.05195],[-2.49167,43.05229],[-2.49051,43.05367],[-2.48966,43.05466],[-2.48913,43.0552],[-2.48866,43.05565]]}},{"type":"Feature","properties":{"id":34826410,"highway":"motorway_link","oneway":"yes","superficie":"asphalt"},"geometry":{"type":"LineString","coordinates":[[-2.46964,43.07143],[-2.46937,43.07144],[-2.46912,43.07145],[-2.46893,43.07142],[-2.46876,43.07137],[-2.46861,43.07131],[-2.46847,43.07122],[-2.46826,43.07106],[-2.46815,43.07097],[-2.46798,43.07087],[-2.46783,43.07082],[-2.46769,43.07079],[-2.46755,43.07079],[-2.4674,43.07081],[-2.46729,43.07084],[-2.46719,43.07089],[-2.4671,43.07095],[-2.46703,43.07103],[-2.46698,43.07112],[-2.46694,43.07121],[-2.46693,43.07129],[-2.46691,43.07157],[-2.4669,43.07187]]}},{"type":"Feature","properties":{"id":37728845,"highway":"service","oneway":"yes"},"geometry":{"type":"LineString","coordinates":[[-2.49615,43.06139],[-2.49629,43.06148],[-2.49641,43.06151],[-2.49644,43.06156],[-2.49653,43.06205],[-2.49652,43.06207],[-2.49652,43.06209],[-2.49644,43.06213],[-2.49634,43.06223],[-2.49626,43.06225]]}},{"type":"Feature","properties":{"id":37728846,"highway":"footway"},"geometry":{"type":"LineString","coordinates":[[-2.49641,43.06151],[-2.49683,43.06148]]}},{"type":"Feature","properties":{"id":37728847,"highway":"footway"},"geometry":{"type":"LineString","coordinates":[[-2.49683,43.06148],[-2.49681,43.06138],[-2.4972,43.06134],[-2.49722,43.06146],[-2.49722,43.0615],[-2.4972,43.06153],[-2.4973,43.06206],[-2.49691,43.0621],[-2.4969,43.06203],[-2.49685,43.06174],[-2.49687,43.06165],[-2.49683,43.06148]]}},{"type":"Feature","properties":{"id":37728848,"highway":"footway"},"geometry":{"type":"LineString","coordinates":[[-2.49652,43.06207],[-2.4969,43.06203]]}},{"type":"Feature","properties":{"id":37731486,"highway":"footway"},"geometry":{"type":"LineString","coordinates":[[-2.49836,43.06093],[-2.49835,43.061],[-2.49837,43.06115],[-2.4984,43.06133],[-2.49722,43.06146]]}},{"type":"Feature","properties":{"id":44136711,"highway":"tertiary","nombre":"Arrasate pasealekua","oneway":"no"},"geometry":{"type":"LineString","coordinates":[[-2.49587,43.06304],[-2.49598,43.06312],[-2.496,43.06313]]}},{"type":"Feature","properties":{"id":44136712,"highway":"living_street","nombre":"Arrasate pasealekua","oneway":"no","puente":"yes"},"geometry":{"type":"LineString","coordinates":[[-2.49571,43.0629],[-2.49584,43.06301],[-2.49587,43.06304]]}},{"type":"Feature","properties":{"id":44136742,"highway":"residential","nombre":"Nafarroa etorbidea","oneway":"yes"},"geometry":{"type":"LineString","coordinates":[[-2.49081,43.06378],[-2.49073,43.06379],[-2.49038,43.06387],[-2.49024,43.06392]]}},{"type":"Feature","properties":{"id":44365284,"highway":"footway"},"geometry":{"type":"LineString","coordinates":[[-2.5204,43.06876],[-2.52031,43.06879],[-2.52021,43.06885],[-2.52013,43.0689],[-2.52004,43.06897],[-2.51995,43.06904],[-2.51986,43.06908],[-2.51979,43.06911],[-2.51961,43.06913],[-2.51949,43.06914],[-2.51941,43.06913],[-2.51924,43.06907],[-2.51919,43.06905],[-2.51883,43.06893],[-2.5186,43.06882],[-2.51842,43.06868],[-2.51831,43.0685],[-2.5182,43.0683],[-2.51805,43.06807],[-2.51779,43.06783],[-2.51758,43.06765],[-2.51729,43.06746],[-2.51701,43.06732],[-2.51677,43.06724],[-2.51652,43.0672],[-2.51624,43.06717],[-2.51588,43.06714],[-2.51582,43.06713],[-2.51579,43.06709],[-2.51574,43.06712],[-2.51568,43.06715],[-2.51561,43.06719],[-2.51541,43.06713],[-2.51523,43.06707],[-2.51516,43.06705]]}},{"type":"Feature","properties":{"id":44365288,"highway":"residential","oneway":"no"},"geometry":{"type":"LineString","coordinates":[[-2.49627,43.06328],[-2.4963,43.06329],[-2.49637,43.06332],[-2.49643,43.06335],[-2.4965,43.06338],[-2.4967,43.06346],[-2.49683,43.06351],[-2.49697,43.06352],[-2.49731,43.06351],[-2.49744,43.06351],[-2.49767,43.0635],[-2.49778,43.06347],[-2.49857,43.063],[-2.49871,43.06292],[-2.49873,43.06291],[-2.49882,43.06289],[-2.49888,43.06288],[-2.49892,43.06289]]}},{"type":"Feature","properties":{"id":44447305,"highway":"living_street","nombre":"Maalako errebala","oneway":"yes","superficie":"paving_stones"},"geometry":{"type":"LineString","coordinates":[[-2.48689,43.06597],[-2.48697,43.06595],[-2.4871,43.06596],[-2.48712,43.06596],[-2.48746,43.06598],[-2.48784,43.06602],[-2.48789,43.06602],[-2.48829,43.06608],[-2.4884,43.06609],[-2.48866,43.06614],[-2.48872,43.06615],[-2.48874,43.06616],[-2.48899,43.06623],[-2.48913,43.06626]]}},{"type":"Feature","properties":{"id":44850136,"highway":"service"},"geometry":{"type":"LineString","coordinates":[[-2.49551,43.09004],[-2.49551,43.09007],[-2.49547,43.09013],[-2.49533,43.09033],[-2.49523,43.09053],[-2.49508,43.09053],[-2.49518,43.08999]]}},{"type":"Feature","properties":{"id":44860350,"highway":"trunk","nombre":"Beasain - Durango","ref":"N-636","oneway":"yes"},"geometry":{"type":"LineString","coordinates":[[-2.49377,43.09258],[-2.49385,43.09239],[-2.49403,43.09195],[-2.49407,43.09179]]}},{"type":"Feature","properties":{"id":44860351,"highway":"trunk","nombre":"Beasain - Durango","ref":"N-636"},"geometry":{"type":"LineString","coordinates":[[-2.49407,43.09179],[-2.49476,43.09006],[-2.49484,43.08989],[-2.49495,43.08971],[-2.49504,43.08959],[-2.49515,43.08952],[-2.49531,43.08943],[-2.4955,43.08936],[-2.49572,43.08932],[-2.496,43.08929]]}},{"type":"Feature","properties":{"id":44860352,"highway":"trunk","nombre":"Beasain - Durango","ref":"N-636","oneway":"yes"},"geometry":{"type":"LineString","coordinates":[[-2.49407,43.09179],[-2.49383,43.09221],[-2.49368,43.09241],[-2.49352,43.09257],[-2.49347,43.09261]]}},{"type":"Feature","properties":{"id":45061783,"highway":"residential","nombre":"Gazteluondo kalea"},"geometry":{"type":"LineString","coordinates":[[-2.49385,43.06289],[-2.49383,43.06298],[-2.49369,43.06307],[-2.49362,43.0631],[-2.49349,43.06314],[-2.49333,43.0632],[-2.49307,43.06327],[-2.49281,43.06338],[-2.49246,43.0635],[-2.49237,43.06356],[-2.4923,43.06364],[-2.49227,43.06369],[-2.4922,43.06391],[-2.49214,43.06408],[-2.49206,43.06428],[-2.49204,43.0644],[-2.49202,43.0645],[-2.492,43.06468],[-2.49199,43.06484],[-2.49197,43.06488],[-2.49194,43.06495],[-2.49193,43.06499],[-2.49195,43.06503],[-2.49202,43.06512],[-2.49204,43.06518],[-2.49204,43.06526],[-2.49201,43.06535],[-2.49212,43.06545],[-2.49215,43.0655]]}},{"type":"Feature","properties":{"id":45062631,"highway":"residential","nombre":"Arrasate pasealekua","oneway":"no","superficie":"asphalt"},"geometry":{"type":"LineString","coordinates":[[-2.49425,43.06248],[-2.49387,43.06287],[-2.49385,43.06289],[-2.49374,43.06294]]}},{"type":"Feature","properties":{"id":45062632,"highway":"residential"},"geometry":{"type":"LineString","coordinates":[[-2.49033,43.065],[-2.49032,43.06496],[-2.4903,43.06491],[-2.49031,43.0646],[-2.49029,43.06454]]}},{"type":"Feature","properties":{"id":45066537,"highway":"tertiary","oneway":"yes"},"geometry":{"type":"LineString","coordinates":[[-2.47291,43.0709],[-2.47305,43.07085],[-2.47312,43.07083],[-2.47318,43.07082],[-2.47324,43.07081]]}},{"type":"Feature","properties":{"id":45066538,"highway":"tertiary","nombre":"Gipuzkoa etorbidea"},"geometry":{"type":"LineString","coordinates":[[-2.47324,43.07081],[-2.4733,43.07083],[-2.47341,43.07082],[-2.47348,43.0708],[-2.47351,43.07077],[-2.47353,43.07075],[-2.47355,43.07069],[-2.47354,43.07063],[-2.47349,43.07057]]}},{"type":"Feature","properties":{"id":45067037,"highway":"residential","nombre":"Mondragones kalea","izena_eu":"Mondragones kalea","nombre_es":"Calle de Mondragones","oneway":"yes"},"geometry":{"type":"LineString","coordinates":[[-2.48844,43.06648],[-2.48839,43.06643],[-2.48837,43.06639],[-2.48832,43.06635],[-2.48828,43.06634],[-2.48821,43.06632],[-2.48793,43.06628],[-2.48767,43.06623],[-2.48732,43.06621],[-2.48725,43.06621],[-2.48713,43.06627],[-2.48706,43.06631]]}},{"type":"Feature","properties":{"id":45084349,"highway":"residential","nombre":"Azeri kalea","superficie":"asphalt"},"geometry":{"type":"LineString","coordinates":[[-2.49536,43.05851],[-2.49532,43.05851]]}},{"type":"Feature","properties":{"id":45085171,"highway":"footway"},"geometry":{"type":"LineString","coordinates":[[-2.49428,43.06476],[-2.49462,43.06418],[-2.49438,43.06427],[-2.49413,43.06436],[-2.49399,43.06442],[-2.49389,43.06447],[-2.49382,43.0645],[-2.49384,43.06435],[-2.49383,43.06428],[-2.4938,43.0642],[-2.49377,43.06413],[-2.49371,43.06407]]}},{"type":"Feature","properties":{"id":45085172,"highway":"footway"},"geometry":{"type":"LineString","coordinates":[[-2.49428,43.06476],[-2.49412,43.0648],[-2.4936,43.06499],[-2.49344,43.06502],[-2.49301,43.06501],[-2.49269,43.06503],[-2.49273,43.06497],[-2.49282,43.06491],[-2.49298,43.06489],[-2.49321,43.06476],[-2.49337,43.06465],[-2.49348,43.06458],[-2.49363,43.06442],[-2.49371,43.06429],[-2.49371,43.06407]]}},{"type":"Feature","properties":{"id":45085173,"highway":"footway"},"geometry":{"type":"LineString","coordinates":[[-2.49438,43.06427],[-2.49443,43.06422],[-2.49446,43.06416],[-2.49445,43.06405],[-2.49438,43.06399],[-2.49421,43.06387],[-2.49412,43.06383],[-2.49407,43.06381],[-2.49401,43.0638],[-2.49396,43.06364],[-2.49395,43.06357],[-2.49397,43.06355],[-2.49402,43.06356],[-2.4943,43.06368],[-2.49434,43.0637]]}},{"type":"Feature","properties":{"id":45085209,"highway":"footway"},"geometry":{"type":"LineString","coordinates":[[-2.49362,43.0631],[-2.49363,43.06315],[-2.49363,43.06321],[-2.49307,43.06348],[-2.49301,43.06351],[-2.49276,43.06361],[-2.49255,43.06369],[-2.49241,43.06383],[-2.49239,43.06385]]}},{"type":"Feature","properties":{"id":45085210,"highway":"footway"},"geometry":{"type":"LineString","coordinates":[[-2.49239,43.06385],[-2.49255,43.06392],[-2.49266,43.06386],[-2.49267,43.0638],[-2.4927,43.06373],[-2.493,43.06359]]}},{"type":"Feature","properties":{"id":45085476,"highway":"footway"},"geometry":{"type":"LineString","coordinates":[[-2.49434,43.0637],[-2.49434,43.06354],[-2.49438,43.06353],[-2.4944,43.06353],[-2.49451,43.06354],[-2.49473,43.06355]]}},{"type":"Feature","properties":{"id":45085478,"highway":"footway"},"geometry":{"type":"LineString","coordinates":[[-2.49462,43.06315],[-2.49459,43.06317],[-2.49453,43.0632],[-2.4944,43.06322]]}},{"type":"Feature","properties":{"id":45085479,"highway":"footway"},"geometry":{"type":"LineString","coordinates":[[-2.49471,43.06332],[-2.49463,43.06333],[-2.49457,43.06334],[-2.49449,43.06331],[-2.49443,43.0633],[-2.4944,43.0633]]}},{"type":"Feature","properties":{"id":45085480,"highway":"footway"},"geometry":{"type":"LineString","coordinates":[[-2.49474,43.06319],[-2.49462,43.06315],[-2.49455,43.06311],[-2.49452,43.06309],[-2.49447,43.06304],[-2.4944,43.06297]]}},{"type":"Feature","properties":{"id":45085481,"highway":"footway"},"geometry":{"type":"LineString","coordinates":[[-2.49463,43.06304],[-2.49462,43.06308],[-2.49455,43.06311]]}},{"type":"Feature","properties":{"id":45085482,"highway":"footway"},"geometry":{"type":"LineString","coordinates":[[-2.49441,43.06336],[-2.4943,43.06336]]}},{"type":"Feature","properties":{"id":45085483,"highway":"footway"},"geometry":{"type":"LineString","coordinates":[[-2.4944,43.06353],[-2.49441,43.06336],[-2.4944,43.0633],[-2.4944,43.06326],[-2.4944,43.06322],[-2.4944,43.06307],[-2.49439,43.06297],[-2.4944,43.06297],[-2.49442,43.06294],[-2.49449,43.06296],[-2.49459,43.06303],[-2.49463,43.06304],[-2.49467,43.063]]}},{"type":"Feature","properties":{"id":45085484,"highway":"footway"},"geometry":{"type":"LineString","coordinates":[[-2.4943,43.06336],[-2.49424,43.06331],[-2.49422,43.06326],[-2.49425,43.0632],[-2.4943,43.06319],[-2.4944,43.06326]]}},{"type":"Feature","properties":{"id":45085485,"highway":"footway"},"geometry":{"type":"LineString","coordinates":[[-2.49413,43.0635],[-2.49422,43.06352],[-2.49429,43.06354],[-2.49434,43.06354],[-2.49434,43.06347],[-2.4943,43.06336]]}},{"type":"Feature","properties":{"id":45085527,"highway":"residential","nombre":"Zerkaosteta kalea","oneway":"yes"},"geometry":{"type":"LineString","coordinates":[[-2.49071,43.06486],[-2.49101,43.06474],[-2.4911,43.06471]]}},{"type":"Feature","properties":{"id":45085571,"highway":"footway"},"geometry":{"type":"LineString","coordinates":[[-2.49371,43.06407],[-2.49374,43.06403],[-2.49376,43.06398],[-2.49364,43.06386],[-2.49351,43.0637],[-2.4935,43.06362],[-2.49346,43.0636],[-2.49337,43.06368],[-2.49332,43.06374]]}},{"type":"Feature","properties":{"id":45085572,"highway":"footway"},"geometry":{"type":"LineString","coordinates":[[-2.49371,43.06407],[-2.49359,43.06402],[-2.49351,43.06395],[-2.49332,43.06374],[-2.49327,43.06369],[-2.4932,43.06364],[-2.49312,43.06359],[-2.49315,43.06352],[-2.49324,43.06352],[-2.49331,43.06354],[-2.49333,43.06358],[-2.49328,43.06362],[-2.4932,43.06364]]}},{"type":"Feature","properties":{"id":45085573,"highway":"footway"},"geometry":{"type":"LineString","coordinates":[[-2.49312,43.06359],[-2.493,43.06359]]}},{"type":"Feature","properties":{"id":45085574,"highway":"footway"},"geometry":{"type":"LineString","coordinates":[[-2.49315,43.06352],[-2.49307,43.06348]]}},{"type":"Feature","properties":{"id":45086133,"highway":"residential","nombre":"Aprendices kalea","oneway":"no"},"geometry":{"type":"LineString","coordinates":[[-2.48529,43.0638],[-2.48531,43.06376],[-2.48533,43.06369],[-2.48547,43.06321],[-2.48553,43.06298],[-2.48555,43.06291],[-2.48558,43.06285],[-2.48565,43.06276]]}},{"type":"Feature","properties":{"id":45086186,"highway":"unclassified","oneway":"yes","superficie":"asphalt"},"geometry":{"type":"LineString","coordinates":[[-2.47744,43.06444],[-2.4774,43.06447],[-2.47738,43.06448],[-2.47733,43.06455],[-2.47719,43.06494],[-2.47711,43.06525],[-2.47707,43.06548]]}},{"type":"Feature","properties":{"id":45086187,"highway":"unclassified","oneway":"yes","superficie":"asphalt"},"geometry":{"type":"LineString","coordinates":[[-2.47707,43.06548],[-2.47738,43.06516],[-2.47778,43.06466],[-2.47783,43.06463]]}},{"type":"Feature","properties":{"id":45086188,"highway":"residential","nombre":"Nafarroa Etorbidea","superficie":"asphalt"},"geometry":{"type":"LineString","coordinates":[[-2.47904,43.06323],[-2.47886,43.0633],[-2.47876,43.06337],[-2.47866,43.06347],[-2.47817,43.06414],[-2.47789,43.0645]]}},{"type":"Feature","properties":{"id":45086189,"highway":"unclassified"},"geometry":{"type":"LineString","coordinates":[[-2.47776,43.06454],[-2.47744,43.06444]]}},{"type":"Feature","properties":{"id":45086190,"highway":"residential"},"geometry":{"type":"LineString","coordinates":[[-2.47832,43.0647],[-2.47826,43.06468],[-2.4782,43.06467]]}},{"type":"Feature","properties":{"id":45086191,"highway":"residential","puente":"yes"},"geometry":{"type":"LineString","coordinates":[[-2.4782,43.06467],[-2.47799,43.0646]]}},{"type":"Feature","properties":{"id":45086193,"highway":"residential","oneway":"yes"},"geometry":{"type":"LineString","coordinates":[[-2.47883,43.06309],[-2.47849,43.06321],[-2.47829,43.06333],[-2.47812,43.06347],[-2.47797,43.06361],[-2.47784,43.06379],[-2.47772,43.06395],[-2.47762,43.06404],[-2.47748,43.06413],[-2.47738,43.06418],[-2.47734,43.06426],[-2.47735,43.06434],[-2.47738,43.06438],[-2.47739,43.0644],[-2.47744,43.06444]]}},{"type":"Feature","properties":{"id":45086594,"highway":"residential","nombre":"Etxetxikiak kalea","puente":"yes"},"geometry":{"type":"LineString","coordinates":[[-2.48533,43.06423],[-2.48534,43.06439]]}},{"type":"Feature","properties":{"id":45086630,"highway":"residential","nombre":"Etxetxikiak kalea","oneway":"yes"},"geometry":{"type":"LineString","coordinates":[[-2.4855,43.06576],[-2.48544,43.06569],[-2.48543,43.06562],[-2.48543,43.06537]]}},{"type":"Feature","properties":{"id":45097034,"highway":"footway"},"geometry":{"type":"LineString","coordinates":[[-2.49315,43.06407],[-2.49324,43.06414],[-2.49329,43.06421],[-2.4933,43.0643],[-2.49327,43.06439],[-2.49319,43.06446],[-2.49301,43.06454],[-2.49289,43.06453]]}},{"type":"Feature","properties":{"id":45097035,"highway":"footway"},"geometry":{"type":"LineString","coordinates":[[-2.49298,43.06407],[-2.49305,43.06407],[-2.49312,43.06411],[-2.49323,43.06419],[-2.4933,43.0643]]}},{"type":"Feature","properties":{"id":45097036,"highway":"footway"},"geometry":{"type":"LineString","coordinates":[[-2.49304,43.0641],[-2.49312,43.06415],[-2.49323,43.06423],[-2.49326,43.06432],[-2.49327,43.06439]]}},{"type":"Feature","properties":{"id":45097037,"highway":"footway"},"geometry":{"type":"LineString","coordinates":[[-2.493,43.06414],[-2.49309,43.06416],[-2.49316,43.06422],[-2.4932,43.0643],[-2.4932,43.06434],[-2.49318,43.06437],[-2.49314,43.06441],[-2.4931,43.06445],[-2.49304,43.06447],[-2.49295,43.06447],[-2.4929,43.06446],[-2.49283,43.06444],[-2.49279,43.06441],[-2.49277,43.06437],[-2.49276,43.06431],[-2.49277,43.06425],[-2.49282,43.06421],[-2.49288,43.06417],[-2.49295,43.06415],[-2.493,43.06414]]}},{"type":"Feature","properties":{"id":45097038,"highway":"footway"},"geometry":{"type":"LineString","coordinates":[[-2.49314,43.06441],[-2.49319,43.06446]]}},{"type":"Feature","properties":{"id":45097039,"highway":"footway"},"geometry":{"type":"LineString","coordinates":[[-2.49298,43.06407],[-2.49295,43.06398],[-2.49295,43.06386],[-2.49297,43.06381],[-2.49298,43.06378],[-2.49301,43.06373],[-2.49309,43.06373],[-2.49319,43.06376],[-2.49331,43.06382],[-2.49339,43.06392],[-2.49351,43.06399],[-2.49359,43.06402],[-2.49362,43.06411],[-2.49362,43.0642],[-2.49355,43.06433],[-2.49336,43.06452],[-2.49326,43.06463],[-2.49311,43.06468],[-2.4929,43.06471],[-2.49277,43.0647],[-2.49266,43.06465],[-2.4926,43.06458],[-2.49261,43.06453],[-2.4926,43.06448]]}},{"type":"Feature","properties":{"id":45097809,"highway":"pedestrian","nombre":"Zurgin kantoia"},"geometry":{"type":"LineString","coordinates":[[-2.49077,43.06561],[-2.49087,43.06573],[-2.49106,43.06593],[-2.49124,43.06617],[-2.49125,43.06619]]}},{"type":"Feature","properties":{"id":45097810,"highway":"pedestrian","nombre":"Olarte kantoia"},"geometry":{"type":"LineString","coordinates":[[-2.49013,43.06592],[-2.49014,43.06594],[-2.49037,43.06625],[-2.49054,43.06648]]}},{"type":"Feature","properties":{"id":45099282,"highway":"residential","nombre":"Deba etorbidea","oneway":"no"},"geometry":{"type":"LineString","coordinates":[[-2.48416,43.06465],[-2.48365,43.06475],[-2.48347,43.06478],[-2.48319,43.06483],[-2.48311,43.06486],[-2.48302,43.06492]]}},{"type":"Feature","properties":{"id":45099283,"highway":"residential","nombre":"Euskal Herria plaza","oneway":"yes","superficie":"asphalt"},"geometry":{"type":"LineString","coordinates":[[-2.48426,43.0647],[-2.48427,43.06473],[-2.4843,43.06483],[-2.48434,43.06494],[-2.48437,43.06498],[-2.48444,43.06501],[-2.48455,43.06502],[-2.48522,43.06501],[-2.48532,43.06501],[-2.48536,43.06501]]}},{"type":"Feature","properties":{"id":45099285,"highway":"tertiary","nombre":"Gipuzkoa etorbidea","superficie":"asphalt"},"geometry":{"type":"LineString","coordinates":[[-2.48298,43.06561],[-2.48296,43.0656],[-2.48289,43.0656],[-2.48236,43.06556],[-2.48216,43.06556],[-2.48189,43.06557],[-2.48163,43.06559],[-2.48149,43.06561],[-2.4814,43.06563],[-2.48118,43.06568],[-2.48045,43.06589],[-2.48029,43.06594],[-2.48005,43.06602],[-2.47995,43.06606],[-2.47979,43.06615],[-2.47977,43.06617]]}},{"type":"Feature","properties":{"id":45099286,"highway":"tertiary","superficie":"asphalt"},"geometry":{"type":"LineString","coordinates":[[-2.48322,43.06561],[-2.48323,43.06559],[-2.48322,43.06556],[-2.4832,43.06553],[-2.48317,43.06552],[-2.48313,43.06551],[-2.48309,43.0655],[-2.48306,43.06551],[-2.48302,43.06553],[-2.483,43.06555],[-2.48298,43.06558],[-2.48298,43.06561]]}},{"type":"Feature","properties":{"id":45099824,"highway":"residential","nombre":"Leintzibar kalea","oneway":"yes"},"geometry":{"type":"LineString","coordinates":[[-2.49247,43.0611],[-2.49254,43.06107],[-2.49258,43.06106],[-2.49264,43.06109],[-2.49279,43.06116],[-2.4929,43.06122],[-2.49336,43.06143],[-2.49347,43.06147]]}},{"type":"Feature","properties":{"id":45099826,"highway":"service","nombre":"Gudarien plaza"},"geometry":{"type":"LineString","coordinates":[[-2.4934,43.06088],[-2.49332,43.06084],[-2.49317,43.06077],[-2.49301,43.06094],[-2.49324,43.06105],[-2.4934,43.06088]]}},{"type":"Feature","properties":{"id":45099827,"highway":"residential","nombre":"Maisu Guridi kalea","oneway":"yes"},"geometry":{"type":"LineString","coordinates":[[-2.49302,43.06048],[-2.49306,43.06046],[-2.4931,43.06045],[-2.49315,43.06045],[-2.4935,43.06063],[-2.4939,43.06083],[-2.49397,43.06086]]}},{"type":"Feature","properties":{"id":45099828,"highway":"residential"},"geometry":{"type":"LineString","coordinates":[[-2.4935,43.06063],[-2.49346,43.06068],[-2.49336,43.06079],[-2.49332,43.06084]]}},{"type":"Feature","properties":{"id":45099830,"highway":"residential","nombre":"Andaluzia kalea","oneway":"yes"},"geometry":{"type":"LineString","coordinates":[[-2.49416,43.06065],[-2.4941,43.06062],[-2.49328,43.06021],[-2.49311,43.06012]]}},{"type":"Feature","properties":{"id":45099831,"highway":"residential","nombre":"Navas de Tolosa kalea","oneway":"yes"},"geometry":{"type":"LineString","coordinates":[[-2.49313,43.0599],[-2.4933,43.05998],[-2.49425,43.06045],[-2.4943,43.06048]]}},{"type":"Feature","properties":{"id":45099832,"highway":"residential","nombre":"Aramaio kalea","oneway":"yes"},"geometry":{"type":"LineString","coordinates":[[-2.49451,43.06034],[-2.49447,43.0603],[-2.49441,43.06024],[-2.49431,43.06017],[-2.49349,43.05977],[-2.49342,43.05973],[-2.49334,43.05971]]}},{"type":"Feature","properties":{"id":45099833,"highway":"residential"},"geometry":{"type":"LineString","coordinates":[[-2.49449,43.05997],[-2.49431,43.06017]]}},{"type":"Feature","properties":{"id":45099918,"highway":"residential","oneway":"yes"},"geometry":{"type":"LineString","coordinates":[[-2.49366,43.06123],[-2.49373,43.06127],[-2.49409,43.06144],[-2.49416,43.06148]]}},{"type":"Feature","properties":{"id":45100121,"highway":"residential"},"geometry":{"type":"LineString","coordinates":[[-2.49892,43.06289],[-2.49896,43.06289],[-2.49901,43.0629],[-2.49908,43.06293],[-2.49912,43.06298],[-2.49919,43.06307],[-2.4992,43.06313],[-2.4992,43.06317],[-2.49919,43.06321],[-2.49916,43.06324],[-2.49905,43.06338],[-2.49904,43.06341],[-2.49903,43.06347],[-2.49903,43.06356],[-2.49904,43.06367],[-2.49904,43.06375],[-2.49904,43.06379],[-2.49904,43.06383],[-2.49906,43.06399],[-2.49909,43.06426],[-2.4991,43.06447],[-2.49913,43.06479],[-2.49914,43.06488],[-2.49918,43.06522],[-2.49919,43.06533],[-2.49923,43.06553],[-2.49931,43.06573],[-2.49942,43.06588],[-2.49956,43.06599]]}},{"type":"Feature","properties":{"id":45100122,"highway":"residential","nombre":"Kalealdea","oneway":"yes"},"geometry":{"type":"LineString","coordinates":[[-2.49626,43.06426],[-2.49632,43.06427],[-2.49665,43.0643],[-2.49731,43.06436],[-2.49734,43.06436],[-2.49793,43.06442],[-2.49803,43.06442],[-2.49814,43.06438],[-2.49837,43.06424],[-2.49856,43.0641],[-2.49865,43.06401],[-2.49877,43.0638],[-2.49882,43.06375],[-2.49887,43.0637],[-2.49892,43.06368],[-2.49897,43.06367],[-2.49904,43.06367]]}},{"type":"Feature","properties":{"id":45100123,"highway":"residential","nombre":"Larragain kalea"},"geometry":{"type":"LineString","coordinates":[[-2.49571,43.0655],[-2.49576,43.06546],[-2.49624,43.06517],[-2.49635,43.06511],[-2.49653,43.06502],[-2.49665,43.06497],[-2.4968,43.06494],[-2.49691,43.06492],[-2.49702,43.06491],[-2.49718,43.06491],[-2.49725,43.06491],[-2.49825,43.0649],[-2.49889,43.06489],[-2.49901,43.06489],[-2.49914,43.06488]]}},{"type":"Feature","properties":{"id":45100124,"highway":"residential","nombre":"Olaran kalea"},"geometry":{"type":"LineString","coordinates":[[-2.49612,43.06584],[-2.49624,43.06577],[-2.49665,43.06551],[-2.49675,43.06545],[-2.49688,43.0654],[-2.49701,43.06537],[-2.49714,43.06536],[-2.49719,43.06536],[-2.49825,43.06535],[-2.49899,43.06534],[-2.49919,43.06533]]}},{"type":"Feature","properties":{"id":45100125,"highway":"residential","nombre":"Maitena kalea"},"geometry":{"type":"LineString","coordinates":[[-2.49649,43.06619],[-2.49667,43.06608],[-2.49695,43.06591],[-2.49705,43.06585],[-2.49712,43.06582],[-2.4972,43.0658],[-2.49825,43.06579],[-2.49829,43.0658],[-2.49832,43.0658],[-2.49835,43.0658],[-2.49867,43.06591],[-2.49924,43.06608],[-2.49934,43.06609],[-2.49946,43.06605],[-2.49952,43.06602],[-2.49956,43.06599]]}},{"type":"Feature","properties":{"id":45100180,"highway":"tertiary","oneway":"yes"},"geometry":{"type":"LineString","coordinates":[[-2.47313,43.07068],[-2.47303,43.07075],[-2.47291,43.0709]]}},{"type":"Feature","properties":{"id":45100182,"highway":"residential","oneway":"yes"},"geometry":{"type":"LineString","coordinates":[[-2.47253,43.07126],[-2.47267,43.07121],[-2.47278,43.07116],[-2.47285,43.07113],[-2.47314,43.0709],[-2.47322,43.07087],[-2.47326,43.07087],[-2.47335,43.0709]]}},{"type":"Feature","properties":{"id":45100198,"highway":"residential","nombre":"Txaeta kalea","oneway":"no"},"geometry":{"type":"LineString","coordinates":[[-2.48547,43.06321],[-2.48537,43.06319],[-2.48469,43.06308],[-2.48458,43.06307],[-2.48384,43.06296],[-2.48364,43.06292],[-2.48304,43.06283],[-2.48279,43.06279],[-2.4822,43.06271]]}},{"type":"Feature","properties":{"id":45100199,"highway":"tertiary","nombre":"Gipuzkoa etorbidea"},"geometry":{"type":"LineString","coordinates":[[-2.47867,43.06691],[-2.47856,43.06699],[-2.47841,43.06709],[-2.47839,43.06711],[-2.47823,43.06721],[-2.47807,43.06732],[-2.47787,43.06744],[-2.47784,43.06747],[-2.47777,43.06751],[-2.47756,43.06765],[-2.47735,43.0678],[-2.47726,43.06786],[-2.4769,43.06811],[-2.47683,43.06816],[-2.47657,43.06834],[-2.47638,43.0685],[-2.47628,43.06861],[-2.47618,43.06873],[-2.47602,43.06895],[-2.47586,43.06918],[-2.47584,43.0692],[-2.47581,43.06923],[-2.47577,43.06927],[-2.47574,43.06929]]}},{"type":"Feature","properties":{"id":45100201,"highway":"tertiary"},"geometry":{"type":"LineString","coordinates":[[-2.47977,43.06617],[-2.47974,43.06615],[-2.4797,43.06614],[-2.47967,43.06614],[-2.47963,43.06615],[-2.4796,43.06616],[-2.47958,43.06619],[-2.47957,43.06621],[-2.47957,43.06624],[-2.47958,43.06626],[-2.4796,43.06628]]}},{"type":"Feature","properties":{"id":45100338,"highway":"pedestrian","superficie":"asphalt"},"geometry":{"type":"LineString","coordinates":[[-2.47519,43.06951],[-2.47523,43.06955],[-2.47509,43.06961],[-2.47508,43.06983],[-2.47505,43.06991],[-2.47494,43.07001],[-2.47485,43.07006],[-2.47475,43.07013],[-2.4747,43.0702],[-2.47467,43.07027],[-2.47465,43.07036],[-2.47461,43.07042]]}},{"type":"Feature","properties":{"id":45100339,"highway":"pedestrian","superficie":"asphalt"},"geometry":{"type":"LineString","coordinates":[[-2.47439,43.07049],[-2.47432,43.07053],[-2.47427,43.07054],[-2.47418,43.07057],[-2.47411,43.07059],[-2.47395,43.07071],[-2.47384,43.07079],[-2.47367,43.07091],[-2.47355,43.07099],[-2.47348,43.07103]]}},{"type":"Feature","properties":{"id":45100341,"highway":"pedestrian"},"geometry":{"type":"LineString","coordinates":[[-2.47456,43.07058],[-2.47459,43.07066],[-2.47462,43.07071],[-2.47463,43.07076],[-2.47463,43.0708],[-2.47462,43.07095],[-2.47463,43.07097],[-2.47469,43.071]]}},{"type":"Feature","properties":{"id":45100342,"highway":"pedestrian","puente":"yes"},"geometry":{"type":"LineString","coordinates":[[-2.47469,43.071],[-2.47492,43.07108]]}},{"type":"Feature","properties":{"id":45100343,"highway":"pedestrian"},"geometry":{"type":"LineString","coordinates":[[-2.47492,43.07108],[-2.47498,43.07111]]}},{"type":"Feature","properties":{"id":45100585,"highway":"residential","nombre":"Osinaga kalea"},"geometry":{"type":"LineString","coordinates":[[-2.47958,43.06619],[-2.47957,43.06618],[-2.47948,43.06611],[-2.47874,43.06551],[-2.47871,43.06549],[-2.47818,43.06504],[-2.47813,43.065],[-2.47808,43.06497]]}},{"type":"Feature","properties":{"id":45100586,"highway":"residential","nombre":"Etxagibel notarioa kalea"},"geometry":{"type":"LineString","coordinates":[[-2.47832,43.0647],[-2.47825,43.06478],[-2.47808,43.06497],[-2.47749,43.06574],[-2.47747,43.0658],[-2.47745,43.06585],[-2.4775,43.06596],[-2.47768,43.06611],[-2.47823,43.06656],[-2.47841,43.0667],[-2.47855,43.06681],[-2.47863,43.06687],[-2.47867,43.06691]]}},{"type":"Feature","properties":{"id":45100793,"highway":"tertiary","nombre":"Gipuzkoa etorbidea","oneway":"yes"},"geometry":{"type":"LineString","coordinates":[[-2.48647,43.06582],[-2.48634,43.06582],[-2.48615,43.06581]]}},{"type":"Feature","properties":{"id":45100794,"highway":"tertiary","nombre":"Gipuzkoa etorbidea"},"geometry":{"type":"LineString","coordinates":[[-2.48615,43.06581],[-2.4855,43.06576],[-2.4853,43.06574],[-2.48523,43.06574],[-2.48484,43.06571],[-2.48429,43.06568],[-2.48375,43.06565],[-2.48338,43.06562],[-2.48327,43.06562],[-2.48322,43.06561]]}},{"type":"Feature","properties":{"id":45100840,"highway":"pedestrian","nombre":"Biteri etorbidea"},"geometry":{"type":"LineString","coordinates":[[-2.48872,43.06615],[-2.48871,43.06605],[-2.48869,43.06594],[-2.48868,43.06593],[-2.48866,43.06586],[-2.48864,43.06582]]}},{"type":"Feature","properties":{"id":45100983,"highway":"service"},"geometry":{"type":"LineString","coordinates":[[-2.49372,43.06224],[-2.49355,43.06236],[-2.49354,43.06249],[-2.49346,43.06265],[-2.4934,43.06271],[-2.49335,43.06275]]}},{"type":"Feature","properties":{"id":45100984,"highway":"residential","nombre":"Errebuelta kalea","oneway":"no"},"geometry":{"type":"LineString","coordinates":[[-2.49357,43.06195],[-2.49355,43.06196],[-2.49349,43.06198],[-2.49342,43.06203],[-2.49316,43.06231],[-2.49311,43.06237],[-2.49311,43.06241],[-2.49313,43.06247],[-2.493,43.06262]]}},{"type":"Feature","properties":{"id":45100988,"highway":"residential","oneway":"no"},"geometry":{"type":"LineString","coordinates":[[-2.49368,43.06187],[-2.49373,43.0618],[-2.4938,43.06172],[-2.49388,43.06168],[-2.49397,43.06165],[-2.4942,43.06164]]}},{"type":"Feature","properties":{"id":45101182,"highway":"residential","nombre":"Joan Bengoa kalea","oneway":"yes","superficie":"asphalt"},"geometry":{"type":"LineString","coordinates":[[-2.47859,43.06925],[-2.47856,43.0692],[-2.47851,43.06916],[-2.47846,43.06912],[-2.47832,43.06907],[-2.47824,43.06904],[-2.47818,43.06901],[-2.47809,43.06898],[-2.47749,43.06873],[-2.47678,43.06843],[-2.47664,43.06837],[-2.47657,43.06834]]}},{"type":"Feature","properties":{"id":45101183,"highway":"residential","nombre":"Nao de Santiago kalea","oneway":"yes"},"geometry":{"type":"LineString","coordinates":[[-2.47726,43.06786],[-2.47739,43.06792],[-2.4779,43.06813],[-2.47796,43.06816],[-2.47801,43.06817],[-2.47813,43.06822],[-2.47833,43.06831],[-2.47854,43.06839],[-2.47866,43.06843],[-2.47889,43.06852]]}},{"type":"Feature","properties":{"id":45101329,"highway":"pedestrian","nombre":"Etxekostea kalea"},"geometry":{"type":"LineString","coordinates":[[-2.49825,43.06557],[-2.49822,43.06557],[-2.49719,43.06558],[-2.49712,43.06558],[-2.49706,43.06559],[-2.49694,43.06562],[-2.49685,43.06567],[-2.49656,43.06586],[-2.49649,43.0659],[-2.4963,43.06602]]}},{"type":"Feature","properties":{"id":45101330,"highway":"pedestrian","nombre":"Etxekoazpia kalea"},"geometry":{"type":"LineString","coordinates":[[-2.49825,43.06512],[-2.49819,43.06512],[-2.49719,43.06512],[-2.49712,43.06512],[-2.49699,43.06513],[-2.49689,43.06515],[-2.49679,43.06518],[-2.49663,43.06523],[-2.49647,43.06531],[-2.49643,43.06534],[-2.49584,43.06572]]}},{"type":"Feature","properties":{"id":45101598,"highway":"residential","nombre":"Antso Abarka kalea","superficie":"asphalt"},"geometry":{"type":"LineString","coordinates":[[-2.4779,43.06813],[-2.47793,43.0681],[-2.47848,43.06773],[-2.47856,43.06769],[-2.47871,43.06758],[-2.47924,43.06721],[-2.4793,43.06717],[-2.47941,43.06709],[-2.47959,43.06697],[-2.48003,43.06667],[-2.48008,43.06663]]}},{"type":"Feature","properties":{"id":45101599,"highway":"footway"},"geometry":{"type":"LineString","coordinates":[[-2.47866,43.06843],[-2.47868,43.0684],[-2.47858,43.06836],[-2.47898,43.06808],[-2.47901,43.06805],[-2.47907,43.06802],[-2.47945,43.06776],[-2.47944,43.06772],[-2.47942,43.06768],[-2.47939,43.06758],[-2.47931,43.0674],[-2.47924,43.06721],[-2.47905,43.06674],[-2.4791,43.06671]]}},{"type":"Feature","properties":{"id":45101600,"highway":"residential","nombre":"Hondarribia kalea"},"geometry":{"type":"LineString","coordinates":[[-2.48343,43.06773],[-2.48366,43.06783],[-2.48411,43.06806],[-2.48446,43.06825],[-2.4848,43.06843],[-2.48506,43.06857],[-2.48518,43.06862],[-2.48525,43.06865],[-2.48533,43.06865],[-2.48541,43.06864]]}},{"type":"Feature","properties":{"id":45101601,"highway":"residential"},"geometry":{"type":"LineString","coordinates":[[-2.47901,43.06805],[-2.479,43.06804],[-2.47887,43.06794],[-2.47872,43.06782],[-2.47856,43.06769],[-2.47851,43.06765],[-2.47812,43.06736],[-2.47807,43.06732]]}},{"type":"Feature","properties":{"id":45101602,"highway":"residential","nombre":"Uriburu kalea"},"geometry":{"type":"LineString","coordinates":[[-2.4967,43.06346],[-2.49671,43.06345],[-2.49672,43.06343],[-2.49679,43.06332],[-2.49682,43.0633],[-2.49743,43.06312],[-2.49793,43.06281]]}},{"type":"Feature","properties":{"id":45101724,"highway":"pedestrian","nombre":"Elizalde kalea"},"geometry":{"type":"LineString","coordinates":[[-2.49908,43.06293],[-2.49915,43.06294],[-2.49928,43.06295],[-2.49941,43.06297],[-2.49965,43.06297],[-2.49981,43.06297],[-2.50038,43.06297],[-2.50059,43.06297],[-2.50109,43.06296],[-2.50112,43.06296]]}},{"type":"Feature","properties":{"id":45101777,"highway":"residential","nombre":"Udalpe kalea"},"geometry":{"type":"LineString","coordinates":[[-2.4992,43.06313],[-2.49924,43.06317],[-2.49927,43.06319],[-2.49931,43.06321]]}},{"type":"Feature","properties":{"id":45101778,"highway":"residential","nombre":"Udalpe kalea"},"geometry":{"type":"LineString","coordinates":[[-2.50113,43.06325],[-2.50115,43.06328],[-2.50119,43.06331],[-2.50126,43.06331],[-2.50144,43.06332],[-2.50162,43.06335],[-2.50179,43.06337],[-2.50195,43.06341],[-2.50221,43.06351],[-2.50225,43.06353],[-2.50251,43.06364],[-2.50258,43.06366]]}},{"type":"Feature","properties":{"id":45103285,"highway":"residential","nombre":"Oñati kalea","oneway":"yes"},"geometry":{"type":"LineString","coordinates":[[-2.48033,43.06714],[-2.48027,43.06702],[-2.48021,43.06689],[-2.48011,43.06668],[-2.48008,43.06663]]}},{"type":"Feature","properties":{"id":45103286,"highway":"service"},"geometry":{"type":"LineString","coordinates":[[-2.47818,43.06717],[-2.47823,43.06721]]}},{"type":"Feature","properties":{"id":45103300,"highway":"residential","nombre":"Zigarrola kalea","oneway":"yes"},"geometry":{"type":"LineString","coordinates":[[-2.47784,43.06747],[-2.47777,43.06741],[-2.4776,43.06728],[-2.47695,43.06679],[-2.47691,43.06675],[-2.47685,43.06676],[-2.4768,43.06677],[-2.47677,43.06679],[-2.47673,43.06683],[-2.47636,43.06788],[-2.47629,43.06806],[-2.47627,43.06812],[-2.47628,43.06818],[-2.47623,43.06829],[-2.47623,43.06835],[-2.47624,43.06839],[-2.47631,43.06844],[-2.47638,43.0685]]}},{"type":"Feature","properties":{"id":45103301,"highway":"residential","nombre":"Zigarrola kalea","oneway":"yes"},"geometry":{"type":"LineString","coordinates":[[-2.4776,43.06728],[-2.4775,43.06734],[-2.47636,43.06811],[-2.47628,43.06818]]}},{"type":"Feature","properties":{"id":45103313,"highway":"residential","nombre":"Maisu Aranbarri plaza"},"geometry":{"type":"LineString","coordinates":[[-2.48021,43.06689],[-2.48016,43.06692],[-2.47987,43.06712]]}},{"type":"Feature","properties":{"id":45106433,"highway":"pedestrian","nombre":"Usaetxe plaza"},"geometry":{"type":"LineString","coordinates":[[-2.49682,43.0636],[-2.4968,43.06371],[-2.49723,43.06376],[-2.49727,43.06377],[-2.4973,43.06377],[-2.49722,43.06418],[-2.4972,43.06418],[-2.49716,43.06418],[-2.49717,43.06414],[-2.49672,43.06411],[-2.49671,43.06416],[-2.4967,43.06422],[-2.49658,43.06421],[-2.49656,43.0642],[-2.49658,43.06411],[-2.49656,43.06388],[-2.49666,43.06366],[-2.49667,43.06358],[-2.49682,43.0636]]}},{"type":"Feature","properties":{"id":45107516,"highway":"residential","oneway":"yes"},"geometry":{"type":"LineString","coordinates":[[-2.48704,43.065],[-2.48694,43.06487],[-2.48692,43.06485],[-2.4868,43.0649],[-2.48663,43.06497],[-2.48648,43.06504],[-2.48649,43.06506],[-2.48658,43.06518]]}},{"type":"Feature","properties":{"id":45107928,"highway":"footway"},"geometry":{"type":"LineString","coordinates":[[-2.50037,43.06148],[-2.50034,43.06153],[-2.50031,43.06156],[-2.50026,43.0616]]}},{"type":"Feature","properties":{"id":45107929,"highway":"footway"},"geometry":{"type":"LineString","coordinates":[[-2.50052,43.0615],[-2.50054,43.06151],[-2.50054,43.06154],[-2.50054,43.06156],[-2.50052,43.06157],[-2.50051,43.06159]]}},{"type":"Feature","properties":{"id":45108434,"highway":"residential","nombre":"Anboto kalea"},"geometry":{"type":"LineString","coordinates":[[-2.50123,43.06349],[-2.50113,43.06349],[-2.50038,43.06348],[-2.50035,43.06348],[-2.4999,43.0635],[-2.49974,43.0635],[-2.49966,43.06355],[-2.49958,43.06357],[-2.49957,43.06357],[-2.49909,43.06356],[-2.49903,43.06356]]}},{"type":"Feature","properties":{"id":45108435,"highway":"residential"},"geometry":{"type":"LineString","coordinates":[[-2.49979,43.06342],[-2.49958,43.06342],[-2.49912,43.06341],[-2.49904,43.06341]]}},{"type":"Feature","properties":{"id":45108531,"highway":"residential","nombre":"Lapurdi kalea","superficie":"asphalt"},"geometry":{"type":"LineString","coordinates":[[-2.48149,43.06561],[-2.48151,43.06565],[-2.48154,43.06574],[-2.48153,43.0658],[-2.48145,43.06585],[-2.48135,43.06591],[-2.48113,43.06603],[-2.48108,43.06605],[-2.48093,43.06613],[-2.4808,43.0662],[-2.48028,43.06648],[-2.48026,43.06649],[-2.48024,43.0665],[-2.48016,43.06655],[-2.48008,43.06663]]}},{"type":"Feature","properties":{"id":45108722,"highway":"residential","nombre":"Jauregibarria kalea"},"geometry":{"type":"LineString","coordinates":[[-2.49767,43.0635],[-2.49771,43.0636],[-2.49778,43.06366],[-2.49788,43.0637],[-2.498,43.06371],[-2.49803,43.06369],[-2.49874,43.06327],[-2.49878,43.06325],[-2.49888,43.06327]]}},{"type":"Feature","properties":{"id":45108966,"highway":"residential","nombre":"Kale txikia"},"geometry":{"type":"LineString","coordinates":[[-2.47921,43.06694],[-2.47925,43.06692],[-2.47974,43.06659],[-2.47958,43.06646]]}},{"type":"Feature","properties":{"id":45111065,"highway":"steps"},"geometry":{"type":"LineString","coordinates":[[-2.49208,43.06313],[-2.49209,43.06316],[-2.49208,43.06319],[-2.49204,43.06322],[-2.49204,43.06323],[-2.49201,43.06326],[-2.492,43.06329],[-2.49201,43.06331],[-2.49205,43.06333],[-2.49208,43.06333],[-2.49211,43.06332]]}},{"type":"Feature","properties":{"id":45111066,"highway":"steps"},"geometry":{"type":"LineString","coordinates":[[-2.49193,43.0632],[-2.49195,43.06322],[-2.49197,43.06323],[-2.492,43.06324],[-2.49204,43.06323],[-2.49207,43.06323],[-2.49211,43.06323],[-2.49214,43.06325],[-2.49216,43.06328],[-2.49214,43.0633],[-2.49213,43.06332],[-2.49211,43.06332]]}},{"type":"Feature","properties":{"id":45111725,"highway":"living_street","nombre":"Aldai kalea"},"geometry":{"type":"LineString","coordinates":[[-2.4832,43.06565],[-2.48338,43.06571],[-2.48505,43.0658]]}},{"type":"Feature","properties":{"id":45115467,"highway":"residential","nombre":"Zaldibar kalea"},"geometry":{"type":"LineString","coordinates":[[-2.48619,43.06429],[-2.48631,43.06433],[-2.48654,43.06443],[-2.48754,43.0648]]}},{"type":"Feature","properties":{"id":45116142,"highway":"residential","nombre":"San Frantzisko kalea"},"geometry":{"type":"LineString","coordinates":[[-2.48969,43.06735],[-2.4897,43.06739],[-2.48971,43.06742],[-2.48979,43.06764],[-2.48979,43.06766],[-2.48982,43.06777],[-2.48981,43.06783],[-2.48979,43.06786]]}},{"type":"Feature","properties":{"id":45116143,"highway":"pedestrian","nombre":"Uarkape kalea","tunel":"yes"},"geometry":{"type":"LineString","coordinates":[[-2.48968,43.06766],[-2.48956,43.06769]]}},{"type":"Feature","properties":{"id":45116742,"highway":"residential","nombre":"Otalora lizentziaduna kalea","oneway":"yes","superficie":"asphalt"},"geometry":{"type":"LineString","coordinates":[[-2.4898,43.06713],[-2.49001,43.06704],[-2.49039,43.06687],[-2.49058,43.06678],[-2.49069,43.06673],[-2.49135,43.06642],[-2.49137,43.0664],[-2.49144,43.06636],[-2.49154,43.0663],[-2.492,43.06596],[-2.49203,43.06594],[-2.49235,43.0657],[-2.49281,43.06549],[-2.49334,43.06527],[-2.49375,43.0651],[-2.49387,43.06508],[-2.49392,43.06507],[-2.49397,43.06507]]}},{"type":"Feature","properties":{"id":45116743,"highway":"residential","nombre":"Pablo Uranga kalea","oneway":"yes"},"geometry":{"type":"LineString","coordinates":[[-2.49083,43.0668],[-2.49088,43.06684],[-2.49101,43.06696],[-2.49099,43.067],[-2.49001,43.06758],[-2.48996,43.06761],[-2.48979,43.06766]]}},{"type":"Feature","properties":{"id":45116854,"highway":"residential","nombre":"Ignazio Zuloaga kalea","oneway":"yes"},"geometry":{"type":"LineString","coordinates":[[-2.48983,43.06731],[-2.4899,43.06732],[-2.48996,43.06731],[-2.48999,43.06731],[-2.49078,43.06683],[-2.49083,43.0668]]}},{"type":"Feature","properties":{"id":45119557,"highway":"residential","nombre":"Zuberoa kalea"},"geometry":{"type":"LineString","coordinates":[[-2.482,43.06621],[-2.48193,43.06613],[-2.48186,43.06605],[-2.48185,43.06604],[-2.48186,43.06602],[-2.48188,43.06599],[-2.48225,43.0658]]}},{"type":"Feature","properties":{"id":45119560,"highway":"residential","nombre":"Bidekurtzeta kalea"},"geometry":{"type":"LineString","coordinates":[[-2.48029,43.06594],[-2.48025,43.06588],[-2.47981,43.06528],[-2.47976,43.06524],[-2.47944,43.06507],[-2.47942,43.06507],[-2.47924,43.06499],[-2.47884,43.06541],[-2.47877,43.06548],[-2.47874,43.06551]]}},{"type":"Feature","properties":{"id":45121421,"highway":"service","superficie":"asphalt"},"geometry":{"type":"LineString","coordinates":[[-2.47971,43.06426],[-2.47975,43.06424],[-2.48021,43.06401],[-2.48031,43.06411],[-2.47987,43.06437],[-2.47984,43.06439]]}},{"type":"Feature","properties":{"id":45122239,"highway":"residential","nombre":"Elkano kalea","oneway":"yes"},"geometry":{"type":"LineString","coordinates":[[-2.47584,43.0692],[-2.47599,43.06923],[-2.47609,43.06926],[-2.47696,43.06961],[-2.47706,43.06965],[-2.47759,43.0694],[-2.47771,43.06936],[-2.47818,43.06911],[-2.47822,43.06907],[-2.47824,43.06904]]}},{"type":"Feature","properties":{"id":45136042,"highway":"tertiary","nombre":"Gipuzkoa etorbidea","oneway":"no"},"geometry":{"type":"LineString","coordinates":[[-2.4753,43.06946],[-2.47519,43.06951],[-2.47509,43.06956],[-2.47494,43.06964],[-2.47389,43.07034],[-2.47375,43.07043],[-2.47354,43.07055],[-2.47349,43.07057]]}},{"type":"Feature","properties":{"id":45136043,"highway":"tertiary","nombre":"Gipuzkoa etorbidea","puente":"yes"},"geometry":{"type":"LineString","coordinates":[[-2.47561,43.06934],[-2.4753,43.06946]]}},{"type":"Feature","properties":{"id":45146770,"highway":"service"},"geometry":{"type":"LineString","coordinates":[[-2.50036,43.05857],[-2.50033,43.05863],[-2.50029,43.05866],[-2.50021,43.05869],[-2.49985,43.05875],[-2.49978,43.05877],[-2.4998,43.05886]]}},{"type":"Feature","properties":{"id":45147787,"highway":"secondary","ref":"GI-2620","superficie":"asphalt"},"geometry":{"type":"LineString","coordinates":[[-2.50647,43.06181],[-2.50645,43.06176],[-2.50644,43.06175],[-2.50636,43.06162],[-2.50613,43.0614],[-2.5052,43.06081],[-2.50472,43.06043]]}},{"type":"Feature","properties":{"id":45165118,"highway":"service","oneway":"yes","superficie":"asphalt"},"geometry":{"type":"LineString","coordinates":[[-2.46892,43.07372],[-2.46874,43.07381],[-2.46861,43.07389],[-2.46856,43.07391]]}},{"type":"Feature","properties":{"id":45165119,"highway":"primary_link","oneway":"yes"},"geometry":{"type":"LineString","coordinates":[[-2.46431,43.07503],[-2.46437,43.07504],[-2.46438,43.07507],[-2.46437,43.07509],[-2.46427,43.07516],[-2.46367,43.07547]]}},{"type":"Feature","properties":{"id":45165120,"highway":"service"},"geometry":{"type":"LineString","coordinates":[[-2.46427,43.07485],[-2.46422,43.07486],[-2.46417,43.07487],[-2.46414,43.0749],[-2.46413,43.07493],[-2.46412,43.07496],[-2.46414,43.07499],[-2.46417,43.07502],[-2.46422,43.07504],[-2.46426,43.07505],[-2.46431,43.07503],[-2.46435,43.07502],[-2.46438,43.07497],[-2.46438,43.07494],[-2.46437,43.07491],[-2.46433,43.07487],[-2.46429,43.07486],[-2.46427,43.07485]]}},{"type":"Feature","properties":{"id":45167640,"highway":"residential","nombre":"Errekalde kalea"},"geometry":{"type":"LineString","coordinates":[[-2.48236,43.06556],[-2.48234,43.06552],[-2.4817,43.06526],[-2.48163,43.06524],[-2.48138,43.06527],[-2.48125,43.06528]]}},{"type":"Feature","properties":{"id":45182620,"highway":"footway"},"geometry":{"type":"LineString","coordinates":[[-2.48108,43.06605],[-2.48115,43.06612]]}},{"type":"Feature","properties":{"id":45182621,"highway":"steps"},"geometry":{"type":"LineString","coordinates":[[-2.48126,43.06623],[-2.48146,43.06643]]}},{"type":"Feature","properties":{"id":45182622,"highway":"pedestrian","nombre":"Zuberoa kalea"},"geometry":{"type":"LineString","coordinates":[[-2.48174,43.06597],[-2.48126,43.06623],[-2.48126,43.06623],[-2.48119,43.06627],[-2.48041,43.06669],[-2.48037,43.06664]]}},{"type":"Feature","properties":{"id":45182623,"highway":"pedestrian","nombre":"Zuberoa kalea"},"geometry":{"type":"LineString","coordinates":[[-2.48041,43.06669],[-2.48058,43.06689],[-2.4806,43.0669]]}},{"type":"Feature","properties":{"id":45183282,"highway":"footway"},"geometry":{"type":"LineString","coordinates":[[-2.48954,43.06535],[-2.4898,43.06564]]}},{"type":"Feature","properties":{"id":45183283,"highway":"footway"},"geometry":{"type":"LineString","coordinates":[[-2.48904,43.06574],[-2.48907,43.06577],[-2.48924,43.06596]]}},{"type":"Feature","properties":{"id":45183284,"highway":"footway"},"geometry":{"type":"LineString","coordinates":[[-2.48954,43.06636],[-2.48943,43.06652]]}},{"type":"Feature","properties":{"id":45185774,"highway":"steps"},"geometry":{"type":"LineString","coordinates":[[-2.48024,43.0665],[-2.4803,43.06656],[-2.48037,43.06664]]}},{"type":"Feature","properties":{"id":45187790,"highway":"residential","nombre":"Galizia kalea","oneway":"yes"},"geometry":{"type":"LineString","coordinates":[[-2.48026,43.06823],[-2.48013,43.06837],[-2.47985,43.06861],[-2.47977,43.06868],[-2.4789,43.06926],[-2.47866,43.06941]]}},{"type":"Feature","properties":{"id":45187791,"highway":"residential","nombre":"Santa Marina kalea"},"geometry":{"type":"LineString","coordinates":[[-2.48412,43.0667],[-2.48398,43.06671],[-2.48367,43.06673],[-2.48326,43.06676],[-2.483,43.06678],[-2.48284,43.06681],[-2.4827,43.06684],[-2.48262,43.06686],[-2.48255,43.06689]]}},{"type":"Feature","properties":{"id":45187792,"highway":"residential","nombre":"Santa Marina kalea","oneway":"yes"},"geometry":{"type":"LineString","coordinates":[[-2.48255,43.06689],[-2.48269,43.06694],[-2.48301,43.06706],[-2.48312,43.06709],[-2.48325,43.06711],[-2.48339,43.06714],[-2.48354,43.06718],[-2.48406,43.06737],[-2.48448,43.06751],[-2.48453,43.06752]]}},{"type":"Feature","properties":{"id":45187793,"highway":"residential","nombre":"Santa Marina kalea","oneway":"yes"},"geometry":{"type":"LineString","coordinates":[[-2.48247,43.06732],[-2.48256,43.06731],[-2.48264,43.0673],[-2.48273,43.0673],[-2.48297,43.06732],[-2.48304,43.06733],[-2.48326,43.06737],[-2.48342,43.0674],[-2.48385,43.0675],[-2.48431,43.06766],[-2.48479,43.06782],[-2.48489,43.06785],[-2.48496,43.06785]]}},{"type":"Feature","properties":{"id":45188811,"highway":"residential","nombre":"Aldaigain kalea"},"geometry":{"type":"LineString","coordinates":[[-2.48564,43.0665],[-2.48557,43.06651],[-2.48555,43.06651],[-2.48552,43.0665],[-2.4846,43.0666],[-2.48444,43.06663],[-2.48439,43.06667],[-2.48437,43.06673],[-2.48439,43.0668],[-2.4845,43.06695],[-2.48454,43.06703],[-2.48473,43.06731],[-2.48473,43.06734],[-2.48466,43.06738],[-2.48462,43.0674]]}},{"type":"Feature","properties":{"id":45235324,"highway":"residential","nombre":"Jose Luis Iñarra pasealekua"},"geometry":{"type":"LineString","coordinates":[[-2.48585,43.06845],[-2.48587,43.06849],[-2.4859,43.06856],[-2.48605,43.06891],[-2.4861,43.06899],[-2.48616,43.06897],[-2.4862,43.06896],[-2.48623,43.06894],[-2.48624,43.0689],[-2.4862,43.06873],[-2.48618,43.06853],[-2.48618,43.06841],[-2.48617,43.06831],[-2.48616,43.06825],[-2.48613,43.06815],[-2.48611,43.06802],[-2.4861,43.06799],[-2.48612,43.06795],[-2.48615,43.06792],[-2.48622,43.06791],[-2.48628,43.06792],[-2.48634,43.06795],[-2.48641,43.06804],[-2.48646,43.06814],[-2.48649,43.06823],[-2.48649,43.06835],[-2.48651,43.06841],[-2.48665,43.06869],[-2.48679,43.06899],[-2.48684,43.06904],[-2.48693,43.06909],[-2.48704,43.06914],[-2.48718,43.06918],[-2.48729,43.0692],[-2.4874,43.0692],[-2.4875,43.06919]]}},{"type":"Feature","properties":{"id":45236794,"highway":"residential"},"geometry":{"type":"LineString","coordinates":[[-2.48232,43.06735],[-2.48234,43.06736],[-2.48236,43.06737],[-2.48239,43.06737],[-2.48242,43.06737],[-2.48244,43.06736],[-2.48246,43.06734],[-2.48247,43.06732],[-2.48247,43.0673],[-2.48246,43.06729],[-2.48244,43.06727],[-2.48242,43.06726],[-2.4824,43.06726],[-2.48238,43.06726],[-2.48235,43.06726],[-2.48233,43.06727],[-2.48231,43.06729],[-2.48231,43.06731],[-2.48231,43.06733],[-2.48232,43.06735]]}},{"type":"Feature","properties":{"id":45236850,"highway":"residential","nombre":"Santa Teresa kalea","oneway":"yes"},"geometry":{"type":"LineString","coordinates":[[-2.47871,43.06991],[-2.47881,43.06988],[-2.4789,43.06984],[-2.47915,43.06969],[-2.47923,43.06964],[-2.47944,43.06957],[-2.47961,43.06953],[-2.47981,43.0694],[-2.4799,43.06934],[-2.48022,43.06906],[-2.48028,43.06902],[-2.48041,43.06894],[-2.4805,43.0689],[-2.4806,43.06887],[-2.48078,43.06875],[-2.48085,43.06867],[-2.48085,43.06866],[-2.48088,43.06861],[-2.4809,43.06851]]}},{"type":"Feature","properties":{"id":45236851,"highway":"residential","nombre":"Doneztebe Portuko kalea","oneway":"yes"},"geometry":{"type":"LineString","coordinates":[[-2.47961,43.06953],[-2.47959,43.06959],[-2.47948,43.0697],[-2.47944,43.06974],[-2.47943,43.0698],[-2.47945,43.06983],[-2.47948,43.06985],[-2.47951,43.06988],[-2.47959,43.06989],[-2.47967,43.06987],[-2.47975,43.06982],[-2.48006,43.06955],[-2.48017,43.06944],[-2.48033,43.06929],[-2.48045,43.06918],[-2.48047,43.0691],[-2.4805,43.06901],[-2.48055,43.06895],[-2.4806,43.06887]]}},{"type":"Feature","properties":{"id":45236891,"highway":"residential","nombre":"Makatzena kalea","oneway":"yes"},"geometry":{"type":"LineString","coordinates":[[-2.48619,43.0694],[-2.4862,43.06947],[-2.48622,43.06954],[-2.48622,43.06961],[-2.48619,43.06969],[-2.48616,43.06981],[-2.48616,43.06995],[-2.48616,43.07001],[-2.48614,43.07006],[-2.48607,43.07011],[-2.48598,43.07013],[-2.48591,43.07012],[-2.48584,43.07009],[-2.48578,43.07005],[-2.48556,43.06985],[-2.48528,43.06969],[-2.48483,43.06943],[-2.48412,43.06902],[-2.48374,43.0688],[-2.48361,43.06875],[-2.48341,43.06866],[-2.48332,43.06862],[-2.48328,43.06858],[-2.48326,43.06854],[-2.48328,43.06851],[-2.48338,43.06836],[-2.48345,43.06827],[-2.48347,43.06823],[-2.48349,43.06821],[-2.48352,43.0682],[-2.48355,43.0682],[-2.48368,43.06825],[-2.48376,43.06828],[-2.48402,43.0684],[-2.48414,43.06846],[-2.48439,43.0686],[-2.48509,43.06899],[-2.48586,43.06941],[-2.48593,43.06945],[-2.48598,43.06945],[-2.48607,43.06944],[-2.48619,43.0694]]}},{"type":"Feature","properties":{"id":45260704,"highway":"service"},"geometry":{"type":"LineString","coordinates":[[-2.48166,43.04615],[-2.48159,43.0464],[-2.48149,43.04663],[-2.48145,43.04673],[-2.4813,43.0469],[-2.48124,43.04707]]}},{"type":"Feature","properties":{"id":45260706,"highway":"service"},"geometry":{"type":"LineString","coordinates":[[-2.48149,43.04663],[-2.48143,43.04663],[-2.48123,43.04664]]}},{"type":"Feature","properties":{"id":45260707,"highway":"unclassified"},"geometry":{"type":"LineString","coordinates":[[-2.48166,43.04615],[-2.48156,43.04616]]}},{"type":"Feature","properties":{"id":45261600,"highway":"footway"},"geometry":{"type":"LineString","coordinates":[[-2.48154,43.06574],[-2.48162,43.06573]]}},{"type":"Feature","properties":{"id":45265117,"highway":"footway"},"geometry":{"type":"LineString","coordinates":[[-2.48,43.06612],[-2.48009,43.06608],[-2.48034,43.06601]]}},{"type":"Feature","properties":{"id":45265976,"highway":"footway","nombre":"Gernika ibilbidea"},"geometry":{"type":"LineString","coordinates":[[-2.47733,43.06978],[-2.47769,43.06974],[-2.47793,43.06971],[-2.47808,43.06964],[-2.47816,43.0696],[-2.47837,43.06948],[-2.47856,43.06939]]}},{"type":"Feature","properties":{"id":45265977,"highway":"footway","nombre":"Gernika ibilbidea"},"geometry":{"type":"LineString","coordinates":[[-2.48417,43.0666],[-2.48436,43.06655],[-2.48452,43.06653],[-2.48466,43.06651],[-2.48482,43.06649],[-2.4855,43.06642],[-2.48557,43.06641],[-2.48588,43.06637],[-2.48599,43.06637],[-2.48609,43.06641],[-2.48616,43.06643],[-2.48622,43.06645],[-2.48633,43.06653],[-2.48649,43.06668],[-2.48666,43.06689],[-2.48681,43.06706],[-2.48694,43.06717],[-2.48708,43.06729],[-2.48713,43.06732],[-2.48717,43.06739],[-2.48718,43.06743],[-2.48719,43.06756],[-2.48724,43.06764],[-2.48728,43.06767],[-2.48728,43.06767],[-2.48734,43.06769],[-2.4874,43.0677],[-2.48749,43.06772],[-2.48752,43.06773],[-2.48783,43.0678],[-2.48836,43.06794],[-2.4885,43.06797],[-2.48876,43.06802],[-2.48912,43.06807],[-2.48939,43.0681],[-2.48952,43.0681],[-2.48963,43.06808],[-2.48983,43.06804],[-2.4899,43.06803],[-2.48991,43.06801],[-2.48993,43.06798],[-2.48994,43.06794],[-2.48997,43.06791],[-2.49015,43.06785],[-2.49048,43.06773],[-2.4907,43.06763],[-2.49074,43.06762],[-2.49077,43.0676],[-2.49092,43.06751],[-2.49099,43.06749],[-2.49105,43.06748],[-2.49108,43.06746],[-2.49116,43.0674],[-2.49119,43.06735],[-2.49121,43.0672],[-2.49124,43.06711],[-2.49125,43.0671]]}},{"type":"Feature","properties":{"id":45265978,"highway":"footway","nombre":"Gernika ibilbidea","puente":"yes"},"geometry":{"type":"LineString","coordinates":[[-2.48399,43.06663],[-2.48417,43.0666]]}},{"type":"Feature","properties":{"id":45265979,"highway":"footway","nombre":"Gernika ibilbidea"},"geometry":{"type":"LineString","coordinates":[[-2.47856,43.06939],[-2.47875,43.06928],[-2.47906,43.06907],[-2.47927,43.06894],[-2.47933,43.0689],[-2.4795,43.06878],[-2.47967,43.06867],[-2.47978,43.06859],[-2.4798,43.06857],[-2.4799,43.06848],[-2.48003,43.06833],[-2.48011,43.06823],[-2.48021,43.06802],[-2.48024,43.06787],[-2.48024,43.06786],[-2.48025,43.06784],[-2.48037,43.06763],[-2.48058,43.06737],[-2.48062,43.06735],[-2.48068,43.06731],[-2.48095,43.06712],[-2.48109,43.06704],[-2.48131,43.06695],[-2.48155,43.06685],[-2.48179,43.06676],[-2.48204,43.06668],[-2.4821,43.06666],[-2.4823,43.06661],[-2.48253,43.06658],[-2.48256,43.0666]]}},{"type":"Feature","properties":{"id":45282060,"highway":"pedestrian","nombre":"Uarkape kalea"},"geometry":{"type":"LineString","coordinates":[[-2.48956,43.06769],[-2.48937,43.06771],[-2.48919,43.06772],[-2.48905,43.06771],[-2.48891,43.0677],[-2.48872,43.06768],[-2.48848,43.06763],[-2.48828,43.06758],[-2.4882,43.06755],[-2.48817,43.06754]]}},{"type":"Feature","properties":{"id":45310322,"highway":"residential","nombre":"Otalora lizentziaduna kalea","oneway":"yes"},"geometry":{"type":"LineString","coordinates":[[-2.4881,43.06708],[-2.48791,43.06694],[-2.48784,43.06688],[-2.48762,43.06673],[-2.48734,43.06652],[-2.48717,43.0664],[-2.48706,43.06631],[-2.48687,43.06618],[-2.48677,43.0661],[-2.48673,43.06607],[-2.48672,43.06604],[-2.48669,43.06598]]}},{"type":"Feature","properties":{"id":45311603,"highway":"residential","nombre":"Okendo kalea","oneway":"yes"},"geometry":{"type":"LineString","coordinates":[[-2.48844,43.06648],[-2.4884,43.06649],[-2.48834,43.0665],[-2.4883,43.06654],[-2.48816,43.06669],[-2.48796,43.06689],[-2.48791,43.06694]]}},{"type":"Feature","properties":{"id":45312744,"highway":"footway"},"geometry":{"type":"LineString","coordinates":[[-2.48784,43.06602],[-2.4878,43.06605],[-2.48776,43.06609],[-2.4877,43.06616],[-2.48767,43.06623]]}},{"type":"Feature","properties":{"id":45312993,"highway":"footway"},"geometry":{"type":"LineString","coordinates":[[-2.48886,43.06622],[-2.48884,43.06625],[-2.48884,43.06627],[-2.48882,43.0663]]}},{"type":"Feature","properties":{"id":45373156,"highway":"footway"},"geometry":{"type":"LineString","coordinates":[[-2.49175,43.06262],[-2.49166,43.06267],[-2.49155,43.06275],[-2.49151,43.06278],[-2.49135,43.0629],[-2.49127,43.06299]]}},{"type":"Feature","properties":{"id":45452370,"highway":"residential","nombre":"San Josepe kalea"},"geometry":{"type":"LineString","coordinates":[[-2.49202,43.06258],[-2.492,43.06258],[-2.49197,43.06258]]}},{"type":"Feature","properties":{"id":45453322,"highway":"residential"},"geometry":{"type":"LineString","coordinates":[[-2.49311,43.05707],[-2.49311,43.05715],[-2.49312,43.05736],[-2.4931,43.05757],[-2.49309,43.05764],[-2.49304,43.05783]]}},{"type":"Feature","properties":{"id":45457710,"highway":"unclassified","nombre":"Garagartza auzoa"},"geometry":{"type":"LineString","coordinates":[[-2.51955,43.06928],[-2.51976,43.06937],[-2.52014,43.06952],[-2.52038,43.06962],[-2.52042,43.06962],[-2.52049,43.06965],[-2.52059,43.06969],[-2.52077,43.06976],[-2.52088,43.06981],[-2.52103,43.06987],[-2.52125,43.06997],[-2.52147,43.07013],[-2.52162,43.07028],[-2.52166,43.07033],[-2.5217,43.07041],[-2.52179,43.07058],[-2.52188,43.07087],[-2.52191,43.07093],[-2.52192,43.07096],[-2.52194,43.07104],[-2.52208,43.07123],[-2.5222,43.07136],[-2.52232,43.07154],[-2.5223,43.07161],[-2.5221,43.0718],[-2.52186,43.07192],[-2.52166,43.07203],[-2.52138,43.07212],[-2.52122,43.07219],[-2.52106,43.07219],[-2.52076,43.07218],[-2.5207,43.07217],[-2.52048,43.07216],[-2.52043,43.07215],[-2.52031,43.07215],[-2.52016,43.07211],[-2.52005,43.07208],[-2.51994,43.07208],[-2.5199,43.07213],[-2.5199,43.0722],[-2.51995,43.07227],[-2.52008,43.07237],[-2.52024,43.07246],[-2.52045,43.07258],[-2.52074,43.07273],[-2.521,43.07292],[-2.52116,43.07307],[-2.5212,43.07318],[-2.52124,43.07347],[-2.52134,43.07367],[-2.52153,43.07389],[-2.52157,43.07394],[-2.52174,43.07412],[-2.52191,43.07439],[-2.52201,43.0746],[-2.52203,43.07486],[-2.52204,43.07491],[-2.52214,43.07523],[-2.52218,43.07535],[-2.52218,43.07539]]}},{"type":"Feature","properties":{"id":45457711,"highway":"footway"},"geometry":{"type":"LineString","coordinates":[[-2.52162,43.07028],[-2.52157,43.07034],[-2.52141,43.07043],[-2.52129,43.0705],[-2.52119,43.07053],[-2.52104,43.07056],[-2.5209,43.07057],[-2.52075,43.07057],[-2.52062,43.07056],[-2.52057,43.07055],[-2.52043,43.07053],[-2.51953,43.07035],[-2.51948,43.07034],[-2.51944,43.07031]]}},{"type":"Feature","properties":{"id":45457714,"highway":"residential"},"geometry":{"type":"LineString","coordinates":[[-2.51769,43.0705],[-2.51795,43.07064],[-2.51837,43.07087],[-2.51859,43.07099],[-2.51869,43.07104],[-2.51875,43.07104],[-2.51881,43.071],[-2.51884,43.07095],[-2.51885,43.0709],[-2.51882,43.0708],[-2.51884,43.07073],[-2.51885,43.07069],[-2.51897,43.07033],[-2.51907,43.07008],[-2.51912,43.06993],[-2.51913,43.06991],[-2.51916,43.06982],[-2.51923,43.06961],[-2.5193,43.06942],[-2.51931,43.0694],[-2.51932,43.06933]]}},{"type":"Feature","properties":{"id":45474561,"highway":"residential","oneway":"yes"},"geometry":{"type":"LineString","coordinates":[[-2.49947,43.06216],[-2.49955,43.0622],[-2.49962,43.06223],[-2.49985,43.06224],[-2.5001,43.06224],[-2.50059,43.06223],[-2.50106,43.06223],[-2.50122,43.06221]]}},{"type":"Feature","properties":{"id":45558311,"highway":"service"},"geometry":{"type":"LineString","coordinates":[[-2.48186,43.06605],[-2.48161,43.06618]]}},{"type":"Feature","properties":{"id":45560159,"highway":"service"},"geometry":{"type":"LineString","coordinates":[[-2.48712,43.06596],[-2.48746,43.06582]]}},{"type":"Feature","properties":{"id":45560475,"highway":"tertiary","nombre":"Garibai etorbidea"},"geometry":{"type":"LineString","coordinates":[[-2.49055,43.06441],[-2.49059,43.0644],[-2.49066,43.06437],[-2.49071,43.06434],[-2.49077,43.06429],[-2.49079,43.06425]]}},{"type":"Feature","properties":{"id":45560478,"highway":"footway"},"geometry":{"type":"LineString","coordinates":[[-2.48956,43.06706],[-2.48952,43.06707],[-2.48946,43.06707],[-2.48916,43.06708],[-2.48915,43.06706],[-2.4889,43.06707],[-2.48863,43.06709],[-2.48857,43.06709],[-2.48857,43.06708],[-2.48851,43.06707]]}},{"type":"Feature","properties":{"id":45670008,"highway":"pedestrian","nombre":"Gernika ibilbidea"},"geometry":{"type":"LineString","coordinates":[[-2.49527,43.06525],[-2.49528,43.0652],[-2.49531,43.06517],[-2.49537,43.0651],[-2.49543,43.06503],[-2.49555,43.06493],[-2.49564,43.06486],[-2.49573,43.06479],[-2.4959,43.06472],[-2.49603,43.06469],[-2.49619,43.06466],[-2.4963,43.06466],[-2.49645,43.06466],[-2.49667,43.06468],[-2.49691,43.06469],[-2.49723,43.06469],[-2.49811,43.06469],[-2.49823,43.06468]]}},{"type":"Feature","properties":{"id":45670009,"highway":"footway","nombre":"Gernika ibilbidea","puente":"yes"},"geometry":{"type":"LineString","coordinates":[[-2.49529,43.06659],[-2.49591,43.06634]]}},{"type":"Feature","properties":{"id":45670588,"highway":"residential","nombre":"San Andres auzoa"},"geometry":{"type":"LineString","coordinates":[[-2.49431,43.05407],[-2.49429,43.05396],[-2.49428,43.05394],[-2.49428,43.05392],[-2.49422,43.05361],[-2.4942,43.05352],[-2.4942,43.05349],[-2.4942,43.0532],[-2.49424,43.05299],[-2.49431,43.05277],[-2.49438,43.05263],[-2.49464,43.05215],[-2.49467,43.0521],[-2.49479,43.05189],[-2.49519,43.05122],[-2.49548,43.05076],[-2.49551,43.05073],[-2.49556,43.05067],[-2.49565,43.0506],[-2.49618,43.05014],[-2.49656,43.04982],[-2.49733,43.04919],[-2.49755,43.049],[-2.49756,43.04899],[-2.49759,43.04897],[-2.49782,43.04878],[-2.49808,43.04856],[-2.4982,43.04846],[-2.4984,43.04829],[-2.49861,43.04813],[-2.49884,43.04794],[-2.4991,43.04773]]}},{"type":"Feature","properties":{"id":45670589,"highway":"residential","oneway":"yes"},"geometry":{"type":"LineString","coordinates":[[-2.49493,43.05649],[-2.49496,43.05669],[-2.49493,43.05676],[-2.49486,43.05685],[-2.49483,43.05689]]}},{"type":"Feature","properties":{"id":45670590,"highway":"primary_link","oneway":"yes"},"geometry":{"type":"LineString","coordinates":[[-2.49122,43.05642],[-2.49165,43.05707],[-2.49174,43.05722],[-2.49175,43.05736],[-2.49171,43.05756],[-2.49153,43.05792],[-2.49141,43.05813],[-2.49139,43.0582],[-2.49135,43.05834]]}},{"type":"Feature","properties":{"id":45729479,"highway":"residential"},"geometry":{"type":"LineString","coordinates":[[-2.52103,43.06987],[-2.52094,43.06997],[-2.52085,43.07001],[-2.52073,43.07003],[-2.52059,43.07003],[-2.52044,43.07002],[-2.52031,43.07],[-2.52023,43.06998],[-2.5202,43.06997],[-2.52024,43.06986],[-2.52027,43.06979],[-2.52033,43.06971],[-2.52036,43.06964],[-2.52038,43.06962]]}},{"type":"Feature","properties":{"id":45730252,"highway":"residential"},"geometry":{"type":"LineString","coordinates":[[-2.52042,43.06962],[-2.52084,43.06899]]}},{"type":"Feature","properties":{"id":45730253,"highway":"residential","puente":"yes"},"geometry":{"type":"LineString","coordinates":[[-2.52084,43.06899],[-2.52089,43.06891]]}},{"type":"Feature","properties":{"id":45730254,"highway":"residential"},"geometry":{"type":"LineString","coordinates":[[-2.52089,43.06891],[-2.52093,43.06888],[-2.52098,43.06884],[-2.52099,43.06883],[-2.52109,43.06879],[-2.52112,43.06877],[-2.52133,43.06871],[-2.52155,43.06864],[-2.52168,43.06859]]}},{"type":"Feature","properties":{"id":45763335,"highway":"service","nombre":"Errekalde kalea"},"geometry":{"type":"LineString","coordinates":[[-2.48125,43.06528],[-2.48123,43.0653],[-2.4812,43.06532],[-2.48099,43.06545],[-2.48087,43.06551]]}},{"type":"Feature","properties":{"id":45763491,"highway":"residential"},"geometry":{"type":"LineString","coordinates":[[-2.47577,43.06927],[-2.47578,43.06936],[-2.47578,43.0694],[-2.47563,43.0697],[-2.47557,43.06992],[-2.4755,43.07004],[-2.47548,43.07018],[-2.47547,43.07024]]}},{"type":"Feature","properties":{"id":45763492,"highway":"residential","nombre":"Elkano kalea","oneway":"yes"},"geometry":{"type":"LineString","coordinates":[[-2.47889,43.06852],[-2.47913,43.06835],[-2.47931,43.06825],[-2.47971,43.06796],[-2.47975,43.06791],[-2.47975,43.06786],[-2.47956,43.06769],[-2.48033,43.06714]]}},{"type":"Feature","properties":{"id":45763493,"highway":"footway","nombre":"Elkano kalea"},"geometry":{"type":"LineString","coordinates":[[-2.47889,43.06852],[-2.47888,43.06858],[-2.47888,43.06859],[-2.47882,43.06866],[-2.47868,43.06883],[-2.47864,43.06887],[-2.47859,43.06894],[-2.47851,43.06904],[-2.47848,43.06909],[-2.47846,43.06912]]}},{"type":"Feature","properties":{"id":45763529,"highway":"residential","puente":"yes"},"geometry":{"type":"LineString","coordinates":[[-2.47859,43.06925],[-2.47866,43.06941]]}},{"type":"Feature","properties":{"id":45763530,"highway":"residential","superficie":"asphalt"},"geometry":{"type":"LineString","coordinates":[[-2.47866,43.06941],[-2.47865,43.0695],[-2.47864,43.0696],[-2.47864,43.06963],[-2.47863,43.06972],[-2.47865,43.06979],[-2.47867,43.06983],[-2.47871,43.06991],[-2.47872,43.06999],[-2.47872,43.07005],[-2.47871,43.07009],[-2.47867,43.07018],[-2.47858,43.07034],[-2.47852,43.07043]]}},{"type":"Feature","properties":{"id":45773824,"highway":"tertiary","nombre":"Gipuzkoa etorbidea"},"geometry":{"type":"LineString","coordinates":[[-2.47574,43.06929],[-2.47561,43.06934]]}},{"type":"Feature","properties":{"id":45773879,"highway":"primary","ref":"GI-627","oneway":"yes","puente":"yes"},"geometry":{"type":"LineString","coordinates":[[-2.47104,43.07227],[-2.47087,43.07243],[-2.47075,43.07252]]}},{"type":"Feature","properties":{"id":45773880,"highway":"primary","ref":"GI-627","oneway":"yes","superficie":"asphalt"},"geometry":{"type":"LineString","coordinates":[[-2.47075,43.07252],[-2.47067,43.07258],[-2.47046,43.0727],[-2.47025,43.07282],[-2.47,43.07294],[-2.46976,43.07307],[-2.46952,43.07323],[-2.46927,43.07341],[-2.46911,43.07355],[-2.46896,43.07368],[-2.46892,43.07372],[-2.46856,43.07411],[-2.46833,43.07435],[-2.46793,43.07479],[-2.46775,43.07499],[-2.46756,43.07518],[-2.46741,43.0753],[-2.46725,43.07539],[-2.46709,43.07546],[-2.4669,43.07552],[-2.46669,43.07556],[-2.46648,43.07557],[-2.46628,43.07555],[-2.46608,43.07552],[-2.4658,43.07546],[-2.46551,43.07538],[-2.46522,43.07529],[-2.46505,43.07524],[-2.46487,43.07522],[-2.46465,43.0752],[-2.46442,43.07522],[-2.46432,43.07523],[-2.4642,43.07526],[-2.46398,43.07534],[-2.46367,43.07547],[-2.46348,43.07555]]}},{"type":"Feature","properties":{"id":45773881,"highway":"primary","ref":"GI-627","oneway":"yes"},"geometry":{"type":"LineString","coordinates":[[-2.47113,43.07232],[-2.47154,43.07192]]}},{"type":"Feature","properties":{"id":45773882,"highway":"primary","ref":"GI-627","oneway":"yes","puente":"yes"},"geometry":{"type":"LineString","coordinates":[[-2.47082,43.07258],[-2.47093,43.0725],[-2.47113,43.07232]]}},{"type":"Feature","properties":{"id":45897580,"highway":"residential","nombre":"Uribe kalea","puente":"yes"},"geometry":{"type":"LineString","coordinates":[[-2.50157,43.06091],[-2.50154,43.06071]]}},{"type":"Feature","properties":{"id":45897581,"highway":"residential","nombre":"Uribe kalea"},"geometry":{"type":"LineString","coordinates":[[-2.50154,43.06071],[-2.50153,43.06068],[-2.50151,43.06056]]}},{"type":"Feature","properties":{"id":46148402,"highway":"footway","puente":"yes"},"geometry":{"type":"LineString","coordinates":[[-2.49011,43.06392],[-2.49002,43.06376]]}},{"type":"Feature","properties":{"id":46148403,"highway":"footway"},"geometry":{"type":"LineString","coordinates":[[-2.49002,43.06376],[-2.49001,43.06375]]}},{"type":"Feature","properties":{"id":46148502,"highway":"residential"},"geometry":{"type":"LineString","coordinates":[[-2.4872,43.06494],[-2.48708,43.06476],[-2.48701,43.06468],[-2.48695,43.06465],[-2.48684,43.06462],[-2.48676,43.0646],[-2.48671,43.06459],[-2.48667,43.06461],[-2.48663,43.06462],[-2.48633,43.06472],[-2.48624,43.06474],[-2.48621,43.06476],[-2.48621,43.06479],[-2.48622,43.06486],[-2.48624,43.06494],[-2.48626,43.06501],[-2.48628,43.06504],[-2.48636,43.06515],[-2.48643,43.06524]]}},{"type":"Feature","properties":{"id":46148667,"highway":"footway"},"geometry":{"type":"LineString","coordinates":[[-2.48807,43.064],[-2.48804,43.06417]]}},{"type":"Feature","properties":{"id":46148668,"highway":"footway"},"geometry":{"type":"LineString","coordinates":[[-2.48804,43.06417],[-2.48803,43.06419],[-2.48767,43.06414],[-2.4876,43.06413],[-2.48738,43.06411],[-2.48706,43.06405],[-2.48614,43.06391],[-2.48575,43.06387],[-2.48561,43.06385],[-2.48559,43.06393]]}},{"type":"Feature","properties":{"id":46149014,"highway":"cycleway","nombre":"Vasco-Navarroaren bide berdea","izena_eu":"Vasco-Navarroaren bide berdea","nombre_es":"Via Verde del Vasco Navarro","oneway":"no"},"geometry":{"type":"LineString","coordinates":[[-2.49174,43.05416],[-2.49173,43.05409],[-2.49176,43.05392],[-2.49181,43.0538],[-2.49189,43.05353],[-2.49199,43.05325],[-2.49206,43.05305],[-2.4921,43.05294],[-2.49217,43.05284],[-2.49236,43.05261],[-2.49252,43.05245],[-2.4928,43.05217],[-2.49309,43.05187],[-2.49354,43.05138],[-2.49372,43.05119],[-2.49392,43.05103],[-2.49416,43.05087],[-2.4943,43.05079],[-2.49449,43.05068],[-2.49467,43.0506],[-2.49484,43.05054],[-2.49497,43.05051],[-2.49507,43.05051],[-2.4951,43.0505],[-2.49511,43.05045],[-2.49512,43.05038],[-2.49519,43.05026],[-2.49531,43.05015],[-2.4957,43.04973],[-2.49588,43.04956],[-2.49604,43.04936],[-2.49626,43.04906],[-2.49643,43.04881],[-2.49644,43.04879],[-2.49655,43.04868],[-2.49656,43.04867],[-2.49674,43.04852],[-2.49679,43.04848],[-2.49693,43.04838],[-2.49723,43.04818],[-2.49728,43.04814],[-2.4975,43.04801],[-2.49764,43.04794],[-2.49769,43.04787],[-2.4979,43.04776],[-2.49806,43.04769],[-2.49808,43.04767],[-2.49827,43.0476],[-2.49838,43.04755],[-2.49877,43.04737],[-2.49885,43.04735],[-2.49892,43.04735],[-2.49899,43.04737],[-2.49904,43.04737],[-2.4991,43.04736],[-2.49926,43.04726]]}},{"type":"Feature","properties":{"id":46160581,"highway":"residential","nombre":"Zerrajera kalea"},"geometry":{"type":"LineString","coordinates":[[-2.49177,43.06258],[-2.49169,43.0626],[-2.49163,43.06263],[-2.49151,43.06272]]}},{"type":"Feature","properties":{"id":46160715,"highway":"cycleway"},"geometry":{"type":"LineString","coordinates":[[-2.4912,43.06288],[-2.49096,43.06296],[-2.4904,43.06312],[-2.4903,43.06309],[-2.48994,43.06308],[-2.48979,43.0631],[-2.48961,43.06314],[-2.48911,43.06327],[-2.48869,43.0634],[-2.48817,43.06356],[-2.48798,43.06362],[-2.48777,43.06367],[-2.48759,43.06369],[-2.4874,43.06366],[-2.48727,43.06364],[-2.48711,43.06359],[-2.48693,43.0635],[-2.48665,43.06333],[-2.48641,43.06315],[-2.48612,43.06296],[-2.4858,43.06278],[-2.48552,43.06264],[-2.48521,43.06252],[-2.48485,43.0624],[-2.4845,43.06232],[-2.48416,43.06226],[-2.48378,43.0622],[-2.4835,43.06215],[-2.48281,43.062],[-2.48269,43.06199],[-2.48254,43.062],[-2.48243,43.06202],[-2.48232,43.06205],[-2.48221,43.06209],[-2.48208,43.06214],[-2.482,43.06214]]}},{"type":"Feature","properties":{"id":46161638,"highway":"residential","nombre":"Zalduspe kalea","oneway":"yes","superficie":"asphalt"},"geometry":{"type":"LineString","coordinates":[[-2.48193,43.06349],[-2.48195,43.06337],[-2.48199,43.06323],[-2.48203,43.06308]]}},{"type":"Feature","properties":{"id":46161641,"highway":"unclassified","puente":"yes"},"geometry":{"type":"LineString","coordinates":[[-2.47929,43.06175],[-2.47855,43.06124]]}},{"type":"Feature","properties":{"id":46245807,"highway":"residential","nombre":"Zerrajera kalea"},"geometry":{"type":"LineString","coordinates":[[-2.48775,43.06371],[-2.48753,43.06373],[-2.48723,43.06368],[-2.48701,43.06361],[-2.48667,43.0634],[-2.48641,43.06321],[-2.48604,43.06298],[-2.48582,43.06285],[-2.48565,43.06276]]}},{"type":"Feature","properties":{"id":46648711,"highway":"living_street","nombre":"Olarte kalea"},"geometry":{"type":"LineString","coordinates":[[-2.48954,43.06663],[-2.48972,43.06664],[-2.48977,43.06664],[-2.48999,43.06661],[-2.49015,43.06658],[-2.49027,43.06655],[-2.49036,43.06653],[-2.49045,43.06651],[-2.49051,43.06649],[-2.49054,43.06648],[-2.49063,43.06645],[-2.49086,43.06636],[-2.49099,43.06631],[-2.49103,43.06629],[-2.49125,43.06619]]}},{"type":"Feature","properties":{"id":46648939,"highway":"residential","nombre":"Santa Marina kalea"},"geometry":{"type":"LineString","coordinates":[[-2.48513,43.06809],[-2.48502,43.06793],[-2.48496,43.06785],[-2.4849,43.06777],[-2.48479,43.06763],[-2.48469,43.0675],[-2.48463,43.06743],[-2.48462,43.0674],[-2.48449,43.06724],[-2.48441,43.06706],[-2.48436,43.06695],[-2.48424,43.06678],[-2.48412,43.0667],[-2.48404,43.0666],[-2.48402,43.06656],[-2.4837,43.0662],[-2.4836,43.06609],[-2.48346,43.06593],[-2.48334,43.06585],[-2.48328,43.06582],[-2.48317,43.06578],[-2.48314,43.06573],[-2.48313,43.0657],[-2.48312,43.06568]]}},{"type":"Feature","properties":{"id":46648940,"highway":"residential","nombre":"Jose Luis Iñarra pasealekua","superficie":"asphalt"},"geometry":{"type":"LineString","coordinates":[[-2.48979,43.06786],[-2.48974,43.0679],[-2.48967,43.06792],[-2.48958,43.06793],[-2.48929,43.06796],[-2.48901,43.06796],[-2.4888,43.06794],[-2.4886,43.06791],[-2.48844,43.06788],[-2.48814,43.06781],[-2.48789,43.06774],[-2.48786,43.06773],[-2.4876,43.06767],[-2.48747,43.06768],[-2.4874,43.0677],[-2.48731,43.06782],[-2.48733,43.06792],[-2.48738,43.06799],[-2.48768,43.06814],[-2.48851,43.06854],[-2.48857,43.06858],[-2.48865,43.06863],[-2.48854,43.06869],[-2.48829,43.06878],[-2.48807,43.06885],[-2.48793,43.06888],[-2.48781,43.06889],[-2.48768,43.0689],[-2.48754,43.06888],[-2.48742,43.06884],[-2.48729,43.06879],[-2.48719,43.06872],[-2.48712,43.06863],[-2.48677,43.068],[-2.48674,43.06793],[-2.4867,43.06787],[-2.48665,43.06781],[-2.48656,43.06773],[-2.48647,43.06768],[-2.48636,43.06765],[-2.48625,43.06763],[-2.48613,43.06763],[-2.48581,43.06767],[-2.48574,43.0677],[-2.4857,43.06775],[-2.48569,43.06782],[-2.48572,43.06793],[-2.48584,43.06832],[-2.48585,43.06845],[-2.48558,43.06856]]}},{"type":"Feature","properties":{"id":46648941,"highway":"residential","nombre":"Obenerreka kalea"},"geometry":{"type":"LineString","coordinates":[[-2.48544,43.06853],[-2.48541,43.06847],[-2.48534,43.06838],[-2.48513,43.06809]]}},{"type":"Feature","properties":{"id":46709932,"highway":"residential","nombre":"Gesalibar auzoa"},"geometry":{"type":"LineString","coordinates":[[-2.53106,43.06293],[-2.53106,43.06297],[-2.53106,43.06305],[-2.53105,43.06314],[-2.53103,43.06317],[-2.53102,43.0632],[-2.53096,43.06327],[-2.5309,43.06335],[-2.53086,43.0634],[-2.53084,43.0635],[-2.53082,43.06359],[-2.53078,43.06364],[-2.53068,43.06369],[-2.53057,43.06372],[-2.53044,43.06376],[-2.53032,43.06377],[-2.53021,43.06377],[-2.53006,43.06377],[-2.5299,43.06375],[-2.52957,43.06372],[-2.52934,43.06369],[-2.52926,43.06367],[-2.52925,43.06362],[-2.52916,43.06353]]}},{"type":"Feature","properties":{"id":46732596,"highway":"footway"},"geometry":{"type":"LineString","coordinates":[[-2.47982,43.06315],[-2.47985,43.06312],[-2.48016,43.06309],[-2.4806,43.06312],[-2.48076,43.06314],[-2.4809,43.06317],[-2.48104,43.06321],[-2.48113,43.06323],[-2.48116,43.06329],[-2.48118,43.06333],[-2.48122,43.06336],[-2.48138,43.0634],[-2.48172,43.06348],[-2.48205,43.06357],[-2.48207,43.06352]]}},{"type":"Feature","properties":{"id":46732597,"highway":"footway"},"geometry":{"type":"LineString","coordinates":[[-2.47909,43.06359],[-2.47926,43.06345],[-2.4793,43.06343],[-2.47938,43.06343],[-2.47946,43.06343],[-2.47953,43.06344],[-2.47956,43.06343],[-2.47961,43.06339]]}},{"type":"Feature","properties":{"id":46732598,"highway":"footway","puente":"yes"},"geometry":{"type":"LineString","coordinates":[[-2.47961,43.06339],[-2.47982,43.06315]]}},{"type":"Feature","properties":{"id":46733793,"highway":"residential","nombre":"Santa Marina kalea"},"geometry":{"type":"LineString","coordinates":[[-2.48255,43.06689],[-2.4825,43.06694],[-2.4824,43.06702],[-2.48237,43.06707],[-2.48235,43.06714],[-2.48235,43.06726]]}},{"type":"Feature","properties":{"id":46734658,"highway":"living_street","nombre":"Olarte kalea"},"geometry":{"type":"LineString","coordinates":[[-2.49125,43.06619],[-2.49138,43.0661],[-2.49157,43.06596],[-2.49171,43.06586],[-2.49204,43.06562],[-2.49213,43.06555],[-2.49215,43.0655]]}},{"type":"Feature","properties":{"id":46734659,"highway":"living_street"},"geometry":{"type":"LineString","coordinates":[[-2.49125,43.06619],[-2.49136,43.06629],[-2.49139,43.06632]]}},{"type":"Feature","properties":{"id":47089138,"highway":"residential","nombre":"Martxoaren 8 kalea"},"geometry":{"type":"LineString","coordinates":[[-2.48302,43.06492],[-2.48297,43.06498],[-2.48295,43.06504],[-2.48308,43.06546],[-2.48309,43.06549],[-2.48309,43.0655]]}},{"type":"Feature","properties":{"id":48833352,"highway":"service"},"geometry":{"type":"LineString","coordinates":[[-2.47872,43.07005],[-2.47885,43.07009],[-2.4789,43.07012],[-2.47891,43.07018],[-2.47881,43.07036],[-2.47874,43.07057],[-2.47872,43.07061],[-2.47864,43.07068],[-2.47838,43.07088],[-2.47831,43.0709],[-2.47823,43.0709],[-2.47812,43.0709],[-2.47802,43.07094],[-2.47791,43.07101],[-2.47771,43.07116],[-2.47767,43.07122],[-2.47767,43.07128],[-2.47777,43.07147],[-2.47784,43.0716],[-2.4779,43.07169]]}},{"type":"Feature","properties":{"id":52249240,"highway":"unclassified"},"geometry":{"type":"LineString","coordinates":[[-2.53364,43.0612],[-2.53372,43.06122],[-2.53391,43.06121],[-2.53413,43.06111],[-2.53429,43.06099],[-2.53454,43.06082],[-2.5347,43.06069],[-2.53472,43.06062],[-2.53466,43.0605],[-2.53447,43.0603],[-2.53428,43.06018],[-2.53407,43.05997],[-2.53393,43.05983],[-2.53387,43.0597],[-2.53384,43.05962],[-2.5338,43.05953]]}},{"type":"Feature","properties":{"id":52249241,"highway":"unclassified"},"geometry":{"type":"LineString","coordinates":[[-2.53472,43.06062],[-2.53479,43.06072],[-2.53491,43.06091],[-2.53491,43.06112],[-2.5346,43.06138],[-2.53422,43.06156],[-2.53392,43.06166],[-2.53366,43.06172],[-2.53333,43.06175],[-2.53307,43.06175],[-2.53302,43.06175],[-2.53294,43.06175],[-2.53276,43.06175],[-2.53253,43.06179],[-2.53233,43.06189],[-2.53221,43.06194],[-2.53208,43.062],[-2.53196,43.06208],[-2.53183,43.06216],[-2.53163,43.06228],[-2.53153,43.06233],[-2.53142,43.06239],[-2.53132,43.0624],[-2.5312,43.06241]]}},{"type":"Feature","properties":{"id":52249243,"highway":"residential"},"geometry":{"type":"LineString","coordinates":[[-2.53115,43.06245],[-2.5312,43.06247],[-2.53128,43.06252],[-2.53137,43.06271],[-2.53146,43.0628]]}},{"type":"Feature","properties":{"id":52738521,"highway":"unclassified","nombre":"Gesalibar auzoa","superficie":"asphalt"},"geometry":{"type":"LineString","coordinates":[[-2.53131,43.06323],[-2.53137,43.06324],[-2.5315,43.06326],[-2.53157,43.06328],[-2.53161,43.06331],[-2.53175,43.06345],[-2.53184,43.06356],[-2.53192,43.06367],[-2.53212,43.06383],[-2.53219,43.06389],[-2.53231,43.06394],[-2.53251,43.06399],[-2.53283,43.06416],[-2.533,43.06427],[-2.53316,43.0644],[-2.53316,43.06443],[-2.53317,43.06446],[-2.53308,43.06453],[-2.53278,43.06467],[-2.5326,43.06472],[-2.53251,43.06481],[-2.53248,43.06488],[-2.53243,43.06499],[-2.5324,43.06506],[-2.53235,43.06521],[-2.53224,43.06529],[-2.53207,43.06539],[-2.53205,43.06542],[-2.53206,43.06549],[-2.53215,43.06551],[-2.53216,43.06551],[-2.53232,43.06549],[-2.5325,43.0655],[-2.53278,43.06556],[-2.53289,43.06557],[-2.53325,43.06562],[-2.53339,43.06566],[-2.5338,43.06578],[-2.53412,43.06588],[-2.53434,43.06595],[-2.53467,43.06614],[-2.53489,43.06629],[-2.5352,43.06652],[-2.53541,43.06671],[-2.53554,43.06689],[-2.5356,43.06709],[-2.53561,43.06722],[-2.53563,43.06745],[-2.53563,43.0675]]}},{"type":"Feature","properties":{"id":52739250,"highway":"service","superficie":"asphalt"},"geometry":{"type":"LineString","coordinates":[[-2.53563,43.0675],[-2.53562,43.06761],[-2.5356,43.06778],[-2.53556,43.06787],[-2.53547,43.06793],[-2.5354,43.06796],[-2.53531,43.06803],[-2.53528,43.06808],[-2.5352,43.06817],[-2.53514,43.0682],[-2.53496,43.06824],[-2.53487,43.06824],[-2.53476,43.06824],[-2.53472,43.06822],[-2.53469,43.0682],[-2.53464,43.06808],[-2.53462,43.06792],[-2.53457,43.06786],[-2.53448,43.06779],[-2.53439,43.06772],[-2.53437,43.06769]]}},{"type":"Feature","properties":{"id":52739269,"highway":"unclassified"},"geometry":{"type":"LineString","coordinates":[[-2.52612,43.07032],[-2.52653,43.07052],[-2.52708,43.07079],[-2.52728,43.07088],[-2.52739,43.07094],[-2.5277,43.0711],[-2.52805,43.07128],[-2.52848,43.0714],[-2.5287,43.07144],[-2.52888,43.07149],[-2.52919,43.07158],[-2.52942,43.07173],[-2.52987,43.07187],[-2.53011,43.07193],[-2.53031,43.072],[-2.53049,43.07209],[-2.53065,43.07219],[-2.53074,43.07226],[-2.5309,43.07236],[-2.531,43.07241],[-2.53104,43.07243],[-2.53115,43.07245],[-2.53125,43.07246],[-2.53134,43.07245],[-2.53183,43.07232],[-2.53231,43.07217],[-2.53239,43.07214],[-2.53246,43.0721],[-2.53258,43.07201],[-2.53267,43.07196],[-2.53282,43.07189],[-2.53292,43.07186],[-2.53301,43.07184],[-2.5331,43.07183],[-2.53336,43.07181],[-2.53343,43.07179],[-2.53357,43.07174],[-2.53367,43.0717],[-2.53378,43.07167]]}},{"type":"Feature","properties":{"id":52878810,"highway":"pedestrian","nombre":"Monterron parkera sarrera"},"geometry":{"type":"LineString","coordinates":[[-2.49142,43.06653],[-2.49148,43.0666],[-2.49148,43.06664],[-2.49146,43.06666],[-2.4914,43.06673],[-2.49127,43.06688],[-2.49119,43.06697],[-2.49119,43.06698],[-2.49117,43.06701],[-2.49119,43.06706],[-2.49125,43.0671]]}},{"type":"Feature","properties":{"id":52878904,"highway":"footway"},"geometry":{"type":"LineString","coordinates":[[-2.49139,43.067],[-2.49146,43.06704],[-2.49151,43.0671],[-2.49164,43.06714],[-2.49175,43.06715],[-2.49195,43.06712],[-2.49203,43.06707],[-2.49212,43.06701],[-2.49214,43.06697],[-2.49217,43.06687],[-2.49217,43.0668],[-2.49207,43.06668],[-2.49197,43.06661]]}},{"type":"Feature","properties":{"id":52879775,"highway":"pedestrian"},"geometry":{"type":"LineString","coordinates":[[-2.48591,43.06599],[-2.48591,43.06603],[-2.48575,43.06607],[-2.48568,43.06608],[-2.4856,43.06614]]}},{"type":"Feature","properties":{"id":52879777,"highway":"residential"},"geometry":{"type":"LineString","coordinates":[[-2.48753,43.06536],[-2.48724,43.06499],[-2.4872,43.06494]]}},{"type":"Feature","properties":{"id":52879778,"highway":"residential"},"geometry":{"type":"LineString","coordinates":[[-2.48692,43.0656],[-2.48713,43.06552],[-2.48734,43.06543],[-2.4874,43.06541],[-2.48753,43.06536],[-2.48776,43.06527],[-2.4874,43.06492],[-2.4874,43.06491],[-2.48736,43.06487]]}},{"type":"Feature","properties":{"id":52879779,"highway":"residential","nombre":"Alfonso X Jakintsua plaza"},"geometry":{"type":"LineString","coordinates":[[-2.48734,43.06543],[-2.48713,43.06516],[-2.48701,43.06501]]}},{"type":"Feature","properties":{"id":52879781,"highway":"residential","nombre":"Alfonso X Jakintsua plaza"},"geometry":{"type":"LineString","coordinates":[[-2.48713,43.06516],[-2.4867,43.06533]]}},{"type":"Feature","properties":{"id":52879785,"highway":"residential","nombre":"Alfonso X Jakintsua plaza"},"geometry":{"type":"LineString","coordinates":[[-2.48692,43.0656],[-2.48691,43.06559],[-2.4867,43.06533],[-2.48658,43.06518]]}},{"type":"Feature","properties":{"id":52879787,"highway":"footway"},"geometry":{"type":"LineString","coordinates":[[-2.48615,43.06581],[-2.48612,43.06591],[-2.48611,43.06594]]}},{"type":"Feature","properties":{"id":52879788,"highway":"steps"},"geometry":{"type":"LineString","coordinates":[[-2.48611,43.06594],[-2.48607,43.066],[-2.48605,43.06599],[-2.48609,43.06592],[-2.48605,43.06592],[-2.48604,43.06594],[-2.48602,43.06597],[-2.48591,43.06599]]}},{"type":"Feature","properties":{"id":53848626,"highway":"footway"},"geometry":{"type":"LineString","coordinates":[[-2.49305,43.06579],[-2.493,43.06572]]}},{"type":"Feature","properties":{"id":53848627,"highway":"steps"},"geometry":{"type":"LineString","coordinates":[[-2.49351,43.06587],[-2.49341,43.06587],[-2.49334,43.06589],[-2.49325,43.06592],[-2.4932,43.06593],[-2.49315,43.06592]]}},{"type":"Feature","properties":{"id":53848628,"highway":"steps"},"geometry":{"type":"LineString","coordinates":[[-2.49315,43.06592],[-2.49305,43.06579]]}},{"type":"Feature","properties":{"id":53848629,"highway":"residential","nombre":"Markoalde kalea"},"geometry":{"type":"LineString","coordinates":[[-2.49027,43.06795],[-2.49043,43.0679],[-2.49048,43.06786],[-2.49069,43.06769],[-2.49074,43.06762],[-2.49074,43.06758],[-2.49076,43.06756],[-2.49083,43.06752],[-2.4909,43.06747],[-2.49097,43.0674],[-2.49101,43.06734],[-2.49106,43.06726],[-2.49108,43.06721],[-2.49113,43.06713],[-2.49111,43.06706],[-2.49104,43.067],[-2.49101,43.06696]]}},{"type":"Feature","properties":{"id":53848918,"highway":"residential"},"geometry":{"type":"LineString","coordinates":[[-2.4837,43.0662],[-2.48371,43.06616],[-2.48374,43.06612],[-2.48377,43.06605],[-2.48381,43.06601],[-2.48406,43.06602],[-2.48427,43.06603],[-2.48442,43.06604],[-2.4845,43.06604],[-2.48479,43.06604],[-2.48523,43.06602],[-2.48541,43.06601]]}},{"type":"Feature","properties":{"id":53848919,"highway":"footway"},"geometry":{"type":"LineString","coordinates":[[-2.48278,43.06659],[-2.48276,43.06654],[-2.48283,43.06654],[-2.48321,43.06653],[-2.48376,43.06658],[-2.48395,43.06658],[-2.48402,43.06656]]}},{"type":"Feature","properties":{"id":53848921,"highway":"footway"},"geometry":{"type":"LineString","coordinates":[[-2.48713,43.06732],[-2.48716,43.06734],[-2.4872,43.06736],[-2.48725,43.06745],[-2.48727,43.0675],[-2.48728,43.06753],[-2.48727,43.06755],[-2.48727,43.06758],[-2.4873,43.0676],[-2.48732,43.06761],[-2.48733,43.0676],[-2.48732,43.06759],[-2.4873,43.06757],[-2.4873,43.06755],[-2.48734,43.06753],[-2.48739,43.06753],[-2.48758,43.06763]]}},{"type":"Feature","properties":{"id":53848923,"highway":"footway"},"geometry":{"type":"LineString","coordinates":[[-2.48436,43.06695],[-2.48433,43.06697],[-2.48434,43.06698],[-2.48416,43.06725],[-2.48408,43.06736],[-2.48407,43.06736],[-2.48406,43.06737]]}},{"type":"Feature","properties":{"id":53849089,"highway":"steps"},"geometry":{"type":"LineString","coordinates":[[-2.48024,43.06787],[-2.4802,43.06789],[-2.48017,43.0679],[-2.48013,43.0679],[-2.4801,43.0679],[-2.48007,43.06789],[-2.48004,43.06786],[-2.48,43.06785],[-2.47997,43.06786],[-2.47996,43.06786]]}},{"type":"Feature","properties":{"id":53849090,"highway":"steps"},"geometry":{"type":"LineString","coordinates":[[-2.48176,43.06673],[-2.48162,43.06659]]}},{"type":"Feature","properties":{"id":53849091,"highway":"steps"},"geometry":{"type":"LineString","coordinates":[[-2.48212,43.06687],[-2.48211,43.0668],[-2.48212,43.06672],[-2.4821,43.06666]]}},{"type":"Feature","properties":{"id":53849092,"highway":"footway"},"geometry":{"type":"LineString","coordinates":[[-2.4821,43.06666],[-2.48205,43.06674],[-2.48181,43.06687],[-2.48167,43.06694],[-2.48163,43.06697],[-2.48164,43.067]]}},{"type":"Feature","properties":{"id":53849097,"highway":"footway"},"geometry":{"type":"LineString","coordinates":[[-2.47978,43.06859],[-2.4797,43.06853],[-2.47981,43.06843],[-2.47979,43.06842],[-2.47972,43.06848],[-2.47966,43.06853],[-2.47959,43.06847],[-2.47958,43.06847],[-2.47952,43.06842],[-2.47944,43.06835],[-2.47935,43.06828],[-2.47931,43.06825]]}},{"type":"Feature","properties":{"id":53895506,"highway":"footway"},"geometry":{"type":"LineString","coordinates":[[-2.47931,43.0674],[-2.47877,43.06779],[-2.47872,43.06782],[-2.47868,43.06785],[-2.47813,43.06822]]}},{"type":"Feature","properties":{"id":53895507,"highway":"footway"},"geometry":{"type":"LineString","coordinates":[[-2.47868,43.06785],[-2.47883,43.06797],[-2.47833,43.06831]]}},{"type":"Feature","properties":{"id":53895508,"highway":"footway"},"geometry":{"type":"LineString","coordinates":[[-2.47933,43.0689],[-2.47914,43.06876],[-2.47914,43.06876],[-2.47903,43.06868],[-2.4793,43.06849],[-2.47918,43.06839]]}},{"type":"Feature","properties":{"id":53895510,"highway":"footway"},"geometry":{"type":"LineString","coordinates":[[-2.47958,43.06847],[-2.47942,43.06858],[-2.47914,43.06876]]}},{"type":"Feature","properties":{"id":53895511,"highway":"footway"},"geometry":{"type":"LineString","coordinates":[[-2.47942,43.06858],[-2.4793,43.06849]]}},{"type":"Feature","properties":{"id":53897792,"highway":"residential"},"geometry":{"type":"LineString","coordinates":[[-2.47948,43.06985],[-2.4792,43.07009]]}},{"type":"Feature","properties":{"id":53899002,"highway":"footway"},"geometry":{"type":"LineString","coordinates":[[-2.49239,43.06385],[-2.49229,43.06398],[-2.49221,43.06409],[-2.49212,43.06423],[-2.49206,43.06428]]}},{"type":"Feature","properties":{"id":53899880,"highway":"residential","nombre":"Arrasate pasealekua","oneway":"yes"},"geometry":{"type":"LineString","coordinates":[[-2.4911,43.06471],[-2.49114,43.06468],[-2.49119,43.06464],[-2.49147,43.06427],[-2.49179,43.06386],[-2.49198,43.06358],[-2.49206,43.06351],[-2.49214,43.06346],[-2.4922,43.06343],[-2.49246,43.06336],[-2.49268,43.06329],[-2.49349,43.06306],[-2.49363,43.063],[-2.49374,43.06294]]}},{"type":"Feature","properties":{"id":53901070,"highway":"residential","oneway":"no"},"geometry":{"type":"LineString","coordinates":[[-2.49891,43.0623],[-2.49887,43.06226],[-2.49885,43.06224],[-2.49883,43.06222]]}},{"type":"Feature","properties":{"id":53901074,"highway":"residential","oneway":"no"},"geometry":{"type":"LineString","coordinates":[[-2.49872,43.06213],[-2.49871,43.0621],[-2.49872,43.06207],[-2.49888,43.06193],[-2.49906,43.06178],[-2.49915,43.06172],[-2.49926,43.06169],[-2.49931,43.06166],[-2.49931,43.06162],[-2.4993,43.06154],[-2.49927,43.06139],[-2.49923,43.06125]]}},{"type":"Feature","properties":{"id":53901075,"highway":"residential","oneway":"no","puente":"yes"},"geometry":{"type":"LineString","coordinates":[[-2.49883,43.06222],[-2.49872,43.06213]]}},{"type":"Feature","properties":{"id":53901076,"highway":"steps"},"geometry":{"type":"LineString","coordinates":[[-2.49435,43.06208],[-2.49427,43.06208],[-2.49425,43.062],[-2.4941,43.062],[-2.49409,43.06217]]}},{"type":"Feature","properties":{"id":53903034,"highway":"service"},"geometry":{"type":"LineString","coordinates":[[-2.49762,43.06332],[-2.49766,43.0633],[-2.49789,43.06317],[-2.49852,43.06278]]}},{"type":"Feature","properties":{"id":53903051,"highway":"service"},"geometry":{"type":"LineString","coordinates":[[-2.49743,43.06312],[-2.49753,43.06322],[-2.49762,43.06332],[-2.49768,43.06338]]}},{"type":"Feature","properties":{"id":54684323,"highway":"footway"},"geometry":{"type":"LineString","coordinates":[[-2.4814,43.06563],[-2.48123,43.0653]]}},{"type":"Feature","properties":{"id":54684330,"highway":"footway"},"geometry":{"type":"LineString","coordinates":[[-2.4808,43.0662],[-2.48055,43.06594],[-2.48047,43.06597]]}},{"type":"Feature","properties":{"id":54684332,"highway":"footway"},"geometry":{"type":"LineString","coordinates":[[-2.48034,43.06601],[-2.48047,43.06597]]}},{"type":"Feature","properties":{"id":54684396,"highway":"steps"},"geometry":{"type":"LineString","coordinates":[[-2.48162,43.06573],[-2.48188,43.06599]]}},{"type":"Feature","properties":{"id":54684473,"highway":"steps"},"geometry":{"type":"LineString","coordinates":[[-2.48115,43.06612],[-2.48126,43.06623]]}},{"type":"Feature","properties":{"id":54689779,"highway":"footway"},"geometry":{"type":"LineString","coordinates":[[-2.48024,43.06648],[-2.48016,43.06652],[-2.48011,43.06652],[-2.48006,43.06651],[-2.48006,43.06647],[-2.48008,43.06644],[-2.48009,43.06643],[-2.48007,43.0664],[-2.48004,43.06632],[-2.48001,43.06625],[-2.48001,43.06615],[-2.48,43.06612],[-2.47995,43.06606]]}},{"type":"Feature","properties":{"id":54689780,"highway":"steps"},"geometry":{"type":"LineString","coordinates":[[-2.48522,43.06578],[-2.48522,43.06579],[-2.48505,43.06579],[-2.48505,43.0658]]}},{"type":"Feature","properties":{"id":54689781,"highway":"steps"},"geometry":{"type":"LineString","coordinates":[[-2.48024,43.06648],[-2.48021,43.06646],[-2.48008,43.06644]]}},{"type":"Feature","properties":{"id":54689782,"highway":"footway"},"geometry":{"type":"LineString","coordinates":[[-2.48026,43.06649],[-2.48024,43.06648]]}},{"type":"Feature","properties":{"id":54690342,"highway":"unclassified"},"geometry":{"type":"LineString","coordinates":[[-2.47648,43.06166],[-2.47656,43.06161],[-2.47661,43.06156],[-2.47668,43.0615],[-2.47672,43.06143],[-2.47677,43.06136],[-2.4768,43.06129],[-2.47685,43.06123],[-2.47693,43.06118],[-2.47702,43.06112],[-2.47718,43.06108],[-2.47733,43.06106],[-2.47754,43.06102],[-2.47779,43.06094],[-2.47791,43.0609],[-2.47803,43.06085],[-2.47816,43.0608],[-2.47834,43.06076],[-2.47851,43.06074],[-2.47867,43.0607],[-2.47875,43.06062],[-2.47875,43.06056],[-2.47874,43.0605],[-2.47871,43.06045],[-2.47863,43.06033],[-2.4785,43.06025]]}},{"type":"Feature","properties":{"id":54690344,"highway":"unclassified"},"geometry":{"type":"LineString","coordinates":[[-2.47989,43.06172],[-2.47976,43.06185],[-2.47965,43.06197],[-2.47953,43.06205],[-2.47942,43.06208],[-2.47933,43.06207],[-2.47919,43.06203],[-2.47907,43.06204],[-2.47895,43.06208],[-2.47869,43.06224],[-2.47853,43.06234],[-2.47836,43.06243],[-2.47816,43.06252]]}},{"type":"Feature","properties":{"id":54691191,"highway":"footway"},"geometry":{"type":"LineString","coordinates":[[-2.47901,43.06371],[-2.47898,43.06374],[-2.4789,43.06385],[-2.47866,43.06415],[-2.47839,43.06449],[-2.47834,43.06457],[-2.47826,43.06468],[-2.47807,43.0649],[-2.4779,43.06512],[-2.47769,43.06538],[-2.47762,43.06547],[-2.47748,43.06563],[-2.47736,43.06577]]}},{"type":"Feature","properties":{"id":56179766,"highway":"steps"},"geometry":{"type":"LineString","coordinates":[[-2.4896,43.06515],[-2.48949,43.06501]]}},{"type":"Feature","properties":{"id":56179767,"highway":"footway"},"geometry":{"type":"LineString","coordinates":[[-2.48949,43.06501],[-2.48941,43.06491],[-2.48936,43.06485],[-2.48936,43.06484]]}},{"type":"Feature","properties":{"id":56179768,"highway":"footway"},"geometry":{"type":"LineString","coordinates":[[-2.4897,43.06528],[-2.4896,43.06515]]}},{"type":"Feature","properties":{"id":56455402,"highway":"cycleway","nombre":"Vasco-Navarroaren bide berdea","izena_eu":"Vasco-Navarroaren bide berdea","nombre_es":"Via Verde del Vasco Navarro","tunel":"yes"},"geometry":{"type":"LineString","coordinates":[[-2.47113,43.07258],[-2.47096,43.07254],[-2.47082,43.07253],[-2.47063,43.07252]]}},{"type":"Feature","properties":{"id":56455403,"highway":"cycleway","tunel":"yes"},"geometry":{"type":"LineString","coordinates":[[-2.46253,43.07509],[-2.46193,43.07546]]}},{"type":"Feature","properties":{"id":56455404,"highway":"footway","puente":"yes"},"geometry":{"type":"LineString","coordinates":[[-2.47126,43.07244],[-2.47105,43.07262]]}},{"type":"Feature","properties":{"id":56455405,"highway":"cycleway","nombre":"Vasco-Navarroaren bide berdea","izena_eu":"Vasco-Navarroaren bide berdea","nombre_es":"Via Verde del Vasco Navarro","oneway":"no"},"geometry":{"type":"LineString","coordinates":[[-2.47049,43.07256],[-2.4704,43.07261],[-2.4703,43.07268],[-2.4701,43.07278],[-2.46994,43.07287],[-2.46952,43.07308],[-2.46932,43.07318],[-2.46915,43.07324],[-2.46833,43.07343],[-2.46684,43.07378],[-2.46571,43.07404],[-2.46453,43.07432],[-2.46437,43.07439],[-2.46427,43.07448],[-2.46406,43.07465],[-2.46394,43.07473],[-2.46381,43.07474],[-2.46371,43.07477],[-2.46357,43.07482],[-2.46347,43.07484],[-2.46304,43.07491],[-2.46284,43.07494],[-2.46273,43.07498],[-2.46264,43.07502]]}},{"type":"Feature","properties":{"id":56455406,"highway":"cycleway","nombre":"Vasco-Navarroaren bide berdea","izena_eu":"Vasco-Navarroaren bide berdea","nombre_es":"Via Verde del Vasco Navarro","oneway":"no"},"geometry":{"type":"LineString","coordinates":[[-2.46193,43.07546],[-2.46179,43.07555],[-2.46177,43.07556]]}},{"type":"Feature","properties":{"id":56456214,"highway":"footway"},"geometry":{"type":"LineString","coordinates":[[-2.47809,43.06898],[-2.47813,43.06892],[-2.47826,43.06896],[-2.47829,43.06892],[-2.4784,43.06878],[-2.47866,43.06843]]}},{"type":"Feature","properties":{"id":56456215,"highway":"footway"},"geometry":{"type":"LineString","coordinates":[[-2.47864,43.06887],[-2.4784,43.06878]]}},{"type":"Feature","properties":{"id":56456216,"highway":"footway","tunel":"yes"},"geometry":{"type":"LineString","coordinates":[[-2.46284,43.07468],[-2.46193,43.07502]]}},{"type":"Feature","properties":{"id":56456221,"highway":"footway"},"geometry":{"type":"LineString","coordinates":[[-2.46193,43.07502],[-2.46175,43.07513]]}},{"type":"Feature","properties":{"id":56456222,"highway":"footway"},"geometry":{"type":"LineString","coordinates":[[-2.47095,43.07229],[-2.47104,43.0722],[-2.47103,43.07217],[-2.471,43.07212],[-2.47093,43.07209],[-2.47081,43.07211],[-2.47053,43.07225],[-2.47012,43.07245],[-2.46967,43.07267],[-2.46915,43.07292],[-2.46877,43.07305],[-2.46785,43.07325],[-2.46705,43.07344],[-2.46624,43.07361],[-2.46585,43.07369],[-2.46521,43.07387],[-2.46471,43.07399],[-2.46437,43.07411],[-2.46393,43.07433],[-2.46368,43.07451],[-2.46353,43.07458],[-2.4632,43.07464],[-2.46284,43.07468]]}},{"type":"Feature","properties":{"id":58701089,"highway":"tertiary","nombre":"Gipuzkoa etorbidea","oneway":"yes"},"geometry":{"type":"LineString","coordinates":[[-2.48615,43.06581],[-2.48632,43.06585],[-2.48636,43.06588],[-2.48643,43.06591]]}},{"type":"Feature","properties":{"id":61319810,"highway":"secondary","ref":"A-2620"},"geometry":{"type":"LineString","coordinates":[[-2.53412,43.05944],[-2.53413,43.05944]]}},{"type":"Feature","properties":{"id":61695215,"highway":"unclassified","oneway":"yes"},"geometry":{"type":"LineString","coordinates":[[-2.5069,43.0621],[-2.50696,43.06202],[-2.50705,43.06202],[-2.50711,43.06205],[-2.50715,43.06208],[-2.5072,43.06212]]}},{"type":"Feature","properties":{"id":61695217,"highway":"secondary","nombre":"Olandixoko tunela","ref":"GI-2620","tunel":"yes","superficie":"asphalt"},"geometry":{"type":"LineString","coordinates":[[-2.50388,43.05966],[-2.4982,43.05452],[-2.49761,43.05379]]}},{"type":"Feature","properties":{"id":63581503,"highway":"secondary","ref":"GI-2620","superficie":"asphalt"},"geometry":{"type":"LineString","coordinates":[[-2.50688,43.06219],[-2.5069,43.0621],[-2.50688,43.06204],[-2.50685,43.06199],[-2.50678,43.06194],[-2.50668,43.06192],[-2.50666,43.06192],[-2.50656,43.06194],[-2.50647,43.06197],[-2.50641,43.06202],[-2.50639,43.06209]]}},{"type":"Feature","properties":{"id":63581508,"highway":"secondary","ref":"GI-2620","oneway":"yes","superficie":"asphalt"},"geometry":{"type":"LineString","coordinates":[[-2.50671,43.06229],[-2.50711,43.06254]]}},{"type":"Feature","properties":{"id":63581518,"highway":"tertiary","nombre":"Uribarri etorbidea","oneway":"yes","superficie":"asphalt"},"geometry":{"type":"LineString","coordinates":[[-2.50639,43.06209],[-2.50628,43.06216],[-2.50617,43.06218],[-2.50598,43.06216]]}},{"type":"Feature","properties":{"id":63581519,"highway":"secondary","ref":"GI-2620","superficie":"asphalt"},"geometry":{"type":"LineString","coordinates":[[-2.49761,43.05379],[-2.49744,43.05344],[-2.49728,43.05303],[-2.49717,43.05247],[-2.49715,43.05192],[-2.49721,43.05138],[-2.49737,43.05087],[-2.4976,43.05036],[-2.498,43.04978],[-2.49826,43.0495],[-2.49852,43.04926],[-2.499,43.0488],[-2.49957,43.04829],[-2.49989,43.04802],[-2.50005,43.04786]]}},{"type":"Feature","properties":{"id":63581521,"highway":"cycleway"},"geometry":{"type":"LineString","coordinates":[[-2.508,43.06133],[-2.50786,43.06123],[-2.50765,43.06114],[-2.50756,43.06112],[-2.50721,43.06111],[-2.5068,43.0611],[-2.50646,43.0611],[-2.50639,43.06109],[-2.50631,43.06106],[-2.50622,43.06102],[-2.50612,43.06095],[-2.50604,43.06088],[-2.50593,43.06075],[-2.50578,43.06056],[-2.50569,43.06042],[-2.50555,43.06034],[-2.50544,43.0603],[-2.50527,43.06023],[-2.50503,43.06017],[-2.50463,43.06013],[-2.50419,43.06013],[-2.50391,43.06011],[-2.50371,43.06012],[-2.50348,43.06019],[-2.50328,43.06022],[-2.50316,43.06024]]}},{"type":"Feature","properties":{"id":64226640,"highway":"path"},"geometry":{"type":"LineString","coordinates":[[-2.51022,43.08752],[-2.51029,43.08755],[-2.51048,43.08761],[-2.51057,43.08765],[-2.51064,43.0877],[-2.51072,43.08773],[-2.51083,43.08774],[-2.51093,43.08776],[-2.51104,43.0878],[-2.51122,43.08783],[-2.51143,43.0879],[-2.51159,43.08796],[-2.51176,43.08798],[-2.5119,43.08802],[-2.51201,43.08804],[-2.51203,43.08803],[-2.51203,43.08799],[-2.51206,43.08807],[-2.51216,43.08814],[-2.51219,43.08821],[-2.5122,43.08828],[-2.51218,43.08832],[-2.51216,43.08836],[-2.51212,43.08841],[-2.51218,43.08852],[-2.5122,43.08855]]}},{"type":"Feature","properties":{"id":64226656,"highway":"track"},"geometry":{"type":"LineString","coordinates":[[-2.51235,43.08223],[-2.51226,43.08222],[-2.5121,43.08217],[-2.51198,43.08211],[-2.51194,43.08203],[-2.51195,43.08189],[-2.51198,43.08172],[-2.51204,43.08166],[-2.51213,43.0816],[-2.51217,43.08152],[-2.51215,43.08146],[-2.51214,43.08143],[-2.51208,43.08137],[-2.51194,43.08137],[-2.51191,43.08135],[-2.51189,43.0813],[-2.51189,43.08126],[-2.51199,43.08122],[-2.51231,43.08113],[-2.51237,43.08111],[-2.51245,43.081],[-2.51268,43.08079],[-2.51281,43.08063],[-2.51289,43.08046],[-2.51298,43.08028],[-2.51311,43.08015],[-2.51328,43.08002],[-2.51347,43.07989],[-2.51361,43.07981],[-2.51369,43.0797],[-2.51382,43.07947],[-2.51383,43.07945],[-2.51387,43.07943],[-2.51399,43.07942],[-2.51417,43.07947]]}},{"type":"Feature","properties":{"id":64233406,"highway":"path"},"geometry":{"type":"LineString","coordinates":[[-2.51285,43.08944],[-2.51298,43.08948],[-2.51308,43.08952],[-2.51314,43.08957],[-2.5132,43.08962],[-2.51325,43.08967],[-2.5133,43.08972],[-2.51332,43.08976],[-2.51337,43.08983],[-2.51343,43.08989],[-2.5135,43.08992],[-2.51356,43.08996],[-2.51359,43.08999],[-2.51363,43.09],[-2.51367,43.09003]]}},{"type":"Feature","properties":{"id":64233442,"highway":"path"},"geometry":{"type":"LineString","coordinates":[[-2.51367,43.09003],[-2.5136,43.09005],[-2.51352,43.09004],[-2.51345,43.09002],[-2.51341,43.09],[-2.51338,43.08995],[-2.51333,43.0899],[-2.5133,43.08985],[-2.51326,43.08982],[-2.51316,43.08969],[-2.51309,43.08966],[-2.51303,43.08959],[-2.51291,43.08951],[-2.51285,43.08944],[-2.51282,43.08943],[-2.51278,43.0894],[-2.51273,43.08934],[-2.51269,43.08931],[-2.51268,43.08929],[-2.5127,43.08927],[-2.51272,43.08925],[-2.51274,43.08923],[-2.5127,43.08913],[-2.51267,43.08908],[-2.51265,43.08903],[-2.51257,43.08893],[-2.5125,43.08882],[-2.51245,43.08877],[-2.5124,43.08869],[-2.51229,43.08863],[-2.5122,43.08855]]}},{"type":"Feature","properties":{"id":64233470,"highway":"path"},"geometry":{"type":"LineString","coordinates":[[-2.51301,43.08932],[-2.51301,43.0893],[-2.51298,43.08929],[-2.51292,43.08926],[-2.5129,43.08924],[-2.51287,43.08923],[-2.51284,43.08922],[-2.5128,43.08921],[-2.51274,43.08923]]}},{"type":"Feature","properties":{"id":64233564,"highway":"path","tunel":"yes"},"geometry":{"type":"LineString","coordinates":[[-2.513,43.08932],[-2.51301,43.08932]]}},{"type":"Feature","properties":{"id":64233829,"highway":"track"},"geometry":{"type":"LineString","coordinates":[[-2.51235,43.08223],[-2.5125,43.08229],[-2.51255,43.08231],[-2.51265,43.08235],[-2.51273,43.08238],[-2.51285,43.0824],[-2.51302,43.08241],[-2.51319,43.08243],[-2.51338,43.08246],[-2.51359,43.08248],[-2.51377,43.08251],[-2.51387,43.08257],[-2.51397,43.08261],[-2.51414,43.08268],[-2.51426,43.08271]]}},{"type":"Feature","properties":{"id":64238137,"highway":"path"},"geometry":{"type":"LineString","coordinates":[[-2.51347,43.07989],[-2.51355,43.07972],[-2.51363,43.07958],[-2.51369,43.07947],[-2.51375,43.07941],[-2.51385,43.07936],[-2.51383,43.07927],[-2.51371,43.07918],[-2.51357,43.07911],[-2.51341,43.07899],[-2.51333,43.07891],[-2.51325,43.07884],[-2.51306,43.07865],[-2.51295,43.07849],[-2.5129,43.07834],[-2.5129,43.07812],[-2.51296,43.07798],[-2.51298,43.07795]]}},{"type":"Feature","properties":{"id":64238143,"highway":"path"},"geometry":{"type":"LineString","coordinates":[[-2.51426,43.08271],[-2.51434,43.08274],[-2.51442,43.08277],[-2.51448,43.08281],[-2.51451,43.08287],[-2.51453,43.08294],[-2.51455,43.083],[-2.51461,43.08307],[-2.51474,43.08315],[-2.51481,43.08317],[-2.51484,43.0832],[-2.51484,43.08324],[-2.51484,43.0833],[-2.51481,43.08337],[-2.51477,43.0834],[-2.51473,43.08344],[-2.5147,43.0835],[-2.51467,43.08358],[-2.51466,43.08365],[-2.51466,43.08372],[-2.51467,43.08376],[-2.51471,43.08383],[-2.51473,43.08387],[-2.51476,43.08396],[-2.51478,43.08403],[-2.51483,43.0841],[-2.51486,43.08415],[-2.51486,43.08421],[-2.51491,43.08435],[-2.51494,43.08446],[-2.51494,43.08453],[-2.51494,43.0846],[-2.51494,43.08466],[-2.51488,43.0847],[-2.51484,43.08473],[-2.51482,43.08478],[-2.51483,43.08483],[-2.51486,43.08489],[-2.51489,43.08491],[-2.51493,43.08491],[-2.515,43.08491],[-2.51508,43.08493],[-2.51509,43.08497],[-2.51511,43.08501],[-2.51513,43.08505],[-2.51515,43.08509],[-2.51514,43.08513],[-2.51517,43.08516],[-2.5152,43.0852],[-2.51526,43.08522],[-2.51534,43.08527],[-2.51543,43.08532],[-2.51551,43.08537],[-2.51554,43.08541],[-2.51554,43.08545],[-2.51554,43.08549],[-2.51563,43.08549],[-2.51568,43.08552],[-2.51571,43.08556],[-2.51578,43.08564],[-2.51583,43.08567],[-2.51586,43.08569],[-2.51588,43.08572],[-2.51587,43.08572],[-2.51595,43.08574],[-2.51601,43.08574],[-2.51608,43.08575],[-2.51613,43.08576],[-2.51619,43.08576],[-2.51625,43.08577],[-2.51633,43.08579],[-2.5164,43.08581],[-2.51649,43.08585],[-2.51655,43.08589],[-2.51658,43.08589],[-2.5166,43.08592],[-2.51662,43.08595],[-2.51668,43.08599],[-2.51672,43.08601],[-2.51675,43.08604],[-2.51682,43.08607]]}},{"type":"Feature","properties":{"id":64238218,"highway":"path"},"geometry":{"type":"LineString","coordinates":[[-2.5122,43.08855],[-2.51209,43.08853],[-2.512,43.08851],[-2.51189,43.08852],[-2.51182,43.08851],[-2.51167,43.08841],[-2.51158,43.08838],[-2.51148,43.08837],[-2.51136,43.08833],[-2.51127,43.08832],[-2.51112,43.0883],[-2.51101,43.08828],[-2.51087,43.08821],[-2.51076,43.08815],[-2.51061,43.08803],[-2.51051,43.08792],[-2.5105,43.0878],[-2.51046,43.08772],[-2.5104,43.08765],[-2.51032,43.08759],[-2.51022,43.08752],[-2.51013,43.08747],[-2.51007,43.08744],[-2.50993,43.08739],[-2.50982,43.08736],[-2.50979,43.08731],[-2.50973,43.08724],[-2.50965,43.08718],[-2.50959,43.08716],[-2.50954,43.08716],[-2.50948,43.08711],[-2.50936,43.08704],[-2.50926,43.08701],[-2.50924,43.08693],[-2.50917,43.08692],[-2.50916,43.08687],[-2.50916,43.08686],[-2.50911,43.08686],[-2.50907,43.08678],[-2.50904,43.08678],[-2.50899,43.08678],[-2.50894,43.08676],[-2.50891,43.08672],[-2.50888,43.08671],[-2.50884,43.08668],[-2.50879,43.08668],[-2.50876,43.08666],[-2.50868,43.08658],[-2.50862,43.08655],[-2.50858,43.08655],[-2.50852,43.08651],[-2.50846,43.08651],[-2.50845,43.08648],[-2.5084,43.08648],[-2.50838,43.08641],[-2.50833,43.08635],[-2.50827,43.08638],[-2.50824,43.08633],[-2.50817,43.08631],[-2.50814,43.0863],[-2.50796,43.08622],[-2.50809,43.08614],[-2.50822,43.08611],[-2.50831,43.08606],[-2.50839,43.08604],[-2.50851,43.08602],[-2.50849,43.08593],[-2.50855,43.08589],[-2.50858,43.08587],[-2.50864,43.08587],[-2.50874,43.08584],[-2.50877,43.08582],[-2.50887,43.08581],[-2.50899,43.0858],[-2.50908,43.08577],[-2.50927,43.08576],[-2.50931,43.08573],[-2.50938,43.08571],[-2.50934,43.08567],[-2.50927,43.08564],[-2.50929,43.08562],[-2.50936,43.08561],[-2.50938,43.08558],[-2.50934,43.08557],[-2.5094,43.08554],[-2.50927,43.08547],[-2.50904,43.08539],[-2.50888,43.0853],[-2.50863,43.08527],[-2.50843,43.0852],[-2.50812,43.0851],[-2.50783,43.085],[-2.50777,43.085],[-2.50765,43.08498],[-2.5076,43.08493],[-2.50754,43.08488],[-2.50743,43.08488],[-2.5074,43.08484],[-2.50745,43.0848],[-2.50753,43.08473],[-2.5077,43.08462],[-2.50766,43.08458],[-2.5078,43.08453],[-2.50789,43.08449],[-2.5078,43.08447],[-2.5079,43.0844],[-2.50785,43.08437],[-2.50793,43.08427],[-2.50802,43.0842],[-2.50816,43.08412],[-2.50827,43.08405],[-2.50832,43.08402],[-2.5084,43.08397],[-2.50847,43.08389],[-2.50864,43.08381],[-2.50871,43.08374],[-2.50884,43.08366],[-2.50892,43.08359],[-2.50902,43.0835],[-2.5092,43.08344],[-2.5093,43.08333],[-2.50938,43.08333],[-2.5095,43.08327],[-2.50959,43.08323],[-2.50968,43.08321],[-2.50982,43.08324],[-2.50992,43.08325],[-2.50998,43.08324],[-2.51004,43.0832],[-2.51008,43.08314],[-2.51033,43.08306],[-2.51043,43.08304],[-2.51065,43.08299],[-2.51073,43.08298],[-2.51084,43.08296],[-2.51092,43.08295],[-2.51107,43.08289],[-2.51124,43.08286],[-2.51137,43.08284],[-2.51161,43.08281],[-2.51179,43.08278],[-2.51199,43.08273],[-2.51213,43.08263],[-2.51214,43.08254],[-2.51221,43.08248],[-2.51231,43.08243],[-2.51233,43.08236],[-2.51235,43.08223]]}},{"type":"Feature","properties":{"id":64238295,"highway":"path"},"geometry":{"type":"LineString","coordinates":[[-2.51682,43.08607],[-2.51678,43.0861],[-2.5168,43.08614],[-2.51678,43.08615],[-2.51677,43.08617],[-2.51672,43.08622],[-2.51668,43.08625],[-2.51664,43.08626],[-2.51661,43.08625],[-2.5166,43.08626],[-2.5166,43.08628],[-2.51658,43.0863],[-2.51655,43.0863],[-2.51653,43.08631],[-2.51652,43.08635],[-2.5165,43.08636],[-2.51645,43.08637],[-2.51644,43.08638],[-2.51644,43.0864],[-2.51643,43.08643],[-2.51637,43.08643],[-2.5163,43.08645],[-2.51628,43.0865],[-2.51629,43.08654],[-2.51627,43.08654],[-2.5163,43.08659],[-2.51633,43.08662],[-2.51627,43.08664],[-2.51627,43.08666],[-2.51625,43.08667],[-2.51626,43.08668],[-2.51629,43.08672],[-2.51633,43.08678],[-2.5163,43.08681],[-2.51633,43.08681],[-2.51637,43.08688],[-2.51641,43.08694],[-2.51636,43.08695],[-2.51637,43.08697],[-2.5164,43.08699],[-2.51641,43.08702],[-2.51643,43.08708],[-2.51641,43.08709],[-2.51637,43.08709],[-2.51639,43.08714],[-2.51635,43.08715],[-2.51636,43.08717],[-2.51632,43.08718],[-2.51634,43.08721],[-2.51628,43.08722],[-2.51625,43.08724],[-2.51624,43.08727],[-2.51622,43.08727],[-2.51621,43.08729],[-2.51622,43.08732],[-2.51621,43.08736],[-2.51614,43.08738],[-2.51614,43.08741],[-2.51616,43.08746],[-2.51615,43.08746],[-2.51611,43.08745],[-2.51609,43.08746],[-2.5161,43.0875],[-2.51609,43.08751],[-2.51602,43.0875],[-2.51597,43.08748],[-2.51596,43.08749],[-2.51597,43.08752],[-2.51593,43.08753],[-2.51588,43.08753],[-2.51587,43.0876],[-2.51585,43.08761],[-2.51584,43.08762],[-2.51586,43.08764],[-2.51585,43.08768],[-2.51582,43.08771],[-2.51583,43.08773],[-2.51582,43.08775],[-2.51579,43.08773],[-2.51575,43.08772],[-2.51569,43.08771],[-2.51566,43.0877],[-2.51563,43.08773],[-2.5156,43.08773],[-2.5156,43.08778],[-2.51561,43.0878],[-2.51559,43.0878],[-2.51556,43.08778],[-2.51555,43.08781],[-2.51556,43.08783],[-2.51557,43.08786],[-2.51552,43.08784],[-2.51546,43.08785],[-2.5154,43.08784],[-2.51537,43.08782],[-2.51534,43.08782],[-2.51535,43.08784],[-2.51534,43.08786],[-2.51536,43.08792],[-2.51535,43.08793],[-2.51532,43.08792],[-2.5153,43.08792],[-2.51529,43.08795],[-2.51525,43.08793],[-2.51521,43.08792],[-2.5152,43.08794],[-2.51515,43.08794],[-2.51511,43.08793],[-2.5151,43.08795],[-2.5151,43.08797],[-2.51512,43.08799],[-2.51512,43.08803],[-2.51511,43.08805],[-2.51504,43.08802],[-2.51499,43.08799],[-2.51498,43.08799],[-2.51498,43.08802],[-2.51498,43.08804],[-2.51499,43.08807],[-2.51497,43.08811],[-2.51498,43.08817],[-2.51495,43.08819],[-2.51496,43.08821],[-2.51497,43.08824],[-2.51491,43.08825],[-2.51484,43.08821],[-2.51484,43.08819],[-2.51482,43.08817],[-2.5148,43.08816],[-2.51478,43.08821],[-2.51475,43.08822],[-2.51473,43.08819],[-2.5147,43.08823],[-2.51468,43.0882],[-2.51464,43.08816],[-2.51458,43.08813],[-2.51456,43.08814],[-2.51456,43.08818],[-2.51455,43.0882],[-2.51453,43.0882],[-2.5145,43.08818],[-2.51447,43.08818],[-2.51446,43.08819],[-2.51445,43.08821],[-2.51444,43.08825],[-2.51442,43.08827],[-2.51439,43.08825],[-2.51435,43.08827],[-2.51434,43.08829],[-2.51436,43.08836],[-2.51434,43.08836],[-2.51431,43.08835],[-2.51427,43.08834],[-2.51418,43.08829],[-2.51415,43.0883],[-2.51415,43.08831],[-2.5141,43.08839],[-2.51408,43.08838],[-2.51404,43.08835],[-2.51404,43.08837],[-2.51403,43.08838],[-2.51402,43.0884],[-2.514,43.08842],[-2.51402,43.08846],[-2.51401,43.0885],[-2.51399,43.08852],[-2.514,43.08856],[-2.51396,43.08855],[-2.51397,43.0886],[-2.51396,43.08862],[-2.51399,43.08863],[-2.51399,43.08866],[-2.51393,43.08867],[-2.51384,43.08866],[-2.51375,43.08865],[-2.51364,43.0886],[-2.51361,43.08861],[-2.51358,43.08859],[-2.51358,43.08857],[-2.51352,43.08854],[-2.51351,43.08857],[-2.51348,43.08862],[-2.51342,43.0886],[-2.51339,43.08856],[-2.51331,43.0885],[-2.51324,43.08846],[-2.51318,43.08846],[-2.51312,43.08847],[-2.513,43.08849],[-2.51288,43.08852],[-2.51277,43.08852],[-2.51271,43.08854],[-2.51265,43.08854],[-2.51259,43.08852],[-2.51251,43.08846],[-2.5124,43.08842],[-2.51232,43.08839],[-2.51224,43.08834],[-2.51218,43.08832]]}},{"type":"Feature","properties":{"id":76471436,"highway":"service"},"geometry":{"type":"LineString","coordinates":[[-2.50671,43.06315],[-2.50662,43.06318],[-2.50651,43.06318],[-2.5064,43.06314],[-2.50632,43.06307],[-2.50626,43.06305],[-2.50622,43.06306]]}},{"type":"Feature","properties":{"id":83180083,"highway":"tertiary","nombre":"17 Emakume kalea","oneway":"no"},"geometry":{"type":"LineString","coordinates":[[-2.49452,43.06165],[-2.49456,43.06147],[-2.49465,43.06105],[-2.49476,43.06052],[-2.4948,43.06037],[-2.49488,43.05998],[-2.49493,43.05985],[-2.49506,43.05958],[-2.49515,43.05942],[-2.49522,43.05928],[-2.49527,43.05915],[-2.4953,43.05899],[-2.49533,43.05883],[-2.49535,43.05868],[-2.49536,43.0586]]}},{"type":"Feature","properties":{"id":91613850,"highway":"motorway_link","oneway":"yes","superficie":"asphalt"},"geometry":{"type":"LineString","coordinates":[[-2.46698,43.07185],[-2.46698,43.07165],[-2.46701,43.07144],[-2.46702,43.07124],[-2.46706,43.07114],[-2.46712,43.07104],[-2.46721,43.07096],[-2.46733,43.0709],[-2.46744,43.07087],[-2.46759,43.07085],[-2.46774,43.07087],[-2.46789,43.07091],[-2.46802,43.07098],[-2.4681,43.07106],[-2.46815,43.07116],[-2.46817,43.07127],[-2.46815,43.07139],[-2.46808,43.07151],[-2.46794,43.07162],[-2.46771,43.07173],[-2.46745,43.07181],[-2.46709,43.07191],[-2.46683,43.07201],[-2.46664,43.07209]]}},{"type":"Feature","properties":{"id":91614009,"highway":"motorway","nombre":"Eibar-Gasteiz autobidea","ref":"AP-1","oneway":"yes","superficie":"asphalt"},"geometry":{"type":"LineString","coordinates":[[-2.48186,43.05972],[-2.4809,43.0602],[-2.48022,43.06055],[-2.47984,43.06078],[-2.47949,43.061],[-2.4789,43.06139],[-2.47849,43.0617],[-2.47815,43.06199],[-2.47785,43.06227],[-2.47758,43.06255],[-2.47721,43.06298],[-2.47675,43.06356],[-2.47635,43.06421],[-2.47604,43.06482],[-2.47592,43.06508],[-2.47541,43.06634],[-2.47514,43.06698],[-2.47487,43.0676],[-2.47471,43.06795],[-2.47456,43.06822],[-2.47433,43.06857],[-2.47404,43.06895],[-2.47371,43.0693],[-2.47329,43.06969],[-2.47291,43.06999],[-2.47247,43.07029],[-2.47195,43.07059],[-2.47159,43.07077],[-2.47113,43.07098],[-2.47067,43.07114],[-2.47011,43.07131],[-2.46964,43.07143],[-2.46937,43.0715],[-2.46826,43.07171],[-2.46765,43.07183],[-2.46707,43.07196],[-2.46664,43.07209]]}},{"type":"Feature","properties":{"id":91614088,"highway":"motorway","nombre":"Eibar-Gasteiz autobidea","ref":"AP-1","oneway":"yes","superficie":"asphalt"},"geometry":{"type":"LineString","coordinates":[[-2.47118,43.07108],[-2.47171,43.07084],[-2.47207,43.07065],[-2.47255,43.07037],[-2.47301,43.07005],[-2.47339,43.06976],[-2.47381,43.06936],[-2.47416,43.06899],[-2.47446,43.06859],[-2.47468,43.06825],[-2.47485,43.06795],[-2.475,43.06763],[-2.47527,43.06704],[-2.47552,43.06644],[-2.47626,43.06482],[-2.47656,43.06424],[-2.47698,43.06359],[-2.47742,43.06305],[-2.47793,43.06248],[-2.47843,43.06201],[-2.47928,43.06138],[-2.47992,43.06096],[-2.48044,43.06067],[-2.48098,43.06038],[-2.48197,43.05989]]}},{"type":"Feature","properties":{"id":92722531,"highway":"service"},"geometry":{"type":"LineString","coordinates":[[-2.51271,43.07379],[-2.51286,43.07389],[-2.51321,43.07405],[-2.51402,43.07422],[-2.51447,43.07433],[-2.51486,43.0744],[-2.51511,43.07442],[-2.51531,43.07439],[-2.51544,43.07435],[-2.51556,43.07428],[-2.51561,43.07421],[-2.51556,43.07415],[-2.51545,43.07415],[-2.51522,43.07412],[-2.51494,43.074],[-2.51468,43.07358]]}},{"type":"Feature","properties":{"id":95489254,"highway":"footway","puente":"yes","superficie":"asphalt"},"geometry":{"type":"LineString","coordinates":[[-2.48363,43.06467],[-2.48356,43.06448]]}},{"type":"Feature","properties":{"id":96594003,"highway":"residential","nombre":"San Josepe kalea","puente":"yes"},"geometry":{"type":"LineString","coordinates":[[-2.49197,43.06258],[-2.49192,43.06258],[-2.49177,43.06258]]}},{"type":"Feature","properties":{"id":111547887,"highway":"trunk","ref":"N-636","oneway":"no"},"geometry":{"type":"LineString","coordinates":[[-2.50414,43.09497],[-2.50415,43.09499]]}},{"type":"Feature","properties":{"id":120719567,"highway":"tertiary","nombre":"Uribarri etorbidea","oneway":"yes","superficie":"asphalt"},"geometry":{"type":"LineString","coordinates":[[-2.50598,43.06216],[-2.50612,43.06223],[-2.50626,43.06227],[-2.50645,43.06227],[-2.50652,43.06227]]}},{"type":"Feature","properties":{"id":155133674,"highway":"path","nombre":"Kanpazar-Udalatx bidea"},"geometry":{"type":"LineString","coordinates":[[-2.5036,43.09311],[-2.50361,43.09307],[-2.5036,43.09299],[-2.50357,43.09289],[-2.50348,43.09277],[-2.50342,43.09259],[-2.50325,43.09246],[-2.50315,43.09229],[-2.5031,43.09211],[-2.50309,43.09199],[-2.50298,43.0919],[-2.50287,43.09174],[-2.50273,43.09145],[-2.50275,43.09133],[-2.50282,43.09121],[-2.50277,43.09115],[-2.50278,43.0911],[-2.50277,43.09103],[-2.50268,43.09094],[-2.50254,43.09088],[-2.50273,43.09083],[-2.50262,43.09067],[-2.50312,43.09071],[-2.50296,43.0906],[-2.50278,43.09051],[-2.50267,43.09037],[-2.50269,43.09027],[-2.50248,43.09016],[-2.50234,43.09005],[-2.50222,43.08989],[-2.50216,43.08978],[-2.50214,43.08971],[-2.50216,43.08959],[-2.50218,43.0895],[-2.50221,43.08942],[-2.50221,43.08932],[-2.50235,43.08927],[-2.50259,43.08924],[-2.50292,43.08926],[-2.50312,43.08927],[-2.50324,43.08927],[-2.50337,43.08929],[-2.50358,43.08934],[-2.50369,43.08933],[-2.50378,43.08932],[-2.50388,43.08935],[-2.50415,43.08938],[-2.50424,43.08939],[-2.50436,43.08944],[-2.50445,43.08943],[-2.50457,43.08947],[-2.50466,43.08949],[-2.50477,43.08949],[-2.50488,43.08947],[-2.505,43.0895],[-2.50513,43.08953],[-2.50521,43.08947],[-2.50526,43.08945],[-2.50533,43.08946],[-2.50542,43.08946],[-2.50549,43.08946],[-2.50557,43.08943],[-2.50557,43.08938],[-2.50556,43.08933],[-2.50564,43.08934],[-2.50563,43.0893],[-2.50575,43.08931],[-2.50577,43.08927],[-2.50574,43.08923],[-2.50576,43.08923],[-2.50587,43.08921],[-2.50588,43.0892],[-2.50594,43.0892],[-2.50628,43.08919],[-2.50637,43.08922],[-2.50641,43.08921],[-2.50645,43.08923],[-2.50649,43.08922],[-2.50652,43.08918],[-2.50659,43.08919],[-2.50665,43.08918],[-2.50674,43.08916],[-2.50679,43.08912],[-2.50695,43.08917],[-2.50719,43.08917],[-2.5073,43.08921],[-2.5074,43.08923],[-2.50746,43.08926],[-2.50751,43.08926]]}},{"type":"Feature","properties":{"id":155133940,"highway":"path"},"geometry":{"type":"LineString","coordinates":[[-2.50513,43.08953],[-2.50524,43.08953],[-2.50545,43.08955],[-2.50567,43.0896],[-2.50582,43.08961],[-2.50608,43.08963],[-2.5062,43.08967],[-2.50642,43.08971],[-2.50665,43.08974],[-2.50689,43.08982],[-2.50702,43.08981],[-2.50736,43.08996],[-2.50757,43.09004],[-2.50778,43.09006],[-2.508,43.09011],[-2.50814,43.09014],[-2.50824,43.09012],[-2.50845,43.09018],[-2.50867,43.09023],[-2.50888,43.09031],[-2.50899,43.09034],[-2.50912,43.09027],[-2.50919,43.09032],[-2.50921,43.09041],[-2.50942,43.09053],[-2.50955,43.09059],[-2.50965,43.09052],[-2.50965,43.09043],[-2.50977,43.09037],[-2.50986,43.09038],[-2.50994,43.09038],[-2.50993,43.09032],[-2.50993,43.0902],[-2.50997,43.09008],[-2.51005,43.08993]]}},{"type":"Feature","properties":{"id":156446761,"highway":"residential"},"geometry":{"type":"LineString","coordinates":[[-2.49608,43.06147],[-2.49612,43.06142],[-2.49615,43.06139],[-2.49616,43.06137],[-2.49627,43.06126]]}},{"type":"Feature","properties":{"id":156446763,"highway":"residential","oneway":"no"},"geometry":{"type":"LineString","coordinates":[[-2.49541,43.06173],[-2.49581,43.0616],[-2.49588,43.06158],[-2.49597,43.06154],[-2.49608,43.06147]]}},{"type":"Feature","properties":{"id":161087118,"highway":"residential","nombre":"Jose Maria Arizmendiarrieta pasealekua","oneway":"yes"},"geometry":{"type":"LineString","coordinates":[[-2.49834,43.06035],[-2.49839,43.06034],[-2.49858,43.06032],[-2.49866,43.0603],[-2.49892,43.0603],[-2.49917,43.06032],[-2.49936,43.06034],[-2.49957,43.06032],[-2.49981,43.06026],[-2.50001,43.06022],[-2.50009,43.06018],[-2.50014,43.06014],[-2.50017,43.06007],[-2.50017,43.06002],[-2.50014,43.05997],[-2.5001,43.05994],[-2.50005,43.05992],[-2.49995,43.0599],[-2.49986,43.05991],[-2.49963,43.05993],[-2.49949,43.05995],[-2.49939,43.05995],[-2.49914,43.05992],[-2.49905,43.05988],[-2.49892,43.0598],[-2.49881,43.0597],[-2.49877,43.05962],[-2.49873,43.05957],[-2.49872,43.05955]]}},{"type":"Feature","properties":{"id":161087121,"highway":"residential","nombre":"Jose Maria Arizmendiarrieta pasealekua","oneway":"yes"},"geometry":{"type":"LineString","coordinates":[[-2.49872,43.05955],[-2.49875,43.0595],[-2.49879,43.05945],[-2.49888,43.0594]]}},{"type":"Feature","properties":{"id":161087749,"highway":"unclassified","nombre":"Jose Maria Arizmendiarrieta pasealekua"},"geometry":{"type":"LineString","coordinates":[[-2.49888,43.0594],[-2.49914,43.05943],[-2.4993,43.05945],[-2.49953,43.05946],[-2.49978,43.05943],[-2.49995,43.0594],[-2.50019,43.05931],[-2.50105,43.05895],[-2.50134,43.05884],[-2.50142,43.05878],[-2.50147,43.05873],[-2.50148,43.05866],[-2.50146,43.05859],[-2.50141,43.05854],[-2.50133,43.05849],[-2.5012,43.05848],[-2.50097,43.05849],[-2.50036,43.05857],[-2.49975,43.05864],[-2.49924,43.05869],[-2.49887,43.05874],[-2.49876,43.05874],[-2.49866,43.05875],[-2.49826,43.05873],[-2.49809,43.05873],[-2.49776,43.05874],[-2.49754,43.05875],[-2.49748,43.05873],[-2.49746,43.05868],[-2.49747,43.05865],[-2.49747,43.0586],[-2.49752,43.05857],[-2.49764,43.05853],[-2.49784,43.05846],[-2.49809,43.05834],[-2.49825,43.05827],[-2.49832,43.05823],[-2.49841,43.05818],[-2.49844,43.05815],[-2.49845,43.05814]]}},{"type":"Feature","properties":{"id":164511687,"highway":"secondary","ref":"GI-2620","superficie":"asphalt"},"geometry":{"type":"LineString","coordinates":[[-2.51603,43.06687],[-2.51645,43.06692],[-2.51688,43.06705],[-2.51725,43.06723],[-2.51757,43.06746],[-2.51772,43.06759],[-2.51786,43.06772],[-2.51834,43.06827],[-2.5185,43.06842],[-2.51863,43.0685],[-2.51876,43.06857],[-2.51888,43.06861],[-2.51904,43.06866],[-2.51926,43.06868],[-2.51969,43.06867],[-2.51976,43.06867],[-2.51984,43.06867],[-2.5199,43.06866],[-2.52068,43.06864],[-2.52128,43.0686],[-2.52147,43.0686],[-2.52168,43.06859],[-2.52192,43.06857],[-2.52213,43.06855],[-2.52238,43.06851],[-2.52277,43.06841],[-2.52357,43.06817],[-2.524,43.06805],[-2.52413,43.068],[-2.52424,43.06796],[-2.52446,43.06786],[-2.52458,43.06779],[-2.52469,43.06773],[-2.52491,43.06756],[-2.52519,43.0673],[-2.52551,43.06696],[-2.52572,43.06673],[-2.52591,43.06657],[-2.52604,43.06648],[-2.52621,43.0664],[-2.52628,43.06638],[-2.5265,43.06629],[-2.52658,43.06627],[-2.52681,43.06619],[-2.52699,43.06612],[-2.52717,43.06603],[-2.5275,43.06583],[-2.52775,43.06569],[-2.52815,43.06551],[-2.5285,43.0654],[-2.52873,43.06531],[-2.52883,43.06526],[-2.52901,43.0651],[-2.52916,43.06489],[-2.52922,43.06474],[-2.52924,43.06464],[-2.52925,43.06457],[-2.52924,43.06446],[-2.52923,43.06439],[-2.52917,43.06426],[-2.52911,43.06412],[-2.52908,43.06406],[-2.52902,43.06393],[-2.52902,43.06391],[-2.52899,43.06382],[-2.52898,43.06377],[-2.529,43.06373],[-2.52904,43.06365],[-2.52909,43.06358],[-2.52916,43.06353],[-2.52923,43.06349],[-2.52933,43.06342],[-2.52941,43.06336],[-2.52946,43.06332]]}},{"type":"Feature","properties":{"id":164511688,"highway":"secondary","ref":"GI-2620","superficie":"asphalt"},"geometry":{"type":"LineString","coordinates":[[-2.51532,43.06702],[-2.5154,43.06707],[-2.51547,43.06708],[-2.5155,43.06708],[-2.5156,43.06707],[-2.51567,43.06703],[-2.51572,43.06698],[-2.51573,43.06691]]}},{"type":"Feature","properties":{"id":181324135,"highway":"track"},"geometry":{"type":"LineString","coordinates":[[-2.51952,43.08174],[-2.51984,43.08174],[-2.51999,43.08172],[-2.52017,43.08166],[-2.52053,43.08152],[-2.52088,43.08146],[-2.52111,43.08132],[-2.52141,43.08124],[-2.52183,43.08116],[-2.5219,43.08115],[-2.52212,43.08117],[-2.52226,43.08128],[-2.52234,43.08146],[-2.52238,43.08157],[-2.52239,43.08182],[-2.52235,43.08206],[-2.52228,43.0822],[-2.52229,43.08225],[-2.52236,43.0823],[-2.52245,43.08233],[-2.52266,43.08237],[-2.52281,43.08242],[-2.52297,43.08249],[-2.52325,43.0827],[-2.52354,43.08294],[-2.5237,43.08305],[-2.52395,43.08334],[-2.52413,43.08351],[-2.52439,43.0838],[-2.52458,43.08397],[-2.52468,43.08412],[-2.52475,43.08426],[-2.52482,43.0844],[-2.52486,43.08444],[-2.52493,43.08443],[-2.5251,43.08443],[-2.52516,43.08447],[-2.52521,43.08452],[-2.52524,43.08458],[-2.52528,43.08462],[-2.52528,43.08462],[-2.52535,43.08463],[-2.52564,43.08463],[-2.52582,43.08462],[-2.5261,43.08457],[-2.52652,43.08442],[-2.52669,43.08438],[-2.52712,43.08437],[-2.52756,43.08424],[-2.5278,43.08419],[-2.52788,43.08418],[-2.52823,43.08427],[-2.5285,43.08429],[-2.52875,43.08426],[-2.52912,43.08422],[-2.52926,43.08422],[-2.52933,43.08423],[-2.52949,43.08431],[-2.5296,43.08435],[-2.52972,43.08438],[-2.52975,43.08443],[-2.52977,43.0845],[-2.52976,43.08479],[-2.52976,43.08485],[-2.52984,43.08499],[-2.52985,43.08506],[-2.52989,43.08526],[-2.52996,43.08531],[-2.53006,43.08534],[-2.53014,43.08533],[-2.53036,43.08532],[-2.53054,43.08538],[-2.53069,43.08545]]}},{"type":"Feature","properties":{"id":189420210,"highway":"service"},"geometry":{"type":"LineString","coordinates":[[-2.5154,43.06663],[-2.51539,43.0666],[-2.51539,43.06657],[-2.51542,43.06652],[-2.51564,43.06642],[-2.51565,43.0664],[-2.51576,43.06617]]}},{"type":"Feature","properties":{"id":189420279,"highway":"residential","nombre":"Garaia"},"geometry":{"type":"LineString","coordinates":[[-2.50423,43.06281],[-2.50424,43.06284],[-2.50428,43.06299],[-2.50433,43.06318],[-2.50442,43.06372],[-2.50444,43.06395],[-2.50444,43.06415],[-2.50444,43.06423],[-2.50443,43.06439],[-2.50439,43.06471],[-2.50428,43.06523],[-2.50428,43.06526],[-2.50422,43.06551],[-2.50419,43.06575],[-2.50419,43.06627],[-2.50419,43.06643],[-2.50429,43.0667],[-2.50452,43.06695],[-2.50498,43.0672],[-2.50531,43.06737],[-2.50542,43.06743],[-2.50557,43.06751]]}},{"type":"Feature","properties":{"id":190865289,"highway":"residential"},"geometry":{"type":"LineString","coordinates":[[-2.50557,43.06751],[-2.50584,43.06774],[-2.50587,43.06777],[-2.50623,43.06809],[-2.50645,43.06833],[-2.50665,43.06854],[-2.50671,43.06858],[-2.50681,43.06863],[-2.50708,43.06868],[-2.50713,43.06869],[-2.50725,43.06869],[-2.50742,43.06867],[-2.50761,43.06859],[-2.50777,43.06847],[-2.50784,43.06836],[-2.50803,43.06811],[-2.50818,43.06797]]}},{"type":"Feature","properties":{"id":190865620,"highway":"footway"},"geometry":{"type":"LineString","coordinates":[[-2.50746,43.06411],[-2.50733,43.06408],[-2.50723,43.06405],[-2.50663,43.06383],[-2.5064,43.06372],[-2.5062,43.06364],[-2.50601,43.0636],[-2.50591,43.06361],[-2.50583,43.06361],[-2.50562,43.06365],[-2.50539,43.06371],[-2.50523,43.06377],[-2.5052,43.06384],[-2.50519,43.06402],[-2.50519,43.06417],[-2.50497,43.06522],[-2.50489,43.06531],[-2.50482,43.06533],[-2.50478,43.06534],[-2.50457,43.06532],[-2.5044,43.0653],[-2.50428,43.06526],[-2.50416,43.06523],[-2.50417,43.06496],[-2.50416,43.06478],[-2.50412,43.06456],[-2.50406,43.0644],[-2.50389,43.06406],[-2.50378,43.06399],[-2.50349,43.06382],[-2.50325,43.06369],[-2.50318,43.06366],[-2.50305,43.06364],[-2.50283,43.06363],[-2.50258,43.06366]]}},{"type":"Feature","properties":{"id":193802036,"highway":"residential","ref":"GI-2620","oneway":"yes","superficie":"asphalt"},"geometry":{"type":"LineString","coordinates":[[-2.49947,43.04734],[-2.49944,43.0475]]}},{"type":"Feature","properties":{"id":193802037,"highway":"residential","ref":"GI-2620","oneway":"yes","superficie":"asphalt"},"geometry":{"type":"LineString","coordinates":[[-2.49944,43.0475],[-2.49949,43.04747],[-2.49957,43.04738],[-2.49959,43.04737]]}},{"type":"Feature","properties":{"id":193802041,"highway":"primary_link","ref":"GI-627","oneway":"yes","superficie":"asphalt"},"geometry":{"type":"LineString","coordinates":[[-2.49885,43.04713],[-2.49881,43.04715]]}},{"type":"Feature","properties":{"id":193802045,"highway":"primary","ref":"GI-627","superficie":"asphalt"},"geometry":{"type":"LineString","coordinates":[[-2.49881,43.04715],[-2.49848,43.04729],[-2.49839,43.04733]]}},{"type":"Feature","properties":{"id":193802048,"highway":"residential"},"geometry":{"type":"LineString","coordinates":[[-2.50418,43.06281],[-2.50423,43.06281],[-2.50429,43.06278],[-2.50433,43.06275],[-2.50435,43.0627],[-2.50435,43.06266],[-2.50434,43.06262],[-2.50431,43.06259],[-2.50427,43.06256],[-2.50422,43.06254],[-2.50417,43.06254],[-2.50412,43.06254],[-2.50407,43.06256],[-2.50402,43.06258],[-2.50399,43.06261],[-2.50398,43.06265],[-2.50397,43.06268],[-2.50398,43.06272],[-2.504,43.06275],[-2.50403,43.06278],[-2.50408,43.0628],[-2.50413,43.06281],[-2.50418,43.06281]]}},{"type":"Feature","properties":{"id":193802059,"highway":"residential","oneway":"yes"},"geometry":{"type":"LineString","coordinates":[[-2.50366,43.06204],[-2.50369,43.06209],[-2.50374,43.06217],[-2.50389,43.06242],[-2.50397,43.06253],[-2.50398,43.06256],[-2.50399,43.06261]]}},{"type":"Feature","properties":{"id":193802062,"highway":"residential","oneway":"yes"},"geometry":{"type":"LineString","coordinates":[[-2.50417,43.06254],[-2.50409,43.06247],[-2.50397,43.06228],[-2.50389,43.06213],[-2.50384,43.06205],[-2.50383,43.062]]}},{"type":"Feature","properties":{"id":193802066,"highway":"secondary","ref":"GI-2620","oneway":"yes","superficie":"asphalt"},"geometry":{"type":"LineString","coordinates":[[-2.50005,43.04786],[-2.50018,43.04778],[-2.50025,43.0477],[-2.50028,43.04762],[-2.50028,43.04761]]}},{"type":"Feature","properties":{"id":193802067,"highway":"secondary","ref":"GI-2620","oneway":"yes","superficie":"asphalt"},"geometry":{"type":"LineString","coordinates":[[-2.50018,43.04758],[-2.50014,43.04773],[-2.50005,43.04786]]}},{"type":"Feature","properties":{"id":199109086,"highway":"secondary","ref":"GI-2620","oneway":"no","superficie":"asphalt"},"geometry":{"type":"LineString","coordinates":[[-2.50711,43.06254],[-2.50806,43.0634],[-2.50842,43.06372],[-2.50882,43.06407],[-2.50985,43.06498],[-2.51047,43.06555],[-2.51093,43.06594],[-2.51104,43.066],[-2.51106,43.06601],[-2.51117,43.06606],[-2.51133,43.06612],[-2.51142,43.06616],[-2.51206,43.06638],[-2.51214,43.06641],[-2.51238,43.06648],[-2.51252,43.06653],[-2.51254,43.06653],[-2.51263,43.06656],[-2.51288,43.06663],[-2.51348,43.0668],[-2.51388,43.06692],[-2.51438,43.06699],[-2.51442,43.06699],[-2.51469,43.06699]]}},{"type":"Feature","properties":{"id":199109087,"highway":"secondary","ref":"GI-2620","oneway":"yes","superficie":"asphalt"},"geometry":{"type":"LineString","coordinates":[[-2.50711,43.06254],[-2.50692,43.06231],[-2.50689,43.06222],[-2.50688,43.06219]]}},{"type":"Feature","properties":{"id":199109088,"highway":"secondary","ref":"GI-2620","puente":"yes"},"geometry":{"type":"LineString","coordinates":[[-2.50472,43.06043],[-2.50433,43.06007]]}},{"type":"Feature","properties":{"id":199109089,"highway":"unclassified"},"geometry":{"type":"LineString","coordinates":[[-2.5072,43.06212],[-2.50722,43.06215],[-2.50723,43.06219],[-2.50722,43.06227],[-2.50722,43.06237],[-2.50727,43.06249],[-2.50753,43.06272],[-2.50901,43.06404],[-2.50989,43.06481],[-2.51037,43.06522],[-2.51094,43.06575],[-2.5112,43.06593],[-2.51148,43.06603],[-2.51193,43.06617],[-2.51206,43.06618],[-2.51217,43.06617],[-2.51238,43.06612],[-2.51247,43.06612]]}},{"type":"Feature","properties":{"id":199109090,"highway":"unclassified","oneway":"yes"},"geometry":{"type":"LineString","coordinates":[[-2.5072,43.06212],[-2.50718,43.06206],[-2.50715,43.062],[-2.50717,43.06188],[-2.50719,43.06182]]}},{"type":"Feature","properties":{"id":199109091,"highway":"unclassified","oneway":"yes"},"geometry":{"type":"LineString","coordinates":[[-2.50696,43.06202],[-2.50702,43.06194]]}},{"type":"Feature","properties":{"id":199109092,"highway":"unclassified","oneway":"yes"},"geometry":{"type":"LineString","coordinates":[[-2.50702,43.06194],[-2.50688,43.06199],[-2.50685,43.06199]]}},{"type":"Feature","properties":{"id":199109093,"highway":"unclassified"},"geometry":{"type":"LineString","coordinates":[[-2.50719,43.06182],[-2.50702,43.06194]]}},{"type":"Feature","properties":{"id":201644758,"highway":"residential","nombre":"Itxaropena plaza","oneway":"no"},"geometry":{"type":"LineString","coordinates":[[-2.50358,43.06274],[-2.50354,43.06269],[-2.50353,43.06267],[-2.5034,43.06248],[-2.50334,43.06243],[-2.50329,43.06241],[-2.50319,43.06238],[-2.50303,43.06238],[-2.50264,43.06237]]}},{"type":"Feature","properties":{"id":201645513,"highway":"residential","nombre":"Erguin kalea","oneway":"no"},"geometry":{"type":"LineString","coordinates":[[-2.50403,43.06278],[-2.50399,43.0628],[-2.50394,43.06283],[-2.50387,43.06286],[-2.50379,43.06287],[-2.50371,43.06285],[-2.50358,43.06274],[-2.50346,43.06274],[-2.5025,43.06274],[-2.5012,43.06276]]}},{"type":"Feature","properties":{"id":201647336,"highway":"residential","nombre":"Erguin kalea","oneway":"yes"},"geometry":{"type":"LineString","coordinates":[[-2.5012,43.06276],[-2.50117,43.06275],[-2.50112,43.06275],[-2.50058,43.06276],[-2.5001,43.06276],[-2.49981,43.06276],[-2.49936,43.06276],[-2.49912,43.06276],[-2.49908,43.06277],[-2.49899,43.06279],[-2.49896,43.0628],[-2.49888,43.06284],[-2.49888,43.06288]]}},{"type":"Feature","properties":{"id":201648657,"highway":"residential","nombre":"Udalpe kalea","oneway":"yes"},"geometry":{"type":"LineString","coordinates":[[-2.49931,43.06321],[-2.49944,43.06321],[-2.49965,43.06322],[-2.50038,43.06323],[-2.50113,43.06325]]}},{"type":"Feature","properties":{"id":201648658,"highway":"residential","nombre":"Udalpe kalea","oneway":"no"},"geometry":{"type":"LineString","coordinates":[[-2.50113,43.06325],[-2.50151,43.06325],[-2.50192,43.06325],[-2.50249,43.06326],[-2.5027,43.06327],[-2.50296,43.0633],[-2.5032,43.06339],[-2.50337,43.06347],[-2.50418,43.064]]}},{"type":"Feature","properties":{"id":201785463,"highway":"steps"},"geometry":{"type":"LineString","coordinates":[[-2.49966,43.06317],[-2.49965,43.06307],[-2.49965,43.06297]]}},{"type":"Feature","properties":{"id":201785464,"highway":"footway"},"geometry":{"type":"LineString","coordinates":[[-2.50113,43.06337],[-2.50113,43.06325]]}},{"type":"Feature","properties":{"id":201785465,"highway":"pedestrian","nombre":"Elizalde kalea"},"geometry":{"type":"LineString","coordinates":[[-2.50112,43.06296],[-2.5025,43.06296],[-2.50365,43.06296],[-2.50373,43.06295],[-2.5038,43.06291]]}},{"type":"Feature","properties":{"id":201785466,"highway":"steps"},"geometry":{"type":"LineString","coordinates":[[-2.49897,43.06274],[-2.49897,43.06273],[-2.49896,43.0627],[-2.49903,43.06269],[-2.49903,43.06266],[-2.49895,43.06267]]}},{"type":"Feature","properties":{"id":201785467,"highway":"steps"},"geometry":{"type":"LineString","coordinates":[[-2.50117,43.06267],[-2.50117,43.06248]]}},{"type":"Feature","properties":{"id":201785468,"highway":"steps"},"geometry":{"type":"LineString","coordinates":[[-2.5001,43.06248],[-2.5001,43.06276]]}},{"type":"Feature","properties":{"id":202013001,"highway":"steps"},"geometry":{"type":"LineString","coordinates":[[-2.49839,43.06259],[-2.49869,43.06288]]}},{"type":"Feature","properties":{"id":202299524,"highway":"steps"},"geometry":{"type":"LineString","coordinates":[[-2.50038,43.06318],[-2.50038,43.06297]]}},{"type":"Feature","properties":{"id":202299525,"highway":"steps"},"geometry":{"type":"LineString","coordinates":[[-2.50038,43.06331],[-2.50039,43.06344]]}},{"type":"Feature","properties":{"id":202601113,"highway":"residential","nombre":"Uriburu kalea","oneway":"yes"},"geometry":{"type":"LineString","coordinates":[[-2.49837,43.06255],[-2.49879,43.06249],[-2.49889,43.06248],[-2.49903,43.06248],[-2.49969,43.06248],[-2.5001,43.06248],[-2.50065,43.06248],[-2.50112,43.06247],[-2.50115,43.06246],[-2.50118,43.06244],[-2.50121,43.0624],[-2.50122,43.06227],[-2.50122,43.06221],[-2.5013,43.06219],[-2.50152,43.06214],[-2.50165,43.06211],[-2.50169,43.06206],[-2.50169,43.06201]]}},{"type":"Feature","properties":{"id":202601115,"highway":"service"},"geometry":{"type":"LineString","coordinates":[[-2.49743,43.06312],[-2.4973,43.06296],[-2.49729,43.06295]]}},{"type":"Feature","properties":{"id":205502675,"highway":"residential","nombre":"Goiru kalea","oneway":"no","superficie":"asphalt"},"geometry":{"type":"LineString","coordinates":[[-2.50557,43.06751],[-2.50585,43.06738],[-2.50592,43.06735],[-2.50609,43.06719],[-2.50612,43.06694],[-2.50607,43.0666],[-2.506,43.06629],[-2.50599,43.06626],[-2.50575,43.0657],[-2.50572,43.06554],[-2.50566,43.06525],[-2.50563,43.06485],[-2.5057,43.06466],[-2.50585,43.06451],[-2.50591,43.06449],[-2.50608,43.06442],[-2.50634,43.06442],[-2.50662,43.06445],[-2.50701,43.0645],[-2.50714,43.06447],[-2.50725,43.06441],[-2.50734,43.06434],[-2.50738,43.06424],[-2.50735,43.06411],[-2.50733,43.06408],[-2.5072,43.06386],[-2.50717,43.0638],[-2.50688,43.06338],[-2.50671,43.06315],[-2.50656,43.06296],[-2.50643,43.06286],[-2.50627,43.06277],[-2.50605,43.0627],[-2.50578,43.06268],[-2.50528,43.06265],[-2.50482,43.06265],[-2.50475,43.06265],[-2.5046,43.06265],[-2.50439,43.06266],[-2.50435,43.06266]]}},{"type":"Feature","properties":{"id":206173023,"highway":"primary","ref":"GI-627","superficie":"asphalt"},"geometry":{"type":"LineString","coordinates":[[-2.49135,43.05834],[-2.49127,43.05848],[-2.49119,43.05862],[-2.49113,43.05875]]}},{"type":"Feature","properties":{"id":206173024,"highway":"primary","ref":"GI-627","superficie":"asphalt"},"geometry":{"type":"LineString","coordinates":[[-2.49113,43.05875],[-2.49108,43.0589],[-2.49106,43.05905],[-2.49104,43.0592],[-2.49103,43.0595],[-2.49109,43.06034],[-2.49112,43.06081],[-2.49113,43.06103],[-2.49112,43.06115],[-2.49111,43.06128],[-2.4911,43.06138],[-2.49108,43.06147],[-2.49104,43.06158],[-2.49099,43.06169],[-2.49095,43.06179],[-2.49088,43.06189],[-2.49079,43.06202],[-2.49068,43.06214],[-2.49056,43.06226],[-2.49043,43.06236],[-2.4903,43.06246],[-2.49015,43.06254],[-2.49,43.06262],[-2.48985,43.0627],[-2.48956,43.06281],[-2.48926,43.0629],[-2.48897,43.06296],[-2.48867,43.063],[-2.48828,43.06302],[-2.4879,43.063],[-2.48753,43.06296],[-2.48716,43.06289],[-2.48676,43.06274],[-2.4863,43.06255],[-2.48544,43.06222],[-2.485,43.06205],[-2.48454,43.06186],[-2.48394,43.06162],[-2.48366,43.06152],[-2.48336,43.06143],[-2.48305,43.06136],[-2.48276,43.06132],[-2.48248,43.06129],[-2.48216,43.06128],[-2.4818,43.06131],[-2.48144,43.06136],[-2.48117,43.06142],[-2.48089,43.06151],[-2.4806,43.06166],[-2.48046,43.06175],[-2.48033,43.06186],[-2.48008,43.0621],[-2.47987,43.06233],[-2.47965,43.06255],[-2.47953,43.06266],[-2.47941,43.06275],[-2.47919,43.06289],[-2.47895,43.06303],[-2.47883,43.06309]]}},{"type":"Feature","properties":{"id":209493275,"highway":"footway","puente":"yes"},"geometry":{"type":"LineString","coordinates":[[-2.50016,43.06122],[-2.50024,43.06132]]}},{"type":"Feature","properties":{"id":209493276,"highway":"footway"},"geometry":{"type":"LineString","coordinates":[[-2.49995,43.06094],[-2.50016,43.06122]]}},{"type":"Feature","properties":{"id":209494334,"highway":"footway"},"geometry":{"type":"LineString","coordinates":[[-2.49931,43.06166],[-2.49937,43.06161],[-2.49951,43.06151],[-2.49969,43.06141],[-2.49997,43.0613],[-2.50016,43.06122]]}},{"type":"Feature","properties":{"id":209494465,"highway":"residential","oneway":"no","tunel":"yes"},"geometry":{"type":"LineString","coordinates":[[-2.49923,43.06125],[-2.4992,43.06102]]}},{"type":"Feature","properties":{"id":209879379,"highway":"steps"},"geometry":{"type":"LineString","coordinates":[[-2.5001,43.06224],[-2.5001,43.06248]]}},{"type":"Feature","properties":{"id":215184806,"highway":"residential","nombre":"Araba etorbidea","oneway":"yes"},"geometry":{"type":"LineString","coordinates":[[-2.49302,43.06048],[-2.49304,43.06039],[-2.49306,43.06028],[-2.49311,43.06012],[-2.49312,43.06001],[-2.49313,43.0599],[-2.49308,43.05981]]}},{"type":"Feature","properties":{"id":215184807,"highway":"residential","nombre":"Araba etorbidea"},"geometry":{"type":"LineString","coordinates":[[-2.49334,43.05971],[-2.49328,43.05971],[-2.49322,43.05972],[-2.49316,43.05976],[-2.49308,43.05981]]}},{"type":"Feature","properties":{"id":215184808,"highway":"residential","nombre":"Araba etorbidea","oneway":"yes"},"geometry":{"type":"LineString","coordinates":[[-2.49308,43.05981],[-2.49303,43.0598],[-2.49297,43.05977],[-2.49292,43.05973],[-2.49289,43.05969]]}},{"type":"Feature","properties":{"id":215184809,"highway":"residential","nombre":"Araba etorbidea","oneway":"yes"},"geometry":{"type":"LineString","coordinates":[[-2.49259,43.06053],[-2.49271,43.06054],[-2.49281,43.06056],[-2.4929,43.06056],[-2.49293,43.06056],[-2.49297,43.06053],[-2.493,43.0605],[-2.49302,43.06048]]}},{"type":"Feature","properties":{"id":215184812,"highway":"service","nombre":"Bedoña auzoa"},"geometry":{"type":"LineString","coordinates":[[-2.47961,43.04957],[-2.47965,43.0496],[-2.47973,43.04962],[-2.47985,43.04966],[-2.47998,43.04969],[-2.48013,43.04972],[-2.48022,43.04973],[-2.48031,43.04973],[-2.4804,43.04974],[-2.4805,43.04977]]}},{"type":"Feature","properties":{"id":215184830,"highway":"service"},"geometry":{"type":"LineString","coordinates":[[-2.48425,43.04532],[-2.48429,43.04539],[-2.48433,43.0455],[-2.48435,43.04555],[-2.48435,43.04556],[-2.48435,43.04557],[-2.48435,43.04558],[-2.48435,43.04559],[-2.48434,43.0456],[-2.48434,43.04561],[-2.48433,43.04562],[-2.48432,43.04563],[-2.48432,43.04564],[-2.48431,43.04565],[-2.4843,43.04566],[-2.48429,43.04567],[-2.48428,43.04567],[-2.48427,43.04568],[-2.48426,43.04569],[-2.48424,43.04569],[-2.48423,43.0457],[-2.48422,43.0457],[-2.4842,43.04571],[-2.48417,43.04572]]}},{"type":"Feature","properties":{"id":215184831,"highway":"unclassified","nombre":"Bedoña auzoa"},"geometry":{"type":"LineString","coordinates":[[-2.48226,43.04565],[-2.48232,43.04563],[-2.48242,43.0456],[-2.48254,43.04559],[-2.48281,43.04561],[-2.48308,43.0455],[-2.48326,43.04541],[-2.48342,43.04537],[-2.48378,43.04536],[-2.48413,43.04536],[-2.48425,43.04532],[-2.48429,43.04529],[-2.48444,43.04527],[-2.48468,43.04538],[-2.48499,43.04542],[-2.48519,43.04533],[-2.48557,43.04512],[-2.48583,43.04496],[-2.48596,43.04484],[-2.48612,43.04472],[-2.48627,43.04469],[-2.48667,43.04472]]}},{"type":"Feature","properties":{"id":215184832,"highway":"service","nombre":"Bedoña auzoa"},"geometry":{"type":"LineString","coordinates":[[-2.47961,43.04957],[-2.47962,43.04957],[-2.47963,43.04957],[-2.47965,43.04957],[-2.47966,43.04957],[-2.47967,43.04957],[-2.47969,43.04957],[-2.4797,43.04957],[-2.47971,43.04956],[-2.47972,43.04956],[-2.47974,43.04956],[-2.47975,43.04955],[-2.47976,43.04955],[-2.47977,43.04954],[-2.47978,43.04953],[-2.47979,43.04953],[-2.4798,43.04952],[-2.4798,43.04951],[-2.47981,43.0495],[-2.47982,43.04949],[-2.47982,43.04949],[-2.47983,43.04948],[-2.47983,43.04947],[-2.47983,43.04946],[-2.47983,43.04945],[-2.47983,43.04944],[-2.47983,43.04943],[-2.47983,43.04942]]}},{"type":"Feature","properties":{"id":215184834,"highway":"unclassified","nombre":"Bedoña auzoa"},"geometry":{"type":"LineString","coordinates":[[-2.47992,43.04773],[-2.47991,43.04778],[-2.47987,43.04787],[-2.47976,43.04799],[-2.47967,43.04807],[-2.47957,43.04816],[-2.47951,43.04823],[-2.47947,43.04828],[-2.47947,43.04829],[-2.47945,43.04833],[-2.47939,43.04849],[-2.4793,43.04876],[-2.47925,43.04893],[-2.47922,43.04907],[-2.4792,43.04917],[-2.4792,43.04928],[-2.47921,43.04933]]}},{"type":"Feature","properties":{"id":215184840,"highway":"track","nombre":"Bedoña auzoa"},"geometry":{"type":"LineString","coordinates":[[-2.47185,43.05901],[-2.47189,43.05901],[-2.47194,43.05902],[-2.47206,43.05903]]}},{"type":"Feature","properties":{"id":215184841,"highway":"service"},"geometry":{"type":"LineString","coordinates":[[-2.48425,43.04532],[-2.48427,43.04528],[-2.48428,43.04524],[-2.48428,43.04519]]}},{"type":"Feature","properties":{"id":215184842,"highway":"unclassified","nombre":"Bedoña auzoa"},"geometry":{"type":"LineString","coordinates":[[-2.48667,43.04472],[-2.48667,43.04477],[-2.48669,43.0448],[-2.48675,43.04485],[-2.48682,43.04488]]}},{"type":"Feature","properties":{"id":215184847,"highway":"service","nombre":"Bedoña auzoa"},"geometry":{"type":"LineString","coordinates":[[-2.48682,43.04488],[-2.48694,43.04489],[-2.48716,43.04489],[-2.48734,43.04488],[-2.48756,43.04481]]}},{"type":"Feature","properties":{"id":215184857,"highway":"unclassified","nombre":"Bedoña auzoa"},"geometry":{"type":"LineString","coordinates":[[-2.47921,43.04933],[-2.47925,43.04937],[-2.47939,43.04946],[-2.47944,43.04949],[-2.4795,43.04952],[-2.47961,43.04957]]}},{"type":"Feature","properties":{"id":215184858,"highway":"unclassified","nombre":"Bedoña auzoa","superficie":"asphalt"},"geometry":{"type":"LineString","coordinates":[[-2.48182,43.04606],[-2.48185,43.04598],[-2.48194,43.04589],[-2.48204,43.04582],[-2.48218,43.04573],[-2.48226,43.04565],[-2.48225,43.04561]]}},{"type":"Feature","properties":{"id":215184862,"highway":"track"},"geometry":{"type":"LineString","coordinates":[[-2.48784,43.045],[-2.48808,43.04491],[-2.48828,43.04482]]}},{"type":"Feature","properties":{"id":215184863,"highway":"track"},"geometry":{"type":"LineString","coordinates":[[-2.48905,43.05082],[-2.48902,43.05076],[-2.489,43.05061],[-2.48898,43.0504],[-2.48894,43.05022],[-2.48897,43.05011],[-2.48906,43.04997],[-2.48924,43.04977],[-2.48942,43.04961],[-2.48953,43.0495],[-2.48967,43.04933],[-2.48981,43.04913],[-2.48987,43.049],[-2.48987,43.04882],[-2.48985,43.04866],[-2.48984,43.04824],[-2.48985,43.048],[-2.48985,43.04789],[-2.48979,43.04776],[-2.48964,43.04759],[-2.48943,43.04732],[-2.48935,43.04716],[-2.48931,43.04705],[-2.48924,43.0469],[-2.48923,43.04673],[-2.48921,43.04655],[-2.4892,43.04635],[-2.48917,43.04618],[-2.48917,43.04608],[-2.48921,43.04593],[-2.48925,43.04579],[-2.48926,43.04565],[-2.48923,43.04556],[-2.48914,43.04547],[-2.48896,43.04536],[-2.48887,43.04534],[-2.48869,43.04534],[-2.4886,43.04531],[-2.48833,43.04521],[-2.48811,43.04509],[-2.48797,43.04504],[-2.48784,43.045],[-2.48775,43.04501],[-2.48764,43.04502],[-2.48751,43.04502],[-2.48733,43.04502],[-2.48714,43.045],[-2.48703,43.04498],[-2.48689,43.04494],[-2.48682,43.04488]]}},{"type":"Feature","properties":{"id":215184866,"highway":"service"},"geometry":{"type":"LineString","coordinates":[[-2.52043,43.07215],[-2.52039,43.07213],[-2.52033,43.0721],[-2.52028,43.07208],[-2.52019,43.07203],[-2.52006,43.07195],[-2.51994,43.07187],[-2.51991,43.07183],[-2.51993,43.07178],[-2.51996,43.07176],[-2.52007,43.07173],[-2.52014,43.07174]]}},{"type":"Feature","properties":{"id":215184879,"highway":"track"},"geometry":{"type":"LineString","coordinates":[[-2.52711,43.06981],[-2.52712,43.06981],[-2.52713,43.0698],[-2.52717,43.06981],[-2.52725,43.06982],[-2.52735,43.06984],[-2.52754,43.06988],[-2.52769,43.06992],[-2.52786,43.06996],[-2.52799,43.07],[-2.5281,43.07002],[-2.52818,43.07001],[-2.52822,43.07],[-2.52825,43.07],[-2.5283,43.06999],[-2.52835,43.06999],[-2.52841,43.07],[-2.52855,43.07003],[-2.52873,43.07008],[-2.52894,43.07013],[-2.52903,43.07014],[-2.52912,43.07014],[-2.52918,43.07011],[-2.52926,43.07007],[-2.52941,43.07005],[-2.52952,43.07003],[-2.52956,43.07001]]}},{"type":"Feature","properties":{"id":215184880,"highway":"service"},"geometry":{"type":"LineString","coordinates":[[-2.52744,43.07081],[-2.52754,43.07082],[-2.52807,43.07111],[-2.52828,43.07116],[-2.52848,43.07116]]}},{"type":"Feature","properties":{"id":215184881,"highway":"track"},"geometry":{"type":"LineString","coordinates":[[-2.52578,43.07011],[-2.52585,43.07011],[-2.52592,43.07014],[-2.52605,43.07016],[-2.52614,43.07018],[-2.52626,43.07019],[-2.52644,43.07022],[-2.52664,43.07025],[-2.5268,43.07028],[-2.527,43.07031],[-2.52743,43.0704],[-2.52749,43.0704],[-2.52756,43.0704],[-2.5276,43.0704],[-2.52766,43.07038],[-2.52767,43.07036],[-2.52766,43.07035],[-2.52762,43.07031],[-2.52741,43.07017],[-2.52733,43.0701],[-2.52719,43.06992],[-2.52712,43.06983],[-2.52711,43.06981]]}},{"type":"Feature","properties":{"id":215184883,"highway":"track"},"geometry":{"type":"LineString","coordinates":[[-2.52956,43.07001],[-2.52957,43.06993],[-2.52956,43.06988],[-2.52953,43.06985],[-2.52933,43.06976],[-2.52903,43.06967],[-2.52888,43.06964],[-2.52875,43.06963],[-2.52865,43.06961],[-2.52857,43.06958],[-2.52848,43.06954],[-2.52841,43.06947],[-2.52836,43.06944],[-2.52794,43.0693],[-2.52782,43.06928],[-2.52759,43.06923],[-2.52744,43.0692],[-2.52711,43.06909],[-2.52707,43.06909],[-2.52705,43.06911],[-2.52692,43.06927],[-2.52684,43.06938],[-2.52679,43.06947]]}},{"type":"Feature","properties":{"id":215184884,"highway":"service","nombre":"Garagartza auzoa"},"geometry":{"type":"LineString","coordinates":[[-2.52942,43.07173],[-2.52945,43.0718],[-2.52947,43.07182],[-2.52957,43.07197],[-2.52958,43.07203],[-2.52955,43.07209],[-2.52943,43.07217],[-2.52915,43.07229],[-2.52902,43.07237],[-2.52898,43.07245],[-2.52897,43.07252],[-2.52899,43.07264],[-2.52906,43.07271],[-2.52948,43.07296],[-2.52976,43.07316],[-2.52984,43.07327],[-2.52986,43.07333],[-2.52988,43.07336],[-2.52992,43.07336],[-2.53015,43.07323],[-2.53059,43.07293],[-2.53076,43.07284],[-2.53081,43.07282],[-2.53088,43.07281],[-2.53096,43.07283],[-2.53113,43.07291],[-2.53126,43.07295],[-2.53137,43.07298]]}},{"type":"Feature","properties":{"id":215184885,"highway":"path","nombre":"Garagartza auzoa"},"geometry":{"type":"LineString","coordinates":[[-2.51345,43.06816],[-2.51343,43.06817],[-2.51339,43.06818],[-2.51337,43.06823],[-2.51341,43.0684],[-2.51346,43.06854],[-2.51352,43.06865],[-2.51357,43.06873],[-2.51378,43.06895],[-2.5139,43.0691],[-2.51398,43.06921],[-2.51412,43.06945],[-2.51418,43.06956],[-2.51427,43.06966],[-2.51449,43.06984],[-2.51464,43.07003],[-2.51475,43.07015],[-2.51498,43.07045],[-2.51505,43.0706],[-2.5151,43.07072],[-2.51511,43.07081],[-2.51512,43.07085],[-2.51513,43.07102],[-2.51513,43.07102],[-2.51516,43.07103],[-2.51524,43.07103],[-2.51534,43.07102],[-2.51547,43.071]]}},{"type":"Feature","properties":{"id":215184895,"highway":"unclassified","nombre":"Garagartza auzoa"},"geometry":{"type":"LineString","coordinates":[[-2.52218,43.07539],[-2.52215,43.07537],[-2.52212,43.07535],[-2.52208,43.07532],[-2.52205,43.07527],[-2.52199,43.07519],[-2.52194,43.07513],[-2.52187,43.07506],[-2.52181,43.07501],[-2.52175,43.07497],[-2.52162,43.07488],[-2.52139,43.07473],[-2.52112,43.07458],[-2.5209,43.07445],[-2.52067,43.07432],[-2.52025,43.0741],[-2.52015,43.07407],[-2.51996,43.074],[-2.51961,43.07387],[-2.51947,43.07386],[-2.51927,43.07384],[-2.51918,43.07383],[-2.51909,43.07382],[-2.51901,43.0738],[-2.51889,43.07376],[-2.51872,43.07371],[-2.5186,43.07366],[-2.51852,43.07363],[-2.51842,43.07358],[-2.51816,43.07345],[-2.51801,43.07337],[-2.51796,43.07336]]}},{"type":"Feature","properties":{"id":215184898,"highway":"service","nombre":"Garagartza auzoa"},"geometry":{"type":"LineString","coordinates":[[-2.52163,43.07453],[-2.52172,43.07458],[-2.52191,43.07473],[-2.52201,43.07486],[-2.52204,43.07491]]}},{"type":"Feature","properties":{"id":215184905,"highway":"service","nombre":"Garagartza auzoa"},"geometry":{"type":"LineString","coordinates":[[-2.53012,43.07724],[-2.53011,43.07704],[-2.53003,43.07694],[-2.52973,43.0769],[-2.52949,43.07691],[-2.52922,43.077],[-2.52904,43.07701],[-2.5289,43.07694],[-2.52861,43.07684],[-2.52826,43.07663],[-2.52776,43.07638],[-2.52742,43.07609],[-2.52665,43.07543],[-2.52639,43.07503],[-2.52596,43.07448],[-2.52516,43.07397],[-2.52482,43.07359],[-2.52369,43.07275],[-2.52333,43.07243],[-2.52287,43.07218]]}},{"type":"Feature","properties":{"id":215184906,"highway":"track"},"geometry":{"type":"LineString","coordinates":[[-2.53055,43.06902],[-2.53035,43.06913],[-2.53021,43.06916],[-2.52986,43.06922],[-2.52969,43.06936],[-2.52962,43.06937],[-2.52937,43.06937],[-2.52914,43.06933],[-2.52893,43.06928],[-2.52863,43.06915],[-2.5282,43.06893],[-2.52812,43.06886],[-2.5281,43.06879],[-2.5281,43.06872],[-2.52812,43.06868],[-2.52817,43.06863],[-2.52827,43.06857],[-2.52836,43.06852],[-2.52847,43.0685],[-2.52857,43.0685],[-2.5286,43.06849],[-2.52862,43.06846],[-2.52865,43.06839],[-2.52867,43.06833],[-2.52867,43.06825],[-2.52864,43.06822],[-2.52849,43.0681],[-2.5284,43.06807],[-2.52835,43.06807],[-2.5282,43.06812],[-2.52794,43.06826],[-2.52787,43.06827],[-2.52781,43.06828],[-2.52766,43.06827],[-2.52757,43.06828],[-2.52742,43.06834],[-2.52718,43.06849],[-2.52711,43.06855],[-2.52708,43.06862],[-2.52704,43.06873],[-2.52688,43.06898],[-2.52678,43.06911],[-2.52675,43.06921],[-2.52674,43.06931],[-2.52676,43.0694],[-2.52679,43.06947]]}},{"type":"Feature","properties":{"id":215184907,"highway":"unclassified","nombre":"Garagartza auzoa"},"geometry":{"type":"LineString","coordinates":[[-2.51547,43.071],[-2.51544,43.07103],[-2.51543,43.07108],[-2.51543,43.07115],[-2.51545,43.07123],[-2.5155,43.07133],[-2.51556,43.07142],[-2.51564,43.07149],[-2.51573,43.07153],[-2.51588,43.07157],[-2.51611,43.07165],[-2.51617,43.07167],[-2.5162,43.07171],[-2.51622,43.07175],[-2.51622,43.07181],[-2.5162,43.07187],[-2.51613,43.07193],[-2.51583,43.07209],[-2.51581,43.07212],[-2.5158,43.07216],[-2.51582,43.0722],[-2.51586,43.07224],[-2.51604,43.07232],[-2.51612,43.07236],[-2.51619,43.07237],[-2.51625,43.07237],[-2.51634,43.07235],[-2.51643,43.07231],[-2.51649,43.07228],[-2.51661,43.0722],[-2.51668,43.07217],[-2.51672,43.07216],[-2.51679,43.07216],[-2.51685,43.07217],[-2.51692,43.0722],[-2.51705,43.07227],[-2.51725,43.07239],[-2.51747,43.07248],[-2.51749,43.07251],[-2.51749,43.07254],[-2.51748,43.07275],[-2.5175,43.07281],[-2.51753,43.07286],[-2.51761,43.07296],[-2.51766,43.07305],[-2.51766,43.07311]]}},{"type":"Feature","properties":{"id":215184909,"highway":"unclassified","nombre":"Garagartza auzoa"},"geometry":{"type":"LineString","coordinates":[[-2.52319,43.06912],[-2.52379,43.06865],[-2.52396,43.06851],[-2.52396,43.06842],[-2.52396,43.0684]]}},{"type":"Feature","properties":{"id":215184910,"highway":"unclassified","nombre":"Garagartza auzoa"},"geometry":{"type":"LineString","coordinates":[[-2.5217,43.07041],[-2.52174,43.0704],[-2.52179,43.0704],[-2.52187,43.0704],[-2.52201,43.07042],[-2.52211,43.07044],[-2.52225,43.07048],[-2.52238,43.07052],[-2.52249,43.07054],[-2.52263,43.07055],[-2.52272,43.07055],[-2.52301,43.07055],[-2.52313,43.07054],[-2.52325,43.07053],[-2.52336,43.07051],[-2.52344,43.07049],[-2.52352,43.07046],[-2.52358,43.07044],[-2.52368,43.07043],[-2.52423,43.07035],[-2.52437,43.07034],[-2.52444,43.07033],[-2.52454,43.0703],[-2.52465,43.07027],[-2.52476,43.07025],[-2.52492,43.07026],[-2.52505,43.07028],[-2.52516,43.07029],[-2.52526,43.0703],[-2.52538,43.07031],[-2.52553,43.07031],[-2.52565,43.0703],[-2.5259,43.07031],[-2.52603,43.07031],[-2.52612,43.07032]]}},{"type":"Feature","properties":{"id":215184911,"highway":"unclassified","nombre":"Garagartza auzoa"},"geometry":{"type":"LineString","coordinates":[[-2.52518,43.06793],[-2.52506,43.06797],[-2.52498,43.068],[-2.52487,43.06805],[-2.52414,43.06833],[-2.52396,43.0684],[-2.52378,43.06843],[-2.52362,43.06847],[-2.52344,43.06849],[-2.5223,43.06866],[-2.52183,43.06874],[-2.52154,43.06878],[-2.52127,43.0688],[-2.52114,43.0688],[-2.52109,43.06879]]}},{"type":"Feature","properties":{"id":215184914,"highway":"track"},"geometry":{"type":"LineString","coordinates":[[-2.52679,43.06947],[-2.52681,43.06951],[-2.52688,43.06962],[-2.52695,43.06971],[-2.52702,43.06977],[-2.52711,43.06981]]}},{"type":"Feature","properties":{"id":215184916,"highway":"track","nombre":"Garagartza auzoa"},"geometry":{"type":"LineString","coordinates":[[-2.52409,43.06319],[-2.52407,43.06332],[-2.52404,43.0635],[-2.52403,43.06364],[-2.52401,43.06373],[-2.52398,43.06388],[-2.52397,43.06403],[-2.52386,43.06422],[-2.52386,43.06426],[-2.52385,43.06436],[-2.52377,43.06456],[-2.52372,43.06474],[-2.52365,43.06494],[-2.52361,43.06503],[-2.52354,43.06515],[-2.52347,43.06527],[-2.52345,43.06534],[-2.52342,43.06544],[-2.52336,43.06558],[-2.5233,43.0657],[-2.52322,43.06579],[-2.52315,43.06586],[-2.52304,43.06591],[-2.52289,43.06597],[-2.52283,43.066],[-2.52249,43.06609],[-2.52241,43.06614],[-2.52212,43.06623],[-2.52178,43.06632],[-2.52153,43.06638],[-2.52138,43.06641],[-2.52129,43.06641],[-2.52102,43.06642],[-2.52036,43.06649],[-2.52022,43.0665],[-2.51998,43.0665],[-2.51975,43.06652],[-2.5197,43.06652],[-2.51964,43.06652],[-2.51953,43.06651],[-2.51933,43.0665],[-2.5193,43.06651],[-2.51927,43.06652],[-2.51924,43.06653],[-2.51922,43.06655],[-2.51921,43.06658],[-2.5192,43.06662],[-2.51919,43.06666],[-2.51919,43.06669],[-2.51921,43.06676],[-2.51922,43.06691],[-2.51926,43.06715],[-2.51933,43.06765],[-2.51935,43.06787],[-2.51937,43.06789],[-2.5195,43.06803]]}},{"type":"Feature","properties":{"id":215184922,"highway":"service"},"geometry":{"type":"LineString","coordinates":[[-2.53436,43.0755],[-2.5343,43.07489],[-2.53426,43.07433],[-2.53426,43.07403],[-2.53421,43.07358],[-2.53422,43.07352]]}},{"type":"Feature","properties":{"id":215184925,"highway":"service"},"geometry":{"type":"LineString","coordinates":[[-2.53422,43.07352],[-2.53433,43.07367],[-2.53466,43.07397],[-2.53476,43.07415],[-2.53477,43.07542],[-2.53487,43.07566],[-2.53495,43.07586],[-2.53514,43.07617],[-2.5353,43.07659],[-2.53598,43.07765],[-2.53626,43.07795],[-2.5366,43.07818],[-2.53688,43.07829],[-2.53804,43.07829],[-2.53863,43.07836],[-2.53925,43.07821],[-2.53952,43.07805],[-2.53973,43.07785]]}},{"type":"Feature","properties":{"id":215184926,"highway":"service"},"geometry":{"type":"LineString","coordinates":[[-2.53378,43.07167],[-2.53387,43.07171],[-2.53407,43.07178],[-2.53429,43.07185],[-2.53443,43.07188],[-2.53454,43.07192],[-2.53463,43.07197],[-2.53471,43.07203],[-2.53524,43.07244],[-2.53541,43.07256],[-2.53561,43.07268],[-2.5358,43.07277],[-2.53603,43.07287],[-2.53625,43.07296],[-2.53653,43.0731],[-2.53676,43.07324],[-2.53697,43.07337],[-2.53716,43.07349],[-2.53728,43.07356],[-2.53736,43.07363],[-2.53739,43.07366],[-2.53742,43.0737],[-2.53742,43.07373],[-2.53741,43.07377],[-2.53674,43.07367],[-2.53664,43.07366],[-2.53655,43.07366],[-2.53646,43.07368],[-2.5363,43.07372],[-2.53626,43.07373],[-2.5362,43.07374],[-2.53617,43.07374],[-2.53612,43.07375],[-2.53605,43.07374],[-2.536,43.07374],[-2.53587,43.07373],[-2.53576,43.07371],[-2.5357,43.0737],[-2.53563,43.07368],[-2.53553,43.07366],[-2.5355,43.07365],[-2.53546,43.07363],[-2.53543,43.07361],[-2.53539,43.07359],[-2.53535,43.07356],[-2.53528,43.0735],[-2.53526,43.07349],[-2.53523,43.07347],[-2.53521,43.07347],[-2.53517,43.07345],[-2.53512,43.07344],[-2.53503,43.07342],[-2.53493,43.0734],[-2.53488,43.07339],[-2.53478,43.07338],[-2.53468,43.07338],[-2.53464,43.07337],[-2.53458,43.07337],[-2.53446,43.07338],[-2.53434,43.07337],[-2.53432,43.07338],[-2.5343,43.07338]]}},{"type":"Feature","properties":{"id":215184928,"highway":"service","nombre":"Garagartza auzoa"},"geometry":{"type":"LineString","coordinates":[[-2.52287,43.07218],[-2.52274,43.07203],[-2.52264,43.07188],[-2.52256,43.07175],[-2.5225,43.07168],[-2.52243,43.07163],[-2.52238,43.07158],[-2.52232,43.07154]]}},{"type":"Feature","properties":{"id":215184929,"highway":"service","nombre":"Garagartza auzoa"},"geometry":{"type":"LineString","coordinates":[[-2.5343,43.07338],[-2.53427,43.07339],[-2.53425,43.0734],[-2.53423,43.07342],[-2.53422,43.07344],[-2.53421,43.07346],[-2.5342,43.07348],[-2.53421,43.0735],[-2.53422,43.07352]]}},{"type":"Feature","properties":{"id":215184931,"highway":"service","nombre":"Garagartza auzoa"},"geometry":{"type":"LineString","coordinates":[[-2.52348,43.07302],[-2.52349,43.07299],[-2.52348,43.07297],[-2.52344,43.07294],[-2.52341,43.0729],[-2.52328,43.07277],[-2.52324,43.07264],[-2.52321,43.07259],[-2.52302,43.07245],[-2.52292,43.07233],[-2.52287,43.07218]]}},{"type":"Feature","properties":{"id":215184935,"highway":"track","nombre":"Gesalibar auzoa"},"geometry":{"type":"LineString","coordinates":[[-2.53289,43.06557],[-2.53287,43.06559],[-2.53286,43.0656],[-2.53273,43.06568],[-2.53241,43.06576],[-2.53212,43.06589],[-2.5319,43.066],[-2.53168,43.06605],[-2.5316,43.06611],[-2.53152,43.06617],[-2.53142,43.06622]]}},{"type":"Feature","properties":{"id":215184936,"highway":"service","nombre":"Gesalibar auzoa"},"geometry":{"type":"LineString","coordinates":[[-2.52924,43.06464],[-2.52921,43.06464],[-2.52918,43.06464],[-2.52915,43.06463],[-2.52914,43.06454],[-2.52915,43.06447],[-2.52911,43.06437],[-2.52907,43.06427],[-2.52902,43.0642],[-2.52894,43.06406],[-2.52887,43.06405],[-2.52884,43.06396],[-2.52888,43.06388],[-2.52887,43.0638],[-2.52883,43.06372],[-2.52882,43.06366],[-2.52881,43.06359],[-2.52879,43.0635],[-2.52876,43.06342],[-2.52868,43.06333],[-2.52864,43.06331]]}},{"type":"Feature","properties":{"id":215184937,"highway":"unclassified","nombre":"Gesalibar auzoa"},"geometry":{"type":"LineString","coordinates":[[-2.53185,43.06159],[-2.53183,43.06153],[-2.53183,43.06148],[-2.53188,43.06143],[-2.53193,43.0614],[-2.53205,43.06135],[-2.53225,43.06128],[-2.53257,43.06117],[-2.53286,43.06108],[-2.53295,43.06102],[-2.53297,43.06099]]}},{"type":"Feature","properties":{"id":215184938,"highway":"unclassified","nombre":"Gesalibar auzoa"},"geometry":{"type":"LineString","coordinates":[[-2.52852,43.06095],[-2.52855,43.06094],[-2.52919,43.06087],[-2.52938,43.06085],[-2.52947,43.06084],[-2.52968,43.06083],[-2.52987,43.06083],[-2.53,43.06082]]}},{"type":"Feature","properties":{"id":215184939,"highway":"unclassified","nombre":"Gesalibar auzoa"},"geometry":{"type":"LineString","coordinates":[[-2.5232,43.05918],[-2.52325,43.05931],[-2.52326,43.05938],[-2.52326,43.05946],[-2.52326,43.05953],[-2.52325,43.05961],[-2.52324,43.05968],[-2.5232,43.05982],[-2.52319,43.05992],[-2.52319,43.05998],[-2.52319,43.06005],[-2.5232,43.06026]]}},{"type":"Feature","properties":{"id":215184942,"highway":"service","nombre":"Gesalibar auzoa"},"geometry":{"type":"LineString","coordinates":[[-2.52883,43.06526],[-2.52884,43.06527],[-2.52887,43.06531],[-2.52892,43.06537],[-2.5289,43.06541],[-2.52885,43.06544],[-2.52863,43.06552],[-2.52822,43.06566],[-2.52802,43.06573],[-2.52797,43.06576],[-2.52796,43.06579],[-2.52798,43.06583],[-2.52845,43.06659],[-2.52851,43.06669]]}},{"type":"Feature","properties":{"id":215184943,"highway":"unclassified","nombre":"Gesalibar auzoa"},"geometry":{"type":"LineString","coordinates":[[-2.52803,43.06045],[-2.52797,43.06046],[-2.52789,43.06045],[-2.52782,43.06042],[-2.52779,43.06039],[-2.52776,43.06034],[-2.52774,43.06027],[-2.52773,43.06019],[-2.52776,43.06011],[-2.52777,43.06002],[-2.52776,43.05999],[-2.52773,43.05994],[-2.52772,43.05989]]}},{"type":"Feature","properties":{"id":215184944,"highway":"unclassified","nombre":"Gesalibar auzoa"},"geometry":{"type":"LineString","coordinates":[[-2.53472,43.06062],[-2.53475,43.06063],[-2.53477,43.06061],[-2.53477,43.06058],[-2.53477,43.06054],[-2.53476,43.0605],[-2.53474,43.06043],[-2.53471,43.06038],[-2.53467,43.06031],[-2.53466,43.06027],[-2.53464,43.06023],[-2.53457,43.06013],[-2.5345,43.06005],[-2.53439,43.05996],[-2.53437,43.05991],[-2.53447,43.05993],[-2.53461,43.05997],[-2.53478,43.06011],[-2.535,43.06035],[-2.53511,43.06047]]}},{"type":"Feature","properties":{"id":215184946,"highway":"service","nombre":"Gesalibar auzoa"},"geometry":{"type":"LineString","coordinates":[[-2.53135,43.06414],[-2.53124,43.06415],[-2.53111,43.06415],[-2.531,43.06414],[-2.53098,43.06413],[-2.53092,43.06411],[-2.53087,43.06406],[-2.53081,43.06396],[-2.53079,43.06391],[-2.53077,43.06388],[-2.53078,43.06387],[-2.53078,43.06377],[-2.53078,43.06372],[-2.53078,43.06364]]}},{"type":"Feature","properties":{"id":215184949,"highway":"track"},"geometry":{"type":"LineString","coordinates":[[-2.52317,43.06124],[-2.52334,43.06121],[-2.52342,43.06121],[-2.52348,43.06121],[-2.52357,43.06123],[-2.52365,43.06127],[-2.52419,43.06144],[-2.52447,43.06151],[-2.52467,43.06162],[-2.52488,43.06173],[-2.52503,43.0618],[-2.52515,43.06183],[-2.52525,43.06189],[-2.52539,43.06194],[-2.52551,43.06202]]}},{"type":"Feature","properties":{"id":215184951,"highway":"track","superficie":"ground"},"geometry":{"type":"LineString","coordinates":[[-2.52828,43.06089],[-2.52827,43.06095],[-2.52826,43.06095],[-2.52829,43.06101],[-2.5283,43.06103],[-2.52832,43.06106],[-2.52835,43.06109],[-2.52838,43.06111],[-2.52859,43.06132],[-2.52862,43.06139],[-2.52857,43.06145],[-2.5284,43.06149],[-2.52815,43.06164],[-2.5281,43.06172],[-2.52809,43.06181],[-2.5281,43.06187],[-2.5281,43.0619],[-2.52815,43.06209],[-2.52822,43.06227],[-2.52825,43.06235],[-2.52828,43.06241]]}},{"type":"Feature","properties":{"id":215184959,"highway":"unclassified","nombre":"Gesalibar auzoa"},"geometry":{"type":"LineString","coordinates":[[-2.52775,43.06569],[-2.52786,43.06582]]}},{"type":"Feature","properties":{"id":215184963,"highway":"track"},"geometry":{"type":"LineString","coordinates":[[-2.53869,43.06882],[-2.53881,43.06881],[-2.53901,43.06883],[-2.5391,43.06883],[-2.53914,43.06883],[-2.53918,43.06882],[-2.53921,43.06881],[-2.53925,43.06879],[-2.53934,43.06876],[-2.53945,43.06876],[-2.53964,43.06876],[-2.53979,43.06877],[-2.53998,43.0688],[-2.54017,43.06885],[-2.54036,43.06889]]}},{"type":"Feature","properties":{"id":215184965,"highway":"track","nombre":"Gesalibar auzoa"},"geometry":{"type":"LineString","coordinates":[[-2.53472,43.06822],[-2.53469,43.06823],[-2.53422,43.06832],[-2.53408,43.06836],[-2.53399,43.06838],[-2.53391,43.0684],[-2.53387,43.06842],[-2.53382,43.06844],[-2.53379,43.06846],[-2.53377,43.06848],[-2.53374,43.06851],[-2.53372,43.06855],[-2.53369,43.0686],[-2.53366,43.06867],[-2.53366,43.0687],[-2.53364,43.06874],[-2.53361,43.06876],[-2.53357,43.06877],[-2.53349,43.06876],[-2.5332,43.06863],[-2.53286,43.06853],[-2.53283,43.06852]]}},{"type":"Feature","properties":{"id":215184966,"highway":"track"},"geometry":{"type":"LineString","coordinates":[[-2.53316,43.06443],[-2.53321,43.06444],[-2.53342,43.06447],[-2.53375,43.06443],[-2.53425,43.06474],[-2.53461,43.06475],[-2.53487,43.06489],[-2.53497,43.06496],[-2.53536,43.06504],[-2.53577,43.06513],[-2.53599,43.06531],[-2.53638,43.0653]]}},{"type":"Feature","properties":{"id":215184967,"highway":"unclassified","nombre":"Gesalibar auzoa"},"geometry":{"type":"LineString","coordinates":[[-2.52752,43.06698],[-2.52752,43.06695],[-2.52752,43.06691],[-2.52758,43.06686],[-2.52769,43.0668],[-2.52799,43.06668],[-2.52807,43.06664],[-2.52816,43.06658],[-2.52824,43.06653],[-2.52827,43.06649],[-2.52826,43.06645],[-2.52822,43.06636],[-2.52791,43.06588],[-2.52786,43.06582]]}},{"type":"Feature","properties":{"id":215184968,"highway":"service","nombre":"Gesalibar auzoa"},"geometry":{"type":"LineString","coordinates":[[-2.52423,43.05928],[-2.52418,43.05928],[-2.52409,43.05929],[-2.52405,43.0593],[-2.524,43.05932],[-2.52395,43.05933],[-2.52391,43.05934],[-2.52385,43.05935],[-2.52381,43.05935],[-2.52377,43.05935],[-2.5237,43.05934],[-2.52365,43.05933],[-2.52359,43.05931],[-2.52351,43.05928],[-2.52343,43.05925],[-2.52335,43.0592],[-2.52334,43.05919],[-2.5233,43.05918],[-2.52326,43.05918],[-2.5232,43.05918]]}},{"type":"Feature","properties":{"id":215184970,"highway":"track","nombre":"Gesalibar auzoa"},"geometry":{"type":"LineString","coordinates":[[-2.53283,43.06852],[-2.53291,43.06841],[-2.53294,43.06838],[-2.53296,43.06836],[-2.53298,43.06832],[-2.533,43.06829],[-2.533,43.06826],[-2.533,43.06823],[-2.533,43.06819],[-2.53303,43.06809],[-2.53329,43.06777]]}},{"type":"Feature","properties":{"id":215184973,"highway":"service","nombre":"Gesalibar auzoa"},"geometry":{"type":"LineString","coordinates":[[-2.53248,43.06488],[-2.53245,43.06488],[-2.53237,43.06487],[-2.53212,43.06489]]}},{"type":"Feature","properties":{"id":215184975,"highway":"unclassified","nombre":"Gesalibar auzoa"},"geometry":{"type":"LineString","coordinates":[[-2.52828,43.06089],[-2.52808,43.0608],[-2.52801,43.06077]]}},{"type":"Feature","properties":{"id":215184976,"highway":"service","nombre":"Gesalibar auzoa"},"geometry":{"type":"LineString","coordinates":[[-2.52803,43.06045],[-2.52797,43.06037],[-2.52793,43.0603]]}},{"type":"Feature","properties":{"id":215184977,"highway":"unclassified","nombre":"Gesalibar auzoa"},"geometry":{"type":"LineString","coordinates":[[-2.53297,43.06099],[-2.53289,43.06099],[-2.53277,43.061],[-2.5326,43.06099],[-2.53218,43.06096],[-2.53206,43.06094],[-2.53197,43.06093],[-2.53184,43.06091],[-2.5318,43.06091],[-2.53174,43.06091],[-2.53163,43.06091],[-2.53153,43.06092],[-2.53141,43.06092],[-2.53128,43.06094],[-2.53123,43.06094],[-2.53118,43.06093],[-2.53115,43.06093],[-2.53104,43.0609],[-2.53098,43.06088],[-2.53087,43.06084],[-2.53084,43.06083],[-2.53081,43.06083],[-2.53079,43.06083],[-2.5307,43.06083],[-2.53062,43.06083],[-2.53056,43.06083],[-2.53049,43.06083],[-2.53032,43.0608],[-2.53023,43.0608],[-2.53016,43.0608],[-2.53,43.06082]]}},{"type":"Feature","properties":{"id":215184978,"highway":"service"},"geometry":{"type":"LineString","coordinates":[[-2.53167,43.06169],[-2.53167,43.06164],[-2.53167,43.06157],[-2.53162,43.06153],[-2.53157,43.06149],[-2.53153,43.06148],[-2.53141,43.06146],[-2.53132,43.06145],[-2.53124,43.06145],[-2.53115,43.06145],[-2.53107,43.06145],[-2.53094,43.06146],[-2.53079,43.06148],[-2.53067,43.06151],[-2.53057,43.06152],[-2.53035,43.06152],[-2.53027,43.06156],[-2.53019,43.06161],[-2.53005,43.06172]]}},{"type":"Feature","properties":{"id":215184980,"highway":"service","nombre":"Gesalibar auzoa"},"geometry":{"type":"LineString","coordinates":[[-2.54027,43.07113],[-2.54033,43.0712],[-2.54043,43.07127],[-2.54048,43.07132],[-2.54054,43.07138],[-2.54062,43.07143],[-2.54091,43.07156],[-2.54102,43.07163],[-2.54117,43.0717],[-2.54128,43.07176],[-2.54138,43.07178],[-2.54147,43.0718],[-2.54156,43.07183],[-2.54162,43.07187],[-2.54165,43.07189]]}},{"type":"Feature","properties":{"id":215184981,"highway":"service","nombre":"Gesalibar auzoa"},"geometry":{"type":"LineString","coordinates":[[-2.53511,43.06047],[-2.53522,43.0606],[-2.53528,43.06068],[-2.53532,43.06076],[-2.53534,43.06085],[-2.53537,43.06101],[-2.53536,43.0611],[-2.53535,43.06116],[-2.53525,43.06135],[-2.53514,43.06154],[-2.53501,43.06174],[-2.53486,43.06195],[-2.53477,43.06202],[-2.53417,43.06232],[-2.53412,43.06237],[-2.53408,43.06242],[-2.53406,43.06249],[-2.53404,43.06259],[-2.53405,43.06274],[-2.53407,43.06281],[-2.53414,43.06289],[-2.53431,43.06305],[-2.53451,43.06321],[-2.53475,43.06339],[-2.53482,43.06343],[-2.53494,43.06348],[-2.53515,43.06352],[-2.53546,43.06357]]}},{"type":"Feature","properties":{"id":215184988,"highway":"track","nombre":"Gesalibar auzoa"},"geometry":{"type":"LineString","coordinates":[[-2.53283,43.06852],[-2.53274,43.0685],[-2.53246,43.06846],[-2.53239,43.06845]]}},{"type":"Feature","properties":{"id":215184989,"highway":"service","nombre":"Gesalibar auzoa"},"geometry":{"type":"LineString","coordinates":[[-2.52879,43.06307],[-2.52874,43.06314],[-2.52874,43.06318],[-2.52864,43.06331],[-2.52862,43.06334],[-2.52856,43.06341],[-2.52855,43.06344]]}},{"type":"Feature","properties":{"id":215184990,"highway":"service","nombre":"Gesalibar auzoa"},"geometry":{"type":"LineString","coordinates":[[-2.53216,43.06551],[-2.53218,43.06549],[-2.53239,43.06532],[-2.53257,43.0652],[-2.53267,43.06513],[-2.53279,43.06506],[-2.53281,43.06502],[-2.5328,43.06498],[-2.53273,43.06497],[-2.5325,43.06501],[-2.53243,43.06499]]}},{"type":"Feature","properties":{"id":215184991,"highway":"service"},"geometry":{"type":"LineString","coordinates":[[-2.54027,43.07113],[-2.54019,43.07125],[-2.54019,43.07133],[-2.54022,43.07149],[-2.54027,43.07162],[-2.54067,43.07201],[-2.54085,43.07216],[-2.54098,43.07222],[-2.54117,43.07228],[-2.54123,43.07232],[-2.54126,43.07238],[-2.54126,43.07247],[-2.54127,43.0726],[-2.54131,43.07269],[-2.54176,43.07319],[-2.54201,43.07369],[-2.54221,43.07382],[-2.54222,43.07388],[-2.54218,43.07393],[-2.54176,43.07413],[-2.54169,43.07419],[-2.54166,43.0743],[-2.54173,43.07454],[-2.54187,43.07479],[-2.54221,43.0751],[-2.54226,43.07519],[-2.54222,43.07528],[-2.54213,43.07531],[-2.54192,43.07532],[-2.54186,43.07528],[-2.54167,43.0752],[-2.54145,43.07515],[-2.54111,43.07515],[-2.5408,43.07516],[-2.54028,43.07527],[-2.53985,43.07521],[-2.53932,43.07508],[-2.53919,43.07496],[-2.53913,43.07483],[-2.53896,43.07457],[-2.53876,43.0744],[-2.53853,43.07424],[-2.53793,43.07394],[-2.53741,43.07377]]}},{"type":"Feature","properties":{"id":215184995,"highway":"unclassified","nombre":"Gesalibar auzoa"},"geometry":{"type":"LineString","coordinates":[[-2.54039,43.068],[-2.54034,43.06794],[-2.54028,43.06789],[-2.54021,43.06785],[-2.54016,43.06783],[-2.5401,43.06783],[-2.54005,43.06783],[-2.54002,43.06783],[-2.53998,43.06784],[-2.53986,43.0679],[-2.53973,43.068],[-2.53965,43.06803],[-2.53958,43.06805],[-2.53952,43.06807],[-2.53944,43.06808],[-2.53938,43.06809],[-2.5393,43.06809],[-2.53924,43.0681],[-2.53918,43.06812],[-2.53909,43.06815],[-2.53903,43.06816],[-2.5389,43.06817],[-2.53885,43.06818],[-2.5388,43.06818],[-2.53875,43.06817],[-2.5387,43.06817],[-2.53857,43.06813],[-2.53835,43.06808],[-2.53823,43.06804],[-2.53807,43.06798],[-2.53798,43.06795],[-2.53788,43.06793],[-2.53778,43.06791],[-2.53768,43.0679],[-2.53757,43.06789],[-2.53742,43.06788],[-2.53724,43.06789],[-2.53714,43.06789],[-2.53707,43.06788],[-2.53699,43.06786],[-2.53692,43.06785],[-2.53686,43.06783],[-2.5368,43.06781],[-2.53676,43.0678],[-2.53674,43.0678],[-2.53669,43.0678],[-2.53668,43.0678],[-2.53667,43.06781],[-2.53663,43.06783],[-2.5366,43.06785],[-2.53658,43.06786],[-2.53655,43.06791],[-2.53653,43.06795],[-2.53652,43.06798],[-2.53648,43.06802],[-2.53647,43.06804],[-2.53641,43.06806]]}},{"type":"Feature","properties":{"id":215184996,"highway":"track"},"geometry":{"type":"LineString","coordinates":[[-2.53448,43.06779],[-2.5344,43.06779],[-2.53424,43.06788],[-2.53409,43.06793],[-2.53388,43.06799],[-2.5337,43.06801],[-2.53362,43.068],[-2.53358,43.06798],[-2.53357,43.06793],[-2.53361,43.06783]]}},{"type":"Feature","properties":{"id":215184997,"highway":"unclassified","nombre":"Gesalibar auzoa"},"geometry":{"type":"LineString","coordinates":[[-2.52321,43.06082],[-2.52321,43.06101],[-2.52317,43.06106],[-2.52316,43.06112],[-2.52316,43.06117],[-2.52317,43.06124]]}},{"type":"Feature","properties":{"id":215184998,"highway":"unclassified","nombre":"Gesalibar auzoa"},"geometry":{"type":"LineString","coordinates":[[-2.52801,43.06077],[-2.528,43.0607],[-2.528,43.06066],[-2.52804,43.0606],[-2.52805,43.06057],[-2.52805,43.06053],[-2.52803,43.06045]]}},{"type":"Feature","properties":{"id":215185001,"highway":"track"},"geometry":{"type":"LineString","coordinates":[[-2.53487,43.06489],[-2.53492,43.06483],[-2.53498,43.06474],[-2.53499,43.06469],[-2.53499,43.0646],[-2.53499,43.06453],[-2.53499,43.06446]]}},{"type":"Feature","properties":{"id":215185003,"highway":"unclassified","nombre":"Gesalibar auzoa"},"geometry":{"type":"LineString","coordinates":[[-2.52946,43.06332],[-2.52943,43.0633],[-2.52933,43.06325],[-2.52923,43.06323],[-2.52912,43.0632],[-2.52902,43.06318],[-2.52894,43.06315],[-2.52879,43.06307]]}},{"type":"Feature","properties":{"id":215185004,"highway":"unclassified","nombre":"Gesalibar auzoa"},"geometry":{"type":"LineString","coordinates":[[-2.52801,43.06077],[-2.52792,43.06076],[-2.52788,43.06075],[-2.52777,43.06072],[-2.52773,43.0607],[-2.52769,43.06067],[-2.52765,43.06064],[-2.52759,43.06061],[-2.52756,43.06059],[-2.5275,43.06057],[-2.52746,43.06056],[-2.52742,43.06055],[-2.52738,43.06055],[-2.52735,43.06055],[-2.52726,43.06056],[-2.52704,43.06059],[-2.52682,43.06063],[-2.52671,43.06067],[-2.52652,43.06073],[-2.52643,43.06076],[-2.52638,43.06077],[-2.52637,43.06077],[-2.52634,43.06076],[-2.52632,43.06074],[-2.52631,43.06073],[-2.5263,43.06073],[-2.5263,43.06071],[-2.5263,43.06069],[-2.52631,43.06068],[-2.52645,43.06056],[-2.52652,43.06049],[-2.52657,43.06042],[-2.52663,43.06033],[-2.52672,43.0602],[-2.52672,43.06017],[-2.52671,43.06015],[-2.5267,43.06014],[-2.52668,43.06013],[-2.52666,43.06013],[-2.52662,43.06013],[-2.52657,43.06015],[-2.52633,43.06026],[-2.52622,43.06031],[-2.52611,43.06036],[-2.52606,43.06038],[-2.52601,43.0604],[-2.52596,43.06042],[-2.52589,43.06043],[-2.52582,43.06044],[-2.52558,43.06044],[-2.52535,43.06046],[-2.52516,43.06047],[-2.52504,43.06049],[-2.52485,43.06052],[-2.52463,43.06055],[-2.52442,43.0606],[-2.52431,43.06063],[-2.52421,43.06065],[-2.52411,43.06067],[-2.52405,43.06067],[-2.52401,43.06067],[-2.52397,43.06067],[-2.52393,43.06067],[-2.52389,43.06066],[-2.52385,43.06065],[-2.52374,43.0606],[-2.52363,43.06054],[-2.52356,43.0605],[-2.52345,43.06042],[-2.52329,43.06029],[-2.52325,43.06026],[-2.5232,43.06026]]}},{"type":"Feature","properties":{"id":215185007,"highway":"unclassified","nombre":"Gesalibar auzoa"},"geometry":{"type":"LineString","coordinates":[[-2.5232,43.06026],[-2.5232,43.0604],[-2.5232,43.06049],[-2.52318,43.06062],[-2.52319,43.06067],[-2.5232,43.06075],[-2.52321,43.06082]]}},{"type":"Feature","properties":{"id":215185009,"highway":"track"},"geometry":{"type":"LineString","coordinates":[[-2.53588,43.06494],[-2.53579,43.06491],[-2.53568,43.06487],[-2.53561,43.06486],[-2.53555,43.06485],[-2.53551,43.06486],[-2.53547,43.06488],[-2.53544,43.06491],[-2.53536,43.06504]]}},{"type":"Feature","properties":{"id":215185010,"highway":"unclassified","nombre":"Gesalibar auzoa"},"geometry":{"type":"LineString","coordinates":[[-2.53297,43.06099],[-2.53305,43.06097],[-2.53317,43.06093],[-2.53338,43.06082],[-2.53346,43.06076],[-2.53348,43.06074],[-2.53347,43.06072],[-2.53343,43.06067],[-2.53332,43.06051]]}},{"type":"Feature","properties":{"id":215185020,"highway":"service","nombre":"Makatzena kalea"},"geometry":{"type":"LineString","coordinates":[[-2.48526,43.07139],[-2.48516,43.07129],[-2.48496,43.07115],[-2.48485,43.07105],[-2.48477,43.07097],[-2.48472,43.07094],[-2.48467,43.07093],[-2.48456,43.07093],[-2.48443,43.07093],[-2.48427,43.07089],[-2.48415,43.07086],[-2.48393,43.07086]]}},{"type":"Feature","properties":{"id":215185021,"highway":"service","nombre":"Makatzena kalea"},"geometry":{"type":"LineString","coordinates":[[-2.48537,43.0704],[-2.48534,43.07057],[-2.48533,43.07067],[-2.48533,43.0707],[-2.48534,43.0708],[-2.48541,43.07091],[-2.48545,43.07099],[-2.48546,43.07109],[-2.48545,43.07117],[-2.48543,43.07124],[-2.48537,43.07132],[-2.48531,43.07137],[-2.48526,43.07139]]}},{"type":"Feature","properties":{"id":215185022,"highway":"service","nombre":"Makatzena kalea"},"geometry":{"type":"LineString","coordinates":[[-2.48537,43.0704],[-2.48527,43.07037],[-2.48498,43.07023],[-2.48477,43.07011],[-2.4847,43.07007],[-2.48464,43.07001],[-2.48459,43.06998],[-2.48448,43.06993],[-2.48428,43.06986],[-2.48402,43.06978],[-2.48373,43.0697]]}},{"type":"Feature","properties":{"id":215185023,"highway":"service","nombre":"Makatzena kalea"},"geometry":{"type":"LineString","coordinates":[[-2.48526,43.07139],[-2.48517,43.07143],[-2.48505,43.07148],[-2.48502,43.0715]]}},{"type":"Feature","properties":{"id":215185024,"highway":"service","nombre":"Makatzena kalea"},"geometry":{"type":"LineString","coordinates":[[-2.48537,43.0704],[-2.4854,43.07036],[-2.48546,43.07024],[-2.4855,43.07013],[-2.48553,43.06996],[-2.48553,43.06995],[-2.48556,43.06985]]}},{"type":"Feature","properties":{"id":215185025,"highway":"service","nombre":"Meatzerreka auzoa"},"geometry":{"type":"LineString","coordinates":[[-2.49203,43.07117],[-2.49203,43.07116],[-2.49202,43.07114],[-2.49201,43.07113],[-2.49201,43.07111],[-2.492,43.07109],[-2.49198,43.07103],[-2.49196,43.07098],[-2.49194,43.07092],[-2.49191,43.07086],[-2.49187,43.0708]]}},{"type":"Feature","properties":{"id":215185026,"highway":"service","nombre":"Meatzerreka auzoa"},"geometry":{"type":"LineString","coordinates":[[-2.49232,43.07162],[-2.49236,43.07151],[-2.49237,43.07148],[-2.49238,43.0714],[-2.49234,43.07126],[-2.49234,43.07123],[-2.49234,43.07121],[-2.49234,43.07115],[-2.49236,43.07108],[-2.49241,43.07102],[-2.49249,43.07095],[-2.4926,43.07086],[-2.49265,43.07082]]}},{"type":"Feature","properties":{"id":215185027,"highway":"service","nombre":"Meatzerreka auzoa"},"geometry":{"type":"LineString","coordinates":[[-2.4966,43.08011],[-2.49647,43.08012],[-2.49643,43.08012],[-2.49639,43.08012],[-2.49634,43.0801],[-2.4963,43.08007],[-2.49627,43.08004],[-2.49624,43.08],[-2.49621,43.07994],[-2.49617,43.07987],[-2.49611,43.07981],[-2.49603,43.07976],[-2.49594,43.07973]]}},{"type":"Feature","properties":{"id":215185028,"highway":"service","nombre":"Meatzerreka auzoa","superficie":"dirt"},"geometry":{"type":"LineString","coordinates":[[-2.49232,43.07162],[-2.4923,43.0716],[-2.49227,43.0715],[-2.49222,43.07142],[-2.49219,43.07139],[-2.49216,43.07136],[-2.49214,43.07132],[-2.49211,43.07129],[-2.49209,43.07126],[-2.49207,43.07123],[-2.49205,43.07121],[-2.49204,43.07119],[-2.49203,43.07118],[-2.49203,43.07117]]}},{"type":"Feature","properties":{"id":215185029,"highway":"service","nombre":"Meatzerreka auzoa"},"geometry":{"type":"LineString","coordinates":[[-2.49948,43.07563],[-2.49948,43.0757],[-2.49949,43.07576],[-2.49951,43.07583],[-2.49963,43.07594],[-2.49974,43.076],[-2.49986,43.07602],[-2.49996,43.07606],[-2.50004,43.07612],[-2.50013,43.07622],[-2.50026,43.07636],[-2.50034,43.07644],[-2.50039,43.07651],[-2.5004,43.07655],[-2.5004,43.07658],[-2.50042,43.07664]]}},{"type":"Feature","properties":{"id":215185032,"highway":"unclassified","nombre":"Meatzerreka auzoa"},"geometry":{"type":"LineString","coordinates":[[-2.49747,43.07484],[-2.49747,43.07481],[-2.49745,43.07461],[-2.49745,43.07457],[-2.49743,43.07429],[-2.49742,43.07415],[-2.4974,43.07394],[-2.49739,43.07378],[-2.49739,43.07366],[-2.49737,43.07339],[-2.49736,43.07327],[-2.49735,43.07318],[-2.49733,43.07308],[-2.49732,43.073],[-2.49728,43.07293],[-2.49725,43.07286]]}},{"type":"Feature","properties":{"id":215185034,"highway":"unclassified","nombre":"Meatzerreka auzoa"},"geometry":{"type":"LineString","coordinates":[[-2.49681,43.0841],[-2.49677,43.08422],[-2.49676,43.08425],[-2.49674,43.08427],[-2.49666,43.08435],[-2.49661,43.08439],[-2.49651,43.08448],[-2.49648,43.08454],[-2.49647,43.08459],[-2.49646,43.08466],[-2.49643,43.08475],[-2.49641,43.08484],[-2.49637,43.0849],[-2.49633,43.08494],[-2.49628,43.08498],[-2.49621,43.08501],[-2.49618,43.08502]]}},{"type":"Feature","properties":{"id":215185035,"highway":"service","nombre":"Meatzerreka auzoa"},"geometry":{"type":"LineString","coordinates":[[-2.49984,43.08121],[-2.49982,43.08114],[-2.49981,43.08096],[-2.49981,43.08077],[-2.49985,43.08056],[-2.49986,43.08048],[-2.49982,43.08041],[-2.49971,43.08039],[-2.49962,43.08038],[-2.49959,43.08036],[-2.49958,43.08034],[-2.49959,43.08027],[-2.49966,43.0801],[-2.49972,43.08004],[-2.49983,43.07992],[-2.49989,43.07986],[-2.50005,43.07975]]}},{"type":"Feature","properties":{"id":215185036,"highway":"unclassified","nombre":"Meatzerreka auzoa"},"geometry":{"type":"LineString","coordinates":[[-2.50071,43.07894],[-2.50088,43.07898],[-2.50092,43.07899],[-2.50101,43.07901],[-2.50106,43.07902],[-2.50111,43.07903],[-2.50112,43.07905],[-2.50112,43.07907],[-2.50109,43.0791],[-2.50104,43.07912],[-2.50099,43.07913],[-2.50092,43.07915],[-2.50087,43.07917],[-2.50078,43.07921],[-2.50066,43.07929],[-2.50058,43.07935],[-2.50049,43.07941],[-2.50041,43.07947]]}},{"type":"Feature","properties":{"id":215185037,"highway":"unclassified","nombre":"Meatzerreka auzoa"},"geometry":{"type":"LineString","coordinates":[[-2.49725,43.07286],[-2.49726,43.07279],[-2.49725,43.07272],[-2.49725,43.07265],[-2.49724,43.07258],[-2.49725,43.0725],[-2.49726,43.07247],[-2.49727,43.07245],[-2.49728,43.07243],[-2.49729,43.0724],[-2.49731,43.07238],[-2.49732,43.07236],[-2.49733,43.07233],[-2.49735,43.07231],[-2.49737,43.07229],[-2.49738,43.07227],[-2.4974,43.07225],[-2.49743,43.0722]]}},{"type":"Feature","properties":{"id":215185038,"highway":"service","nombre":"Meatzerreka auzoa"},"geometry":{"type":"LineString","coordinates":[[-2.49651,43.07887],[-2.49656,43.07898],[-2.49659,43.07906],[-2.49662,43.07912],[-2.49666,43.07921],[-2.49668,43.07929],[-2.49672,43.0794],[-2.49674,43.07947],[-2.49675,43.07953],[-2.49676,43.07957],[-2.49677,43.07963],[-2.49678,43.07968],[-2.49678,43.0797],[-2.49678,43.07971],[-2.49678,43.07972],[-2.49677,43.07973],[-2.49677,43.07973]]}},{"type":"Feature","properties":{"id":215185039,"highway":"service"},"geometry":{"type":"LineString","coordinates":[[-2.50513,43.09453],[-2.5051,43.09432],[-2.50509,43.09424],[-2.50507,43.09418],[-2.50504,43.09412],[-2.50487,43.09393],[-2.50472,43.09375],[-2.50466,43.09363],[-2.50466,43.09361],[-2.50466,43.09358],[-2.50466,43.09355],[-2.50467,43.09353],[-2.5047,43.0935],[-2.50479,43.09336]]}},{"type":"Feature","properties":{"id":215185040,"highway":"service","nombre":"Meatzerreka auzoa"},"geometry":{"type":"LineString","coordinates":[[-2.49637,43.07839],[-2.49637,43.07833],[-2.49638,43.07826],[-2.49639,43.0782],[-2.49639,43.07818],[-2.49643,43.07804],[-2.49648,43.07785],[-2.49651,43.07775],[-2.49657,43.07761],[-2.49663,43.07747],[-2.49673,43.07726],[-2.49685,43.077],[-2.49685,43.07699],[-2.49688,43.07691],[-2.49692,43.07683],[-2.49694,43.07677],[-2.497,43.07666],[-2.49705,43.07658]]}},{"type":"Feature","properties":{"id":215185043,"highway":"unclassified","nombre":"Meatzerreka auzoa"},"geometry":{"type":"LineString","coordinates":[[-2.49729,43.07593],[-2.49736,43.07595],[-2.49749,43.07598],[-2.49756,43.07601],[-2.49761,43.07605],[-2.49762,43.07608],[-2.49763,43.07613],[-2.49765,43.07619],[-2.49766,43.07623],[-2.49766,43.07623],[-2.49768,43.07626],[-2.49774,43.07628],[-2.4979,43.07635],[-2.49814,43.07645],[-2.49818,43.07647],[-2.49826,43.07649]]}},{"type":"Feature","properties":{"id":215185044,"highway":"unclassified","nombre":"Meatzerreka auzoa"},"geometry":{"type":"LineString","coordinates":[[-2.50333,43.07976],[-2.50334,43.07975],[-2.50339,43.07974],[-2.50347,43.07973],[-2.50354,43.07973],[-2.50363,43.07972],[-2.50366,43.07972],[-2.5037,43.0797],[-2.50377,43.07967],[-2.50381,43.07964],[-2.50381,43.07964],[-2.50386,43.0796],[-2.5039,43.07957],[-2.50396,43.07953],[-2.50402,43.07949],[-2.50411,43.07944],[-2.50417,43.07942],[-2.5042,43.0794],[-2.50424,43.07939],[-2.50434,43.07936],[-2.50442,43.07934]]}},{"type":"Feature","properties":{"id":215185045,"highway":"service"},"geometry":{"type":"LineString","coordinates":[[-2.4979,43.08226],[-2.49789,43.08237],[-2.49783,43.08245],[-2.49774,43.08255],[-2.4977,43.08259],[-2.49766,43.08262],[-2.49763,43.08265],[-2.49761,43.08267],[-2.49761,43.08268],[-2.49759,43.08271],[-2.49757,43.08276],[-2.49755,43.08278],[-2.49753,43.08282],[-2.49749,43.08287],[-2.49744,43.08294],[-2.49739,43.08301],[-2.49731,43.08314],[-2.49724,43.08327],[-2.49721,43.08336],[-2.49718,43.08347],[-2.49715,43.08352],[-2.49712,43.08357],[-2.4971,43.0836],[-2.49709,43.08362],[-2.49707,43.08363]]}},{"type":"Feature","properties":{"id":215185046,"highway":"service"},"geometry":{"type":"LineString","coordinates":[[-2.50513,43.09453],[-2.50499,43.09438],[-2.50479,43.09421],[-2.50423,43.09375],[-2.50426,43.09368],[-2.50422,43.09353],[-2.50412,43.09333],[-2.50401,43.09323],[-2.5036,43.09311]]}},{"type":"Feature","properties":{"id":215185047,"highway":"service","nombre":"Meatzerreka auzoa"},"geometry":{"type":"LineString","coordinates":[[-2.49683,43.07078],[-2.49678,43.07083],[-2.49676,43.07085],[-2.49675,43.07087],[-2.49675,43.07088],[-2.49675,43.0709],[-2.49676,43.07092],[-2.49676,43.07094],[-2.49676,43.07095],[-2.49676,43.07096],[-2.49677,43.07098],[-2.49678,43.071],[-2.49679,43.07101],[-2.4968,43.07104],[-2.49681,43.07105],[-2.49683,43.07108]]}},{"type":"Feature","properties":{"id":215185050,"highway":"track"},"geometry":{"type":"LineString","coordinates":[[-2.49747,43.07484],[-2.4974,43.07478],[-2.4973,43.07466],[-2.49727,43.07463],[-2.49724,43.07462],[-2.49721,43.07463],[-2.4972,43.07464],[-2.49717,43.07467],[-2.49716,43.07471],[-2.49715,43.07474],[-2.49714,43.07478],[-2.49713,43.07483],[-2.49712,43.07488],[-2.49711,43.07493],[-2.4971,43.07498],[-2.4971,43.07503],[-2.49708,43.07511],[-2.49705,43.0752],[-2.49703,43.07528],[-2.49702,43.07532],[-2.49701,43.07536],[-2.497,43.0754],[-2.49698,43.07544],[-2.49696,43.07548],[-2.49695,43.07552],[-2.49692,43.07556]]}},{"type":"Feature","properties":{"id":215185051,"highway":"service","nombre":"Meatzerreka auzoa"},"geometry":{"type":"LineString","coordinates":[[-2.49566,43.09019],[-2.49563,43.09026],[-2.49559,43.09043],[-2.49542,43.09094],[-2.49539,43.09104],[-2.49534,43.09113],[-2.49531,43.09118],[-2.49527,43.09124],[-2.49521,43.09132],[-2.49514,43.0914],[-2.49509,43.09146],[-2.49507,43.09149],[-2.49505,43.09152],[-2.49504,43.09155],[-2.49503,43.09159],[-2.49503,43.09162],[-2.49502,43.09168],[-2.49504,43.09175],[-2.49506,43.09182],[-2.4951,43.09189],[-2.49514,43.09196],[-2.49515,43.09198],[-2.4952,43.09205],[-2.49525,43.09211],[-2.49529,43.09217],[-2.49534,43.09224],[-2.49536,43.09227]]}},{"type":"Feature","properties":{"id":215185052,"highway":"unclassified","nombre":"Meatzerreka auzoa","superficie":"asphalt"},"geometry":{"type":"LineString","coordinates":[[-2.49706,43.0838],[-2.49714,43.08371],[-2.49715,43.08365],[-2.4972,43.08359],[-2.49724,43.08354],[-2.49728,43.08349],[-2.49733,43.08344],[-2.49738,43.08339],[-2.49743,43.08335],[-2.49751,43.08329],[-2.49755,43.08326],[-2.4976,43.0832],[-2.49761,43.0832],[-2.49766,43.08314],[-2.49774,43.08305],[-2.49778,43.08301],[-2.49782,43.08297],[-2.498,43.08285],[-2.49807,43.0828],[-2.4981,43.08278],[-2.49815,43.08274],[-2.49817,43.08271],[-2.4982,43.08267],[-2.4984,43.08243],[-2.49843,43.0824],[-2.49863,43.08228],[-2.4987,43.08223],[-2.49875,43.08217],[-2.49881,43.08212],[-2.49893,43.08206],[-2.49897,43.08202]]}},{"type":"Feature","properties":{"id":215185053,"highway":"track","nombre":"Meatzerreka auzoa"},"geometry":{"type":"LineString","coordinates":[[-2.50189,43.0756],[-2.50169,43.07564],[-2.50147,43.07567],[-2.50131,43.07567],[-2.50113,43.07569],[-2.50098,43.07571],[-2.50069,43.07574],[-2.50054,43.07576],[-2.50028,43.0757],[-2.50018,43.07565],[-2.5001,43.0756],[-2.5,43.07552],[-2.49995,43.07547],[-2.49991,43.07538],[-2.49987,43.0753],[-2.49984,43.07517],[-2.49982,43.0751],[-2.4998,43.07505]]}},{"type":"Feature","properties":{"id":215185056,"highway":"service","nombre":"Meatzerreka auzoa"},"geometry":{"type":"LineString","coordinates":[[-2.49718,43.07948],[-2.49713,43.07947],[-2.49709,43.07944],[-2.49703,43.07938],[-2.49698,43.07932],[-2.49695,43.07929],[-2.4969,43.07922],[-2.49685,43.07915],[-2.4968,43.07909],[-2.49677,43.07906],[-2.49672,43.079],[-2.49668,43.07896],[-2.49664,43.07893],[-2.49661,43.0789],[-2.49651,43.07887]]}},{"type":"Feature","properties":{"id":215185058,"highway":"track","nombre":"Meatzerreka auzoa"},"geometry":{"type":"LineString","coordinates":[[-2.49709,43.08348],[-2.49704,43.08338],[-2.49704,43.08307],[-2.49705,43.08284],[-2.49705,43.08282],[-2.49702,43.08281],[-2.49697,43.08282],[-2.49687,43.08289],[-2.49672,43.083],[-2.49655,43.08314],[-2.49647,43.0832],[-2.49645,43.0832],[-2.49643,43.0832],[-2.49638,43.08316],[-2.49634,43.08313],[-2.49633,43.08308],[-2.49631,43.08304],[-2.49629,43.08297],[-2.49629,43.08293],[-2.49629,43.08288],[-2.49627,43.08282],[-2.49625,43.08272],[-2.49622,43.08267],[-2.49621,43.08261],[-2.4962,43.0825],[-2.49619,43.08244],[-2.49619,43.08236],[-2.49621,43.08215],[-2.49622,43.08202],[-2.49623,43.08195],[-2.49626,43.0818],[-2.49631,43.08159],[-2.49638,43.08131],[-2.49641,43.08109],[-2.49641,43.081],[-2.49646,43.08077],[-2.49649,43.08063],[-2.49652,43.08052],[-2.49655,43.08041],[-2.4966,43.08011]]}},{"type":"Feature","properties":{"id":215185059,"highway":"unclassified","nombre":"Meatzerreka auzoa"},"geometry":{"type":"LineString","coordinates":[[-2.50333,43.07976],[-2.50323,43.0798],[-2.50313,43.07983],[-2.50296,43.07987],[-2.50276,43.07989],[-2.50253,43.07992],[-2.50242,43.07994],[-2.50232,43.07995],[-2.50227,43.07995],[-2.50215,43.07995],[-2.50195,43.07992],[-2.50182,43.0799],[-2.50176,43.07988],[-2.50169,43.07985],[-2.50162,43.07982],[-2.50155,43.07981],[-2.50141,43.07981],[-2.50129,43.07982],[-2.50123,43.07983],[-2.5012,43.07983],[-2.50112,43.07987],[-2.50105,43.0799],[-2.50088,43.08],[-2.50078,43.08005],[-2.50076,43.08007],[-2.50074,43.08009],[-2.50071,43.08011],[-2.5007,43.08013],[-2.50068,43.08023],[-2.50067,43.08025],[-2.50063,43.08035],[-2.50056,43.08045],[-2.50048,43.08054],[-2.50044,43.0806],[-2.5004,43.08069],[-2.50031,43.08082],[-2.50024,43.0809],[-2.50022,43.08092],[-2.50014,43.08095],[-2.50006,43.08099],[-2.5,43.08103],[-2.49997,43.08106],[-2.49995,43.08108],[-2.4999,43.08114],[-2.49988,43.08118],[-2.49984,43.08121]]}},{"type":"Feature","properties":{"id":215185060,"highway":"unclassified","nombre":"Meatzerreka auzoa"},"geometry":{"type":"LineString","coordinates":[[-2.4994,43.07826],[-2.4994,43.07829],[-2.49942,43.07833],[-2.49944,43.07837],[-2.49947,43.0784],[-2.49948,43.07841],[-2.4995,43.07843],[-2.49951,43.07843],[-2.49952,43.07844],[-2.49954,43.07845],[-2.49955,43.07845],[-2.49956,43.07846],[-2.49958,43.07846],[-2.49962,43.07848],[-2.49966,43.07849],[-2.4997,43.0785],[-2.49975,43.07851],[-2.49979,43.07852],[-2.49983,43.07853],[-2.49987,43.07854],[-2.4999,43.07855],[-2.49994,43.07856],[-2.49996,43.07856],[-2.49998,43.07857],[-2.5,43.07858],[-2.50002,43.07859],[-2.50004,43.0786],[-2.50005,43.07861],[-2.50007,43.07862],[-2.50009,43.07863],[-2.5001,43.07865],[-2.50014,43.07867],[-2.50018,43.07869],[-2.50022,43.07872],[-2.50026,43.07874],[-2.5003,43.07876],[-2.50034,43.07878],[-2.50039,43.07881],[-2.50043,43.07883],[-2.50047,43.07885],[-2.50052,43.07887],[-2.50057,43.07889],[-2.50061,43.07891],[-2.50066,43.07893],[-2.50071,43.07894]]}},{"type":"Feature","properties":{"id":215185061,"highway":"unclassified","nombre":"Meatzerreka auzoa"},"geometry":{"type":"LineString","coordinates":[[-2.49681,43.0841],[-2.49676,43.08408],[-2.49666,43.08393],[-2.49663,43.08387],[-2.49663,43.08381]]}},{"type":"Feature","properties":{"id":215185062,"highway":"service","nombre":"Meatzerreka auzoa"},"geometry":{"type":"LineString","coordinates":[[-2.49729,43.07593],[-2.49724,43.0761],[-2.49718,43.07627],[-2.49712,43.07644],[-2.49705,43.07658]]}},{"type":"Feature","properties":{"id":215185064,"highway":"service","nombre":"Meatzerreka auzoa"},"geometry":{"type":"LineString","coordinates":[[-2.50516,43.09471],[-2.50515,43.09466],[-2.50515,43.09463],[-2.50513,43.09458],[-2.50513,43.09453]]}},{"type":"Feature","properties":{"id":215185066,"highway":"service","nombre":"Meatzerreka auzoa"},"geometry":{"type":"LineString","coordinates":[[-2.49695,43.06981],[-2.49689,43.06988],[-2.49688,43.06989],[-2.49688,43.06989],[-2.49687,43.0699],[-2.49686,43.06991],[-2.49686,43.06992],[-2.49686,43.06992],[-2.49685,43.06993],[-2.49685,43.06994],[-2.49685,43.06995],[-2.49685,43.06996],[-2.49685,43.06998],[-2.49685,43.06999],[-2.49685,43.07],[-2.49685,43.07001],[-2.49685,43.07003],[-2.49686,43.07004],[-2.49686,43.07005],[-2.49687,43.07006],[-2.49688,43.07008],[-2.4969,43.07014],[-2.49694,43.0702],[-2.49696,43.07025],[-2.49697,43.07028],[-2.49699,43.07035],[-2.497,43.0704],[-2.497,43.07047],[-2.49699,43.0705],[-2.49698,43.07054],[-2.49697,43.07058],[-2.49693,43.07064],[-2.49685,43.07075],[-2.49683,43.07078]]}},{"type":"Feature","properties":{"id":215185067,"highway":"track","nombre":"Meatzerreka auzoa"},"geometry":{"type":"LineString","coordinates":[[-2.49618,43.08502],[-2.49608,43.08509],[-2.49603,43.08512],[-2.49594,43.08516],[-2.49576,43.08524],[-2.49564,43.0853],[-2.4956,43.08532],[-2.49544,43.08543],[-2.49531,43.08553],[-2.49523,43.0856],[-2.49516,43.08568],[-2.49512,43.08575],[-2.49507,43.08594],[-2.49502,43.08606],[-2.49495,43.08615],[-2.49488,43.08626],[-2.49473,43.08644],[-2.49469,43.08648],[-2.49468,43.08652],[-2.49465,43.0866],[-2.49465,43.08665]]}},{"type":"Feature","properties":{"id":215185068,"highway":"service","nombre":"Meatzerreka auzoa"},"geometry":{"type":"LineString","coordinates":[[-2.49555,43.07973],[-2.49552,43.07976],[-2.49549,43.07981],[-2.49547,43.07985],[-2.49547,43.0799],[-2.49554,43.08012]]}},{"type":"Feature","properties":{"id":215185069,"highway":"service","nombre":"Meatzerreka auzoa"},"geometry":{"type":"LineString","coordinates":[[-2.49677,43.07973],[-2.49676,43.07978],[-2.49671,43.07987],[-2.49664,43.07997],[-2.49661,43.08006],[-2.4966,43.08011]]}},{"type":"Feature","properties":{"id":215185070,"highway":"service"},"geometry":{"type":"LineString","coordinates":[[-2.50071,43.07819],[-2.50075,43.07812],[-2.50076,43.07804],[-2.50071,43.07795],[-2.50062,43.07785],[-2.50044,43.07778],[-2.50015,43.07775]]}},{"type":"Feature","properties":{"id":215185071,"highway":"unclassified","nombre":"Meatzerreka auzoa"},"geometry":{"type":"LineString","coordinates":[[-2.49706,43.0838],[-2.49701,43.08385],[-2.497,43.08391],[-2.49698,43.08395],[-2.49685,43.08407],[-2.49681,43.0841]]}},{"type":"Feature","properties":{"id":215185072,"highway":"unclassified","nombre":"Meatzerreka auzoa"},"geometry":{"type":"LineString","coordinates":[[-2.49709,43.08348],[-2.49699,43.08349],[-2.4969,43.08352],[-2.4968,43.08358],[-2.49665,43.08374],[-2.49663,43.08381]]}},{"type":"Feature","properties":{"id":215185073,"highway":"track","nombre":"Meatzerreka auzoa"},"geometry":{"type":"LineString","coordinates":[[-2.49618,43.08502],[-2.4961,43.08504],[-2.49588,43.0851],[-2.4958,43.08512],[-2.49572,43.08515],[-2.49569,43.08515],[-2.49566,43.08516],[-2.49555,43.08514],[-2.49548,43.08507],[-2.49542,43.08493],[-2.49543,43.08479],[-2.49542,43.08468],[-2.49536,43.08461],[-2.49513,43.0845],[-2.4949,43.08446],[-2.49481,43.08443],[-2.49464,43.08438],[-2.49453,43.08431],[-2.49441,43.08423],[-2.49429,43.08412],[-2.49419,43.08401],[-2.49409,43.08391],[-2.49402,43.08382],[-2.49395,43.08375],[-2.49382,43.08368],[-2.49373,43.08365],[-2.49367,43.08362],[-2.49363,43.08357],[-2.49358,43.08352],[-2.49356,43.08347],[-2.49355,43.08342],[-2.49356,43.08339],[-2.49358,43.08334],[-2.4936,43.0833],[-2.49361,43.08326],[-2.49362,43.08322],[-2.49363,43.08318],[-2.49363,43.08314],[-2.49363,43.08309],[-2.49362,43.08304],[-2.4936,43.08299],[-2.49358,43.08295],[-2.49356,43.08292],[-2.49352,43.08288],[-2.49337,43.08277],[-2.49332,43.08272],[-2.49321,43.08262],[-2.49315,43.08258],[-2.49311,43.08255],[-2.49306,43.08253],[-2.49305,43.08252],[-2.49301,43.08249],[-2.49298,43.08246],[-2.49297,43.08243],[-2.49296,43.0824],[-2.49295,43.08236],[-2.49297,43.08227],[-2.49296,43.0822],[-2.49296,43.08216],[-2.49296,43.0821],[-2.4929,43.08194],[-2.49283,43.08183],[-2.49275,43.08175],[-2.49269,43.08172],[-2.4926,43.08172],[-2.49255,43.08174],[-2.49251,43.08176],[-2.49241,43.08181]]}},{"type":"Feature","properties":{"id":215185074,"highway":"unclassified","nombre":"Meatzerreka auzoa"},"geometry":{"type":"LineString","coordinates":[[-2.49747,43.07484],[-2.49748,43.07507],[-2.49747,43.07524],[-2.49743,43.07538],[-2.49734,43.07572],[-2.49729,43.07593]]}},{"type":"Feature","properties":{"id":215185076,"highway":"service","nombre":"Meatzerreka auzoa"},"geometry":{"type":"LineString","coordinates":[[-2.49637,43.07839],[-2.49637,43.07841],[-2.49639,43.07847],[-2.4964,43.07852],[-2.49641,43.07857],[-2.49644,43.07864],[-2.49645,43.07869],[-2.49648,43.07878],[-2.49651,43.07887]]}},{"type":"Feature","properties":{"id":215185077,"highway":"service","nombre":"Meatzerreka auzoa"},"geometry":{"type":"LineString","coordinates":[[-2.49594,43.07973],[-2.49591,43.07972],[-2.49585,43.0797],[-2.49576,43.07969],[-2.49567,43.07969],[-2.49561,43.0797],[-2.49558,43.07971],[-2.49556,43.07971],[-2.49555,43.07973]]}},{"type":"Feature","properties":{"id":215185078,"highway":"service"},"geometry":{"type":"LineString","coordinates":[[-2.49663,43.08381],[-2.49633,43.08382],[-2.49615,43.08382],[-2.49599,43.08383],[-2.49592,43.08386],[-2.49583,43.08388],[-2.49572,43.08388],[-2.49566,43.08387]]}},{"type":"Feature","properties":{"id":215185079,"highway":"track","nombre":"Meatzerreka auzoa"},"geometry":{"type":"LineString","coordinates":[[-2.49939,43.09224],[-2.49943,43.09231],[-2.49971,43.09261],[-2.49975,43.09267],[-2.49983,43.09274],[-2.49991,43.09282],[-2.50003,43.0929],[-2.50012,43.09298],[-2.50014,43.093],[-2.50011,43.09304],[-2.50005,43.09304],[-2.49992,43.09302],[-2.49958,43.0929],[-2.49923,43.0927],[-2.49888,43.0925],[-2.49863,43.09237],[-2.49854,43.09231]]}},{"type":"Feature","properties":{"id":215185080,"highway":"service","nombre":"Meatzerreka auzoa"},"geometry":{"type":"LineString","coordinates":[[-2.49948,43.07563],[-2.49946,43.07555],[-2.49942,43.07551],[-2.49931,43.0755],[-2.49923,43.07551],[-2.49916,43.07556],[-2.49913,43.07563],[-2.49912,43.07587],[-2.49907,43.07595],[-2.49899,43.07597],[-2.49889,43.07596],[-2.49871,43.07588],[-2.49861,43.07581],[-2.49854,43.07573],[-2.49849,43.07557],[-2.4985,43.07547],[-2.49855,43.07539],[-2.4987,43.07523],[-2.49871,43.07514],[-2.49867,43.0751],[-2.49861,43.07507],[-2.49845,43.07505]]}},{"type":"Feature","properties":{"id":215185082,"highway":"service","nombre":"Musakola auzoa"},"geometry":{"type":"LineString","coordinates":[[-2.47684,43.07276],[-2.4769,43.07292],[-2.47695,43.07317],[-2.47698,43.07329],[-2.47698,43.0734],[-2.47697,43.07372],[-2.47698,43.07384],[-2.47699,43.07391],[-2.47702,43.07398],[-2.47714,43.0741]]}},{"type":"Feature","properties":{"id":215185086,"highway":"service","nombre":"Musakola auzoa"},"geometry":{"type":"LineString","coordinates":[[-2.48242,43.08024],[-2.48221,43.08024],[-2.48213,43.08023],[-2.48205,43.08019],[-2.48184,43.08009],[-2.48163,43.07998],[-2.48155,43.07994],[-2.48128,43.07983],[-2.4812,43.07979],[-2.48103,43.07967]]}},{"type":"Feature","properties":{"id":215185089,"highway":"service","nombre":"Musakola auzoa"},"geometry":{"type":"LineString","coordinates":[[-2.47714,43.0741],[-2.47722,43.07422],[-2.47728,43.07433],[-2.47732,43.07447],[-2.4774,43.07484],[-2.47741,43.07496],[-2.4774,43.07505],[-2.47738,43.07515],[-2.47735,43.07521]]}},{"type":"Feature","properties":{"id":215185093,"highway":"service","nombre":"Musakola auzoa"},"geometry":{"type":"LineString","coordinates":[[-2.47465,43.074],[-2.4748,43.07402],[-2.47505,43.07406],[-2.47515,43.07408],[-2.47546,43.0741],[-2.47565,43.07411],[-2.47577,43.07412],[-2.47585,43.07411],[-2.47593,43.07407],[-2.47598,43.07402],[-2.47608,43.0739]]}},{"type":"Feature","properties":{"id":215185094,"highway":"service","nombre":"Musakola auzoa"},"geometry":{"type":"LineString","coordinates":[[-2.48103,43.07967],[-2.48089,43.07959],[-2.48078,43.07954],[-2.48059,43.0795],[-2.48038,43.07948],[-2.48016,43.07949],[-2.48005,43.07951],[-2.47992,43.07954],[-2.47985,43.07957],[-2.47981,43.0796],[-2.47977,43.07965]]}},{"type":"Feature","properties":{"id":215185097,"highway":"service","nombre":"Musakola auzoa"},"geometry":{"type":"LineString","coordinates":[[-2.46503,43.07829],[-2.46507,43.07839],[-2.46508,43.07847],[-2.46504,43.07855],[-2.46498,43.07867],[-2.46493,43.07873]]}},{"type":"Feature","properties":{"id":215185099,"highway":"track","nombre":"Musakola auzoa"},"geometry":{"type":"LineString","coordinates":[[-2.47433,43.0796],[-2.47433,43.07958],[-2.47435,43.07956],[-2.47436,43.07955],[-2.47437,43.07954],[-2.47438,43.07953],[-2.47439,43.07952],[-2.4744,43.0795],[-2.47441,43.07949],[-2.47441,43.07948],[-2.47442,43.07946],[-2.47442,43.07945],[-2.47442,43.07944],[-2.47443,43.07942],[-2.47443,43.0794],[-2.47443,43.07938],[-2.47443,43.07937],[-2.47443,43.07935],[-2.47443,43.07933],[-2.47442,43.07932],[-2.47442,43.0793],[-2.47441,43.07928],[-2.47441,43.07926],[-2.47436,43.07916],[-2.47431,43.07906],[-2.47427,43.07897],[-2.47423,43.07886],[-2.47422,43.07884],[-2.47422,43.07882],[-2.47421,43.0788],[-2.47421,43.07878],[-2.4742,43.07876],[-2.4742,43.07874],[-2.4742,43.07872],[-2.47419,43.0787],[-2.47419,43.07868],[-2.47419,43.07866],[-2.4742,43.07864],[-2.4742,43.07861],[-2.4742,43.07859],[-2.47421,43.07857],[-2.47421,43.07855],[-2.47422,43.07853],[-2.47422,43.07851],[-2.47423,43.07849],[-2.47424,43.07847],[-2.47425,43.07845],[-2.47426,43.07843],[-2.47427,43.07842],[-2.47428,43.0784],[-2.47429,43.07839],[-2.4743,43.07838],[-2.47432,43.07837],[-2.47433,43.07835],[-2.47435,43.07834],[-2.47436,43.07833],[-2.47438,43.07832],[-2.47443,43.07829],[-2.47449,43.07826],[-2.47454,43.07823],[-2.47456,43.07822],[-2.47457,43.07821],[-2.47458,43.0782],[-2.47459,43.07819],[-2.4746,43.07818],[-2.4746,43.07817],[-2.47461,43.07816],[-2.47462,43.07814],[-2.47465,43.07802],[-2.47467,43.07793],[-2.47471,43.07779],[-2.47473,43.07771],[-2.47479,43.07756],[-2.47481,43.07752],[-2.47482,43.07749],[-2.47483,43.07747],[-2.47489,43.0774],[-2.47493,43.07735],[-2.47499,43.07731],[-2.47509,43.07723],[-2.4751,43.07722],[-2.47511,43.07721],[-2.47512,43.0772],[-2.47513,43.07719],[-2.47514,43.07718],[-2.47515,43.07717],[-2.47515,43.07716],[-2.47516,43.07715],[-2.47516,43.07713],[-2.47517,43.07712],[-2.47517,43.07711],[-2.47519,43.07699],[-2.47523,43.07678],[-2.47526,43.07663],[-2.47528,43.07652],[-2.4753,43.07637],[-2.47531,43.07623],[-2.47531,43.07617],[-2.47529,43.07608],[-2.47528,43.07595],[-2.47526,43.07574],[-2.47525,43.07559],[-2.47524,43.07558],[-2.47524,43.07556],[-2.47524,43.07555],[-2.47524,43.07554],[-2.47525,43.07553],[-2.47525,43.07551],[-2.47525,43.0755],[-2.47527,43.07547],[-2.47534,43.07539],[-2.47536,43.07536],[-2.47539,43.07534],[-2.47541,43.07531],[-2.47543,43.07528],[-2.47545,43.07526],[-2.47547,43.07523],[-2.47549,43.07519],[-2.4755,43.07517]]}},{"type":"Feature","properties":{"id":215185101,"highway":"track","nombre":"Musakola auzoa"},"geometry":{"type":"LineString","coordinates":[[-2.4818,43.07966],[-2.48186,43.07969],[-2.48199,43.07976],[-2.48203,43.0798],[-2.48209,43.07985],[-2.48213,43.07995],[-2.48214,43.07998],[-2.4822,43.08005],[-2.48226,43.08009],[-2.48229,43.08013],[-2.48234,43.08017],[-2.48242,43.08024]]}},{"type":"Feature","properties":{"id":215185102,"highway":"track","nombre":"Musakola auzoa"},"geometry":{"type":"LineString","coordinates":[[-2.47895,43.07618],[-2.47903,43.07632],[-2.47914,43.0765],[-2.47918,43.07657],[-2.47923,43.07672],[-2.47925,43.07699],[-2.47927,43.07709],[-2.47947,43.07735],[-2.47957,43.07751],[-2.47967,43.07773],[-2.47975,43.07796],[-2.47982,43.07827]]}},{"type":"Feature","properties":{"id":215185105,"highway":"service","nombre":"Musakola auzoa"},"geometry":{"type":"LineString","coordinates":[[-2.47254,43.07344],[-2.47248,43.07343],[-2.47238,43.0734],[-2.47226,43.07334],[-2.47213,43.07326],[-2.47205,43.0732],[-2.47192,43.07314],[-2.47186,43.07311],[-2.47178,43.07306],[-2.47172,43.07299],[-2.47164,43.07292],[-2.47155,43.07287],[-2.47145,43.07284]]}},{"type":"Feature","properties":{"id":215185110,"highway":"unclassified","nombre":"Musakola auzoa"},"geometry":{"type":"LineString","coordinates":[[-2.46422,43.07555],[-2.46424,43.07561],[-2.46429,43.07577],[-2.46433,43.0759],[-2.46432,43.07597],[-2.46431,43.07605],[-2.46423,43.07618],[-2.46418,43.07633],[-2.46418,43.07648],[-2.46427,43.07661],[-2.46436,43.07671],[-2.46443,43.07683],[-2.46452,43.07701],[-2.46458,43.07713]]}},{"type":"Feature","properties":{"id":215185111,"highway":"track","nombre":"Musakola auzoa"},"geometry":{"type":"LineString","coordinates":[[-2.49241,43.08181],[-2.49228,43.0818],[-2.49222,43.08179],[-2.49212,43.08172],[-2.49203,43.08165],[-2.492,43.08161],[-2.49194,43.08156],[-2.4919,43.08152],[-2.49186,43.08149],[-2.49179,43.08146],[-2.49174,43.08145],[-2.49162,43.08143],[-2.49158,43.08143],[-2.49155,43.08144],[-2.49148,43.08147],[-2.49146,43.08148],[-2.49144,43.08149],[-2.4914,43.08151],[-2.49127,43.08159],[-2.49116,43.08165],[-2.49113,43.08168],[-2.491,43.08186],[-2.49084,43.08194],[-2.49065,43.08198],[-2.49048,43.08197],[-2.4902,43.0819],[-2.49004,43.08184],[-2.48986,43.08167],[-2.48982,43.08168],[-2.48976,43.08172],[-2.4896,43.08188],[-2.48949,43.08194],[-2.48931,43.08194],[-2.48917,43.08193],[-2.48907,43.08199],[-2.48901,43.08199],[-2.48899,43.08199],[-2.48891,43.08198],[-2.48884,43.08196],[-2.48878,43.08194],[-2.48873,43.08191],[-2.4887,43.08188],[-2.48867,43.08186],[-2.48865,43.08185],[-2.48858,43.08185],[-2.48855,43.08186],[-2.48852,43.08192],[-2.48852,43.08199],[-2.48853,43.08205],[-2.48855,43.08211],[-2.48857,43.08217],[-2.48858,43.08221],[-2.48862,43.08229],[-2.48865,43.08236],[-2.48866,43.08248],[-2.4886,43.08259],[-2.48851,43.08271],[-2.48834,43.08293],[-2.4883,43.08301],[-2.48826,43.08308],[-2.48823,43.08319],[-2.48819,43.08327],[-2.48813,43.08333],[-2.48808,43.08339],[-2.48803,43.08342],[-2.48796,43.08346],[-2.48787,43.08356],[-2.48786,43.08357],[-2.48773,43.08361],[-2.48752,43.08365],[-2.48738,43.08368],[-2.48724,43.08371],[-2.48721,43.08375],[-2.48716,43.0838],[-2.48714,43.08382],[-2.48705,43.08391],[-2.4869,43.08398],[-2.48687,43.084],[-2.48679,43.08406],[-2.48673,43.08408],[-2.48668,43.08413],[-2.4866,43.08417],[-2.48645,43.08424],[-2.48637,43.08426],[-2.48631,43.08427],[-2.48625,43.08428],[-2.48623,43.08419],[-2.48618,43.08414],[-2.48599,43.0841],[-2.48586,43.08406],[-2.4858,43.08403],[-2.48574,43.08399],[-2.48555,43.08386],[-2.48547,43.08381],[-2.4854,43.08376],[-2.48536,43.08373],[-2.48518,43.08364],[-2.48504,43.0836],[-2.48496,43.08359],[-2.48489,43.08359],[-2.4848,43.08361],[-2.48468,43.08359],[-2.48462,43.08356],[-2.48457,43.08348],[-2.48449,43.08338],[-2.48437,43.08327],[-2.48421,43.08318],[-2.484,43.08308],[-2.48368,43.08297],[-2.48352,43.0829],[-2.48334,43.08279],[-2.48316,43.08267],[-2.48296,43.08256],[-2.48281,43.08245],[-2.48258,43.08226],[-2.48238,43.0821],[-2.48217,43.08197],[-2.48208,43.08194],[-2.48195,43.08188],[-2.48177,43.08182],[-2.48158,43.08177],[-2.48139,43.08175],[-2.48118,43.08174],[-2.48094,43.08171],[-2.48086,43.08167],[-2.4808,43.08164],[-2.48075,43.08156],[-2.48073,43.08148],[-2.48073,43.08142],[-2.48074,43.08138],[-2.48078,43.08135],[-2.48089,43.08128],[-2.48094,43.08125],[-2.48095,43.08121],[-2.48095,43.08117],[-2.48093,43.08114],[-2.48085,43.0811],[-2.48081,43.08105],[-2.48078,43.08099],[-2.48075,43.08089],[-2.48076,43.08082],[-2.48082,43.08066],[-2.4808,43.08061],[-2.48072,43.08051],[-2.48062,43.08041],[-2.48052,43.08032],[-2.48046,43.08028],[-2.48041,43.08026],[-2.48027,43.08024],[-2.48023,43.08024],[-2.48016,43.08025],[-2.48003,43.08028],[-2.47995,43.08032],[-2.4799,43.08036]]}},{"type":"Feature","properties":{"id":215185112,"highway":"service","nombre":"Musakola auzoa"},"geometry":{"type":"LineString","coordinates":[[-2.48277,43.07967],[-2.48278,43.07967],[-2.48296,43.07981],[-2.483,43.07984],[-2.48317,43.07997],[-2.48322,43.08],[-2.48334,43.0801],[-2.48336,43.08013],[-2.48334,43.08019],[-2.4833,43.08027],[-2.48322,43.08033],[-2.48314,43.08036],[-2.48307,43.08036],[-2.483,43.08036],[-2.48264,43.08025],[-2.4825,43.08024],[-2.48242,43.08024]]}},{"type":"Feature","properties":{"id":215185114,"highway":"service","nombre":"Musakola auzoa"},"geometry":{"type":"LineString","coordinates":[[-2.48133,43.07823],[-2.48144,43.07841],[-2.48153,43.07866],[-2.4816,43.07887],[-2.48166,43.07904],[-2.48173,43.07919],[-2.48184,43.07929],[-2.48195,43.07939],[-2.48204,43.07945],[-2.48214,43.07951],[-2.48226,43.07955],[-2.48243,43.07958],[-2.48247,43.07959],[-2.48256,43.0796],[-2.48263,43.07962],[-2.48271,43.07964],[-2.48277,43.07967]]}},{"type":"Feature","properties":{"id":215185117,"highway":"track","nombre":"Musakola auzoa"},"geometry":{"type":"LineString","coordinates":[[-2.47735,43.07521],[-2.4773,43.07572],[-2.4773,43.07581],[-2.47739,43.07593],[-2.47749,43.0761],[-2.4775,43.07621],[-2.4775,43.07648],[-2.47742,43.0768],[-2.47743,43.07686],[-2.47747,43.07693],[-2.47753,43.07704],[-2.47762,43.07726],[-2.47769,43.07758],[-2.47778,43.07782],[-2.47779,43.0779],[-2.47779,43.07804],[-2.47777,43.07811]]}},{"type":"Feature","properties":{"id":215185120,"highway":"track","nombre":"Musakola auzoa"},"geometry":{"type":"LineString","coordinates":[[-2.47631,43.07852],[-2.47634,43.07848],[-2.47638,43.07835],[-2.4764,43.07824],[-2.47642,43.07814],[-2.47641,43.07806],[-2.47637,43.07799],[-2.47628,43.07793],[-2.47617,43.07788],[-2.47612,43.07785],[-2.47611,43.07781],[-2.47611,43.07776],[-2.47613,43.07768],[-2.47615,43.07751],[-2.47621,43.07736],[-2.47629,43.07724],[-2.4764,43.07712],[-2.47645,43.0771]]}},{"type":"Feature","properties":{"id":215185121,"highway":"track","nombre":"Musakola auzoa"},"geometry":{"type":"LineString","coordinates":[[-2.47895,43.07618],[-2.47892,43.07621],[-2.47889,43.07624],[-2.47885,43.07627],[-2.47882,43.07631],[-2.47879,43.07637],[-2.47878,43.07639],[-2.47877,43.07642],[-2.47876,43.07644],[-2.47876,43.07646],[-2.47876,43.07648],[-2.47875,43.0765],[-2.47875,43.07652],[-2.47875,43.07655],[-2.47875,43.07657],[-2.47876,43.07671],[-2.47877,43.07684],[-2.47878,43.07692]]}},{"type":"Feature","properties":{"id":215185122,"highway":"track","nombre":"Musakola auzoa"},"geometry":{"type":"LineString","coordinates":[[-2.48133,43.07823],[-2.48131,43.07838],[-2.48136,43.07867],[-2.48138,43.07879],[-2.48142,43.07893],[-2.48147,43.07907],[-2.48148,43.07917],[-2.48146,43.07927],[-2.48147,43.07934],[-2.48148,43.07936],[-2.4815,43.0794],[-2.48152,43.07943],[-2.48155,43.07947],[-2.48158,43.0795],[-2.48164,43.07958],[-2.48171,43.07963],[-2.48176,43.07965],[-2.4818,43.07966]]}},{"type":"Feature","properties":{"id":215185127,"highway":"service","nombre":"Musakola auzoa"},"geometry":{"type":"LineString","coordinates":[[-2.47569,43.07958],[-2.47564,43.07964]]}},{"type":"Feature","properties":{"id":215185128,"highway":"unclassified","nombre":"Musakola auzoa"},"geometry":{"type":"LineString","coordinates":[[-2.47906,43.07603],[-2.47911,43.07593]]}},{"type":"Feature","properties":{"id":215185132,"highway":"track","nombre":"Musakola auzoa"},"geometry":{"type":"LineString","coordinates":[[-2.47631,43.07852],[-2.4762,43.07858],[-2.47613,43.07862],[-2.47605,43.07867],[-2.47598,43.07871],[-2.47587,43.07876],[-2.47571,43.07883],[-2.47555,43.07891],[-2.47538,43.07899],[-2.47523,43.07906],[-2.47512,43.07912],[-2.47502,43.07917],[-2.47494,43.07921],[-2.47484,43.07927],[-2.47476,43.07933],[-2.47467,43.07939],[-2.47461,43.07944],[-2.47456,43.07948],[-2.4745,43.07952],[-2.47433,43.0796]]}},{"type":"Feature","properties":{"id":215185133,"highway":"service","nombre":"Musakola auzoa"},"geometry":{"type":"LineString","coordinates":[[-2.47906,43.07603],[-2.4791,43.07611],[-2.47918,43.07623],[-2.47928,43.07631],[-2.47936,43.07637],[-2.47942,43.07646],[-2.4795,43.0766],[-2.47955,43.07669],[-2.47959,43.07675],[-2.47979,43.07693],[-2.48002,43.0771],[-2.48013,43.0772],[-2.48026,43.07731],[-2.48053,43.07754],[-2.48063,43.07762],[-2.48082,43.07771],[-2.48101,43.07781],[-2.48112,43.07793],[-2.48126,43.07812],[-2.48133,43.07823]]}},{"type":"Feature","properties":{"id":215185136,"highway":"unclassified","nombre":"Musakola auzoa"},"geometry":{"type":"LineString","coordinates":[[-2.46641,43.07793],[-2.46638,43.07798],[-2.46637,43.07804],[-2.46648,43.07824],[-2.46651,43.0784],[-2.46657,43.07853],[-2.46664,43.07865],[-2.46673,43.07871],[-2.46681,43.0788],[-2.46685,43.07889],[-2.46687,43.07917],[-2.46692,43.07927],[-2.46699,43.07936]]}},{"type":"Feature","properties":{"id":215185137,"highway":"service","nombre":"Musakola auzoa"},"geometry":{"type":"LineString","coordinates":[[-2.46938,43.0724],[-2.46942,43.07233],[-2.46948,43.07228],[-2.46955,43.07222],[-2.46959,43.07216],[-2.46961,43.07211],[-2.46962,43.07202],[-2.46964,43.07198],[-2.46968,43.07194],[-2.46977,43.07191],[-2.46987,43.07189],[-2.47011,43.07187],[-2.47021,43.07185],[-2.47051,43.07173],[-2.47066,43.07167]]}},{"type":"Feature","properties":{"id":215185143,"highway":"track","nombre":"Musakola auzoa"},"geometry":{"type":"LineString","coordinates":[[-2.47631,43.07852],[-2.4763,43.07856],[-2.47626,43.07864],[-2.47622,43.07874],[-2.47618,43.07883],[-2.47615,43.07891],[-2.47613,43.07897],[-2.4761,43.07905],[-2.47607,43.07912],[-2.47606,43.07914],[-2.47606,43.07916],[-2.47605,43.07917],[-2.47604,43.07918],[-2.47603,43.0792],[-2.47602,43.07921],[-2.47597,43.07926],[-2.4759,43.07931],[-2.47582,43.07942],[-2.47575,43.07948],[-2.47567,43.07954],[-2.47569,43.07958]]}},{"type":"Feature","properties":{"id":215185145,"highway":"track","nombre":"Musakola auzoa"},"geometry":{"type":"LineString","coordinates":[[-2.47935,43.07312],[-2.47935,43.07314],[-2.47936,43.07318],[-2.47941,43.07322],[-2.47947,43.07325],[-2.47956,43.07327],[-2.47963,43.07328],[-2.47966,43.0733],[-2.47967,43.07331],[-2.47966,43.07332],[-2.47961,43.07334],[-2.47941,43.07338],[-2.47933,43.07339],[-2.47929,43.07339],[-2.47925,43.07338],[-2.47919,43.07335],[-2.47909,43.07326],[-2.47892,43.07309],[-2.47881,43.07297],[-2.4787,43.07283],[-2.47864,43.07278],[-2.4786,43.07275],[-2.47858,43.07274],[-2.47855,43.07274],[-2.4785,43.07274]]}},{"type":"Feature","properties":{"id":215185146,"highway":"service","nombre":"Musakola auzoa"},"geometry":{"type":"LineString","coordinates":[[-2.47977,43.07965],[-2.47976,43.07976],[-2.47975,43.07985],[-2.47971,43.07995],[-2.47966,43.08005],[-2.47957,43.08019],[-2.4795,43.08026],[-2.47943,43.08032],[-2.47932,43.08038],[-2.4792,43.08044],[-2.47908,43.08049],[-2.47903,43.08053],[-2.47901,43.08057],[-2.47901,43.0806],[-2.47903,43.08062],[-2.47908,43.08064],[-2.47915,43.08064],[-2.47926,43.08063],[-2.47943,43.0806],[-2.47956,43.08057],[-2.47966,43.08051],[-2.47973,43.08046],[-2.47982,43.0804],[-2.4799,43.08036]]}},{"type":"Feature","properties":{"id":215185148,"highway":"service","nombre":"Musakola auzoa"},"geometry":{"type":"LineString","coordinates":[[-2.47465,43.074],[-2.47463,43.07401],[-2.4746,43.07405],[-2.47457,43.07412],[-2.47451,43.07419],[-2.47444,43.07426],[-2.47437,43.07429],[-2.47433,43.07431],[-2.47428,43.07432],[-2.47424,43.07432],[-2.47417,43.07431],[-2.47398,43.07426],[-2.47394,43.07426],[-2.4739,43.07426],[-2.47383,43.07427],[-2.47377,43.07429],[-2.47374,43.07432],[-2.4737,43.07435],[-2.47367,43.07439],[-2.47363,43.07446],[-2.47359,43.07455],[-2.47355,43.07461],[-2.47352,43.07464],[-2.47348,43.07467],[-2.47326,43.07477]]}},{"type":"Feature","properties":{"id":215185149,"highway":"service","nombre":"Musakola auzoa"},"geometry":{"type":"LineString","coordinates":[[-2.47735,43.07521],[-2.47728,43.07529],[-2.47726,43.07537],[-2.47722,43.07549],[-2.47715,43.07569],[-2.47711,43.07578],[-2.47698,43.07599],[-2.4769,43.07609],[-2.47687,43.07617],[-2.47686,43.07625],[-2.47685,43.07635],[-2.47684,43.07644],[-2.47679,43.0766],[-2.47677,43.07665],[-2.47675,43.07671],[-2.47674,43.07674],[-2.47671,43.07678],[-2.47667,43.07683],[-2.47662,43.07688],[-2.47656,43.07694],[-2.47652,43.07698],[-2.47647,43.07704]]}},{"type":"Feature","properties":{"id":215185150,"highway":"service","nombre":"Musakola auzoa"},"geometry":{"type":"LineString","coordinates":[[-2.46778,43.0687],[-2.46785,43.06893],[-2.46789,43.06917],[-2.4679,43.0693],[-2.46788,43.06937],[-2.46786,43.06946],[-2.46785,43.06961],[-2.46783,43.06981],[-2.46782,43.06991],[-2.46782,43.07008],[-2.46781,43.07023],[-2.46781,43.07037],[-2.4678,43.07045],[-2.46782,43.07049],[-2.46785,43.07052],[-2.46787,43.07053],[-2.46794,43.07056],[-2.46808,43.0706],[-2.46816,43.07062],[-2.46835,43.07069],[-2.46852,43.07076],[-2.4687,43.07084],[-2.46885,43.07093],[-2.46908,43.07104],[-2.46923,43.07106],[-2.46943,43.07103],[-2.46964,43.07102],[-2.46998,43.07096],[-2.47014,43.0709],[-2.47027,43.07083],[-2.47036,43.07079]]}},{"type":"Feature","properties":{"id":215185151,"highway":"track","nombre":"Musakola auzoa"},"geometry":{"type":"LineString","coordinates":[[-2.47784,43.07319],[-2.47786,43.07331],[-2.47793,43.07358],[-2.47798,43.07373],[-2.47808,43.07406],[-2.47807,43.07412],[-2.47808,43.07422],[-2.47803,43.07436],[-2.478,43.07444],[-2.47798,43.07456],[-2.47797,43.07473],[-2.47798,43.07488],[-2.478,43.07508],[-2.47801,43.07514],[-2.47802,43.07525],[-2.47801,43.07538],[-2.47801,43.07544],[-2.47806,43.07552],[-2.47814,43.07564],[-2.47823,43.07573],[-2.4784,43.07582],[-2.47849,43.07588],[-2.47858,43.07596],[-2.47867,43.07604],[-2.47876,43.07612],[-2.47882,43.07616],[-2.47889,43.07617],[-2.47895,43.07618]]}},{"type":"Feature","properties":{"id":215185154,"highway":"track","nombre":"Musakola auzoa"},"geometry":{"type":"LineString","coordinates":[[-2.47632,43.08033],[-2.47655,43.0804],[-2.47664,43.08043],[-2.4767,43.08045],[-2.47676,43.08045],[-2.47708,43.08042],[-2.47719,43.08041],[-2.47727,43.08041],[-2.4774,43.08043],[-2.47752,43.08045],[-2.47764,43.08048]]}},{"type":"Feature","properties":{"id":215185155,"highway":"service"},"geometry":{"type":"LineString","coordinates":[[-2.47959,43.06989],[-2.47959,43.06996],[-2.47959,43.07004],[-2.47959,43.07008],[-2.47962,43.07012],[-2.47966,43.07015],[-2.47971,43.07019],[-2.47975,43.07022],[-2.47979,43.07025],[-2.47981,43.07027],[-2.47982,43.0703],[-2.47984,43.07034],[-2.47984,43.0704],[-2.47982,43.07045],[-2.47978,43.0705],[-2.47973,43.07054]]}},{"type":"Feature","properties":{"id":215185158,"highway":"service","nombre":"Musakola auzoa"},"geometry":{"type":"LineString","coordinates":[[-2.47645,43.0771],[-2.47646,43.07706],[-2.47647,43.07704]]}},{"type":"Feature","properties":{"id":215185162,"highway":"residential","nombre":"Musakola auzoa"},"geometry":{"type":"LineString","coordinates":[[-2.47097,43.07263],[-2.47101,43.0726]]}},{"type":"Feature","properties":{"id":215185165,"highway":"path","nombre":"Musakola auzoa"},"geometry":{"type":"LineString","coordinates":[[-2.47878,43.07692],[-2.47872,43.07703],[-2.47866,43.07712],[-2.47859,43.07723],[-2.47849,43.07739],[-2.47843,43.0775],[-2.4784,43.07754],[-2.47836,43.07758],[-2.47829,43.07767],[-2.47825,43.0777],[-2.47822,43.07773],[-2.47818,43.07776],[-2.47816,43.07779],[-2.47813,43.07782],[-2.4781,43.07786],[-2.47807,43.0779],[-2.47805,43.07793],[-2.47803,43.07797],[-2.47801,43.07801],[-2.478,43.07804],[-2.47799,43.07805],[-2.47799,43.07805],[-2.47798,43.07806],[-2.47797,43.07807],[-2.47796,43.07807],[-2.47795,43.07808],[-2.47794,43.07808],[-2.47793,43.07809],[-2.47792,43.07809],[-2.47784,43.0781],[-2.47777,43.07811]]}},{"type":"Feature","properties":{"id":215185166,"highway":"service","nombre":"Musakola auzoa"},"geometry":{"type":"LineString","coordinates":[[-2.47254,43.07344],[-2.47249,43.07347],[-2.47244,43.07347],[-2.47237,43.07347],[-2.47231,43.07346],[-2.47227,43.07346],[-2.47223,43.07346],[-2.47218,43.07346],[-2.47214,43.07346],[-2.47211,43.07348],[-2.47209,43.07349],[-2.47209,43.07352],[-2.4721,43.07355],[-2.47212,43.07356],[-2.47215,43.07358],[-2.47218,43.0736],[-2.47219,43.07362],[-2.47218,43.07364],[-2.47217,43.07367],[-2.47215,43.07369],[-2.47212,43.07371]]}},{"type":"Feature","properties":{"id":215185167,"highway":"track","nombre":"Musakola auzoa"},"geometry":{"type":"LineString","coordinates":[[-2.47911,43.07593],[-2.47917,43.07594],[-2.47919,43.07595],[-2.47922,43.07598],[-2.47924,43.076],[-2.47928,43.07604],[-2.47933,43.0761],[-2.47934,43.07612],[-2.47937,43.07614],[-2.47939,43.07616],[-2.47941,43.07617],[-2.47943,43.07619],[-2.47946,43.07621],[-2.47948,43.07623],[-2.47956,43.07628],[-2.47964,43.07633],[-2.47968,43.07637],[-2.47973,43.07641],[-2.47976,43.07645],[-2.4798,43.0765],[-2.47985,43.0766],[-2.4799,43.07665],[-2.47997,43.07671],[-2.48003,43.07676],[-2.48011,43.07683],[-2.48016,43.07687],[-2.48023,43.07691],[-2.48033,43.07697],[-2.48049,43.07707],[-2.48058,43.07713],[-2.48066,43.07721],[-2.48082,43.07734]]}},{"type":"Feature","properties":{"id":215185168,"highway":"track","nombre":"Musakola auzoa"},"geometry":{"type":"LineString","coordinates":[[-2.47647,43.07704],[-2.47649,43.07689],[-2.47651,43.07677],[-2.47654,43.07667],[-2.47656,43.07657],[-2.47655,43.07649],[-2.47652,43.07642],[-2.4765,43.07638],[-2.47648,43.07635],[-2.47646,43.07632],[-2.47644,43.07628],[-2.47641,43.07624],[-2.47637,43.07619],[-2.47633,43.07616],[-2.47624,43.07609],[-2.4762,43.07605],[-2.47615,43.07602],[-2.47611,43.07599],[-2.47608,43.07595],[-2.47604,43.07592],[-2.47601,43.07588],[-2.47599,43.07585],[-2.47596,43.07581],[-2.47594,43.07578],[-2.47589,43.07568],[-2.47585,43.07558],[-2.47585,43.0755],[-2.47583,43.07542],[-2.47579,43.07538],[-2.47572,43.07533],[-2.47561,43.07528],[-2.47554,43.07522],[-2.4755,43.07517]]}},{"type":"Feature","properties":{"id":215185169,"highway":"track","nombre":"Musakola auzoa"},"geometry":{"type":"LineString","coordinates":[[-2.47833,43.07214],[-2.47834,43.07212],[-2.47833,43.07209],[-2.47833,43.07205],[-2.47834,43.07202],[-2.47836,43.07199],[-2.47837,43.07196],[-2.47839,43.07193],[-2.47841,43.0719],[-2.47842,43.07187],[-2.47843,43.07184],[-2.47843,43.07181],[-2.47843,43.07178],[-2.47843,43.07175],[-2.47842,43.07172],[-2.47841,43.07167],[-2.47841,43.07163],[-2.47841,43.0716],[-2.4784,43.07158],[-2.47839,43.07155],[-2.47839,43.07152],[-2.47839,43.07148],[-2.47841,43.07144],[-2.47845,43.07142],[-2.47851,43.07137],[-2.47855,43.07134],[-2.47858,43.07133],[-2.47862,43.07131],[-2.47866,43.07129],[-2.47869,43.07128],[-2.47873,43.07127],[-2.47876,43.07126],[-2.47879,43.07125],[-2.47881,43.07125],[-2.47884,43.07126]]}},{"type":"Feature","properties":{"id":215185171,"highway":"track","nombre":"Musakola auzoa"},"geometry":{"type":"LineString","coordinates":[[-2.4785,43.07274],[-2.47853,43.07278],[-2.4786,43.07291],[-2.47868,43.07303],[-2.4789,43.07333],[-2.47907,43.07357],[-2.47907,43.07367],[-2.47906,43.07376],[-2.47901,43.0739],[-2.479,43.074],[-2.47899,43.07417],[-2.47898,43.07429],[-2.47897,43.07442],[-2.47895,43.07453],[-2.47893,43.07463],[-2.47891,43.0747],[-2.4789,43.07478],[-2.47889,43.07484],[-2.47889,43.07487],[-2.47889,43.0749],[-2.47889,43.07493],[-2.4789,43.07496],[-2.4789,43.07498],[-2.47891,43.07501],[-2.47891,43.07504],[-2.47892,43.07507],[-2.47894,43.07515],[-2.47897,43.07523],[-2.47906,43.07542],[-2.47908,43.07553],[-2.47909,43.07558],[-2.47909,43.07568],[-2.47911,43.07588],[-2.47911,43.07593]]}},{"type":"Feature","properties":{"id":215185172,"highway":"track","nombre":"Musakola auzoa"},"geometry":{"type":"LineString","coordinates":[[-2.47632,43.08033],[-2.47636,43.08042],[-2.47638,43.08047],[-2.47637,43.08055],[-2.47635,43.08058],[-2.47632,43.0806],[-2.47627,43.0806],[-2.47621,43.08059],[-2.47615,43.08055],[-2.47605,43.08052],[-2.47599,43.0805],[-2.47594,43.08049],[-2.47589,43.08047],[-2.47582,43.08045],[-2.47574,43.08043],[-2.47567,43.08041],[-2.47556,43.0804],[-2.47526,43.08033],[-2.47518,43.0803],[-2.47505,43.08027],[-2.47482,43.08025],[-2.47477,43.08025],[-2.47462,43.08019],[-2.47449,43.08014],[-2.47442,43.08011],[-2.47437,43.08011],[-2.47436,43.08011],[-2.47434,43.08013],[-2.47436,43.08016],[-2.47438,43.08019],[-2.47442,43.08022],[-2.47446,43.08024],[-2.47458,43.08033],[-2.47465,43.08039],[-2.47471,43.08041],[-2.47482,43.08048],[-2.47487,43.08051],[-2.47492,43.08054],[-2.47495,43.08057],[-2.47495,43.0806],[-2.475,43.08064],[-2.47505,43.08067],[-2.47509,43.08069],[-2.47511,43.08074],[-2.47513,43.08078],[-2.47517,43.08083],[-2.47523,43.08086],[-2.47532,43.08094],[-2.47534,43.08098],[-2.47537,43.08104],[-2.47537,43.0811],[-2.47536,43.0812],[-2.47534,43.0813],[-2.47534,43.08136],[-2.47538,43.0814],[-2.47542,43.08142],[-2.47548,43.08146],[-2.47553,43.08147],[-2.47579,43.08151],[-2.47589,43.08155],[-2.47603,43.08162],[-2.4761,43.08165],[-2.47635,43.08176],[-2.47647,43.08184],[-2.47657,43.08196],[-2.47664,43.08209],[-2.47665,43.08218],[-2.47667,43.08224],[-2.47664,43.08232],[-2.47659,43.08243],[-2.47655,43.08249],[-2.47649,43.08251],[-2.4764,43.08252],[-2.4763,43.0825],[-2.47628,43.08247],[-2.47624,43.08244],[-2.47621,43.08242],[-2.47609,43.08235],[-2.47601,43.08232],[-2.47596,43.08233],[-2.47592,43.08234],[-2.47589,43.08237],[-2.47588,43.08241],[-2.47588,43.08244],[-2.47589,43.08245],[-2.47587,43.08248],[-2.47588,43.08252],[-2.47587,43.08256],[-2.47583,43.08264],[-2.47582,43.08269],[-2.4758,43.08274],[-2.47579,43.08284],[-2.4758,43.08287],[-2.47586,43.08294],[-2.47589,43.08299],[-2.47598,43.08307],[-2.47604,43.08313],[-2.47608,43.08315],[-2.4762,43.08328],[-2.4763,43.08336],[-2.47641,43.08341],[-2.47654,43.08346],[-2.47673,43.08359],[-2.47682,43.08364],[-2.47695,43.08376],[-2.47699,43.0838],[-2.477,43.08384],[-2.47699,43.08386],[-2.4769,43.08387],[-2.47685,43.08388],[-2.4767,43.08391],[-2.47662,43.08392],[-2.47653,43.08394],[-2.47649,43.08396],[-2.47637,43.08398],[-2.47604,43.08399],[-2.4758,43.08397],[-2.47575,43.08398],[-2.47548,43.084],[-2.47537,43.08405],[-2.47528,43.08416],[-2.47525,43.08418],[-2.47523,43.08419],[-2.47517,43.0843],[-2.47514,43.0844],[-2.47509,43.08456],[-2.47508,43.08462],[-2.47509,43.08467],[-2.47509,43.0847],[-2.4751,43.08475],[-2.47512,43.08479],[-2.4752,43.08489],[-2.47528,43.08501],[-2.47532,43.08509],[-2.47534,43.08514],[-2.47542,43.08529],[-2.47543,43.08533],[-2.47542,43.08551],[-2.47543,43.08561],[-2.47541,43.08577],[-2.47541,43.08591],[-2.47544,43.08603],[-2.47545,43.08606],[-2.47551,43.08615],[-2.47559,43.08622],[-2.47567,43.0863],[-2.47573,43.08638],[-2.47582,43.08646],[-2.47587,43.08653],[-2.47598,43.08665],[-2.47601,43.08668],[-2.47613,43.08679],[-2.47621,43.08684],[-2.47628,43.08687],[-2.47636,43.08689],[-2.47639,43.0869],[-2.47642,43.08693],[-2.47645,43.08698],[-2.4765,43.08712],[-2.4766,43.08722],[-2.47665,43.08725],[-2.47669,43.08727],[-2.47673,43.08728],[-2.47685,43.08743],[-2.47695,43.08754],[-2.47706,43.08759],[-2.47714,43.08761],[-2.47726,43.08767],[-2.47743,43.08771],[-2.47764,43.08778],[-2.47778,43.08784],[-2.47791,43.08786],[-2.47802,43.08788],[-2.4782,43.08792],[-2.47838,43.08796],[-2.47858,43.088],[-2.47874,43.08802],[-2.47895,43.08804],[-2.47901,43.08806],[-2.47915,43.08811],[-2.47919,43.08816],[-2.47923,43.08821],[-2.47926,43.08825],[-2.47929,43.08831],[-2.47937,43.08841],[-2.47945,43.08849],[-2.47951,43.08854],[-2.47939,43.08852],[-2.47932,43.0885],[-2.47916,43.08847],[-2.47903,43.08844],[-2.47883,43.08838],[-2.47863,43.08833],[-2.47854,43.08832],[-2.47842,43.08831],[-2.47837,43.08831],[-2.47822,43.08833],[-2.4781,43.08833],[-2.47797,43.08832],[-2.47785,43.08831],[-2.47777,43.08828],[-2.4775,43.08819],[-2.47736,43.08815],[-2.47717,43.08809],[-2.47707,43.08808],[-2.477,43.08807],[-2.47694,43.08807],[-2.47691,43.08809],[-2.47694,43.08813],[-2.47695,43.08816],[-2.47698,43.08822],[-2.47707,43.08832],[-2.47714,43.08841],[-2.4772,43.08847],[-2.47727,43.08853],[-2.47735,43.08859],[-2.4774,43.08863],[-2.47751,43.08871],[-2.47763,43.08881],[-2.47774,43.08888],[-2.4779,43.08901],[-2.47803,43.08918],[-2.47814,43.08934],[-2.47823,43.08941],[-2.47835,43.08951],[-2.4784,43.08955],[-2.4785,43.08962],[-2.47856,43.08968],[-2.4787,43.08981],[-2.47875,43.0899],[-2.47876,43.08995],[-2.47875,43.09005],[-2.47874,43.09012],[-2.47881,43.0903],[-2.47891,43.09048],[-2.479,43.0906],[-2.47904,43.09064],[-2.4791,43.09068],[-2.47938,43.09076],[-2.47948,43.09077],[-2.47968,43.09076],[-2.47972,43.09077],[-2.47974,43.09077],[-2.47979,43.0908],[-2.47986,43.09083],[-2.48001,43.09094],[-2.48008,43.09101],[-2.48024,43.09108],[-2.48035,43.09111],[-2.48048,43.09118],[-2.48053,43.09118],[-2.48066,43.09119],[-2.48076,43.09122],[-2.48081,43.09125],[-2.48086,43.0913],[-2.48099,43.09144],[-2.48113,43.09149],[-2.48125,43.09154],[-2.48157,43.09161],[-2.48181,43.09161],[-2.4819,43.0916],[-2.48202,43.09158],[-2.48207,43.09158],[-2.48224,43.09154],[-2.48235,43.09152],[-2.48247,43.09149],[-2.48253,43.09148],[-2.48268,43.09146],[-2.4828,43.09142],[-2.48287,43.0914],[-2.48296,43.09139],[-2.48305,43.09138],[-2.48308,43.09141],[-2.4831,43.09148],[-2.48312,43.09155],[-2.48318,43.09164],[-2.48328,43.09172],[-2.48337,43.09183],[-2.48345,43.09189],[-2.48349,43.09196],[-2.48355,43.09204],[-2.48363,43.09219],[-2.48375,43.09227],[-2.48389,43.0924],[-2.48399,43.09247],[-2.48417,43.09251],[-2.48439,43.09247],[-2.48447,43.09246],[-2.48459,43.0924],[-2.48477,43.09231],[-2.48498,43.09218],[-2.48505,43.09214],[-2.48516,43.09214],[-2.48523,43.09215],[-2.48559,43.09223],[-2.48562,43.09225],[-2.48569,43.09231],[-2.48572,43.09234],[-2.48576,43.09236],[-2.48582,43.09241],[-2.48589,43.09243],[-2.48593,43.09245],[-2.486,43.09247],[-2.48605,43.09249],[-2.48614,43.09251],[-2.48624,43.09252],[-2.48637,43.09254],[-2.48648,43.09255],[-2.48654,43.09254],[-2.48663,43.09254],[-2.48671,43.09252],[-2.48683,43.09252],[-2.48713,43.09249],[-2.48728,43.0925],[-2.48742,43.09249],[-2.4875,43.09248],[-2.48762,43.09244],[-2.48772,43.09238],[-2.48781,43.09234],[-2.48789,43.09231],[-2.48804,43.09221],[-2.48815,43.09217],[-2.4883,43.09213],[-2.48848,43.09215],[-2.48862,43.09219],[-2.48869,43.09221],[-2.48876,43.09225],[-2.48879,43.09231],[-2.48883,43.0924],[-2.48886,43.09246],[-2.48889,43.09251],[-2.48893,43.09258],[-2.48898,43.09266],[-2.48906,43.09267],[-2.48914,43.09266],[-2.48923,43.09263],[-2.48938,43.09254],[-2.48956,43.09248],[-2.48959,43.09245],[-2.48965,43.09243],[-2.48969,43.09242],[-2.48983,43.0924],[-2.48999,43.09242],[-2.49005,43.09242],[-2.49035,43.09236],[-2.49052,43.09228],[-2.49074,43.09216],[-2.49107,43.0919],[-2.49134,43.09177],[-2.49142,43.09171],[-2.4917,43.09151],[-2.49194,43.0913],[-2.49218,43.09106],[-2.49238,43.0909],[-2.49268,43.09069],[-2.49283,43.09055],[-2.49298,43.09045],[-2.49304,43.09042],[-2.49306,43.09041],[-2.49309,43.09041],[-2.49316,43.09043],[-2.49336,43.09053],[-2.49342,43.09055],[-2.49356,43.09058],[-2.49383,43.09058],[-2.4939,43.09058],[-2.49409,43.09057],[-2.49423,43.09051],[-2.49438,43.09039],[-2.49449,43.09022],[-2.49455,43.09008],[-2.49481,43.08958],[-2.49492,43.08948],[-2.49502,43.08941]]}},{"type":"Feature","properties":{"id":215185177,"highway":"service","nombre":"Musakola auzoa"},"geometry":{"type":"LineString","coordinates":[[-2.47145,43.07284],[-2.47123,43.0728],[-2.47109,43.07274],[-2.47097,43.07263]]}},{"type":"Feature","properties":{"id":215185178,"highway":"service","nombre":"Musakola auzoa"},"geometry":{"type":"LineString","coordinates":[[-2.4799,43.08036],[-2.4799,43.08028],[-2.47994,43.08022],[-2.48001,43.08014]]}},{"type":"Feature","properties":{"id":215185180,"highway":"service","nombre":"Musakola auzoa"},"geometry":{"type":"LineString","coordinates":[[-2.47563,43.0799],[-2.47569,43.07996],[-2.47575,43.08001],[-2.4758,43.08003],[-2.47593,43.08008]]}},{"type":"Feature","properties":{"id":215185182,"highway":"service","nombre":"Musakola auzoa"},"geometry":{"type":"LineString","coordinates":[[-2.47569,43.07958],[-2.47577,43.07953],[-2.47587,43.07949],[-2.476,43.07944],[-2.47623,43.07938],[-2.47632,43.07936],[-2.4764,43.07932],[-2.47648,43.07927],[-2.4766,43.07914],[-2.47663,43.0791],[-2.47665,43.07906],[-2.47668,43.07893],[-2.47669,43.07886],[-2.47677,43.07865],[-2.47684,43.07842],[-2.47689,43.07828],[-2.47693,43.07817],[-2.47695,43.07807],[-2.47694,43.07802],[-2.47694,43.07801],[-2.47694,43.07799],[-2.47693,43.07797],[-2.47693,43.07796],[-2.47693,43.07794],[-2.47692,43.07792],[-2.47691,43.07791],[-2.47691,43.07789],[-2.4769,43.07788],[-2.47689,43.07786],[-2.47688,43.07785],[-2.47687,43.07783],[-2.47686,43.07782],[-2.47682,43.07777],[-2.47673,43.07771],[-2.47668,43.07767],[-2.47665,43.07765],[-2.47661,43.07762],[-2.47657,43.07757],[-2.47654,43.07753],[-2.47653,43.07746],[-2.47651,43.07734],[-2.47648,43.07725],[-2.47645,43.0771]]}},{"type":"Feature","properties":{"id":215185185,"highway":"service","nombre":"Musakola auzoa"},"geometry":{"type":"LineString","coordinates":[[-2.47842,43.07268],[-2.47838,43.07229],[-2.47837,43.07222],[-2.47833,43.07214]]}},{"type":"Feature","properties":{"id":215185189,"highway":"unclassified","nombre":"Musakola auzoa","oneway":"yes"},"geometry":{"type":"LineString","coordinates":[[-2.46663,43.07584],[-2.46664,43.07579],[-2.46668,43.07573],[-2.46673,43.07569],[-2.46675,43.07568],[-2.46679,43.07564],[-2.46685,43.07561]]}},{"type":"Feature","properties":{"id":215185190,"highway":"track","nombre":"Musakola auzoa"},"geometry":{"type":"LineString","coordinates":[[-2.47326,43.07477],[-2.47331,43.07479],[-2.47348,43.07477],[-2.47356,43.07476],[-2.47369,43.07471],[-2.47383,43.07468],[-2.4739,43.07466],[-2.47401,43.0747],[-2.47413,43.07476],[-2.47428,43.07482],[-2.47438,43.07484],[-2.47446,43.07485],[-2.47454,43.07486],[-2.4746,43.07485],[-2.47464,43.07483],[-2.47467,43.07482],[-2.47478,43.07477],[-2.47482,43.07477],[-2.47487,43.07478],[-2.47492,43.0748],[-2.475,43.07483],[-2.47509,43.07484],[-2.47523,43.07485],[-2.47527,43.07485],[-2.47547,43.07491],[-2.47547,43.07491],[-2.47548,43.07492],[-2.47549,43.07492],[-2.4755,43.07493],[-2.4755,43.07493],[-2.47551,43.07494],[-2.47552,43.07495],[-2.47552,43.07495],[-2.47552,43.07496],[-2.47552,43.07499],[-2.47552,43.07504],[-2.47551,43.07509],[-2.47551,43.07512],[-2.47551,43.07513],[-2.4755,43.07516],[-2.4755,43.07517]]}},{"type":"Feature","properties":{"id":215185192,"highway":"unclassified","nombre":"Musakola auzoa"},"geometry":{"type":"LineString","coordinates":[[-2.47906,43.07603],[-2.47904,43.07607],[-2.47901,43.0761],[-2.47898,43.07614],[-2.47895,43.07617],[-2.47895,43.07618]]}},{"type":"Feature","properties":{"id":215185195,"highway":"track","nombre":"Musakola auzoa"},"geometry":{"type":"LineString","coordinates":[[-2.47777,43.07811],[-2.47775,43.0782],[-2.47776,43.07825],[-2.47778,43.07827],[-2.47783,43.07828],[-2.47789,43.0783]]}},{"type":"Feature","properties":{"id":215185199,"highway":"path","nombre":"Musakola auzoa"},"geometry":{"type":"LineString","coordinates":[[-2.47878,43.07692],[-2.47879,43.07701],[-2.47879,43.07704],[-2.4788,43.07707],[-2.4788,43.07711],[-2.4788,43.07714],[-2.47881,43.07718],[-2.47881,43.07721],[-2.47882,43.07724],[-2.47883,43.07728],[-2.47884,43.07731],[-2.47885,43.07734],[-2.47888,43.07736],[-2.4789,43.07739],[-2.47894,43.0774],[-2.47897,43.07742],[-2.479,43.07744],[-2.47904,43.07746],[-2.47907,43.07748],[-2.47909,43.07751],[-2.47912,43.07753],[-2.47915,43.07756],[-2.47917,43.07759],[-2.47919,43.07762],[-2.47922,43.07765],[-2.47922,43.07767],[-2.47924,43.07769],[-2.47925,43.07773],[-2.47926,43.07776],[-2.47927,43.0778],[-2.47927,43.07782],[-2.47926,43.07785],[-2.47923,43.07786],[-2.47918,43.07786],[-2.47914,43.07785],[-2.4791,43.07786],[-2.47906,43.07786],[-2.47901,43.07786],[-2.47897,43.07787],[-2.47892,43.07789],[-2.47887,43.07791],[-2.47883,43.07794],[-2.47879,43.07796],[-2.47875,43.07798],[-2.4787,43.078],[-2.47866,43.07802],[-2.47862,43.07802],[-2.47858,43.07802],[-2.47854,43.07801],[-2.4785,43.078],[-2.47845,43.078],[-2.47841,43.078],[-2.47837,43.07801],[-2.47833,43.07802],[-2.47828,43.07804],[-2.47825,43.07806],[-2.47822,43.07808],[-2.47812,43.07815],[-2.47804,43.07818],[-2.47802,43.07819],[-2.47795,43.07824],[-2.4779,43.07828],[-2.47789,43.0783]]}},{"type":"Feature","properties":{"id":215185204,"highway":"service","nombre":"Musakola auzoa"},"geometry":{"type":"LineString","coordinates":[[-2.47563,43.0799],[-2.47568,43.07998],[-2.47574,43.08005],[-2.47587,43.08014],[-2.47596,43.0802],[-2.47603,43.08024],[-2.47632,43.08033]]}},{"type":"Feature","properties":{"id":215185208,"highway":"service","nombre":"Musakola auzoa"},"geometry":{"type":"LineString","coordinates":[[-2.47833,43.07214],[-2.47827,43.07207],[-2.47818,43.07199],[-2.47802,43.07183],[-2.47794,43.07175],[-2.47792,43.07172],[-2.4779,43.07169]]}},{"type":"Feature","properties":{"id":215185210,"highway":"track","nombre":"Musakola auzoa"},"geometry":{"type":"LineString","coordinates":[[-2.47789,43.0783],[-2.47796,43.07832],[-2.47815,43.07835],[-2.47838,43.07839],[-2.47865,43.07847],[-2.47891,43.07854],[-2.47911,43.07861]]}},{"type":"Feature","properties":{"id":215185214,"highway":"service","nombre":"Musakola auzoa"},"geometry":{"type":"LineString","coordinates":[[-2.47564,43.07964],[-2.47562,43.07965],[-2.4756,43.0797],[-2.47558,43.07973],[-2.47558,43.07977],[-2.47559,43.07982],[-2.47561,43.07985],[-2.47563,43.0799]]}},{"type":"Feature","properties":{"id":215185218,"highway":"service","nombre":"Musakola auzoa"},"geometry":{"type":"LineString","coordinates":[[-2.47326,43.07477],[-2.4732,43.07483],[-2.47314,43.07489],[-2.4731,43.07492],[-2.47307,43.07494],[-2.47304,43.07495]]}},{"type":"Feature","properties":{"id":215185221,"highway":"service","nombre":"Musakola auzoa"},"geometry":{"type":"LineString","coordinates":[[-2.47784,43.07319],[-2.4779,43.07319],[-2.47795,43.07318],[-2.47806,43.07314],[-2.47823,43.07306],[-2.47834,43.07299],[-2.47839,43.07294],[-2.47841,43.0729],[-2.47842,43.07285],[-2.47842,43.07268]]}},{"type":"Feature","properties":{"id":215185223,"highway":"unclassified","nombre":"San Andres auzoa"},"geometry":{"type":"LineString","coordinates":[[-2.49035,43.05568],[-2.49028,43.05575],[-2.49022,43.05584],[-2.4902,43.05593],[-2.49023,43.05603],[-2.4903,43.05617],[-2.49043,43.05634],[-2.49058,43.05656],[-2.49068,43.05674],[-2.4907,43.05679]]}},{"type":"Feature","properties":{"id":215185226,"highway":"unclassified","nombre":"San Andres auzoa"},"geometry":{"type":"LineString","coordinates":[[-2.48986,43.05245],[-2.48982,43.05247],[-2.48976,43.05249],[-2.48963,43.05253],[-2.48959,43.05255],[-2.48958,43.05256],[-2.48958,43.05258],[-2.48964,43.05268],[-2.48969,43.05278]]}},{"type":"Feature","properties":{"id":215185228,"highway":"tertiary","nombre":"San Andres auzoa"},"geometry":{"type":"LineString","coordinates":[[-2.49209,43.05678],[-2.49199,43.05667],[-2.49195,43.05663],[-2.49187,43.05656],[-2.49176,43.05651],[-2.49152,43.05644],[-2.49122,43.05642]]}},{"type":"Feature","properties":{"id":215185232,"highway":"unclassified","nombre":"San Andres auzoa"},"geometry":{"type":"LineString","coordinates":[[-2.49035,43.05568],[-2.49041,43.05563],[-2.49045,43.05557],[-2.49049,43.05552],[-2.49057,43.05546],[-2.49065,43.05537],[-2.49067,43.05529],[-2.49064,43.05512],[-2.49061,43.05498],[-2.49057,43.05482],[-2.49054,43.05473],[-2.4905,43.05466],[-2.49044,43.05459],[-2.49037,43.05455],[-2.4903,43.05452]]}},{"type":"Feature","properties":{"id":215185233,"highway":"track","nombre":"San Andres auzoa","superficie":"gravel"},"geometry":{"type":"LineString","coordinates":[[-2.49935,43.0499],[-2.49931,43.05001],[-2.49928,43.05006],[-2.49918,43.05016],[-2.49907,43.05028],[-2.4989,43.05057],[-2.49873,43.05075],[-2.49853,43.05086],[-2.49835,43.05094],[-2.49808,43.05105],[-2.49777,43.05119],[-2.49769,43.05121],[-2.49754,43.05125],[-2.49746,43.05125],[-2.49739,43.05124],[-2.49734,43.05123]]}},{"type":"Feature","properties":{"id":215185236,"highway":"unclassified","nombre":"San Andres auzoa"},"geometry":{"type":"LineString","coordinates":[[-2.49051,43.05194],[-2.49058,43.05196],[-2.49061,43.05199],[-2.49063,43.05203],[-2.49066,43.0521],[-2.49067,43.05217],[-2.49067,43.05226],[-2.49066,43.05234],[-2.49065,43.05244],[-2.49064,43.05249],[-2.49064,43.05259],[-2.49063,43.05269],[-2.49075,43.05268],[-2.49079,43.05274],[-2.49078,43.05281],[-2.49073,43.05293],[-2.4907,43.05301],[-2.49073,43.05307],[-2.49084,43.05315]]}},{"type":"Feature","properties":{"id":215185237,"highway":"unclassified","nombre":"San Andres auzoa","tunel":"yes"},"geometry":{"type":"LineString","coordinates":[[-2.49084,43.05315],[-2.49124,43.05341],[-2.49133,43.05354],[-2.49141,43.05369]]}},{"type":"Feature","properties":{"id":215185240,"highway":"track","nombre":"San Andres auzoa","tunel":"yes","superficie":"gravel"},"geometry":{"type":"LineString","coordinates":[[-2.49734,43.05123],[-2.49715,43.0512]]}},{"type":"Feature","properties":{"id":215185241,"highway":"unclassified","nombre":"San Andres auzoa","tunel":"yes"},"geometry":{"type":"LineString","coordinates":[[-2.4903,43.05452],[-2.48978,43.05432]]}},{"type":"Feature","properties":{"id":215185243,"highway":"unclassified","nombre":"San Andres auzoa","oneway":"yes","superficie":"asphalt"},"geometry":{"type":"LineString","coordinates":[[-2.49246,43.05673],[-2.49217,43.05529],[-2.49215,43.05517],[-2.49202,43.05468],[-2.49189,43.05444],[-2.49188,43.05441],[-2.49178,43.05416]]}},{"type":"Feature","properties":{"id":215185244,"highway":"unclassified","nombre":"San Andres auzoa"},"geometry":{"type":"LineString","coordinates":[[-2.49533,43.05065],[-2.49507,43.05054]]}},{"type":"Feature","properties":{"id":215185247,"highway":"service"},"geometry":{"type":"LineString","coordinates":[[-2.49077,43.05724],[-2.49046,43.05733],[-2.49037,43.05734],[-2.49023,43.05736]]}},{"type":"Feature","properties":{"id":215185248,"highway":"unclassified","nombre":"San Andres auzoa"},"geometry":{"type":"LineString","coordinates":[[-2.49051,43.05194],[-2.49047,43.05194],[-2.49043,43.05196],[-2.4904,43.05198],[-2.49037,43.052],[-2.49034,43.05203],[-2.49033,43.05211],[-2.49027,43.05217],[-2.49024,43.05222],[-2.49013,43.05226],[-2.49003,43.05232]]}},{"type":"Feature","properties":{"id":215185250,"highway":"track"},"geometry":{"type":"LineString","coordinates":[[-2.4918,43.0471],[-2.49186,43.04724],[-2.492,43.04754],[-2.49206,43.04771],[-2.49212,43.04788],[-2.49213,43.04804],[-2.49218,43.04821],[-2.49219,43.04855],[-2.49217,43.04882],[-2.49215,43.049],[-2.49206,43.04913],[-2.49205,43.04916],[-2.49208,43.04923],[-2.49215,43.0493],[-2.49228,43.04955],[-2.49242,43.04985]]}},{"type":"Feature","properties":{"id":215185251,"highway":"unclassified","nombre":"San Andres auzoa"},"geometry":{"type":"LineString","coordinates":[[-2.49507,43.05054],[-2.49496,43.05055],[-2.4948,43.0506],[-2.49458,43.0507],[-2.49436,43.05083],[-2.49416,43.05095],[-2.49397,43.05107],[-2.4938,43.05122],[-2.49373,43.0513],[-2.49366,43.05137]]}},{"type":"Feature","properties":{"id":215185252,"highway":"footway","nombre":"San Andres auzoa"},"geometry":{"type":"LineString","coordinates":[[-2.4913,43.05722],[-2.49137,43.05731],[-2.49138,43.05732],[-2.49142,43.05737],[-2.49146,43.05741],[-2.49148,43.05745],[-2.49149,43.0575],[-2.49148,43.05753],[-2.49147,43.0576],[-2.49145,43.05767],[-2.49145,43.0577],[-2.4915,43.05773]]}},{"type":"Feature","properties":{"id":215185254,"highway":"unclassified","nombre":"San Andres auzoa"},"geometry":{"type":"LineString","coordinates":[[-2.48734,43.05202],[-2.48736,43.05205],[-2.48738,43.05207],[-2.48741,43.0521],[-2.48743,43.05213],[-2.48745,43.05216],[-2.48747,43.05221],[-2.48749,43.05224],[-2.4875,43.05228],[-2.48751,43.05232],[-2.48752,43.05239],[-2.48753,43.05246],[-2.48756,43.05253],[-2.48758,43.0526],[-2.48761,43.05266],[-2.48761,43.05267],[-2.48763,43.05271],[-2.48765,43.05275],[-2.48767,43.05277],[-2.4877,43.0528],[-2.48772,43.05282],[-2.48776,43.05286],[-2.48779,43.05288],[-2.48781,43.0529],[-2.48783,43.05293],[-2.4879,43.05304],[-2.48798,43.05317],[-2.48802,43.05324],[-2.48806,43.05332],[-2.48808,43.05336],[-2.48812,43.05341],[-2.48815,43.05346],[-2.48819,43.0535],[-2.48823,43.05355],[-2.48827,43.05361],[-2.4883,43.05363],[-2.48833,43.05367],[-2.48837,43.05372],[-2.4884,43.05376],[-2.48842,43.05379],[-2.48844,43.05381],[-2.48851,43.0539],[-2.48856,43.05397],[-2.48861,43.05403],[-2.48864,43.05408],[-2.48872,43.05417],[-2.48874,43.05421],[-2.48878,43.05427],[-2.4888,43.05432],[-2.48882,43.0544],[-2.48878,43.05447]]}},{"type":"Feature","properties":{"id":215185258,"highway":"unclassified","nombre":"San Andres auzoa"},"geometry":{"type":"LineString","coordinates":[[-2.48656,43.04907],[-2.4862,43.04894],[-2.48568,43.04891],[-2.48528,43.0489],[-2.48497,43.0489],[-2.48475,43.04891],[-2.4846,43.04892],[-2.48451,43.04894],[-2.48442,43.04898],[-2.48441,43.04898],[-2.4844,43.04899],[-2.48438,43.049],[-2.48437,43.049],[-2.48436,43.04901],[-2.48435,43.04902],[-2.48435,43.04903],[-2.48434,43.04904],[-2.48433,43.04905],[-2.48433,43.04906],[-2.48432,43.04907],[-2.48432,43.04908],[-2.48432,43.04909],[-2.48432,43.0491],[-2.48432,43.04911],[-2.48432,43.04912],[-2.48432,43.04913],[-2.48432,43.04914],[-2.48432,43.04915],[-2.48433,43.04916],[-2.48433,43.04917],[-2.48437,43.04921],[-2.48444,43.04928],[-2.48452,43.04935],[-2.48457,43.04941],[-2.48463,43.04947],[-2.4847,43.04953],[-2.48477,43.04958],[-2.48486,43.04963],[-2.48494,43.04969],[-2.48507,43.04981],[-2.48515,43.0499],[-2.48528,43.05008],[-2.48546,43.05031],[-2.48563,43.05051],[-2.48567,43.05058],[-2.48572,43.05066],[-2.4858,43.05077],[-2.48589,43.0509],[-2.48597,43.05103],[-2.4861,43.0512],[-2.48625,43.0514],[-2.48642,43.05163],[-2.48659,43.05186],[-2.48663,43.05191],[-2.48666,43.05196],[-2.4867,43.052],[-2.48684,43.05216],[-2.48698,43.05232],[-2.48718,43.05267],[-2.48738,43.05301],[-2.48746,43.05309],[-2.4876,43.05327],[-2.48761,43.05334]]}},{"type":"Feature","properties":{"id":215185259,"highway":"unclassified","nombre":"San Andres auzoa"},"geometry":{"type":"LineString","coordinates":[[-2.4907,43.05679],[-2.4907,43.05688],[-2.49071,43.05701],[-2.49072,43.0571],[-2.49074,43.05718],[-2.49074,43.05719],[-2.49077,43.05724]]}},{"type":"Feature","properties":{"id":215185261,"highway":"unclassified","nombre":"San Andres auzoa"},"geometry":{"type":"LineString","coordinates":[[-2.49077,43.05724],[-2.49081,43.05731],[-2.49082,43.05734],[-2.49082,43.05737],[-2.49082,43.0574],[-2.49082,43.05743],[-2.49081,43.05747],[-2.4908,43.05752],[-2.49078,43.05756],[-2.49077,43.0576],[-2.49077,43.05762],[-2.49076,43.05764],[-2.49075,43.05768],[-2.49074,43.0577],[-2.49073,43.05773],[-2.49071,43.05777],[-2.49069,43.05781],[-2.49067,43.05785],[-2.49065,43.05789],[-2.49062,43.05793],[-2.4906,43.05797],[-2.49057,43.05801],[-2.49055,43.05805],[-2.49053,43.05808],[-2.4905,43.05811],[-2.49048,43.05815],[-2.49047,43.05816],[-2.49045,43.05818],[-2.49043,43.05821],[-2.4904,43.05824],[-2.49038,43.05829],[-2.49038,43.05831],[-2.49036,43.05838],[-2.49035,43.05842],[-2.49034,43.05847],[-2.49033,43.05852],[-2.49031,43.05856],[-2.49031,43.05857],[-2.4903,43.05861],[-2.49029,43.05867],[-2.49027,43.05872],[-2.49025,43.05877],[-2.49023,43.05882],[-2.49022,43.05887],[-2.49021,43.05888],[-2.4902,43.05892],[-2.49019,43.05897],[-2.49018,43.05903],[-2.49018,43.05908],[-2.49018,43.05914],[-2.49018,43.05917],[-2.49019,43.05923],[-2.49019,43.05926],[-2.4902,43.05929],[-2.4902,43.05932],[-2.49021,43.05937],[-2.49022,43.05943],[-2.49026,43.05959],[-2.49029,43.05968],[-2.49034,43.05983],[-2.49035,43.05986],[-2.49037,43.05992],[-2.49045,43.06022],[-2.49049,43.06043],[-2.49052,43.06061],[-2.49052,43.06072],[-2.49053,43.06091],[-2.49054,43.061],[-2.49055,43.06126],[-2.49056,43.06149],[-2.49055,43.06162],[-2.49051,43.06171],[-2.49046,43.06181],[-2.49038,43.06192],[-2.49036,43.06195]]}},{"type":"Feature","properties":{"id":215185263,"highway":"tertiary","nombre":"San Andres auzoa","ref":"GI-3554","superficie":"asphalt"},"geometry":{"type":"LineString","coordinates":[[-2.48182,43.04606],[-2.4819,43.04617],[-2.48193,43.04623],[-2.48197,43.04629],[-2.48205,43.0464],[-2.48228,43.04672],[-2.48234,43.04681],[-2.48256,43.04713],[-2.48259,43.04719],[-2.4826,43.04722],[-2.4826,43.04725],[-2.48258,43.04729],[-2.48255,43.04732],[-2.48249,43.04736],[-2.48243,43.04739],[-2.48233,43.04743],[-2.48221,43.04749],[-2.48214,43.04753],[-2.48209,43.04756],[-2.48205,43.04761],[-2.48198,43.0477],[-2.48193,43.04776],[-2.48189,43.0478],[-2.48182,43.04784],[-2.48173,43.04789],[-2.48167,43.04793],[-2.48162,43.04797],[-2.48159,43.04799],[-2.48157,43.04801],[-2.48156,43.04805],[-2.48155,43.0481],[-2.48154,43.04818],[-2.48154,43.04832],[-2.48154,43.04842],[-2.48155,43.04847],[-2.48157,43.04853],[-2.48159,43.04862],[-2.48163,43.0487],[-2.48166,43.04875],[-2.4817,43.04879],[-2.48181,43.04888],[-2.48192,43.04897],[-2.48206,43.0491],[-2.48213,43.04914],[-2.48217,43.04916],[-2.48223,43.04918],[-2.4823,43.0492],[-2.48242,43.04922],[-2.48258,43.04925],[-2.48269,43.04929],[-2.48284,43.04934],[-2.48317,43.04949],[-2.48376,43.04976],[-2.48414,43.04994],[-2.48438,43.05008],[-2.4846,43.05021],[-2.48473,43.05032],[-2.4848,43.05037],[-2.48493,43.05051],[-2.48504,43.05066],[-2.48514,43.05079],[-2.48523,43.0509],[-2.48535,43.05105],[-2.4855,43.05121],[-2.48565,43.05137],[-2.48579,43.0515],[-2.48598,43.05168],[-2.48615,43.05184],[-2.48636,43.05203],[-2.48649,43.05216],[-2.4866,43.05226],[-2.48668,43.05236],[-2.48677,43.05247],[-2.4868,43.0525],[-2.48683,43.05253],[-2.48696,43.05267],[-2.48713,43.05286],[-2.48725,43.05299],[-2.48737,43.05311],[-2.48743,43.05317],[-2.48761,43.05334],[-2.48785,43.05359],[-2.48808,43.0538],[-2.48827,43.05399],[-2.48841,43.05412],[-2.48855,43.05425],[-2.48878,43.05447],[-2.48904,43.05465]]}},{"type":"Feature","properties":{"id":215185264,"highway":"track","nombre":"San Andres auzoa"},"geometry":{"type":"LineString","coordinates":[[-2.50074,43.05191],[-2.50063,43.05212],[-2.5005,43.05226],[-2.50036,43.05231],[-2.50025,43.05245],[-2.5003,43.05253],[-2.50038,43.05255],[-2.50051,43.05257],[-2.50063,43.05257],[-2.50074,43.05256],[-2.50099,43.05259],[-2.50127,43.05263],[-2.50152,43.05266],[-2.50173,43.05271],[-2.50211,43.05279],[-2.5023,43.05279],[-2.50262,43.05276],[-2.50277,43.05274],[-2.50316,43.05285],[-2.50335,43.05292],[-2.50359,43.05294],[-2.50417,43.05289],[-2.5044,43.05283]]}},{"type":"Feature","properties":{"id":215185266,"highway":"service"},"geometry":{"type":"LineString","coordinates":[[-2.49023,43.05736],[-2.49003,43.05741],[-2.4899,43.0575],[-2.48983,43.05759],[-2.48974,43.05768],[-2.48967,43.05776]]}},{"type":"Feature","properties":{"id":215185267,"highway":"service","nombre":"Udala auzoa"},"geometry":{"type":"LineString","coordinates":[[-2.51248,43.07687],[-2.51236,43.07682],[-2.51229,43.0768],[-2.51221,43.07678],[-2.51206,43.07675],[-2.51179,43.07672],[-2.51174,43.07672],[-2.51167,43.07674],[-2.51128,43.07688],[-2.51116,43.0769]]}},{"type":"Feature","properties":{"id":215185268,"highway":"track","superficie":"ground"},"geometry":{"type":"LineString","coordinates":[[-2.51952,43.08174],[-2.51963,43.08179],[-2.51972,43.08181],[-2.5199,43.08182],[-2.52029,43.08181],[-2.52044,43.08182],[-2.52058,43.08185],[-2.52072,43.08191],[-2.52081,43.08197],[-2.52088,43.08204],[-2.52092,43.0821],[-2.52095,43.08219],[-2.52096,43.08226],[-2.52096,43.08233],[-2.52093,43.08241],[-2.52087,43.08252],[-2.52083,43.08264],[-2.52082,43.08282],[-2.52084,43.08295],[-2.52086,43.08316],[-2.5209,43.08325],[-2.52094,43.08331],[-2.52096,43.08335],[-2.52103,43.0834],[-2.52107,43.08342],[-2.52116,43.08346],[-2.52131,43.08352],[-2.52153,43.08358],[-2.52172,43.0836],[-2.52196,43.08362],[-2.52204,43.08363],[-2.52214,43.08368],[-2.52228,43.08378],[-2.52235,43.08387],[-2.52242,43.08395],[-2.52252,43.08407],[-2.52257,43.08415],[-2.52263,43.08427],[-2.52266,43.08438],[-2.52267,43.08449],[-2.52267,43.08459],[-2.52266,43.0847],[-2.52263,43.08481],[-2.5226,43.08492],[-2.52258,43.08496],[-2.52254,43.08501],[-2.52252,43.08506],[-2.5225,43.08514],[-2.5225,43.08523],[-2.5225,43.08532],[-2.52253,43.0854],[-2.52256,43.08546],[-2.52264,43.08557],[-2.52273,43.08568],[-2.52279,43.08577],[-2.52286,43.08582],[-2.52294,43.08588],[-2.52304,43.08594],[-2.52312,43.086],[-2.52317,43.08606],[-2.5232,43.08614],[-2.52327,43.08633],[-2.5233,43.0864],[-2.52332,43.08642],[-2.52338,43.08643],[-2.52345,43.08646],[-2.5236,43.08655],[-2.52376,43.08664],[-2.52382,43.08666],[-2.5239,43.08668],[-2.52397,43.08668],[-2.52408,43.08663],[-2.5242,43.08664],[-2.52428,43.08667],[-2.52431,43.08672],[-2.52432,43.08679],[-2.52436,43.08698],[-2.52448,43.08711],[-2.52454,43.08719],[-2.5246,43.08724],[-2.52466,43.08728],[-2.52471,43.08729],[-2.52481,43.08728],[-2.5249,43.08727],[-2.5252,43.08724],[-2.52558,43.08724],[-2.52568,43.08724],[-2.5258,43.08723],[-2.5259,43.08722],[-2.526,43.08718],[-2.52604,43.08718],[-2.52613,43.08717],[-2.52631,43.08712],[-2.52645,43.08707],[-2.5265,43.08703],[-2.52666,43.0869],[-2.52674,43.08683],[-2.52681,43.0868],[-2.52688,43.08678],[-2.52711,43.08671],[-2.52732,43.08667],[-2.52744,43.08666],[-2.52781,43.08671],[-2.528,43.08674],[-2.52813,43.0868],[-2.52847,43.08694],[-2.52863,43.08699],[-2.5288,43.08705],[-2.5289,43.08707],[-2.529,43.08709]]}},{"type":"Feature","properties":{"id":215185270,"highway":"track"},"geometry":{"type":"LineString","coordinates":[[-2.50833,43.07899],[-2.50836,43.07892],[-2.50842,43.07887],[-2.50863,43.07875],[-2.50884,43.07864],[-2.50905,43.07848],[-2.50912,43.0784],[-2.50913,43.07833],[-2.5091,43.07808],[-2.5091,43.07791],[-2.50915,43.07781]]}},{"type":"Feature","properties":{"id":215185271,"highway":"track","nombre":"Udala auzoa"},"geometry":{"type":"LineString","coordinates":[[-2.51308,43.07744],[-2.51306,43.07741],[-2.51302,43.07735],[-2.51299,43.07733],[-2.5129,43.07728],[-2.51286,43.07725],[-2.51281,43.07722],[-2.51272,43.07713],[-2.51267,43.07708],[-2.51262,43.07702],[-2.51258,43.07699],[-2.51253,43.07693],[-2.51248,43.07687]]}},{"type":"Feature","properties":{"id":215185273,"highway":"unclassified","nombre":"Udala auzoa"},"geometry":{"type":"LineString","coordinates":[[-2.51285,43.07769],[-2.51272,43.07772],[-2.51254,43.07772],[-2.51249,43.07772],[-2.51244,43.07771],[-2.51226,43.07767]]}},{"type":"Feature","properties":{"id":215185274,"highway":"track","nombre":"Udala auzoa"},"geometry":{"type":"LineString","coordinates":[[-2.51059,43.07352],[-2.51091,43.07352],[-2.51118,43.0735],[-2.5115,43.07347],[-2.51176,43.07344],[-2.51185,43.07343],[-2.51188,43.07343]]}},{"type":"Feature","properties":{"id":215185277,"highway":"service"},"geometry":{"type":"LineString","coordinates":[[-2.51292,43.07783],[-2.51284,43.07785],[-2.51282,43.07785],[-2.51277,43.07787],[-2.51262,43.07791],[-2.51248,43.07796],[-2.51243,43.07798],[-2.51236,43.07801],[-2.51229,43.07805],[-2.51224,43.07808]]}},{"type":"Feature","properties":{"id":215185279,"highway":"track"},"geometry":{"type":"LineString","coordinates":[[-2.51739,43.07961],[-2.51735,43.07966],[-2.51733,43.07972],[-2.51725,43.07982],[-2.51715,43.07993],[-2.51703,43.07997]]}},{"type":"Feature","properties":{"id":215185280,"highway":"track"},"geometry":{"type":"LineString","coordinates":[[-2.50915,43.07781],[-2.50906,43.07782],[-2.50868,43.07791],[-2.50848,43.07797],[-2.50838,43.078],[-2.50835,43.07803],[-2.50834,43.07807],[-2.50834,43.07816],[-2.50833,43.07823],[-2.5083,43.07827],[-2.50824,43.07829],[-2.5082,43.07831],[-2.50805,43.07836],[-2.50792,43.0784],[-2.50758,43.07865],[-2.50736,43.07882],[-2.50725,43.07891],[-2.50713,43.07912]]}},{"type":"Feature","properties":{"id":215185281,"highway":"track","nombre":"Udala auzoa"},"geometry":{"type":"LineString","coordinates":[[-2.51195,43.07444],[-2.51205,43.07448],[-2.51211,43.07451],[-2.51215,43.07455],[-2.51218,43.07457],[-2.51219,43.07462],[-2.51221,43.07479],[-2.51219,43.07489],[-2.51217,43.07509],[-2.5121,43.07543],[-2.51207,43.0756],[-2.51205,43.07567],[-2.51201,43.07578],[-2.51196,43.07596],[-2.51195,43.076]]}},{"type":"Feature","properties":{"id":215185283,"highway":"unclassified","nombre":"Udala auzoa"},"geometry":{"type":"LineString","coordinates":[[-2.51611,43.07926],[-2.51608,43.07929],[-2.51607,43.07933],[-2.51609,43.07941],[-2.51615,43.07946],[-2.5162,43.07948],[-2.51625,43.0795],[-2.5163,43.07952],[-2.51635,43.07953],[-2.51642,43.07954],[-2.51653,43.07953],[-2.51665,43.07953],[-2.51684,43.07951],[-2.51696,43.07949],[-2.51706,43.07947],[-2.51712,43.07945],[-2.51716,43.07942],[-2.51721,43.07937],[-2.51723,43.07935],[-2.5174,43.07927],[-2.51751,43.07919],[-2.5176,43.07914],[-2.51768,43.0791],[-2.51787,43.07899],[-2.51799,43.07895]]}},{"type":"Feature","properties":{"id":215185284,"highway":"path"},"geometry":{"type":"MultiLineString","coordinates":[[[-2.53859,43.09215],[-2.53866,43.09212],[-2.53871,43.09211]],[[-2.53897,43.09203],[-2.53904,43.092],[-2.53921,43.09193],[-2.53933,43.09183],[-2.5395,43.0917],[-2.53957,43.09164],[-2.5398,43.09141],[-2.53991,43.09136],[-2.54001,43.09128],[-2.54003,43.09123],[-2.54007,43.09121],[-2.54018,43.09111],[-2.54025,43.09099],[-2.54025,43.09091],[-2.54022,43.09079],[-2.54026,43.09074],[-2.54031,43.09066],[-2.54047,43.09048],[-2.54054,43.09041]]]}},{"type":"Feature","properties":{"id":215185285,"highway":"track","nombre":"Udala auzoa"},"geometry":{"type":"LineString","coordinates":[[-2.51484,43.07911],[-2.51481,43.07904],[-2.51476,43.07899],[-2.5147,43.07893],[-2.51466,43.0789],[-2.51457,43.07883],[-2.51448,43.07878],[-2.51441,43.07876],[-2.51433,43.07875],[-2.5142,43.07875],[-2.51401,43.07876],[-2.51393,43.07876],[-2.51389,43.07875],[-2.51383,43.07873],[-2.51379,43.07872],[-2.51374,43.07869],[-2.5137,43.07866]]}},{"type":"Feature","properties":{"id":215185286,"highway":"service","nombre":"Udala auzoa"},"geometry":{"type":"LineString","coordinates":[[-2.51799,43.07895],[-2.51796,43.07882],[-2.51798,43.07874],[-2.51807,43.07873],[-2.5182,43.07855]]}},{"type":"Feature","properties":{"id":215185288,"highway":"unclassified","nombre":"Udala auzoa"},"geometry":{"type":"LineString","coordinates":[[-2.51799,43.07895],[-2.51803,43.07896],[-2.51806,43.07898],[-2.51808,43.07902],[-2.5181,43.07909],[-2.51811,43.07912],[-2.51812,43.07915],[-2.51812,43.07919],[-2.51811,43.07922],[-2.5181,43.07925],[-2.51809,43.07929],[-2.51807,43.07932],[-2.51805,43.07935],[-2.51803,43.07937],[-2.51801,43.0794],[-2.51797,43.07943],[-2.51792,43.07945],[-2.51784,43.0795],[-2.51779,43.07951],[-2.51773,43.07954],[-2.51768,43.07956],[-2.51752,43.07962],[-2.51746,43.07961],[-2.51739,43.07961]]}},{"type":"Feature","properties":{"id":215185289,"highway":"track"},"geometry":{"type":"LineString","coordinates":[[-2.53091,43.08736],[-2.53106,43.08742],[-2.5312,43.08747],[-2.53145,43.08755],[-2.53168,43.08764],[-2.53205,43.08774],[-2.53228,43.0878],[-2.53254,43.0879],[-2.53277,43.08798],[-2.5329,43.08803],[-2.5332,43.08816],[-2.53329,43.0882],[-2.53339,43.08824],[-2.53348,43.08826],[-2.5336,43.08827],[-2.53381,43.08829],[-2.53395,43.0883],[-2.53415,43.08829]]}},{"type":"Feature","properties":{"id":215185292,"highway":"service"},"geometry":{"type":"LineString","coordinates":[[-2.51188,43.07795],[-2.51185,43.07787],[-2.51185,43.07787],[-2.51184,43.07779],[-2.51184,43.07777],[-2.51184,43.07775],[-2.51186,43.07772]]}},{"type":"Feature","properties":{"id":215185293,"highway":"unclassified","nombre":"Udala auzoa"},"geometry":{"type":"LineString","coordinates":[[-2.513,43.07764],[-2.51308,43.07754],[-2.51309,43.0775],[-2.51308,43.07744]]}},{"type":"Feature","properties":{"id":215185294,"highway":"track","nombre":"Udala auzoa"},"geometry":{"type":"LineString","coordinates":[[-2.51405,43.07981],[-2.514,43.0799],[-2.51394,43.08009],[-2.51392,43.08019],[-2.51394,43.08026],[-2.514,43.08029],[-2.51407,43.08031],[-2.51415,43.08033],[-2.5143,43.08032],[-2.51442,43.08032],[-2.5145,43.08033],[-2.51462,43.08038],[-2.51508,43.08064],[-2.51539,43.08085],[-2.51565,43.08106],[-2.51578,43.0812],[-2.51583,43.0813],[-2.51585,43.08138],[-2.51586,43.08149],[-2.51588,43.08159],[-2.51591,43.08167],[-2.51596,43.08172],[-2.51604,43.08178],[-2.51622,43.08187],[-2.51631,43.08193],[-2.5164,43.08202],[-2.51648,43.08211],[-2.51658,43.08222],[-2.5167,43.08234],[-2.51678,43.08239],[-2.51685,43.0824],[-2.51693,43.0824],[-2.517,43.0824],[-2.51708,43.08244],[-2.51735,43.08268],[-2.5175,43.08276],[-2.51758,43.08282],[-2.51766,43.08292],[-2.51773,43.08298],[-2.51776,43.08298],[-2.51781,43.08298],[-2.51783,43.08298],[-2.51796,43.08293],[-2.51799,43.08293],[-2.51801,43.08293],[-2.51805,43.08293],[-2.51809,43.08297],[-2.51816,43.08317],[-2.51825,43.0833],[-2.51837,43.08342],[-2.51881,43.08378],[-2.51904,43.08402],[-2.51924,43.08417],[-2.51953,43.08432],[-2.5198,43.08443],[-2.52007,43.0845],[-2.52024,43.08451]]}},{"type":"Feature","properties":{"id":215185295,"highway":"track"},"geometry":{"type":"LineString","coordinates":[[-2.51186,43.07772],[-2.51162,43.07764],[-2.51157,43.07762],[-2.51149,43.0776],[-2.51139,43.0776],[-2.51132,43.07761],[-2.51118,43.07765],[-2.51097,43.0777],[-2.51066,43.07775],[-2.51048,43.07775],[-2.51035,43.07775],[-2.51023,43.07775],[-2.51008,43.07775],[-2.50995,43.07776],[-2.50993,43.07776],[-2.50987,43.07777],[-2.50979,43.07779],[-2.50973,43.0778],[-2.50965,43.07781],[-2.5095,43.07781],[-2.50935,43.07781],[-2.50915,43.07781],[-2.50901,43.0778],[-2.5088,43.07775],[-2.5086,43.07771],[-2.50833,43.07763],[-2.50806,43.0775]]}},{"type":"Feature","properties":{"id":215185296,"highway":"service","nombre":"Udala auzoa"},"geometry":{"type":"LineString","coordinates":[[-2.51308,43.07744],[-2.51309,43.07742],[-2.51313,43.07738],[-2.51316,43.07734],[-2.51319,43.07732],[-2.51323,43.07731]]}},{"type":"Feature","properties":{"id":215185297,"highway":"service","nombre":"Udala auzoa"},"geometry":{"type":"LineString","coordinates":[[-2.51306,43.07783],[-2.51317,43.07781],[-2.51327,43.07778],[-2.51335,43.07777],[-2.51347,43.07774]]}},{"type":"Feature","properties":{"id":215185298,"highway":"track","nombre":"Udala auzoa"},"geometry":{"type":"LineString","coordinates":[[-2.51417,43.07947],[-2.51415,43.07952],[-2.51413,43.07959],[-2.5141,43.07966],[-2.51406,43.07977],[-2.51405,43.07981]]}},{"type":"Feature","properties":{"id":215185302,"highway":"track"},"geometry":{"type":"LineString","coordinates":[[-2.529,43.08709],[-2.52919,43.0871],[-2.52937,43.08709],[-2.5295,43.08708],[-2.52962,43.08711],[-2.52983,43.08718],[-2.5301,43.08734],[-2.53024,43.08746],[-2.53058,43.08772],[-2.53085,43.08797],[-2.53106,43.08821],[-2.53119,43.08839],[-2.53131,43.08857],[-2.53137,43.08872],[-2.53143,43.08884],[-2.53153,43.08897],[-2.53194,43.08952],[-2.53197,43.08957],[-2.53199,43.08963],[-2.53198,43.08969],[-2.53197,43.08984],[-2.53198,43.08991],[-2.53199,43.08996],[-2.53203,43.09],[-2.53212,43.09007],[-2.53222,43.09018],[-2.53233,43.0903],[-2.53245,43.09043],[-2.53256,43.09058],[-2.53264,43.09071],[-2.53267,43.09081],[-2.53268,43.09095],[-2.53265,43.09114],[-2.53263,43.09125],[-2.53258,43.09129],[-2.53248,43.09134],[-2.53236,43.09136],[-2.53229,43.09139],[-2.53223,43.09143],[-2.53222,43.09146],[-2.53222,43.09148],[-2.53224,43.09153],[-2.5323,43.0916],[-2.53241,43.09168],[-2.53247,43.09176],[-2.53249,43.09187],[-2.53248,43.09198],[-2.53246,43.09222],[-2.53247,43.09224],[-2.53247,43.09227],[-2.53251,43.09229],[-2.53261,43.09235],[-2.53269,43.09239],[-2.53283,43.09244],[-2.53298,43.0925],[-2.53304,43.09253],[-2.53312,43.0926],[-2.53324,43.09269],[-2.53353,43.09288],[-2.53365,43.09294],[-2.53369,43.09298],[-2.53372,43.093],[-2.53378,43.093],[-2.53383,43.09299],[-2.53393,43.09297],[-2.534,43.09297],[-2.53412,43.09296],[-2.53436,43.09297],[-2.53468,43.09295],[-2.53503,43.09292],[-2.5351,43.09291],[-2.53549,43.09295],[-2.53575,43.09296],[-2.53601,43.09297]]}},{"type":"Feature","properties":{"id":215185305,"highway":"track"},"geometry":{"type":"LineString","coordinates":[[-2.52409,43.06319],[-2.52409,43.06313],[-2.52407,43.06304],[-2.52405,43.06295],[-2.52401,43.06283],[-2.5239,43.06264],[-2.52384,43.06254],[-2.52377,43.06245],[-2.52372,43.06236],[-2.52365,43.06225],[-2.52358,43.06214],[-2.5235,43.06203],[-2.52343,43.06195],[-2.52336,43.06184],[-2.52332,43.06177],[-2.52327,43.06168],[-2.52322,43.06157],[-2.52319,43.06149],[-2.52317,43.06142],[-2.52317,43.06136],[-2.52317,43.06124]]}},{"type":"Feature","properties":{"id":215185310,"highway":"service","nombre":"Uribarri auzoa"},"geometry":{"type":"LineString","coordinates":[[-2.51007,43.06083],[-2.50983,43.06074],[-2.50972,43.0607],[-2.50967,43.06069],[-2.50963,43.06069],[-2.5096,43.06071],[-2.50957,43.06074],[-2.50956,43.06078],[-2.50961,43.06085],[-2.5097,43.06092],[-2.50999,43.06111],[-2.51007,43.06116]]}},{"type":"Feature","properties":{"id":215185311,"highway":"unclassified","nombre":"Uribarri auzoa"},"geometry":{"type":"LineString","coordinates":[[-2.50672,43.05988],[-2.50682,43.05987],[-2.50688,43.05988],[-2.50712,43.05996],[-2.50747,43.06008],[-2.50773,43.06019],[-2.50789,43.06026],[-2.50799,43.06032],[-2.50805,43.06035],[-2.50816,43.06042],[-2.5082,43.06045],[-2.50826,43.06049],[-2.50832,43.06053],[-2.50843,43.06062],[-2.5086,43.06076],[-2.50863,43.06079],[-2.50875,43.06089],[-2.50888,43.06101],[-2.50925,43.06134],[-2.51001,43.06203]]}},{"type":"Feature","properties":{"id":215185316,"highway":"track","nombre":"Uribarri auzoa"},"geometry":{"type":"LineString","coordinates":[[-2.50692,43.06557],[-2.5068,43.06549],[-2.50671,43.06544],[-2.50663,43.06538],[-2.50655,43.06532],[-2.50643,43.06525],[-2.50631,43.06516],[-2.50618,43.06506],[-2.50606,43.06498],[-2.50597,43.0649],[-2.50594,43.06488]]}},{"type":"Feature","properties":{"id":215185317,"highway":"unclassified","nombre":"Uribarri auzoa"},"geometry":{"type":"LineString","coordinates":[[-2.51925,43.05922],[-2.51928,43.05921],[-2.5194,43.05919],[-2.51961,43.05913],[-2.51967,43.05911],[-2.51977,43.05906],[-2.51984,43.05901],[-2.5199,43.05898],[-2.51999,43.05893],[-2.52012,43.05888],[-2.52044,43.05881],[-2.52057,43.05876],[-2.52063,43.05871],[-2.52068,43.05867],[-2.5207,43.05865]]}},{"type":"Feature","properties":{"id":215185318,"highway":"unclassified","nombre":"Uribarri auzoa"},"geometry":{"type":"LineString","coordinates":[[-2.50818,43.06797],[-2.50825,43.06801],[-2.50838,43.06813],[-2.50862,43.06825],[-2.50885,43.06844],[-2.50909,43.06863],[-2.50916,43.06871],[-2.50918,43.06879],[-2.50917,43.06887],[-2.50913,43.06894],[-2.50903,43.069],[-2.50878,43.06908],[-2.50868,43.06915]]}},{"type":"Feature","properties":{"id":215185322,"highway":"unclassified","nombre":"Uribarri auzoa"},"geometry":{"type":"LineString","coordinates":[[-2.51014,43.06203],[-2.51011,43.062],[-2.51007,43.06195],[-2.50997,43.06184],[-2.50979,43.06165],[-2.5095,43.06136],[-2.50932,43.06119],[-2.50927,43.06108]]}},{"type":"Feature","properties":{"id":215185324,"highway":"unclassified","nombre":"Uribarri auzoa"},"geometry":{"type":"LineString","coordinates":[[-2.51014,43.06203],[-2.5102,43.06208],[-2.51038,43.06221],[-2.51052,43.06231],[-2.51061,43.06235],[-2.51071,43.06237],[-2.51086,43.06242],[-2.51097,43.06246],[-2.51127,43.06252],[-2.51132,43.06252],[-2.51145,43.0625],[-2.5115,43.0625],[-2.51153,43.0625],[-2.51155,43.0625],[-2.51159,43.0625],[-2.51169,43.06251]]}},{"type":"Feature","properties":{"id":215185326,"highway":"track","nombre":"Uribarri auzoa"},"geometry":{"type":"LineString","coordinates":[[-2.50738,43.06424],[-2.5075,43.06434],[-2.50751,43.0644],[-2.5075,43.06444],[-2.50744,43.06449],[-2.50725,43.06459],[-2.50708,43.06464],[-2.50701,43.06464],[-2.50691,43.06464],[-2.5066,43.06461],[-2.50624,43.06459],[-2.50613,43.0646],[-2.50605,43.06463],[-2.50598,43.06467],[-2.50594,43.06473],[-2.50593,43.06481],[-2.50594,43.06488]]}},{"type":"Feature","properties":{"id":215185327,"highway":"track"},"geometry":{"type":"LineString","coordinates":[[-2.5139,43.06418],[-2.51392,43.06424],[-2.51395,43.0643],[-2.51398,43.06436],[-2.51402,43.06442],[-2.51406,43.06448],[-2.5141,43.06454],[-2.51417,43.06464],[-2.51433,43.06485],[-2.51442,43.06495],[-2.51449,43.06511],[-2.51527,43.0646],[-2.51541,43.06455],[-2.5156,43.06453],[-2.51591,43.06449],[-2.51604,43.06446],[-2.51607,43.06446],[-2.51613,43.06448],[-2.51618,43.06451],[-2.51629,43.06459],[-2.51642,43.06464],[-2.5167,43.0647],[-2.51684,43.06471],[-2.5172,43.06472],[-2.51746,43.0647],[-2.51766,43.06467],[-2.51794,43.06464],[-2.51812,43.0646],[-2.51824,43.06459],[-2.51849,43.06453],[-2.51868,43.0645],[-2.51891,43.06446],[-2.51893,43.06445],[-2.51896,43.06444],[-2.51899,43.06442],[-2.519,43.0644],[-2.51901,43.06438],[-2.51903,43.0643],[-2.51904,43.06414],[-2.51907,43.0638],[-2.5191,43.06367],[-2.51911,43.06347],[-2.51914,43.06334],[-2.51918,43.06317],[-2.51919,43.06315],[-2.51923,43.06308],[-2.51925,43.06307],[-2.51928,43.06307],[-2.5193,43.06309],[-2.51939,43.06327],[-2.51943,43.06334],[-2.51948,43.06337],[-2.5197,43.06345],[-2.51974,43.06348],[-2.51986,43.06354],[-2.52004,43.06359],[-2.52008,43.0636],[-2.52045,43.06361],[-2.52047,43.0636],[-2.52048,43.06358],[-2.52048,43.06356],[-2.52033,43.06342],[-2.52012,43.06326],[-2.52006,43.06319],[-2.52006,43.06318],[-2.52007,43.06317],[-2.52011,43.06317],[-2.52025,43.06317],[-2.52034,43.06315],[-2.52045,43.06309],[-2.52062,43.063],[-2.52066,43.06296],[-2.52073,43.06286],[-2.52078,43.06269],[-2.52077,43.06255],[-2.52076,43.06248],[-2.52075,43.06239],[-2.52075,43.06232],[-2.52079,43.06219],[-2.52084,43.06203],[-2.52089,43.06189],[-2.52094,43.06178],[-2.52098,43.06173],[-2.52102,43.06171],[-2.52112,43.06169],[-2.52115,43.06169],[-2.52119,43.06169],[-2.52131,43.06173],[-2.52135,43.06175],[-2.52149,43.06182],[-2.52157,43.06187],[-2.52162,43.06188],[-2.52166,43.0619],[-2.52171,43.06191],[-2.52175,43.06192],[-2.5218,43.06192],[-2.52184,43.06192],[-2.52189,43.0619],[-2.52193,43.06188],[-2.52197,43.06186],[-2.522,43.06184],[-2.52205,43.06178],[-2.52211,43.06172],[-2.52211,43.0619],[-2.52211,43.06194],[-2.5221,43.06201],[-2.52209,43.06204],[-2.52208,43.06207],[-2.52206,43.06208],[-2.52203,43.06209],[-2.52199,43.06211],[-2.52195,43.06212],[-2.52191,43.06213],[-2.52187,43.06215],[-2.52183,43.06217],[-2.52184,43.06219],[-2.52186,43.0622],[-2.52191,43.06222],[-2.52198,43.06224],[-2.52201,43.06225],[-2.52204,43.06227],[-2.52197,43.0623],[-2.5219,43.06234],[-2.52187,43.06236],[-2.52184,43.06238],[-2.52181,43.0624],[-2.52177,43.0624],[-2.52174,43.0624],[-2.5217,43.0624],[-2.52161,43.06238],[-2.52152,43.06235],[-2.52149,43.06234],[-2.52144,43.06233],[-2.5214,43.06235],[-2.52139,43.06237],[-2.5214,43.06241],[-2.52141,43.06244],[-2.52142,43.06247],[-2.52144,43.0625],[-2.52152,43.06259],[-2.52154,43.06262],[-2.5216,43.06267],[-2.52165,43.06269],[-2.52169,43.06271],[-2.52171,43.06272],[-2.52172,43.06275],[-2.52172,43.06279],[-2.5217,43.06293],[-2.52169,43.06299],[-2.52168,43.06301],[-2.52165,43.06305],[-2.52162,43.06308],[-2.52158,43.06312],[-2.52152,43.06319],[-2.52151,43.06322],[-2.52149,43.06325],[-2.52144,43.06334],[-2.52138,43.06345],[-2.52136,43.06352],[-2.52133,43.06363],[-2.52132,43.06367],[-2.52122,43.06378],[-2.52113,43.06387],[-2.52098,43.06405],[-2.52087,43.06417],[-2.52066,43.06436],[-2.52052,43.06449],[-2.52033,43.06466]]}},{"type":"Feature","properties":{"id":215185351,"highway":"track","nombre":"Uribarri auzoa"},"geometry":{"type":"LineString","coordinates":[[-2.49978,43.06912],[-2.49979,43.06917],[-2.49978,43.06924],[-2.49976,43.06928],[-2.49972,43.06932],[-2.49969,43.06935],[-2.49965,43.06939],[-2.49962,43.06945],[-2.4996,43.06951],[-2.49959,43.06957],[-2.4996,43.06963],[-2.49962,43.06969],[-2.49963,43.06975],[-2.49966,43.06981],[-2.49968,43.06986],[-2.49971,43.06992],[-2.49974,43.06997],[-2.49976,43.07003],[-2.49979,43.07009]]}},{"type":"Feature","properties":{"id":215185354,"highway":"unclassified","nombre":"Uribarri auzoa"},"geometry":{"type":"LineString","coordinates":[[-2.51164,43.06771],[-2.51163,43.06764],[-2.51162,43.0676],[-2.51161,43.06751],[-2.51156,43.06741],[-2.51152,43.06733],[-2.5115,43.06729],[-2.51142,43.06713],[-2.51137,43.06701],[-2.51122,43.06664],[-2.51114,43.06646],[-2.51111,43.06636]]}},{"type":"Feature","properties":{"id":215185355,"highway":"unclassified","nombre":"Uribarri auzoa"},"geometry":{"type":"LineString","coordinates":[[-2.50998,43.07202],[-2.51002,43.07202],[-2.51009,43.07202],[-2.51014,43.07201],[-2.51028,43.072],[-2.51035,43.07199],[-2.51042,43.07198],[-2.51053,43.07195],[-2.51063,43.07192],[-2.51083,43.07183],[-2.51093,43.0718],[-2.51101,43.07178],[-2.51118,43.07177],[-2.51147,43.07176],[-2.51154,43.07175],[-2.5116,43.07174],[-2.51164,43.07173],[-2.51167,43.07172],[-2.51176,43.07169],[-2.51186,43.07166]]}},{"type":"Feature","properties":{"id":215185358,"highway":"track","nombre":"Uribarri auzoa"},"geometry":{"type":"LineString","coordinates":[[-2.50113,43.06807],[-2.50113,43.06809],[-2.50113,43.06811],[-2.50112,43.06816],[-2.50109,43.06822],[-2.50105,43.06827],[-2.50101,43.06831],[-2.50096,43.06835],[-2.50092,43.06837],[-2.50088,43.06839],[-2.50084,43.06841],[-2.50079,43.06842],[-2.50067,43.06845],[-2.5005,43.06848],[-2.50036,43.06852],[-2.50024,43.06855],[-2.50016,43.06857],[-2.50009,43.0686],[-2.5,43.06864],[-2.49993,43.06869],[-2.49988,43.06874],[-2.49986,43.06879]]}},{"type":"Feature","properties":{"id":215185366,"highway":"track","nombre":"Uribarri auzoa"},"geometry":{"type":"LineString","coordinates":[[-2.49979,43.07009],[-2.49985,43.07007],[-2.4999,43.07005],[-2.49996,43.06999],[-2.50005,43.06984],[-2.50012,43.06975],[-2.50015,43.0697],[-2.50025,43.06959],[-2.50037,43.06951],[-2.50044,43.06948],[-2.50056,43.06944],[-2.50063,43.06944]]}},{"type":"Feature","properties":{"id":215185368,"highway":"unclassified","nombre":"Uribarri auzoa"},"geometry":{"type":"LineString","coordinates":[[-2.51004,43.06205],[-2.51008,43.06208],[-2.51012,43.06211],[-2.5102,43.06219],[-2.51025,43.06224],[-2.51032,43.0623],[-2.51063,43.06253],[-2.51087,43.06265],[-2.51154,43.06289],[-2.51205,43.06306],[-2.51211,43.0631],[-2.5124,43.06334],[-2.51303,43.0639],[-2.51319,43.06405],[-2.51348,43.06432],[-2.51415,43.06492],[-2.51424,43.06501],[-2.51427,43.06506],[-2.51426,43.06511],[-2.51419,43.06516],[-2.514,43.06528],[-2.5139,43.06534],[-2.51314,43.0658],[-2.51303,43.06587]]}},{"type":"Feature","properties":{"id":215185370,"highway":"track"},"geometry":{"type":"LineString","coordinates":[[-2.51169,43.06251],[-2.51174,43.06255],[-2.51177,43.06259],[-2.51184,43.06263],[-2.51189,43.06271],[-2.51199,43.06282],[-2.51211,43.06291],[-2.51228,43.06299],[-2.51242,43.06307],[-2.51248,43.06312],[-2.51251,43.06316],[-2.5126,43.06333],[-2.51268,43.06342],[-2.51288,43.06359],[-2.51305,43.06374],[-2.51318,43.06384],[-2.51338,43.06395],[-2.51352,43.06404],[-2.51369,43.06416],[-2.51377,43.06421],[-2.51381,43.06422],[-2.51386,43.06421],[-2.5139,43.06418]]}},{"type":"Feature","properties":{"id":215185372,"highway":"track","nombre":"Uribarri auzoa"},"geometry":{"type":"LineString","coordinates":[[-2.50692,43.06557],[-2.50701,43.06556],[-2.5071,43.06556],[-2.50723,43.06558],[-2.50734,43.0656],[-2.50738,43.0656],[-2.50741,43.0656],[-2.50744,43.0656],[-2.50748,43.0656],[-2.50752,43.0656],[-2.50757,43.06561],[-2.50764,43.06562],[-2.50771,43.06563],[-2.50776,43.06564],[-2.50782,43.06566],[-2.50791,43.06569],[-2.508,43.06573],[-2.50813,43.06578],[-2.50827,43.06583],[-2.50837,43.06587],[-2.50863,43.06597],[-2.50889,43.0661]]}},{"type":"Feature","properties":{"id":215185374,"highway":"unclassified","nombre":"Uribarri auzoa"},"geometry":{"type":"LineString","coordinates":[[-2.5232,43.05918],[-2.52315,43.05914],[-2.52307,43.05906],[-2.52281,43.05883],[-2.52249,43.05851],[-2.52234,43.0584],[-2.52218,43.05829],[-2.52204,43.05823],[-2.52191,43.05818],[-2.52177,43.05816],[-2.52154,43.05815],[-2.52129,43.05816],[-2.52121,43.05817],[-2.52117,43.05818],[-2.52108,43.0582],[-2.52103,43.05823],[-2.52096,43.05828],[-2.52091,43.05834],[-2.52084,43.05842],[-2.52077,43.05852],[-2.52073,43.05858],[-2.52071,43.05863],[-2.5207,43.05865]]}},{"type":"Feature","properties":{"id":215185375,"highway":"unclassified","nombre":"Uribarri auzoa"},"geometry":{"type":"LineString","coordinates":[[-2.50301,43.0602],[-2.50283,43.06025],[-2.50219,43.06037],[-2.50214,43.06039],[-2.50208,43.0604],[-2.50201,43.06041],[-2.50195,43.06043],[-2.50186,43.06046],[-2.5018,43.06047],[-2.50172,43.0605],[-2.50151,43.06056]]}},{"type":"Feature","properties":{"id":215185377,"highway":"unclassified","nombre":"Uribarri auzoa"},"geometry":{"type":"LineString","coordinates":[[-2.50868,43.06915],[-2.50844,43.06926],[-2.50831,43.06932],[-2.50818,43.06938],[-2.5081,43.06941],[-2.50791,43.06948],[-2.50761,43.06962],[-2.50759,43.06964],[-2.50756,43.06969],[-2.50758,43.06975],[-2.50791,43.06988],[-2.50798,43.06994],[-2.50798,43.06998],[-2.50794,43.07002],[-2.5079,43.07005],[-2.50784,43.07006],[-2.50777,43.07007],[-2.5077,43.07008]]}},{"type":"Feature","properties":{"id":215185378,"highway":"track","nombre":"Uribarri auzoa"},"geometry":{"type":"LineString","coordinates":[[-2.50352,43.06967],[-2.50353,43.06966],[-2.50354,43.06965],[-2.50357,43.06964],[-2.50361,43.06963],[-2.50368,43.06964],[-2.50384,43.06966],[-2.50405,43.06971],[-2.50416,43.06975],[-2.50422,43.06978],[-2.50426,43.06981],[-2.50429,43.06982],[-2.50432,43.06983],[-2.50434,43.06982],[-2.50435,43.06982],[-2.50436,43.06981],[-2.50436,43.06979],[-2.50434,43.06977],[-2.5043,43.06973],[-2.50424,43.06967],[-2.5042,43.06958],[-2.50415,43.06952],[-2.50407,43.06945],[-2.504,43.06939],[-2.50399,43.06936],[-2.50399,43.06933],[-2.50403,43.06928],[-2.5041,43.06921],[-2.50418,43.06915]]}},{"type":"Feature","properties":{"id":215185385,"highway":"service","nombre":"Uribarri auzoa"},"geometry":{"type":"LineString","coordinates":[[-2.50882,43.06407],[-2.50871,43.06415],[-2.50864,43.06421]]}},{"type":"Feature","properties":{"id":215185391,"highway":"unclassified","nombre":"Uribarri auzoa"},"geometry":{"type":"LineString","coordinates":[[-2.51766,43.07311],[-2.51757,43.07306],[-2.51742,43.07289],[-2.51727,43.07279],[-2.5171,43.07272],[-2.51692,43.07268],[-2.51677,43.07267],[-2.51626,43.07271],[-2.51615,43.07271],[-2.516,43.0727],[-2.51587,43.07265],[-2.51558,43.07256],[-2.51545,43.07254],[-2.51529,43.07254],[-2.51511,43.07252],[-2.515,43.07249],[-2.5149,43.07243],[-2.51477,43.07233],[-2.51466,43.07226],[-2.51436,43.0721],[-2.51419,43.07198],[-2.51374,43.07162],[-2.5135,43.07149],[-2.51324,43.0714],[-2.51302,43.07136],[-2.51277,43.07131],[-2.51264,43.0713],[-2.51261,43.07131],[-2.51259,43.07132],[-2.51246,43.07137],[-2.51193,43.07163],[-2.51186,43.07166]]}},{"type":"Feature","properties":{"id":215185392,"highway":"service"},"geometry":{"type":"LineString","coordinates":[[-2.50101,43.06807],[-2.50101,43.06806],[-2.50101,43.06805],[-2.50101,43.06804],[-2.50101,43.06803],[-2.50101,43.06801],[-2.50102,43.068],[-2.50102,43.06799],[-2.50103,43.06798],[-2.50103,43.06797],[-2.50104,43.06796],[-2.50106,43.06795],[-2.50107,43.06794],[-2.50108,43.06793],[-2.50109,43.06793],[-2.5011,43.06792],[-2.50112,43.06791],[-2.50113,43.06791],[-2.50125,43.06786],[-2.50136,43.06782],[-2.50146,43.06778],[-2.5016,43.06774],[-2.50167,43.06773],[-2.50172,43.06773],[-2.50177,43.06774],[-2.5019,43.06781],[-2.50204,43.06788],[-2.50213,43.06791],[-2.50224,43.06794],[-2.50231,43.06796],[-2.50236,43.068],[-2.50243,43.06807]]}},{"type":"Feature","properties":{"id":215185393,"highway":"unclassified","nombre":"Uribarri auzoa"},"geometry":{"type":"LineString","coordinates":[[-2.49969,43.06608],[-2.49968,43.06609],[-2.49967,43.06611],[-2.4997,43.06624],[-2.4997,43.06624],[-2.49971,43.0663],[-2.49971,43.06642],[-2.49972,43.06645],[-2.49974,43.06651],[-2.49976,43.06656],[-2.49977,43.06659],[-2.49978,43.06664],[-2.4998,43.06668],[-2.49981,43.06671],[-2.49983,43.06674],[-2.49986,43.06677],[-2.4999,43.0668],[-2.49997,43.06682],[-2.50003,43.06684],[-2.50012,43.06686],[-2.50019,43.06687],[-2.50026,43.06687],[-2.50035,43.06687],[-2.50046,43.06686],[-2.50056,43.06686],[-2.50063,43.06688],[-2.50071,43.06692],[-2.5008,43.06697],[-2.50095,43.06704],[-2.50105,43.0671],[-2.50111,43.06714],[-2.50115,43.06717],[-2.50117,43.06718],[-2.50121,43.06721]]}},{"type":"Feature","properties":{"id":215185394,"highway":"unclassified","nombre":"Uribarri auzoa"},"geometry":{"type":"LineString","coordinates":[[-2.50998,43.07202],[-2.50991,43.07202],[-2.50983,43.07202],[-2.50982,43.07202],[-2.50972,43.07203],[-2.50952,43.07205],[-2.50944,43.07206],[-2.50935,43.07207],[-2.50927,43.07207],[-2.50918,43.07208],[-2.50915,43.07208],[-2.50912,43.07209],[-2.50908,43.07209],[-2.50905,43.07209],[-2.50902,43.07209],[-2.50899,43.07209],[-2.50895,43.07209],[-2.50892,43.07209],[-2.50889,43.07208],[-2.50886,43.07208],[-2.50883,43.07207],[-2.5088,43.07207],[-2.50876,43.07206],[-2.5087,43.07205],[-2.50864,43.07204],[-2.50858,43.07203],[-2.50852,43.07202],[-2.50845,43.072],[-2.50839,43.07199],[-2.50833,43.07197],[-2.50804,43.07191],[-2.50791,43.07187],[-2.50781,43.07183],[-2.5077,43.07177],[-2.50766,43.07175],[-2.5076,43.07174],[-2.50756,43.07172],[-2.50752,43.07172]]}},{"type":"Feature","properties":{"id":215185395,"highway":"track","nombre":"Uribarri auzoa"},"geometry":{"type":"LineString","coordinates":[[-2.49838,43.06739],[-2.49842,43.06742],[-2.49846,43.06746],[-2.4985,43.06749],[-2.49853,43.06754],[-2.49856,43.0676],[-2.49858,43.06769],[-2.4986,43.06777],[-2.49863,43.06788],[-2.49864,43.06797],[-2.49864,43.06805],[-2.49871,43.0682],[-2.49875,43.06829],[-2.49878,43.06839],[-2.49881,43.06844],[-2.49885,43.06848],[-2.49891,43.06857],[-2.49893,43.0686],[-2.49896,43.06865],[-2.499,43.0687],[-2.4991,43.06876],[-2.49916,43.0688],[-2.49922,43.06884],[-2.49928,43.06887],[-2.49931,43.0689],[-2.49936,43.06893],[-2.49941,43.06895],[-2.49948,43.06895],[-2.49952,43.06898],[-2.49956,43.06901],[-2.49959,43.06905],[-2.49963,43.06909],[-2.49967,43.06912],[-2.4997,43.06913],[-2.49974,43.06914],[-2.49978,43.06912]]}},{"type":"Feature","properties":{"id":215185399,"highway":"track","nombre":"Uribarri auzoa"},"geometry":{"type":"LineString","coordinates":[[-2.49986,43.06879],[-2.49984,43.06881],[-2.4998,43.06891],[-2.49978,43.06912]]}},{"type":"Feature","properties":{"id":215185403,"highway":"service","nombre":"Uribarri auzoa"},"geometry":{"type":"LineString","coordinates":[[-2.50842,43.06372],[-2.50832,43.0638],[-2.50827,43.06386]]}},{"type":"Feature","properties":{"id":215185406,"highway":"track"},"geometry":{"type":"LineString","coordinates":[[-2.52611,43.06349],[-2.52606,43.0635],[-2.52581,43.06352],[-2.52575,43.06352],[-2.52572,43.06352],[-2.52552,43.06352],[-2.52548,43.06352],[-2.5254,43.06352],[-2.52534,43.06352],[-2.52526,43.06353],[-2.5252,43.06353],[-2.52515,43.06354],[-2.52501,43.06357],[-2.52496,43.06357],[-2.52493,43.06357],[-2.5249,43.06356],[-2.52487,43.06356],[-2.52485,43.06355],[-2.52482,43.06354],[-2.52478,43.06352],[-2.52472,43.06349],[-2.52469,43.06346],[-2.52464,43.06342],[-2.52462,43.06339],[-2.5246,43.06337],[-2.52447,43.06322],[-2.52444,43.06321],[-2.5244,43.0632],[-2.52437,43.06319],[-2.52431,43.06318],[-2.52422,43.06318],[-2.52413,43.06318],[-2.52409,43.06319]]}},{"type":"Feature","properties":{"id":215185407,"highway":"path","nombre":"Uribarri auzoa"},"geometry":{"type":"LineString","coordinates":[[-2.49986,43.06879],[-2.49994,43.0688],[-2.50016,43.06882],[-2.5002,43.06883],[-2.50025,43.06883],[-2.50029,43.06884],[-2.50033,43.06885],[-2.50038,43.06886],[-2.50042,43.06887],[-2.50046,43.06888],[-2.5005,43.06889],[-2.50053,43.0689],[-2.50057,43.06891],[-2.50061,43.06892],[-2.50065,43.06893],[-2.50069,43.06894],[-2.50073,43.06894],[-2.50077,43.06895],[-2.50081,43.06896],[-2.50085,43.06897],[-2.50088,43.06898],[-2.50092,43.069],[-2.50095,43.06901],[-2.50099,43.06902],[-2.50102,43.06904],[-2.50105,43.06905],[-2.50108,43.06907],[-2.50111,43.06909],[-2.50115,43.06913],[-2.5012,43.06916],[-2.50122,43.06921],[-2.50124,43.06926],[-2.50125,43.06929],[-2.50125,43.06933],[-2.50123,43.06941],[-2.50119,43.06947],[-2.50113,43.06951],[-2.5011,43.06956],[-2.50107,43.06958],[-2.50105,43.06961],[-2.50105,43.06965],[-2.50105,43.06969],[-2.50106,43.06973],[-2.50107,43.06976],[-2.50108,43.0698],[-2.50109,43.06984],[-2.50104,43.06986]]}},{"type":"Feature","properties":{"id":215185411,"highway":"unclassified","nombre":"Uribarri auzoa"},"geometry":{"type":"LineString","coordinates":[[-2.51001,43.06203],[-2.51004,43.06205]]}},{"type":"Feature","properties":{"id":215185413,"highway":"unclassified","nombre":"Uribarri auzoa"},"geometry":{"type":"LineString","coordinates":[[-2.51766,43.07311],[-2.51774,43.0732],[-2.51782,43.07326],[-2.5179,43.07333],[-2.51796,43.07336]]}},{"type":"Feature","properties":{"id":215185414,"highway":"residential","nombre":"Isasi kalea"},"geometry":{"type":"LineString","coordinates":[[-2.50692,43.06557],[-2.50691,43.06558],[-2.50692,43.06565],[-2.50699,43.06576],[-2.50724,43.06602],[-2.50732,43.06614],[-2.50742,43.06632],[-2.50754,43.06661],[-2.50763,43.06686],[-2.50773,43.06712],[-2.50779,43.06726],[-2.50784,43.06736],[-2.50797,43.06765],[-2.50803,43.06778],[-2.50812,43.06788]]}},{"type":"Feature","properties":{"id":215185415,"highway":"unclassified","nombre":"Uribarri auzoa"},"geometry":{"type":"LineString","coordinates":[[-2.50854,43.061],[-2.50835,43.06111],[-2.50828,43.06115],[-2.508,43.06133],[-2.50794,43.06136]]}},{"type":"Feature","properties":{"id":215185418,"highway":"unclassified","nombre":"Uribarri auzoa"},"geometry":{"type":"LineString","coordinates":[[-2.5129,43.06596],[-2.51288,43.06598],[-2.51283,43.06603],[-2.51279,43.0661],[-2.51271,43.06621],[-2.51271,43.06622],[-2.51264,43.06633],[-2.51262,43.06636]]}},{"type":"Feature","properties":{"id":215185419,"highway":"track","nombre":"Uribarri auzoa","superficie":"concrete"},"geometry":{"type":"LineString","coordinates":[[-2.51015,43.05824],[-2.51001,43.05825],[-2.50992,43.05827],[-2.50989,43.05827],[-2.50982,43.05829],[-2.50973,43.05831],[-2.50965,43.05834],[-2.50957,43.05836],[-2.50951,43.05838],[-2.5094,43.05844],[-2.50933,43.05847],[-2.50931,43.05848],[-2.50932,43.05853],[-2.50933,43.05857],[-2.50934,43.0586],[-2.50935,43.05862],[-2.50937,43.05865],[-2.50938,43.05867],[-2.5094,43.0587],[-2.50943,43.05873],[-2.50945,43.05877],[-2.50946,43.05878],[-2.50947,43.05879],[-2.50948,43.0588],[-2.50948,43.05881],[-2.50949,43.05883],[-2.50949,43.05884],[-2.50949,43.05885],[-2.50949,43.05886],[-2.5095,43.05888],[-2.5095,43.05896],[-2.50948,43.05908],[-2.50945,43.0592],[-2.50944,43.05929],[-2.50941,43.05941],[-2.50939,43.0595],[-2.50937,43.05959],[-2.50934,43.05969],[-2.50931,43.05979],[-2.50929,43.05986],[-2.50927,43.05989],[-2.50923,43.05993],[-2.50919,43.05994],[-2.50911,43.05997],[-2.50901,43.06001],[-2.50894,43.06004],[-2.50888,43.06007],[-2.50881,43.0601],[-2.50867,43.06019],[-2.50852,43.06032],[-2.50845,43.06039],[-2.50842,43.06043],[-2.50841,43.06048],[-2.50841,43.06053],[-2.50841,43.06055],[-2.50843,43.06062]]}},{"type":"Feature","properties":{"id":215185420,"highway":"track","nombre":"Uribarri auzoa"},"geometry":{"type":"LineString","coordinates":[[-2.50868,43.06915],[-2.5087,43.06917],[-2.50873,43.0692],[-2.50877,43.06923],[-2.50881,43.06927],[-2.50884,43.06929],[-2.50888,43.06932],[-2.50893,43.06934],[-2.50897,43.06937],[-2.50899,43.06938],[-2.509,43.06939],[-2.50902,43.0694],[-2.50903,43.06942],[-2.50905,43.06943],[-2.50906,43.06944],[-2.50907,43.06945],[-2.50911,43.0695],[-2.50915,43.06957],[-2.50921,43.06967],[-2.50922,43.0697],[-2.50925,43.06973],[-2.50927,43.06976],[-2.50928,43.06977],[-2.50928,43.06978],[-2.50929,43.06979],[-2.50929,43.06981],[-2.50929,43.06982],[-2.50929,43.06983],[-2.50932,43.07012],[-2.50932,43.07016],[-2.50932,43.07019],[-2.50931,43.0702],[-2.50931,43.07021],[-2.5093,43.07023],[-2.50929,43.07024],[-2.50928,43.07025],[-2.50927,43.07027],[-2.50926,43.07028],[-2.50925,43.07029],[-2.50924,43.0703],[-2.50923,43.07032],[-2.50921,43.07033],[-2.5092,43.07034],[-2.50919,43.07036],[-2.50918,43.07037],[-2.50918,43.07039],[-2.50917,43.0704],[-2.50916,43.07042],[-2.50915,43.07044],[-2.50915,43.07046],[-2.50914,43.07048],[-2.50914,43.0705],[-2.50914,43.07052],[-2.50914,43.07054],[-2.50914,43.07056]]}},{"type":"Feature","properties":{"id":215185422,"highway":"track","nombre":"Uribarri auzoa"},"geometry":{"type":"LineString","coordinates":[[-2.50225,43.06353],[-2.50225,43.06353],[-2.50224,43.06354],[-2.50224,43.06354],[-2.50223,43.06355],[-2.50222,43.06355],[-2.50221,43.06356],[-2.5022,43.06356],[-2.50219,43.06357],[-2.50218,43.06357],[-2.50209,43.0636],[-2.50205,43.06361],[-2.50203,43.06363],[-2.50201,43.06366],[-2.50198,43.06369],[-2.50193,43.06372],[-2.50189,43.06376],[-2.50186,43.06379],[-2.50185,43.06383],[-2.50185,43.06386],[-2.50185,43.06389],[-2.50186,43.06393],[-2.50187,43.06396],[-2.50188,43.06398],[-2.50189,43.06399],[-2.5019,43.06402],[-2.50191,43.06404],[-2.50191,43.06407],[-2.50191,43.06411],[-2.50192,43.06413],[-2.50193,43.06417],[-2.50193,43.06422],[-2.50193,43.0643],[-2.50193,43.06435],[-2.50192,43.06439],[-2.5019,43.06443],[-2.50188,43.06446],[-2.50186,43.06447],[-2.50181,43.0645],[-2.50177,43.06453],[-2.50174,43.06456],[-2.50172,43.06458],[-2.50162,43.06472],[-2.50162,43.06473],[-2.50161,43.06474],[-2.5016,43.06475],[-2.5016,43.06477],[-2.50159,43.06478],[-2.50159,43.06479],[-2.50159,43.0648],[-2.50158,43.06482],[-2.50158,43.06483],[-2.50158,43.06484],[-2.50158,43.06486],[-2.50159,43.06487],[-2.50159,43.06494],[-2.50161,43.06504],[-2.50163,43.06512],[-2.50165,43.0652],[-2.50167,43.06526],[-2.50168,43.06529],[-2.50169,43.06532],[-2.50171,43.06535],[-2.5017,43.06536],[-2.50169,43.06539]]}},{"type":"Feature","properties":{"id":215185423,"highway":"unclassified","nombre":"Uribarri auzoa"},"geometry":{"type":"LineString","coordinates":[[-2.50351,43.06003],[-2.50333,43.0601],[-2.50311,43.06016],[-2.50301,43.0602]]}},{"type":"Feature","properties":{"id":215185428,"highway":"service"},"geometry":{"type":"LineString","coordinates":[[-2.50591,43.06449],[-2.50586,43.06441],[-2.50585,43.06435],[-2.50585,43.0643],[-2.50585,43.06424],[-2.50583,43.06418],[-2.50582,43.06417],[-2.50575,43.06413],[-2.50562,43.06411],[-2.50564,43.06408],[-2.50572,43.0639],[-2.50575,43.06382],[-2.50579,43.06378],[-2.50583,43.06371],[-2.50588,43.06365],[-2.50589,43.06362],[-2.50591,43.06361]]}},{"type":"Feature","properties":{"id":215185430,"highway":"track","nombre":"Uribarri auzoa"},"geometry":{"type":"LineString","coordinates":[[-2.51925,43.05922],[-2.51915,43.05927],[-2.519,43.05934],[-2.51888,43.0594],[-2.51886,43.05941],[-2.51883,43.05941],[-2.5188,43.05942],[-2.51876,43.05942],[-2.51874,43.05942],[-2.51871,43.05942],[-2.51868,43.05941],[-2.51865,43.0594],[-2.51863,43.05938],[-2.51861,43.05935],[-2.5186,43.05932],[-2.5186,43.05922],[-2.51861,43.05914],[-2.51864,43.05901],[-2.51867,43.05888],[-2.51868,43.05881],[-2.51868,43.05872],[-2.51867,43.05863],[-2.51866,43.05853],[-2.51862,43.05842],[-2.51855,43.05837],[-2.5185,43.05832],[-2.51838,43.05828],[-2.51821,43.05823],[-2.51789,43.05815],[-2.5175,43.05803],[-2.51721,43.05795],[-2.51677,43.05784],[-2.51653,43.0578],[-2.51617,43.05774],[-2.51578,43.05764],[-2.51531,43.05755],[-2.51491,43.05745],[-2.51465,43.05739],[-2.51439,43.05738],[-2.51406,43.05741],[-2.51369,43.05752],[-2.5135,43.05759],[-2.51323,43.05773],[-2.51298,43.05795],[-2.51251,43.05818],[-2.51206,43.05841],[-2.51189,43.05851],[-2.51173,43.05859],[-2.51157,43.05866],[-2.51145,43.0587],[-2.51132,43.05875],[-2.5107,43.05896],[-2.51035,43.05909],[-2.51023,43.05907],[-2.51018,43.05901],[-2.5102,43.05895],[-2.5102,43.05889],[-2.51026,43.0588],[-2.51032,43.05872],[-2.51037,43.05867],[-2.51049,43.05856],[-2.51057,43.05849],[-2.51058,43.05847],[-2.51058,43.05844],[-2.51056,43.05839],[-2.51051,43.05835],[-2.51047,43.05832],[-2.51039,43.05827],[-2.51035,43.05825],[-2.51028,43.05824],[-2.51023,43.05824],[-2.51015,43.05824]]}},{"type":"Feature","properties":{"id":215185432,"highway":"service","nombre":"Uribarri auzoa"},"geometry":{"type":"LineString","coordinates":[[-2.51007,43.06083],[-2.5106,43.06104],[-2.51073,43.06109],[-2.51079,43.0611],[-2.51082,43.0611],[-2.51088,43.06107],[-2.5109,43.06103],[-2.5109,43.061]]}},{"type":"Feature","properties":{"id":215185434,"highway":"service","nombre":"Uribarri auzoa"},"geometry":{"type":"LineString","coordinates":[[-2.51186,43.07166],[-2.5119,43.07166],[-2.51195,43.07166],[-2.51209,43.07165],[-2.51215,43.07164],[-2.51221,43.07165],[-2.51228,43.07166],[-2.51237,43.07169],[-2.5125,43.07173]]}},{"type":"Feature","properties":{"id":215185435,"highway":"track","nombre":"Uribarri auzoa"},"geometry":{"type":"LineString","coordinates":[[-2.49979,43.07009],[-2.49981,43.07012],[-2.49982,43.07017],[-2.49983,43.07023],[-2.49984,43.0703],[-2.49984,43.07036],[-2.49985,43.07042],[-2.49985,43.07045],[-2.49985,43.07049],[-2.4999,43.07062],[-2.49999,43.07078],[-2.50023,43.07105],[-2.50035,43.0712],[-2.5005,43.07131],[-2.50066,43.07144],[-2.5008,43.07165],[-2.50102,43.07192],[-2.50114,43.07206],[-2.50127,43.07214],[-2.50146,43.0722],[-2.50179,43.0723],[-2.502,43.07237],[-2.50206,43.07246],[-2.50211,43.0727],[-2.50222,43.07297],[-2.50225,43.07316],[-2.50226,43.07328],[-2.50243,43.07347],[-2.50253,43.07362],[-2.50261,43.07423],[-2.50273,43.07449],[-2.50287,43.07467],[-2.50334,43.07498],[-2.50363,43.07518],[-2.50379,43.07537],[-2.50412,43.07577],[-2.50435,43.07594],[-2.50495,43.07654],[-2.50572,43.07706]]}},{"type":"Feature","properties":{"id":215185437,"highway":"service","nombre":"Uribarri auzoa"},"geometry":{"type":"LineString","coordinates":[[-2.51007,43.06116],[-2.51011,43.06119],[-2.51015,43.06121],[-2.51017,43.06126],[-2.51017,43.06129],[-2.51014,43.06132],[-2.51008,43.06133],[-2.51006,43.06133],[-2.51006,43.06133]]}},{"type":"Feature","properties":{"id":215185440,"highway":"track","nombre":"Uribarri auzoa"},"geometry":{"type":"LineString","coordinates":[[-2.50104,43.06986],[-2.50112,43.06997],[-2.50117,43.07004],[-2.50121,43.07008],[-2.50131,43.0702],[-2.50142,43.07033],[-2.50145,43.07036],[-2.50148,43.0704],[-2.50151,43.07044],[-2.50155,43.07048],[-2.50158,43.07052],[-2.50162,43.07056],[-2.50167,43.07061],[-2.50179,43.07073],[-2.50183,43.07075],[-2.5019,43.07079],[-2.50198,43.07082],[-2.50222,43.07085],[-2.50236,43.07086],[-2.50253,43.07089],[-2.50268,43.07089],[-2.5028,43.07088],[-2.50291,43.07088],[-2.50295,43.07091],[-2.50303,43.07097],[-2.50314,43.07107],[-2.5034,43.07129],[-2.50367,43.07153],[-2.50373,43.07161],[-2.50373,43.07167],[-2.50373,43.0717],[-2.50372,43.07177],[-2.50369,43.07185],[-2.50363,43.07198],[-2.50359,43.07209],[-2.50357,43.0722],[-2.50357,43.07227],[-2.50353,43.07237],[-2.50352,43.07242],[-2.50353,43.07244],[-2.50355,43.0725],[-2.50356,43.07255],[-2.50356,43.07264],[-2.50355,43.07278],[-2.50355,43.07282],[-2.50357,43.07285],[-2.5036,43.07286],[-2.50364,43.07286],[-2.50372,43.07285],[-2.5038,43.07282],[-2.50389,43.07275],[-2.50397,43.07271],[-2.50402,43.07268],[-2.50409,43.07264],[-2.50416,43.07262],[-2.50421,43.07262],[-2.50421,43.07262],[-2.50424,43.07262],[-2.50429,43.07263],[-2.50434,43.07265],[-2.5044,43.07267],[-2.50446,43.0727],[-2.5045,43.07273],[-2.50458,43.07278],[-2.50466,43.07282],[-2.50474,43.07284],[-2.50483,43.07287],[-2.50489,43.07288],[-2.50497,43.0729],[-2.50503,43.07291],[-2.5051,43.07293],[-2.50519,43.07294],[-2.50534,43.07298],[-2.50549,43.073],[-2.50559,43.07302],[-2.5057,43.07305],[-2.5058,43.07308],[-2.50588,43.07312],[-2.50592,43.07313],[-2.50597,43.07315],[-2.50601,43.07317]]}},{"type":"Feature","properties":{"id":215185441,"highway":"unclassified","nombre":"Zalduspe kalea"},"geometry":{"type":"LineString","coordinates":[[-2.47448,43.05679],[-2.47439,43.05666],[-2.47433,43.05658],[-2.47432,43.05657],[-2.47423,43.05644],[-2.47422,43.05643],[-2.47421,43.05643],[-2.4742,43.05642],[-2.4742,43.05642],[-2.47419,43.05641],[-2.47418,43.0564],[-2.47416,43.0564],[-2.47415,43.0564],[-2.47414,43.05639],[-2.47413,43.05639],[-2.47412,43.05639],[-2.4741,43.05639],[-2.47409,43.05639],[-2.47407,43.05639],[-2.47405,43.0564],[-2.47404,43.0564],[-2.47402,43.05641],[-2.47401,43.05641],[-2.47399,43.05642],[-2.47398,43.05642],[-2.47396,43.05643],[-2.47395,43.05644],[-2.47394,43.05645],[-2.47392,43.05645],[-2.47391,43.05646],[-2.4739,43.05647],[-2.47386,43.05651],[-2.47383,43.05656],[-2.47381,43.05659],[-2.4736,43.05692],[-2.47352,43.05706],[-2.47349,43.05711],[-2.47345,43.0572],[-2.47342,43.05725],[-2.47341,43.05732],[-2.4734,43.05736],[-2.47343,43.05753],[-2.47345,43.05763],[-2.47346,43.05769],[-2.47349,43.05774],[-2.47351,43.05779],[-2.47353,43.05783],[-2.47358,43.0579],[-2.47364,43.058],[-2.47372,43.0581],[-2.47376,43.05816],[-2.47382,43.05823],[-2.47386,43.05828],[-2.47393,43.05835],[-2.47399,43.05842],[-2.474,43.05843],[-2.47401,43.05844],[-2.47402,43.05845],[-2.47402,43.05847],[-2.47403,43.05848],[-2.47403,43.05849],[-2.47403,43.0585],[-2.47404,43.05852],[-2.47404,43.05857],[-2.47403,43.05862],[-2.47403,43.05867],[-2.47403,43.05868],[-2.47403,43.05868],[-2.47402,43.05869],[-2.47401,43.0587],[-2.47401,43.05871],[-2.474,43.05872],[-2.47399,43.05873],[-2.47398,43.05873],[-2.47397,43.05874],[-2.47396,43.05874],[-2.47395,43.05875],[-2.47394,43.05875],[-2.47392,43.05876],[-2.4739,43.05876],[-2.47388,43.05876],[-2.47386,43.05876],[-2.47384,43.05876],[-2.47382,43.05876],[-2.47379,43.05876],[-2.47377,43.05876],[-2.47375,43.05875],[-2.47373,43.05875],[-2.47371,43.05874],[-2.4736,43.05872],[-2.47339,43.05866],[-2.47322,43.05861],[-2.47308,43.05857],[-2.47303,43.05856],[-2.47292,43.05853],[-2.4729,43.05852],[-2.47289,43.05852],[-2.47287,43.05851],[-2.47286,43.05851],[-2.47284,43.05851],[-2.47282,43.05851],[-2.47281,43.05851],[-2.47279,43.05851],[-2.47278,43.05851],[-2.47276,43.05851],[-2.47274,43.05852],[-2.47273,43.05852],[-2.47259,43.05859],[-2.47239,43.05871],[-2.4723,43.05877],[-2.47222,43.05883],[-2.47217,43.05887],[-2.47209,43.05898],[-2.47206,43.05903]]}},{"type":"Feature","properties":{"id":215185443,"highway":"unclassified","nombre":"Zalduspe kalea","superficie":"asphalt"},"geometry":{"type":"LineString","coordinates":[[-2.47855,43.06124],[-2.47846,43.06117],[-2.47837,43.06117],[-2.4783,43.0612],[-2.47822,43.06122],[-2.47812,43.06127],[-2.47804,43.0613],[-2.47794,43.0613],[-2.47788,43.06127],[-2.47786,43.06125],[-2.47779,43.06123],[-2.47764,43.06122],[-2.47753,43.06122],[-2.47742,43.06122],[-2.47732,43.06124],[-2.47723,43.06127],[-2.47717,43.0613],[-2.47713,43.06132],[-2.47706,43.06138],[-2.47698,43.06145],[-2.4769,43.06153],[-2.47685,43.06159],[-2.4768,43.06163],[-2.47679,43.06163],[-2.47676,43.06164],[-2.47667,43.06166],[-2.4766,43.06166],[-2.47648,43.06166]]}},{"type":"Feature","properties":{"id":215185444,"highway":"residential","nombre":"Zalduspe kalea"},"geometry":{"type":"LineString","coordinates":[[-2.48308,43.06159],[-2.48309,43.06174],[-2.48309,43.06182],[-2.48309,43.06185],[-2.48307,43.06189],[-2.48304,43.06192],[-2.48301,43.06195],[-2.48295,43.06198],[-2.48287,43.06199],[-2.48272,43.06196],[-2.48259,43.06196],[-2.48239,43.06199],[-2.48228,43.06202],[-2.482,43.06214]]}},{"type":"Feature","properties":{"id":215185445,"highway":"residential","nombre":"Zalduspe kalea","superficie":"asphalt"},"geometry":{"type":"LineString","coordinates":[[-2.48229,43.06243],[-2.48229,43.0624],[-2.48227,43.06237],[-2.48217,43.0623],[-2.48204,43.06218],[-2.482,43.06214],[-2.48194,43.0621],[-2.48177,43.06203],[-2.48171,43.062],[-2.48168,43.06198],[-2.48165,43.06197],[-2.48162,43.06194],[-2.4816,43.06191],[-2.48156,43.06187],[-2.48151,43.06184],[-2.48145,43.06182],[-2.4814,43.0618],[-2.48134,43.06178],[-2.48131,43.06177],[-2.4813,43.06173],[-2.48128,43.06167],[-2.48126,43.06164],[-2.48117,43.06152]]}},{"type":"Feature","properties":{"id":215185446,"highway":"unclassified","nombre":"Zalduspe kalea","tunel":"yes"},"geometry":{"type":"LineString","coordinates":[[-2.48107,43.06139],[-2.48112,43.06145],[-2.48117,43.06152]]}},{"type":"Feature","properties":{"id":215185447,"highway":"unclassified","nombre":"Zalduspe kalea"},"geometry":{"type":"LineString","coordinates":[[-2.47989,43.06172],[-2.47993,43.06171],[-2.48004,43.06166],[-2.4801,43.06161],[-2.48017,43.06156],[-2.48022,43.06152],[-2.48026,43.06147],[-2.4803,43.06142],[-2.48033,43.06136],[-2.48037,43.06129],[-2.4804,43.06121],[-2.48042,43.06112],[-2.48043,43.06107],[-2.48044,43.06101],[-2.48045,43.06099],[-2.48046,43.06096],[-2.48047,43.06091],[-2.48047,43.0609],[-2.48047,43.06089],[-2.48048,43.06088],[-2.48048,43.06088],[-2.48049,43.06087],[-2.48049,43.06086],[-2.4805,43.06085],[-2.48051,43.06085],[-2.48052,43.06084],[-2.48053,43.06084],[-2.48054,43.06083],[-2.48055,43.06083],[-2.48056,43.06083],[-2.48057,43.06083],[-2.48058,43.06083],[-2.48059,43.06083],[-2.4806,43.06083],[-2.48061,43.06083],[-2.48061,43.06083],[-2.48062,43.06084],[-2.48063,43.06084]]}},{"type":"Feature","properties":{"id":215185448,"highway":"unclassified","nombre":"Zalduspe kalea","superficie":"dirt"},"geometry":{"type":"LineString","coordinates":[[-2.47235,43.05947],[-2.47239,43.05949],[-2.47249,43.05953],[-2.47259,43.05957],[-2.47266,43.0596],[-2.47273,43.05962],[-2.47285,43.05965],[-2.47301,43.05969],[-2.47319,43.05973],[-2.47337,43.05977],[-2.47353,43.05981],[-2.47363,43.05983],[-2.47371,43.05985],[-2.47378,43.05988],[-2.47387,43.05992],[-2.47396,43.05995],[-2.47403,43.05997],[-2.47409,43.05998],[-2.47415,43.05999],[-2.47422,43.05999],[-2.47431,43.05997],[-2.47438,43.05997],[-2.47486,43.05986],[-2.47496,43.05984],[-2.47502,43.05983],[-2.47508,43.05984],[-2.47512,43.05986],[-2.47516,43.05989],[-2.47519,43.05994],[-2.4752,43.06001],[-2.4752,43.06011],[-2.4752,43.06023],[-2.47521,43.06029],[-2.47522,43.06038],[-2.47525,43.06048],[-2.47528,43.06055],[-2.47533,43.06061],[-2.47539,43.06068],[-2.47543,43.06072],[-2.47548,43.06076],[-2.47554,43.06081],[-2.47561,43.06085],[-2.47567,43.06089],[-2.47572,43.06093],[-2.47576,43.06097],[-2.47579,43.06102],[-2.47585,43.06112],[-2.47588,43.06118],[-2.47593,43.06124],[-2.47598,43.06131],[-2.47602,43.06137],[-2.47604,43.0614],[-2.47609,43.06146],[-2.47613,43.0615],[-2.47614,43.06152],[-2.47619,43.06156],[-2.47625,43.06159],[-2.47633,43.06161],[-2.4764,43.06163],[-2.47648,43.06166]]}},{"type":"Feature","properties":{"id":215186208,"highway":"track","nombre":"Bedoña auzoa"},"geometry":{"type":"LineString","coordinates":[[-2.46504,43.06093],[-2.46505,43.0609],[-2.46507,43.06088],[-2.46529,43.0607],[-2.46563,43.06046],[-2.4659,43.06023],[-2.46595,43.0602],[-2.466,43.06019]]}},{"type":"Feature","properties":{"id":215186213,"highway":"track","nombre":"Bedoña auzoa"},"geometry":{"type":"MultiLineString","coordinates":[[[-2.46298,43.06248],[-2.46268,43.06278],[-2.46243,43.06309],[-2.46217,43.06339],[-2.46179,43.06371],[-2.46141,43.06388],[-2.46104,43.064],[-2.46057,43.06415],[-2.46016,43.06427],[-2.45999,43.06436],[-2.45976,43.06462],[-2.45966,43.06476],[-2.45949,43.06501],[-2.45928,43.06521]],[[-2.45685,43.07032],[-2.45682,43.07043],[-2.45681,43.07047],[-2.45679,43.07054],[-2.45678,43.0706],[-2.45665,43.07118],[-2.45663,43.07128],[-2.45658,43.07137],[-2.45638,43.07156],[-2.45634,43.07161]],[[-2.45576,43.07231],[-2.45568,43.07241],[-2.45551,43.07261],[-2.45534,43.07282],[-2.45519,43.07296],[-2.45487,43.0731],[-2.45469,43.07318],[-2.4544,43.0733],[-2.4543,43.07334],[-2.45425,43.07336],[-2.45424,43.07337],[-2.45413,43.07341],[-2.454,43.07346],[-2.45368,43.07361],[-2.4534,43.07373],[-2.45324,43.07379],[-2.45316,43.07382],[-2.45306,43.07385],[-2.45295,43.07387],[-2.45295,43.07387]],[[-2.45257,43.07405],[-2.45255,43.07407],[-2.45242,43.07424],[-2.45221,43.07448],[-2.45207,43.07458],[-2.45195,43.07466],[-2.45185,43.07474],[-2.45176,43.07478],[-2.45159,43.07485],[-2.4514,43.07491],[-2.45106,43.075],[-2.451,43.07502],[-2.4508,43.07507],[-2.45065,43.07511],[-2.45051,43.07512],[-2.45039,43.07513],[-2.4502,43.07515]]]}},{"type":"Feature","properties":{"id":215186215,"highway":"path","nombre":"Bedoña auzoa"},"geometry":{"type":"LineString","coordinates":[[-2.46298,43.06248],[-2.46322,43.06238],[-2.46349,43.06237],[-2.46361,43.06226],[-2.46379,43.06221],[-2.46387,43.06211],[-2.46406,43.06199],[-2.46422,43.06192],[-2.46427,43.06173],[-2.46442,43.06164],[-2.46445,43.06147]]}},{"type":"Feature","properties":{"id":215186218,"highway":"track","nombre":"Bedoña auzoa"},"geometry":{"type":"LineString","coordinates":[[-2.46775,43.05488],[-2.46769,43.05479],[-2.46762,43.05471],[-2.4674,43.05459],[-2.46732,43.05457],[-2.4669,43.05458],[-2.46684,43.05458],[-2.46677,43.05455],[-2.46674,43.05451],[-2.46673,43.05445],[-2.46671,43.05425],[-2.46658,43.05394],[-2.46624,43.05371],[-2.46567,43.05333],[-2.46559,43.05332],[-2.46551,43.05335],[-2.46543,43.0534],[-2.46534,43.05352],[-2.46523,43.0536],[-2.46513,43.05362],[-2.46504,43.05363],[-2.46497,43.05362],[-2.46475,43.05328],[-2.46464,43.05304],[-2.46456,43.05294],[-2.46451,43.05288],[-2.46436,43.05282],[-2.46397,43.05276],[-2.46361,43.05278],[-2.46336,43.05285],[-2.4632,43.05286],[-2.46301,43.05283],[-2.46222,43.05266],[-2.46171,43.05248],[-2.46153,43.05246],[-2.46139,43.05247],[-2.46123,43.05249],[-2.46074,43.05266],[-2.46043,43.05274],[-2.46019,43.05287],[-2.46007,43.05291]]}},{"type":"Feature","properties":{"id":215186221,"highway":"unclassified","nombre":"Zubillaga auzoa","superficie":"concrete"},"geometry":{"type":"LineString","coordinates":[[-2.45877,43.05105],[-2.45866,43.0511],[-2.45835,43.05147],[-2.45827,43.05156]]}},{"type":"Feature","properties":{"id":215186226,"highway":"track","nombre":"Bedoña auzoa"},"geometry":{"type":"LineString","coordinates":[[-2.47185,43.05901],[-2.47172,43.05888],[-2.47159,43.05875],[-2.47149,43.05866],[-2.47142,43.05861],[-2.47133,43.05855],[-2.4712,43.05847],[-2.47105,43.05841],[-2.4708,43.05832],[-2.47055,43.05822],[-2.4701,43.058],[-2.46995,43.05795],[-2.46975,43.05789],[-2.46964,43.05785],[-2.46957,43.05782],[-2.46949,43.05775],[-2.46948,43.05767],[-2.46951,43.05739],[-2.46952,43.05729]]}},{"type":"Feature","properties":{"id":215186231,"highway":"service","nombre":"Bedoña auzoa"},"geometry":{"type":"LineString","coordinates":[[-2.4592,43.05102],[-2.45928,43.05109]]}},{"type":"Feature","properties":{"id":215186233,"highway":"track","nombre":"Bedoña auzoa"},"geometry":{"type":"LineString","coordinates":[[-2.45928,43.05109],[-2.45929,43.05112],[-2.45927,43.05115],[-2.45915,43.0514],[-2.45906,43.05163],[-2.45905,43.05167],[-2.45901,43.05175],[-2.45898,43.05182],[-2.45895,43.0519],[-2.45892,43.05197],[-2.4589,43.05202],[-2.4589,43.05203],[-2.4589,43.05204],[-2.4589,43.05204]]}},{"type":"Feature","properties":{"id":215186241,"highway":"service","nombre":"Bedoña auzoa"},"geometry":{"type":"MultiLineString","coordinates":[[[-2.45928,43.05109],[-2.45942,43.05108],[-2.45954,43.05107],[-2.45966,43.05106]],[[-2.46009,43.05109],[-2.46011,43.0511],[-2.46012,43.05111],[-2.4602,43.05116],[-2.46041,43.05133],[-2.46043,43.05134],[-2.46044,43.05136],[-2.46046,43.05137],[-2.46048,43.05138],[-2.4605,43.05139],[-2.46051,43.0514],[-2.46053,43.05141],[-2.46055,43.05142],[-2.46057,43.05143],[-2.4606,43.05144],[-2.46079,43.05152],[-2.46103,43.0516],[-2.46124,43.05167],[-2.46154,43.05178],[-2.46173,43.05184],[-2.46192,43.05189],[-2.46197,43.0519],[-2.46205,43.0519],[-2.46223,43.05192],[-2.46239,43.05194]]]}},{"type":"Feature","properties":{"id":215186249,"highway":"track","nombre":"Bedoña auzoa"},"geometry":{"type":"LineString","coordinates":[[-2.4704,43.06096],[-2.47052,43.06099],[-2.47056,43.06095],[-2.47059,43.06088],[-2.4706,43.06081],[-2.47059,43.06071],[-2.47056,43.06052],[-2.47056,43.06042],[-2.47058,43.06033],[-2.47063,43.06021],[-2.4707,43.0601],[-2.47078,43.06],[-2.47087,43.05985],[-2.47091,43.05972],[-2.47091,43.05954],[-2.4709,43.05944],[-2.47087,43.05934],[-2.47085,43.05927],[-2.47084,43.05923],[-2.47085,43.0592],[-2.47086,43.05918],[-2.47089,43.05917],[-2.47093,43.05915],[-2.471,43.05914],[-2.47107,43.05914],[-2.47116,43.05916],[-2.47125,43.05917],[-2.4713,43.05916],[-2.47137,43.05914],[-2.47142,43.05914],[-2.4715,43.0591],[-2.47163,43.05905]]}},{"type":"Feature","properties":{"id":215186250,"highway":"track","nombre":"Bedoña auzoa"},"geometry":{"type":"LineString","coordinates":[[-2.46583,43.06117],[-2.46551,43.06107],[-2.4651,43.06095],[-2.46507,43.06094],[-2.46504,43.06093]]}},{"type":"Feature","properties":{"id":215186257,"highway":"track","nombre":"Bedoña auzoa"},"geometry":{"type":"LineString","coordinates":[[-2.46504,43.06093],[-2.4649,43.06102],[-2.46476,43.06111],[-2.4646,43.0612],[-2.46444,43.0613],[-2.46423,43.06143],[-2.46402,43.06158],[-2.46375,43.0618],[-2.46298,43.06248]]}},{"type":"Feature","properties":{"id":215186419,"highway":"service","nombre":"Jose Luis Iñarra pasealekua"},"geometry":{"type":"LineString","coordinates":[[-2.49114,43.07088],[-2.49117,43.07096],[-2.49136,43.07117],[-2.49147,43.0713],[-2.49149,43.07134],[-2.49153,43.0714],[-2.49156,43.0715],[-2.49158,43.07157],[-2.49158,43.07166],[-2.49158,43.07179],[-2.49156,43.07199],[-2.49152,43.07215],[-2.49149,43.07223],[-2.49145,43.07229],[-2.49133,43.07239],[-2.49125,43.07244],[-2.49114,43.0725]]}},{"type":"Feature","properties":{"id":215186420,"highway":"service","nombre":"Jose Luis Iñarra pasealekua"},"geometry":{"type":"LineString","coordinates":[[-2.49114,43.0725],[-2.49099,43.07258],[-2.49084,43.07264],[-2.49071,43.0727],[-2.49061,43.07276],[-2.49054,43.07282],[-2.49047,43.07291],[-2.4904,43.07305],[-2.49031,43.07322],[-2.49011,43.07357],[-2.49002,43.07374],[-2.48997,43.07378],[-2.48993,43.0738],[-2.4899,43.07382],[-2.48985,43.07382],[-2.48983,43.07382],[-2.4898,43.0738],[-2.48975,43.07378],[-2.4897,43.07376],[-2.48965,43.07374],[-2.4896,43.07372],[-2.48956,43.0737],[-2.48946,43.07366],[-2.48931,43.07361]]}},{"type":"Feature","properties":{"id":215186422,"highway":"track","nombre":"Jose Luis Iñarra pasealekua"},"geometry":{"type":"LineString","coordinates":[[-2.49114,43.07088],[-2.49098,43.07081],[-2.49082,43.07075],[-2.49071,43.07071],[-2.4907,43.0707],[-2.49067,43.07069],[-2.49063,43.07067],[-2.49059,43.07065],[-2.49055,43.07064],[-2.49051,43.07062],[-2.49046,43.0706],[-2.49042,43.07058],[-2.49038,43.07056],[-2.49034,43.07054],[-2.4903,43.07052],[-2.49026,43.07049],[-2.49025,43.07048],[-2.49023,43.07047],[-2.49022,43.07047],[-2.4902,43.07046],[-2.49019,43.07045],[-2.49017,43.07044],[-2.49015,43.07044],[-2.49013,43.07043],[-2.49012,43.07042],[-2.4901,43.07042],[-2.49008,43.07042],[-2.49004,43.07041],[-2.48999,43.0704],[-2.48995,43.07039],[-2.48991,43.07038],[-2.48986,43.07037],[-2.48982,43.07037],[-2.48977,43.07036],[-2.48973,43.07036],[-2.4897,43.07036],[-2.48968,43.07035],[-2.48965,43.07035],[-2.48963,43.07035],[-2.4896,43.07034],[-2.48958,43.07034],[-2.48956,43.07033],[-2.48953,43.07032],[-2.48951,43.07031],[-2.48949,43.07031],[-2.48947,43.0703],[-2.4894,43.07027],[-2.48934,43.07024],[-2.48929,43.07021],[-2.48923,43.07018],[-2.48912,43.07013],[-2.48889,43.07002],[-2.48869,43.06994],[-2.48847,43.06987],[-2.48834,43.06983],[-2.48832,43.06983],[-2.48826,43.06981],[-2.48817,43.06979],[-2.48804,43.06976],[-2.48797,43.06974],[-2.48792,43.06973],[-2.48781,43.06968],[-2.48777,43.06966],[-2.48771,43.06965],[-2.48763,43.06963],[-2.48753,43.06963],[-2.48747,43.06964],[-2.48741,43.06964],[-2.48736,43.06964],[-2.4873,43.06963],[-2.48726,43.06962],[-2.48723,43.06963]]}},{"type":"Feature","properties":{"id":215186434,"highway":"service","nombre":"Meatzerreka auzoa"},"geometry":{"type":"LineString","coordinates":[[-2.49114,43.07088],[-2.4912,43.07088],[-2.49125,43.0709],[-2.49134,43.07092],[-2.49146,43.07095],[-2.4916,43.071],[-2.49173,43.07106],[-2.4918,43.0711],[-2.49182,43.07111],[-2.49187,43.07115],[-2.4919,43.07117],[-2.49193,43.07118],[-2.49197,43.07118],[-2.492,43.07118],[-2.49203,43.07117]]}},{"type":"Feature","properties":{"id":215186444,"highway":"track","nombre":"Meatzerreka auzoa","superficie":"dirt"},"geometry":{"type":"LineString","coordinates":[[-2.49114,43.0725],[-2.49133,43.07247],[-2.49142,43.07243],[-2.49147,43.07241],[-2.49155,43.07236],[-2.4916,43.07231],[-2.49168,43.07221],[-2.49174,43.0721],[-2.49179,43.07202],[-2.49185,43.07196],[-2.4919,43.07185],[-2.49193,43.07176],[-2.49195,43.07165],[-2.49198,43.07152],[-2.49199,43.07138],[-2.49199,43.07134],[-2.49199,43.07127],[-2.49199,43.07123],[-2.49203,43.07117]]}},{"type":"Feature","properties":{"id":215186451,"highway":"track","nombre":"Meatzerreka auzoa"},"geometry":{"type":"LineString","coordinates":[[-2.49232,43.07162],[-2.49228,43.07179],[-2.49227,43.07186],[-2.49227,43.0719],[-2.49231,43.07196],[-2.49252,43.07215],[-2.49261,43.07225],[-2.49265,43.07229],[-2.4927,43.07236],[-2.4927,43.07239],[-2.49271,43.0724],[-2.49269,43.07244],[-2.49265,43.07249],[-2.49257,43.07257],[-2.49235,43.07271],[-2.49208,43.07287],[-2.49189,43.07299],[-2.49186,43.07303],[-2.49186,43.07307],[-2.49186,43.0731],[-2.49192,43.07316],[-2.49201,43.07322],[-2.49216,43.0733],[-2.49245,43.07343],[-2.49287,43.07357],[-2.49306,43.07363]]}},{"type":"Feature","properties":{"id":215186468,"highway":"service","nombre":"Meatzerreka auzoa"},"geometry":{"type":"LineString","coordinates":[[-2.49504,43.08959],[-2.49523,43.08976],[-2.49551,43.09004],[-2.49559,43.09012],[-2.49563,43.09015],[-2.49566,43.09019]]}},{"type":"Feature","properties":{"id":215186487,"highway":"track","nombre":"Musakola auzoa"},"geometry":{"type":"LineString","coordinates":[[-2.48472,43.07424],[-2.48478,43.07425],[-2.48485,43.07424],[-2.48495,43.07423],[-2.48504,43.07423],[-2.48519,43.07426],[-2.48537,43.0743],[-2.48558,43.07433],[-2.48572,43.07434],[-2.4859,43.07437],[-2.48635,43.07448],[-2.48653,43.07448],[-2.48664,43.07445],[-2.48681,43.07435],[-2.48692,43.07435],[-2.48705,43.07439],[-2.48718,43.07439],[-2.48727,43.07435],[-2.48737,43.07428],[-2.48745,43.07414],[-2.48761,43.0739],[-2.48771,43.07383],[-2.48789,43.07382],[-2.48807,43.07382],[-2.48823,43.07379],[-2.48841,43.07374],[-2.48854,43.07374],[-2.48871,43.07373],[-2.48911,43.07379],[-2.48924,43.07383],[-2.48944,43.07389],[-2.48967,43.07401],[-2.48989,43.07424]]}},{"type":"Feature","properties":{"id":215186494,"highway":"service"},"geometry":{"type":"LineString","coordinates":[[-2.47628,43.06585],[-2.47626,43.06589],[-2.47619,43.06591],[-2.47609,43.06597],[-2.47604,43.06604],[-2.47603,43.06605],[-2.47602,43.06609],[-2.47603,43.06616],[-2.47602,43.06619],[-2.47601,43.06622],[-2.47591,43.06642]]}},{"type":"Feature","properties":{"id":215186497,"highway":"unclassified","nombre":"Musakola auzoa"},"geometry":{"type":"LineString","coordinates":[[-2.4669,43.07807],[-2.46698,43.07809],[-2.46707,43.07814],[-2.46713,43.07817],[-2.46729,43.07825],[-2.46736,43.07827],[-2.46752,43.07833],[-2.46765,43.07839],[-2.46779,43.07844],[-2.46788,43.07848],[-2.46799,43.07852],[-2.46818,43.07859],[-2.46841,43.07867],[-2.46867,43.07875],[-2.46878,43.07879],[-2.46887,43.07883],[-2.46896,43.07888],[-2.46906,43.07893],[-2.46915,43.07898],[-2.46919,43.07899],[-2.46922,43.07898],[-2.46924,43.07897],[-2.46925,43.07896],[-2.46925,43.07894],[-2.46924,43.07891],[-2.46922,43.07888],[-2.4692,43.07886],[-2.46918,43.07884],[-2.46915,43.07883],[-2.46912,43.07881],[-2.46909,43.07879],[-2.46907,43.07877],[-2.46904,43.07874],[-2.46902,43.07871],[-2.46899,43.07868],[-2.46896,43.07863],[-2.46889,43.07855],[-2.46882,43.07846],[-2.46875,43.07837],[-2.4687,43.0783],[-2.46864,43.07821],[-2.46858,43.07815],[-2.46852,43.07805],[-2.46849,43.078],[-2.46846,43.07795],[-2.46843,43.07791],[-2.46841,43.07787],[-2.46836,43.07774],[-2.46834,43.07768],[-2.46832,43.0775],[-2.46829,43.07743],[-2.46829,43.07741],[-2.46827,43.07737],[-2.46825,43.07733],[-2.46823,43.07729],[-2.46818,43.07724],[-2.46813,43.07717],[-2.46807,43.07711],[-2.468,43.07702],[-2.46792,43.07693],[-2.46791,43.07692],[-2.4679,43.07691],[-2.46789,43.0769],[-2.46789,43.07689],[-2.46788,43.07688],[-2.46788,43.07687],[-2.46787,43.07686],[-2.46787,43.07685],[-2.46787,43.07684],[-2.46785,43.07676],[-2.46785,43.07674],[-2.46785,43.07673],[-2.46784,43.07672],[-2.46784,43.07671],[-2.46783,43.0767],[-2.46782,43.07669],[-2.46782,43.07668],[-2.46781,43.07667],[-2.4678,43.07666],[-2.46779,43.07665],[-2.46778,43.07664],[-2.46776,43.07663],[-2.46775,43.07663],[-2.46774,43.07662],[-2.46772,43.07661],[-2.46771,43.07661],[-2.46765,43.07659],[-2.46758,43.07658],[-2.46744,43.07657],[-2.46732,43.07655],[-2.46722,43.07654],[-2.46717,43.07653],[-2.46711,43.07651],[-2.46704,43.07648],[-2.46695,43.07646],[-2.46691,43.07644],[-2.4668,43.07639],[-2.46672,43.07633],[-2.46666,43.07626],[-2.46662,43.07621],[-2.46658,43.07615],[-2.46655,43.07606],[-2.46654,43.07594],[-2.46656,43.07588],[-2.46663,43.07584]]}},{"type":"Feature","properties":{"id":215186512,"highway":"service","nombre":"Musakola auzoa"},"geometry":{"type":"LineString","coordinates":[[-2.4756,43.07333],[-2.47556,43.07336],[-2.47546,43.07352],[-2.47537,43.07363],[-2.47527,43.07372],[-2.47516,43.07378],[-2.47509,43.07382],[-2.47499,43.07386],[-2.47485,43.07391],[-2.47468,43.07398],[-2.47465,43.074]]}},{"type":"Feature","properties":{"id":215186519,"highway":"residential","nombre":"Musakola auzoa","oneway":"yes"},"geometry":{"type":"LineString","coordinates":[[-2.47139,43.07233],[-2.47142,43.07238],[-2.47145,43.0724],[-2.47177,43.07259],[-2.47181,43.07262],[-2.47225,43.0729],[-2.47256,43.07307],[-2.47275,43.0731],[-2.47294,43.07307],[-2.4731,43.07301],[-2.47312,43.07299],[-2.4733,43.07286],[-2.47373,43.07245],[-2.47396,43.07204],[-2.47414,43.07173],[-2.47414,43.07162]]}},{"type":"Feature","properties":{"id":215186525,"highway":"service","nombre":"Musakola auzoa"},"geometry":{"type":"LineString","coordinates":[[-2.47684,43.07276],[-2.4769,43.0727],[-2.47695,43.07268],[-2.477,43.07268],[-2.47717,43.07279],[-2.47731,43.07289],[-2.47752,43.07304],[-2.47758,43.07309],[-2.47769,43.07314],[-2.47777,43.07318],[-2.47784,43.07319]]}},{"type":"Feature","properties":{"id":215186528,"highway":"residential","nombre":"Musakola auzoa","oneway":"yes"},"geometry":{"type":"LineString","coordinates":[[-2.47374,43.0713],[-2.47352,43.07112],[-2.47352,43.07111],[-2.47351,43.0711],[-2.4735,43.07109],[-2.47349,43.07108],[-2.47349,43.07106],[-2.47348,43.07105],[-2.47348,43.07104],[-2.47348,43.07103],[-2.47348,43.07102]]}},{"type":"Feature","properties":{"id":215186531,"highway":"service","nombre":"Musakola auzoa","superficie":"asphalt"},"geometry":{"type":"LineString","coordinates":[[-2.46856,43.07391],[-2.46852,43.07393],[-2.4684,43.07395],[-2.46824,43.07396],[-2.46805,43.074],[-2.46738,43.07416],[-2.4666,43.07435],[-2.46551,43.07459],[-2.46473,43.07476],[-2.46464,43.07478],[-2.4645,43.07481]]}},{"type":"Feature","properties":{"id":215186532,"highway":"service","nombre":"Musakola auzoa"},"geometry":{"type":"LineString","coordinates":[[-2.46938,43.0724],[-2.46924,43.07242],[-2.46915,43.07242],[-2.46907,43.07243],[-2.46899,43.07243],[-2.46884,43.07241],[-2.46874,43.0724],[-2.46865,43.0724],[-2.46859,43.0724],[-2.46847,43.07238],[-2.46832,43.07234],[-2.46815,43.07233]]}},{"type":"Feature","properties":{"id":215186533,"highway":"track","nombre":"Musakola auzoa"},"geometry":{"type":"LineString","coordinates":[[-2.48164,43.07172],[-2.48163,43.07174],[-2.48157,43.07182],[-2.4815,43.07192],[-2.48144,43.07201],[-2.48139,43.07208],[-2.48138,43.0721],[-2.48138,43.07212],[-2.48137,43.07214],[-2.48136,43.07216],[-2.48136,43.07218],[-2.48135,43.0722],[-2.48135,43.07222],[-2.48134,43.07224],[-2.48134,43.07226],[-2.48134,43.07229],[-2.48133,43.07231],[-2.48133,43.07234],[-2.48133,43.07237],[-2.48133,43.0724],[-2.48133,43.07243],[-2.48133,43.07245],[-2.48134,43.07248],[-2.48134,43.07251],[-2.48134,43.07254],[-2.48135,43.07257],[-2.48135,43.07259],[-2.48136,43.07261],[-2.48137,43.07264],[-2.48138,43.07266],[-2.48139,43.07268],[-2.4814,43.07271],[-2.48141,43.07273],[-2.48142,43.07275],[-2.48145,43.07278],[-2.48147,43.0728],[-2.48149,43.07283],[-2.48152,43.07285],[-2.48154,43.07288],[-2.48157,43.0729],[-2.48159,43.07292],[-2.48162,43.07295],[-2.48166,43.07298],[-2.48169,43.07301],[-2.48172,43.07303],[-2.48176,43.07306],[-2.48179,43.07309],[-2.48183,43.07311],[-2.48186,43.07314],[-2.482,43.07322],[-2.48214,43.0733],[-2.48218,43.07333],[-2.48222,43.07336],[-2.48224,43.07338],[-2.48225,43.07338],[-2.48225,43.07339],[-2.48225,43.0734],[-2.48225,43.0734],[-2.48225,43.07341],[-2.48225,43.07341],[-2.48225,43.07342],[-2.48225,43.07343],[-2.48225,43.07343],[-2.48224,43.07344],[-2.48224,43.07344],[-2.48223,43.07344],[-2.48222,43.07345],[-2.48221,43.07345],[-2.48221,43.07345],[-2.4822,43.07345],[-2.48219,43.07345],[-2.48218,43.07345],[-2.48217,43.07345],[-2.48216,43.07345],[-2.48209,43.07344],[-2.48196,43.07341],[-2.48182,43.07338],[-2.48169,43.07335],[-2.48157,43.07331],[-2.48146,43.07328],[-2.48137,43.07324],[-2.48129,43.07319],[-2.48118,43.07313],[-2.48099,43.07304],[-2.48087,43.07298],[-2.48078,43.07293],[-2.48073,43.07292],[-2.48069,43.07291],[-2.48065,43.0729],[-2.48064,43.0729],[-2.48063,43.07289],[-2.48062,43.07288],[-2.48061,43.07288],[-2.4806,43.07287],[-2.48059,43.07286],[-2.48058,43.07286],[-2.48057,43.07285],[-2.48057,43.07284],[-2.48056,43.07283],[-2.48056,43.07282],[-2.48055,43.07281],[-2.48055,43.0728],[-2.48055,43.07265],[-2.48054,43.07261],[-2.48053,43.0726],[-2.48051,43.0726],[-2.48049,43.07261],[-2.48047,43.07264],[-2.48046,43.07268],[-2.48044,43.07271],[-2.48042,43.07274],[-2.48039,43.07276],[-2.48037,43.07278],[-2.48034,43.0728],[-2.48029,43.07283],[-2.48025,43.07287],[-2.48017,43.07295],[-2.48013,43.07299],[-2.48009,43.07303],[-2.48001,43.07306],[-2.47982,43.0731],[-2.47958,43.07316],[-2.47951,43.07316],[-2.47946,43.07316],[-2.47942,43.07315],[-2.47939,43.07314],[-2.47935,43.07312]]}},{"type":"Feature","properties":{"id":215186534,"highway":"unclassified","nombre":"Musakola auzoa"},"geometry":{"type":"LineString","coordinates":[[-2.46874,43.0796],[-2.46867,43.07965],[-2.46851,43.07967],[-2.4684,43.07967],[-2.46821,43.07966],[-2.468,43.07963],[-2.46785,43.0796],[-2.46779,43.07958],[-2.4677,43.07955],[-2.46756,43.07948],[-2.46742,43.07938],[-2.46732,43.07931],[-2.46721,43.07926],[-2.46715,43.07925],[-2.46711,43.07925],[-2.46706,43.07926],[-2.46703,43.07927],[-2.467,43.0793],[-2.46699,43.07933],[-2.46699,43.07936]]}},{"type":"Feature","properties":{"id":215186541,"highway":"service","nombre":"Musakola auzoa"},"geometry":{"type":"LineString","coordinates":[[-2.4756,43.07333],[-2.47564,43.07331],[-2.47568,43.0733],[-2.47573,43.07328],[-2.47579,43.07323],[-2.47587,43.0731],[-2.47592,43.07305],[-2.47605,43.07295],[-2.47615,43.07285],[-2.47621,43.07273],[-2.47626,43.07266],[-2.47632,43.07264],[-2.47647,43.07263],[-2.47657,43.07264],[-2.47669,43.07268],[-2.47674,43.0727],[-2.47684,43.07276]]}},{"type":"Feature","properties":{"id":215186550,"highway":"unclassified","nombre":"Musakola auzoa"},"geometry":{"type":"LineString","coordinates":[[-2.46733,43.07556],[-2.46768,43.07539],[-2.46777,43.0754],[-2.46807,43.07555],[-2.46828,43.07566],[-2.46835,43.0757],[-2.46836,43.0757]]}},{"type":"Feature","properties":{"id":215186557,"highway":"residential","nombre":"Musakola auzoa","oneway":"yes"},"geometry":{"type":"LineString","coordinates":[[-2.47414,43.07162],[-2.47412,43.0716],[-2.47374,43.0713]]}},{"type":"Feature","properties":{"id":215186560,"highway":"unclassified","nombre":"Musakola auzoa"},"geometry":{"type":"LineString","coordinates":[[-2.4669,43.07807],[-2.46696,43.07813],[-2.4671,43.07823],[-2.46722,43.07831],[-2.46746,43.0785],[-2.46761,43.07861],[-2.4678,43.07875],[-2.46795,43.07885],[-2.46806,43.07893],[-2.46822,43.07908],[-2.46826,43.07914],[-2.46831,43.07918],[-2.46857,43.07927],[-2.46866,43.07932],[-2.46873,43.07941],[-2.46875,43.07948],[-2.46877,43.07955],[-2.46874,43.0796]]}},{"type":"Feature","properties":{"id":215186561,"highway":"service","nombre":"Musakola auzoa"},"geometry":{"type":"LineString","coordinates":[[-2.47424,43.07218],[-2.47425,43.07223],[-2.47418,43.07232],[-2.47406,43.0724],[-2.47399,43.07249],[-2.47393,43.07256],[-2.47388,43.07262],[-2.47381,43.07275],[-2.4737,43.07286],[-2.47359,43.07297],[-2.47354,43.07301],[-2.47334,43.07314],[-2.47327,43.07319],[-2.47318,43.07324],[-2.47312,43.0733],[-2.47312,43.0733],[-2.47308,43.07332],[-2.47302,43.07337],[-2.47298,43.0734],[-2.47293,43.07343],[-2.47288,43.07344],[-2.4728,43.07345],[-2.47269,43.07345],[-2.4726,43.07345],[-2.47254,43.07344]]}},{"type":"Feature","properties":{"id":215186564,"highway":"track","nombre":"Musakola auzoa"},"geometry":{"type":"LineString","coordinates":[[-2.48272,43.07257],[-2.48287,43.07265],[-2.48305,43.07278],[-2.48328,43.07291],[-2.48336,43.07298],[-2.48341,43.07305],[-2.48347,43.07318],[-2.48351,43.07335],[-2.48351,43.07342],[-2.48356,43.07353],[-2.48362,43.07361],[-2.48373,43.07372],[-2.48388,43.07385],[-2.48405,43.07402],[-2.48415,43.07412],[-2.48429,43.07422],[-2.48436,43.07427],[-2.4844,43.07427],[-2.48452,43.07425],[-2.4846,43.07423],[-2.48467,43.07422],[-2.48472,43.07424]]}},{"type":"Feature","properties":{"id":215186566,"highway":"unclassified","nombre":"Musakola auzoa"},"geometry":{"type":"LineString","coordinates":[[-2.47744,43.06444],[-2.47737,43.06444],[-2.47733,43.06444],[-2.4773,43.06444],[-2.47728,43.06447],[-2.47726,43.06453],[-2.47722,43.06465],[-2.47718,43.06475],[-2.47713,43.06488],[-2.47709,43.06499],[-2.47705,43.06511],[-2.47702,43.06518],[-2.47701,43.06522],[-2.47699,43.06527],[-2.47696,43.06531],[-2.47694,43.06535],[-2.4769,43.0654],[-2.4768,43.06554],[-2.4767,43.06567],[-2.47656,43.06584],[-2.4765,43.06589],[-2.47641,43.0659],[-2.47628,43.06585]]}},{"type":"Feature","properties":{"id":215186567,"highway":"track","nombre":"Musakola auzoa"},"geometry":{"type":"LineString","coordinates":[[-2.47883,43.07163],[-2.47882,43.07174],[-2.47882,43.0718],[-2.47886,43.07192],[-2.47897,43.07213],[-2.47906,43.07228],[-2.47913,43.07238],[-2.47919,43.07243],[-2.4793,43.07249],[-2.47943,43.07255],[-2.47949,43.07258],[-2.47958,43.07261],[-2.47969,43.07266],[-2.47974,43.0727],[-2.47974,43.07277],[-2.47972,43.07283],[-2.47966,43.0729],[-2.4796,43.07294],[-2.4795,43.07298],[-2.47945,43.07301],[-2.47941,43.07303],[-2.47938,43.07306],[-2.47936,43.07309],[-2.47935,43.07312]]}},{"type":"Feature","properties":{"id":215186570,"highway":"track","nombre":"Musakola auzoa"},"geometry":{"type":"LineString","coordinates":[[-2.48164,43.07172],[-2.48168,43.07178],[-2.4817,43.07181],[-2.4817,43.07184],[-2.4817,43.07189],[-2.4817,43.0719],[-2.4817,43.07191],[-2.48171,43.07191],[-2.48171,43.07192],[-2.48171,43.07193],[-2.48172,43.07194],[-2.48172,43.07194],[-2.48173,43.07195],[-2.48174,43.07196],[-2.48179,43.072],[-2.48192,43.07214],[-2.48198,43.0722],[-2.48202,43.07225],[-2.48209,43.07234],[-2.48214,43.07239],[-2.48219,43.07242],[-2.4823,43.07245],[-2.48247,43.07249],[-2.48256,43.07252],[-2.48272,43.07257]]}},{"type":"Feature","properties":{"id":215186579,"highway":"track","nombre":"Musakola auzoa"},"geometry":{"type":"LineString","coordinates":[[-2.46458,43.07713],[-2.46459,43.077],[-2.46458,43.07676],[-2.46457,43.0765],[-2.46456,43.0764],[-2.4646,43.07631],[-2.46466,43.07623],[-2.46469,43.07616],[-2.46474,43.07609],[-2.4648,43.07605],[-2.46486,43.07602],[-2.46499,43.076],[-2.46513,43.07601],[-2.46538,43.07608],[-2.46549,43.07613],[-2.46554,43.07621],[-2.46562,43.07647],[-2.46567,43.07668],[-2.46574,43.07682],[-2.46578,43.07701],[-2.46583,43.07721],[-2.46586,43.07743],[-2.46588,43.07751],[-2.466,43.07759],[-2.46614,43.07765],[-2.46638,43.07772],[-2.46659,43.07782],[-2.46673,43.07791],[-2.4669,43.07807]]}},{"type":"Feature","properties":{"id":215186585,"highway":"tertiary","nombre":"Musakola auzoa"},"geometry":{"type":"LineString","coordinates":[[-2.47291,43.0709],[-2.47269,43.07111],[-2.47259,43.0712],[-2.47253,43.07126]]}},{"type":"Feature","properties":{"id":215186587,"highway":"footway"},"geometry":{"type":"LineString","coordinates":[[-2.46856,43.07391],[-2.46849,43.07382],[-2.46833,43.07343]]}},{"type":"Feature","properties":{"id":215186589,"highway":"service","nombre":"Musakola auzoa","oneway":"yes"},"geometry":{"type":"LineString","coordinates":[[-2.47133,43.0716],[-2.47137,43.0716],[-2.47142,43.07161],[-2.47144,43.07162],[-2.47147,43.07162]]}},{"type":"Feature","properties":{"id":215186596,"highway":"track","nombre":"Musakola auzoa"},"geometry":{"type":"LineString","coordinates":[[-2.48341,43.07083],[-2.48339,43.07083],[-2.48332,43.07084],[-2.48328,43.07084],[-2.48322,43.07087],[-2.48318,43.0709],[-2.48314,43.07096],[-2.48308,43.07105],[-2.48304,43.07114],[-2.48301,43.07123],[-2.48301,43.07131],[-2.48299,43.0714],[-2.48298,43.07143],[-2.48297,43.07146],[-2.48297,43.07147],[-2.48296,43.07149],[-2.48296,43.07149],[-2.48295,43.0715],[-2.48294,43.07152],[-2.48293,43.07153],[-2.48292,43.07155],[-2.48291,43.07156],[-2.4829,43.07158],[-2.48285,43.07163],[-2.48282,43.07168],[-2.4828,43.07174],[-2.48277,43.07181],[-2.48276,43.07187],[-2.48275,43.07191],[-2.48276,43.07197],[-2.48276,43.07205],[-2.48278,43.0722],[-2.48279,43.07231],[-2.48279,43.07238],[-2.48278,43.07243],[-2.48272,43.07257]]}},{"type":"Feature","properties":{"id":215186599,"highway":"track","nombre":"Musakola auzoa"},"geometry":{"type":"LineString","coordinates":[[-2.48341,43.07083],[-2.48344,43.07092],[-2.48345,43.07102],[-2.48344,43.07114],[-2.48347,43.07123],[-2.48354,43.0714],[-2.48355,43.07147],[-2.48357,43.07154],[-2.4836,43.07161],[-2.48362,43.07165],[-2.48362,43.07169],[-2.4836,43.07174],[-2.4835,43.07187],[-2.48342,43.072],[-2.48335,43.07208],[-2.48333,43.07213],[-2.48333,43.07219],[-2.48335,43.07225],[-2.48339,43.07232],[-2.48347,43.07243],[-2.48353,43.07251],[-2.48357,43.07254],[-2.48362,43.07257],[-2.48366,43.0726],[-2.48372,43.07265],[-2.48377,43.07272],[-2.48393,43.07296],[-2.48427,43.07348],[-2.48441,43.07369],[-2.48446,43.07381],[-2.48451,43.0739],[-2.48454,43.07394],[-2.48463,43.074],[-2.48467,43.07405],[-2.48469,43.0741],[-2.48471,43.07414],[-2.48471,43.07416],[-2.48471,43.0742],[-2.48472,43.07424]]}},{"type":"Feature","properties":{"id":215186602,"highway":"service","nombre":"Musakola auzoa","oneway":"yes"},"geometry":{"type":"LineString","coordinates":[[-2.47147,43.07157],[-2.47145,43.07156],[-2.47142,43.07157],[-2.47138,43.07157],[-2.47133,43.0716]]}},{"type":"Feature","properties":{"id":215186605,"highway":"tertiary","nombre":"Musakola auzoa"},"geometry":{"type":"LineString","coordinates":[[-2.47253,43.07126],[-2.47249,43.0713],[-2.47239,43.0714],[-2.47235,43.07144]]}},{"type":"Feature","properties":{"id":215186609,"highway":"track","nombre":"Musakola auzoa"},"geometry":{"type":"LineString","coordinates":[[-2.48164,43.07172],[-2.48161,43.07163],[-2.48162,43.07154],[-2.48159,43.07149],[-2.48154,43.07148],[-2.48147,43.07148],[-2.48128,43.07151],[-2.48118,43.0715],[-2.48112,43.07151],[-2.48105,43.07152],[-2.48091,43.07157],[-2.48074,43.07165],[-2.48066,43.07167],[-2.4806,43.07171],[-2.48055,43.07173],[-2.48051,43.07174],[-2.48047,43.07174],[-2.4804,43.07174],[-2.48032,43.07173],[-2.48024,43.07173],[-2.48017,43.07174],[-2.48012,43.07175],[-2.48005,43.07178],[-2.48,43.0718],[-2.47995,43.07183],[-2.47991,43.07185],[-2.47987,43.07188],[-2.47982,43.07193],[-2.47978,43.07196],[-2.47973,43.07199],[-2.47967,43.07201],[-2.47954,43.07203],[-2.47946,43.07204],[-2.47938,43.07202],[-2.47931,43.072],[-2.47928,43.07199],[-2.47927,43.07198],[-2.47921,43.07196],[-2.47916,43.07193],[-2.47908,43.0719],[-2.47903,43.07187],[-2.47898,43.07184],[-2.47894,43.0718],[-2.47889,43.07174],[-2.47886,43.07168],[-2.47883,43.07163]]}},{"type":"Feature","properties":{"id":215186613,"highway":"unclassified","nombre":"Musakola auzoa"},"geometry":{"type":"LineString","coordinates":[[-2.46641,43.07793],[-2.46645,43.07793],[-2.46653,43.07793],[-2.46673,43.07801],[-2.4669,43.07807]]}},{"type":"Feature","properties":{"id":215186617,"highway":"service","nombre":"Musakola auzoa"},"geometry":{"type":"LineString","coordinates":[[-2.47097,43.07263],[-2.47066,43.07278],[-2.47043,43.07292],[-2.46971,43.07339],[-2.46922,43.07376],[-2.46903,43.07396]]}},{"type":"Feature","properties":{"id":215186619,"highway":"track","nombre":"Musakola auzoa"},"geometry":{"type":"LineString","coordinates":[[-2.47842,43.07268],[-2.47847,43.07272],[-2.4785,43.07274]]}},{"type":"Feature","properties":{"id":215186621,"highway":"tertiary","nombre":"Musakola auzoa","oneway":"yes"},"geometry":{"type":"LineString","coordinates":[[-2.47235,43.07144],[-2.47226,43.07149],[-2.47218,43.0715],[-2.47205,43.0715],[-2.47204,43.0715],[-2.47196,43.0715]]}},{"type":"Feature","properties":{"id":215186622,"highway":"unclassified","nombre":"Musakola auzoa","oneway":"yes"},"geometry":{"type":"LineString","coordinates":[[-2.46595,43.07558],[-2.46601,43.07561],[-2.46627,43.07568],[-2.46642,43.07573],[-2.46652,43.07578],[-2.46657,43.07581],[-2.46663,43.07584]]}},{"type":"Feature","properties":{"id":215186623,"highway":"service","nombre":"Musakola auzoa"},"geometry":{"type":"LineString","coordinates":[[-2.46938,43.0724],[-2.46939,43.07241],[-2.46941,43.07242],[-2.46946,43.07245],[-2.46951,43.07245],[-2.46957,43.07244],[-2.46963,43.07243],[-2.46975,43.0724],[-2.46985,43.07238],[-2.46996,43.07234],[-2.47013,43.07229],[-2.47021,43.07226],[-2.47026,43.07226],[-2.47035,43.07225],[-2.47039,43.07224],[-2.47047,43.0722],[-2.47052,43.07218],[-2.47058,43.07216],[-2.47066,43.07213],[-2.47077,43.0721],[-2.47084,43.07209],[-2.47093,43.07207],[-2.47099,43.07205],[-2.47102,43.07203],[-2.47105,43.07202],[-2.47107,43.072],[-2.4711,43.07197],[-2.47112,43.07194],[-2.47114,43.07189],[-2.47118,43.07172],[-2.4712,43.07169],[-2.47123,43.07165],[-2.47125,43.07163],[-2.47128,43.07162],[-2.4713,43.07161],[-2.47133,43.0716]]}},{"type":"Feature","properties":{"id":215186626,"highway":"track","nombre":"Musakola auzoa"},"geometry":{"type":"LineString","coordinates":[[-2.47883,43.07163],[-2.47883,43.07161],[-2.47883,43.07157],[-2.47883,43.07146],[-2.47885,43.07136],[-2.47886,43.07129],[-2.47884,43.07126]]}},{"type":"Feature","properties":{"id":215186627,"highway":"unclassified","nombre":"Musakola auzoa"},"geometry":{"type":"LineString","coordinates":[[-2.46699,43.07936],[-2.46699,43.07937],[-2.46701,43.07941],[-2.46704,43.07946],[-2.46706,43.0795],[-2.46709,43.07955],[-2.46713,43.0796]]}},{"type":"Feature","properties":{"id":215186628,"highway":"unclassified","nombre":"Musakola auzoa"},"geometry":{"type":"LineString","coordinates":[[-2.46733,43.07556],[-2.46729,43.07559],[-2.46725,43.07561],[-2.46718,43.07565],[-2.46695,43.07582],[-2.46685,43.07589],[-2.46679,43.07592],[-2.4667,43.07591],[-2.46665,43.07588],[-2.46663,43.07584]]}},{"type":"Feature","properties":{"id":215186636,"highway":"tertiary","nombre":"Musakola auzoa","oneway":"yes"},"geometry":{"type":"LineString","coordinates":[[-2.47197,43.07169],[-2.47205,43.07165],[-2.47218,43.07159],[-2.47231,43.07151],[-2.47235,43.07144]]}},{"type":"Feature","properties":{"id":215186643,"highway":"residential","nombre":"Musakola auzoa","oneway":"yes"},"geometry":{"type":"LineString","coordinates":[[-2.47348,43.07102],[-2.47347,43.07101],[-2.47347,43.071],[-2.47347,43.07099],[-2.47348,43.07097],[-2.47348,43.07096],[-2.47348,43.07095],[-2.4735,43.07084],[-2.4735,43.07083],[-2.4735,43.0708],[-2.47351,43.07077]]}},{"type":"Feature","properties":{"id":215186645,"highway":"track","nombre":"San Andres auzoa","superficie":"gravel"},"geometry":{"type":"LineString","coordinates":[[-2.49565,43.0506],[-2.49572,43.05064],[-2.4958,43.05069],[-2.49587,43.05074],[-2.4959,43.05078],[-2.49588,43.05083],[-2.49591,43.05086],[-2.49598,43.05088],[-2.49623,43.05095],[-2.49638,43.05102],[-2.49655,43.05103]]}},{"type":"Feature","properties":{"id":215186650,"highway":"track","nombre":"San Andres auzoa","superficie":"gravel"},"geometry":{"type":"LineString","coordinates":[[-2.49715,43.0512],[-2.49705,43.05116],[-2.49702,43.05114],[-2.497,43.05111],[-2.497,43.05106],[-2.49698,43.0508],[-2.49697,43.05078],[-2.49694,43.05078],[-2.49691,43.0508],[-2.49679,43.05091],[-2.49671,43.05096],[-2.49664,43.05099],[-2.49655,43.05103]]}},{"type":"Feature","properties":{"id":215186676,"highway":"unclassified","nombre":"San Andres auzoa"},"geometry":{"type":"LineString","coordinates":[[-2.50056,43.04772],[-2.5005,43.0478],[-2.50039,43.04795],[-2.50037,43.04801],[-2.50036,43.04807],[-2.50037,43.04814],[-2.5004,43.04822],[-2.50041,43.04825],[-2.50043,43.04832],[-2.50048,43.04843],[-2.50054,43.04851],[-2.50058,43.04856],[-2.50071,43.04865],[-2.50075,43.04868],[-2.50083,43.04871],[-2.50097,43.04874],[-2.5011,43.04874],[-2.50134,43.04875],[-2.50141,43.0488],[-2.50143,43.04887],[-2.50143,43.04894],[-2.50137,43.04901],[-2.50116,43.04913],[-2.50098,43.04916],[-2.50073,43.04916],[-2.50034,43.04918],[-2.50001,43.04916],[-2.49983,43.04914],[-2.49973,43.04916],[-2.49964,43.04923],[-2.49954,43.04935],[-2.49949,43.04944],[-2.49942,43.04959],[-2.49936,43.04976],[-2.49935,43.0499]]}},{"type":"Feature","properties":{"id":215186681,"highway":"unclassified","nombre":"San Andres auzoa"},"geometry":{"type":"LineString","coordinates":[[-2.50052,43.05471],[-2.50047,43.05477],[-2.50043,43.05482],[-2.5003,43.0549],[-2.5002,43.05494],[-2.50013,43.05496],[-2.49988,43.05499],[-2.49958,43.05503],[-2.49937,43.05506],[-2.49928,43.05507],[-2.49921,43.05506],[-2.49915,43.05505],[-2.49908,43.05503],[-2.4988,43.05494],[-2.49858,43.05489],[-2.49848,43.05488],[-2.49838,43.05487],[-2.49831,43.05487],[-2.49828,43.05488],[-2.49825,43.05489],[-2.49822,43.0549],[-2.49819,43.0549],[-2.49817,43.05491],[-2.49814,43.05492],[-2.49811,43.05493],[-2.49808,43.05495],[-2.49806,43.05496],[-2.49803,43.05497],[-2.498,43.05498],[-2.49798,43.055],[-2.49796,43.05501],[-2.49794,43.05502],[-2.49792,43.05503],[-2.49791,43.05504],[-2.49789,43.05505],[-2.49788,43.05506],[-2.49785,43.05509],[-2.49783,43.05511],[-2.49783,43.05511],[-2.4978,43.05516],[-2.49778,43.05525],[-2.49778,43.05534],[-2.49779,43.05544],[-2.49782,43.05552],[-2.49783,43.05554],[-2.49787,43.05563],[-2.49792,43.05573],[-2.49793,43.0558],[-2.49792,43.05589],[-2.4979,43.05601],[-2.49789,43.05611],[-2.49793,43.05622],[-2.49798,43.05634],[-2.49807,43.05646],[-2.49818,43.05659],[-2.4982,43.05667],[-2.49821,43.05671],[-2.49819,43.05682],[-2.49818,43.05689],[-2.49816,43.05695],[-2.49811,43.05702],[-2.49798,43.0572],[-2.49796,43.05722],[-2.49793,43.05728],[-2.49789,43.05737],[-2.49789,43.05744],[-2.49789,43.05749],[-2.4979,43.05752]]}},{"type":"Feature","properties":{"id":215186697,"highway":"track","nombre":"Udala auzoa"},"geometry":{"type":"LineString","coordinates":[[-2.53091,43.08736],[-2.53078,43.08731],[-2.5306,43.08724],[-2.53034,43.08714],[-2.52999,43.08704],[-2.5298,43.08699],[-2.52968,43.08697],[-2.52959,43.08697],[-2.5295,43.08697],[-2.52943,43.08698],[-2.52914,43.08705],[-2.529,43.08709]]}},{"type":"Feature","properties":{"id":215186715,"highway":"track"},"geometry":{"type":"LineString","coordinates":[[-2.53528,43.08697],[-2.53523,43.08695],[-2.53499,43.0869],[-2.53484,43.08686],[-2.53477,43.08684],[-2.5347,43.0868],[-2.53462,43.08671],[-2.53451,43.08667],[-2.53446,43.08667],[-2.53442,43.08668],[-2.53436,43.08677],[-2.53428,43.08684],[-2.53422,43.08688],[-2.53406,43.08686],[-2.53397,43.08685],[-2.53376,43.08691],[-2.53331,43.08707],[-2.5332,43.08712],[-2.53301,43.08722],[-2.53293,43.08724],[-2.53281,43.08726],[-2.53264,43.08729],[-2.53228,43.08731],[-2.53207,43.08732],[-2.5319,43.08732],[-2.53169,43.08729],[-2.53152,43.08729],[-2.53125,43.0873],[-2.53109,43.08731],[-2.53095,43.08735],[-2.53091,43.08736]]}},{"type":"Feature","properties":{"id":215186764,"highway":"path","nombre":"Uribarri auzoa"},"geometry":{"type":"LineString","coordinates":[[-2.50535,43.05967],[-2.50538,43.05963],[-2.50542,43.05962],[-2.50549,43.05961],[-2.50568,43.05957],[-2.50579,43.05956],[-2.50589,43.05954],[-2.50598,43.05954],[-2.50608,43.05958],[-2.50618,43.05964],[-2.50628,43.05968],[-2.50635,43.0597],[-2.50644,43.05971],[-2.50663,43.0597],[-2.50691,43.0597],[-2.50711,43.0597],[-2.50737,43.05974],[-2.5075,43.05976],[-2.50767,43.05982],[-2.50784,43.05986],[-2.50784,43.0599],[-2.50783,43.05996],[-2.50782,43.06006],[-2.50779,43.06013],[-2.50773,43.06019]]}},{"type":"Feature","properties":{"id":215186772,"highway":"unclassified","nombre":"Uribarri auzoa"},"geometry":{"type":"LineString","coordinates":[[-2.51849,43.05717],[-2.51853,43.05721],[-2.51859,43.05728],[-2.51862,43.05734],[-2.51872,43.05752],[-2.51877,43.05759],[-2.51882,43.05765],[-2.51888,43.05772],[-2.51897,43.05781],[-2.5191,43.05794],[-2.51919,43.05802],[-2.51925,43.05808],[-2.5194,43.0583],[-2.51954,43.05855],[-2.51957,43.05861],[-2.51957,43.05865],[-2.51957,43.05868],[-2.51952,43.05881],[-2.51939,43.05905],[-2.51932,43.05916],[-2.51931,43.05918],[-2.51928,43.05921]]}},{"type":"Feature","properties":{"id":215186776,"highway":"track","nombre":"Uribarri auzoa"},"geometry":{"type":"LineString","coordinates":[[-2.50258,43.05977],[-2.50242,43.05972],[-2.50233,43.05967],[-2.50225,43.05962],[-2.50219,43.05959],[-2.50213,43.05957],[-2.50207,43.05957],[-2.50194,43.05956],[-2.50176,43.05956],[-2.50162,43.05955],[-2.50149,43.05954],[-2.50133,43.05953],[-2.50109,43.0595],[-2.50085,43.05947],[-2.50066,43.05945],[-2.50056,43.05944],[-2.50043,43.05943],[-2.50029,43.05944],[-2.50016,43.05944],[-2.50007,43.05943],[-2.5,43.05942],[-2.49995,43.0594]]}},{"type":"Feature","properties":{"id":215186843,"highway":"track","nombre":"Uribarri auzoa"},"geometry":{"type":"LineString","coordinates":[[-2.5077,43.07008],[-2.50747,43.07009],[-2.50729,43.07011],[-2.5072,43.07014],[-2.50714,43.07023],[-2.50701,43.07037],[-2.50697,43.07042],[-2.50689,43.07058],[-2.50679,43.07075],[-2.50678,43.07077],[-2.50669,43.07088],[-2.50658,43.07097],[-2.50653,43.071],[-2.50647,43.07106]]}},{"type":"Feature","properties":{"id":215186851,"highway":"path","nombre":"Uribarri auzoa"},"geometry":{"type":"LineString","coordinates":[[-2.50535,43.05967],[-2.50542,43.05969],[-2.50546,43.05968],[-2.50568,43.05968],[-2.50586,43.05969],[-2.50599,43.05969],[-2.50613,43.05971],[-2.5063,43.05974],[-2.50663,43.0598],[-2.50668,43.05984],[-2.50667,43.05986]]}},{"type":"Feature","properties":{"id":215206526,"highway":"residential"},"geometry":{"type":"LineString","coordinates":[[-2.50151,43.06056],[-2.50132,43.0606],[-2.5011,43.06063],[-2.50088,43.06064],[-2.50071,43.06065],[-2.50058,43.06068],[-2.50051,43.06069],[-2.50034,43.06075],[-2.50017,43.06084],[-2.5,43.06091],[-2.49995,43.06094],[-2.49987,43.06097],[-2.49974,43.06101],[-2.49956,43.06104],[-2.49933,43.06103],[-2.4992,43.06102],[-2.49903,43.061],[-2.49857,43.06093],[-2.49836,43.06093],[-2.49824,43.06094],[-2.49777,43.06098],[-2.49662,43.06111],[-2.4965,43.06114],[-2.4964,43.06117],[-2.49633,43.06122],[-2.49627,43.06126]]}},{"type":"Feature","properties":{"id":215206527,"highway":"footway","nombre":"San Andres auzoa","puente":"yes"},"geometry":{"type":"LineString","coordinates":[[-2.4915,43.05773],[-2.49165,43.05781],[-2.49179,43.05788],[-2.49186,43.05792],[-2.49187,43.05792]]}},{"type":"Feature","properties":{"id":215206528,"highway":"unclassified","nombre":"San Andres auzoa"},"geometry":{"type":"LineString","coordinates":[[-2.49141,43.05369],[-2.4916,43.054],[-2.49168,43.05415],[-2.49174,43.05416]]}},{"type":"Feature","properties":{"id":215206529,"highway":"residential","nombre":"Garagartza auzoa"},"geometry":{"type":"LineString","coordinates":[[-2.51769,43.0705],[-2.51765,43.07048],[-2.51755,43.07046],[-2.51733,43.07049],[-2.51709,43.07051],[-2.51705,43.07051],[-2.517,43.07052],[-2.51695,43.07054],[-2.5169,43.07055],[-2.51681,43.07059],[-2.51661,43.07066],[-2.5164,43.07076],[-2.51637,43.07076],[-2.51633,43.07077],[-2.51629,43.07078],[-2.51624,43.07078],[-2.51615,43.07079],[-2.51613,43.07079],[-2.51609,43.0708],[-2.51602,43.0708],[-2.51599,43.07081],[-2.51593,43.07082],[-2.51586,43.07084],[-2.51577,43.07087],[-2.51568,43.0709],[-2.51565,43.07091],[-2.51557,43.07094],[-2.5155,43.07098],[-2.51547,43.071]]}},{"type":"Feature","properties":{"id":215206530,"highway":"unclassified"},"geometry":{"type":"LineString","coordinates":[[-2.49063,43.05269],[-2.4906,43.0529],[-2.4905,43.05308],[-2.49028,43.05336],[-2.49002,43.05377],[-2.48991,43.05392],[-2.4898,43.054],[-2.48972,43.05407],[-2.48963,43.05415],[-2.48963,43.05422],[-2.48967,43.05428],[-2.48978,43.05432]]}},{"type":"Feature","properties":{"id":215206531,"highway":"residential","nombre":"Istizabal Garagartza"},"geometry":{"type":"LineString","coordinates":[[-2.51916,43.0708],[-2.51922,43.07081],[-2.51975,43.07092],[-2.5201,43.07098],[-2.52035,43.07103],[-2.52045,43.07104],[-2.52047,43.07105],[-2.5207,43.07107],[-2.52084,43.07108],[-2.52086,43.07108],[-2.52119,43.07106],[-2.52131,43.07104],[-2.5214,43.07103],[-2.52154,43.07101],[-2.52164,43.07099],[-2.52171,43.07097],[-2.52174,43.07097],[-2.52191,43.07093]]}},{"type":"Feature","properties":{"id":215206532,"highway":"tertiary","nombre":"San Andres auzoa","ref":"GI-3554","superficie":"asphalt"},"geometry":{"type":"LineString","coordinates":[[-2.49015,43.0555],[-2.49035,43.05568],[-2.49038,43.05571],[-2.49048,43.05586],[-2.49054,43.05594],[-2.49063,43.0561],[-2.4907,43.05622],[-2.49075,43.05627],[-2.49081,43.05633],[-2.49085,43.05636],[-2.49089,43.05639],[-2.49105,43.05641],[-2.49122,43.05642]]}},{"type":"Feature","properties":{"id":215206534,"highway":"track"},"geometry":{"type":"LineString","coordinates":[[-2.47968,43.06021],[-2.4795,43.06032],[-2.47935,43.06041],[-2.4792,43.06048],[-2.47911,43.0605],[-2.47904,43.06051],[-2.47901,43.06047],[-2.47901,43.06043],[-2.47907,43.06038],[-2.4792,43.06019],[-2.47925,43.06003]]}},{"type":"Feature","properties":{"id":215206535,"highway":"track"},"geometry":{"type":"LineString","coordinates":[[-2.49052,43.06072],[-2.4905,43.06086],[-2.49049,43.06093],[-2.49047,43.06102],[-2.49042,43.06121],[-2.4904,43.06137],[-2.49033,43.06157],[-2.49019,43.06179],[-2.49002,43.06191],[-2.48988,43.06201],[-2.48953,43.06218],[-2.48912,43.06222],[-2.48847,43.06216],[-2.48817,43.06213],[-2.48799,43.06213],[-2.48793,43.06214]]}},{"type":"Feature","properties":{"id":215206538,"highway":"footway","nombre":"San Andres auzoa"},"geometry":{"type":"LineString","coordinates":[[-2.49187,43.05792],[-2.49187,43.05793],[-2.49188,43.05793],[-2.49189,43.05794],[-2.49189,43.05794],[-2.4919,43.05795],[-2.4919,43.05796],[-2.49191,43.05796],[-2.49191,43.05797],[-2.49191,43.05798],[-2.49191,43.05799],[-2.49191,43.058],[-2.49191,43.058],[-2.49191,43.05801],[-2.4919,43.05802],[-2.4919,43.05803],[-2.4919,43.05803],[-2.49189,43.05804],[-2.49188,43.05805],[-2.49187,43.05805],[-2.49187,43.05806],[-2.49186,43.05806],[-2.49185,43.05807],[-2.4918,43.0581],[-2.49175,43.05813],[-2.49162,43.05826],[-2.49148,43.05841],[-2.49132,43.05861],[-2.49126,43.05868],[-2.49124,43.05872],[-2.49125,43.05874],[-2.4913,43.05875]]}},{"type":"Feature","properties":{"id":215206539,"highway":"residential","oneway":"yes"},"geometry":{"type":"LineString","coordinates":[[-2.49501,43.05695],[-2.49504,43.05683],[-2.49504,43.05677],[-2.49503,43.05671],[-2.49501,43.05664],[-2.49493,43.05649]]}},{"type":"Feature","properties":{"id":215206540,"highway":"tertiary","nombre":"San Andres auzoa","ref":"GI-3554","puente":"yes","superficie":"asphalt"},"geometry":{"type":"LineString","coordinates":[[-2.48904,43.05465],[-2.48991,43.05527]]}},{"type":"Feature","properties":{"id":215206541,"highway":"unclassified"},"geometry":{"type":"LineString","coordinates":[[-2.47989,43.06172],[-2.47965,43.06179],[-2.47949,43.06183],[-2.47938,43.06181],[-2.47929,43.06175]]}},{"type":"Feature","properties":{"id":215206542,"highway":"unclassified","superficie":"asphalt"},"geometry":{"type":"LineString","coordinates":[[-2.47786,43.06125],[-2.47792,43.06118],[-2.47803,43.0611],[-2.47815,43.06103],[-2.47829,43.06098],[-2.4784,43.06094],[-2.47861,43.06091],[-2.4788,43.06088],[-2.4789,43.06086],[-2.47914,43.06072],[-2.47936,43.06059],[-2.47953,43.06046],[-2.47961,43.06038],[-2.47967,43.06029],[-2.47968,43.06021]]}},{"type":"Feature","properties":{"id":215225789,"highway":"unclassified"},"geometry":{"type":"LineString","coordinates":[[-2.53383,43.07162],[-2.53417,43.07102],[-2.53429,43.07082],[-2.53451,43.07055],[-2.53458,43.07044],[-2.53469,43.07022],[-2.53472,43.07014],[-2.53476,43.07006],[-2.53493,43.06992],[-2.53541,43.06953],[-2.53575,43.06931],[-2.5359,43.06915],[-2.53608,43.06877],[-2.53621,43.06851],[-2.53628,43.06824],[-2.53632,43.06805]]}},{"type":"Feature","properties":{"id":215225792,"highway":"service"},"geometry":{"type":"LineString","coordinates":[[-2.53329,43.06777],[-2.5333,43.06775],[-2.53332,43.06773],[-2.53335,43.06771],[-2.53337,43.06769],[-2.5334,43.06768],[-2.53361,43.0676],[-2.53365,43.06759],[-2.53373,43.06757],[-2.53377,43.06756],[-2.53382,43.06756],[-2.53388,43.06756],[-2.53393,43.06757],[-2.53398,43.06757],[-2.53403,43.06759],[-2.53431,43.06768],[-2.53437,43.06769]]}},{"type":"Feature","properties":{"id":215228551,"highway":"service","nombre":"Uribarri auzoa"},"geometry":{"type":"LineString","coordinates":[[-2.51796,43.07336],[-2.51804,43.07346],[-2.51811,43.07354],[-2.51814,43.07358],[-2.51815,43.07361],[-2.51815,43.07362],[-2.51813,43.07363],[-2.51805,43.07361],[-2.51795,43.07357],[-2.51781,43.07347],[-2.51765,43.07341],[-2.51733,43.0733],[-2.51708,43.07322],[-2.51697,43.07321],[-2.51683,43.07321],[-2.51649,43.07325],[-2.51627,43.07326]]}},{"type":"Feature","properties":{"id":215238925,"highway":"tertiary","ref":"GI-3552"},"geometry":{"type":"LineString","coordinates":[[-2.49956,43.06599],[-2.49969,43.06608],[-2.49981,43.06613],[-2.49991,43.06615],[-2.49999,43.06614],[-2.5001,43.06611],[-2.50015,43.06607],[-2.50022,43.06602],[-2.50026,43.06594],[-2.50029,43.06586],[-2.50029,43.0658],[-2.50031,43.06575],[-2.50035,43.06568],[-2.50041,43.0656],[-2.5005,43.06549],[-2.50057,43.06542],[-2.50064,43.06535],[-2.50071,43.06531],[-2.50078,43.06529],[-2.50087,43.06527],[-2.50097,43.06527],[-2.5011,43.06528],[-2.50125,43.06528],[-2.50142,43.0653],[-2.50154,43.06533],[-2.50165,43.06537],[-2.50169,43.06539],[-2.50177,43.06544],[-2.50183,43.06549],[-2.50191,43.0656],[-2.50199,43.06572],[-2.50204,43.06586],[-2.50205,43.06602],[-2.50203,43.06611],[-2.50199,43.06621],[-2.50186,43.06642],[-2.50165,43.06678],[-2.50154,43.06693],[-2.50144,43.06702],[-2.50125,43.06718],[-2.50121,43.06721],[-2.50115,43.06727],[-2.5011,43.06734],[-2.50105,43.06744],[-2.50102,43.06755],[-2.50098,43.06767],[-2.50094,43.06773],[-2.50087,43.06779],[-2.5008,43.06783],[-2.50072,43.06786],[-2.5006,43.06788],[-2.50051,43.06788],[-2.50032,43.06787],[-2.50025,43.06787],[-2.5002,43.06788],[-2.50014,43.06792],[-2.50011,43.06799],[-2.50015,43.06806],[-2.50024,43.0681],[-2.50039,43.06814],[-2.50055,43.06814],[-2.50075,43.06812],[-2.50092,43.06808],[-2.50101,43.06807],[-2.50113,43.06807],[-2.50115,43.06807],[-2.50131,43.06808],[-2.50148,43.06813],[-2.50159,43.06818],[-2.5017,43.06824],[-2.50186,43.06835],[-2.50198,43.06848],[-2.50204,43.0686],[-2.50215,43.06887],[-2.50221,43.06903],[-2.50228,43.06919],[-2.50236,43.0693],[-2.50245,43.06936],[-2.50261,43.06944],[-2.50282,43.06954],[-2.50298,43.06961],[-2.5031,43.06965],[-2.50321,43.06966],[-2.50339,43.06966],[-2.50352,43.06967],[-2.50354,43.06968],[-2.50364,43.0697],[-2.50376,43.06975],[-2.50391,43.06984],[-2.50404,43.06995],[-2.50415,43.07005],[-2.50443,43.07035],[-2.50475,43.07071],[-2.50486,43.07081],[-2.50497,43.07087],[-2.50507,43.0709],[-2.50523,43.07092],[-2.50543,43.07093],[-2.50579,43.07094],[-2.50599,43.07095],[-2.50615,43.07097],[-2.50626,43.07098],[-2.50636,43.07101],[-2.50647,43.07106],[-2.50667,43.07114],[-2.50698,43.0713],[-2.50716,43.0714],[-2.5073,43.07152],[-2.50749,43.07169],[-2.50752,43.07172],[-2.50763,43.07182],[-2.50778,43.07193],[-2.50799,43.07206],[-2.50839,43.0723],[-2.50859,43.07243],[-2.50914,43.07277],[-2.50941,43.0729],[-2.50954,43.07296],[-2.50975,43.07306],[-2.50993,43.07313],[-2.51023,43.07321],[-2.5105,43.07327],[-2.51086,43.07332],[-2.51122,43.07335],[-2.51152,43.07338],[-2.5117,43.07339],[-2.51185,43.07343],[-2.51188,43.07343],[-2.51215,43.07349],[-2.51235,43.07355],[-2.51252,43.07365],[-2.51271,43.07379],[-2.51284,43.07397],[-2.51294,43.07408],[-2.51312,43.07425],[-2.51316,43.07428],[-2.51332,43.07438],[-2.51379,43.07463],[-2.51438,43.07494],[-2.51464,43.07507],[-2.51482,43.07513],[-2.51499,43.07516],[-2.51524,43.07518],[-2.51547,43.07519],[-2.51571,43.07523],[-2.5159,43.07529],[-2.51609,43.07536],[-2.5163,43.07548],[-2.51644,43.07563],[-2.51652,43.07573],[-2.51659,43.07588],[-2.51663,43.07607],[-2.51665,43.07621],[-2.51663,43.07631],[-2.51656,43.07652],[-2.51645,43.07679],[-2.51637,43.07694],[-2.51627,43.07702],[-2.51613,43.07708],[-2.516,43.07709],[-2.51573,43.07709],[-2.51556,43.07709],[-2.51547,43.07711],[-2.51535,43.07717],[-2.51526,43.07727],[-2.51515,43.07743],[-2.51511,43.07753],[-2.51511,43.07766],[-2.51515,43.07776],[-2.51526,43.07789],[-2.51547,43.07811],[-2.51573,43.07837],[-2.51588,43.07853],[-2.51602,43.07867],[-2.51612,43.07877],[-2.5162,43.07892],[-2.51625,43.07905],[-2.51625,43.07915],[-2.5162,43.07921],[-2.51611,43.07926],[-2.51602,43.07926],[-2.51594,43.07923],[-2.51587,43.07915],[-2.51582,43.07899],[-2.51577,43.07886],[-2.5157,43.07881],[-2.5156,43.07873],[-2.51547,43.07866],[-2.51535,43.07858],[-2.51524,43.07852],[-2.51516,43.07849],[-2.51504,43.07846],[-2.51492,43.07844],[-2.51474,43.07843],[-2.51454,43.07846],[-2.51437,43.07852],[-2.51398,43.07863],[-2.51379,43.07866],[-2.5137,43.07866]]}},{"type":"Feature","properties":{"id":215238926,"highway":"tertiary","nombre":"Bizkaia etorbidea","ref":"GI-3551"},"geometry":{"type":"LineString","coordinates":[[-2.49706,43.0838],[-2.49707,43.08363],[-2.49709,43.08348],[-2.49711,43.08339],[-2.49713,43.08327],[-2.49729,43.0828],[-2.49746,43.08225],[-2.49751,43.08209],[-2.49761,43.08194],[-2.49807,43.0812],[-2.49821,43.08099],[-2.4983,43.08079],[-2.49866,43.07994],[-2.49873,43.07978],[-2.49875,43.07966],[-2.49874,43.07956],[-2.49867,43.07936],[-2.49864,43.07924],[-2.49866,43.07916],[-2.49874,43.07892],[-2.49899,43.07859],[-2.49929,43.07833],[-2.4994,43.07826],[-2.49959,43.07815],[-2.49976,43.07809],[-2.49996,43.07807],[-2.50013,43.07809],[-2.50032,43.07812],[-2.50071,43.07819],[-2.50081,43.0782],[-2.50102,43.07822],[-2.50113,43.07821],[-2.50122,43.07818],[-2.50128,43.07814],[-2.50135,43.07806],[-2.50138,43.07797],[-2.50138,43.07786],[-2.50133,43.0777],[-2.50126,43.0775],[-2.50127,43.07745],[-2.50129,43.07738],[-2.50135,43.0773],[-2.50147,43.0772],[-2.50161,43.07711],[-2.50177,43.07699],[-2.50182,43.07693],[-2.50185,43.07685],[-2.50184,43.07678],[-2.50182,43.07672],[-2.50172,43.07663],[-2.5015,43.07655],[-2.50139,43.07654],[-2.50123,43.07656],[-2.50069,43.07663],[-2.50054,43.07664],[-2.50042,43.07664],[-2.50031,43.07662],[-2.50018,43.07655],[-2.50003,43.07644],[-2.49984,43.0763],[-2.49975,43.07627],[-2.49956,43.07624],[-2.49915,43.07617],[-2.49877,43.0761],[-2.49862,43.07606],[-2.49851,43.076],[-2.49841,43.07593],[-2.49834,43.07582],[-2.49829,43.0757],[-2.49828,43.07558],[-2.4983,43.07548],[-2.49835,43.07538],[-2.49844,43.0752],[-2.49845,43.07505],[-2.49846,43.07497],[-2.49846,43.07478],[-2.49849,43.07458],[-2.49852,43.07429],[-2.49851,43.0742],[-2.49849,43.07417],[-2.49848,43.07413],[-2.49841,43.07404],[-2.49831,43.07397],[-2.49819,43.0739],[-2.49811,43.07384],[-2.49805,43.07375],[-2.49802,43.07367],[-2.49801,43.07355],[-2.49799,43.07337],[-2.49797,43.07328],[-2.49791,43.07315],[-2.49781,43.07304],[-2.49769,43.07289],[-2.49763,43.07279],[-2.49753,43.07258],[-2.49746,43.07241],[-2.49743,43.0722],[-2.49741,43.0721],[-2.49738,43.07198],[-2.49733,43.07182],[-2.49715,43.0715],[-2.49692,43.07104],[-2.49689,43.07095],[-2.4969,43.07086],[-2.49693,43.07078],[-2.49699,43.07069],[-2.49705,43.07059],[-2.49707,43.07048],[-2.49707,43.07039],[-2.49704,43.07026],[-2.49696,43.0701],[-2.49693,43.06999],[-2.49693,43.06989],[-2.49695,43.06981],[-2.49696,43.06978],[-2.49699,43.06961],[-2.497,43.06952],[-2.497,43.06943],[-2.49698,43.06933],[-2.49693,43.06923],[-2.49688,43.06917],[-2.49684,43.06911],[-2.49675,43.06901],[-2.49639,43.06825],[-2.49626,43.06806],[-2.49616,43.06797],[-2.49611,43.06791],[-2.49605,43.06773],[-2.49604,43.06763],[-2.49603,43.06757],[-2.49603,43.06731],[-2.49602,43.06723],[-2.49599,43.06713],[-2.49589,43.06693],[-2.49575,43.06674],[-2.49561,43.06651],[-2.49549,43.06635],[-2.49544,43.06628],[-2.49529,43.06607],[-2.49511,43.06584],[-2.49501,43.06571],[-2.49487,43.06553],[-2.49482,43.06548],[-2.49475,43.06545],[-2.49457,43.06539],[-2.49442,43.06534]]}},{"type":"Feature","properties":{"id":215241553,"highway":"service","nombre":"Garagartza auzoa"},"geometry":{"type":"LineString","coordinates":[[-2.52245,43.07605],[-2.52235,43.07618],[-2.52234,43.07623],[-2.52233,43.07626],[-2.52228,43.0763],[-2.52221,43.07636],[-2.52216,43.07639],[-2.52211,43.07641],[-2.52206,43.07642],[-2.52199,43.07642],[-2.52197,43.07641],[-2.52195,43.07639],[-2.52193,43.07634],[-2.52192,43.0763]]}},{"type":"Feature","properties":{"id":215244628,"highway":"track"},"geometry":{"type":"LineString","coordinates":[[-2.51218,43.07457],[-2.51217,43.07452],[-2.51212,43.07446],[-2.51209,43.0744],[-2.51209,43.07435],[-2.51209,43.07433],[-2.51212,43.07431],[-2.51218,43.07431],[-2.51227,43.07434],[-2.51241,43.0744],[-2.51266,43.07449],[-2.51283,43.07455],[-2.51295,43.07458],[-2.51305,43.0746],[-2.51316,43.07462],[-2.51327,43.07463],[-2.51336,43.07463],[-2.51344,43.07462],[-2.51347,43.07459],[-2.51347,43.07456],[-2.51336,43.07448],[-2.51319,43.07437],[-2.51316,43.07428]]}},{"type":"Feature","properties":{"id":215353818,"highway":"service"},"geometry":{"type":"LineString","coordinates":[[-2.49149,43.07134],[-2.4915,43.07146],[-2.49149,43.07162],[-2.49148,43.07177],[-2.49147,43.07188],[-2.49145,43.07198],[-2.4914,43.07208],[-2.49132,43.07218],[-2.49121,43.0723],[-2.49106,43.07242],[-2.49092,43.0725],[-2.49081,43.07255],[-2.49068,43.07253],[-2.49066,43.0725],[-2.49068,43.07244],[-2.49076,43.07238],[-2.4908,43.07231],[-2.49082,43.07224],[-2.4908,43.07216],[-2.49075,43.07205],[-2.49063,43.07194],[-2.49053,43.07186],[-2.49042,43.0718],[-2.49027,43.07174],[-2.4901,43.07169],[-2.48987,43.07162],[-2.48973,43.07159],[-2.48963,43.0716],[-2.48961,43.07164]]}},{"type":"Feature","properties":{"id":215524965,"highway":"track"},"geometry":{"type":"MultiLineString","coordinates":[[[-2.52334,43.05245],[-2.52343,43.05257],[-2.52388,43.05325],[-2.52407,43.05378],[-2.52412,43.05384],[-2.5242,43.05388],[-2.52633,43.05442],[-2.52643,43.05443],[-2.52651,43.05441],[-2.52655,43.05438],[-2.5265,43.05432],[-2.52598,43.05402],[-2.52577,43.05381],[-2.52573,43.05377],[-2.52548,43.05352],[-2.52507,43.05284],[-2.52497,43.05243],[-2.52498,43.05235],[-2.52497,43.05228]],[[-2.52512,43.05227],[-2.52512,43.0523],[-2.52516,43.05238],[-2.52539,43.05262],[-2.52598,43.0531],[-2.52726,43.05364],[-2.52747,43.05375],[-2.52757,43.05381],[-2.52761,43.05381],[-2.52766,43.0538],[-2.52768,43.05378],[-2.52765,43.05374],[-2.52743,43.05362],[-2.52674,43.05298],[-2.52641,43.05253],[-2.52625,43.05215]],[[-2.5273,43.05204],[-2.52782,43.05227],[-2.52798,43.05239],[-2.52822,43.05257],[-2.52835,43.05272],[-2.52853,43.05273],[-2.52866,43.05268],[-2.52867,43.05254],[-2.5286,43.0523],[-2.52858,43.05212],[-2.5286,43.05207],[-2.52861,43.05205],[-2.52862,43.05196]]]}},{"type":"Feature","properties":{"id":223314527,"highway":"service","oneway":"yes"},"geometry":{"type":"LineString","coordinates":[[-2.48671,43.06596],[-2.48679,43.06598],[-2.48684,43.06598]]}},{"type":"Feature","properties":{"id":223314822,"highway":"living_street","nombre":"Erdiko kalea","superficie":"sett"},"geometry":{"type":"LineString","coordinates":[[-2.4912,43.06541],[-2.49141,43.0653],[-2.49175,43.06512],[-2.49195,43.06503]]}},{"type":"Feature","properties":{"id":223314823,"highway":"living_street","superficie":"paving_stones"},"geometry":{"type":"LineString","coordinates":[[-2.48913,43.06626],[-2.48916,43.06626],[-2.48928,43.06623]]}},{"type":"Feature","properties":{"id":223315140,"highway":"service"},"geometry":{"type":"LineString","coordinates":[[-2.50901,43.06404],[-2.50905,43.06402],[-2.50998,43.0635],[-2.51081,43.06427],[-2.50989,43.06481]]}},{"type":"Feature","properties":{"id":223315477,"highway":"service"},"geometry":{"type":"LineString","coordinates":[[-2.51596,43.06751],[-2.5161,43.06753],[-2.51629,43.06755],[-2.517,43.06765],[-2.51721,43.06774],[-2.51745,43.06789],[-2.51765,43.06805],[-2.51779,43.06822],[-2.51781,43.06843],[-2.51778,43.06871],[-2.51775,43.06899],[-2.51773,43.06935],[-2.5177,43.0697],[-2.51767,43.06997],[-2.51762,43.07013],[-2.51746,43.07024],[-2.51728,43.07031]]}},{"type":"Feature","properties":{"id":223315478,"highway":"service","oneway":"yes"},"geometry":{"type":"LineString","coordinates":[[-2.5161,43.06753],[-2.51608,43.06751],[-2.51601,43.06749],[-2.51597,43.06745],[-2.51597,43.06738],[-2.51597,43.06735],[-2.51598,43.06729],[-2.51598,43.06721]]}},{"type":"Feature","properties":{"id":223315479,"highway":"service","oneway":"yes"},"geometry":{"type":"LineString","coordinates":[[-2.51576,43.06717],[-2.51578,43.06721],[-2.51583,43.06728],[-2.51584,43.06734],[-2.51584,43.06738],[-2.51586,43.06748],[-2.51596,43.06751]]}},{"type":"Feature","properties":{"id":223574916,"highway":"unclassified"},"geometry":{"type":"LineString","coordinates":[[-2.46839,43.07661],[-2.46815,43.07633],[-2.46808,43.07624],[-2.46794,43.0761],[-2.46775,43.07593],[-2.46756,43.07576],[-2.4674,43.07562],[-2.46733,43.07559],[-2.46729,43.07559]]}},{"type":"Feature","properties":{"id":224518032,"highway":"residential","nombre":"Biteri etorbidea","oneway":"yes"},"geometry":{"type":"LineString","coordinates":[[-2.48752,43.06422],[-2.48755,43.06427],[-2.48756,43.0643],[-2.48758,43.06434],[-2.48765,43.06442],[-2.4878,43.06463],[-2.48785,43.06469],[-2.48789,43.06476],[-2.48825,43.06523],[-2.4883,43.06529],[-2.48831,43.0653],[-2.48835,43.06531]]}},{"type":"Feature","properties":{"id":224518034,"highway":"residential","nombre":"Nafarroa etorbidea","oneway":"no"},"geometry":{"type":"LineString","coordinates":[[-2.48752,43.06422],[-2.48734,43.0642],[-2.48692,43.06412],[-2.48633,43.06404],[-2.48559,43.06393],[-2.48546,43.06391],[-2.4854,43.0639]]}},{"type":"Feature","properties":{"id":224518657,"highway":"residential","nombre":"Nafarroa etorbidea","oneway":"no"},"geometry":{"type":"LineString","coordinates":[[-2.49024,43.06392],[-2.49021,43.06393],[-2.49005,43.06399],[-2.48958,43.06414],[-2.48928,43.06421],[-2.48913,43.06425],[-2.48898,43.06427],[-2.48878,43.06428],[-2.48861,43.06428],[-2.488,43.06423],[-2.48769,43.06421],[-2.48757,43.0642],[-2.48752,43.06422]]}},{"type":"Feature","properties":{"id":224518658,"highway":"tertiary","nombre":"Garibai etorbidea","oneway":"yes"},"geometry":{"type":"LineString","coordinates":[[-2.49079,43.06425],[-2.49084,43.06419],[-2.49096,43.06402],[-2.49099,43.06397]]}},{"type":"Feature","properties":{"id":224518659,"highway":"tertiary","nombre":"Garibai etorbidea","oneway":"yes"},"geometry":{"type":"LineString","coordinates":[[-2.49076,43.06394],[-2.49075,43.06398],[-2.49079,43.06409],[-2.4908,43.06415],[-2.49079,43.06425]]}},{"type":"Feature","properties":{"id":224518660,"highway":"residential","nombre":"Nafarroa etorbidea","oneway":"yes"},"geometry":{"type":"LineString","coordinates":[[-2.49024,43.06392],[-2.49042,43.06389],[-2.49057,43.0639],[-2.49071,43.06393],[-2.49075,43.06393]]}},{"type":"Feature","properties":{"id":224778930,"highway":"primary_link","ref":"GI-627","oneway":"yes","superficie":"asphalt"},"geometry":{"type":"LineString","coordinates":[[-2.49881,43.04715],[-2.49888,43.04714]]}},{"type":"Feature","properties":{"id":224779653,"highway":"living_street","nombre":"Arrasate pasealekua","oneway":"no"},"geometry":{"type":"LineString","coordinates":[[-2.49569,43.06288],[-2.49571,43.0629]]}},{"type":"Feature","properties":{"id":225447831,"highway":"service","oneway":"yes"},"geometry":{"type":"MultiLineString","coordinates":[[[-2.46195,43.07549],[-2.46184,43.07556]],[[-2.46195,43.07556],[-2.46195,43.07549]]]}},{"type":"Feature","properties":{"id":225447832,"highway":"service"},"geometry":{"type":"LineString","coordinates":[[-2.46805,43.074],[-2.46809,43.07408],[-2.46809,43.0741],[-2.46819,43.07434],[-2.46786,43.07467],[-2.46729,43.07518],[-2.46714,43.0753],[-2.46699,43.07537],[-2.46686,43.0754],[-2.46674,43.07541],[-2.46659,43.07541],[-2.46646,43.07539],[-2.46569,43.07521],[-2.46487,43.07503],[-2.46464,43.07478]]}},{"type":"Feature","properties":{"id":225447833,"highway":"service"},"geometry":{"type":"LineString","coordinates":[[-2.46412,43.07496],[-2.46409,43.07498],[-2.464,43.07499],[-2.46396,43.07497],[-2.46395,43.07491],[-2.46388,43.07481],[-2.46384,43.0748],[-2.46375,43.07479],[-2.46346,43.07487],[-2.4629,43.07497],[-2.46272,43.07503],[-2.46264,43.07507]]}},{"type":"Feature","properties":{"id":225447834,"highway":"service"},"geometry":{"type":"LineString","coordinates":[[-2.46248,43.07516],[-2.46195,43.07549]]}},{"type":"Feature","properties":{"id":225449417,"highway":"residential","nombre":"Musakola auzoa","oneway":"yes"},"geometry":{"type":"LineString","coordinates":[[-2.4731,43.07111],[-2.47318,43.07111],[-2.47327,43.07109],[-2.47335,43.07104],[-2.4734,43.07101],[-2.47344,43.07098],[-2.47348,43.07095]]}},{"type":"Feature","properties":{"id":225449418,"highway":"residential","nombre":"Musakola auzoa","superficie":"asphalt"},"geometry":{"type":"LineString","coordinates":[[-2.4731,43.07111],[-2.47299,43.07115],[-2.47292,43.07119],[-2.47287,43.07122],[-2.47286,43.07122],[-2.47191,43.0719],[-2.47141,43.07226],[-2.47139,43.07233]]}},{"type":"Feature","properties":{"id":225706830,"highway":"service","oneway":"yes"},"geometry":{"type":"LineString","coordinates":[[-2.4645,43.07481],[-2.46448,43.07484],[-2.46445,43.07487],[-2.46442,43.07493],[-2.4644,43.075],[-2.46438,43.07507]]}},{"type":"Feature","properties":{"id":225802972,"highway":"residential","nombre":"Zerkaosteta kalea"},"geometry":{"type":"LineString","coordinates":[[-2.49071,43.06486],[-2.4906,43.0649],[-2.49047,43.06495],[-2.49033,43.065],[-2.49026,43.06503],[-2.48987,43.0652],[-2.4897,43.06528]]}},{"type":"Feature","properties":{"id":226423601,"highway":"unclassified"},"geometry":{"type":"LineString","coordinates":[[-2.50956,43.06206],[-2.50942,43.06213],[-2.50843,43.06128],[-2.50828,43.06115]]}},{"type":"Feature","properties":{"id":226429194,"highway":"service"},"geometry":{"type":"LineString","coordinates":[[-2.50161,43.06046],[-2.501,43.06054],[-2.50088,43.06056],[-2.50071,43.06065]]}},{"type":"Feature","properties":{"id":226429195,"highway":"service"},"geometry":{"type":"LineString","coordinates":[[-2.501,43.06054],[-2.50096,43.06042],[-2.50079,43.06046],[-2.50062,43.06051],[-2.50044,43.06053]]}},{"type":"Feature","properties":{"id":227876173,"highway":"service"},"geometry":{"type":"LineString","coordinates":[[-2.50717,43.0638],[-2.50706,43.06379],[-2.5068,43.0637],[-2.50612,43.06342],[-2.506,43.0634],[-2.50584,43.06343],[-2.50525,43.06361]]}},{"type":"Feature","properties":{"id":227878819,"highway":"unclassified","oneway":"yes"},"geometry":{"type":"LineString","coordinates":[[-2.50715,43.062],[-2.50712,43.06197],[-2.50707,43.06195],[-2.50702,43.06194]]}},{"type":"Feature","properties":{"id":227880622,"highway":"unclassified","nombre":"San Andres auzoa","oneway":"yes"},"geometry":{"type":"LineString","coordinates":[[-2.49178,43.05416],[-2.49178,43.05404],[-2.49182,43.0539],[-2.49199,43.05342],[-2.4921,43.0531],[-2.49216,43.05295],[-2.49225,43.05281],[-2.49244,43.05259],[-2.49278,43.05227],[-2.49309,43.05195],[-2.49323,43.0518],[-2.49352,43.05148],[-2.4936,43.05142],[-2.49366,43.05137]]}},{"type":"Feature","properties":{"id":228003387,"highway":"service","nombre":"Musakola auzoa"},"geometry":{"type":"LineString","coordinates":[[-2.47045,43.07084],[-2.47044,43.0708],[-2.47036,43.07079]]}},{"type":"Feature","properties":{"id":228003388,"highway":"service","nombre":"Musakola auzoa","puente":"yes"},"geometry":{"type":"LineString","coordinates":[[-2.47066,43.07167],[-2.47073,43.07158],[-2.47073,43.07151],[-2.47067,43.07138],[-2.47053,43.07108],[-2.47045,43.07084]]}},{"type":"Feature","properties":{"id":228200352,"highway":"residential","nombre":"Azeri kalea","oneway":"yes"},"geometry":{"type":"LineString","coordinates":[[-2.49375,43.05835],[-2.49371,43.0583],[-2.4937,43.05825],[-2.4937,43.05824],[-2.4937,43.05816]]}},{"type":"Feature","properties":{"id":228200353,"highway":"residential","oneway":"yes"},"geometry":{"type":"LineString","coordinates":[[-2.49351,43.05834],[-2.49357,43.05834],[-2.49368,43.05832],[-2.49375,43.05835]]}},{"type":"Feature","properties":{"id":228560569,"highway":"service"},"geometry":{"type":"LineString","coordinates":[[-2.47771,43.06936],[-2.47776,43.06941],[-2.47789,43.06955],[-2.47793,43.06957],[-2.478,43.06954],[-2.47848,43.06933],[-2.4785,43.06929],[-2.4785,43.06927],[-2.47841,43.06918],[-2.47822,43.06907]]}},{"type":"Feature","properties":{"id":229206940,"highway":"service","oneway":"yes","superficie":"asphalt"},"geometry":{"type":"LineString","coordinates":[[-2.47682,43.06316],[-2.47659,43.06339],[-2.47637,43.06374],[-2.47616,43.0641]]}},{"type":"Feature","properties":{"id":229207407,"highway":"service","oneway":"yes","superficie":"asphalt"},"geometry":{"type":"LineString","coordinates":[[-2.47682,43.06316],[-2.47669,43.06318],[-2.47649,43.0632],[-2.4764,43.06327],[-2.47628,43.06342],[-2.4762,43.06355],[-2.47605,43.06378],[-2.47605,43.0639],[-2.47606,43.06393],[-2.4761,43.06401],[-2.47616,43.0641]]}},{"type":"Feature","properties":{"id":229440345,"highway":"steps"},"geometry":{"type":"LineString","coordinates":[[-2.50109,43.06296],[-2.50112,43.06293],[-2.50112,43.06278]]}},{"type":"Feature","properties":{"id":229440346,"highway":"steps"},"geometry":{"type":"LineString","coordinates":[[-2.50112,43.06296],[-2.50113,43.06318]]}},{"type":"Feature","properties":{"id":229440836,"highway":"residential","nombre":"Isasi kalea"},"geometry":{"type":"LineString","coordinates":[[-2.5077,43.06533],[-2.50757,43.06529],[-2.50742,43.06529],[-2.5073,43.06531],[-2.50719,43.06535],[-2.50709,43.06539],[-2.50701,43.06545],[-2.50692,43.06557]]}},{"type":"Feature","properties":{"id":229447276,"highway":"service"},"geometry":{"type":"LineString","coordinates":[[-2.50712,43.05996],[-2.50707,43.06004],[-2.50702,43.06051]]}},{"type":"Feature","properties":{"id":229447277,"highway":"unclassified","oneway":"yes"},"geometry":{"type":"LineString","coordinates":[[-2.50672,43.05988],[-2.5067,43.05991],[-2.50666,43.05995],[-2.50661,43.06054],[-2.50664,43.06059],[-2.50671,43.06063],[-2.50702,43.06064],[-2.50753,43.06066],[-2.5076,43.06063],[-2.50762,43.06058],[-2.50766,43.06025],[-2.50768,43.06023],[-2.50773,43.06019]]}},{"type":"Feature","properties":{"id":229447297,"highway":"service"},"geometry":{"type":"LineString","coordinates":[[-2.50812,43.05998],[-2.5081,43.06001],[-2.50799,43.06032]]}},{"type":"Feature","properties":{"id":229447689,"highway":"service"},"geometry":{"type":"LineString","coordinates":[[-2.49942,43.06081],[-2.49929,43.06082],[-2.49913,43.0608],[-2.49899,43.06075],[-2.49886,43.06069],[-2.49871,43.06064],[-2.49853,43.06065],[-2.49831,43.06068],[-2.49818,43.06069],[-2.4981,43.06069],[-2.49797,43.06066],[-2.49781,43.06061],[-2.49777,43.06058],[-2.49769,43.06052]]}},{"type":"Feature","properties":{"id":229462559,"highway":"residential","nombre":"San Andres kalea","oneway":"no"},"geometry":{"type":"LineString","coordinates":[[-2.49193,43.0609],[-2.49195,43.06084],[-2.49197,43.06075],[-2.49198,43.0607],[-2.49198,43.06063],[-2.49198,43.06058],[-2.49196,43.0605],[-2.49194,43.06039],[-2.49192,43.0602],[-2.49193,43.06006],[-2.49187,43.0599],[-2.4918,43.05976],[-2.49178,43.05969],[-2.49173,43.0596],[-2.4917,43.05954],[-2.49166,43.05941]]}},{"type":"Feature","properties":{"id":229462560,"highway":"residential","nombre":"San Josepe kalea"},"geometry":{"type":"LineString","coordinates":[[-2.49158,43.06249],[-2.4916,43.06242],[-2.49162,43.06233],[-2.49162,43.06232],[-2.49163,43.06225],[-2.49161,43.06211],[-2.4916,43.06203],[-2.4916,43.06199],[-2.4916,43.06194],[-2.49161,43.06179],[-2.49169,43.06126]]}},{"type":"Feature","properties":{"id":229462971,"highway":"residential","nombre":"San Andres kalea","oneway":"no"},"geometry":{"type":"LineString","coordinates":[[-2.49172,43.05918],[-2.49179,43.05908],[-2.49185,43.05896],[-2.4919,43.05889],[-2.49197,43.05877],[-2.49202,43.05869],[-2.49205,43.05866],[-2.49211,43.05859],[-2.49223,43.05845],[-2.49236,43.05828],[-2.49251,43.0581],[-2.49255,43.05806],[-2.49257,43.05803],[-2.49262,43.05792],[-2.49268,43.05755],[-2.49272,43.05742],[-2.49273,43.05735],[-2.49272,43.05727],[-2.4927,43.05723]]}},{"type":"Feature","properties":{"id":229462972,"highway":"pedestrian","nombre":"San Andres kalea"},"geometry":{"type":"LineString","coordinates":[[-2.49166,43.05941],[-2.49166,43.05934],[-2.49168,43.05924],[-2.49172,43.05918]]}},{"type":"Feature","properties":{"id":229464149,"highway":"service","oneway":"no"},"geometry":{"type":"LineString","coordinates":[[-2.4916,43.06203],[-2.49153,43.06198],[-2.49151,43.06188],[-2.49147,43.06172],[-2.49147,43.06168],[-2.49149,43.06165],[-2.49158,43.06159]]}},{"type":"Feature","properties":{"id":229464807,"highway":"service","oneway":"no","puente":"yes"},"geometry":{"type":"LineString","coordinates":[[-2.49158,43.06159],[-2.49171,43.06153]]}},{"type":"Feature","properties":{"id":229464808,"highway":"service","oneway":"no"},"geometry":{"type":"LineString","coordinates":[[-2.49171,43.06153],[-2.49177,43.0615],[-2.49181,43.06129],[-2.49184,43.06122],[-2.49188,43.06121]]}},{"type":"Feature","properties":{"id":229466883,"highway":"residential"},"geometry":{"type":"LineString","coordinates":[[-2.49426,43.06164],[-2.49429,43.06163],[-2.49433,43.06163]]}},{"type":"Feature","properties":{"id":229467525,"highway":"residential","nombre":"Garro jenerala kalea","oneway":"yes"},"geometry":{"type":"LineString","coordinates":[[-2.49356,43.06272],[-2.49371,43.06262],[-2.49387,43.06251],[-2.49397,43.0624],[-2.49406,43.06228],[-2.49412,43.06219],[-2.49409,43.06217],[-2.49404,43.06215],[-2.49389,43.0621],[-2.4938,43.06207],[-2.49374,43.06205],[-2.49376,43.06212],[-2.49375,43.06219],[-2.49372,43.06224],[-2.49364,43.06247],[-2.49356,43.06272]]}},{"type":"Feature","properties":{"id":229467526,"highway":"residential","nombre":"Garro jenerala kalea","oneway":"no"},"geometry":{"type":"LineString","coordinates":[[-2.49283,43.06294],[-2.49306,43.06292],[-2.49325,43.06289],[-2.49338,43.06285],[-2.49356,43.06272]]}},{"type":"Feature","properties":{"id":229468723,"highway":"steps","tunel":"yes"},"geometry":{"type":"LineString","coordinates":[[-2.49082,43.06443],[-2.49093,43.06453]]}},{"type":"Feature","properties":{"id":229468724,"highway":"steps"},"geometry":{"type":"LineString","coordinates":[[-2.49093,43.06453],[-2.49103,43.0646]]}},{"type":"Feature","properties":{"id":231110043,"highway":"steps"},"geometry":{"type":"LineString","coordinates":[[-2.50249,43.06321],[-2.5025,43.06296],[-2.5025,43.06279]]}},{"type":"Feature","properties":{"id":231112898,"highway":"service","superficie":"asphalt"},"geometry":{"type":"LineString","coordinates":[[-2.48423,43.06426],[-2.48395,43.06432],[-2.48392,43.06429],[-2.48391,43.06424],[-2.48384,43.06407],[-2.48377,43.06403],[-2.48378,43.06393],[-2.48381,43.06386],[-2.48383,43.06379]]}},{"type":"Feature","properties":{"id":231113575,"highway":"residential","nombre":"Agerre kalea","oneway":"yes"},"geometry":{"type":"LineString","coordinates":[[-2.4809,43.06851],[-2.48094,43.06839],[-2.48098,43.06826],[-2.48099,43.06825],[-2.48108,43.06811],[-2.48114,43.06802],[-2.48122,43.06792],[-2.48124,43.0679],[-2.4814,43.06776],[-2.4815,43.06771],[-2.48164,43.06762],[-2.4818,43.06755],[-2.48218,43.0674],[-2.48232,43.06735]]}},{"type":"Feature","properties":{"id":232498091,"highway":"unclassified","nombre":"Gesalibar auzoa"},"geometry":{"type":"LineString","coordinates":[[-2.5312,43.06241],[-2.53115,43.06245],[-2.53106,43.06255],[-2.53098,43.06265]]}},{"type":"Feature","properties":{"id":233004724,"highway":"path"},"geometry":{"type":"LineString","coordinates":[[-2.51417,43.07947],[-2.51413,43.07936],[-2.51405,43.07925],[-2.51401,43.07917],[-2.5139,43.0791],[-2.5138,43.07906],[-2.51363,43.07898],[-2.51333,43.07891]]}},{"type":"Feature","properties":{"id":233016628,"highway":"path"},"geometry":{"type":"LineString","coordinates":[[-2.50221,43.08932],[-2.50214,43.0892],[-2.5021,43.08906],[-2.50211,43.08889],[-2.50223,43.0885],[-2.50228,43.08827],[-2.5023,43.08809],[-2.50237,43.08797],[-2.5026,43.08778],[-2.50262,43.0876],[-2.50262,43.08722],[-2.50265,43.08672],[-2.50263,43.08633],[-2.50272,43.08579],[-2.50292,43.08535],[-2.50319,43.08505],[-2.50358,43.0846],[-2.50391,43.08417],[-2.50399,43.08391],[-2.50411,43.08364],[-2.50448,43.08335],[-2.50471,43.08313],[-2.50513,43.08281],[-2.50603,43.08253],[-2.50677,43.08223],[-2.5077,43.08186],[-2.5084,43.08173],[-2.50953,43.08161],[-2.50974,43.0816],[-2.51009,43.08157],[-2.51035,43.08152],[-2.5106,43.08138],[-2.51081,43.08137],[-2.51114,43.08139],[-2.51161,43.08138],[-2.51176,43.08137],[-2.51191,43.08135]]}},{"type":"Feature","properties":{"id":233808826,"highway":"footway"},"geometry":{"type":"LineString","coordinates":[[-2.51342,43.06814],[-2.51345,43.06816],[-2.51371,43.06823]]}},{"type":"Feature","properties":{"id":235482762,"highway":"cycleway"},"geometry":{"type":"LineString","coordinates":[[-2.47547,43.07024],[-2.47544,43.07027],[-2.47531,43.07048],[-2.47515,43.07074],[-2.47507,43.07088],[-2.475,43.07108],[-2.47498,43.07111],[-2.47495,43.07116],[-2.47481,43.0713],[-2.47473,43.07142],[-2.47438,43.07199],[-2.47427,43.07211],[-2.47424,43.07218]]}},{"type":"Feature","properties":{"id":235487826,"highway":"service","oneway":"yes"},"geometry":{"type":"LineString","coordinates":[[-2.50477,43.06135],[-2.50452,43.06085],[-2.50463,43.06082],[-2.50488,43.06129],[-2.50477,43.06135]]}},{"type":"Feature","properties":{"id":235487828,"highway":"service"},"geometry":{"type":"LineString","coordinates":[[-2.50477,43.06135],[-2.50413,43.06152],[-2.50411,43.06154],[-2.50405,43.06161],[-2.50391,43.06167]]}},{"type":"Feature","properties":{"id":235490561,"highway":"service"},"geometry":{"type":"LineString","coordinates":[[-2.50824,43.06254],[-2.50799,43.06262],[-2.50761,43.06271],[-2.50753,43.06272]]}},{"type":"Feature","properties":{"id":235491824,"highway":"service"},"geometry":{"type":"LineString","coordinates":[[-2.51093,43.06437],[-2.51024,43.06478],[-2.51022,43.06483],[-2.51023,43.06489],[-2.51044,43.06508],[-2.5105,43.06514],[-2.51037,43.06522]]}},{"type":"Feature","properties":{"id":235493923,"highway":"service"},"geometry":{"type":"LineString","coordinates":[[-2.51156,43.06741],[-2.51173,43.06739],[-2.5118,43.06742],[-2.51273,43.06772],[-2.51287,43.06778],[-2.51324,43.06803],[-2.51336,43.06807],[-2.5135,43.06805],[-2.51369,43.06794],[-2.51373,43.06786],[-2.51372,43.06769],[-2.51393,43.06733],[-2.51389,43.06716],[-2.51182,43.06651],[-2.51158,43.06654],[-2.51136,43.0666],[-2.51122,43.06664]]}},{"type":"Feature","properties":{"id":235501325,"highway":"service"},"geometry":{"type":"LineString","coordinates":[[-2.5301,43.06395],[-2.53047,43.06399],[-2.53051,43.06398],[-2.53067,43.06394],[-2.53079,43.06391]]}},{"type":"Feature","properties":{"id":235501326,"highway":"pedestrian"},"geometry":{"type":"LineString","coordinates":[[-2.53047,43.06399],[-2.53036,43.06402],[-2.53012,43.06409],[-2.52996,43.06413],[-2.52992,43.06426],[-2.52985,43.06443],[-2.52976,43.06464],[-2.52967,43.06488],[-2.52958,43.0651],[-2.52951,43.06526],[-2.52947,43.06537],[-2.52945,43.06541],[-2.5294,43.06553],[-2.52936,43.06562],[-2.52931,43.06568],[-2.52918,43.06581],[-2.52903,43.0659],[-2.52893,43.06596],[-2.52891,43.06597],[-2.52887,43.06599],[-2.52874,43.06605],[-2.52862,43.0661],[-2.52852,43.06613]]}},{"type":"Feature","properties":{"id":235502702,"highway":"footway"},"geometry":{"type":"LineString","coordinates":[[-2.52952,43.06575],[-2.52941,43.06586]]}},{"type":"Feature","properties":{"id":235502703,"highway":"footway"},"geometry":{"type":"LineString","coordinates":[[-2.52989,43.06536],[-2.52972,43.06562],[-2.52962,43.06578]]}},{"type":"Feature","properties":{"id":235502705,"highway":"footway"},"geometry":{"type":"LineString","coordinates":[[-2.52931,43.06568],[-2.52952,43.06575],[-2.52962,43.06578],[-2.52974,43.06582],[-2.52972,43.06586]]}},{"type":"Feature","properties":{"id":235502706,"highway":"footway"},"geometry":{"type":"LineString","coordinates":[[-2.52891,43.06597],[-2.52901,43.06611]]}},{"type":"Feature","properties":{"id":235502707,"highway":"footway"},"geometry":{"type":"LineString","coordinates":[[-2.52972,43.06562],[-2.5294,43.06553]]}},{"type":"Feature","properties":{"id":235502708,"highway":"footway"},"geometry":{"type":"LineString","coordinates":[[-2.52874,43.06605],[-2.52884,43.06623],[-2.52897,43.06644],[-2.52865,43.06656],[-2.52862,43.0665]]}},{"type":"Feature","properties":{"id":235502709,"highway":"footway"},"geometry":{"type":"LineString","coordinates":[[-2.5287,43.06573],[-2.52887,43.06599]]}},{"type":"Feature","properties":{"id":235502710,"highway":"footway"},"geometry":{"type":"LineString","coordinates":[[-2.52903,43.0659],[-2.52916,43.06599],[-2.52922,43.06604],[-2.5293,43.06609]]}},{"type":"Feature","properties":{"id":235502711,"highway":"footway"},"geometry":{"type":"LineString","coordinates":[[-2.52918,43.06581],[-2.52931,43.06586],[-2.52935,43.06588]]}},{"type":"Feature","properties":{"id":235502713,"highway":"pedestrian"},"geometry":{"type":"LineString","coordinates":[[-2.52925,43.06388],[-2.52957,43.06392],[-2.52977,43.06395],[-2.52996,43.06413]]}},{"type":"Feature","properties":{"id":235503096,"highway":"footway"},"geometry":{"type":"LineString","coordinates":[[-2.52945,43.06541],[-2.5296,43.06545],[-2.52967,43.06544],[-2.52973,43.0654],[-2.5298,43.06538],[-2.52986,43.06537],[-2.52989,43.06536],[-2.5299,43.06534],[-2.5301,43.06502],[-2.52967,43.06488]]}},{"type":"Feature","properties":{"id":235503097,"highway":"footway"},"geometry":{"type":"LineString","coordinates":[[-2.52915,43.06518],[-2.52927,43.06521],[-2.52951,43.06526],[-2.5299,43.06534]]}},{"type":"Feature","properties":{"id":235503098,"highway":"footway"},"geometry":{"type":"LineString","coordinates":[[-2.52936,43.06483],[-2.52942,43.06458],[-2.52951,43.06419],[-2.52955,43.06402],[-2.52957,43.06392]]}},{"type":"Feature","properties":{"id":235503099,"highway":"footway"},"geometry":{"type":"LineString","coordinates":[[-2.53012,43.06409],[-2.53034,43.06413],[-2.5309,43.06423]]}},{"type":"Feature","properties":{"id":235503100,"highway":"footway"},"geometry":{"type":"LineString","coordinates":[[-2.52992,43.06426],[-2.53083,43.06442],[-2.5309,43.06423],[-2.53092,43.06411]]}},{"type":"Feature","properties":{"id":235503101,"highway":"footway"},"geometry":{"type":"LineString","coordinates":[[-2.52915,43.06518],[-2.52928,43.06495],[-2.52936,43.06483]]}},{"type":"Feature","properties":{"id":235503103,"highway":"footway"},"geometry":{"type":"LineString","coordinates":[[-2.52931,43.06568],[-2.5291,43.06558],[-2.52923,43.06533],[-2.52927,43.06521],[-2.52936,43.06483],[-2.52952,43.06486],[-2.52967,43.06488]]}},{"type":"Feature","properties":{"id":235503104,"highway":"footway"},"geometry":{"type":"LineString","coordinates":[[-2.52951,43.06419],[-2.52992,43.06426]]}},{"type":"Feature","properties":{"id":235503105,"highway":"footway"},"geometry":{"type":"LineString","coordinates":[[-2.52942,43.06458],[-2.52976,43.06464]]}},{"type":"Feature","properties":{"id":235503106,"highway":"footway"},"geometry":{"type":"LineString","coordinates":[[-2.5301,43.06502],[-2.53068,43.06496]]}},{"type":"Feature","properties":{"id":235503107,"highway":"footway"},"geometry":{"type":"LineString","coordinates":[[-2.52976,43.06464],[-2.53055,43.06476],[-2.53075,43.06469]]}},{"type":"Feature","properties":{"id":235503108,"highway":"footway"},"geometry":{"type":"LineString","coordinates":[[-2.53036,43.06402],[-2.53034,43.06413]]}},{"type":"Feature","properties":{"id":235504262,"highway":"footway"},"geometry":{"type":"LineString","coordinates":[[-2.53062,43.06518],[-2.53068,43.06496],[-2.5307,43.06488],[-2.53075,43.06469],[-2.53083,43.06442]]}},{"type":"Feature","properties":{"id":235504263,"highway":"footway"},"geometry":{"type":"LineString","coordinates":[[-2.5307,43.06488],[-2.53055,43.06476]]}},{"type":"Feature","properties":{"id":237159972,"highway":"service"},"geometry":{"type":"LineString","coordinates":[[-2.50846,43.06833],[-2.50841,43.06826],[-2.50839,43.06819],[-2.50838,43.06813]]}},{"type":"Feature","properties":{"id":237159973,"highway":"residential","nombre":"Uribarri auzoa"},"geometry":{"type":"LineString","coordinates":[[-2.50812,43.06788],[-2.50818,43.06797]]}},{"type":"Feature","properties":{"id":237161301,"highway":"residential","nombre":"Munar kalea"},"geometry":{"type":"LineString","coordinates":[[-2.49558,43.06351],[-2.49581,43.06351],[-2.49583,43.06362],[-2.49583,43.0637],[-2.49581,43.06375],[-2.49589,43.06379]]}},{"type":"Feature","properties":{"id":237161949,"highway":"footway"},"geometry":{"type":"LineString","coordinates":[[-2.5019,43.06269],[-2.5019,43.06267],[-2.50213,43.0626],[-2.50213,43.06239]]}},{"type":"Feature","properties":{"id":237161950,"highway":"footway"},"geometry":{"type":"LineString","coordinates":[[-2.50117,43.06267],[-2.5012,43.06267],[-2.50122,43.06267],[-2.50124,43.06263],[-2.50129,43.06258],[-2.50138,43.06252],[-2.50147,43.06248],[-2.50156,43.06242],[-2.50161,43.06235],[-2.50166,43.06228]]}},{"type":"Feature","properties":{"id":237161951,"highway":"steps"},"geometry":{"type":"LineString","coordinates":[[-2.50189,43.0623],[-2.50166,43.06228],[-2.50124,43.06223]]}},{"type":"Feature","properties":{"id":237312242,"highway":"service"},"geometry":{"type":"LineString","coordinates":[[-2.49154,43.06034],[-2.49153,43.06023],[-2.49153,43.06014],[-2.49149,43.06007],[-2.4915,43.05994]]}},{"type":"Feature","properties":{"id":237312243,"highway":"steps"},"geometry":{"type":"LineString","coordinates":[[-2.49202,43.05869],[-2.49195,43.05872],[-2.4917,43.05882],[-2.49156,43.05876],[-2.49133,43.05875],[-2.4913,43.05875]]}},{"type":"Feature","properties":{"id":237312402,"highway":"service"},"geometry":{"type":"LineString","coordinates":[[-2.49085,43.06277],[-2.49072,43.06283]]}},{"type":"Feature","properties":{"id":237312403,"highway":"residential","nombre":"Zerrajera kalea"},"geometry":{"type":"LineString","coordinates":[[-2.49129,43.06289],[-2.49122,43.06291],[-2.49101,43.06299]]}},{"type":"Feature","properties":{"id":237312404,"highway":"residential","nombre":"Zerrajera kalea"},"geometry":{"type":"LineString","coordinates":[[-2.49101,43.06299],[-2.49067,43.06309],[-2.49042,43.06316],[-2.4902,43.06316],[-2.48989,43.06315],[-2.48968,43.06316],[-2.48928,43.06327],[-2.48917,43.0633],[-2.4887,43.06345],[-2.48833,43.06357],[-2.48812,43.06364],[-2.488,43.06366],[-2.48775,43.06371]]}},{"type":"Feature","properties":{"id":237312405,"highway":"service"},"geometry":{"type":"LineString","coordinates":[[-2.49058,43.06267],[-2.49038,43.06272],[-2.49032,43.06274],[-2.49027,43.06277],[-2.49028,43.06281],[-2.49038,43.06286],[-2.49048,43.06286],[-2.49059,43.06283],[-2.49068,43.06283],[-2.49072,43.06283],[-2.49074,43.06284],[-2.49084,43.06284],[-2.49094,43.06285],[-2.49103,43.06282],[-2.49112,43.06276],[-2.49122,43.06269],[-2.49143,43.06259],[-2.49148,43.06256],[-2.4915,43.06252],[-2.49163,43.06225]]}},{"type":"Feature","properties":{"id":237312761,"highway":"footway"},"geometry":{"type":"LineString","coordinates":[[-2.49198,43.06058],[-2.49213,43.06059],[-2.49215,43.06035],[-2.49225,43.06036],[-2.49227,43.06036],[-2.49227,43.06034],[-2.49229,43.06034]]}},{"type":"Feature","properties":{"id":237312762,"highway":"footway","puente":"yes"},"geometry":{"type":"LineString","coordinates":[[-2.49229,43.06034],[-2.49247,43.06037]]}},{"type":"Feature","properties":{"id":237312792,"highway":"footway"},"geometry":{"type":"LineString","coordinates":[[-2.49231,43.06095],[-2.49233,43.06095],[-2.49238,43.06095],[-2.49245,43.06094]]}},{"type":"Feature","properties":{"id":237312793,"highway":"footway"},"geometry":{"type":"LineString","coordinates":[[-2.49193,43.0609],[-2.4922,43.06094]]}},{"type":"Feature","properties":{"id":237312794,"highway":"footway","puente":"yes"},"geometry":{"type":"LineString","coordinates":[[-2.4922,43.06094],[-2.49231,43.06095]]}},{"type":"Feature","properties":{"id":238128690,"highway":"service","oneway":"yes","superficie":"asphalt"},"geometry":{"type":"LineString","coordinates":[[-2.4731,43.07125],[-2.47302,43.07131],[-2.47297,43.07135],[-2.47283,43.07144],[-2.47269,43.07154],[-2.47256,43.07163],[-2.47242,43.07172],[-2.47229,43.07181],[-2.47216,43.07191],[-2.47203,43.07199],[-2.47189,43.07209],[-2.47175,43.07218],[-2.47162,43.07227],[-2.47145,43.0724]]}},{"type":"Feature","properties":{"id":238128691,"highway":"service","oneway":"yes","superficie":"asphalt"},"geometry":{"type":"LineString","coordinates":[[-2.47177,43.07259],[-2.47187,43.07258],[-2.47195,43.07252],[-2.47209,43.07243],[-2.47221,43.07235],[-2.47235,43.07225],[-2.47248,43.07217],[-2.47261,43.07207],[-2.47275,43.07198],[-2.47289,43.07188],[-2.47302,43.07179],[-2.47316,43.07169],[-2.47329,43.0716],[-2.4733,43.0716],[-2.47344,43.0715]]}},{"type":"Feature","properties":{"id":238128692,"highway":"service","oneway":"yes","superficie":"asphalt"},"geometry":{"type":"LineString","coordinates":[[-2.47162,43.07227],[-2.47195,43.07252]]}},{"type":"Feature","properties":{"id":238128693,"highway":"service","oneway":"yes","superficie":"asphalt"},"geometry":{"type":"LineString","coordinates":[[-2.47235,43.07225],[-2.47203,43.07199]]}},{"type":"Feature","properties":{"id":238128694,"highway":"service","oneway":"yes","superficie":"asphalt"},"geometry":{"type":"LineString","coordinates":[[-2.47261,43.07207],[-2.47229,43.07181]]}},{"type":"Feature","properties":{"id":238128695,"highway":"service","oneway":"yes","superficie":"asphalt"},"geometry":{"type":"LineString","coordinates":[[-2.47269,43.07154],[-2.47302,43.07179]]}},{"type":"Feature","properties":{"id":238128696,"highway":"service","oneway":"yes","superficie":"asphalt"},"geometry":{"type":"LineString","coordinates":[[-2.47189,43.07209],[-2.47221,43.07235]]}},{"type":"Feature","properties":{"id":238128697,"highway":"service","oneway":"yes","superficie":"asphalt"},"geometry":{"type":"LineString","coordinates":[[-2.47289,43.07188],[-2.47256,43.07163]]}},{"type":"Feature","properties":{"id":238128698,"highway":"service","oneway":"yes","superficie":"asphalt"},"geometry":{"type":"LineString","coordinates":[[-2.47209,43.07243],[-2.47175,43.07218]]}},{"type":"Feature","properties":{"id":238128699,"highway":"service","oneway":"yes","superficie":"asphalt"},"geometry":{"type":"LineString","coordinates":[[-2.47242,43.07172],[-2.47275,43.07198]]}},{"type":"Feature","properties":{"id":238128701,"highway":"service","oneway":"yes","superficie":"asphalt"},"geometry":{"type":"LineString","coordinates":[[-2.47316,43.07169],[-2.47283,43.07144]]}},{"type":"Feature","properties":{"id":238128702,"highway":"service","oneway":"yes","superficie":"asphalt"},"geometry":{"type":"LineString","coordinates":[[-2.47216,43.07191],[-2.47248,43.07217]]}},{"type":"Feature","properties":{"id":238128703,"highway":"service","oneway":"yes","superficie":"asphalt"},"geometry":{"type":"LineString","coordinates":[[-2.47344,43.0715],[-2.47371,43.07172]]}},{"type":"Feature","properties":{"id":238128704,"highway":"service","oneway":"yes"},"geometry":{"type":"LineString","coordinates":[[-2.47396,43.07204],[-2.47374,43.07187],[-2.47397,43.07171],[-2.47412,43.0716]]}},{"type":"Feature","properties":{"id":238128705,"highway":"service","oneway":"yes","superficie":"asphalt"},"geometry":{"type":"LineString","coordinates":[[-2.4731,43.07125],[-2.47324,43.07118],[-2.47357,43.07142]]}},{"type":"Feature","properties":{"id":238128706,"highway":"service","oneway":"yes","superficie":"asphalt"},"geometry":{"type":"LineString","coordinates":[[-2.47329,43.0716],[-2.47356,43.07182],[-2.47371,43.07172],[-2.47385,43.07162],[-2.47357,43.07142]]}},{"type":"Feature","properties":{"id":240577059,"highway":"track"},"geometry":{"type":"LineString","coordinates":[[-2.53631,43.07509],[-2.53661,43.07524],[-2.53683,43.07537],[-2.53698,43.07552],[-2.53714,43.07569],[-2.53724,43.07578],[-2.53737,43.07584],[-2.53745,43.07587],[-2.53772,43.07599],[-2.53804,43.07609],[-2.53821,43.07614],[-2.53835,43.07621],[-2.53846,43.07626],[-2.53853,43.07627],[-2.53861,43.07627],[-2.53876,43.07628],[-2.53885,43.07632],[-2.53892,43.07637],[-2.539,43.07642],[-2.53909,43.07643],[-2.53928,43.07639],[-2.53946,43.07638],[-2.53963,43.0764],[-2.53981,43.07645],[-2.54001,43.07649]]}},{"type":"Feature","properties":{"id":240577065,"highway":"service"},"geometry":{"type":"LineString","coordinates":[[-2.54402,43.07148],[-2.54425,43.07156]]}},{"type":"Feature","properties":{"id":240577066,"highway":"service"},"geometry":{"type":"LineString","coordinates":[[-2.54111,43.07716],[-2.54105,43.07709],[-2.54052,43.07684],[-2.54028,43.07671],[-2.5401,43.07658],[-2.54001,43.07649],[-2.54001,43.07641],[-2.54013,43.07626],[-2.54032,43.07619],[-2.54044,43.07613],[-2.54059,43.07597],[-2.54075,43.07586],[-2.54096,43.07575],[-2.54162,43.07556],[-2.54183,43.07544],[-2.54193,43.07537],[-2.54192,43.07532]]}},{"type":"Feature","properties":{"id":242729041,"highway":"path"},"geometry":{"type":"LineString","coordinates":[[-2.52628,43.06638],[-2.52627,43.06644],[-2.52613,43.06654],[-2.52592,43.06672],[-2.52573,43.06691],[-2.52555,43.06714],[-2.5255,43.06721],[-2.5255,43.0673],[-2.52543,43.06741]]}},{"type":"Feature","properties":{"id":242729042,"highway":"cycleway"},"geometry":{"type":"LineString","coordinates":[[-2.51539,43.0666],[-2.51532,43.06661],[-2.51532,43.06665],[-2.51532,43.0667],[-2.51526,43.06678],[-2.51519,43.06683],[-2.51512,43.06687]]}},{"type":"Feature","properties":{"id":242729043,"highway":"cycleway"},"geometry":{"type":"LineString","coordinates":[[-2.50718,43.06206],[-2.50715,43.06208],[-2.50709,43.0621],[-2.50704,43.06209],[-2.50698,43.0621],[-2.50696,43.06213],[-2.50695,43.06216],[-2.50695,43.06223],[-2.50695,43.06223],[-2.507,43.06234],[-2.50705,43.0624],[-2.50715,43.06249],[-2.50753,43.06285],[-2.50791,43.06318],[-2.50824,43.06348],[-2.50899,43.06415],[-2.5096,43.06469],[-2.51024,43.06526],[-2.51073,43.06569],[-2.51092,43.06586],[-2.51103,43.06593],[-2.51115,43.066],[-2.51125,43.06604],[-2.51143,43.0661],[-2.51224,43.06636],[-2.51245,43.06642],[-2.51256,43.06645],[-2.51256,43.06645],[-2.51261,43.06646],[-2.5127,43.06649],[-2.51285,43.06654],[-2.51337,43.0667],[-2.51369,43.0668],[-2.51392,43.06685],[-2.51415,43.06689],[-2.51442,43.06692],[-2.51455,43.06692],[-2.51473,43.06692]]}},{"type":"Feature","properties":{"id":242729044,"highway":"footway"},"geometry":{"type":"LineString","coordinates":[[-2.51155,43.06761],[-2.51151,43.06745],[-2.51134,43.06712],[-2.5112,43.06685],[-2.51106,43.06669],[-2.51095,43.06647],[-2.51083,43.06623],[-2.51077,43.06613],[-2.51068,43.06605],[-2.51054,43.06595],[-2.51013,43.0657],[-2.5096,43.06532],[-2.50942,43.06516],[-2.50911,43.06492],[-2.50883,43.06476],[-2.50845,43.06462],[-2.50806,43.06451],[-2.50779,43.06445],[-2.50761,43.06435],[-2.50752,43.06425],[-2.50746,43.06411]]}},{"type":"Feature","properties":{"id":242734879,"highway":"cycleway","nombre":"Vasco-Navarroaren bide berdea","izena_eu":"Vasco-Navarroaren bide berdea","nombre_es":"Via Verde del Vasco Navarro","oneway":"no","puente":"yes"},"geometry":{"type":"LineString","coordinates":[[-2.45737,43.07775],[-2.45699,43.07779]]}},{"type":"Feature","properties":{"id":242734883,"highway":"cycleway","tunel":"yes"},"geometry":{"type":"LineString","coordinates":[[-2.44854,43.07992],[-2.44825,43.08011],[-2.44809,43.08024]]}},{"type":"Feature","properties":{"id":242734884,"highway":"cycleway","nombre":"Vasco-Navarroaren bide berdea","izena_eu":"Vasco-Navarroaren bide berdea","nombre_es":"Via Verde del Vasco Navarro","oneway":"no"},"geometry":{"type":"LineString","coordinates":[[-2.44809,43.08024],[-2.44797,43.08036],[-2.44791,43.08039],[-2.44774,43.08041],[-2.44768,43.08041]]}},{"type":"Feature","properties":{"id":242779258,"highway":"footway"},"geometry":{"type":"LineString","coordinates":[[-2.47105,43.07262],[-2.47105,43.07265],[-2.47107,43.07268],[-2.47113,43.07272],[-2.4712,43.07276],[-2.47129,43.07278],[-2.4714,43.07281]]}},{"type":"Feature","properties":{"id":242779259,"highway":"residential","nombre":"Musakola auzoa"},"geometry":{"type":"LineString","coordinates":[[-2.47122,43.0724],[-2.47139,43.07233]]}},{"type":"Feature","properties":{"id":242779260,"highway":"footway"},"geometry":{"type":"LineString","coordinates":[[-2.49127,43.06299],[-2.49107,43.0633],[-2.491,43.06338],[-2.49095,43.06342],[-2.49087,43.06347],[-2.49076,43.06351],[-2.49001,43.06375],[-2.48949,43.0639],[-2.48936,43.06395],[-2.48921,43.06399],[-2.48909,43.06401],[-2.48897,43.06404]]}},{"type":"Feature","properties":{"id":242779261,"highway":"residential","nombre":"Musakola auzoa","puente":"yes"},"geometry":{"type":"LineString","coordinates":[[-2.47101,43.0726],[-2.47102,43.07258],[-2.47122,43.0724]]}},{"type":"Feature","properties":{"id":242779262,"highway":"footway"},"geometry":{"type":"LineString","coordinates":[[-2.48836,43.06395],[-2.48815,43.06397],[-2.48807,43.064]]}},{"type":"Feature","properties":{"id":242779263,"highway":"footway"},"geometry":{"type":"LineString","coordinates":[[-2.48804,43.06373],[-2.48809,43.06382],[-2.48833,43.06388],[-2.48836,43.06395],[-2.48841,43.06403]]}},{"type":"Feature","properties":{"id":242779683,"highway":"cycleway","nombre":"Vasco-Navarroaren bide berdea","izena_eu":"Vasco-Navarroaren bide berdea","nombre_es":"Via Verde del Vasco Navarro"},"geometry":{"type":"LineString","coordinates":[[-2.45013,43.07954],[-2.44994,43.07954],[-2.44975,43.07954],[-2.44959,43.07954],[-2.44953,43.07955],[-2.44929,43.07962],[-2.44905,43.07968],[-2.44881,43.07977],[-2.44864,43.07984],[-2.44854,43.07992]]}},{"type":"Feature","properties":{"id":242779685,"highway":"cycleway","nombre":"Vasco-Navarroaren bide berdea","izena_eu":"Vasco-Navarroaren bide berdea","nombre_es":"Via Verde del Vasco Navarro","oneway":"no"},"geometry":{"type":"LineString","coordinates":[[-2.45505,43.07799],[-2.45468,43.07805],[-2.4544,43.07813],[-2.45423,43.0782],[-2.454,43.07834],[-2.45361,43.07863],[-2.45322,43.07893],[-2.45295,43.07912],[-2.45273,43.07923],[-2.45247,43.07936]]}},{"type":"Feature","properties":{"id":242779686,"highway":"cycleway","nombre":"Vasco-Navarroaren bide berdea","izena_eu":"Vasco-Navarroaren bide berdea","nombre_es":"Via Verde del Vasco Navarro","oneway":"no","tunel":"yes"},"geometry":{"type":"LineString","coordinates":[[-2.45699,43.07779],[-2.4568,43.07781],[-2.45549,43.07797],[-2.45505,43.07799]]}},{"type":"Feature","properties":{"id":242779687,"highway":"cycleway","nombre":"Vasco-Navarroaren bide berdea","izena_eu":"Vasco-Navarroaren bide berdea","nombre_es":"Via Verde del Vasco Navarro","tunel":"yes"},"geometry":{"type":"LineString","coordinates":[[-2.45247,43.07936],[-2.45228,43.07944],[-2.45217,43.07946],[-2.45202,43.0795],[-2.4519,43.07952],[-2.45179,43.07953],[-2.45156,43.07955],[-2.45113,43.07958],[-2.45039,43.07956],[-2.45013,43.07954]]}},{"type":"Feature","properties":{"id":245732318,"highway":"residential","nombre":"Oñati kalea"},"geometry":{"type":"LineString","coordinates":[[-2.48008,43.06663],[-2.47995,43.06635],[-2.47984,43.06628],[-2.47981,43.06627],[-2.47979,43.06626]]}},{"type":"Feature","properties":{"id":245732319,"highway":"residential","nombre":"Legargain kalea","oneway":"no"},"geometry":{"type":"LineString","coordinates":[[-2.48033,43.06714],[-2.48045,43.06707],[-2.48064,43.06695],[-2.48067,43.06693],[-2.48151,43.06647],[-2.48177,43.06634],[-2.482,43.06621],[-2.48221,43.06611],[-2.48234,43.06606],[-2.48251,43.06604],[-2.48273,43.06603],[-2.48321,43.06607],[-2.48354,43.06608],[-2.4836,43.06609]]}},{"type":"Feature","properties":{"id":249380900,"highway":"steps"},"geometry":{"type":"LineString","coordinates":[[-2.47959,43.06697],[-2.47976,43.0671]]}},{"type":"Feature","properties":{"id":256274575,"highway":"service"},"geometry":{"type":"LineString","coordinates":[[-2.48196,43.06384],[-2.48204,43.06379],[-2.48212,43.06374],[-2.4822,43.06368],[-2.48224,43.06364],[-2.48227,43.06356]]}},{"type":"Feature","properties":{"id":256274576,"highway":"service","oneway":"yes"},"geometry":{"type":"LineString","coordinates":[[-2.48196,43.06384],[-2.4809,43.06419]]}},{"type":"Feature","properties":{"id":256274577,"highway":"residential","nombre":"Errekalde kalea","superficie":"asphalt"},"geometry":{"type":"LineString","coordinates":[[-2.48091,43.06461],[-2.48064,43.06479]]}},{"type":"Feature","properties":{"id":256274578,"highway":"service","oneway":"yes"},"geometry":{"type":"LineString","coordinates":[[-2.4809,43.06419],[-2.48093,43.06422],[-2.48179,43.06393],[-2.48196,43.06384]]}},{"type":"Feature","properties":{"id":256274579,"highway":"residential","nombre":"Errekalde kalea"},"geometry":{"type":"LineString","coordinates":[[-2.48064,43.06479],[-2.48027,43.06505],[-2.47989,43.06524],[-2.47981,43.06528]]}},{"type":"Feature","properties":{"id":256274580,"highway":"service"},"geometry":{"type":"LineString","coordinates":[[-2.48137,43.06434],[-2.48184,43.06408],[-2.48233,43.06377],[-2.48235,43.06372],[-2.48236,43.06366],[-2.48238,43.06359]]}},{"type":"Feature","properties":{"id":256275313,"highway":"footway","superficie":"paving_stones"},"geometry":{"type":"LineString","coordinates":[[-2.48353,43.06409],[-2.48363,43.06406],[-2.48368,43.064],[-2.48375,43.06388]]}},{"type":"Feature","properties":{"id":256275316,"highway":"footway","superficie":"paving_stones"},"geometry":{"type":"LineString","coordinates":[[-2.48353,43.06409],[-2.48358,43.06395],[-2.48354,43.06384]]}},{"type":"Feature","properties":{"id":256275317,"highway":"footway","superficie":"paving_stones"},"geometry":{"type":"LineString","coordinates":[[-2.48375,43.06388],[-2.48372,43.06388],[-2.48354,43.06384],[-2.48339,43.06382]]}},{"type":"Feature","properties":{"id":256275318,"highway":"footway","superficie":"paving_stones"},"geometry":{"type":"LineString","coordinates":[[-2.48339,43.06382],[-2.48335,43.06402],[-2.48343,43.06412],[-2.48357,43.06429],[-2.48356,43.06448]]}},{"type":"Feature","properties":{"id":256275319,"highway":"footway","superficie":"paving_stones"},"geometry":{"type":"LineString","coordinates":[[-2.48343,43.06412],[-2.48353,43.06409],[-2.48382,43.06431],[-2.48392,43.06429]]}},{"type":"Feature","properties":{"id":281447719,"highway":"residential","nombre":"Etxetxikiak kalea","oneway":"yes","superficie":"asphalt"},"geometry":{"type":"LineString","coordinates":[[-2.48536,43.06501],[-2.48536,43.06493],[-2.48535,43.06459],[-2.48535,43.06455],[-2.48534,43.06439]]}},{"type":"Feature","properties":{"id":281447720,"highway":"residential","nombre":"Etxetxikiak kalea","oneway":"yes"},"geometry":{"type":"LineString","coordinates":[[-2.48543,43.06537],[-2.48543,43.06536],[-2.48542,43.06533],[-2.48537,43.06521],[-2.48536,43.06517],[-2.48536,43.0651],[-2.48536,43.06501]]}},{"type":"Feature","properties":{"id":281447721,"highway":"residential","nombre":"Etxetxikiak kalea"},"geometry":{"type":"LineString","coordinates":[[-2.4853,43.064],[-2.48531,43.06402],[-2.48532,43.06405],[-2.48533,43.06423]]}},{"type":"Feature","properties":{"id":302522947,"highway":"tertiary","nombre":"Araba etorbidea"},"geometry":{"type":"LineString","coordinates":[[-2.49441,43.05742],[-2.49406,43.05777],[-2.49375,43.05811],[-2.49373,43.05813],[-2.4937,43.05816],[-2.49364,43.05822],[-2.4936,43.05826],[-2.49351,43.05834],[-2.49341,43.05844],[-2.4934,43.05845],[-2.49318,43.0587],[-2.49307,43.05885],[-2.49297,43.05902],[-2.49289,43.05927],[-2.49285,43.05946],[-2.49281,43.05958],[-2.4928,43.05961]]}},{"type":"Feature","properties":{"id":302522948,"highway":"tertiary","superficie":"asphalt"},"geometry":{"type":"LineString","coordinates":[[-2.49431,43.05696],[-2.49404,43.05705],[-2.49388,43.05707],[-2.49311,43.05707]]}},{"type":"Feature","properties":{"id":344534436,"highway":"residential","superficie":"asphalt"},"geometry":{"type":"LineString","coordinates":[[-2.48522,43.064],[-2.48526,43.064],[-2.4853,43.064],[-2.48534,43.06398],[-2.48537,43.06396],[-2.48539,43.06393],[-2.4854,43.0639],[-2.4854,43.06387],[-2.48538,43.06385],[-2.48536,43.06382],[-2.48533,43.06381],[-2.48529,43.0638],[-2.48525,43.06379],[-2.48521,43.0638],[-2.48517,43.06382],[-2.48514,43.06384],[-2.48512,43.06387],[-2.48512,43.0639],[-2.48512,43.06393],[-2.48515,43.06396],[-2.48518,43.06398],[-2.48522,43.064]]}},{"type":"Feature","properties":{"id":363803765,"highway":"unclassified","nombre":"Bedoña auzoa"},"geometry":{"type":"LineString","coordinates":[[-2.48667,43.04472],[-2.48679,43.04466],[-2.48687,43.04459]]}},{"type":"Feature","properties":{"id":363803769,"highway":"tertiary","oneway":"yes"},"geometry":{"type":"LineString","coordinates":[[-2.49311,43.05707],[-2.49303,43.05707],[-2.49297,43.05706],[-2.49278,43.05707],[-2.49269,43.05707],[-2.49257,43.05703],[-2.49254,43.05702]]}},{"type":"Feature","properties":{"id":363803782,"highway":"unclassified","nombre":"San Andres auzoa"},"geometry":{"type":"LineString","coordinates":[[-2.49003,43.05232],[-2.48991,43.05241],[-2.48986,43.05245]]}},{"type":"Feature","properties":{"id":363803783,"highway":"residential","nombre":"San Josepe kalea","oneway":"no"},"geometry":{"type":"LineString","coordinates":[[-2.49169,43.06126],[-2.49172,43.06117],[-2.49178,43.06105],[-2.49181,43.06092],[-2.49183,43.06085],[-2.49183,43.06078],[-2.49181,43.06061],[-2.49178,43.06047],[-2.49173,43.06035],[-2.49168,43.06024],[-2.49162,43.06012],[-2.49156,43.06003],[-2.49152,43.05996],[-2.4915,43.05994],[-2.49147,43.0599],[-2.49139,43.05978],[-2.49136,43.05974]]}},{"type":"Feature","properties":{"id":363803838,"highway":"track"},"geometry":{"type":"LineString","coordinates":[[-2.49003,43.05232],[-2.48989,43.05225],[-2.48983,43.05216],[-2.48981,43.05207],[-2.48978,43.05193],[-2.48971,43.05175],[-2.48966,43.05161],[-2.48948,43.05134],[-2.48936,43.05114],[-2.48921,43.05097],[-2.48912,43.05089],[-2.48905,43.05082]]}},{"type":"Feature","properties":{"id":363803848,"highway":"track"},"geometry":{"type":"LineString","coordinates":[[-2.49242,43.04985],[-2.49238,43.0499],[-2.49221,43.05002],[-2.4919,43.05028],[-2.4918,43.0504],[-2.49173,43.05047],[-2.49167,43.05054],[-2.49143,43.05072],[-2.49136,43.05077],[-2.49122,43.05082],[-2.49096,43.05088],[-2.49079,43.05089],[-2.49066,43.05093],[-2.49053,43.05097],[-2.49045,43.05101],[-2.49037,43.05106],[-2.49031,43.05112],[-2.49029,43.05118],[-2.4903,43.05129],[-2.49031,43.05141],[-2.49034,43.05153],[-2.49043,43.05166],[-2.49049,43.05178],[-2.49051,43.05184],[-2.49051,43.05187],[-2.49051,43.05194]]}},{"type":"Feature","properties":{"id":369595034,"highway":"footway"},"geometry":{"type":"LineString","coordinates":[[-2.52935,43.06588],[-2.52935,43.06589],[-2.52935,43.0659],[-2.52936,43.06591],[-2.52937,43.06592],[-2.52939,43.06593],[-2.52941,43.06592],[-2.52942,43.06592],[-2.52943,43.06591],[-2.52944,43.06589],[-2.52944,43.06588],[-2.52943,43.06587],[-2.52941,43.06586],[-2.5294,43.06586],[-2.52938,43.06586],[-2.52936,43.06587],[-2.52935,43.06588]]}},{"type":"Feature","properties":{"id":369595035,"highway":"footway"},"geometry":{"type":"LineString","coordinates":[[-2.52901,43.06611],[-2.529,43.06612],[-2.52899,43.06613],[-2.52899,43.06614],[-2.52899,43.06615],[-2.52901,43.06617],[-2.52902,43.06617],[-2.52904,43.06617],[-2.52906,43.06617],[-2.52907,43.06616],[-2.52908,43.06615],[-2.52908,43.06613],[-2.52908,43.06612],[-2.52907,43.06611],[-2.52905,43.06611],[-2.52903,43.0661],[-2.52901,43.06611]]}},{"type":"Feature","properties":{"id":369595036,"highway":"footway"},"geometry":{"type":"LineString","coordinates":[[-2.52906,43.06617],[-2.5291,43.06625]]}},{"type":"Feature","properties":{"id":369595037,"highway":"footway"},"geometry":{"type":"LineString","coordinates":[[-2.52899,43.06615],[-2.52884,43.06623],[-2.52864,43.06632]]}},{"type":"Feature","properties":{"id":369595038,"highway":"footway"},"geometry":{"type":"LineString","coordinates":[[-2.52943,43.06591],[-2.52952,43.06594]]}},{"type":"Feature","properties":{"id":369595039,"highway":"footway"},"geometry":{"type":"LineString","coordinates":[[-2.52937,43.06592],[-2.52932,43.06596],[-2.52922,43.06604],[-2.52916,43.06608],[-2.52908,43.06612]]}},{"type":"Feature","properties":{"id":372260964,"highway":"residential","nombre":"Zalduspe kalea","oneway":"yes","superficie":"asphalt"},"geometry":{"type":"LineString","coordinates":[[-2.48229,43.06243],[-2.4822,43.06271],[-2.4821,43.06305],[-2.48207,43.06307],[-2.48203,43.06308]]}},{"type":"Feature","properties":{"id":372260968,"highway":"residential","nombre":"Zalduspe kalea"},"geometry":{"type":"LineString","coordinates":[[-2.48229,43.06243],[-2.48148,43.06232],[-2.48128,43.06229]]}},{"type":"Feature","properties":{"id":372260969,"highway":"residential","nombre":"Zerrajera kalea","oneway":"no"},"geometry":{"type":"LineString","coordinates":[[-2.48565,43.06276],[-2.48547,43.06267],[-2.48519,43.06257],[-2.48516,43.06256],[-2.48483,43.06245],[-2.48448,43.06237],[-2.48393,43.06228],[-2.48323,43.06219],[-2.48286,43.06212],[-2.48278,43.06213],[-2.48272,43.06215],[-2.48267,43.06219],[-2.48265,43.06224],[-2.48261,43.06239],[-2.48259,43.06242],[-2.48256,43.06244],[-2.48252,43.06246],[-2.48247,43.06246],[-2.48229,43.06243]]}},{"type":"Feature","properties":{"id":386902282,"highway":"secondary","ref":"GI-2630","oneway":"yes"},"geometry":{"type":"LineString","coordinates":[[-2.44841,43.08008],[-2.44835,43.08007],[-2.44826,43.08005],[-2.44815,43.08002],[-2.44799,43.07996]]}},{"type":"Feature","properties":{"id":388221855,"highway":"tertiary_link","ref":"GI-3551","oneway":"yes"},"geometry":{"type":"LineString","coordinates":[[-2.49653,43.08908],[-2.49644,43.08927],[-2.49648,43.08941]]}},{"type":"Feature","properties":{"id":388221878,"highway":"tertiary_link","ref":"GI-3551","oneway":"yes"},"geometry":{"type":"LineString","coordinates":[[-2.49668,43.08878],[-2.49653,43.08908],[-2.49637,43.08919],[-2.496,43.08929]]}},{"type":"Feature","properties":{"id":388252887,"highway":"trunk","nombre":"Beasain - Durango","ref":"N-636"},"geometry":{"type":"LineString","coordinates":[[-2.5034,43.09434],[-2.50352,43.09439],[-2.50373,43.09445],[-2.50383,43.09449],[-2.50391,43.09454],[-2.50399,43.09459],[-2.50404,43.09467],[-2.50408,43.09475],[-2.50411,43.09483],[-2.50414,43.09497]]}},{"type":"Feature","properties":{"id":388252896,"highway":"trunk","nombre":"Beasain - Durango","ref":"N-636"},"geometry":{"type":"LineString","coordinates":[[-2.50317,43.09421],[-2.5034,43.09434]]}},{"type":"Feature","properties":{"id":389767209,"highway":"tertiary_link","nombre":"Bizkaia etorbidea","ref":"GI-3551","oneway":"yes"},"geometry":{"type":"LineString","coordinates":[[-2.49648,43.08941],[-2.49659,43.08937],[-2.49669,43.08929],[-2.49674,43.08914],[-2.49668,43.08878]]}},{"type":"Feature","properties":{"id":389767213,"highway":"tertiary","nombre":"Bizkaia etorbidea","ref":"GI-3551"},"geometry":{"type":"LineString","coordinates":[[-2.49704,43.08395],[-2.49706,43.0838]]}},{"type":"Feature","properties":{"id":389767247,"highway":"unclassified","nombre":"Meatzerreka auzoa","superficie":"asphalt"},"geometry":{"type":"LineString","coordinates":[[-2.49897,43.08202],[-2.49901,43.08199],[-2.49907,43.08195],[-2.49921,43.08186],[-2.4993,43.08179],[-2.49944,43.08166],[-2.49956,43.08154],[-2.49963,43.08148],[-2.49969,43.08141],[-2.49979,43.08129],[-2.49984,43.08121]]}},{"type":"Feature","properties":{"id":389767346,"highway":"track","superficie":"compacted"},"geometry":{"type":"LineString","coordinates":[[-2.4972,43.08454],[-2.49726,43.08454],[-2.49733,43.08457],[-2.49737,43.08463],[-2.49738,43.08474],[-2.49738,43.08487],[-2.49746,43.08506],[-2.49745,43.08516],[-2.49734,43.08532],[-2.49727,43.08545],[-2.49727,43.08557],[-2.49725,43.08569],[-2.49729,43.08603],[-2.49726,43.08625],[-2.49727,43.08633],[-2.49727,43.0864]]}},{"type":"Feature","properties":{"id":389767366,"highway":"track","superficie":"ground"},"geometry":{"type":"LineString","coordinates":[[-2.49727,43.0864],[-2.49721,43.08656],[-2.4972,43.08672],[-2.4972,43.08685],[-2.49748,43.08777],[-2.49757,43.08804],[-2.49765,43.08822],[-2.49773,43.08842],[-2.49777,43.08865],[-2.49797,43.08913],[-2.49833,43.08992],[-2.49839,43.09009],[-2.49846,43.09024],[-2.49851,43.09032],[-2.49868,43.0905],[-2.49891,43.09063],[-2.49907,43.09073],[-2.49931,43.09095],[-2.49951,43.09107],[-2.49988,43.09124],[-2.50005,43.09136],[-2.50023,43.09157],[-2.50028,43.09162],[-2.50044,43.09171],[-2.50067,43.0918],[-2.50189,43.09214],[-2.50211,43.09218],[-2.50225,43.09223],[-2.50236,43.09232],[-2.50252,43.09257],[-2.50259,43.09265],[-2.50272,43.09272],[-2.50334,43.093],[-2.50347,43.09306],[-2.5036,43.09311]]}},{"type":"Feature","properties":{"id":389767369,"highway":"path"},"geometry":{"type":"LineString","coordinates":[[-2.4972,43.08454],[-2.49716,43.08448],[-2.49714,43.08442],[-2.49711,43.08419],[-2.4971,43.08402],[-2.49704,43.08395]]}},{"type":"Feature","properties":{"id":389767370,"highway":"track","superficie":"compacted"},"geometry":{"type":"LineString","coordinates":[[-2.49695,43.08509],[-2.49706,43.0849],[-2.49711,43.08476],[-2.49714,43.08461],[-2.49716,43.08457],[-2.4972,43.08454]]}},{"type":"Feature","properties":{"id":389767371,"highway":"service"},"geometry":{"type":"LineString","coordinates":[[-2.50557,43.09448],[-2.50562,43.09438],[-2.50574,43.09411],[-2.50576,43.09403],[-2.50575,43.09397]]}},{"type":"Feature","properties":{"id":389767372,"highway":"path"},"geometry":{"type":"LineString","coordinates":[[-2.49897,43.08202],[-2.49912,43.08197],[-2.49933,43.08192],[-2.49946,43.08189],[-2.49952,43.08187],[-2.49959,43.08184],[-2.49966,43.08183],[-2.4997,43.08184],[-2.49969,43.08189],[-2.49956,43.08214],[-2.49958,43.08218],[-2.4996,43.08221],[-2.4997,43.08219],[-2.50003,43.0821],[-2.50032,43.08204],[-2.50053,43.08201],[-2.50072,43.082],[-2.50088,43.08198],[-2.50103,43.08191],[-2.50125,43.08185],[-2.50146,43.08181],[-2.50156,43.08177],[-2.50163,43.08169],[-2.50167,43.08162],[-2.50172,43.08158],[-2.5018,43.08156],[-2.50187,43.08154],[-2.50191,43.08153],[-2.50198,43.08151],[-2.50205,43.08153],[-2.5021,43.08155],[-2.5022,43.08155],[-2.50237,43.08149],[-2.50247,43.08145],[-2.50257,43.08142],[-2.50269,43.0814],[-2.5028,43.08136],[-2.50303,43.08126],[-2.5032,43.08121],[-2.5034,43.08117],[-2.50356,43.08112],[-2.50375,43.08109],[-2.50387,43.08107],[-2.50414,43.08107],[-2.50445,43.08106],[-2.50485,43.08104],[-2.50523,43.08098],[-2.50556,43.08091],[-2.50582,43.08088],[-2.50604,43.08086],[-2.50618,43.08085],[-2.5064,43.08085],[-2.50656,43.08087],[-2.50669,43.0809],[-2.50682,43.08091],[-2.5069,43.08089],[-2.50706,43.08083],[-2.50728,43.08078],[-2.50752,43.08076],[-2.50776,43.08068],[-2.50796,43.08059],[-2.50814,43.08051],[-2.50828,43.08049],[-2.5084,43.08049],[-2.50869,43.08049],[-2.50893,43.0805],[-2.50917,43.08047],[-2.50931,43.0804],[-2.50947,43.08034],[-2.50953,43.0803],[-2.50961,43.08024],[-2.50966,43.08016],[-2.50972,43.08009],[-2.50976,43.07994],[-2.50981,43.0798],[-2.50988,43.07973],[-2.5099,43.07968],[-2.50987,43.07955],[-2.50987,43.07946],[-2.50995,43.07931],[-2.51003,43.07923],[-2.51029,43.0791],[-2.51053,43.07896],[-2.5107,43.07888],[-2.5109,43.07881],[-2.51102,43.07873],[-2.51115,43.07861],[-2.51126,43.0785],[-2.51138,43.07841],[-2.51151,43.07826],[-2.5116,43.07818],[-2.51164,43.07818],[-2.51175,43.07825],[-2.51189,43.07825],[-2.512,43.07825],[-2.51205,43.07826],[-2.5121,43.07815]]}},{"type":"Feature","properties":{"id":389793528,"highway":"trunk","nombre":"Beasain - Durango","ref":"N-636"},"geometry":{"type":"LineString","coordinates":[[-2.49628,43.08934],[-2.49648,43.08941]]}},{"type":"Feature","properties":{"id":393880331,"highway":"secondary","ref":"GI-2620"},"geometry":{"type":"LineString","coordinates":[[-2.53056,43.06241],[-2.53076,43.06226],[-2.53126,43.06195],[-2.53155,43.06177],[-2.53167,43.06169],[-2.53177,43.06163],[-2.53185,43.06159],[-2.53197,43.06151],[-2.53207,43.06147],[-2.53218,43.06143],[-2.53228,43.06141],[-2.53231,43.0614],[-2.53256,43.06137],[-2.53293,43.06135],[-2.53314,43.06133],[-2.53332,43.0613],[-2.53349,43.06126],[-2.53364,43.0612],[-2.53372,43.06115],[-2.53382,43.06108],[-2.5339,43.06099],[-2.53395,43.06091],[-2.53399,43.0608],[-2.534,43.06072],[-2.53399,43.06062],[-2.53395,43.06052],[-2.53392,43.06044],[-2.53386,43.06035],[-2.53376,43.06021],[-2.53369,43.06012],[-2.53364,43.06005],[-2.53361,43.05998],[-2.53358,43.0599],[-2.53358,43.05982]]}},{"type":"Feature","properties":{"id":393880332,"highway":"secondary","ref":"GI-2620"},"geometry":{"type":"LineString","coordinates":[[-2.52946,43.06332],[-2.52988,43.06296],[-2.5304,43.06255],[-2.53056,43.06241]]}},{"type":"Feature","properties":{"id":393880333,"highway":"tertiary","ref":"GI-3552"},"geometry":{"type":"LineString","coordinates":[[-2.5137,43.07866],[-2.51363,43.07864],[-2.51355,43.07861],[-2.51348,43.07856],[-2.51336,43.07844],[-2.51327,43.07836],[-2.51315,43.07825],[-2.51307,43.07816],[-2.51302,43.07807],[-2.51298,43.07795]]}},{"type":"Feature","properties":{"id":393880334,"highway":"unclassified","nombre":"Garagartza auzoa"},"geometry":{"type":"LineString","coordinates":[[-2.5195,43.06803],[-2.51951,43.06806],[-2.51953,43.06814],[-2.51958,43.0683],[-2.51962,43.06842],[-2.51967,43.06857],[-2.51968,43.06862],[-2.51969,43.06865],[-2.51969,43.06867]]}},{"type":"Feature","properties":{"id":393880337,"highway":"unclassified","nombre":"Gesalibar auzoa","superficie":"asphalt"},"geometry":{"type":"LineString","coordinates":[[-2.53103,43.06317],[-2.53117,43.0632],[-2.53131,43.06323]]}},{"type":"Feature","properties":{"id":393880338,"highway":"service","nombre":"Gesalibar auzoa"},"geometry":{"type":"LineString","coordinates":[[-2.5244,43.05939],[-2.52438,43.05933],[-2.52431,43.0593],[-2.52423,43.05928]]}},{"type":"Feature","properties":{"id":393880339,"highway":"unclassified","nombre":"Gesalibar auzoa"},"geometry":{"type":"LineString","coordinates":[[-2.52828,43.06089],[-2.52832,43.06092],[-2.52838,43.06093],[-2.52847,43.06095],[-2.52852,43.06095]]}},{"type":"Feature","properties":{"id":393880341,"highway":"unclassified","nombre":"Gesalibar auzoa"},"geometry":{"type":"LineString","coordinates":[[-2.52828,43.06241],[-2.52836,43.06253],[-2.5285,43.0627],[-2.5285,43.06271],[-2.52858,43.06282],[-2.52868,43.06294],[-2.52872,43.06297],[-2.52879,43.06307]]}},{"type":"Feature","properties":{"id":393880342,"highway":"residential","nombre":"Gesalibar auzoa"},"geometry":{"type":"LineString","coordinates":[[-2.53056,43.06241],[-2.53066,43.06247]]}},{"type":"Feature","properties":{"id":393880343,"highway":"residential","nombre":"Gesalibar auzoa","puente":"yes"},"geometry":{"type":"LineString","coordinates":[[-2.53066,43.06247],[-2.53078,43.06253]]}},{"type":"Feature","properties":{"id":393880344,"highway":"residential","nombre":"Gesalibar auzoa"},"geometry":{"type":"LineString","coordinates":[[-2.53078,43.06253],[-2.53095,43.06262],[-2.53098,43.06265],[-2.53101,43.06269],[-2.53105,43.06279],[-2.53106,43.06293]]}},{"type":"Feature","properties":{"id":393880356,"highway":"track","nombre":"Udala auzoa"},"geometry":{"type":"LineString","coordinates":[[-2.51417,43.07947],[-2.51424,43.07945],[-2.5143,43.07945],[-2.51439,43.07943],[-2.51449,43.0794],[-2.51454,43.0794],[-2.51465,43.07938],[-2.51474,43.07936],[-2.51478,43.07933],[-2.51482,43.07927],[-2.51485,43.0792],[-2.51485,43.07914],[-2.51484,43.07911]]}},{"type":"Feature","properties":{"id":393880484,"highway":"path","superficie":"ground"},"geometry":{"type":"LineString","coordinates":[[-2.51484,43.07911],[-2.51493,43.07911],[-2.51506,43.07915],[-2.51515,43.07919],[-2.51525,43.07919],[-2.51535,43.07919],[-2.51549,43.07918],[-2.51553,43.07914],[-2.51557,43.07914],[-2.51568,43.07922],[-2.51579,43.07945],[-2.51585,43.07953],[-2.51592,43.07956],[-2.5161,43.07961],[-2.51629,43.07963]]}},{"type":"Feature","properties":{"id":393880486,"highway":"track","superficie":"grass"},"geometry":{"type":"LineString","coordinates":[[-2.52892,43.0606],[-2.52885,43.06062],[-2.52875,43.06061],[-2.52871,43.06059],[-2.52862,43.06049],[-2.52857,43.06042],[-2.52853,43.06031],[-2.52842,43.06013],[-2.52828,43.05993],[-2.52815,43.05981],[-2.52778,43.05945],[-2.52753,43.05925],[-2.52727,43.05909],[-2.52702,43.05898]]}},{"type":"Feature","properties":{"id":393880487,"highway":"path","superficie":"ground"},"geometry":{"type":"LineString","coordinates":[[-2.52877,43.05835],[-2.52917,43.0584],[-2.52943,43.05847],[-2.52965,43.05854],[-2.52983,43.05855],[-2.52999,43.05852],[-2.53014,43.05846],[-2.53024,43.05838],[-2.53031,43.0582],[-2.53035,43.05811],[-2.5304,43.05797],[-2.5305,43.05785],[-2.5307,43.05766],[-2.53083,43.05755],[-2.5309,43.05743]]}},{"type":"Feature","properties":{"id":393880488,"highway":"track"},"geometry":{"type":"LineString","coordinates":[[-2.51629,43.07963],[-2.51658,43.07976],[-2.51703,43.07997],[-2.51706,43.08002],[-2.51713,43.08026],[-2.5172,43.08033],[-2.51737,43.08053],[-2.51743,43.08059],[-2.51765,43.0807],[-2.51785,43.0808],[-2.51813,43.08091],[-2.51859,43.0811],[-2.51876,43.08126],[-2.51888,43.0814],[-2.5191,43.08161],[-2.51926,43.08172],[-2.51952,43.08174]]}},{"type":"Feature","properties":{"id":393880490,"highway":"path"},"geometry":{"type":"LineString","coordinates":[[-2.5244,43.05939],[-2.5244,43.05945],[-2.52448,43.05949],[-2.52457,43.0595],[-2.52474,43.05949],[-2.52503,43.05942],[-2.52523,43.0594],[-2.52537,43.05939],[-2.52564,43.05936],[-2.52577,43.05932],[-2.52593,43.05924],[-2.52622,43.05911],[-2.52649,43.059],[-2.52663,43.05888],[-2.52669,43.05887],[-2.52675,43.05888],[-2.52688,43.05893],[-2.52702,43.05898]]}},{"type":"Feature","properties":{"id":393880496,"highway":"track"},"geometry":{"type":"LineString","coordinates":[[-2.53069,43.08545],[-2.53073,43.08554],[-2.5309,43.0856],[-2.53108,43.08563],[-2.53128,43.08562],[-2.53147,43.08558],[-2.53171,43.08551],[-2.53201,43.08539],[-2.53228,43.08523],[-2.53238,43.08514],[-2.53265,43.08514],[-2.53282,43.08513],[-2.5333,43.08518],[-2.53347,43.08516],[-2.53358,43.08514],[-2.53361,43.08516],[-2.53373,43.08535],[-2.53405,43.08563],[-2.53424,43.08593],[-2.53435,43.08601],[-2.53439,43.08612],[-2.53448,43.0862],[-2.53459,43.08625],[-2.53472,43.08639],[-2.53491,43.08653],[-2.53498,43.08659],[-2.53508,43.08679],[-2.53518,43.08685],[-2.53528,43.08697]]}},{"type":"Feature","properties":{"id":393880498,"highway":"service","oneway":"no"},"geometry":{"type":"LineString","coordinates":[[-2.53012,43.07724],[-2.53023,43.07741],[-2.53028,43.07747],[-2.53034,43.07753],[-2.53047,43.07767],[-2.53083,43.07783],[-2.5312,43.07797],[-2.53174,43.07814],[-2.53217,43.07831]]}},{"type":"Feature","properties":{"id":393880499,"highway":"track","superficie":"ground"},"geometry":{"type":"LineString","coordinates":[[-2.54746,43.07402],[-2.54714,43.07384],[-2.54688,43.07366],[-2.54654,43.07336],[-2.54645,43.07325]]}},{"type":"Feature","properties":{"id":393880500,"highway":"track","superficie":"ground"},"geometry":{"type":"LineString","coordinates":[[-2.53528,43.08697],[-2.53533,43.087],[-2.53545,43.08703],[-2.53563,43.08707],[-2.53605,43.08716],[-2.5364,43.08729],[-2.53675,43.08745],[-2.53718,43.08769],[-2.53756,43.08787],[-2.53797,43.08802],[-2.53849,43.08814],[-2.53865,43.08818],[-2.53874,43.0882],[-2.53898,43.0882],[-2.53929,43.08821],[-2.53948,43.0882],[-2.53976,43.08825],[-2.54008,43.08828],[-2.54017,43.0883],[-2.54028,43.08834],[-2.54077,43.08842],[-2.54147,43.08867],[-2.54183,43.0888],[-2.54259,43.089],[-2.54299,43.08918],[-2.5431,43.08923],[-2.54331,43.08935],[-2.54356,43.08963],[-2.54389,43.09007],[-2.54413,43.09042],[-2.54435,43.09075],[-2.54458,43.09108],[-2.54466,43.09113]]}},{"type":"Feature","properties":{"id":393880504,"highway":"service"},"geometry":{"type":"MultiLineString","coordinates":[[[-2.54546,43.07249],[-2.54551,43.07302],[-2.54566,43.0736],[-2.5459,43.074],[-2.54592,43.07405],[-2.54592,43.07412],[-2.54588,43.0742],[-2.54578,43.07428],[-2.54575,43.07433],[-2.54573,43.07441],[-2.54574,43.07449],[-2.54607,43.07491],[-2.54662,43.07534],[-2.54679,43.07557],[-2.54681,43.07563]],[[-2.54666,43.07576],[-2.5466,43.07578],[-2.54639,43.07588],[-2.54634,43.0759],[-2.54618,43.0759],[-2.54606,43.07591],[-2.54564,43.07602],[-2.54556,43.07606]],[[-2.54171,43.07742],[-2.54152,43.07735],[-2.54111,43.07716],[-2.5408,43.07725],[-2.54041,43.07731],[-2.5403,43.07733],[-2.5402,43.07739],[-2.53978,43.0778],[-2.53973,43.07785]]]}},{"type":"Feature","properties":{"id":393880507,"highway":"unclassified"},"geometry":{"type":"LineString","coordinates":[[-2.52546,43.0682],[-2.52557,43.0683],[-2.52567,43.06839],[-2.52577,43.06847],[-2.52586,43.06857],[-2.52591,43.06862],[-2.52592,43.06873],[-2.52585,43.06888],[-2.52569,43.06901],[-2.5255,43.06915],[-2.52526,43.06927],[-2.5251,43.06939],[-2.525,43.06951],[-2.52502,43.06963],[-2.5252,43.06977],[-2.5255,43.06995],[-2.52574,43.07008],[-2.52578,43.07011],[-2.52602,43.07027],[-2.52612,43.07032]]}},{"type":"Feature","properties":{"id":393880510,"highway":"unclassified"},"geometry":{"type":"LineString","coordinates":[[-2.5403,43.07094],[-2.54031,43.07102],[-2.54027,43.07113]]}},{"type":"Feature","properties":{"id":393880511,"highway":"track"},"geometry":{"type":"LineString","coordinates":[[-2.524,43.05883],[-2.52403,43.05878],[-2.52412,43.05869],[-2.52422,43.0586],[-2.52441,43.05851],[-2.52455,43.05843],[-2.52466,43.0584],[-2.52479,43.05839],[-2.52493,43.05841],[-2.52518,43.05848],[-2.52532,43.0585],[-2.52545,43.05848],[-2.52554,43.05844],[-2.52565,43.05835],[-2.5257,43.05828],[-2.52578,43.05812],[-2.52585,43.05789],[-2.52589,43.0578],[-2.52594,43.05776],[-2.52603,43.05773],[-2.52621,43.05773],[-2.52676,43.05779],[-2.52693,43.05785],[-2.52704,43.05788],[-2.52717,43.05786],[-2.52732,43.05786],[-2.52748,43.05791],[-2.52769,43.05799],[-2.52848,43.05826],[-2.52877,43.05835]]}},{"type":"Feature","properties":{"id":393880512,"highway":"path","superficie":"ground"},"geometry":{"type":"LineString","coordinates":[[-2.54054,43.09041],[-2.54048,43.09035],[-2.54042,43.09029],[-2.54031,43.09026],[-2.54018,43.0902],[-2.54003,43.09011],[-2.53982,43.09],[-2.53966,43.08994],[-2.53942,43.08989],[-2.53934,43.08988],[-2.53927,43.08984],[-2.53904,43.08976],[-2.53882,43.08967],[-2.53853,43.08961],[-2.53821,43.08959],[-2.53803,43.08953],[-2.53779,43.08944],[-2.53756,43.08937],[-2.53732,43.08935],[-2.5371,43.0893],[-2.53683,43.08921],[-2.53656,43.08909],[-2.53633,43.08899],[-2.53605,43.08892],[-2.53577,43.08885],[-2.53534,43.08865],[-2.53508,43.08847],[-2.53474,43.08831],[-2.53454,43.08824],[-2.53434,43.08822],[-2.53424,43.08825],[-2.53415,43.08829]]}},{"type":"Feature","properties":{"id":393880514,"highway":"path","superficie":"ground"},"geometry":{"type":"LineString","coordinates":[[-2.54156,43.09183],[-2.54159,43.09177],[-2.54163,43.09172],[-2.54169,43.09165],[-2.54171,43.0916],[-2.54168,43.09153],[-2.54156,43.0914],[-2.54141,43.09128],[-2.54133,43.09118],[-2.54126,43.09105],[-2.54121,43.09094],[-2.54114,43.09084],[-2.54106,43.09075],[-2.54089,43.09061],[-2.54076,43.0905],[-2.54054,43.09041]]}},{"type":"Feature","properties":{"id":393880521,"highway":"footway"},"geometry":{"type":"LineString","coordinates":[[-2.51712,43.07945],[-2.51714,43.07951],[-2.51716,43.07955],[-2.51735,43.07966]]}},{"type":"Feature","properties":{"id":393880522,"highway":"service"},"geometry":{"type":"LineString","coordinates":[[-2.53131,43.06323],[-2.53132,43.06307],[-2.5312,43.06303],[-2.53106,43.06293]]}},{"type":"Feature","properties":{"id":393880523,"highway":"service"},"geometry":{"type":"LineString","coordinates":[[-2.51206,43.07843],[-2.51188,43.0785],[-2.51173,43.07856],[-2.51172,43.07856],[-2.51143,43.07865],[-2.51104,43.07879]]}},{"type":"Feature","properties":{"id":393880524,"highway":"track"},"geometry":{"type":"LineString","coordinates":[[-2.51607,43.07933],[-2.51602,43.07935],[-2.51601,43.0794],[-2.516,43.07944],[-2.51609,43.07952],[-2.51629,43.07963]]}},{"type":"Feature","properties":{"id":393880527,"highway":"service"},"geometry":{"type":"LineString","coordinates":[[-2.53437,43.06769],[-2.53428,43.0676],[-2.53418,43.06741],[-2.53404,43.06736],[-2.53386,43.06733]]}},{"type":"Feature","properties":{"id":393880528,"highway":"unclassified","superficie":"concrete"},"geometry":{"type":"LineString","coordinates":[[-2.5403,43.07094],[-2.54011,43.07088],[-2.53974,43.07082],[-2.53956,43.07083],[-2.53902,43.07092],[-2.53887,43.07092],[-2.53879,43.0709],[-2.53872,43.07083],[-2.53868,43.07075],[-2.53868,43.07068],[-2.53877,43.07059],[-2.53894,43.07049],[-2.53932,43.07037],[-2.53945,43.07031],[-2.53947,43.07021],[-2.53946,43.07011],[-2.53937,43.07004],[-2.53922,43.06999],[-2.53905,43.07003],[-2.53892,43.07009],[-2.53881,43.07011],[-2.53873,43.0701],[-2.53865,43.07005],[-2.53862,43.06996],[-2.53869,43.06967],[-2.53865,43.06952],[-2.53853,43.06924],[-2.53852,43.06918],[-2.53855,43.0691],[-2.53868,43.06897],[-2.53871,43.06889],[-2.53869,43.06882],[-2.53861,43.06874],[-2.53851,43.0687],[-2.53813,43.06862],[-2.53797,43.0686],[-2.5378,43.06859],[-2.53769,43.06857],[-2.53756,43.06848],[-2.5372,43.0683],[-2.53689,43.06818],[-2.53649,43.06807],[-2.53641,43.06806],[-2.53636,43.06805],[-2.53632,43.06805],[-2.53627,43.06804],[-2.53605,43.06799],[-2.53591,43.0679],[-2.53574,43.06774],[-2.53569,43.06765],[-2.53563,43.0675]]}},{"type":"Feature","properties":{"id":393880529,"highway":"track","oneway":"no"},"geometry":{"type":"LineString","coordinates":[[-2.52245,43.07605],[-2.52255,43.07607],[-2.52263,43.07609],[-2.52283,43.07605],[-2.52299,43.07598],[-2.5232,43.07591],[-2.52336,43.07588],[-2.52355,43.07591],[-2.52371,43.07598],[-2.52384,43.07605],[-2.52394,43.07611],[-2.52405,43.07626],[-2.52412,43.07639],[-2.52419,43.07651],[-2.52426,43.07661],[-2.52449,43.07671],[-2.52468,43.07675],[-2.52492,43.07687],[-2.52511,43.07698],[-2.52528,43.07705],[-2.52546,43.07712],[-2.52562,43.07718],[-2.52583,43.07729],[-2.52599,43.0774],[-2.52618,43.07756],[-2.52649,43.07779],[-2.52672,43.07796],[-2.52689,43.07814],[-2.52703,43.07835],[-2.52708,43.07864],[-2.52708,43.07893],[-2.5271,43.07908],[-2.52713,43.07928],[-2.52719,43.07941],[-2.52732,43.0795],[-2.52736,43.07952],[-2.52756,43.07953],[-2.52774,43.07952],[-2.52807,43.07952],[-2.52829,43.07949],[-2.52843,43.07938],[-2.52856,43.07917],[-2.52861,43.07904],[-2.52862,43.07888],[-2.5286,43.07862],[-2.52861,43.07817],[-2.52864,43.07804],[-2.52871,43.07793],[-2.52887,43.07781],[-2.52898,43.07776],[-2.52913,43.07759],[-2.52917,43.07743],[-2.52924,43.07731],[-2.52934,43.07723],[-2.52953,43.07712],[-2.52978,43.07708],[-2.52995,43.07713],[-2.53012,43.07724]]}},{"type":"Feature","properties":{"id":393880532,"highway":"path"},"geometry":{"type":"LineString","coordinates":[[-2.52852,43.06095],[-2.52862,43.06089],[-2.52875,43.06079],[-2.52881,43.06075],[-2.52886,43.06068],[-2.52892,43.0606]]}},{"type":"Feature","properties":{"id":393880536,"highway":"track","superficie":"concrete"},"geometry":{"type":"LineString","coordinates":[[-2.52423,43.05928],[-2.52427,43.05921],[-2.52428,43.05915],[-2.52424,43.05908],[-2.52405,43.05895],[-2.524,43.05889],[-2.524,43.05883]]}},{"type":"Feature","properties":{"id":393880537,"highway":"track"},"geometry":{"type":"LineString","coordinates":[[-2.5403,43.07094],[-2.54037,43.07081],[-2.54042,43.07077],[-2.54052,43.07072],[-2.54099,43.07059],[-2.54124,43.07046],[-2.54166,43.07023],[-2.54188,43.07013],[-2.54199,43.0701]]}},{"type":"Feature","properties":{"id":393880539,"highway":"service"},"geometry":{"type":"LineString","coordinates":[[-2.5403,43.07094],[-2.54054,43.07087],[-2.54149,43.07076],[-2.54186,43.0706],[-2.54223,43.07055],[-2.54255,43.07064],[-2.54289,43.0708],[-2.54402,43.07148],[-2.54439,43.07167]]}},{"type":"Feature","properties":{"id":393880540,"highway":"service"},"geometry":{"type":"LineString","coordinates":[[-2.51805,43.07935],[-2.51829,43.07931],[-2.51845,43.07924],[-2.51857,43.07915],[-2.51863,43.07876],[-2.51858,43.07855],[-2.51853,43.07841],[-2.51835,43.07834],[-2.5183,43.07827]]}},{"type":"Feature","properties":{"id":394109154,"highway":"track"},"geometry":{"type":"LineString","coordinates":[[-2.54694,43.07551],[-2.54694,43.07551],[-2.54662,43.07534]]}},{"type":"Feature","properties":{"id":395408490,"highway":"path"},"geometry":{"type":"LineString","coordinates":[[-2.52907,43.05297],[-2.52905,43.05301],[-2.52898,43.05302],[-2.52895,43.05301],[-2.52892,43.05304],[-2.52887,43.05306],[-2.52885,43.05308],[-2.52884,43.05312],[-2.52883,43.05318],[-2.52878,43.05321],[-2.52877,43.05325],[-2.52873,43.05328],[-2.52874,43.05331],[-2.52873,43.05334],[-2.52874,43.0534],[-2.52867,43.05344],[-2.52867,43.05349],[-2.52866,43.05354],[-2.52873,43.05362],[-2.52891,43.05385],[-2.52911,43.05413],[-2.52918,43.05429],[-2.52922,43.05435],[-2.52917,43.05439],[-2.52907,43.05439],[-2.52892,43.05437],[-2.52879,43.05436],[-2.52867,43.05435],[-2.5286,43.05437],[-2.52845,43.05432],[-2.52829,43.05428],[-2.52816,43.05424],[-2.52805,43.0542],[-2.52773,43.05408],[-2.52752,43.05403],[-2.52727,43.05395],[-2.52713,43.05392],[-2.52689,43.05385],[-2.52667,43.05382],[-2.5264,43.05381],[-2.52608,43.0538],[-2.5259,43.05379],[-2.52573,43.05377]]}},{"type":"Feature","properties":{"id":396611629,"highway":"tertiary","nombre":"GI-3551 Bizkaia etorbidea","ref":"GI-3551"},"geometry":{"type":"LineString","coordinates":[[-2.49668,43.08878],[-2.4967,43.08753],[-2.49672,43.08709],[-2.49674,43.08682],[-2.49678,43.08657],[-2.49687,43.08614],[-2.4969,43.086],[-2.49693,43.08585],[-2.49692,43.08565],[-2.49695,43.08509],[-2.49697,43.0849],[-2.497,43.08454],[-2.49704,43.08395]]}},{"type":"Feature","properties":{"id":396611630,"highway":"tertiary_link","ref":"GI-3551","oneway":"yes"},"geometry":{"type":"LineString","coordinates":[[-2.49693,43.08981],[-2.49674,43.08914]]}},{"type":"Feature","properties":{"id":412097538,"highway":"track"},"geometry":{"type":"LineString","coordinates":[[-2.51989,43.05557],[-2.5199,43.05568],[-2.52005,43.05591],[-2.52033,43.05614],[-2.5205,43.05629],[-2.52061,43.05631],[-2.52073,43.05631],[-2.52095,43.05639],[-2.52139,43.05648],[-2.52177,43.05656],[-2.52196,43.05659],[-2.52233,43.05667],[-2.52275,43.05681],[-2.52309,43.05692],[-2.52341,43.05703],[-2.52372,43.05714],[-2.52392,43.05716],[-2.5241,43.05717],[-2.52419,43.05716],[-2.52432,43.05712],[-2.52449,43.05702],[-2.52459,43.05692],[-2.52464,43.05675],[-2.52475,43.05652],[-2.52485,43.05632],[-2.52494,43.05621],[-2.52503,43.05615],[-2.52518,43.05612],[-2.52532,43.05615],[-2.52547,43.0562],[-2.5256,43.05624],[-2.52566,43.05624],[-2.52572,43.05621],[-2.52582,43.0562],[-2.52604,43.0562],[-2.52638,43.05622],[-2.52649,43.05623],[-2.52675,43.05633],[-2.52708,43.0565],[-2.52733,43.05665],[-2.52747,43.05672],[-2.5276,43.05679],[-2.52777,43.05689],[-2.52791,43.05694],[-2.52803,43.05696],[-2.52814,43.05696],[-2.52829,43.05696],[-2.52849,43.05702],[-2.52864,43.05709],[-2.52888,43.0572],[-2.52912,43.05731],[-2.5292,43.05734],[-2.52948,43.05745],[-2.52967,43.05754],[-2.52979,43.05757],[-2.52991,43.05759],[-2.53005,43.05757],[-2.5304,43.05748],[-2.53054,43.05745],[-2.53076,43.05744],[-2.5309,43.05743]]}},{"type":"Feature","properties":{"id":412097539,"highway":"track","superficie":"ground"},"geometry":{"type":"LineString","coordinates":[[-2.5309,43.05743],[-2.53103,43.05737],[-2.53126,43.05731],[-2.5313,43.05728],[-2.53162,43.05697],[-2.53171,43.05686]]}},{"type":"Feature","properties":{"id":412099313,"highway":"path"},"geometry":{"type":"LineString","coordinates":[[-2.52577,43.05381],[-2.52571,43.05385],[-2.52561,43.05385],[-2.52544,43.05386],[-2.52531,43.05383],[-2.52519,43.05378],[-2.52504,43.05378],[-2.52479,43.05382],[-2.52456,43.05383],[-2.52443,43.05381],[-2.52426,43.05383],[-2.52416,43.05383],[-2.52412,43.05384]]}},{"type":"Feature","properties":{"id":412099586,"highway":"path"},"geometry":{"type":"LineString","coordinates":[[-2.52343,43.05257],[-2.52333,43.05259],[-2.5232,43.05261],[-2.52309,43.05262],[-2.52284,43.05266],[-2.52271,43.05267],[-2.52257,43.05268],[-2.52245,43.05269],[-2.5223,43.05266],[-2.5222,43.05265],[-2.52195,43.05268],[-2.52177,43.05269],[-2.52157,43.05268],[-2.52136,43.05266],[-2.52131,43.05265]]}},{"type":"Feature","properties":{"id":412099922,"highway":"track"},"geometry":{"type":"LineString","coordinates":[[-2.52007,43.05278],[-2.52018,43.05292],[-2.52034,43.05311],[-2.52054,43.05325],[-2.52071,43.05339],[-2.52081,43.05358],[-2.52085,43.05375],[-2.52079,43.0539],[-2.52068,43.05402],[-2.52051,43.05418],[-2.52039,43.05434],[-2.52033,43.05445],[-2.52028,43.05458],[-2.52016,43.05491],[-2.5201,43.0551],[-2.51999,43.05532],[-2.51989,43.05557],[-2.51983,43.05574],[-2.51979,43.05588],[-2.51977,43.056],[-2.51976,43.05613],[-2.51977,43.05627],[-2.51978,43.05639],[-2.51973,43.05654],[-2.51964,43.05668],[-2.51959,43.05678],[-2.51952,43.05691],[-2.51945,43.05702],[-2.51938,43.05711],[-2.5193,43.05718],[-2.51913,43.05725],[-2.51898,43.05731],[-2.51884,43.0574],[-2.51872,43.05752]]}},{"type":"Feature","properties":{"id":412100899,"highway":"track"},"geometry":{"type":"LineString","coordinates":[[-2.52695,43.0639],[-2.52686,43.06392],[-2.52675,43.06398],[-2.52668,43.06404],[-2.52648,43.06412],[-2.52631,43.06415],[-2.52616,43.06417],[-2.52604,43.06417],[-2.52587,43.06421],[-2.52569,43.06426],[-2.52552,43.06431],[-2.52534,43.06433],[-2.52517,43.06435],[-2.52499,43.06435],[-2.52486,43.06435],[-2.52466,43.06433],[-2.52452,43.06431],[-2.52437,43.06426],[-2.52427,43.0642],[-2.52417,43.06415],[-2.52407,43.06409],[-2.52401,43.06405],[-2.52397,43.06403]]}},{"type":"Feature","properties":{"id":412103056,"highway":"track"},"geometry":{"type":"LineString","coordinates":[[-2.52699,43.06419],[-2.52684,43.06423],[-2.52668,43.06424],[-2.5265,43.06426],[-2.52641,43.06423],[-2.52629,43.0642],[-2.52616,43.06417]]}},{"type":"Feature","properties":{"id":419445802,"highway":"service","oneway":"no"},"geometry":{"type":"LineString","coordinates":[[-2.52218,43.07539],[-2.5223,43.07559],[-2.52235,43.07585],[-2.52238,43.07597],[-2.52245,43.07605]]}},{"type":"Feature","properties":{"id":421834732,"highway":"path"},"geometry":{"type":"LineString","coordinates":[[-2.54431,43.09163],[-2.54431,43.09163]]}},{"type":"Feature","properties":{"id":421834734,"highway":"path"},"geometry":{"type":"MultiLineString","coordinates":[[[-2.53426,43.09355],[-2.53424,43.09351],[-2.53422,43.09349],[-2.53417,43.09343],[-2.53414,43.09335],[-2.53409,43.0933],[-2.53397,43.09323],[-2.53384,43.09322],[-2.53378,43.0932],[-2.53373,43.09316],[-2.53373,43.09311],[-2.53372,43.093],[-2.53369,43.09303],[-2.53349,43.09306],[-2.53339,43.09312],[-2.53329,43.09321],[-2.53323,43.09328],[-2.53324,43.09334],[-2.53326,43.09339],[-2.53332,43.09342],[-2.53334,43.0935],[-2.53336,43.09355],[-2.53331,43.09361],[-2.53324,43.09365],[-2.53316,43.09367],[-2.53307,43.09365],[-2.53294,43.09359],[-2.53286,43.09355],[-2.53268,43.09352],[-2.53256,43.09352],[-2.53245,43.09353],[-2.53236,43.09356],[-2.53232,43.09365],[-2.53237,43.09377],[-2.53238,43.09379]],[[-2.53153,43.09389],[-2.53152,43.09388],[-2.5314,43.09387],[-2.53119,43.0939],[-2.53105,43.09391],[-2.53089,43.09389],[-2.53073,43.09387],[-2.53064,43.09381],[-2.5306,43.09382],[-2.53051,43.09388],[-2.5304,43.09393],[-2.53036,43.09394],[-2.53027,43.09391],[-2.53018,43.09383],[-2.53007,43.09377],[-2.52996,43.09375],[-2.52988,43.09373],[-2.52977,43.09369],[-2.52964,43.09368],[-2.52957,43.09363],[-2.5295,43.09361],[-2.5294,43.09353],[-2.52921,43.09351],[-2.52905,43.09342],[-2.52894,43.09337],[-2.52886,43.09333],[-2.52874,43.09329],[-2.52861,43.09328],[-2.52846,43.09326],[-2.52836,43.09325],[-2.52815,43.09318],[-2.52796,43.09312],[-2.52787,43.09305],[-2.5278,43.09299],[-2.52766,43.09295],[-2.52743,43.09294],[-2.52723,43.09292],[-2.52707,43.09293],[-2.52694,43.09302],[-2.52686,43.09304],[-2.52657,43.09299],[-2.52633,43.09307],[-2.52616,43.0931],[-2.52598,43.0931],[-2.52583,43.09311],[-2.52569,43.09308],[-2.52562,43.09302],[-2.52552,43.09303],[-2.52532,43.09311],[-2.52522,43.0931],[-2.52516,43.09307],[-2.52503,43.09305],[-2.52484,43.09308],[-2.52472,43.09314],[-2.52455,43.09328],[-2.52449,43.09338],[-2.52446,43.09339],[-2.52435,43.09339],[-2.52425,43.0934],[-2.52414,43.0934],[-2.52404,43.09334],[-2.52378,43.09327],[-2.52369,43.09327],[-2.52363,43.09328],[-2.52353,43.0933],[-2.52339,43.09327],[-2.52323,43.09325],[-2.52304,43.0932],[-2.52278,43.09318],[-2.52271,43.0932],[-2.52262,43.09318],[-2.52247,43.09315],[-2.52236,43.09309],[-2.5222,43.09304],[-2.52208,43.09302],[-2.52198,43.09296],[-2.52176,43.09292],[-2.52161,43.09288],[-2.5215,43.09285],[-2.52141,43.09286],[-2.52128,43.09281],[-2.52115,43.09269],[-2.52104,43.09264],[-2.52088,43.09255],[-2.52079,43.0925],[-2.52072,43.09246],[-2.52065,43.09245],[-2.52057,43.09244],[-2.52039,43.09238],[-2.52028,43.0923],[-2.52016,43.09221],[-2.52003,43.09217],[-2.51993,43.09209],[-2.51973,43.09199],[-2.51958,43.09195],[-2.51946,43.09189],[-2.51929,43.09178],[-2.51915,43.09163],[-2.51899,43.09152],[-2.51885,43.0915],[-2.51851,43.09149],[-2.51831,43.09148],[-2.51811,43.09142],[-2.51782,43.09133],[-2.51752,43.09117],[-2.51733,43.09106],[-2.5172,43.09098],[-2.51699,43.09098],[-2.5168,43.09095],[-2.51664,43.09095],[-2.51653,43.09094],[-2.51642,43.09094],[-2.51625,43.09088],[-2.51623,43.09088]],[[-2.51611,43.09083],[-2.516,43.09075],[-2.51592,43.09071],[-2.51579,43.09069],[-2.51574,43.09066],[-2.51565,43.09062],[-2.5155,43.09053],[-2.51543,43.09048],[-2.5153,43.09043],[-2.51506,43.09032],[-2.51493,43.09024],[-2.51487,43.09021],[-2.51482,43.09022],[-2.51477,43.09027],[-2.5147,43.09026],[-2.51469,43.09032],[-2.51466,43.09033],[-2.51463,43.09038],[-2.51461,43.0904],[-2.5145,43.09033],[-2.51442,43.09032],[-2.51437,43.09029],[-2.51431,43.09028],[-2.51424,43.09028],[-2.5142,43.09027],[-2.51417,43.09022],[-2.51411,43.09014],[-2.51409,43.09006],[-2.51405,43.09003],[-2.51402,43.09],[-2.51397,43.09001],[-2.51393,43.09007],[-2.51381,43.09004],[-2.51375,43.09004]],[[-2.51372,43.09002],[-2.51368,43.08999],[-2.51363,43.09]]]}},{"type":"Feature","properties":{"id":421834736,"highway":"path"},"geometry":{"type":"LineString","coordinates":[[-2.49867,43.06591],[-2.49863,43.06597],[-2.49858,43.06604],[-2.49853,43.06615],[-2.49848,43.06618],[-2.49834,43.06636],[-2.49823,43.06648],[-2.49822,43.06652],[-2.49825,43.06659],[-2.49826,43.06662]]}},{"type":"Feature","properties":{"id":421834737,"highway":"path"},"geometry":{"type":"LineString","coordinates":[[-2.49826,43.06662],[-2.49832,43.06668],[-2.49847,43.06677],[-2.49857,43.06684],[-2.49862,43.06687],[-2.49868,43.06691],[-2.49881,43.06699],[-2.49889,43.06707],[-2.49898,43.0671],[-2.49915,43.06716],[-2.49931,43.06722],[-2.49941,43.06726],[-2.49946,43.06731],[-2.49953,43.06735],[-2.4997,43.0675],[-2.49987,43.06765],[-2.49998,43.06769],[-2.50009,43.06775],[-2.50015,43.06783],[-2.5002,43.06788]]}},{"type":"Feature","properties":{"id":448314337,"highway":"secondary","ref":"GI-2620","oneway":"yes"},"geometry":{"type":"LineString","coordinates":[[-2.51488,43.06698],[-2.51494,43.06699],[-2.51517,43.06701],[-2.51532,43.06702]]}},{"type":"Feature","properties":{"id":448314338,"highway":"secondary","ref":"GI-2620","oneway":"yes","superficie":"asphalt"},"geometry":{"type":"LineString","coordinates":[[-2.51527,43.06686],[-2.51515,43.06691],[-2.51504,43.06694],[-2.51492,43.06697],[-2.51488,43.06698]]}},{"type":"Feature","properties":{"id":455101516,"highway":"track"},"geometry":{"type":"LineString","coordinates":[[-2.54458,43.09108],[-2.54453,43.09085],[-2.54446,43.09061],[-2.54438,43.09035],[-2.54428,43.09016],[-2.54409,43.08988],[-2.54388,43.08951],[-2.54379,43.08921],[-2.54368,43.08903],[-2.54341,43.08883],[-2.54322,43.08869],[-2.54303,43.08852]]}},{"type":"Feature","properties":{"id":455101517,"highway":"track"},"geometry":{"type":"LineString","coordinates":[[-2.52238,43.08157],[-2.52253,43.08163],[-2.52261,43.08164],[-2.52272,43.08162],[-2.5228,43.08159],[-2.52299,43.08157],[-2.52309,43.08155],[-2.52321,43.08154],[-2.52333,43.08152],[-2.52343,43.08147],[-2.52347,43.08143],[-2.52351,43.08139],[-2.52348,43.08133],[-2.52332,43.0812],[-2.52315,43.08089],[-2.52309,43.08049],[-2.52314,43.08008],[-2.52318,43.07992],[-2.52326,43.07983],[-2.52328,43.07978],[-2.52328,43.07967],[-2.52327,43.07957],[-2.52327,43.07951],[-2.5234,43.07939],[-2.52358,43.07926],[-2.52366,43.07918],[-2.52366,43.07908],[-2.52362,43.07901],[-2.52366,43.07895],[-2.52378,43.07895],[-2.524,43.07902],[-2.52409,43.07899],[-2.5241,43.07895],[-2.52407,43.07885],[-2.52404,43.07876],[-2.5241,43.07872],[-2.52416,43.07873],[-2.52436,43.07879],[-2.52445,43.0788],[-2.52454,43.07876],[-2.52454,43.07866],[-2.52442,43.07826],[-2.52431,43.07816],[-2.52416,43.0781],[-2.52409,43.07808],[-2.52405,43.07804],[-2.52406,43.078],[-2.52414,43.078],[-2.52449,43.07802],[-2.52477,43.07804],[-2.52496,43.078],[-2.52539,43.07792],[-2.52561,43.07796],[-2.52627,43.07818],[-2.52678,43.07838],[-2.52689,43.07843],[-2.52695,43.0785],[-2.52708,43.07864]]}},{"type":"Feature","properties":{"id":455101518,"highway":"track"},"geometry":{"type":"LineString","coordinates":[[-2.52974,43.08185],[-2.52936,43.08188],[-2.52898,43.08191],[-2.52848,43.08198],[-2.52798,43.082],[-2.52767,43.08207],[-2.52744,43.08213],[-2.52722,43.08214]]}},{"type":"Feature","properties":{"id":455101519,"highway":"path"},"geometry":{"type":"LineString","coordinates":[[-2.51385,43.07936],[-2.51382,43.07941],[-2.51383,43.07945]]}},{"type":"Feature","properties":{"id":455101520,"highway":"path"},"geometry":{"type":"LineString","coordinates":[[-2.5122,43.08855],[-2.51216,43.08861],[-2.51217,43.08865],[-2.51214,43.08869],[-2.51215,43.08871],[-2.51218,43.08875],[-2.51225,43.08878],[-2.51229,43.0888],[-2.51231,43.08882],[-2.51229,43.08885],[-2.51222,43.08886],[-2.51218,43.08887],[-2.51218,43.08889],[-2.51219,43.08892],[-2.51221,43.08894],[-2.51219,43.08897],[-2.51218,43.08902],[-2.51222,43.08905],[-2.51229,43.08908],[-2.51234,43.08911],[-2.5124,43.08914],[-2.51244,43.08917],[-2.51249,43.08922],[-2.51255,43.08923],[-2.5126,43.08923],[-2.51264,43.08924]]}},{"type":"Feature","properties":{"id":455101521,"highway":"path"},"geometry":{"type":"MultiLineString","coordinates":[[[-2.51579,43.09069],[-2.51579,43.09069]],[[-2.51576,43.09069],[-2.51576,43.09069],[-2.51564,43.0907],[-2.51561,43.09072],[-2.5156,43.09075],[-2.51559,43.09081],[-2.51554,43.09084],[-2.51556,43.09087],[-2.51558,43.09089]],[[-2.51517,43.09101],[-2.51516,43.091],[-2.51508,43.09098],[-2.51495,43.09098],[-2.51491,43.09096]],[[-2.51469,43.09083],[-2.51466,43.0908],[-2.51452,43.0907],[-2.51438,43.0906],[-2.51429,43.09054],[-2.51429,43.09052]],[[-2.51429,43.0904],[-2.51424,43.09028]]]}},{"type":"Feature","properties":{"id":455101522,"highway":"path"},"geometry":{"type":"MultiLineString","coordinates":[[[-2.51733,43.09106],[-2.5174,43.09115],[-2.51751,43.0912],[-2.5176,43.09133],[-2.51766,43.09138],[-2.51758,43.09144],[-2.51753,43.09147],[-2.51752,43.09152],[-2.51756,43.09157],[-2.51756,43.0916],[-2.51763,43.09167],[-2.51754,43.09168],[-2.51761,43.09178],[-2.51769,43.09185]],[[-2.5177,43.09185],[-2.51782,43.09186],[-2.51784,43.09187]],[[-2.51846,43.09198],[-2.51849,43.09198],[-2.51861,43.09203]],[[-2.5187,43.09203],[-2.51871,43.09202],[-2.51877,43.09198],[-2.51886,43.09203],[-2.51887,43.09204]],[[-2.5195,43.09223],[-2.5195,43.09223],[-2.51956,43.09222],[-2.51963,43.0922],[-2.51967,43.0922],[-2.51973,43.09219],[-2.51979,43.09216],[-2.51989,43.09217],[-2.52003,43.09217]]]}},{"type":"Feature","properties":{"id":455105549,"highway":"path"},"geometry":{"type":"MultiLineString","coordinates":[[[-2.52622,43.09558],[-2.52619,43.09558],[-2.52612,43.09559],[-2.5261,43.09556],[-2.52603,43.09554],[-2.52594,43.09552],[-2.52585,43.09555],[-2.52579,43.09559],[-2.52574,43.0956],[-2.52566,43.09555],[-2.52557,43.09552],[-2.52548,43.09542],[-2.52536,43.09534],[-2.52518,43.0953],[-2.52513,43.0953],[-2.52509,43.09531],[-2.525,43.09529],[-2.52492,43.09522],[-2.52481,43.09518],[-2.52471,43.0951],[-2.52458,43.09503],[-2.52451,43.09497],[-2.5244,43.09491],[-2.52433,43.09488],[-2.52422,43.09483],[-2.5241,43.09479],[-2.52403,43.09475],[-2.52395,43.09475],[-2.52387,43.09476],[-2.52377,43.09473],[-2.5236,43.09466],[-2.52349,43.09466],[-2.52344,43.09461],[-2.52331,43.09459],[-2.52319,43.09459],[-2.52312,43.09459]],[[-2.52299,43.09454],[-2.52305,43.09451],[-2.52304,43.09444],[-2.52297,43.09442],[-2.52297,43.09438],[-2.523,43.0943],[-2.52298,43.09426],[-2.52288,43.09422],[-2.5228,43.0942]],[[-2.52263,43.09413],[-2.52252,43.09408],[-2.5224,43.09401],[-2.52222,43.09398],[-2.52213,43.09396]],[[-2.52197,43.09389],[-2.52187,43.0938],[-2.52173,43.09369]],[[-2.52154,43.09357],[-2.52144,43.09353],[-2.52131,43.09337],[-2.5213,43.09336]],[[-2.52117,43.09323],[-2.52112,43.09318],[-2.52104,43.09311],[-2.52097,43.09301],[-2.52085,43.0929],[-2.52076,43.09277],[-2.52071,43.09274]],[[-2.52042,43.09249],[-2.52039,43.09238]]]}},{"type":"Feature","properties":{"id":455105553,"highway":"path"},"geometry":{"type":"LineString","coordinates":[[-2.5398,43.09141],[-2.53974,43.09139],[-2.53964,43.09135],[-2.53956,43.09136],[-2.53946,43.09134],[-2.53939,43.09131],[-2.53933,43.0913],[-2.53931,43.09127],[-2.53925,43.09125],[-2.53922,43.09125],[-2.53917,43.09132],[-2.53917,43.09145],[-2.53911,43.09155],[-2.53902,43.09162],[-2.53893,43.09168],[-2.53886,43.09172],[-2.53875,43.09175],[-2.53869,43.09174],[-2.53865,43.09172],[-2.53864,43.09169],[-2.53866,43.09163],[-2.53868,43.09159],[-2.53868,43.09153],[-2.53864,43.09151],[-2.5386,43.09151],[-2.53858,43.09147],[-2.53856,43.09145],[-2.53847,43.09139],[-2.53841,43.09132],[-2.53832,43.09129],[-2.53831,43.09119],[-2.53819,43.09114],[-2.53813,43.09107],[-2.53805,43.09107],[-2.538,43.09106],[-2.53798,43.09105],[-2.53802,43.09101],[-2.53808,43.09098],[-2.53813,43.09092]]}},{"type":"Feature","properties":{"id":455105554,"highway":"path"},"geometry":{"type":"LineString","coordinates":[[-2.538,43.09106],[-2.53798,43.09112],[-2.53792,43.09117],[-2.5378,43.09118],[-2.53776,43.09122],[-2.53769,43.09124],[-2.53761,43.09125],[-2.53755,43.0913],[-2.53749,43.09131],[-2.53745,43.09138],[-2.53737,43.09142],[-2.53724,43.09144],[-2.53718,43.09147],[-2.53707,43.09146],[-2.53691,43.09148],[-2.53684,43.0915],[-2.53676,43.09156],[-2.53666,43.09165],[-2.53665,43.09171],[-2.53671,43.09176],[-2.53671,43.09179],[-2.53666,43.09178],[-2.53657,43.09178],[-2.53639,43.09183],[-2.53632,43.09188],[-2.53627,43.09195],[-2.53623,43.09205],[-2.53612,43.09211],[-2.53604,43.09218],[-2.53593,43.09222],[-2.5357,43.09226],[-2.53548,43.0923],[-2.53538,43.09235],[-2.53533,43.09241],[-2.53527,43.09255],[-2.53513,43.09279],[-2.53507,43.09288],[-2.53503,43.09292]]}},{"type":"Feature","properties":{"id":455105555,"highway":"path"},"geometry":{"type":"LineString","coordinates":[[-2.53604,43.09218],[-2.53598,43.09223],[-2.53594,43.09232],[-2.53594,43.09235],[-2.53598,43.09239],[-2.53608,43.09248],[-2.53614,43.09257],[-2.53617,43.09262],[-2.53619,43.09263],[-2.53626,43.09272],[-2.53623,43.09272],[-2.53626,43.09275],[-2.53632,43.0928],[-2.53637,43.09284],[-2.53639,43.09285]]}},{"type":"Feature","properties":{"id":455333812,"highway":"path"},"geometry":{"type":"LineString","coordinates":[[-2.51682,43.08607],[-2.51687,43.08613],[-2.51693,43.08619],[-2.51704,43.08626],[-2.51711,43.08633],[-2.51722,43.08638],[-2.51729,43.08645],[-2.51733,43.08649],[-2.51738,43.08649],[-2.51742,43.0865],[-2.5174,43.08653],[-2.51749,43.08667],[-2.5176,43.0868],[-2.51777,43.08709],[-2.51793,43.08729],[-2.51798,43.08736],[-2.51818,43.08779],[-2.51829,43.08797],[-2.51835,43.08811],[-2.51846,43.08836],[-2.51857,43.08855],[-2.51877,43.08877],[-2.51888,43.08891],[-2.5189,43.08898],[-2.51892,43.08907],[-2.51892,43.08921],[-2.51897,43.08931],[-2.51885,43.08942],[-2.51874,43.08944],[-2.51876,43.08948],[-2.5187,43.0895],[-2.51856,43.08949],[-2.5185,43.08958],[-2.51851,43.08961],[-2.51853,43.08963],[-2.51854,43.08975],[-2.51848,43.0898],[-2.5184,43.08978],[-2.51837,43.08983],[-2.51839,43.08997],[-2.51845,43.09001],[-2.51845,43.09004],[-2.51848,43.09007],[-2.5185,43.09014],[-2.51844,43.09016],[-2.51837,43.09014],[-2.51829,43.09016],[-2.51824,43.09018],[-2.51819,43.0902],[-2.51813,43.0902],[-2.51784,43.09009],[-2.5175,43.09],[-2.51725,43.08999],[-2.51718,43.08997],[-2.51715,43.08998],[-2.51699,43.08996],[-2.51691,43.08998],[-2.51681,43.08996],[-2.51675,43.08999],[-2.51669,43.08997],[-2.5166,43.08999],[-2.51643,43.08994],[-2.51641,43.08992],[-2.51634,43.08993],[-2.51614,43.08992]]}},{"type":"Feature","properties":{"id":455333814,"highway":"path"},"geometry":{"type":"LineString","coordinates":[[-2.50959,43.08716],[-2.50951,43.08719],[-2.50943,43.08721],[-2.50938,43.08721],[-2.50929,43.08719],[-2.50922,43.08718],[-2.5092,43.08719],[-2.50922,43.0872],[-2.50925,43.08722],[-2.50926,43.08726],[-2.50929,43.08735],[-2.50933,43.08742],[-2.50935,43.08747],[-2.50933,43.0875],[-2.50933,43.08751],[-2.50931,43.0875],[-2.50929,43.08749],[-2.50927,43.08748],[-2.50926,43.08751],[-2.50929,43.08756],[-2.50931,43.08757],[-2.5093,43.08759],[-2.50926,43.08761],[-2.50918,43.08762],[-2.50915,43.08763],[-2.50912,43.08763],[-2.50906,43.08762],[-2.50904,43.08763],[-2.50904,43.08766],[-2.50901,43.08767],[-2.509,43.08769],[-2.50899,43.08773],[-2.50898,43.08775],[-2.509,43.08777],[-2.50902,43.08779],[-2.50903,43.08782],[-2.50903,43.08787],[-2.50904,43.0879],[-2.50904,43.08793],[-2.50903,43.08794],[-2.50901,43.08795],[-2.50903,43.08797],[-2.50905,43.088],[-2.50905,43.08801],[-2.50903,43.08804],[-2.509,43.08805],[-2.50894,43.08805],[-2.50888,43.08804],[-2.50879,43.08801],[-2.5087,43.088],[-2.5086,43.08799],[-2.50847,43.08798],[-2.50841,43.08797],[-2.5084,43.08798],[-2.50841,43.08801],[-2.50839,43.08804],[-2.50836,43.08806],[-2.50831,43.08806],[-2.50827,43.08805],[-2.50823,43.08806],[-2.50819,43.08805],[-2.50818,43.08807],[-2.50819,43.0881],[-2.50819,43.0881],[-2.50814,43.08808],[-2.50813,43.08808],[-2.50811,43.08809],[-2.50808,43.08809],[-2.50807,43.0881],[-2.50806,43.08813],[-2.50807,43.08816],[-2.50806,43.08817],[-2.50803,43.08816],[-2.508,43.08815],[-2.50791,43.08813],[-2.50783,43.08812],[-2.50777,43.08812],[-2.50772,43.08813],[-2.50768,43.08814],[-2.50768,43.08816],[-2.50769,43.08821],[-2.5077,43.08829],[-2.50772,43.08835],[-2.50772,43.08838],[-2.50775,43.08844],[-2.50777,43.08849],[-2.5078,43.08857],[-2.50783,43.08864],[-2.50785,43.08872],[-2.50789,43.08879],[-2.50794,43.08887],[-2.50796,43.08891],[-2.50799,43.08897],[-2.50803,43.08905],[-2.50807,43.08911],[-2.50809,43.08915],[-2.50814,43.08922],[-2.50811,43.08928],[-2.50781,43.08925],[-2.50751,43.08926]]}},{"type":"Feature","properties":{"id":455336129,"highway":"path"},"geometry":{"type":"LineString","coordinates":[[-2.51493,43.09024],[-2.51494,43.0903],[-2.51493,43.09034],[-2.51493,43.09041],[-2.51495,43.09047],[-2.51489,43.0905],[-2.51485,43.09052],[-2.51481,43.09053]]}},{"type":"Feature","properties":{"id":455336130,"highway":"path"},"geometry":{"type":"LineString","coordinates":[[-2.52484,43.09308],[-2.52469,43.09306],[-2.52455,43.09305],[-2.52446,43.09308],[-2.52441,43.09311],[-2.52431,43.09312],[-2.52422,43.09312],[-2.52408,43.09313],[-2.52396,43.09314],[-2.52392,43.09315],[-2.5239,43.09316],[-2.52389,43.09318],[-2.52385,43.09319],[-2.5238,43.09318],[-2.52376,43.09318],[-2.52373,43.09319],[-2.52365,43.0932],[-2.52365,43.09322],[-2.5236,43.09325],[-2.52353,43.0933]]}},{"type":"Feature","properties":{"id":455336131,"highway":"path"},"geometry":{"type":"LineString","coordinates":[[-2.52559,43.08949],[-2.52546,43.0896],[-2.52536,43.08969],[-2.52524,43.08977],[-2.52519,43.08978],[-2.52517,43.0898],[-2.52516,43.08986],[-2.52512,43.0899],[-2.52507,43.08993],[-2.525,43.09002],[-2.52498,43.09008],[-2.52496,43.0901],[-2.5249,43.09011],[-2.52479,43.09018],[-2.52475,43.09021],[-2.52468,43.09033],[-2.52465,43.09037],[-2.52465,43.09044],[-2.52462,43.09052],[-2.52458,43.0906]]}},{"type":"Feature","properties":{"id":455336133,"highway":"track"},"geometry":{"type":"LineString","coordinates":[[-2.52543,43.08952],[-2.52559,43.08949],[-2.52568,43.08948],[-2.52598,43.0894],[-2.5264,43.08933],[-2.52672,43.0893],[-2.52702,43.08928],[-2.52749,43.08931],[-2.52773,43.08936],[-2.52823,43.08935],[-2.52882,43.08929],[-2.52918,43.08932],[-2.52942,43.08938],[-2.5297,43.0895],[-2.52986,43.08959],[-2.53001,43.08963],[-2.53023,43.08964],[-2.53059,43.08973],[-2.53088,43.08981],[-2.53141,43.08988],[-2.53171,43.08996],[-2.53182,43.08999],[-2.53193,43.08997],[-2.53199,43.08996]]}},{"type":"Feature","properties":{"id":455336134,"highway":"path"},"geometry":{"type":"LineString","coordinates":[[-2.52686,43.09304],[-2.52682,43.09296],[-2.52669,43.0929],[-2.52662,43.09286],[-2.52653,43.0928],[-2.52641,43.09273],[-2.52629,43.0927],[-2.52622,43.09267],[-2.52614,43.09262],[-2.52614,43.0926],[-2.52612,43.09255],[-2.52606,43.09248],[-2.52604,43.09241],[-2.52602,43.09238],[-2.52594,43.09236],[-2.52587,43.09235],[-2.52581,43.09228],[-2.52577,43.0922],[-2.52579,43.09214],[-2.52575,43.09206],[-2.52576,43.09203],[-2.52576,43.09198],[-2.52572,43.09197],[-2.52569,43.09195],[-2.52561,43.09196],[-2.52545,43.092],[-2.52537,43.09201],[-2.52532,43.092],[-2.5252,43.09203],[-2.52508,43.09205],[-2.525,43.09206],[-2.52493,43.09207],[-2.52488,43.09206],[-2.52479,43.09206],[-2.52472,43.09207],[-2.52462,43.09207],[-2.52448,43.09206],[-2.52428,43.09202],[-2.5242,43.09202],[-2.52405,43.09201],[-2.52401,43.092],[-2.5239,43.09201],[-2.52384,43.09202],[-2.52373,43.09201],[-2.52365,43.09197],[-2.52359,43.09196],[-2.52349,43.09196],[-2.52336,43.09193],[-2.52326,43.0919],[-2.52314,43.09187],[-2.52307,43.09183],[-2.52302,43.09178],[-2.52285,43.0917],[-2.52276,43.09165],[-2.5227,43.09164],[-2.52267,43.09166],[-2.52267,43.0917],[-2.52265,43.09174],[-2.52257,43.09177],[-2.52254,43.0918],[-2.52255,43.09184],[-2.5225,43.09194],[-2.52249,43.09196],[-2.52239,43.09194],[-2.52236,43.09196],[-2.5223,43.09203],[-2.52223,43.09205],[-2.52207,43.09205],[-2.52202,43.0921],[-2.52197,43.09212],[-2.52192,43.09212],[-2.5218,43.09218],[-2.52173,43.09218],[-2.5216,43.09221],[-2.52151,43.09223],[-2.52144,43.09226],[-2.52138,43.09224],[-2.52132,43.09218],[-2.52124,43.09216],[-2.52111,43.09214],[-2.52093,43.09213],[-2.52076,43.09208],[-2.52057,43.09199],[-2.52041,43.09192],[-2.52032,43.09184],[-2.52021,43.09177],[-2.5201,43.09168],[-2.52004,43.09162],[-2.51994,43.09154],[-2.51985,43.09146],[-2.51983,43.0914],[-2.51967,43.09134],[-2.51961,43.09129],[-2.51948,43.09124],[-2.51936,43.09118],[-2.51928,43.09115],[-2.51921,43.09113],[-2.51908,43.09114],[-2.519,43.09113],[-2.51895,43.09114],[-2.5188,43.0911],[-2.51874,43.09107],[-2.5186,43.09104],[-2.51844,43.091],[-2.51831,43.09098],[-2.51821,43.09093],[-2.5181,43.0909],[-2.51804,43.09093],[-2.51794,43.09095],[-2.51787,43.09096],[-2.51777,43.09092],[-2.5177,43.09089],[-2.51771,43.09092],[-2.51772,43.09094],[-2.51771,43.09096],[-2.51764,43.09095],[-2.51759,43.09097],[-2.51745,43.09099],[-2.5172,43.09098]]}},{"type":"Feature","properties":{"id":455337841,"highway":"footway"},"geometry":{"type":"LineString","coordinates":[[-2.4963,43.06602],[-2.49629,43.06602],[-2.49627,43.06603],[-2.49617,43.06596],[-2.49612,43.06598],[-2.49609,43.066],[-2.49608,43.06606],[-2.4961,43.06614],[-2.49613,43.06618],[-2.49618,43.06621],[-2.49619,43.06623],[-2.49617,43.06625],[-2.49614,43.06625],[-2.4961,43.06624],[-2.49605,43.06618],[-2.49586,43.06606],[-2.49576,43.06598],[-2.4957,43.06592],[-2.49561,43.06586]]}},{"type":"Feature","properties":{"id":455337846,"highway":"track"},"geometry":{"type":"LineString","coordinates":[[-2.49931,43.06722],[-2.49913,43.06719],[-2.49902,43.06718],[-2.49894,43.06717],[-2.49887,43.06716],[-2.49874,43.06713],[-2.49865,43.0671],[-2.49854,43.0671],[-2.49846,43.0671],[-2.49839,43.06711],[-2.49835,43.06713]]}},{"type":"Feature","properties":{"id":455337849,"highway":"track"},"geometry":{"type":"LineString","coordinates":[[-2.49835,43.06713],[-2.49831,43.06718],[-2.4983,43.06723],[-2.49831,43.06727],[-2.49832,43.06731],[-2.49835,43.06735],[-2.49838,43.06739]]}},{"type":"Feature","properties":{"id":455337853,"highway":"path"},"geometry":{"type":"LineString","coordinates":[[-2.50063,43.06944],[-2.50054,43.06932],[-2.50048,43.06926],[-2.50041,43.0692],[-2.50038,43.06917],[-2.50028,43.06916],[-2.50015,43.06915],[-2.50006,43.06914],[-2.49999,43.06912],[-2.49988,43.06911],[-2.49978,43.06912]]}},{"type":"Feature","properties":{"id":455337856,"highway":"track"},"geometry":{"type":"LineString","coordinates":[[-2.50364,43.07286],[-2.50365,43.07292],[-2.50368,43.07297],[-2.50368,43.07301],[-2.50365,43.07305],[-2.50355,43.07316],[-2.5035,43.07325],[-2.5035,43.07338],[-2.50351,43.07349],[-2.50356,43.0736],[-2.50365,43.07378],[-2.50396,43.0743],[-2.50437,43.07492],[-2.50523,43.07549],[-2.50586,43.07585]]}},{"type":"Feature","properties":{"id":455337859,"highway":"track"},"geometry":{"type":"LineString","coordinates":[[-2.50819,43.07426],[-2.50819,43.07434],[-2.50816,43.0744],[-2.5081,43.07447],[-2.50802,43.07463],[-2.50801,43.0747],[-2.50805,43.07482],[-2.50809,43.07491],[-2.50818,43.07504],[-2.50827,43.07512],[-2.50834,43.07514],[-2.50847,43.07515],[-2.50858,43.07512]]}},{"type":"Feature","properties":{"id":455337861,"highway":"track"},"geometry":{"type":"LineString","coordinates":[[-2.51195,43.076],[-2.51188,43.07596],[-2.51178,43.07586],[-2.51167,43.07566],[-2.51153,43.07546],[-2.51143,43.07537],[-2.51099,43.07513],[-2.51081,43.07503],[-2.5107,43.075],[-2.51052,43.07501],[-2.51039,43.07497],[-2.51033,43.07489],[-2.51032,43.07481],[-2.51021,43.07471],[-2.51002,43.0746],[-2.5097,43.0745],[-2.5094,43.07446],[-2.5091,43.07438],[-2.50891,43.07436],[-2.50878,43.07436],[-2.50866,43.07431],[-2.50825,43.07428],[-2.50819,43.07426],[-2.50814,43.07425],[-2.50801,43.07417],[-2.50782,43.07411],[-2.5077,43.0741],[-2.50742,43.07401],[-2.5072,43.0739],[-2.50701,43.07377],[-2.50677,43.0736],[-2.50669,43.07351],[-2.50654,43.07344],[-2.50637,43.07338],[-2.50624,43.07333],[-2.50614,43.07325],[-2.50601,43.07317]]}},{"type":"Feature","properties":{"id":459181262,"highway":"path"},"geometry":{"type":"LineString","coordinates":[[-2.5121,43.07815],[-2.51212,43.07808],[-2.51215,43.07804],[-2.51224,43.07808]]}},{"type":"Feature","properties":{"id":484746902,"highway":"residential","oneway":"no"},"geometry":{"type":"LineString","coordinates":[[-2.49374,43.06205],[-2.49368,43.06199]]}},{"type":"Feature","properties":{"id":484754320,"highway":"primary","ref":"GI-627","puente":"yes"},"geometry":{"type":"LineString","coordinates":[[-2.4487,43.08012],[-2.44868,43.0801],[-2.44864,43.08009],[-2.44859,43.08007]]}},{"type":"Feature","properties":{"id":484754322,"highway":"primary","ref":"GI-627","puente":"yes"},"geometry":{"type":"LineString","coordinates":[[-2.44824,43.08041],[-2.44828,43.08045],[-2.44833,43.08048],[-2.44837,43.08049]]}},{"type":"Feature","properties":{"id":484754325,"highway":"secondary","ref":"GI-2630","oneway":"yes"},"geometry":{"type":"LineString","coordinates":[[-2.44808,43.0801],[-2.44814,43.08016],[-2.44821,43.08024]]}},{"type":"Feature","properties":{"id":484754327,"highway":"service","oneway":"yes"},"geometry":{"type":"LineString","coordinates":[[-2.44787,43.08005],[-2.44792,43.08006],[-2.44808,43.0801]]}},{"type":"Feature","properties":{"id":485688392,"highway":"track"},"geometry":{"type":"LineString","coordinates":[[-2.46156,43.05491],[-2.46164,43.05484],[-2.46171,43.05478],[-2.4618,43.05474],[-2.46197,43.05473],[-2.46229,43.05479],[-2.46259,43.05487]]}},{"type":"Feature","properties":{"id":485688403,"highway":"path"},"geometry":{"type":"LineString","coordinates":[[-2.46404,43.05578],[-2.46424,43.05571],[-2.46442,43.05557],[-2.46459,43.05539],[-2.46484,43.05531],[-2.4651,43.05533],[-2.4654,43.05546],[-2.46577,43.05573],[-2.46594,43.05583],[-2.46602,43.05588],[-2.46607,43.05587],[-2.46608,43.0558],[-2.46601,43.05558],[-2.46585,43.05536],[-2.46582,43.05511],[-2.4658,43.05494],[-2.46563,43.05473],[-2.46542,43.0546],[-2.4649,43.05478],[-2.46446,43.05492],[-2.4642,43.05502],[-2.46406,43.05496],[-2.46394,43.05437],[-2.46388,43.05412],[-2.46391,43.05378]]}},{"type":"Feature","properties":{"id":485688404,"highway":"track"},"geometry":{"type":"LineString","coordinates":[[-2.46504,43.06093],[-2.46466,43.06086],[-2.46427,43.06082]]}},{"type":"Feature","properties":{"id":485688405,"highway":"track"},"geometry":{"type":"LineString","coordinates":[[-2.47734,43.0519],[-2.47752,43.05207],[-2.47766,43.05223],[-2.47762,43.05236],[-2.47749,43.05241],[-2.4771,43.05241],[-2.47687,43.05246],[-2.47606,43.05266],[-2.47578,43.05275],[-2.47571,43.05285],[-2.47567,43.05304],[-2.47572,43.0532],[-2.47565,43.05337],[-2.47551,43.05379],[-2.47539,43.05384],[-2.47507,43.05389],[-2.47493,43.05392],[-2.47481,43.05401],[-2.47461,43.05421],[-2.47447,43.05453],[-2.47435,43.05487],[-2.47435,43.05496],[-2.47438,43.05517],[-2.47443,43.05534],[-2.47443,43.05558],[-2.47438,43.05573],[-2.47404,43.05622],[-2.47386,43.05651]]}},{"type":"Feature","properties":{"id":485688406,"highway":"track"},"geometry":{"type":"LineString","coordinates":[[-2.46775,43.05488],[-2.46807,43.05564],[-2.46846,43.05609],[-2.46867,43.05635],[-2.46891,43.05649],[-2.46933,43.05671],[-2.46943,43.05688],[-2.46947,43.057],[-2.46952,43.05729]]}},{"type":"Feature","properties":{"id":485688407,"highway":"track","superficie":"ground"},"geometry":{"type":"MultiLineString","coordinates":[[[-2.47921,43.04933],[-2.47913,43.04957]],[[-2.47915,43.04973],[-2.47932,43.04998],[-2.47947,43.05034],[-2.4796,43.05069],[-2.47967,43.05086],[-2.47967,43.05097],[-2.47967,43.05109],[-2.47978,43.05131],[-2.4799,43.0514],[-2.48035,43.05189],[-2.4809,43.0524],[-2.48099,43.05241],[-2.4811,43.0524],[-2.48123,43.05242],[-2.48131,43.05246]]]}},{"type":"Feature","properties":{"id":485688408,"highway":"track"},"geometry":{"type":"LineString","coordinates":[[-2.47947,43.05034],[-2.48003,43.05059],[-2.48044,43.05107],[-2.48097,43.05186],[-2.48131,43.05206],[-2.48146,43.05214],[-2.48172,43.05239],[-2.48196,43.05285],[-2.48247,43.05329],[-2.48265,43.05348],[-2.48277,43.05382],[-2.4829,43.05428],[-2.48312,43.05534],[-2.48348,43.05619],[-2.48346,43.05625]]}},{"type":"Feature","properties":{"id":485688409,"highway":"track"},"geometry":{"type":"LineString","coordinates":[[-2.47572,43.0532],[-2.47577,43.05311],[-2.4759,43.05297],[-2.47605,43.05296],[-2.47626,43.05299],[-2.47662,43.05311],[-2.47678,43.0532],[-2.47724,43.05348],[-2.47758,43.05381],[-2.47778,43.05392],[-2.47835,43.05422],[-2.47866,43.0544],[-2.47877,43.0545],[-2.47883,43.0546],[-2.47883,43.05469],[-2.47879,43.05473],[-2.47869,43.05473],[-2.47855,43.05472],[-2.4785,43.05475],[-2.47849,43.0548],[-2.47852,43.05487],[-2.47865,43.05515],[-2.47882,43.05522],[-2.47893,43.05526],[-2.47925,43.05525],[-2.47936,43.05521],[-2.47947,43.055],[-2.47964,43.05486],[-2.4802,43.05477],[-2.48007,43.055],[-2.48006,43.05507],[-2.48006,43.05508],[-2.48012,43.05521],[-2.48023,43.05527],[-2.48069,43.05551],[-2.48092,43.05554],[-2.4813,43.0557],[-2.48161,43.05573],[-2.48187,43.05561]]}},{"type":"Feature","properties":{"id":485688410,"highway":"track"},"geometry":{"type":"LineString","coordinates":[[-2.48131,43.05246],[-2.48131,43.05206]]}},{"type":"Feature","properties":{"id":485688411,"highway":"track","superficie":"ground"},"geometry":{"type":"LineString","coordinates":[[-2.48891,43.06107],[-2.48902,43.06105],[-2.48907,43.06101],[-2.48913,43.06092],[-2.48919,43.06078],[-2.48922,43.0605],[-2.48926,43.06033],[-2.48936,43.05994],[-2.48953,43.05951],[-2.48967,43.05912],[-2.48996,43.05865],[-2.49038,43.05831]]}},{"type":"Feature","properties":{"id":487496422,"highway":"service","oneway":"no"},"geometry":{"type":"LineString","coordinates":[[-2.53298,43.07762],[-2.53293,43.07765],[-2.53285,43.07767],[-2.5327,43.07765],[-2.53215,43.0774],[-2.5316,43.07707],[-2.53138,43.07697],[-2.53124,43.07691],[-2.53082,43.07678],[-2.53059,43.07679],[-2.53048,43.07679],[-2.53003,43.07694]]}},{"type":"Feature","properties":{"id":492902966,"highway":"residential","nombre":"Nafarroa Etorbidea","oneway":"no","superficie":"asphalt"},"geometry":{"type":"LineString","coordinates":[[-2.47904,43.06323],[-2.4798,43.06306],[-2.48009,43.06305],[-2.48037,43.06307],[-2.4807,43.0631]]}},{"type":"Feature","properties":{"id":496172511,"highway":"secondary","ref":"GI-2620","puente":"yes"},"geometry":{"type":"LineString","coordinates":[[-2.53358,43.05982],[-2.53359,43.05977],[-2.53361,43.05972],[-2.53365,43.05965]]}},{"type":"Feature","properties":{"id":496172512,"highway":"secondary","ref":"GI-2620"},"geometry":{"type":"LineString","coordinates":[[-2.53365,43.05965],[-2.5337,43.05959],[-2.5338,43.05953],[-2.53385,43.0595],[-2.53393,43.05947],[-2.53402,43.05945],[-2.53412,43.05944]]}},{"type":"Feature","properties":{"id":502099134,"highway":"pedestrian","puente":"yes"},"geometry":{"type":"LineString","coordinates":[[-2.48721,43.0677],[-2.48677,43.06791]]}},{"type":"Feature","properties":{"id":502099136,"highway":"residential","nombre":"Altamirazpi kalea"},"geometry":{"type":"LineString","coordinates":[[-2.48865,43.06863],[-2.48879,43.06859],[-2.4889,43.06858],[-2.48929,43.06859],[-2.48948,43.06859],[-2.48968,43.06858],[-2.48985,43.06857],[-2.48997,43.06853],[-2.49003,43.0685]]}},{"type":"Feature","properties":{"id":502099138,"highway":"service"},"geometry":{"type":"LineString","coordinates":[[-2.49003,43.0685],[-2.49001,43.06846],[-2.48994,43.06846],[-2.48987,43.06847],[-2.48963,43.06851],[-2.4895,43.06852],[-2.4893,43.06853],[-2.48914,43.06853]]}},{"type":"Feature","properties":{"id":502099140,"highway":"service","oneway":"yes"},"geometry":{"type":"LineString","coordinates":[[-2.4872,43.06669],[-2.48726,43.06674],[-2.48753,43.06693],[-2.48759,43.06693],[-2.48767,43.0669],[-2.48773,43.06687]]}},{"type":"Feature","properties":{"id":502099143,"highway":"service","oneway":"yes"},"geometry":{"type":"LineString","coordinates":[[-2.48731,43.06656],[-2.48727,43.06663],[-2.4872,43.06669]]}},{"type":"Feature","properties":{"id":502099145,"highway":"service","oneway":"yes"},"geometry":{"type":"LineString","coordinates":[[-2.4872,43.06669],[-2.48712,43.06672],[-2.48703,43.06675],[-2.48695,43.06678],[-2.48692,43.06682],[-2.48693,43.06687],[-2.48697,43.06689],[-2.48701,43.06689],[-2.48706,43.06686],[-2.48714,43.06679],[-2.48722,43.06675],[-2.48726,43.06674]]}},{"type":"Feature","properties":{"id":502099148,"highway":"service"},"geometry":{"type":"LineString","coordinates":[[-2.48699,43.06633],[-2.48698,43.06639],[-2.48695,43.06643],[-2.48696,43.06647],[-2.487,43.06653]]}},{"type":"Feature","properties":{"id":502105361,"highway":"service"},"geometry":{"type":"LineString","coordinates":[[-2.48361,43.06875],[-2.4836,43.0688],[-2.48363,43.0689],[-2.48381,43.06904],[-2.48383,43.06909],[-2.48383,43.06924],[-2.48382,43.06946],[-2.48378,43.0696],[-2.48373,43.0697]]}},{"type":"Feature","properties":{"id":502105362,"highway":"service","nombre":"Meatzerreka auzoa"},"geometry":{"type":"LineString","coordinates":[[-2.49826,43.07649],[-2.49831,43.07648],[-2.49837,43.07647],[-2.49849,43.0764]]}},{"type":"Feature","properties":{"id":502105363,"highway":"unclassified"},"geometry":{"type":"LineString","coordinates":[[-2.49826,43.07649],[-2.4983,43.07657],[-2.49841,43.07663],[-2.49872,43.07672],[-2.49885,43.07673],[-2.49931,43.07671],[-2.49944,43.07668],[-2.49946,43.07667],[-2.49961,43.07655],[-2.49968,43.07645],[-2.49975,43.07627]]}},{"type":"Feature","properties":{"id":502105364,"highway":"service","nombre":"Meatzerreka auzoa"},"geometry":{"type":"LineString","coordinates":[[-2.4998,43.07505],[-2.49978,43.07503],[-2.49976,43.07502],[-2.49974,43.07502],[-2.49971,43.07504],[-2.49968,43.0751],[-2.49965,43.07522],[-2.49962,43.07538],[-2.49958,43.07548],[-2.49952,43.07558],[-2.49948,43.07563]]}},{"type":"Feature","properties":{"id":517337812,"highway":"track","nombre":"Olandixo - Izurieta bidea","superficie":"dirt"},"geometry":{"type":"LineString","coordinates":[[-2.49857,43.05795],[-2.4987,43.05787],[-2.4988,43.05775],[-2.49896,43.05757],[-2.49904,43.05751],[-2.49914,43.05743],[-2.49924,43.05736],[-2.49932,43.05729],[-2.4994,43.05722],[-2.49947,43.05715],[-2.49957,43.05707],[-2.49965,43.057],[-2.49975,43.05691],[-2.49979,43.05676],[-2.49982,43.05659],[-2.49989,43.05628],[-2.50005,43.0561],[-2.50007,43.05607],[-2.50015,43.05599],[-2.5003,43.05584],[-2.50052,43.05558],[-2.50055,43.05555],[-2.50066,43.05542],[-2.50103,43.05512],[-2.5013,43.05493],[-2.50149,43.0547],[-2.50161,43.05448],[-2.50175,43.05439],[-2.50187,43.05431],[-2.50203,43.05427],[-2.5025,43.05424],[-2.50258,43.05423],[-2.5027,43.05419],[-2.50283,43.05414],[-2.50299,43.05404],[-2.50307,43.05396],[-2.50321,43.0538],[-2.50342,43.05363],[-2.50346,43.0536],[-2.50357,43.05354],[-2.50387,43.05328],[-2.50415,43.05305],[-2.5044,43.05283],[-2.50471,43.05268],[-2.50483,43.0526],[-2.50489,43.05256],[-2.50502,43.05241],[-2.50514,43.05234],[-2.50558,43.05221],[-2.50567,43.0522],[-2.50599,43.05225],[-2.50613,43.05226],[-2.50636,43.05225],[-2.50655,43.05222],[-2.50721,43.05208],[-2.50773,43.0519],[-2.50794,43.05183],[-2.5081,43.05177],[-2.50826,43.05174],[-2.50842,43.05171],[-2.50863,43.0517],[-2.50886,43.05171],[-2.50912,43.05167],[-2.50943,43.05158],[-2.50955,43.0515],[-2.50958,43.05147],[-2.50964,43.05137],[-2.50969,43.05133],[-2.50975,43.05126],[-2.50983,43.05116],[-2.50996,43.05095],[-2.51009,43.05087],[-2.51021,43.0507],[-2.51041,43.05051],[-2.51073,43.05033],[-2.51088,43.05033],[-2.51113,43.05039],[-2.51158,43.05057],[-2.51185,43.05069],[-2.51208,43.05084],[-2.51227,43.05101],[-2.51242,43.05109],[-2.51268,43.05116],[-2.51286,43.05119],[-2.51338,43.05116]]}},{"type":"Feature","properties":{"id":517662174,"highway":"primary","ref":"GI-627"},"geometry":{"type":"LineString","coordinates":[[-2.47171,43.07179],[-2.47178,43.07179],[-2.47186,43.07177],[-2.47192,43.07173],[-2.47197,43.07169]]}},{"type":"Feature","properties":{"id":517662175,"highway":"primary","ref":"GI-627","superficie":"asphalt"},"geometry":{"type":"LineString","coordinates":[[-2.47883,43.06309],[-2.47868,43.06318],[-2.47846,43.06332],[-2.47834,43.06341],[-2.47822,43.06352],[-2.47811,43.06364],[-2.47802,43.06375],[-2.47791,43.06395],[-2.47779,43.06415],[-2.47764,43.06441]]}},{"type":"Feature","properties":{"id":517662176,"highway":"primary","ref":"GI-627","superficie":"asphalt"},"geometry":{"type":"LineString","coordinates":[[-2.47756,43.06457],[-2.47707,43.06548]]}},{"type":"Feature","properties":{"id":517662177,"highway":"primary","ref":"GI-627","oneway":"yes"},"geometry":{"type":"LineString","coordinates":[[-2.47154,43.07192],[-2.47165,43.07183],[-2.47171,43.07179]]}},{"type":"Feature","properties":{"id":517676725,"highway":"secondary","ref":"GI-2620","superficie":"asphalt"},"geometry":{"type":"LineString","coordinates":[[-2.51527,43.06686],[-2.51526,43.06692],[-2.51528,43.06698],[-2.51532,43.06702]]}},{"type":"Feature","properties":{"id":517676727,"highway":"secondary","ref":"GI-2620","superficie":"asphalt"},"geometry":{"type":"LineString","coordinates":[[-2.50671,43.06229],[-2.5068,43.06226],[-2.50688,43.06219]]}},{"type":"Feature","properties":{"id":517676728,"highway":"secondary","ref":"GI-2620","superficie":"asphalt"},"geometry":{"type":"LineString","coordinates":[[-2.50652,43.06227],[-2.50661,43.06229],[-2.50671,43.06229]]}},{"type":"Feature","properties":{"id":517676730,"highway":"tertiary"},"geometry":{"type":"LineString","coordinates":[[-2.49076,43.06394],[-2.49079,43.06397],[-2.49084,43.06399],[-2.49089,43.064],[-2.49094,43.06399],[-2.49099,43.06397],[-2.49102,43.06395],[-2.49104,43.06393],[-2.49105,43.0639],[-2.49105,43.06387],[-2.49104,43.06384],[-2.49103,43.06382],[-2.491,43.0638],[-2.49097,43.06378],[-2.49093,43.06377],[-2.49089,43.06377],[-2.49085,43.06377],[-2.49081,43.06378],[-2.49077,43.06381],[-2.49075,43.06384],[-2.49074,43.06387],[-2.49074,43.06391],[-2.49075,43.06393],[-2.49076,43.06394]]}},{"type":"Feature","properties":{"id":517676731,"highway":"tertiary"},"geometry":{"type":"LineString","coordinates":[[-2.48647,43.06582],[-2.48645,43.06584],[-2.48643,43.06586],[-2.48643,43.06588],[-2.48643,43.06591]]}},{"type":"Feature","properties":{"id":517676732,"highway":"tertiary","nombre":"Gipuzkoa etorbidea"},"geometry":{"type":"LineString","coordinates":[[-2.47313,43.07068],[-2.47314,43.07073],[-2.47316,43.07075],[-2.47318,43.07078],[-2.47324,43.07081]]}},{"type":"Feature","properties":{"id":517676733,"highway":"tertiary","nombre":"Gipuzkoa etorbidea"},"geometry":{"type":"LineString","coordinates":[[-2.47349,43.07057],[-2.47343,43.07054],[-2.47336,43.07053],[-2.47331,43.07053],[-2.47324,43.07055],[-2.47321,43.07056],[-2.47315,43.07061],[-2.47313,43.07068]]}},{"type":"Feature","properties":{"id":517676734,"highway":"tertiary"},"geometry":{"type":"LineString","coordinates":[[-2.4796,43.06628],[-2.47963,43.0663],[-2.47967,43.06631],[-2.4797,43.06631],[-2.47974,43.0663],[-2.47977,43.06628],[-2.47979,43.06626],[-2.4798,43.06623],[-2.4798,43.06621],[-2.47979,43.06619],[-2.47977,43.06617]]}},{"type":"Feature","properties":{"id":517676735,"highway":"tertiary","superficie":"asphalt"},"geometry":{"type":"LineString","coordinates":[[-2.48298,43.06561],[-2.48299,43.06563],[-2.48302,43.06565],[-2.48305,43.06567],[-2.48308,43.06568],[-2.48312,43.06568],[-2.48315,43.06568],[-2.48319,43.06566],[-2.4832,43.06565],[-2.48321,43.06564],[-2.48322,43.06561]]}},{"type":"Feature","properties":{"id":517676736,"highway":"tertiary"},"geometry":{"type":"LineString","coordinates":[[-2.48673,43.06587],[-2.48672,43.06584],[-2.4867,43.06582],[-2.48667,43.0658],[-2.48662,43.06578],[-2.48658,43.06578],[-2.48653,43.06579],[-2.48648,43.06581],[-2.48647,43.06582]]}},{"type":"Feature","properties":{"id":517676738,"highway":"tertiary"},"geometry":{"type":"LineString","coordinates":[[-2.49217,43.06248],[-2.49214,43.06248],[-2.49212,43.06249],[-2.49209,43.0625],[-2.49207,43.06251],[-2.49205,43.06252],[-2.49204,43.06254],[-2.49203,43.06255],[-2.49202,43.06258],[-2.49202,43.0626],[-2.49202,43.06262],[-2.49203,43.06263],[-2.49204,43.06264],[-2.49205,43.06266],[-2.49207,43.06267],[-2.49208,43.06268],[-2.4921,43.06268]]}},{"type":"Feature","properties":{"id":517676739,"highway":"tertiary"},"geometry":{"type":"LineString","coordinates":[[-2.49472,43.05722],[-2.49478,43.05724],[-2.49484,43.05724],[-2.49489,43.05724],[-2.49494,43.05722],[-2.49499,43.05719],[-2.49504,43.05716],[-2.49506,43.05711],[-2.49507,43.05707],[-2.49506,43.05703],[-2.49504,43.05699],[-2.49501,43.05695],[-2.49496,43.05692],[-2.4949,43.0569],[-2.49483,43.05689],[-2.49479,43.05689],[-2.49475,43.0569],[-2.49471,43.05691],[-2.49468,43.05693],[-2.49464,43.05695],[-2.49462,43.05698],[-2.4946,43.05701],[-2.49459,43.05704],[-2.49459,43.05708],[-2.4946,43.05711],[-2.49462,43.05716],[-2.49466,43.05719],[-2.49472,43.05722]]}},{"type":"Feature","properties":{"id":517676740,"highway":"residential","nombre":"Gipuzkoako Foruen plaza","superficie":"asphalt"},"geometry":{"type":"LineString","coordinates":[[-2.49461,43.06196],[-2.4946,43.06198],[-2.49459,43.06201],[-2.49459,43.06204],[-2.49461,43.06207],[-2.49464,43.06209],[-2.49468,43.06211],[-2.49472,43.06211],[-2.49476,43.06211],[-2.4948,43.06209],[-2.49483,43.06207],[-2.49485,43.06205],[-2.49485,43.06202],[-2.49485,43.06199],[-2.49484,43.06197],[-2.49481,43.06195],[-2.49478,43.06193],[-2.49475,43.06192],[-2.49471,43.06192],[-2.49467,43.06193],[-2.49464,43.06194],[-2.49461,43.06196]]}},{"type":"Feature","properties":{"id":517676741,"highway":"tertiary","nombre":"Udala plaza"},"geometry":{"type":"LineString","coordinates":[[-2.49628,43.06316],[-2.49626,43.06314],[-2.49622,43.06311],[-2.49616,43.0631],[-2.49613,43.06309],[-2.49608,43.0631],[-2.49604,43.06311],[-2.496,43.06313]]}},{"type":"Feature","properties":{"id":517676743,"highway":"secondary","ref":"GI-2620","superficie":"asphalt"},"geometry":{"type":"LineString","coordinates":[[-2.50639,43.06209],[-2.50639,43.06216],[-2.50642,43.0622],[-2.50646,43.06224],[-2.50652,43.06227]]}},{"type":"Feature","properties":{"id":517676744,"highway":"secondary","ref":"GI-2620","superficie":"asphalt"},"geometry":{"type":"LineString","coordinates":[[-2.51564,43.06678],[-2.51559,43.06675],[-2.51552,43.06674],[-2.5155,43.06674],[-2.51541,43.06675],[-2.51536,43.06677],[-2.51535,43.06678],[-2.5153,43.06682],[-2.51527,43.06686]]}},{"type":"Feature","properties":{"id":518873673,"highway":"unclassified","nombre":"Udala auzoa"},"geometry":{"type":"LineString","coordinates":[[-2.51226,43.07767],[-2.51222,43.07767],[-2.51218,43.07767],[-2.51211,43.07768],[-2.51186,43.07772]]}},{"type":"Feature","properties":{"id":522265948,"highway":"steps"},"geometry":{"type":"LineString","coordinates":[[-2.49858,43.06032],[-2.49867,43.06017],[-2.49864,43.06011],[-2.49862,43.0599],[-2.49877,43.05962]]}},{"type":"Feature","properties":{"id":522488794,"highway":"footway"},"geometry":{"type":"LineString","coordinates":[[-2.50129,43.06361],[-2.50108,43.06362],[-2.50091,43.06367],[-2.5007,43.06367],[-2.50051,43.06367],[-2.50017,43.06367],[-2.49983,43.0637],[-2.49965,43.06373],[-2.49959,43.06374],[-2.49948,43.06376],[-2.4994,43.06378],[-2.49918,43.06379],[-2.49911,43.06379]]}},{"type":"Feature","properties":{"id":522488796,"highway":"footway"},"geometry":{"type":"LineString","coordinates":[[-2.50221,43.06351],[-2.50214,43.06352],[-2.50198,43.06349]]}},{"type":"Feature","properties":{"id":522488798,"highway":"footway"},"geometry":{"type":"LineString","coordinates":[[-2.50482,43.06533],[-2.50499,43.06537]]}},{"type":"Feature","properties":{"id":522488799,"highway":"footway"},"geometry":{"type":"LineString","coordinates":[[-2.50572,43.06554],[-2.50555,43.06557]]}},{"type":"Feature","properties":{"id":522488801,"highway":"steps"},"geometry":{"type":"LineString","coordinates":[[-2.50555,43.06557],[-2.50547,43.06556],[-2.50547,43.06553],[-2.50541,43.06551],[-2.50542,43.06548],[-2.50535,43.06547],[-2.50536,43.06544],[-2.50529,43.06543],[-2.50531,43.0654],[-2.50529,43.06538],[-2.50524,43.06542],[-2.50526,43.06543],[-2.50521,43.06547],[-2.50524,43.06549],[-2.50524,43.06552],[-2.50517,43.0655],[-2.50517,43.06548],[-2.50511,43.06546],[-2.50512,43.06544],[-2.50505,43.06542],[-2.50506,43.06539],[-2.50499,43.06537]]}},{"type":"Feature","properties":{"id":531040780,"highway":"path"},"geometry":{"type":"LineString","coordinates":[[-2.51167,43.07674],[-2.51105,43.07666],[-2.51085,43.07658],[-2.51081,43.07646],[-2.51081,43.07637],[-2.51083,43.07628],[-2.5108,43.07608],[-2.5108,43.07597],[-2.51075,43.07586],[-2.5107,43.07578],[-2.51054,43.07568],[-2.51035,43.07559],[-2.5102,43.07554],[-2.51001,43.07549],[-2.50984,43.07544],[-2.50958,43.07535],[-2.5095,43.07536],[-2.50945,43.07536],[-2.50931,43.07532],[-2.50913,43.07522],[-2.50897,43.07515],[-2.50882,43.07513],[-2.50865,43.07511],[-2.50858,43.07512]]}},{"type":"Feature","properties":{"id":532798871,"highway":"track","superficie":"concrete"},"geometry":{"type":"LineString","coordinates":[[-2.48191,43.05873],[-2.48204,43.05881],[-2.48222,43.05899],[-2.48233,43.05912],[-2.4825,43.05926],[-2.48254,43.05931],[-2.48259,43.05941],[-2.48263,43.05949],[-2.48271,43.05963],[-2.48273,43.05972],[-2.48272,43.05986],[-2.48272,43.05998],[-2.48274,43.06006],[-2.48277,43.06011],[-2.48283,43.06015],[-2.48291,43.06018],[-2.48308,43.06017],[-2.4832,43.06018],[-2.48327,43.06019],[-2.48333,43.06021],[-2.48334,43.06023],[-2.48332,43.06024]]}},{"type":"Feature","properties":{"id":532798872,"highway":"track","superficie":"grass"},"geometry":{"type":"LineString","coordinates":[[-2.48131,43.05246],[-2.48143,43.05365],[-2.48151,43.05403],[-2.48161,43.05464],[-2.48173,43.05498],[-2.48181,43.05522],[-2.48187,43.05561],[-2.48328,43.0563]]}},{"type":"Feature","properties":{"id":532798873,"highway":"unclassified"},"geometry":{"type":"LineString","coordinates":[[-2.48182,43.04606],[-2.48174,43.04609],[-2.48166,43.04615]]}},{"type":"Feature","properties":{"id":532798875,"highway":"unclassified","nombre":"Zalduspe kalea"},"geometry":{"type":"LineString","coordinates":[[-2.48063,43.06084],[-2.48064,43.06085],[-2.48066,43.06086],[-2.48067,43.06087],[-2.48068,43.06088],[-2.48069,43.06089],[-2.48069,43.0609],[-2.4807,43.06091],[-2.48071,43.06092],[-2.48071,43.06093],[-2.48076,43.06101],[-2.48077,43.06101],[-2.48083,43.0611],[-2.48093,43.06122],[-2.48107,43.06139]]}},{"type":"Feature","properties":{"id":532798876,"highway":"track","superficie":"concrete"},"geometry":{"type":"LineString","coordinates":[[-2.48332,43.06024],[-2.48319,43.06028],[-2.48296,43.06037],[-2.48285,43.06038],[-2.48267,43.06035],[-2.48257,43.06033],[-2.48246,43.06028],[-2.48241,43.06026],[-2.48236,43.06025],[-2.48232,43.06024],[-2.48227,43.06026],[-2.48223,43.0603],[-2.48218,43.06036],[-2.48203,43.06073],[-2.48201,43.0608],[-2.482,43.06087],[-2.48198,43.06095],[-2.48194,43.06098],[-2.48187,43.06103],[-2.4818,43.06105],[-2.48172,43.06106],[-2.48165,43.06105],[-2.48155,43.06104],[-2.48136,43.06098],[-2.48125,43.06094],[-2.48112,43.06087],[-2.48101,43.06082],[-2.48094,43.0608],[-2.48082,43.06079],[-2.48068,43.06082],[-2.48063,43.06084]]}},{"type":"Feature","properties":{"id":532798881,"highway":"track"},"geometry":{"type":"LineString","coordinates":[[-2.48793,43.06214],[-2.48781,43.06219],[-2.48775,43.06225],[-2.48771,43.06234],[-2.48767,43.06243],[-2.48767,43.06255],[-2.48766,43.06261],[-2.48762,43.06265],[-2.48753,43.06266],[-2.48745,43.06265],[-2.48725,43.0626],[-2.4871,43.06252],[-2.48696,43.06238],[-2.4869,43.06233],[-2.48685,43.06229],[-2.48677,43.06228],[-2.48667,43.06229],[-2.48635,43.06229],[-2.4862,43.06227],[-2.48606,43.06225],[-2.48595,43.06223],[-2.48584,43.06218],[-2.48572,43.06211],[-2.48566,43.06204],[-2.48562,43.06198],[-2.48559,43.06188],[-2.48555,43.06179],[-2.48551,43.06173],[-2.48545,43.06169],[-2.48536,43.06167],[-2.48512,43.06162],[-2.48486,43.06156],[-2.48469,43.0615],[-2.48456,43.06142],[-2.4845,43.06135],[-2.48446,43.06131],[-2.48446,43.06125],[-2.48447,43.06119],[-2.48451,43.06109],[-2.48454,43.06102],[-2.48455,43.06097],[-2.48454,43.06092],[-2.48452,43.06089],[-2.48447,43.06086],[-2.4844,43.06083],[-2.48432,43.06081],[-2.48426,43.06078],[-2.48422,43.06075],[-2.48419,43.06068],[-2.48418,43.0606],[-2.48416,43.06047],[-2.48415,43.06042],[-2.48413,43.06038],[-2.48407,43.06032],[-2.484,43.06026],[-2.48393,43.06022],[-2.48378,43.06021],[-2.48367,43.0602],[-2.48349,43.06024],[-2.48342,43.06025],[-2.48332,43.06024]]}},{"type":"Feature","properties":{"id":532798882,"highway":"path"},"geometry":{"type":"LineString","coordinates":[[-2.48891,43.06107],[-2.48895,43.06111],[-2.48898,43.06122],[-2.48896,43.06133],[-2.48892,43.06139],[-2.48886,43.06145],[-2.48881,43.06147],[-2.48878,43.06148],[-2.4887,43.06148],[-2.48863,43.06151],[-2.48854,43.06156],[-2.48845,43.06158],[-2.48834,43.06161],[-2.48825,43.06166],[-2.48818,43.06171],[-2.48812,43.06176],[-2.48804,43.0618],[-2.48795,43.06183],[-2.48783,43.06185],[-2.48777,43.06188],[-2.4877,43.06194],[-2.48764,43.06204],[-2.48762,43.06211],[-2.48763,43.06215],[-2.48765,43.06219],[-2.48769,43.06219],[-2.4878,43.06215],[-2.48787,43.06213],[-2.4879,43.06213],[-2.48793,43.06214]]}},{"type":"Feature","properties":{"id":532798883,"highway":"track","superficie":"ground"},"geometry":{"type":"LineString","coordinates":[[-2.48724,43.05975],[-2.48741,43.06],[-2.48753,43.0603],[-2.48761,43.06039],[-2.48776,43.06051],[-2.48809,43.06072],[-2.48857,43.061],[-2.48866,43.06105],[-2.48883,43.06107],[-2.48891,43.06107]]}},{"type":"Feature","properties":{"id":532798884,"highway":"track"},"geometry":{"type":"LineString","coordinates":[[-2.48215,43.05717],[-2.48277,43.05735],[-2.48289,43.05742],[-2.48329,43.05764],[-2.48362,43.05786],[-2.48391,43.05809],[-2.48438,43.05827],[-2.4857,43.05886],[-2.48606,43.05906],[-2.48654,43.05938],[-2.48658,43.05939],[-2.48705,43.05957],[-2.48721,43.05971],[-2.48724,43.05975]]}},{"type":"Feature","properties":{"id":532798885,"highway":"path"},"geometry":{"type":"LineString","coordinates":[[-2.48386,43.05437],[-2.48389,43.05438],[-2.48399,43.05446],[-2.4841,43.0546],[-2.48418,43.05469],[-2.48426,43.05473],[-2.48444,43.0548],[-2.48476,43.05503],[-2.48496,43.05521],[-2.48528,43.05553],[-2.48536,43.05564],[-2.48553,43.05591],[-2.48566,43.05614],[-2.48574,43.05627],[-2.48585,43.05648],[-2.48606,43.05682],[-2.48616,43.05694],[-2.4863,43.05709],[-2.48643,43.05727],[-2.48655,43.05739],[-2.48667,43.0575],[-2.48679,43.05758],[-2.48693,43.05768],[-2.48704,43.05781],[-2.48707,43.05787],[-2.4871,43.05792],[-2.48716,43.05796],[-2.48719,43.05802],[-2.48726,43.05822],[-2.48728,43.05833],[-2.48729,43.05857],[-2.48726,43.05872],[-2.48727,43.05883],[-2.4873,43.05895],[-2.48733,43.05908],[-2.48737,43.05918],[-2.48738,43.05929],[-2.48737,43.05953],[-2.48735,43.05962],[-2.48734,43.05964],[-2.48731,43.05968],[-2.48724,43.05975]]}},{"type":"Feature","properties":{"id":532798886,"highway":"track","superficie":"grass"},"geometry":{"type":"LineString","coordinates":[[-2.48386,43.05437],[-2.48379,43.05405],[-2.48376,43.05389],[-2.48375,43.05386]]}},{"type":"Feature","properties":{"id":532798887,"highway":"track","superficie":"grass"},"geometry":{"type":"LineString","coordinates":[[-2.48346,43.05625],[-2.48351,43.0563],[-2.48364,43.05645],[-2.48379,43.05659],[-2.48385,43.05663],[-2.48392,43.05665],[-2.48404,43.05666],[-2.48411,43.05665],[-2.48419,43.05661],[-2.48424,43.05656],[-2.4843,43.05643],[-2.48439,43.05606],[-2.48444,43.05574],[-2.48443,43.05561],[-2.48441,43.05549],[-2.48435,43.05539],[-2.48423,43.05526],[-2.48415,43.05508],[-2.48406,43.0549],[-2.48393,43.05469],[-2.48389,43.05457],[-2.48386,43.05437]]}},{"type":"Feature","properties":{"id":532798888,"highway":"track"},"geometry":{"type":"LineString","coordinates":[[-2.48346,43.05625],[-2.48339,43.05629],[-2.48328,43.0563]]}},{"type":"Feature","properties":{"id":532798890,"highway":"track","superficie":"grass"},"geometry":{"type":"LineString","coordinates":[[-2.48328,43.0563],[-2.48337,43.05635],[-2.48376,43.05667],[-2.48487,43.0573],[-2.48503,43.05745],[-2.48502,43.05748],[-2.48501,43.05754],[-2.48495,43.05757],[-2.48477,43.0576],[-2.48289,43.05742]]}},{"type":"Feature","properties":{"id":532798891,"highway":"service"},"geometry":{"type":"LineString","coordinates":[[-2.47965,43.0496],[-2.4798,43.0497],[-2.47988,43.04976],[-2.47996,43.04983]]}},{"type":"Feature","properties":{"id":532798897,"highway":"service"},"geometry":{"type":"LineString","coordinates":[[-2.47945,43.04833],[-2.47936,43.04837]]}},{"type":"Feature","properties":{"id":532798929,"highway":"track"},"geometry":{"type":"LineString","coordinates":[[-2.46636,43.06125],[-2.46653,43.0612],[-2.46665,43.06117],[-2.46676,43.06112],[-2.46683,43.06109],[-2.4669,43.06108],[-2.46702,43.06109],[-2.46736,43.06122],[-2.46752,43.06125],[-2.46825,43.06138],[-2.46835,43.0614],[-2.46846,43.0614],[-2.46868,43.06138],[-2.46886,43.06136],[-2.46893,43.06135],[-2.46914,43.06127],[-2.46922,43.06125],[-2.46928,43.06125],[-2.46943,43.06126],[-2.46966,43.06128],[-2.46973,43.06127],[-2.46982,43.06125],[-2.46992,43.06122],[-2.47025,43.06107],[-2.47037,43.06099],[-2.4704,43.06096],[-2.47043,43.06094],[-2.47048,43.06085],[-2.4705,43.06075],[-2.47048,43.06057],[-2.47048,43.06026],[-2.4705,43.06019],[-2.47056,43.06009],[-2.47057,43.06001],[-2.47056,43.05986],[-2.47063,43.05958],[-2.47067,43.05941],[-2.47075,43.05924],[-2.47076,43.05913],[-2.47075,43.05901],[-2.47079,43.05895]]}},{"type":"Feature","properties":{"id":532798931,"highway":"track","nombre":"Bedoña auzoa"},"geometry":{"type":"LineString","coordinates":[[-2.46627,43.05677],[-2.46632,43.05671],[-2.46642,43.05662],[-2.46653,43.05657],[-2.46664,43.05655],[-2.46678,43.05657],[-2.467,43.05664],[-2.46714,43.05671],[-2.46718,43.05678],[-2.46724,43.05691],[-2.46728,43.05708],[-2.46728,43.0572],[-2.46723,43.05737],[-2.46715,43.05758],[-2.46717,43.05782],[-2.4672,43.05795],[-2.46729,43.05811],[-2.46741,43.05828],[-2.46777,43.05871],[-2.46801,43.05893],[-2.46814,43.05913],[-2.46836,43.05949],[-2.46847,43.05955],[-2.46854,43.05956],[-2.46863,43.05956],[-2.46889,43.05952],[-2.46904,43.05952],[-2.46945,43.05958],[-2.46959,43.05957],[-2.46965,43.05954],[-2.46967,43.05948],[-2.46971,43.05936],[-2.46976,43.0593],[-2.46993,43.05921],[-2.47012,43.05917],[-2.4703,43.05911],[-2.47052,43.05901],[-2.47071,43.05897],[-2.47074,43.05896],[-2.47079,43.05895],[-2.47085,43.05894],[-2.47096,43.05893],[-2.47111,43.05893],[-2.47118,43.05894],[-2.47126,43.05896],[-2.47134,43.05898],[-2.47143,43.05901],[-2.4715,43.05903],[-2.47163,43.05905],[-2.47172,43.05903],[-2.47181,43.05902],[-2.47185,43.05901]]}},{"type":"Feature","properties":{"id":532798932,"highway":"track"},"geometry":{"type":"LineString","coordinates":[[-2.47263,43.0599],[-2.47285,43.05994],[-2.47301,43.05999],[-2.47314,43.06006],[-2.47318,43.06009],[-2.47329,43.06013],[-2.47338,43.06013],[-2.47351,43.06014],[-2.47368,43.06018],[-2.47379,43.06019],[-2.47394,43.0602],[-2.47405,43.06022],[-2.47427,43.06025],[-2.47437,43.06026],[-2.47445,43.06026],[-2.47457,43.06023],[-2.47467,43.06021],[-2.47476,43.06021],[-2.47483,43.06023],[-2.47489,43.06025],[-2.47492,43.06028],[-2.47494,43.06033],[-2.47502,43.06059],[-2.47505,43.06064],[-2.47513,43.06071],[-2.47531,43.06083],[-2.47541,43.06088],[-2.47556,43.06094],[-2.47564,43.061],[-2.47581,43.06122],[-2.47591,43.06134],[-2.47605,43.06145],[-2.47613,43.0615]]}},{"type":"Feature","properties":{"id":532798933,"highway":"track"},"geometry":{"type":"LineString","coordinates":[[-2.47377,43.06135],[-2.47369,43.06122],[-2.4736,43.06106],[-2.47356,43.06098],[-2.47355,43.0609],[-2.47359,43.06063],[-2.47361,43.06055],[-2.4736,43.06049],[-2.47358,43.06046],[-2.47349,43.06041],[-2.47285,43.06008],[-2.47272,43.06],[-2.47265,43.05993],[-2.47263,43.0599],[-2.47256,43.0598],[-2.47235,43.05947]]}},{"type":"Feature","properties":{"id":532798934,"highway":"track"},"geometry":{"type":"LineString","coordinates":[[-2.47222,43.06247],[-2.47218,43.06216],[-2.47215,43.06197],[-2.47214,43.06182],[-2.4722,43.06169],[-2.47221,43.06159],[-2.47219,43.06148],[-2.47213,43.06137],[-2.47195,43.06119],[-2.47181,43.06107],[-2.47178,43.06101],[-2.47177,43.06092],[-2.47169,43.06042],[-2.47164,43.06025],[-2.47154,43.06003],[-2.47145,43.05982],[-2.4714,43.05958],[-2.47136,43.05934],[-2.47136,43.05926],[-2.47142,43.05914]]}},{"type":"Feature","properties":{"id":532798935,"highway":"track","nombre":"Bedoña auzoa"},"geometry":{"type":"LineString","coordinates":[[-2.46583,43.06117],[-2.46594,43.0612],[-2.46604,43.06123],[-2.46609,43.06125],[-2.46612,43.06125],[-2.46618,43.06126],[-2.46626,43.06126],[-2.46632,43.06126],[-2.46636,43.06125],[-2.46647,43.06128],[-2.46658,43.06132],[-2.46686,43.06154],[-2.46698,43.06163],[-2.46708,43.0617],[-2.4671,43.06171],[-2.46721,43.06176],[-2.46735,43.0618],[-2.46756,43.06182],[-2.46805,43.06182],[-2.46831,43.06177],[-2.46854,43.06169],[-2.46884,43.06158],[-2.46919,43.06143],[-2.46935,43.06139],[-2.46988,43.06143],[-2.46998,43.06142],[-2.47004,43.0614],[-2.47012,43.06136],[-2.47021,43.06127],[-2.47033,43.06111],[-2.47037,43.06099]]}},{"type":"Feature","properties":{"id":532798936,"highway":"unclassified","tunel":"yes"},"geometry":{"type":"LineString","coordinates":[[-2.47616,43.06579],[-2.47544,43.06541]]}},{"type":"Feature","properties":{"id":532798937,"highway":"unclassified"},"geometry":{"type":"LineString","coordinates":[[-2.47628,43.06585],[-2.47616,43.06579]]}},{"type":"Feature","properties":{"id":532798938,"highway":"unclassified"},"geometry":{"type":"LineString","coordinates":[[-2.47544,43.06541],[-2.47533,43.06533],[-2.47529,43.06528],[-2.47525,43.06515],[-2.47513,43.06493],[-2.47512,43.06487],[-2.47515,43.06483],[-2.47521,43.06479],[-2.47528,43.06476],[-2.47555,43.06476],[-2.47566,43.06474],[-2.47576,43.06468],[-2.47579,43.06463],[-2.4758,43.06459],[-2.47578,43.06449],[-2.4757,43.06443],[-2.47554,43.0643],[-2.47537,43.06411],[-2.47512,43.06382],[-2.47478,43.06331],[-2.4747,43.06321],[-2.47457,43.0631],[-2.47438,43.06297],[-2.4743,43.06289],[-2.4743,43.0628],[-2.47434,43.0627],[-2.47454,43.06255],[-2.4746,43.06248],[-2.47463,43.06239],[-2.47463,43.06222],[-2.47454,43.06205],[-2.47386,43.0614],[-2.47377,43.06135],[-2.47368,43.06134],[-2.47361,43.06138],[-2.47354,43.06144],[-2.4735,43.06156],[-2.47349,43.06185],[-2.47335,43.06216],[-2.47331,43.06234],[-2.47333,43.06262],[-2.4735,43.06329],[-2.47349,43.06339],[-2.47344,43.06347],[-2.47334,43.06353],[-2.47317,43.06358],[-2.47301,43.0636],[-2.47285,43.06358],[-2.47272,43.06351],[-2.47264,43.06342],[-2.47257,43.06325],[-2.47236,43.06255],[-2.47231,43.06248],[-2.47226,43.06246],[-2.47222,43.06247],[-2.4722,43.06247],[-2.47212,43.0625],[-2.47202,43.0626],[-2.47189,43.06274],[-2.47175,43.06282],[-2.47148,43.0629],[-2.47124,43.06298],[-2.47103,43.06309],[-2.47086,43.06321],[-2.47085,43.06324],[-2.47082,43.06331],[-2.47079,43.06345],[-2.4708,43.06353],[-2.471,43.06377],[-2.47103,43.06386],[-2.47102,43.06397],[-2.47095,43.06411],[-2.47085,43.06424],[-2.47073,43.06434],[-2.47034,43.06464],[-2.47008,43.0648]]}},{"type":"Feature","properties":{"id":532798940,"highway":"unclassified","nombre":"Zalduspe kalea","superficie":"concrete"},"geometry":{"type":"LineString","coordinates":[[-2.47206,43.05903],[-2.47207,43.0591],[-2.47212,43.05918],[-2.4722,43.0593],[-2.47224,43.05936],[-2.47229,43.05941],[-2.47235,43.05947]]}},{"type":"Feature","properties":{"id":533164113,"highway":"track"},"geometry":{"type":"LineString","coordinates":[[-2.54531,43.09021],[-2.54526,43.09015],[-2.54517,43.08995],[-2.54508,43.0896],[-2.54502,43.08937],[-2.54495,43.08918],[-2.54488,43.089],[-2.54482,43.08882],[-2.5448,43.08861],[-2.54479,43.08845],[-2.54478,43.08831],[-2.54478,43.08822],[-2.54485,43.08805],[-2.54482,43.08785],[-2.54474,43.08766],[-2.54467,43.08749],[-2.54464,43.08731],[-2.54465,43.08711],[-2.54471,43.08698],[-2.54474,43.08693],[-2.54482,43.08688],[-2.54495,43.08683],[-2.54505,43.08681]]}},{"type":"Feature","properties":{"id":533244158,"highway":"cycleway","puente":"yes"},"geometry":{"type":"LineString","coordinates":[[-2.49594,43.063],[-2.49579,43.06287]]}},{"type":"Feature","properties":{"id":533244159,"highway":"cycleway"},"geometry":{"type":"LineString","coordinates":[[-2.49579,43.06287],[-2.49571,43.0628],[-2.49564,43.06274],[-2.49561,43.06273],[-2.49559,43.06273],[-2.49555,43.06275],[-2.49547,43.0628]]}},{"type":"Feature","properties":{"id":533244160,"highway":"cycleway"},"geometry":{"type":"LineString","coordinates":[[-2.49456,43.0621],[-2.4946,43.06213],[-2.49464,43.06215],[-2.4947,43.06216],[-2.49473,43.06216],[-2.49482,43.06221],[-2.49495,43.06234],[-2.49512,43.06249],[-2.49547,43.0628]]}},{"type":"Feature","properties":{"id":533244161,"highway":"cycleway"},"geometry":{"type":"LineString","coordinates":[[-2.49618,43.06302],[-2.496,43.06305],[-2.49598,43.06304],[-2.49594,43.063]]}},{"type":"Feature","properties":{"id":538701318,"highway":"track","nombre":"Meatzerreka auzoa"},"geometry":{"type":"LineString","coordinates":[[-2.49465,43.08665],[-2.49467,43.08669],[-2.49477,43.08677],[-2.49486,43.08683],[-2.49495,43.08688],[-2.49496,43.0869],[-2.49498,43.08694],[-2.49498,43.08724],[-2.49503,43.08767],[-2.49502,43.0877],[-2.49501,43.08775],[-2.495,43.0878],[-2.49497,43.08787],[-2.49496,43.08789],[-2.49491,43.08796],[-2.49486,43.08803],[-2.49484,43.08807],[-2.49483,43.08808],[-2.49482,43.08812],[-2.49481,43.08814],[-2.49481,43.08817],[-2.49481,43.0882],[-2.49482,43.08822],[-2.49482,43.08825],[-2.49484,43.08828],[-2.49484,43.08829],[-2.4949,43.08835],[-2.49495,43.0884],[-2.49503,43.08854],[-2.49505,43.08866],[-2.49503,43.08879],[-2.49503,43.08888],[-2.49505,43.08901],[-2.49508,43.08916],[-2.49507,43.08926],[-2.49502,43.08941]]}},{"type":"Feature","properties":{"id":538701319,"highway":"track"},"geometry":{"type":"LineString","coordinates":[[-2.48917,43.08193],[-2.48926,43.08218],[-2.48933,43.0824],[-2.48938,43.08247],[-2.48943,43.08252],[-2.48954,43.08258],[-2.48976,43.0827],[-2.48981,43.08277],[-2.48984,43.08286],[-2.48986,43.08299],[-2.48983,43.0832],[-2.48979,43.0834],[-2.48978,43.08353],[-2.48979,43.08368],[-2.4897,43.08388],[-2.48966,43.08418],[-2.48964,43.08438],[-2.48954,43.08475],[-2.48953,43.085],[-2.48953,43.08548],[-2.48952,43.08557],[-2.48944,43.0857],[-2.48933,43.08581]]}},{"type":"Feature","properties":{"id":538701320,"highway":"track"},"geometry":{"type":"LineString","coordinates":[[-2.48917,43.08193],[-2.48928,43.0818],[-2.48936,43.08172],[-2.48942,43.08165],[-2.48963,43.08138],[-2.48972,43.08123],[-2.4898,43.08108],[-2.48988,43.08085],[-2.48994,43.08066],[-2.48994,43.08057],[-2.48991,43.08041],[-2.4899,43.08016],[-2.48989,43.08009],[-2.48986,43.08003],[-2.48976,43.07988],[-2.48969,43.07975],[-2.48958,43.0795],[-2.48954,43.07945],[-2.48946,43.07939],[-2.48901,43.07919],[-2.48868,43.0791],[-2.48851,43.07903],[-2.48833,43.079],[-2.48819,43.07896],[-2.48807,43.07889],[-2.488,43.07882],[-2.48795,43.07873],[-2.48793,43.07867],[-2.48795,43.0786],[-2.48799,43.07852],[-2.488,43.0784],[-2.48797,43.07832],[-2.48786,43.07804],[-2.48784,43.0779],[-2.48784,43.07784],[-2.48772,43.07765],[-2.48766,43.07758],[-2.48747,43.0775],[-2.48739,43.07742],[-2.48729,43.07727],[-2.48709,43.07704],[-2.48701,43.07693],[-2.48694,43.07678],[-2.48695,43.07669],[-2.48699,43.07664],[-2.48707,43.07664],[-2.48713,43.07663],[-2.4872,43.07665],[-2.48729,43.07667]]}},{"type":"Feature","properties":{"id":538701321,"highway":"track","nombre":"Jose Luis Iñarra pasealekua"},"geometry":{"type":"LineString","coordinates":[[-2.48723,43.06963],[-2.48718,43.06963],[-2.48715,43.06961],[-2.48713,43.0696],[-2.48711,43.06957],[-2.48709,43.06954],[-2.48705,43.06949],[-2.48703,43.06944],[-2.48698,43.06938],[-2.48693,43.06933],[-2.48687,43.06927],[-2.48683,43.06923],[-2.48679,43.06911],[-2.48676,43.06908],[-2.48673,43.06902],[-2.48668,43.06894],[-2.48663,43.06884],[-2.48662,43.06879],[-2.48665,43.06869]]}},{"type":"Feature","properties":{"id":538701322,"highway":"unclassified"},"geometry":{"type":"LineString","coordinates":[[-2.4924,43.07078],[-2.4925,43.07082],[-2.49257,43.07083],[-2.49265,43.07082]]}},{"type":"Feature","properties":{"id":538701323,"highway":"unclassified"},"geometry":{"type":"LineString","coordinates":[[-2.49217,43.07059],[-2.49199,43.07072]]}},{"type":"Feature","properties":{"id":538701324,"highway":"unclassified","nombre":"Meatzerreka auzoa"},"geometry":{"type":"LineString","coordinates":[[-2.49265,43.07082],[-2.49271,43.07079],[-2.4929,43.07071],[-2.493,43.07067],[-2.49307,43.07066],[-2.49309,43.07066],[-2.49312,43.07066],[-2.49317,43.07068],[-2.49321,43.0707],[-2.49327,43.07072],[-2.49332,43.07077],[-2.49338,43.07082],[-2.49343,43.07088],[-2.49352,43.07096],[-2.49355,43.07099],[-2.4936,43.07102],[-2.49366,43.07106],[-2.4937,43.07109],[-2.49383,43.07117],[-2.49388,43.07123],[-2.49401,43.07143],[-2.49415,43.07178],[-2.49418,43.07188],[-2.49418,43.07194],[-2.49417,43.07202],[-2.49413,43.07211],[-2.4941,43.07215],[-2.49408,43.07218],[-2.49407,43.07222],[-2.49407,43.07228],[-2.49408,43.07233],[-2.49412,43.07236],[-2.49416,43.07238],[-2.49421,43.07238],[-2.49426,43.07237],[-2.49432,43.07233],[-2.49439,43.07225],[-2.49447,43.07218],[-2.49457,43.07214],[-2.49477,43.07206],[-2.49492,43.07202],[-2.49505,43.07199],[-2.49519,43.07198],[-2.49528,43.07199],[-2.49537,43.07202],[-2.49546,43.07208],[-2.49554,43.07213],[-2.49564,43.07221],[-2.49568,43.07225],[-2.49572,43.07228],[-2.49575,43.07231],[-2.49578,43.07234],[-2.49582,43.07237],[-2.49585,43.07241],[-2.49588,43.07244],[-2.49591,43.07247],[-2.49594,43.07251],[-2.49603,43.07261],[-2.49613,43.07272],[-2.49622,43.07282],[-2.49626,43.07286],[-2.4963,43.0729],[-2.49634,43.07294],[-2.49637,43.07298],[-2.49641,43.07302],[-2.49642,43.07303],[-2.49642,43.07304],[-2.49644,43.07305],[-2.49645,43.07306],[-2.49646,43.07306],[-2.49647,43.07307],[-2.49648,43.07307],[-2.4965,43.07308],[-2.49651,43.07308],[-2.49652,43.07309],[-2.49654,43.07309],[-2.49655,43.07309],[-2.49657,43.07309],[-2.49659,43.07309],[-2.49661,43.07309],[-2.49663,43.07309],[-2.49665,43.07309],[-2.49667,43.07309],[-2.49669,43.07309],[-2.49671,43.07308],[-2.49673,43.07308],[-2.49675,43.07307],[-2.49677,43.07307],[-2.4968,43.07306],[-2.49684,43.07305],[-2.49687,43.07304],[-2.4969,43.07303],[-2.49694,43.07302],[-2.49697,43.07301],[-2.497,43.073],[-2.49709,43.07295],[-2.49718,43.0729],[-2.49721,43.07288],[-2.49725,43.07286]]}},{"type":"Feature","properties":{"id":538701327,"highway":"service"},"geometry":{"type":"LineString","coordinates":[[-2.49629,43.07101],[-2.4963,43.07098],[-2.49633,43.07096],[-2.49635,43.07094],[-2.49637,43.07093],[-2.4964,43.07092],[-2.49642,43.0709],[-2.49644,43.07089],[-2.49647,43.07087],[-2.4965,43.07086],[-2.49653,43.07085],[-2.49656,43.07084],[-2.49659,43.07083],[-2.49662,43.07081],[-2.49663,43.07081]]}},{"type":"Feature","properties":{"id":538703172,"highway":"track"},"geometry":{"type":"LineString","coordinates":[[-2.49304,43.09042],[-2.49286,43.09045],[-2.4923,43.09059],[-2.49199,43.09068],[-2.49161,43.09084],[-2.49145,43.09087],[-2.49123,43.09091],[-2.49111,43.0909],[-2.49085,43.09093],[-2.49074,43.09092],[-2.49062,43.09086],[-2.49054,43.09083],[-2.49042,43.09081],[-2.49032,43.09076],[-2.49003,43.09056],[-2.4898,43.09049],[-2.48962,43.0904],[-2.48955,43.09032],[-2.48953,43.09023],[-2.48953,43.09014],[-2.48959,43.09004],[-2.4898,43.08998],[-2.49001,43.08989],[-2.49015,43.0898],[-2.49022,43.08973],[-2.4903,43.08966],[-2.48982,43.08956],[-2.48943,43.08938],[-2.4891,43.08925],[-2.48879,43.08915],[-2.48858,43.0891],[-2.48833,43.089],[-2.48824,43.08896],[-2.4881,43.08888],[-2.48797,43.0888],[-2.48786,43.08874],[-2.48749,43.08859],[-2.48737,43.08856],[-2.48697,43.0885],[-2.48676,43.08848],[-2.48669,43.08847],[-2.48659,43.08844],[-2.48646,43.08838],[-2.48637,43.08837],[-2.48615,43.08838],[-2.48605,43.08837],[-2.48585,43.08831],[-2.48562,43.08824],[-2.4856,43.08816],[-2.48557,43.08807],[-2.4855,43.08798],[-2.48542,43.0879]]}},{"type":"Feature","properties":{"id":538703175,"highway":"track"},"geometry":{"type":"LineString","coordinates":[[-2.48959,43.09004],[-2.48954,43.08999],[-2.48937,43.08987],[-2.48919,43.08977],[-2.48902,43.08957],[-2.48869,43.08921],[-2.48858,43.0891]]}},{"type":"Feature","properties":{"id":538703178,"highway":"track"},"geometry":{"type":"LineString","coordinates":[[-2.48824,43.08896],[-2.48829,43.08886],[-2.48848,43.08866],[-2.48866,43.08851],[-2.4887,43.08843],[-2.48873,43.08835],[-2.48878,43.08788],[-2.48877,43.08781],[-2.48865,43.08753],[-2.48866,43.08748],[-2.48876,43.08713],[-2.48876,43.08705],[-2.48873,43.08698],[-2.48872,43.0869],[-2.48872,43.08684],[-2.48876,43.08678],[-2.48891,43.08663],[-2.48906,43.08649],[-2.48921,43.08637],[-2.48923,43.08631],[-2.48919,43.08626],[-2.48909,43.08623],[-2.48895,43.08625],[-2.48884,43.08629],[-2.4886,43.08639],[-2.48843,43.08645],[-2.48825,43.08648],[-2.48807,43.0865],[-2.48788,43.08648],[-2.48775,43.0865],[-2.48734,43.08652],[-2.48689,43.08667],[-2.48632,43.0868],[-2.48621,43.08685],[-2.48608,43.08694],[-2.4859,43.08712],[-2.48574,43.08721],[-2.48562,43.08732],[-2.48554,43.08743],[-2.48546,43.08747],[-2.48534,43.08747],[-2.48514,43.08741],[-2.48488,43.08734],[-2.48415,43.08727],[-2.48392,43.08728],[-2.48349,43.08729],[-2.48316,43.08728],[-2.48291,43.08722],[-2.48275,43.08714],[-2.48249,43.08698],[-2.48205,43.08682],[-2.48167,43.08667],[-2.48116,43.08659],[-2.48075,43.08648],[-2.4806,43.08646],[-2.48027,43.08647],[-2.47992,43.0864],[-2.47962,43.08631],[-2.47948,43.08628],[-2.47933,43.08621],[-2.47899,43.08606],[-2.47878,43.08601],[-2.47855,43.086],[-2.47796,43.08595],[-2.47778,43.08592],[-2.47762,43.08584],[-2.47747,43.08574],[-2.47732,43.08569],[-2.47705,43.08559],[-2.47698,43.08555],[-2.47689,43.0854],[-2.47683,43.08516],[-2.47681,43.08506],[-2.47684,43.08495],[-2.47687,43.0849],[-2.47694,43.08485],[-2.47703,43.08487],[-2.47709,43.08493],[-2.47721,43.0851],[-2.4773,43.08516],[-2.47758,43.08531],[-2.47781,43.08536],[-2.47796,43.08536],[-2.47824,43.08534],[-2.47854,43.08534],[-2.47866,43.08531],[-2.47884,43.08525],[-2.47901,43.08522],[-2.48001,43.08517],[-2.4806,43.08518],[-2.48145,43.08518],[-2.48238,43.08515],[-2.48263,43.08513],[-2.48297,43.08507],[-2.48305,43.08504],[-2.48307,43.08499],[-2.48309,43.08493]]}},{"type":"Feature","properties":{"id":538703184,"highway":"track"},"geometry":{"type":"LineString","coordinates":[[-2.48625,43.08428],[-2.48586,43.08425],[-2.48551,43.08419],[-2.48534,43.08417],[-2.48496,43.08416],[-2.4844,43.08417],[-2.48427,43.0842],[-2.48416,43.08423],[-2.48398,43.08423],[-2.48385,43.08424],[-2.48369,43.08422],[-2.48348,43.08416],[-2.48317,43.08412],[-2.48271,43.08401],[-2.48243,43.08395],[-2.48191,43.08375],[-2.48162,43.08369],[-2.48109,43.08365],[-2.48088,43.08362],[-2.48053,43.08351],[-2.48033,43.08346],[-2.48016,43.08345],[-2.4799,43.08346],[-2.47964,43.08352],[-2.47945,43.08354],[-2.47931,43.08353],[-2.47901,43.08344],[-2.47886,43.08344],[-2.47871,43.08344],[-2.47823,43.08352],[-2.47822,43.08352],[-2.47813,43.08356],[-2.47813,43.08363],[-2.47818,43.08367],[-2.47828,43.08371],[-2.47858,43.08381],[-2.47884,43.08394],[-2.479,43.08398],[-2.47919,43.08397],[-2.47937,43.084],[-2.47956,43.08408],[-2.48004,43.08429],[-2.48055,43.08452],[-2.48085,43.08463],[-2.48105,43.08465],[-2.48125,43.08465],[-2.48139,43.08461],[-2.48154,43.08453],[-2.48155,43.08452],[-2.48162,43.0845],[-2.4819,43.08451],[-2.48213,43.08455],[-2.48229,43.08462],[-2.48242,43.08465],[-2.48259,43.08469],[-2.48283,43.08477],[-2.48304,43.08488],[-2.48309,43.08493],[-2.48333,43.0851],[-2.48367,43.08535],[-2.48398,43.08553],[-2.48411,43.08559],[-2.48435,43.08564],[-2.48442,43.08569],[-2.4845,43.08586],[-2.48467,43.08609],[-2.48486,43.08627],[-2.48499,43.08633],[-2.48517,43.0864],[-2.4853,43.08647],[-2.48548,43.08666],[-2.48555,43.08671],[-2.48563,43.08671],[-2.48574,43.08667],[-2.48585,43.08662],[-2.48603,43.08652],[-2.48615,43.08644],[-2.48623,43.08641],[-2.48633,43.08641],[-2.48653,43.08643],[-2.48676,43.08646],[-2.48687,43.08646],[-2.48698,43.08643],[-2.4871,43.0864],[-2.48721,43.08639],[-2.48778,43.08639],[-2.48787,43.08642],[-2.48788,43.08648]]}},{"type":"Feature","properties":{"id":553088505,"highway":"footway"},"geometry":{"type":"LineString","coordinates":[[-2.508,43.06133],[-2.50806,43.06141],[-2.50827,43.06177],[-2.50853,43.06212],[-2.50885,43.06247],[-2.50893,43.06255],[-2.50906,43.06257],[-2.50931,43.06259],[-2.50956,43.0626],[-2.50973,43.06261],[-2.5099,43.06265],[-2.51009,43.06275],[-2.51017,43.06283],[-2.51017,43.06293],[-2.51016,43.06314],[-2.51017,43.06324],[-2.51022,43.06333],[-2.51028,43.0634],[-2.51043,43.06355],[-2.51054,43.06365],[-2.51303,43.06587]]}},{"type":"Feature","properties":{"id":557627268,"highway":"residential","nombre":"Mitarte kalea","oneway":"no"},"geometry":{"type":"LineString","coordinates":[[-2.49182,43.06487],[-2.49169,43.06459],[-2.4917,43.06442],[-2.49167,43.06438],[-2.49147,43.06427]]}},{"type":"Feature","properties":{"id":572127272,"highway":"residential"},"geometry":{"type":"LineString","coordinates":[[-2.49158,43.06249],[-2.49158,43.06252],[-2.49164,43.06257],[-2.49169,43.0626]]}},{"type":"Feature","properties":{"id":572127273,"highway":"footway"},"geometry":{"type":"LineString","coordinates":[[-2.49151,43.06272],[-2.49155,43.06275]]}},{"type":"Feature","properties":{"id":572128038,"highway":"residential","nombre":"Makatzena kalea"},"geometry":{"type":"LineString","coordinates":[[-2.48619,43.0694],[-2.48622,43.06936],[-2.48622,43.06922],[-2.48616,43.0691],[-2.48612,43.06902],[-2.4861,43.06899]]}},{"type":"Feature","properties":{"id":572133213,"highway":"track"},"geometry":{"type":"LineString","coordinates":[[-2.48341,43.07083],[-2.48342,43.07072],[-2.48342,43.07064],[-2.48347,43.07056],[-2.48354,43.07052]]}},{"type":"Feature","properties":{"id":572133214,"highway":"track"},"geometry":{"type":"LineString","coordinates":[[-2.48318,43.0709],[-2.48315,43.07087],[-2.48312,43.07082],[-2.4831,43.0707],[-2.48308,43.0706]]}},{"type":"Feature","properties":{"id":572133215,"highway":"track","nombre":"Musakola auzoa"},"geometry":{"type":"LineString","coordinates":[[-2.47943,43.07086],[-2.47924,43.07095],[-2.47917,43.07099],[-2.47913,43.07102],[-2.4791,43.07104],[-2.47905,43.07108],[-2.47899,43.07114],[-2.4789,43.07122],[-2.47884,43.07126]]}},{"type":"Feature","properties":{"id":572133216,"highway":"track"},"geometry":{"type":"LineString","coordinates":[[-2.47714,43.0741],[-2.47698,43.07415],[-2.47684,43.07412],[-2.47669,43.07407],[-2.47661,43.07405],[-2.47657,43.07394],[-2.47657,43.07387],[-2.47649,43.0738]]}},{"type":"Feature","properties":{"id":572133217,"highway":"track"},"geometry":{"type":"LineString","coordinates":[[-2.47798,43.07373],[-2.47791,43.07379],[-2.47782,43.07382],[-2.47771,43.07381],[-2.47763,43.07381],[-2.47742,43.07385],[-2.47736,43.07389],[-2.47734,43.07395]]}},{"type":"Feature","properties":{"id":572133218,"highway":"track","nombre":"Musakola auzoa"},"geometry":{"type":"LineString","coordinates":[[-2.47764,43.08048],[-2.47777,43.08052],[-2.4779,43.0806],[-2.478,43.08066],[-2.47806,43.08068],[-2.47822,43.0807],[-2.4786,43.08079],[-2.4789,43.08088],[-2.47905,43.08092],[-2.47906,43.08093],[-2.47913,43.08094],[-2.47918,43.08094],[-2.47922,43.08093],[-2.47932,43.0809],[-2.47944,43.08082],[-2.47958,43.0807],[-2.47982,43.08048],[-2.4799,43.08036]]}},{"type":"Feature","properties":{"id":572133219,"highway":"track","nombre":"Musakola auzoa"},"geometry":{"type":"LineString","coordinates":[[-2.47212,43.07371],[-2.4721,43.07374],[-2.47208,43.07377],[-2.47207,43.0738],[-2.47204,43.07383],[-2.47202,43.07386],[-2.47201,43.07388],[-2.472,43.0739],[-2.47196,43.07396],[-2.47188,43.07407],[-2.47183,43.07413],[-2.4718,43.07416],[-2.47166,43.07431],[-2.47153,43.07442],[-2.4714,43.07455],[-2.47131,43.07469],[-2.47115,43.07482],[-2.47107,43.07494],[-2.47106,43.07498],[-2.47106,43.07505],[-2.47111,43.07519]]}},{"type":"Feature","properties":{"id":572133220,"highway":"residential","oneway":"yes"},"geometry":{"type":"LineString","coordinates":[[-2.4733,43.07083],[-2.47333,43.07088],[-2.47335,43.0709],[-2.47336,43.07095],[-2.47334,43.071],[-2.47329,43.07103],[-2.47324,43.07105],[-2.47313,43.07108],[-2.4731,43.07111]]}},{"type":"Feature","properties":{"id":596194410,"highway":"motorway_link","oneway":"yes","superficie":"asphalt"},"geometry":{"type":"LineString","coordinates":[[-2.4668,43.07313],[-2.4669,43.07303],[-2.46693,43.07298],[-2.46697,43.07288],[-2.46704,43.07269],[-2.4671,43.07256],[-2.46717,43.07245],[-2.46728,43.07233],[-2.4674,43.07224],[-2.46755,43.07215],[-2.46771,43.07208],[-2.46793,43.07202],[-2.46853,43.07188],[-2.4692,43.07173],[-2.4696,43.07163],[-2.4701,43.0715],[-2.4705,43.07137],[-2.47089,43.07123],[-2.47096,43.07119],[-2.47118,43.07108]]}},{"type":"Feature","properties":{"id":596194411,"highway":"motorway_link","oneway":"yes","superficie":"asphalt"},"geometry":{"type":"LineString","coordinates":[[-2.4634,43.07427],[-2.46405,43.07396],[-2.46438,43.0738],[-2.46508,43.07347],[-2.46528,43.07339],[-2.46543,43.07335],[-2.46559,43.07333],[-2.46581,43.07334],[-2.46608,43.07336],[-2.46625,43.07336],[-2.46638,43.07335],[-2.46652,43.07331],[-2.46665,43.07325],[-2.46673,43.0732],[-2.4668,43.07313]]}},{"type":"Feature","properties":{"id":596194413,"highway":"motorway_link","oneway":"yes","tunel":"yes","superficie":"asphalt"},"geometry":{"type":"LineString","coordinates":[[-2.4669,43.07187],[-2.46687,43.07222]]}},{"type":"Feature","properties":{"id":596194414,"highway":"motorway_link","oneway":"yes","tunel":"yes","superficie":"asphalt"},"geometry":{"type":"LineString","coordinates":[[-2.46695,43.0722],[-2.46698,43.07185]]}},{"type":"Feature","properties":{"id":596194415,"highway":"motorway_link","oneway":"yes","superficie":"asphalt"},"geometry":{"type":"LineString","coordinates":[[-2.46687,43.07222],[-2.46683,43.07269],[-2.4668,43.07285],[-2.46676,43.07297],[-2.46671,43.07305],[-2.46665,43.0731]]}},{"type":"Feature","properties":{"id":624446371,"highway":"service"},"geometry":{"type":"LineString","coordinates":[[-2.47407,43.06746],[-2.47394,43.06747],[-2.47337,43.06739],[-2.47325,43.06738],[-2.47315,43.0674],[-2.47309,43.06744],[-2.47307,43.0675],[-2.47312,43.06762],[-2.47317,43.06778],[-2.47318,43.06791],[-2.47322,43.06845],[-2.4732,43.069],[-2.47318,43.0692],[-2.47315,43.06928],[-2.47307,43.06937],[-2.47277,43.06962],[-2.47266,43.06969],[-2.47253,43.06973],[-2.47243,43.06978],[-2.47231,43.06988],[-2.47221,43.06997],[-2.47214,43.07001],[-2.47204,43.07004],[-2.47191,43.07005],[-2.47182,43.07009],[-2.47173,43.07014],[-2.47166,43.0702],[-2.47154,43.07036],[-2.47144,43.07045],[-2.47129,43.07055],[-2.47112,43.07063],[-2.47095,43.0707],[-2.47081,43.07074],[-2.47064,43.07078],[-2.47051,43.07078],[-2.47044,43.0708]]}},{"type":"Feature","properties":{"id":627620985,"highway":"steps","superficie":"paved"},"geometry":{"type":"LineString","coordinates":[[-2.483,43.06739],[-2.48298,43.06749],[-2.48298,43.06751],[-2.48308,43.06757],[-2.48315,43.06763],[-2.48326,43.06774],[-2.48332,43.06779],[-2.48334,43.0678],[-2.48314,43.06798],[-2.48323,43.06805],[-2.48343,43.06814],[-2.48351,43.06817],[-2.48352,43.0682]]}},{"type":"Feature","properties":{"id":650059655,"highway":"path"},"geometry":{"type":"LineString","coordinates":[[-2.524,43.05883],[-2.52368,43.05873],[-2.52327,43.05833],[-2.5232,43.05799],[-2.52293,43.05774],[-2.52277,43.05753],[-2.52235,43.05731],[-2.52193,43.05707],[-2.52149,43.05691],[-2.52099,43.05662],[-2.52082,43.05654],[-2.52073,43.05631]]}},{"type":"Feature","properties":{"id":650060086,"highway":"track"},"geometry":{"type":"LineString","coordinates":[[-2.52102,43.06642],[-2.52105,43.06662],[-2.52124,43.06675],[-2.52143,43.06687],[-2.52192,43.06703],[-2.52228,43.06704],[-2.52237,43.06708],[-2.52246,43.06718],[-2.52243,43.06734],[-2.52235,43.06742],[-2.52218,43.06752],[-2.52202,43.0675],[-2.52193,43.06746],[-2.52167,43.06754],[-2.52141,43.06765],[-2.52129,43.06787],[-2.52129,43.06811],[-2.5214,43.06848],[-2.52147,43.0686]]}},{"type":"Feature","properties":{"id":652109370,"highway":"track"},"geometry":{"type":"LineString","coordinates":[[-2.52829,43.07949],[-2.5285,43.07981],[-2.52786,43.07998],[-2.52726,43.08055],[-2.52697,43.08083],[-2.527,43.08091],[-2.52714,43.08092],[-2.52733,43.08077],[-2.52796,43.08049],[-2.52836,43.08073],[-2.52868,43.0809],[-2.52935,43.08101],[-2.52989,43.08141],[-2.5299,43.08164],[-2.52974,43.08185],[-2.52957,43.0821],[-2.5294,43.08253],[-2.52956,43.08284],[-2.52948,43.08293],[-2.5293,43.08298],[-2.52892,43.0828],[-2.52865,43.08269],[-2.52847,43.08247],[-2.52836,43.08234],[-2.52804,43.08227],[-2.52774,43.08239],[-2.52734,43.08289],[-2.52715,43.08334],[-2.52695,43.08364],[-2.52681,43.08384],[-2.52634,43.08399],[-2.52614,43.08401],[-2.52596,43.08411],[-2.52583,43.08415],[-2.52566,43.08438],[-2.52561,43.08444],[-2.52551,43.08452],[-2.5253,43.08457],[-2.52528,43.08462]]}},{"type":"Feature","properties":{"id":652109371,"highway":"path"},"geometry":{"type":"LineString","coordinates":[[-2.51853,43.07841],[-2.51878,43.07824],[-2.51894,43.078],[-2.51906,43.07793],[-2.51911,43.07778],[-2.5192,43.0778],[-2.51927,43.07789],[-2.51942,43.07793],[-2.5195,43.07785],[-2.51958,43.07751],[-2.51991,43.07754],[-2.52005,43.07764],[-2.52012,43.07749],[-2.52017,43.07721],[-2.52016,43.07687],[-2.52002,43.07668],[-2.51976,43.0765],[-2.51934,43.07624],[-2.51947,43.07596],[-2.5194,43.07581],[-2.51944,43.07566],[-2.5196,43.07537],[-2.51968,43.07521],[-2.51973,43.07506],[-2.51948,43.07473],[-2.51932,43.0744],[-2.51924,43.0743],[-2.51942,43.07443],[-2.51981,43.07458],[-2.52009,43.07459],[-2.52019,43.07457],[-2.52021,43.07448],[-2.52008,43.07436],[-2.52003,43.0742],[-2.52025,43.0741],[-2.52036,43.07398],[-2.52056,43.07377],[-2.52081,43.07341],[-2.52079,43.07327],[-2.52096,43.07308],[-2.521,43.07292]]}},{"type":"Feature","properties":{"id":653985258,"highway":"trunk","nombre":"Beasain - Durango","ref":"N-636"},"geometry":{"type":"LineString","coordinates":[[-2.49648,43.08941],[-2.49672,43.08957],[-2.49693,43.08981]]}},{"type":"Feature","properties":{"id":653985259,"highway":"trunk","nombre":"Beasain - Durango","ref":"N-636"},"geometry":{"type":"LineString","coordinates":[[-2.496,43.08929],[-2.49628,43.08934]]}},{"type":"Feature","properties":{"id":653985260,"highway":"trunk","nombre":"Beasain - Durango","ref":"N-636"},"geometry":{"type":"LineString","coordinates":[[-2.49693,43.08981],[-2.49719,43.09039],[-2.49739,43.09073],[-2.49748,43.09084],[-2.49765,43.091],[-2.49795,43.09121],[-2.49824,43.09139],[-2.49835,43.09146],[-2.49852,43.09162],[-2.49867,43.09177],[-2.49893,43.09198],[-2.49904,43.09205],[-2.49913,43.0921],[-2.49939,43.09224],[-2.4995,43.09229],[-2.50006,43.09254],[-2.50025,43.0926],[-2.50041,43.09264],[-2.50061,43.09266],[-2.50072,43.09268],[-2.50089,43.09271],[-2.50108,43.09277],[-2.50123,43.09283],[-2.50138,43.09293],[-2.50146,43.09301],[-2.50154,43.09309],[-2.50161,43.09325],[-2.50174,43.09342],[-2.50182,43.09351],[-2.50194,43.09361],[-2.50206,43.09368],[-2.5022,43.09373],[-2.50248,43.09381],[-2.50261,43.09386],[-2.50275,43.09391],[-2.5029,43.09399],[-2.50317,43.09421]]}},{"type":"Feature","properties":{"id":653985261,"highway":"tertiary_link","oneway":"yes"},"geometry":{"type":"LineString","coordinates":[[-2.49674,43.08914],[-2.49664,43.08909],[-2.49653,43.08908]]}},{"type":"Feature","properties":{"id":654699358,"highway":"path"},"geometry":{"type":"LineString","coordinates":[[-2.53546,43.06357],[-2.53561,43.06355],[-2.53576,43.06355],[-2.53607,43.06355],[-2.5362,43.06357],[-2.53671,43.06363],[-2.53712,43.06374],[-2.53797,43.06383],[-2.53883,43.06392],[-2.53925,43.064],[-2.53964,43.06406],[-2.5397,43.06409],[-2.53972,43.06419],[-2.53974,43.06431],[-2.53984,43.06446],[-2.53989,43.06459],[-2.53998,43.06469],[-2.54022,43.06484],[-2.54043,43.06504],[-2.54092,43.06522],[-2.54114,43.06531],[-2.5414,43.06561],[-2.54178,43.06588],[-2.54228,43.06608],[-2.54235,43.0661]]}},{"type":"Feature","properties":{"id":654699364,"highway":"path"},"geometry":{"type":"LineString","coordinates":[[-2.54073,43.06275],[-2.54078,43.06311],[-2.54086,43.06334],[-2.54103,43.06368],[-2.54112,43.0639],[-2.54112,43.06418],[-2.54105,43.06457],[-2.54109,43.06496],[-2.54112,43.0651],[-2.54114,43.06531]]}},{"type":"Feature","properties":{"id":656183706,"highway":"path"},"geometry":{"type":"LineString","coordinates":[[-2.52832,43.05194],[-2.52844,43.05201],[-2.52851,43.05203]]}},{"type":"Feature","properties":{"id":656183707,"highway":"path"},"geometry":{"type":"LineString","coordinates":[[-2.52862,43.05196],[-2.52862,43.05196]]}},{"type":"Feature","properties":{"id":658509615,"highway":"path"},"geometry":{"type":"LineString","coordinates":[[-2.5095,43.07536],[-2.50937,43.07517],[-2.50928,43.07493],[-2.50915,43.0748],[-2.50908,43.07462],[-2.50885,43.07441],[-2.50878,43.07436]]}},{"type":"Feature","properties":{"id":658509616,"highway":"path"},"geometry":{"type":"LineString","coordinates":[[-2.50503,43.07291],[-2.50457,43.07249],[-2.50392,43.07196],[-2.50373,43.0717]]}},{"type":"Feature","properties":{"id":658509617,"highway":"path"},"geometry":{"type":"LineString","coordinates":[[-2.50162,43.07056],[-2.50121,43.07045],[-2.50093,43.0703],[-2.50084,43.07013],[-2.50067,43.07007],[-2.50057,43.07023],[-2.50046,43.07033],[-2.50044,43.07029],[-2.5005,43.07002],[-2.50054,43.06988],[-2.50048,43.06975],[-2.50012,43.06975],[-2.49978,43.06977],[-2.49962,43.06969]]}},{"type":"Feature","properties":{"id":658509618,"highway":"path"},"geometry":{"type":"LineString","coordinates":[[-2.49959,43.06957],[-2.49952,43.06937],[-2.49934,43.06934],[-2.49932,43.06915],[-2.49908,43.06905],[-2.49881,43.06897],[-2.49867,43.06855],[-2.49864,43.06805]]}},{"type":"Feature","properties":{"id":658509619,"highway":"path"},"geometry":{"type":"LineString","coordinates":[[-2.49826,43.06662],[-2.4979,43.06634],[-2.49784,43.0663],[-2.49754,43.06614],[-2.49744,43.06602],[-2.49738,43.066],[-2.4973,43.06602],[-2.49725,43.06605],[-2.49715,43.06611]]}},{"type":"Feature","properties":{"id":658509620,"highway":"path"},"geometry":{"type":"LineString","coordinates":[[-2.50091,43.06367],[-2.50165,43.06368],[-2.50189,43.06367],[-2.50192,43.06355]]}},{"type":"Feature","properties":{"id":658509621,"highway":"path"},"geometry":{"type":"LineString","coordinates":[[-2.51339,43.06818],[-2.51349,43.06823],[-2.5139,43.06885],[-2.51448,43.06945],[-2.51451,43.06956],[-2.51459,43.06967],[-2.51469,43.06972],[-2.5149,43.06996],[-2.5153,43.07034],[-2.51555,43.07062],[-2.51556,43.07081],[-2.51568,43.0709]]}},{"type":"Feature","properties":{"id":681163229,"highway":"service"},"geometry":{"type":"LineString","coordinates":[[-2.49747,43.05865],[-2.49764,43.05859],[-2.49792,43.05848],[-2.49826,43.05834],[-2.4983,43.05831],[-2.49844,43.05824],[-2.49845,43.05819],[-2.49844,43.05815]]}},{"type":"Feature","properties":{"id":681163230,"highway":"service"},"geometry":{"type":"LineString","coordinates":[[-2.49832,43.05823],[-2.49825,43.05822],[-2.49816,43.05825],[-2.49804,43.05831],[-2.49794,43.05835],[-2.49779,43.05842],[-2.49768,43.05846]]}},{"type":"Feature","properties":{"id":681163231,"highway":"service"},"geometry":{"type":"LineString","coordinates":[[-2.49804,43.05831],[-2.49801,43.05824],[-2.49798,43.05806],[-2.49789,43.05802]]}},{"type":"Feature","properties":{"id":681163232,"highway":"track"},"geometry":{"type":"LineString","coordinates":[[-2.49747,43.0586],[-2.49737,43.05869],[-2.49691,43.05906],[-2.49655,43.05941],[-2.49635,43.05959],[-2.49633,43.05966],[-2.49597,43.05991],[-2.49583,43.06007],[-2.49552,43.06052],[-2.4954,43.06077],[-2.49529,43.06093],[-2.49504,43.06131],[-2.49495,43.06145]]}},{"type":"Feature","properties":{"id":681163233,"highway":"service"},"geometry":{"type":"LineString","coordinates":[[-2.49548,43.0616],[-2.4954,43.06157],[-2.49534,43.06157],[-2.49524,43.06164],[-2.49511,43.06173],[-2.49504,43.06175],[-2.49496,43.06175],[-2.49492,43.06174],[-2.49487,43.0617],[-2.49486,43.06165],[-2.49488,43.06159],[-2.49495,43.06145]]}},{"type":"Feature","properties":{"id":681164009,"highway":"service"},"geometry":{"type":"LineString","coordinates":[[-2.48469,43.06308],[-2.48456,43.06352]]}},{"type":"Feature","properties":{"id":681165390,"highway":"service","oneway":"yes"},"geometry":{"type":"LineString","coordinates":[[-2.47957,43.06624],[-2.47951,43.06624],[-2.47938,43.06631],[-2.47934,43.06633],[-2.47904,43.06653],[-2.47902,43.06653],[-2.47898,43.06654],[-2.47892,43.06649]]}},{"type":"Feature","properties":{"id":681165391,"highway":"service"},"geometry":{"type":"LineString","coordinates":[[-2.47892,43.06649],[-2.47922,43.06628],[-2.47909,43.06619],[-2.47895,43.06608],[-2.47871,43.06623],[-2.47858,43.06632],[-2.47835,43.06647],[-2.47849,43.06658],[-2.47862,43.06669],[-2.47892,43.06649],[-2.47868,43.0663]]}},{"type":"Feature","properties":{"id":681165392,"highway":"service"},"geometry":{"type":"LineString","coordinates":[[-2.47835,43.06647],[-2.47823,43.06656]]}},{"type":"Feature","properties":{"id":681170511,"highway":"residential","nombre":"Errando Gebarako kalea","oneway":"yes"},"geometry":{"type":"LineString","coordinates":[[-2.47956,43.06769],[-2.4795,43.06763],[-2.47945,43.06754],[-2.47937,43.06738],[-2.47932,43.06723],[-2.4793,43.06717],[-2.47928,43.06712],[-2.47921,43.06694],[-2.4791,43.06671],[-2.47906,43.06664]]}},{"type":"Feature","properties":{"id":681170512,"highway":"service"},"geometry":{"type":"LineString","coordinates":[[-2.47796,43.06816],[-2.47794,43.06819],[-2.47776,43.06844],[-2.47774,43.06847],[-2.47729,43.06829],[-2.47724,43.06837]]}},{"type":"Feature","properties":{"id":681178872,"highway":"residential","nombre":"Doctor Bolibar kalea"},"geometry":{"type":"LineString","coordinates":[[-2.47759,43.0694],[-2.47753,43.06934],[-2.47747,43.06935],[-2.47743,43.06934],[-2.47707,43.06915],[-2.47697,43.06914],[-2.47671,43.06901],[-2.47655,43.06893],[-2.47697,43.06875]]}},{"type":"Feature","properties":{"id":681178873,"highway":"residential","nombre":"Doctor Bolibar kalea"},"geometry":{"type":"LineString","coordinates":[[-2.47707,43.06915],[-2.47752,43.06893]]}},{"type":"Feature","properties":{"id":681178874,"highway":"service"},"geometry":{"type":"LineString","coordinates":[[-2.47753,43.06934],[-2.47799,43.06911]]}},{"type":"Feature","properties":{"id":681178875,"highway":"service"},"geometry":{"type":"LineString","coordinates":[[-2.47609,43.06926],[-2.47612,43.06922],[-2.47616,43.06916],[-2.47623,43.06915],[-2.47636,43.0692],[-2.47713,43.06952]]}},{"type":"Feature","properties":{"id":681178876,"highway":"service"},"geometry":{"type":"LineString","coordinates":[[-2.47616,43.06916],[-2.47624,43.06904],[-2.47628,43.06901],[-2.47633,43.069],[-2.47736,43.06943]]}},{"type":"Feature","properties":{"id":681178879,"highway":"residential"},"geometry":{"type":"LineString","coordinates":[[-2.48454,43.06703],[-2.48447,43.06705],[-2.48441,43.06706]]}},{"type":"Feature","properties":{"id":681178880,"highway":"pedestrian"},"geometry":{"type":"LineString","coordinates":[[-2.48543,43.0662],[-2.48532,43.06621],[-2.48464,43.06628]]}},{"type":"Feature","properties":{"id":681178881,"highway":"pedestrian"},"geometry":{"type":"LineString","coordinates":[[-2.48482,43.06649],[-2.48477,43.06644],[-2.48464,43.06628],[-2.48462,43.06626],[-2.48443,43.06606],[-2.48442,43.06604]]}},{"type":"Feature","properties":{"id":681178882,"highway":"pedestrian"},"geometry":{"type":"LineString","coordinates":[[-2.48417,43.0666],[-2.48414,43.06655],[-2.48409,43.06646],[-2.48409,43.06641],[-2.4842,43.06637]]}},{"type":"Feature","properties":{"id":681178883,"highway":"pedestrian"},"geometry":{"type":"LineString","coordinates":[[-2.48445,43.06629],[-2.48464,43.06628]]}},{"type":"Feature","properties":{"id":681178884,"highway":"pedestrian","tunel":"yes"},"geometry":{"type":"LineString","coordinates":[[-2.4842,43.06637],[-2.48445,43.06629]]}},{"type":"Feature","properties":{"id":681178885,"highway":"footway","puente":"yes","superficie":"concrete"},"geometry":{"type":"LineString","coordinates":[[-2.48716,43.06734],[-2.48741,43.06729],[-2.48758,43.06713]]}},{"type":"Feature","properties":{"id":681178886,"highway":"unclassified","nombre":"Jose Luis Iñarra pasealekua"},"geometry":{"type":"LineString","coordinates":[[-2.4875,43.06919],[-2.48763,43.06916],[-2.4877,43.06915],[-2.48785,43.06916],[-2.48843,43.06928],[-2.48854,43.0693],[-2.48861,43.0693],[-2.48871,43.06928],[-2.48884,43.06923],[-2.48892,43.06922],[-2.48904,43.06921],[-2.48915,43.06923],[-2.48924,43.06928],[-2.48975,43.06962],[-2.49014,43.06987],[-2.49075,43.0702],[-2.49094,43.0703],[-2.49174,43.07071],[-2.49187,43.0708],[-2.49199,43.07072],[-2.49214,43.0708],[-2.49224,43.07082],[-2.4924,43.07078],[-2.49217,43.07059],[-2.49193,43.0704],[-2.49187,43.07048],[-2.49187,43.07057],[-2.49196,43.07066],[-2.49199,43.07072]]}},{"type":"Feature","properties":{"id":681180765,"highway":"service"},"geometry":{"type":"LineString","coordinates":[[-2.48091,43.06757],[-2.48095,43.0676],[-2.481,43.0676],[-2.48105,43.0676],[-2.48112,43.06757],[-2.4812,43.06757]]}},{"type":"Feature","properties":{"id":681180766,"highway":"residential","nombre":"Galizia kalea"},"geometry":{"type":"LineString","coordinates":[[-2.48026,43.06823],[-2.48033,43.06817],[-2.48034,43.06816],[-2.48038,43.06808],[-2.4805,43.06795],[-2.48073,43.06774],[-2.48091,43.06757],[-2.48089,43.06754],[-2.48091,43.06751],[-2.48117,43.06731],[-2.48132,43.06719],[-2.48164,43.067],[-2.48171,43.06697],[-2.48174,43.06696],[-2.48194,43.06689],[-2.48212,43.06687],[-2.48237,43.06684],[-2.48245,43.06685],[-2.48251,43.06687],[-2.48255,43.06689]]}},{"type":"Feature","properties":{"id":681180767,"highway":"service","oneway":"yes"},"geometry":{"type":"LineString","coordinates":[[-2.48237,43.06684],[-2.48227,43.0669],[-2.48219,43.06691],[-2.48208,43.06694],[-2.48195,43.06698],[-2.48184,43.06701],[-2.4818,43.06703],[-2.4818,43.06707],[-2.48183,43.06713],[-2.48186,43.06716],[-2.48191,43.06714],[-2.48219,43.067],[-2.48226,43.06695],[-2.48228,43.06692],[-2.48227,43.0669]]}},{"type":"Feature","properties":{"id":681180768,"highway":"service","oneway":"yes"},"geometry":{"type":"LineString","coordinates":[[-2.4818,43.06703],[-2.48177,43.06703],[-2.48173,43.067],[-2.48171,43.06697]]}},{"type":"Feature","properties":{"id":681180769,"highway":"residential","oneway":"yes"},"geometry":{"type":"LineString","coordinates":[[-2.48304,43.06733],[-2.48308,43.06731],[-2.48313,43.06729],[-2.48318,43.06725]]}},{"type":"Feature","properties":{"id":681180770,"highway":"residential","oneway":"yes"},"geometry":{"type":"LineString","coordinates":[[-2.48318,43.06725],[-2.48318,43.06729],[-2.48321,43.06732],[-2.48326,43.06737]]}},{"type":"Feature","properties":{"id":685404447,"highway":"primary","ref":"GI-627","superficie":"asphalt"},"geometry":{"type":"LineString","coordinates":[[-2.49573,43.04948],[-2.49555,43.04969],[-2.49553,43.04972],[-2.49533,43.04991],[-2.49523,43.05],[-2.49512,43.05008],[-2.49497,43.05018],[-2.49479,43.05028],[-2.49445,43.05045],[-2.49412,43.05063],[-2.49396,43.05072],[-2.49381,43.05082],[-2.49365,43.05094],[-2.4935,43.05107],[-2.49325,43.05134],[-2.49267,43.052],[-2.49207,43.05267],[-2.49181,43.05296],[-2.49154,43.05327],[-2.49128,43.05365],[-2.49116,43.05387],[-2.49107,43.05409],[-2.491,43.05438],[-2.49097,43.05468],[-2.49098,43.05498],[-2.49104,43.05528],[-2.49113,43.05551],[-2.49124,43.05575],[-2.49149,43.05618],[-2.49162,43.05638]]}},{"type":"Feature","properties":{"id":685404450,"highway":"residential"},"geometry":{"type":"LineString","coordinates":[[-2.4991,43.04773],[-2.49933,43.04757],[-2.49944,43.0475]]}},{"type":"Feature","properties":{"id":688349987,"highway":"service","oneway":"yes"},"geometry":{"type":"LineString","coordinates":[[-2.44779,43.08019],[-2.44799,43.08022],[-2.44797,43.08027],[-2.44792,43.08032],[-2.44786,43.08033],[-2.44774,43.08031]]}},{"type":"Feature","properties":{"id":696913681,"highway":"tertiary","nombre":"Uribarri etorbidea"},"geometry":{"type":"LineString","coordinates":[[-2.49947,43.06216],[-2.49953,43.06215],[-2.49959,43.06214],[-2.49972,43.06213],[-2.49995,43.06211],[-2.5001,43.0621],[-2.50014,43.0621],[-2.50044,43.06208],[-2.50052,43.06208],[-2.50058,43.06207],[-2.50118,43.06204],[-2.50153,43.06202],[-2.50169,43.06201],[-2.50182,43.062],[-2.50216,43.06198],[-2.50235,43.06197],[-2.50283,43.06194],[-2.50327,43.06192],[-2.50332,43.06191]]}},{"type":"Feature","properties":{"id":769011107,"highway":"motorway","nombre":"Eibar-Gasteiz autobidea","ref":"AP-1","oneway":"yes","superficie":"asphalt"},"geometry":{"type":"LineString","coordinates":[[-2.46664,43.07209],[-2.4662,43.07224],[-2.46578,43.07241],[-2.46534,43.07261],[-2.46514,43.0727],[-2.46481,43.07287],[-2.46429,43.07314],[-2.46394,43.07331],[-2.46342,43.07354],[-2.46306,43.0737],[-2.46268,43.07385],[-2.46227,43.07401],[-2.4617,43.0742],[-2.46115,43.07435]]}},{"type":"Feature","properties":{"id":769011108,"highway":"motorway","nombre":"Eibar-Gasteiz autobidea","ref":"AP-1","oneway":"yes","superficie":"asphalt"},"geometry":{"type":"LineString","coordinates":[[-2.46124,43.07452],[-2.46177,43.07437],[-2.46234,43.07418],[-2.46287,43.07397],[-2.4635,43.07369],[-2.46456,43.07317]]}},{"type":"Feature","properties":{"id":769755610,"highway":"path","superficie":"ground"},"geometry":{"type":"LineString","coordinates":[[-2.48145,43.05503],[-2.48125,43.05496],[-2.48111,43.05493],[-2.48097,43.05493],[-2.48082,43.05494],[-2.48073,43.05497],[-2.48065,43.05498],[-2.48049,43.05498],[-2.48042,43.05502],[-2.48036,43.05505],[-2.48028,43.05506],[-2.48018,43.05507],[-2.48006,43.05507]]}},{"type":"Feature","properties":{"id":769755611,"highway":"path"},"geometry":{"type":"LineString","coordinates":[[-2.48006,43.05507],[-2.47992,43.05507],[-2.47981,43.05508],[-2.47973,43.0551],[-2.47964,43.05511],[-2.47956,43.05513],[-2.47947,43.05515],[-2.47944,43.05519],[-2.47941,43.0552],[-2.47936,43.05521]]}},{"type":"Feature","properties":{"id":769755612,"highway":"track","superficie":"earth"},"geometry":{"type":"LineString","coordinates":[[-2.47882,43.05522],[-2.47874,43.05528],[-2.4788,43.05548],[-2.47859,43.0557],[-2.47822,43.05591],[-2.47802,43.05609],[-2.47799,43.05639],[-2.47787,43.05663],[-2.4777,43.05681],[-2.47764,43.05689],[-2.47762,43.05707],[-2.47758,43.05712],[-2.47746,43.05715],[-2.47733,43.05717],[-2.4773,43.05722],[-2.47734,43.05729],[-2.47744,43.05737],[-2.47757,43.05745],[-2.47766,43.0575],[-2.47768,43.05759],[-2.47762,43.05791],[-2.47764,43.05808],[-2.47805,43.05784],[-2.47835,43.05765],[-2.47875,43.05729],[-2.47889,43.0573],[-2.47908,43.05725],[-2.47933,43.05728],[-2.47955,43.05715],[-2.47976,43.05715],[-2.47998,43.05716],[-2.48015,43.05735],[-2.48036,43.05734],[-2.48078,43.05738],[-2.48146,43.05788],[-2.48196,43.05807],[-2.48248,43.05826],[-2.48295,43.05843],[-2.48343,43.05859],[-2.48369,43.05867],[-2.48403,43.05893],[-2.48442,43.05909],[-2.48477,43.05905],[-2.48509,43.05915],[-2.48537,43.0594],[-2.48562,43.05964],[-2.48576,43.05987],[-2.48606,43.06013],[-2.48621,43.06022],[-2.48641,43.06044],[-2.48677,43.06064],[-2.48711,43.06073],[-2.48737,43.06073],[-2.48772,43.0608],[-2.48801,43.06088],[-2.48825,43.06095],[-2.48857,43.061]]}},{"type":"Feature","properties":{"id":769756741,"highway":"track","superficie":"grass"},"geometry":{"type":"LineString","coordinates":[[-2.47764,43.05808],[-2.47757,43.05809],[-2.47734,43.05808],[-2.4772,43.05807],[-2.4771,43.05805],[-2.47704,43.05803],[-2.47689,43.05799],[-2.47676,43.05794],[-2.47664,43.05786],[-2.47654,43.0578],[-2.47643,43.05768],[-2.47628,43.05762],[-2.47611,43.05753],[-2.47595,43.05746],[-2.47583,43.05738],[-2.4757,43.05731],[-2.47558,43.05725],[-2.47545,43.0572],[-2.47529,43.05713],[-2.47516,43.05706],[-2.475,43.05702],[-2.4749,43.05695],[-2.4748,43.05681],[-2.47472,43.05673],[-2.47471,43.05672],[-2.47467,43.05657],[-2.47466,43.05647],[-2.47467,43.05636],[-2.4747,43.0562],[-2.47473,43.056],[-2.47474,43.05586],[-2.47476,43.05569],[-2.47476,43.0556],[-2.47473,43.05552],[-2.4747,43.05545],[-2.47465,43.05536],[-2.4746,43.05529],[-2.47451,43.05522],[-2.47438,43.05517]]}},{"type":"Feature","properties":{"id":769760459,"highway":"path","superficie":"ground"},"geometry":{"type":"LineString","coordinates":[[-2.48145,43.05503],[-2.48151,43.05508],[-2.48159,43.05508],[-2.48167,43.05505],[-2.48169,43.05503],[-2.48173,43.05498]]}},{"type":"Feature","properties":{"id":769763494,"highway":"track","nombre":"Bide-zaharra"},"geometry":{"type":"LineString","coordinates":[[-2.50055,43.05555],[-2.50022,43.05578],[-2.49997,43.05599],[-2.49988,43.05612],[-2.49968,43.05628],[-2.49954,43.05652],[-2.49939,43.05673],[-2.49921,43.05691],[-2.499,43.05705],[-2.49886,43.05716],[-2.49865,43.05722],[-2.49836,43.05728],[-2.49796,43.05745],[-2.4979,43.05752]]}},{"type":"Feature","properties":{"id":769763495,"highway":"track","nombre":"Zapataerreka"},"geometry":{"type":"LineString","coordinates":[[-2.50514,43.05234],[-2.50511,43.05228],[-2.50511,43.05199],[-2.50509,43.05182],[-2.50506,43.05162],[-2.50502,43.05144],[-2.50496,43.0513],[-2.50491,43.05107],[-2.50497,43.05091],[-2.50505,43.05075],[-2.50518,43.05065],[-2.50566,43.05051],[-2.50598,43.05045],[-2.50622,43.05039],[-2.50649,43.0503],[-2.50669,43.0502],[-2.5069,43.05001],[-2.50709,43.04985],[-2.50718,43.04972],[-2.5072,43.04955],[-2.5072,43.0495]]}},{"type":"Feature","properties":{"id":769763496,"highway":"unclassified","nombre":"San Andres auzoa"},"geometry":{"type":"LineString","coordinates":[[-2.4979,43.05752],[-2.49793,43.05756],[-2.49795,43.05759],[-2.498,43.05763],[-2.49805,43.05766],[-2.49815,43.05772],[-2.49823,43.05777],[-2.49837,43.05783],[-2.49852,43.05791],[-2.49857,43.05795],[-2.49858,43.05801],[-2.49856,43.05806],[-2.49845,43.05814]]}},{"type":"Feature","properties":{"id":769763497,"highway":"path","nombre":"Bide-zaharra"},"geometry":{"type":"LineString","coordinates":[[-2.4979,43.05752],[-2.49777,43.0576],[-2.4976,43.05772],[-2.49745,43.05783],[-2.49738,43.05791],[-2.49736,43.05801],[-2.49731,43.05819],[-2.49719,43.05835],[-2.49712,43.05847],[-2.49706,43.05865],[-2.49698,43.05879],[-2.49687,43.05896],[-2.49676,43.05907],[-2.49668,43.05918],[-2.49654,43.05935],[-2.4964,43.0595],[-2.49635,43.05959]]}},{"type":"Feature","properties":{"id":776863174,"highway":"path","superficie":"grass"},"geometry":{"type":"LineString","coordinates":[[-2.51442,43.08277],[-2.51444,43.08269],[-2.5144,43.08262],[-2.51437,43.08259],[-2.51435,43.08256]]}},{"type":"Feature","properties":{"id":776863175,"highway":"track","superficie":"grass"},"geometry":{"type":"LineString","coordinates":[[-2.51435,43.08256],[-2.51428,43.08249],[-2.51423,43.08242],[-2.51413,43.08235],[-2.51403,43.08233],[-2.5139,43.08232],[-2.51377,43.0823],[-2.51368,43.08229],[-2.51361,43.08227],[-2.51335,43.0822],[-2.51325,43.08217],[-2.51315,43.08217],[-2.51309,43.08212],[-2.51301,43.08205],[-2.51286,43.08195],[-2.51275,43.08189],[-2.51265,43.08182],[-2.51255,43.08172],[-2.51242,43.08161],[-2.51233,43.08152],[-2.51225,43.08148],[-2.51215,43.08146]]}},{"type":"Feature","properties":{"id":823956086,"highway":"track"},"geometry":{"type":"LineString","coordinates":[[-2.48933,43.08581],[-2.48843,43.08645],[-2.48787,43.08671],[-2.48772,43.08678],[-2.48758,43.0868],[-2.48724,43.08684],[-2.48702,43.08691],[-2.48683,43.08696],[-2.48667,43.08707],[-2.48642,43.08726],[-2.48609,43.08753],[-2.48597,43.08766],[-2.48585,43.08773],[-2.4855,43.08788],[-2.48542,43.0879],[-2.48531,43.08793],[-2.48499,43.08796],[-2.48442,43.08795],[-2.48334,43.08784],[-2.48227,43.08768],[-2.48182,43.08757],[-2.48173,43.08757],[-2.48163,43.08759],[-2.48156,43.08762],[-2.48154,43.08754],[-2.48148,43.08749],[-2.48125,43.08744],[-2.48112,43.08741],[-2.48108,43.08736],[-2.48086,43.08728],[-2.48064,43.08726],[-2.48033,43.0872],[-2.48027,43.08715],[-2.48012,43.08713],[-2.47994,43.08705],[-2.47985,43.087],[-2.47964,43.08696],[-2.47943,43.08683],[-2.47921,43.08672],[-2.47889,43.08666],[-2.47872,43.08661],[-2.47823,43.08657],[-2.47787,43.08635],[-2.47773,43.08624],[-2.47767,43.08613],[-2.47749,43.08598],[-2.47723,43.08579],[-2.47709,43.08576],[-2.47677,43.08564],[-2.47677,43.08551],[-2.47682,43.08546],[-2.47689,43.0854]]}},{"type":"Feature","properties":{"id":823956990,"highway":"track"},"geometry":{"type":"LineString","coordinates":[[-2.48989,43.07424],[-2.49016,43.07456],[-2.49043,43.07482],[-2.49047,43.075],[-2.49035,43.07506],[-2.49003,43.07518],[-2.48975,43.07527],[-2.48954,43.07535],[-2.48947,43.07542],[-2.48937,43.07553],[-2.48932,43.07571],[-2.4892,43.07583],[-2.48906,43.07595],[-2.48899,43.07608],[-2.48886,43.0764],[-2.48865,43.07674],[-2.48857,43.07695],[-2.48833,43.07709],[-2.48814,43.0773],[-2.48801,43.07746],[-2.48791,43.07755],[-2.48784,43.07784]]}},{"type":"Feature","properties":{"id":823958443,"highway":"track"},"geometry":{"type":"LineString","coordinates":[[-2.4811,43.0524],[-2.48093,43.05251],[-2.48078,43.05259],[-2.48074,43.05269],[-2.48076,43.05281],[-2.4808,43.0529],[-2.48079,43.05301],[-2.48075,43.05317],[-2.48068,43.05334],[-2.4806,43.05342],[-2.48047,43.05346],[-2.48041,43.05356],[-2.48032,43.05366],[-2.48024,43.05382],[-2.48023,43.05413],[-2.48024,43.05428],[-2.48028,43.05443],[-2.48029,43.05456],[-2.48026,43.05465],[-2.48022,43.05472],[-2.4802,43.05477]]}},{"type":"Feature","properties":{"id":824053280,"highway":"path","superficie":"ground"},"geometry":{"type":"LineString","coordinates":[[-2.49214,43.06697],[-2.49244,43.06673],[-2.49283,43.06659],[-2.49293,43.06652],[-2.49302,43.06641],[-2.49323,43.06628],[-2.49346,43.06618],[-2.49341,43.06624],[-2.49338,43.06627],[-2.49338,43.06641],[-2.49329,43.06655],[-2.49315,43.06666],[-2.49305,43.06679],[-2.49293,43.06694],[-2.49283,43.06699],[-2.49279,43.06706],[-2.49277,43.0672],[-2.49252,43.06748],[-2.49235,43.06759],[-2.49229,43.06778],[-2.49227,43.06799],[-2.49225,43.06811],[-2.4921,43.06821],[-2.49216,43.06822],[-2.49227,43.06817],[-2.49234,43.06807],[-2.4925,43.06792],[-2.49261,43.06795],[-2.49262,43.06802],[-2.49262,43.06808],[-2.49266,43.06819],[-2.49277,43.06821],[-2.49283,43.06825],[-2.49291,43.06824],[-2.49295,43.06822],[-2.4929,43.06835],[-2.49301,43.06833],[-2.49301,43.06837],[-2.49305,43.06847],[-2.49308,43.06846],[-2.49309,43.06842],[-2.49313,43.06841],[-2.49315,43.06849],[-2.49314,43.06854],[-2.49308,43.06859],[-2.49306,43.06868],[-2.49309,43.06876],[-2.49315,43.0688],[-2.49323,43.06876],[-2.49345,43.06876],[-2.49347,43.06872],[-2.49358,43.06874],[-2.49366,43.06878],[-2.49368,43.06884],[-2.49373,43.06896],[-2.49356,43.06918],[-2.49341,43.06935],[-2.49323,43.06945],[-2.49298,43.06949],[-2.49278,43.06957],[-2.49199,43.07011],[-2.49196,43.07024],[-2.49193,43.0704]]}},{"type":"Feature","properties":{"id":824053281,"highway":"track"},"geometry":{"type":"LineString","coordinates":[[-2.49368,43.06884],[-2.49407,43.06907],[-2.49424,43.06924],[-2.49424,43.06933],[-2.4939,43.06965],[-2.49369,43.06987],[-2.49355,43.07014],[-2.49348,43.0703],[-2.49335,43.07049],[-2.49309,43.07066]]}},{"type":"Feature","properties":{"id":852524208,"highway":"footway","superficie":"concrete"},"geometry":{"type":"LineString","coordinates":[[-2.49721,43.07288],[-2.49717,43.07276],[-2.49708,43.07248],[-2.49706,43.07237],[-2.49707,43.07229],[-2.4971,43.07224],[-2.49729,43.07214],[-2.49731,43.0721],[-2.49731,43.07204],[-2.49717,43.07168],[-2.49693,43.07133],[-2.49686,43.07112],[-2.49683,43.07108]]}},{"type":"Feature","properties":{"id":860570265,"highway":"path","superficie":"earth"},"geometry":{"type":"LineString","coordinates":[[-2.51261,43.07131],[-2.51244,43.0713],[-2.51207,43.07131],[-2.51179,43.07147],[-2.51149,43.07149],[-2.51108,43.07153],[-2.51083,43.07156],[-2.51073,43.07159],[-2.51041,43.07156],[-2.50989,43.07147],[-2.50957,43.07145],[-2.50899,43.07132],[-2.50882,43.07118],[-2.50853,43.07063],[-2.50859,43.07041],[-2.50859,43.07028],[-2.50852,43.0701],[-2.50841,43.06996],[-2.50842,43.06983],[-2.50836,43.06973],[-2.50834,43.06941],[-2.50831,43.06932]]}},{"type":"Feature","properties":{"id":866179756,"highway":"track","superficie":"dirt"},"geometry":{"type":"LineString","coordinates":[[-2.47883,43.05469],[-2.47894,43.05466],[-2.47912,43.0545],[-2.47937,43.05436],[-2.47951,43.05417],[-2.47961,43.05393],[-2.47957,43.05348],[-2.47955,43.05332],[-2.47968,43.05309],[-2.47983,43.0529],[-2.47985,43.05279],[-2.47987,43.05264],[-2.4799,43.05247],[-2.47992,43.05235],[-2.47986,43.05221],[-2.47979,43.0521],[-2.47977,43.05198],[-2.47977,43.05176],[-2.47982,43.05152],[-2.47978,43.05131]]}},{"type":"Feature","properties":{"id":904472061,"highway":"living_street","nombre":"Garibai etorbidea","oneway":"yes"},"geometry":{"type":"LineString","coordinates":[[-2.48835,43.06531],[-2.48849,43.06526],[-2.48856,43.06523],[-2.48887,43.06511],[-2.48941,43.06491],[-2.48944,43.06489],[-2.49029,43.06454],[-2.49038,43.06448],[-2.49055,43.06441]]}},{"type":"Feature","properties":{"id":904474959,"highway":"primary","ref":"GI-627","oneway":"yes","superficie":"asphalt"},"geometry":{"type":"LineString","coordinates":[[-2.463,43.07597],[-2.46316,43.07582],[-2.46324,43.07576],[-2.46328,43.07573]]}},{"type":"Feature","properties":{"id":904474960,"highway":"trunk_link","oneway":"yes"},"geometry":{"type":"LineString","coordinates":[[-2.46349,43.07628],[-2.46331,43.07623],[-2.4632,43.07619],[-2.46312,43.07616],[-2.46307,43.07612],[-2.46304,43.07608],[-2.46299,43.07602]]}},{"type":"Feature","properties":{"id":904478531,"highway":"primary","ref":"GI-627","superficie":"asphalt"},"geometry":{"type":"LineString","coordinates":[[-2.46288,43.07613],[-2.46288,43.07613],[-2.46295,43.07608],[-2.46299,43.07602],[-2.463,43.07597]]}},{"type":"Feature","properties":{"id":904478532,"highway":"primary","ref":"GI-627"},"geometry":{"type":"LineString","coordinates":[[-2.4715,43.07168],[-2.47155,43.07174],[-2.47162,43.07177],[-2.47171,43.07179]]}},{"type":"Feature","properties":{"id":904478533,"highway":"primary","ref":"GI-627"},"geometry":{"type":"LineString","coordinates":[[-2.47197,43.07169],[-2.47199,43.07164],[-2.472,43.07159],[-2.47199,43.07155],[-2.47196,43.0715]]}},{"type":"Feature","properties":{"id":920233943,"highway":"path"},"geometry":{"type":"LineString","coordinates":[[-2.48156,43.08762],[-2.48151,43.08767],[-2.48146,43.08771],[-2.48141,43.08777],[-2.48141,43.08783],[-2.48153,43.08785],[-2.48161,43.08786],[-2.48169,43.08787],[-2.48178,43.0879],[-2.48187,43.08791],[-2.48202,43.08789],[-2.48216,43.08789],[-2.4823,43.08789],[-2.48246,43.08789],[-2.48262,43.0879],[-2.48278,43.08798],[-2.48289,43.08803],[-2.48305,43.08803],[-2.48323,43.08806],[-2.4833,43.08801],[-2.48339,43.08799],[-2.4836,43.08806],[-2.4837,43.08811],[-2.48385,43.08804],[-2.48407,43.08809],[-2.4842,43.08813],[-2.4843,43.08813],[-2.4845,43.08808],[-2.48468,43.08809],[-2.4848,43.08807],[-2.48496,43.0881],[-2.48511,43.0881],[-2.48544,43.08816],[-2.48562,43.08824]]}},{"type":"Feature","properties":{"id":925344538,"highway":"path"},"geometry":{"type":"LineString","coordinates":[[-2.5189,43.08898],[-2.51894,43.08903],[-2.51897,43.08908],[-2.51899,43.08912],[-2.51901,43.08914],[-2.51903,43.08917],[-2.51904,43.08921],[-2.51907,43.08923],[-2.51909,43.08927],[-2.51913,43.08931],[-2.51917,43.08933],[-2.5192,43.08937],[-2.51923,43.08938],[-2.51928,43.08943],[-2.51934,43.08945],[-2.51938,43.08949],[-2.51941,43.08952],[-2.51946,43.08956],[-2.51951,43.0896],[-2.51959,43.08964],[-2.51971,43.08969],[-2.5198,43.08974],[-2.51988,43.08978],[-2.51994,43.08983],[-2.51999,43.08986],[-2.52003,43.08994],[-2.5201,43.09002],[-2.52015,43.09005],[-2.52023,43.09008],[-2.5203,43.09012],[-2.52039,43.09019],[-2.52045,43.09028],[-2.52054,43.09036],[-2.52075,43.09048],[-2.52082,43.09052],[-2.52087,43.09059],[-2.52097,43.09063],[-2.52113,43.09067],[-2.5212,43.09069],[-2.52128,43.09076],[-2.52142,43.09082],[-2.52154,43.09087],[-2.52163,43.09095],[-2.52177,43.09102],[-2.52185,43.09106],[-2.52195,43.0911],[-2.52204,43.09113],[-2.52205,43.09117],[-2.52215,43.09122],[-2.5222,43.09127],[-2.52233,43.0913],[-2.52248,43.09134],[-2.52264,43.09138],[-2.52268,43.09141],[-2.52275,43.09139],[-2.52281,43.0914],[-2.52289,43.09139],[-2.52297,43.09138],[-2.52306,43.09144],[-2.52317,43.09149],[-2.52321,43.09152],[-2.52329,43.09154],[-2.52334,43.09156],[-2.52341,43.09159],[-2.52346,43.09163],[-2.52359,43.09166],[-2.52369,43.09167],[-2.52376,43.09168],[-2.52379,43.09171],[-2.5239,43.09181],[-2.52394,43.09184],[-2.52396,43.0919],[-2.52405,43.09201]]}},{"type":"Feature","properties":{"id":939689428,"highway":"service"},"geometry":{"type":"LineString","coordinates":[[-2.49679,43.04986],[-2.49698,43.04967],[-2.49716,43.04952],[-2.49735,43.04936],[-2.49746,43.04928],[-2.49753,43.04923],[-2.49776,43.04902],[-2.49812,43.04871],[-2.49835,43.04855],[-2.49837,43.04854],[-2.49874,43.04822],[-2.49901,43.04802],[-2.49921,43.04785]]}},{"type":"Feature","properties":{"id":939689429,"highway":"service"},"geometry":{"type":"LineString","coordinates":[[-2.49835,43.04855],[-2.4982,43.04846]]}},{"type":"Feature","properties":{"id":939689430,"highway":"service"},"geometry":{"type":"LineString","coordinates":[[-2.49746,43.04928],[-2.49733,43.04919]]}},{"type":"Feature","properties":{"id":939689431,"highway":"service"},"geometry":{"type":"LineString","coordinates":[[-2.49746,43.04928],[-2.49762,43.04938],[-2.49779,43.04949],[-2.49788,43.04954],[-2.49812,43.04934]]}},{"type":"Feature","properties":{"id":939756932,"highway":"service"},"geometry":{"type":"LineString","coordinates":[[-2.49862,43.04778],[-2.49856,43.04782],[-2.49843,43.04792],[-2.49815,43.04816],[-2.49775,43.04842]]}},{"type":"Feature","properties":{"id":939756934,"highway":"service"},"geometry":{"type":"LineString","coordinates":[[-2.49656,43.04982],[-2.49642,43.04974],[-2.4964,43.04968],[-2.49642,43.04961],[-2.49651,43.04956],[-2.49664,43.04957],[-2.4967,43.04954],[-2.49676,43.04949],[-2.49697,43.04933],[-2.49713,43.0492],[-2.49733,43.04904],[-2.49743,43.04895],[-2.49755,43.049]]}},{"type":"Feature","properties":{"id":940454281,"highway":"service","puente":"yes"},"geometry":{"type":"LineString","coordinates":[[-2.49884,43.04793],[-2.49862,43.04778]]}},{"type":"Feature","properties":{"id":940454282,"highway":"residential"},"geometry":{"type":"LineString","coordinates":[[-2.49884,43.04794],[-2.49884,43.04793]]}},{"type":"Feature","properties":{"id":940454285,"highway":"residential","ref":"GI-2620","oneway":"yes","puente":"yes"},"geometry":{"type":"LineString","coordinates":[[-2.49947,43.04733],[-2.49947,43.04734]]}},{"type":"Feature","properties":{"id":940454291,"highway":"track"},"geometry":{"type":"LineString","coordinates":[[-2.50028,43.05022],[-2.50039,43.05019],[-2.50042,43.05015],[-2.5004,43.05008],[-2.50039,43.04999],[-2.50041,43.04992],[-2.50048,43.0499],[-2.50062,43.04991]]}},{"type":"Feature","properties":{"id":940454298,"highway":"track"},"geometry":{"type":"LineString","coordinates":[[-2.50131,43.0506],[-2.50157,43.05082],[-2.50173,43.05096],[-2.50185,43.0509],[-2.50181,43.05076],[-2.50171,43.05062],[-2.50149,43.05041],[-2.50138,43.05034],[-2.50117,43.05029],[-2.50081,43.05024],[-2.50065,43.05023],[-2.5005,43.05022],[-2.50039,43.05019]]}},{"type":"Feature","properties":{"id":940454305,"highway":"unclassified","nombre":"San Andres auzoa","puente":"yes"},"geometry":{"type":"LineString","coordinates":[[-2.49543,43.05069],[-2.49533,43.05065]]}},{"type":"Feature","properties":{"id":940454306,"highway":"unclassified","nombre":"San Andres auzoa"},"geometry":{"type":"LineString","coordinates":[[-2.49551,43.05073],[-2.49543,43.05069]]}},{"type":"Feature","properties":{"id":940953051,"highway":"track","superficie":"ground"},"geometry":{"type":"LineString","coordinates":[[-2.4926,43.08172],[-2.49241,43.08152],[-2.49228,43.08126],[-2.49218,43.08096],[-2.49203,43.08053],[-2.49198,43.08023],[-2.49201,43.07988],[-2.49196,43.07952],[-2.49186,43.07925],[-2.49175,43.079],[-2.49145,43.07877],[-2.49114,43.07847],[-2.49094,43.07821],[-2.49063,43.07791],[-2.49052,43.07778],[-2.4903,43.07756],[-2.49004,43.07745],[-2.48995,43.07733],[-2.48975,43.07721],[-2.48968,43.07716],[-2.48964,43.07709],[-2.48969,43.07697],[-2.48974,43.07675],[-2.48978,43.07657],[-2.48991,43.07632],[-2.49001,43.07621],[-2.49004,43.07603],[-2.48998,43.07592],[-2.49002,43.07576],[-2.49008,43.07565],[-2.49006,43.0755],[-2.49009,43.07544],[-2.49026,43.07537],[-2.49042,43.0753],[-2.49051,43.07523],[-2.49055,43.07515],[-2.49055,43.0751],[-2.49047,43.075]]}},{"type":"Feature","properties":{"id":940954296,"highway":"path","superficie":"ground"},"geometry":{"type":"LineString","coordinates":[[-2.50417,43.07942],[-2.50425,43.07931],[-2.50444,43.07918],[-2.50457,43.07906],[-2.50466,43.07896],[-2.5047,43.07888],[-2.50466,43.07878],[-2.50457,43.07869],[-2.50454,43.07858],[-2.50457,43.07849],[-2.50464,43.07842],[-2.50465,43.07828],[-2.50464,43.07813],[-2.50463,43.07803],[-2.50465,43.07794],[-2.50471,43.07789],[-2.50478,43.07786],[-2.50481,43.07792],[-2.50483,43.07798],[-2.50491,43.07802],[-2.50492,43.07806],[-2.50502,43.07817],[-2.50505,43.07816],[-2.50507,43.07811],[-2.50512,43.07809],[-2.50522,43.078],[-2.50523,43.07796],[-2.50536,43.07783],[-2.50537,43.07775],[-2.50534,43.0777],[-2.50537,43.07753],[-2.5054,43.07744],[-2.50544,43.0773],[-2.50551,43.07724],[-2.50552,43.07717],[-2.50559,43.07711],[-2.50572,43.07706],[-2.50584,43.07702],[-2.50586,43.07694],[-2.5059,43.07688],[-2.50588,43.07682],[-2.50594,43.07671],[-2.50602,43.07662],[-2.50607,43.07662],[-2.50606,43.07657],[-2.50616,43.07653],[-2.5063,43.07662],[-2.50644,43.07669],[-2.5065,43.07673],[-2.50656,43.07678],[-2.50662,43.07677],[-2.5066,43.07667],[-2.50657,43.07657],[-2.50671,43.0766],[-2.5068,43.07665],[-2.50693,43.07665],[-2.5071,43.07668],[-2.50718,43.07672],[-2.5073,43.07673],[-2.50746,43.07669],[-2.50755,43.07665],[-2.50769,43.07665],[-2.50788,43.07668],[-2.50805,43.07674],[-2.50821,43.07676],[-2.50832,43.07675],[-2.50841,43.07679],[-2.50859,43.07678],[-2.50871,43.07676],[-2.50876,43.07672],[-2.50911,43.0767],[-2.50939,43.07677],[-2.50972,43.07678],[-2.51,43.07679],[-2.51021,43.07683],[-2.51037,43.07683],[-2.51051,43.07681],[-2.51066,43.07681],[-2.51077,43.07683],[-2.51085,43.07693],[-2.51088,43.07704],[-2.51099,43.07713],[-2.51105,43.07721],[-2.51116,43.07725],[-2.51121,43.07732],[-2.51133,43.07737],[-2.51144,43.07743],[-2.51159,43.07746],[-2.51169,43.07751],[-2.51186,43.07758],[-2.51206,43.07763],[-2.51222,43.07767]]}},{"type":"Feature","properties":{"id":940955496,"highway":"track","superficie":"unpaved"},"geometry":{"type":"LineString","coordinates":[[-2.45424,43.07337],[-2.45447,43.07349],[-2.45454,43.07352],[-2.45449,43.07371],[-2.45449,43.07376],[-2.45456,43.07378],[-2.4547,43.0738],[-2.45489,43.07383],[-2.45509,43.07389],[-2.45587,43.07391],[-2.45628,43.0738],[-2.45654,43.07383],[-2.45728,43.07396],[-2.45731,43.07388],[-2.45724,43.07374],[-2.45727,43.07358],[-2.45742,43.07336],[-2.45771,43.07331],[-2.45802,43.07324],[-2.45819,43.0731],[-2.45841,43.07302],[-2.45852,43.07303],[-2.45855,43.07314],[-2.45853,43.07321],[-2.45831,43.07348],[-2.45832,43.07358],[-2.45853,43.07375],[-2.45891,43.07393],[-2.45927,43.07411],[-2.45952,43.07424],[-2.4598,43.07443],[-2.45997,43.07453],[-2.46009,43.07456],[-2.46028,43.07456],[-2.4602,43.07428],[-2.46015,43.07409],[-2.46013,43.07399],[-2.46016,43.07388],[-2.46019,43.07367],[-2.4603,43.07336],[-2.4605,43.07329],[-2.46085,43.0732],[-2.46115,43.07321],[-2.46141,43.07329],[-2.46159,43.07323],[-2.46185,43.07304],[-2.46208,43.07294],[-2.46237,43.07287],[-2.4627,43.0728],[-2.46293,43.07277],[-2.46302,43.07272],[-2.46309,43.07257],[-2.46316,43.07243],[-2.46316,43.07219],[-2.46325,43.07189],[-2.46341,43.07176],[-2.46349,43.07173],[-2.46365,43.07154],[-2.46372,43.07136],[-2.46368,43.07119],[-2.4637,43.07117],[-2.46377,43.07109],[-2.46343,43.07089],[-2.46334,43.07075],[-2.46336,43.07061],[-2.4635,43.07041],[-2.46364,43.07007],[-2.46386,43.06988],[-2.46417,43.06976],[-2.46443,43.06976],[-2.46487,43.06984],[-2.46528,43.06996],[-2.46548,43.07013],[-2.4656,43.07029],[-2.46568,43.07037],[-2.46577,43.07041],[-2.46609,43.07036],[-2.46725,43.06989],[-2.46759,43.06969],[-2.46783,43.06981]]}},{"type":"Feature","properties":{"id":940957358,"highway":"path","superficie":"unpaved"},"geometry":{"type":"LineString","coordinates":[[-2.47407,43.06746],[-2.47408,43.06735],[-2.47394,43.06733],[-2.47383,43.06728],[-2.47366,43.06712],[-2.47362,43.06705],[-2.47364,43.06693],[-2.47368,43.06678],[-2.4738,43.06658],[-2.4739,43.06649],[-2.47391,43.06638],[-2.47371,43.06621],[-2.47355,43.0661],[-2.47324,43.06618],[-2.47287,43.06619],[-2.47267,43.06623],[-2.47249,43.06629],[-2.47237,43.06641],[-2.47195,43.06641],[-2.47188,43.06646],[-2.47147,43.0665],[-2.47142,43.06639],[-2.47124,43.06642],[-2.47082,43.0667],[-2.47093,43.06642],[-2.47103,43.0662],[-2.47107,43.06599]]}},{"type":"Feature","properties":{"id":940957359,"highway":"path"},"geometry":{"type":"LineString","coordinates":[[-2.47107,43.06559],[-2.47147,43.06552]]}},{"type":"Feature","properties":{"id":940957360,"highway":"path"},"geometry":{"type":"LineString","coordinates":[[-2.47355,43.0661],[-2.4738,43.06603],[-2.47388,43.06598],[-2.47394,43.06586],[-2.47391,43.06578],[-2.47391,43.06562],[-2.47399,43.06547],[-2.47423,43.06532],[-2.47444,43.06514],[-2.47436,43.06503],[-2.47422,43.06485],[-2.4742,43.06476],[-2.47427,43.06469],[-2.47435,43.06461],[-2.47447,43.06453],[-2.47451,43.06451],[-2.47465,43.06443],[-2.47481,43.06443],[-2.47518,43.0645],[-2.47537,43.06455],[-2.47554,43.06452],[-2.4757,43.06443]]}},{"type":"Feature","properties":{"id":940958945,"highway":"track"},"geometry":{"type":"LineString","coordinates":[[-2.45918,43.07666],[-2.45951,43.07646],[-2.45983,43.07618],[-2.46001,43.07604],[-2.46019,43.0759],[-2.46021,43.07581],[-2.46019,43.07578],[-2.46014,43.07574],[-2.45988,43.07579],[-2.45925,43.07589],[-2.45868,43.07592],[-2.45846,43.07594],[-2.45828,43.07603],[-2.45818,43.07614],[-2.45799,43.07625],[-2.45783,43.0763],[-2.45774,43.07629],[-2.45774,43.07623],[-2.4579,43.07614],[-2.45803,43.07605],[-2.45812,43.07591],[-2.45815,43.07574],[-2.45814,43.07556],[-2.45838,43.07542],[-2.45892,43.07529],[-2.45922,43.07496],[-2.45925,43.07493],[-2.45953,43.07482],[-2.45971,43.07478],[-2.46,43.07471],[-2.46017,43.07466],[-2.46028,43.07459],[-2.46028,43.07456]]}},{"type":"Feature","properties":{"id":945815992,"highway":"footway"},"geometry":{"type":"LineString","coordinates":[[-2.48991,43.05527],[-2.48986,43.05533],[-2.48991,43.05538],[-2.49005,43.05555],[-2.49005,43.05562],[-2.49006,43.05582],[-2.4901,43.05602],[-2.49026,43.05629],[-2.49047,43.05659],[-2.49056,43.05668],[-2.49064,43.05676],[-2.4907,43.05679],[-2.49089,43.05691],[-2.49115,43.05709],[-2.4913,43.05722]]}},{"type":"Feature","properties":{"id":949475984,"highway":"path"},"geometry":{"type":"LineString","coordinates":[[-2.53373,43.09316],[-2.53365,43.09319],[-2.53357,43.09322],[-2.53352,43.09326],[-2.53344,43.09329],[-2.53334,43.0933],[-2.53328,43.09328],[-2.53323,43.09328]]}},{"type":"Feature","properties":{"id":949475985,"highway":"path"},"geometry":{"type":"LineString","coordinates":[[-2.52614,43.0926],[-2.52605,43.09256],[-2.52595,43.09251],[-2.52586,43.09245],[-2.52577,43.09243],[-2.52569,43.09237],[-2.52561,43.09229],[-2.52551,43.09223],[-2.52547,43.09217],[-2.5254,43.09215],[-2.52533,43.09213],[-2.5253,43.09209],[-2.52522,43.09208],[-2.5251,43.09206],[-2.525,43.09206]]}},{"type":"Feature","properties":{"id":949475986,"highway":"path"},"geometry":{"type":"LineString","coordinates":[[-2.53964,43.09135],[-2.53958,43.09131],[-2.53952,43.09127],[-2.53949,43.0912],[-2.53945,43.09114],[-2.53939,43.09111],[-2.53934,43.09106],[-2.53929,43.09105],[-2.53927,43.09099],[-2.53925,43.09095],[-2.53917,43.09086],[-2.53912,43.09083],[-2.539,43.09084],[-2.53887,43.09088],[-2.53872,43.09088],[-2.53863,43.09091],[-2.53849,43.0909],[-2.5384,43.09089],[-2.53833,43.0909],[-2.53823,43.09091],[-2.53815,43.09091],[-2.53816,43.09093]]}},{"type":"Feature","properties":{"id":965751854,"highway":"cycleway"},"geometry":{"type":"LineString","coordinates":[[-2.49927,43.06221],[-2.49921,43.06218],[-2.49887,43.06226],[-2.49882,43.06227],[-2.49859,43.06233],[-2.4984,43.06238],[-2.49838,43.06238],[-2.49793,43.0624],[-2.49745,43.06242],[-2.49705,43.06243],[-2.49695,43.06243],[-2.49685,43.06247],[-2.49669,43.06256],[-2.49654,43.06266],[-2.4965,43.06272],[-2.49647,43.06276],[-2.49641,43.06283],[-2.49635,43.06291],[-2.49631,43.06296],[-2.49625,43.06299],[-2.49618,43.06302]]}},{"type":"Feature","properties":{"id":965751855,"highway":"cycleway","puente":"yes"},"geometry":{"type":"LineString","coordinates":[[-2.49878,43.06224],[-2.4987,43.06216]]}},{"type":"Feature","properties":{"id":965751856,"highway":"cycleway"},"geometry":{"type":"LineString","coordinates":[[-2.4987,43.06216],[-2.49868,43.06213],[-2.49871,43.0621]]}},{"type":"Feature","properties":{"id":965751857,"highway":"cycleway"},"geometry":{"type":"LineString","coordinates":[[-2.49882,43.06227],[-2.4988,43.06225],[-2.49878,43.06224]]}},{"type":"Feature","properties":{"id":1010234300,"highway":"track"},"geometry":{"type":"LineString","coordinates":[[-2.51871,43.05942],[-2.51869,43.05958],[-2.51863,43.05977],[-2.51849,43.05993],[-2.51828,43.05999],[-2.51795,43.06003],[-2.51778,43.0601],[-2.51767,43.06015],[-2.51756,43.06016],[-2.51746,43.06021],[-2.51733,43.06035],[-2.51721,43.06037],[-2.51659,43.06032],[-2.51612,43.06039],[-2.51589,43.06043],[-2.51543,43.06048],[-2.51516,43.06053],[-2.51444,43.06066],[-2.51397,43.06082],[-2.51349,43.06088],[-2.51322,43.06089],[-2.5129,43.06098],[-2.51268,43.06094],[-2.51212,43.06086],[-2.51194,43.06079],[-2.5116,43.06068],[-2.51117,43.06066],[-2.51094,43.06063],[-2.51067,43.06065],[-2.51038,43.0607],[-2.51026,43.06071],[-2.5101,43.06068],[-2.50979,43.0606],[-2.50958,43.06056],[-2.50943,43.06056],[-2.50924,43.06064],[-2.50915,43.06078],[-2.50919,43.06091],[-2.50921,43.06095],[-2.50927,43.06108]]}},{"type":"Feature","properties":{"id":1014063523,"highway":"footway"},"geometry":{"type":"LineString","coordinates":[[-2.4714,43.07281],[-2.47145,43.07284]]}},{"type":"Feature","properties":{"id":1036017806,"highway":"footway"},"geometry":{"type":"LineString","coordinates":[[-2.4701,43.07278],[-2.47017,43.07279],[-2.47027,43.07276],[-2.47052,43.07261],[-2.4707,43.0725],[-2.47082,43.0724]]}},{"type":"Feature","properties":{"id":1036017807,"highway":"footway","puente":"yes"},"geometry":{"type":"LineString","coordinates":[[-2.47082,43.0724],[-2.47095,43.07229]]}},{"type":"Feature","properties":{"id":1036017808,"highway":"footway"},"geometry":{"type":"LineString","coordinates":[[-2.47302,43.07131],[-2.47294,43.0713],[-2.47286,43.07122],[-2.47278,43.07116],[-2.47269,43.07111],[-2.47264,43.07109],[-2.47255,43.07113],[-2.47242,43.07124]]}},{"type":"Feature","properties":{"id":1036017811,"highway":"service","oneway":"yes"},"geometry":{"type":"LineString","coordinates":[[-2.47909,43.06619],[-2.47885,43.06635],[-2.47871,43.06623]]}},{"type":"Feature","properties":{"id":1036017812,"highway":"service","oneway":"yes"},"geometry":{"type":"LineString","coordinates":[[-2.47849,43.06658],[-2.47872,43.06643],[-2.47858,43.06632]]}},{"type":"Feature","properties":{"id":1038207687,"highway":"track"},"geometry":{"type":"MultiLineString","coordinates":[[[-2.54692,43.08413],[-2.54684,43.08409],[-2.54663,43.08395],[-2.54645,43.08379],[-2.54623,43.08363],[-2.54613,43.08355],[-2.54589,43.08342],[-2.54574,43.08333],[-2.54564,43.08324],[-2.54556,43.08314],[-2.54556,43.08309],[-2.54561,43.08295],[-2.5457,43.08281],[-2.54577,43.08266]],[[-2.54541,43.08219],[-2.54514,43.08206],[-2.54472,43.08184],[-2.54444,43.08168],[-2.54425,43.08152],[-2.54405,43.08134],[-2.54393,43.08122],[-2.54379,43.08109],[-2.54365,43.08096],[-2.54355,43.0808],[-2.54341,43.08057],[-2.54336,43.08047],[-2.54334,43.08038],[-2.54333,43.08032],[-2.54331,43.08019],[-2.54338,43.08008],[-2.54349,43.08004],[-2.54366,43.07997],[-2.54369,43.07997]]]}},{"type":"Feature","properties":{"id":1051387947,"highway":"residential","superficie":"asphalt"},"geometry":{"type":"LineString","coordinates":[[-2.47783,43.06463],[-2.47785,43.06463],[-2.47788,43.06463],[-2.47791,43.06461],[-2.47793,43.0646],[-2.47794,43.06458]]}},{"type":"Feature","properties":{"id":1051387948,"highway":"residential"},"geometry":{"type":"LineString","coordinates":[[-2.47799,43.0646],[-2.47794,43.06458]]}},{"type":"Feature","properties":{"id":1052275861,"highway":"cycleway"},"geometry":{"type":"LineString","coordinates":[[-2.49201,43.06236],[-2.49219,43.06238],[-2.49235,43.0624],[-2.49239,43.06241],[-2.49242,43.06242],[-2.49244,43.06245],[-2.49245,43.06247],[-2.49245,43.06256],[-2.49245,43.06258],[-2.49245,43.0626],[-2.49243,43.06265],[-2.4924,43.06269],[-2.49236,43.06273],[-2.4923,43.06277],[-2.49224,43.0628],[-2.49218,43.06282],[-2.49212,43.06283],[-2.49209,43.06284],[-2.49206,43.06287],[-2.49198,43.06296],[-2.49191,43.06304],[-2.49187,43.06306],[-2.49182,43.06309],[-2.4918,43.0631],[-2.49176,43.06311],[-2.49166,43.06316],[-2.49155,43.06328],[-2.49145,43.06341],[-2.49114,43.06383],[-2.49114,43.06386],[-2.49111,43.06391],[-2.49106,43.06398],[-2.49102,43.06401],[-2.4908,43.06431],[-2.49074,43.06436],[-2.49068,43.0644],[-2.49062,43.06443],[-2.49059,43.06444],[-2.49057,43.06444],[-2.49055,43.06441],[-2.49053,43.06438],[-2.49051,43.06438],[-2.48936,43.06485],[-2.48912,43.06495],[-2.48854,43.06518],[-2.48834,43.06527],[-2.4883,43.06529],[-2.48819,43.06534],[-2.48815,43.06536],[-2.48733,43.0657],[-2.48707,43.06581],[-2.48698,43.06583],[-2.48689,43.06582],[-2.48679,43.06579],[-2.48672,43.06576],[-2.48658,43.06574],[-2.4864,43.06576],[-2.48625,43.06576],[-2.48616,43.06575],[-2.48551,43.06571]]}},{"type":"Feature","properties":{"id":1052275862,"highway":"service","oneway":"yes","superficie":"asphalt"},"geometry":{"type":"LineString","coordinates":[[-2.49246,43.06104],[-2.49238,43.06109],[-2.49233,43.06111],[-2.49227,43.06114],[-2.49225,43.06117],[-2.49215,43.06159],[-2.49206,43.06198],[-2.49207,43.06201],[-2.4921,43.06204],[-2.4922,43.06215],[-2.49224,43.06219]]}},{"type":"Feature","properties":{"id":1052275863,"highway":"cycleway"},"geometry":{"type":"LineString","coordinates":[[-2.49349,43.06145],[-2.49278,43.06112],[-2.49267,43.06107],[-2.49258,43.06102],[-2.49254,43.061],[-2.49252,43.06098],[-2.4925,43.06097],[-2.49245,43.06097],[-2.4924,43.06097],[-2.49233,43.06097]]}},{"type":"Feature","properties":{"id":1052275864,"highway":"service"},"geometry":{"type":"LineString","coordinates":[[-2.49307,43.05885],[-2.49287,43.05882],[-2.49282,43.05895],[-2.49272,43.05931],[-2.49268,43.05949]]}},{"type":"Feature","properties":{"id":1052275865,"highway":"cycleway","nombre":"Vasco-Navarroaren bide berdea","izena_eu":"Vasco-Navarroaren bide berdea","nombre_es":"Via Verde del Vasco Navarro","oneway":"no","superficie":"asphalt"},"geometry":{"type":"LineString","coordinates":[[-2.49268,43.05949],[-2.49268,43.05955],[-2.49265,43.05956],[-2.49262,43.05956],[-2.49259,43.05955],[-2.49257,43.05956],[-2.49256,43.05957],[-2.49253,43.0596],[-2.49251,43.05965],[-2.49251,43.05966],[-2.49252,43.05968],[-2.49255,43.05971],[-2.49257,43.05977],[-2.49258,43.0598],[-2.49259,43.05984],[-2.49256,43.05996],[-2.49252,43.06014],[-2.49247,43.06037],[-2.49239,43.06068],[-2.49233,43.06095],[-2.49233,43.06097],[-2.49232,43.06102],[-2.49233,43.06111],[-2.49235,43.06115],[-2.49236,43.06117],[-2.49236,43.0612],[-2.49229,43.06151],[-2.49221,43.06186],[-2.49219,43.06195],[-2.49218,43.06197],[-2.49212,43.06202],[-2.4921,43.06204],[-2.49208,43.06207],[-2.49201,43.06236],[-2.49198,43.06252],[-2.49197,43.06258]]}},{"type":"Feature","properties":{"id":1052275866,"highway":"tertiary"},"geometry":{"type":"LineString","coordinates":[[-2.49265,43.05965],[-2.49264,43.05968],[-2.49264,43.05971],[-2.49265,43.05974],[-2.49268,43.05976],[-2.49271,43.05978],[-2.49275,43.05978],[-2.49279,43.05978],[-2.49283,43.05977],[-2.49286,43.05975],[-2.49288,43.05972],[-2.49289,43.05969],[-2.49288,43.05967],[-2.49286,43.05964],[-2.49284,43.05962],[-2.4928,43.05961],[-2.49277,43.0596],[-2.49273,43.0596],[-2.4927,43.05961],[-2.49267,43.05963],[-2.49265,43.05965]]}},{"type":"Feature","properties":{"id":1052275867,"highway":"residential"},"geometry":{"type":"LineString","coordinates":[[-2.49251,43.05959],[-2.49253,43.0596],[-2.49256,43.05961],[-2.49261,43.05963],[-2.49265,43.05965]]}},{"type":"Feature","properties":{"id":1052275868,"highway":"tertiary","nombre":"Araba etorbidea","superficie":"asphalt"},"geometry":{"type":"LineString","coordinates":[[-2.49247,43.0611],[-2.49248,43.06115],[-2.49247,43.06117],[-2.49242,43.06138],[-2.49237,43.06162],[-2.49224,43.06219],[-2.4922,43.06235],[-2.49219,43.06238],[-2.49217,43.06246],[-2.49217,43.06248]]}},{"type":"Feature","properties":{"id":1052275869,"highway":"cycleway"},"geometry":{"type":"LineString","coordinates":[[-2.48834,43.06527],[-2.48831,43.06523],[-2.48796,43.06476],[-2.48789,43.06468],[-2.48771,43.06443],[-2.48769,43.06439],[-2.48767,43.06436],[-2.48768,43.06434],[-2.4877,43.06431],[-2.48771,43.06426],[-2.48769,43.06421]]}},{"type":"Feature","properties":{"id":1052276920,"highway":"footway"},"geometry":{"type":"LineString","coordinates":[[-2.49079,43.0644],[-2.49064,43.06446],[-2.49062,43.06443],[-2.49059,43.0644],[-2.49057,43.06437],[-2.49027,43.06396],[-2.49024,43.06392],[-2.49022,43.06389],[-2.49011,43.06392]]}},{"type":"Feature","properties":{"id":1053141069,"highway":"cycleway"},"geometry":{"type":"LineString","coordinates":[[-2.49547,43.0628],[-2.49553,43.06285],[-2.49554,43.06287],[-2.49553,43.06289],[-2.4955,43.0629],[-2.49526,43.06295],[-2.49518,43.06297]]}},{"type":"Feature","properties":{"id":1055838101,"highway":"unclassified"},"geometry":{"type":"LineString","coordinates":[[-2.53951,43.06594],[-2.53957,43.06596],[-2.53963,43.06598],[-2.53974,43.06603],[-2.53982,43.0661],[-2.53987,43.0662],[-2.53988,43.06627],[-2.53988,43.06634],[-2.53993,43.06647],[-2.54004,43.0666],[-2.54013,43.06671],[-2.54021,43.06686],[-2.54021,43.06703],[-2.54021,43.06715],[-2.54022,43.06723],[-2.54027,43.06732],[-2.54036,43.0674],[-2.5404,43.06749],[-2.5404,43.06758],[-2.54037,43.06766],[-2.54026,43.0677],[-2.54008,43.06772],[-2.53985,43.06777],[-2.53958,43.06781],[-2.53939,43.06784],[-2.53919,43.06786],[-2.53894,43.06782],[-2.53853,43.06777],[-2.53829,43.06775],[-2.53803,43.06775],[-2.53774,43.06775],[-2.53752,43.06777],[-2.53728,43.06779],[-2.5371,43.06778],[-2.53692,43.06775],[-2.53678,43.06773],[-2.53665,43.06774],[-2.53657,43.06778],[-2.5365,43.06783],[-2.53645,43.06793],[-2.5364,43.068],[-2.53636,43.06805]]}},{"type":"Feature","properties":{"id":1111124214,"highway":"service"},"geometry":{"type":"LineString","coordinates":[[-2.50575,43.06034],[-2.50563,43.06032],[-2.50554,43.06026],[-2.50536,43.06015],[-2.50519,43.06004],[-2.50509,43.06],[-2.50491,43.05996],[-2.50478,43.05995],[-2.50471,43.05995],[-2.50463,43.05991],[-2.50452,43.05983],[-2.50445,43.05979],[-2.50433,43.05985],[-2.50418,43.05993]]}},{"type":"Feature","properties":{"id":1111126507,"highway":"service","oneway":"yes","superficie":"asphalt"},"geometry":{"type":"LineString","coordinates":[[-2.47344,43.0715],[-2.47357,43.07142],[-2.47374,43.0713]]}},{"type":"Feature","properties":{"id":1112701655,"highway":"tertiary","nombre":"Uribarri etorbidea"},"geometry":{"type":"LineString","coordinates":[[-2.50388,43.06192],[-2.50388,43.06187],[-2.50385,43.06183],[-2.50384,43.06181],[-2.50381,43.06179],[-2.50378,43.06178],[-2.50375,43.06177],[-2.50372,43.06176],[-2.50367,43.06176],[-2.50361,43.06177],[-2.50356,43.06179],[-2.50352,43.06182],[-2.5035,43.06186],[-2.50349,43.06191],[-2.5035,43.06195],[-2.50353,43.06199],[-2.50357,43.06202],[-2.50361,43.06203],[-2.50366,43.06204],[-2.50372,43.06204],[-2.50378,43.06203],[-2.50383,43.062],[-2.50386,43.06196],[-2.50388,43.06192]]}},{"type":"Feature","properties":{"id":1114740802,"highway":"tertiary","nombre":"Uribarri etorbidea"},"geometry":{"type":"LineString","coordinates":[[-2.50409,43.06187],[-2.50415,43.06187],[-2.50439,43.06185],[-2.50477,43.06183],[-2.50501,43.06182],[-2.50524,43.06183],[-2.50531,43.06185],[-2.50552,43.06189],[-2.50563,43.06194],[-2.50581,43.06202],[-2.50598,43.06216]]}},{"type":"Feature","properties":{"id":1117762076,"highway":"service","oneway":"yes"},"geometry":{"type":"LineString","coordinates":[[-2.48928,43.06421],[-2.48938,43.06423],[-2.48952,43.06421],[-2.48968,43.06416],[-2.48971,43.06414],[-2.49012,43.06402],[-2.49018,43.06399],[-2.49019,43.06398],[-2.49021,43.06393]]}},{"type":"Feature","properties":{"id":1121879695,"highway":"path"},"geometry":{"type":"LineString","coordinates":[[-2.50806,43.0775],[-2.50772,43.0774],[-2.50735,43.07723],[-2.50695,43.07705],[-2.50656,43.07678]]}},{"type":"Feature","properties":{"id":1137558639,"highway":"service"},"geometry":{"type":"LineString","coordinates":[[-2.53059,43.07679],[-2.53045,43.07688],[-2.53035,43.07697],[-2.53024,43.07709],[-2.53023,43.07721],[-2.53023,43.07734],[-2.53028,43.07747]]}},{"type":"Feature","properties":{"id":1137558640,"highway":"service"},"geometry":{"type":"LineString","coordinates":[[-2.52947,43.07182],[-2.52936,43.07188],[-2.52925,43.0719],[-2.52909,43.07193],[-2.52888,43.07196],[-2.52882,43.07199],[-2.52881,43.07202],[-2.52883,43.07212],[-2.52889,43.07221],[-2.52895,43.07232],[-2.52895,43.07238],[-2.52898,43.07245]]}},{"type":"Feature","properties":{"id":1137558641,"highway":"service"},"geometry":{"type":"LineString","coordinates":[[-2.52992,43.07336],[-2.52983,43.07342],[-2.52975,43.0735],[-2.52969,43.07355],[-2.52958,43.07359],[-2.52949,43.07359],[-2.5293,43.07354],[-2.52896,43.07341],[-2.5288,43.07332],[-2.52861,43.07319],[-2.52837,43.07296],[-2.52817,43.07275],[-2.52792,43.07258],[-2.52765,43.07247],[-2.52743,43.07247],[-2.52725,43.07251],[-2.52712,43.07257],[-2.52697,43.07263],[-2.52681,43.07273],[-2.52675,43.07278],[-2.52673,43.07286],[-2.52682,43.07301],[-2.52694,43.07307],[-2.52704,43.0731],[-2.52714,43.0731],[-2.52728,43.07308],[-2.52741,43.07303],[-2.52754,43.07303],[-2.52767,43.07305],[-2.52794,43.0732],[-2.52815,43.07328],[-2.5283,43.07345],[-2.52843,43.07359],[-2.52864,43.07373],[-2.52896,43.07395],[-2.52904,43.07396],[-2.52918,43.07397],[-2.52941,43.07399],[-2.52954,43.07403]]}},{"type":"Feature","properties":{"id":1137558642,"highway":"service"},"geometry":{"type":"LineString","coordinates":[[-2.52881,43.07202],[-2.52875,43.07194],[-2.52868,43.07187],[-2.52862,43.0718],[-2.52849,43.07174],[-2.52838,43.07172],[-2.52814,43.07171],[-2.52805,43.07171]]}},{"type":"Feature","properties":{"id":1137558644,"highway":"service"},"geometry":{"type":"LineString","coordinates":[[-2.52444,43.07033],[-2.52465,43.07034],[-2.52478,43.07035],[-2.52499,43.07047],[-2.52534,43.07058],[-2.5256,43.07066],[-2.52581,43.07072],[-2.52601,43.0708],[-2.52636,43.07088],[-2.52662,43.07091],[-2.52672,43.07092],[-2.52685,43.07091],[-2.52698,43.07087],[-2.52708,43.07079]]}},{"type":"Feature","properties":{"id":1137558647,"highway":"service"},"geometry":{"type":"LineString","coordinates":[[-2.52983,43.07342],[-2.52972,43.07328],[-2.52947,43.07312],[-2.52912,43.07293],[-2.52885,43.07276],[-2.52873,43.07264],[-2.52858,43.0724],[-2.52851,43.0722],[-2.5284,43.07207],[-2.52837,43.07202]]}},{"type":"Feature","properties":{"id":1137558648,"highway":"service"},"geometry":{"type":"LineString","coordinates":[[-2.52714,43.0731],[-2.52723,43.07315],[-2.52745,43.07324],[-2.52768,43.07334],[-2.52794,43.07347],[-2.52805,43.07362],[-2.52815,43.0738],[-2.5285,43.07434],[-2.52892,43.0751],[-2.52906,43.07554],[-2.52916,43.07578]]}},{"type":"Feature","properties":{"id":1137558651,"highway":"service"},"geometry":{"type":"LineString","coordinates":[[-2.5358,43.08023],[-2.53605,43.08027],[-2.53624,43.08026],[-2.53631,43.08026],[-2.53643,43.08025],[-2.5367,43.08024],[-2.53688,43.08022],[-2.53701,43.08019],[-2.5372,43.08004],[-2.53735,43.07991],[-2.53757,43.07977],[-2.53801,43.07964],[-2.53821,43.07954],[-2.5384,43.07938],[-2.53861,43.0792],[-2.53876,43.07904],[-2.53897,43.07891],[-2.53928,43.0787],[-2.53944,43.07863],[-2.53963,43.07855],[-2.53972,43.07853],[-2.53979,43.07847],[-2.53984,43.07842],[-2.53984,43.07837],[-2.53978,43.07828],[-2.53975,43.07819],[-2.53975,43.07807],[-2.53978,43.0778]]}},{"type":"Feature","properties":{"id":1137558652,"highway":"service"},"geometry":{"type":"LineString","coordinates":[[-2.53631,43.08026],[-2.5361,43.08011],[-2.53591,43.07993],[-2.5358,43.07979],[-2.53564,43.07949],[-2.53551,43.07936],[-2.53536,43.07926],[-2.53527,43.07913],[-2.53525,43.07903],[-2.5352,43.07894],[-2.53515,43.07891],[-2.53489,43.0788],[-2.53478,43.07872],[-2.53461,43.07858]]}},{"type":"Feature","properties":{"id":1137558653,"highway":"service"},"geometry":{"type":"LineString","coordinates":[[-2.53209,43.07794],[-2.53194,43.07781],[-2.53189,43.07765],[-2.53184,43.07751],[-2.53177,43.07737],[-2.53163,43.07721],[-2.53138,43.07697]]}},{"type":"Feature","properties":{"id":1137558655,"highway":"service"},"geometry":{"type":"LineString","coordinates":[[-2.53464,43.07337],[-2.53479,43.07345],[-2.53504,43.07355],[-2.53519,43.07363],[-2.53531,43.07376],[-2.53542,43.07381],[-2.5356,43.07392],[-2.53568,43.07398]]}},{"type":"Feature","properties":{"id":1137558656,"highway":"track"},"geometry":{"type":"LineString","coordinates":[[-2.54186,43.0776],[-2.54187,43.07774],[-2.54184,43.07782]]}},{"type":"Feature","properties":{"id":1137558657,"highway":"track"},"geometry":{"type":"LineString","coordinates":[[-2.5459,43.074],[-2.54578,43.07391],[-2.54562,43.07381],[-2.54541,43.07372],[-2.54522,43.0737],[-2.54503,43.07367],[-2.54478,43.07366],[-2.54465,43.07365],[-2.54459,43.07361],[-2.54454,43.07347],[-2.54452,43.07344],[-2.54443,43.07344],[-2.54437,43.07343],[-2.5443,43.07344],[-2.54424,43.07347],[-2.54417,43.07351],[-2.54411,43.07364],[-2.54412,43.07397],[-2.54411,43.07413],[-2.54418,43.07425],[-2.54421,43.07438],[-2.54419,43.07444],[-2.54414,43.07448],[-2.54408,43.07449],[-2.54397,43.07447],[-2.5439,43.07438],[-2.54382,43.07429],[-2.54375,43.07417],[-2.54366,43.0739],[-2.5436,43.07367],[-2.54357,43.07359],[-2.54353,43.07353],[-2.54347,43.07354],[-2.5434,43.07358],[-2.54336,43.0737],[-2.54327,43.0739],[-2.54316,43.07415],[-2.54309,43.0742],[-2.54302,43.0742],[-2.54296,43.07419],[-2.54292,43.07406],[-2.54286,43.07393],[-2.54284,43.07382],[-2.5428,43.07374],[-2.54275,43.0737],[-2.54267,43.07369],[-2.54262,43.0737],[-2.54256,43.07375],[-2.5425,43.0739],[-2.54246,43.07395],[-2.54236,43.07399],[-2.54229,43.074],[-2.54214,43.07404],[-2.542,43.07408],[-2.54193,43.0741],[-2.54189,43.0741],[-2.54176,43.07413]]}},{"type":"Feature","properties":{"id":1138257214,"highway":"residential"},"geometry":{"type":"LineString","coordinates":[[-2.50359,43.06158],[-2.5032,43.06071],[-2.50316,43.06067],[-2.50309,43.06063],[-2.50297,43.06061],[-2.50219,43.06078],[-2.50211,43.0608],[-2.50165,43.0609],[-2.50163,43.0609],[-2.50157,43.06091]]}},{"type":"Feature","properties":{"id":1138257215,"highway":"footway"},"geometry":{"type":"LineString","coordinates":[[-2.50185,43.06075],[-2.50145,43.06086],[-2.50081,43.06109],[-2.50038,43.06126],[-2.50024,43.06132]]}},{"type":"Feature","properties":{"id":1138257216,"highway":"footway"},"geometry":{"type":"LineString","coordinates":[[-2.50024,43.06132],[-2.50023,43.06132],[-2.50008,43.06139],[-2.49978,43.06151],[-2.49969,43.06155],[-2.49954,43.06168],[-2.49958,43.06206],[-2.49959,43.06209]]}},{"type":"Feature","properties":{"id":1138257217,"highway":"footway"},"geometry":{"type":"LineString","coordinates":[[-2.49954,43.06168],[-2.49926,43.06185],[-2.49883,43.06222]]}},{"type":"Feature","properties":{"id":1138358837,"highway":"service","puente":"yes"},"geometry":{"type":"LineString","coordinates":[[-2.49545,43.0658],[-2.49555,43.06562]]}},{"type":"Feature","properties":{"id":1138358838,"highway":"footway"},"geometry":{"type":"LineString","coordinates":[[-2.49632,43.06508],[-2.4962,43.06498],[-2.49553,43.0654],[-2.49559,43.06546],[-2.49558,43.0655]]}},{"type":"Feature","properties":{"id":1138358839,"highway":"footway"},"geometry":{"type":"LineString","coordinates":[[-2.49541,43.06578],[-2.4954,43.0658],[-2.49535,43.06583]]}},{"type":"Feature","properties":{"id":1138358840,"highway":"footway","puente":"yes"},"geometry":{"type":"LineString","coordinates":[[-2.49558,43.0655],[-2.49541,43.06578]]}},{"type":"Feature","properties":{"id":1144437202,"highway":"service"},"geometry":{"type":"LineString","coordinates":[[-2.49876,43.074],[-2.49866,43.07408],[-2.49855,43.07414],[-2.49849,43.07417]]}},{"type":"Feature","properties":{"id":1144437210,"highway":"track"},"geometry":{"type":"LineString","coordinates":[[-2.49876,43.074],[-2.4987,43.07393],[-2.49859,43.07384],[-2.49852,43.07375],[-2.49847,43.07366],[-2.49846,43.07362],[-2.49845,43.07357],[-2.49851,43.07334],[-2.49861,43.07295],[-2.49863,43.07274],[-2.49863,43.0724],[-2.49864,43.07221],[-2.49864,43.07206],[-2.49862,43.07197],[-2.49863,43.07192],[-2.49864,43.07189],[-2.49868,43.07189],[-2.4988,43.07198],[-2.4992,43.07242],[-2.49964,43.07287],[-2.49985,43.07302],[-2.49995,43.07308],[-2.50002,43.07312],[-2.50008,43.07312],[-2.5001,43.0731],[-2.50006,43.07294],[-2.50004,43.07281],[-2.49994,43.07266],[-2.4999,43.07261],[-2.49987,43.07254],[-2.49987,43.0725],[-2.49997,43.07254],[-2.50002,43.0726],[-2.5003,43.07281],[-2.50045,43.0729],[-2.50058,43.07296],[-2.50065,43.07297],[-2.50072,43.07296],[-2.50073,43.07292],[-2.50069,43.07286],[-2.50053,43.0727],[-2.50045,43.07262],[-2.5004,43.07255],[-2.50037,43.07245]]}},{"type":"Feature","properties":{"id":1144437211,"highway":"track"},"geometry":{"type":"LineString","coordinates":[[-2.49846,43.07362],[-2.49854,43.07359],[-2.4986,43.07356],[-2.49867,43.07349],[-2.49871,43.07344],[-2.49874,43.07336],[-2.49879,43.07329],[-2.49883,43.07323],[-2.49889,43.07317],[-2.49891,43.07313],[-2.49892,43.07308],[-2.49896,43.07304],[-2.499,43.07303],[-2.49908,43.07305],[-2.49911,43.07314],[-2.49919,43.07323],[-2.49944,43.07338],[-2.4995,43.07341],[-2.49958,43.07343],[-2.49965,43.07345],[-2.49975,43.07346]]}},{"type":"Feature","properties":{"id":1144437213,"highway":"unclassified"},"geometry":{"type":"LineString","coordinates":[[-2.49944,43.07668],[-2.49945,43.07676],[-2.49941,43.07685],[-2.49929,43.0769],[-2.49924,43.07692],[-2.49903,43.07693]]}},{"type":"Feature","properties":{"id":1144437214,"highway":"track"},"geometry":{"type":"LineString","coordinates":[[-2.49718,43.07948],[-2.49723,43.07946],[-2.49724,43.07938],[-2.49728,43.07924],[-2.49729,43.07916],[-2.49727,43.07906],[-2.49727,43.07898],[-2.49725,43.07893],[-2.4972,43.07886],[-2.49711,43.07861],[-2.49711,43.07852],[-2.49708,43.07843],[-2.49706,43.07833],[-2.49709,43.0782],[-2.49714,43.07811],[-2.49717,43.07807]]}},{"type":"Feature","properties":{"id":1144437215,"highway":"service"},"geometry":{"type":"LineString","coordinates":[[-2.50113,43.07821],[-2.50117,43.07827],[-2.50124,43.07834],[-2.50139,43.07841],[-2.50182,43.07849],[-2.50198,43.07852],[-2.50212,43.07852],[-2.50228,43.0785],[-2.50239,43.07847],[-2.50246,43.07843],[-2.50252,43.07838],[-2.50254,43.07831],[-2.50251,43.07827],[-2.50242,43.07793],[-2.50233,43.07783],[-2.50224,43.07776],[-2.50217,43.07773]]}},{"type":"Feature","properties":{"id":1148309774,"highway":"track"},"geometry":{"type":"LineString","coordinates":[[-2.48977,43.07291],[-2.48969,43.07309],[-2.48957,43.07329],[-2.48948,43.07343],[-2.48938,43.07352],[-2.48931,43.07361]]}},{"type":"Feature","properties":{"id":1148309776,"highway":"service"},"geometry":{"type":"LineString","coordinates":[[-2.48993,43.0738],[-2.48986,43.07386],[-2.48974,43.07386],[-2.48957,43.07383],[-2.48945,43.07381],[-2.48933,43.07381],[-2.48924,43.07383],[-2.48912,43.07386],[-2.48891,43.07396],[-2.48874,43.07408],[-2.48856,43.07418],[-2.48837,43.07426],[-2.48822,43.07428],[-2.48815,43.07434],[-2.48815,43.07439],[-2.48823,43.07445],[-2.48839,43.07459],[-2.48844,43.07477],[-2.48842,43.07495],[-2.48843,43.07499],[-2.4885,43.07501]]}},{"type":"Feature","properties":{"id":1148757850,"highway":"tertiary","nombre":"Bizkaia etorbidea","ref":"GI-3551","oneway":"yes"},"geometry":{"type":"LineString","coordinates":[[-2.49442,43.06534],[-2.49432,43.06528],[-2.49427,43.06524],[-2.49423,43.06521],[-2.4942,43.06519]]}},{"type":"Feature","properties":{"id":1148757851,"highway":"tertiary","nombre":"Bizkaia etorbidea","ref":"GI-3551","oneway":"yes"},"geometry":{"type":"LineString","coordinates":[[-2.49413,43.0652],[-2.49411,43.06525],[-2.49416,43.06529],[-2.49428,43.06533],[-2.49442,43.06534]]}},{"type":"Feature","properties":{"id":1148762142,"highway":"unclassified","nombre":"San Andres auzoa","oneway":"yes","superficie":"asphalt"},"geometry":{"type":"LineString","coordinates":[[-2.49253,43.05701],[-2.49252,43.05699],[-2.4925,43.05696]]}},{"type":"Feature","properties":{"id":1148762143,"highway":"tertiary","nombre":"San Andres auzoa","oneway":"yes","superficie":"asphalt"},"geometry":{"type":"LineString","coordinates":[[-2.49209,43.05678],[-2.49217,43.05692],[-2.49219,43.05697],[-2.4922,43.05703]]}},{"type":"Feature","properties":{"id":1148762144,"highway":"residential","nombre":"San Andres kalea","oneway":"yes"},"geometry":{"type":"LineString","coordinates":[[-2.4925,43.05717],[-2.49258,43.05718],[-2.49263,43.05719],[-2.4927,43.05723]]}},{"type":"Feature","properties":{"id":1148762145,"highway":"residential","nombre":"San Andres kalea","oneway":"yes"},"geometry":{"type":"LineString","coordinates":[[-2.4927,43.05723],[-2.49275,43.05715],[-2.49278,43.05712]]}},{"type":"Feature","properties":{"id":1148762146,"highway":"tertiary","nombre":"San Andres auzoa","superficie":"asphalt"},"geometry":{"type":"LineString","coordinates":[[-2.4922,43.05712],[-2.49223,43.05716],[-2.49228,43.05719],[-2.49233,43.0572],[-2.4924,43.05721],[-2.49245,43.05719],[-2.4925,43.05717],[-2.49252,43.05714],[-2.49253,43.05713],[-2.49255,43.05709],[-2.49255,43.05705],[-2.49254,43.05702]]}},{"type":"Feature","properties":{"id":1148762147,"highway":"tertiary","oneway":"yes"},"geometry":{"type":"LineString","coordinates":[[-2.49252,43.05714],[-2.49278,43.05712]]}},{"type":"Feature","properties":{"id":1148762148,"highway":"tertiary","nombre":"San Andres auzoa","oneway":"yes","superficie":"asphalt"},"geometry":{"type":"LineString","coordinates":[[-2.49239,43.05694],[-2.49223,43.05688],[-2.49209,43.05678]]}},{"type":"Feature","properties":{"id":1148762463,"highway":"tertiary","nombre":"San Andres auzoa","superficie":"asphalt"},"geometry":{"type":"LineString","coordinates":[[-2.49253,43.05701],[-2.4925,43.05698],[-2.49245,43.05695],[-2.49242,43.05695],[-2.49241,43.05694],[-2.49239,43.05694],[-2.49234,43.05694],[-2.49228,43.05696],[-2.49223,43.05699],[-2.4922,43.05703],[-2.49218,43.05707],[-2.4922,43.05712]]}},{"type":"Feature","properties":{"id":1148762464,"highway":"tertiary","nombre":"San Andres auzoa","superficie":"asphalt"},"geometry":{"type":"LineString","coordinates":[[-2.49254,43.05702],[-2.49253,43.05701]]}},{"type":"Feature","properties":{"id":1148762465,"highway":"tertiary","oneway":"yes"},"geometry":{"type":"LineString","coordinates":[[-2.49278,43.05712],[-2.49287,43.05711],[-2.49303,43.05709],[-2.49311,43.05707]]}},{"type":"Feature","properties":{"id":1152454003,"highway":"service"},"geometry":{"type":"LineString","coordinates":[[-2.46438,43.0738],[-2.46465,43.07378],[-2.46489,43.07377],[-2.46499,43.07374],[-2.46512,43.07363],[-2.46526,43.07356],[-2.46537,43.07354],[-2.46548,43.07356],[-2.46551,43.07363],[-2.46546,43.07369],[-2.4653,43.07375]]}},{"type":"Feature","properties":{"id":1158655756,"highway":"track"},"geometry":{"type":"LineString","coordinates":[[-2.45424,43.07337],[-2.45414,43.07323]]}},{"type":"Feature","properties":{"id":1158655757,"highway":"track"},"geometry":{"type":"LineString","coordinates":[[-2.45681,43.07047],[-2.45692,43.07063],[-2.45694,43.07083],[-2.45714,43.07121],[-2.45718,43.07132],[-2.45715,43.07149],[-2.45713,43.07162],[-2.45719,43.07174],[-2.45729,43.07187],[-2.45734,43.07197],[-2.45734,43.07202],[-2.45675,43.0722],[-2.4564,43.07243],[-2.45611,43.07268],[-2.45595,43.0728],[-2.45572,43.0729],[-2.45536,43.07302],[-2.45508,43.07326],[-2.45489,43.07341],[-2.45467,43.07348],[-2.45454,43.07352]]}},{"type":"Feature","properties":{"id":1158676698,"highway":"service"},"geometry":{"type":"LineString","coordinates":[[-2.44959,43.07954],[-2.44949,43.07953],[-2.44935,43.07955],[-2.44905,43.07963],[-2.44876,43.07975],[-2.44867,43.07978],[-2.44848,43.07987],[-2.44847,43.07989],[-2.44847,43.07994],[-2.44848,43.07997],[-2.44853,43.08007]]}},{"type":"Feature","properties":{"id":1162786256,"highway":"footway","puente":"yes"},"geometry":{"type":"LineString","coordinates":[[-2.49489,43.06407],[-2.49505,43.06404]]}},{"type":"Feature","properties":{"id":1162786257,"highway":"footway"},"geometry":{"type":"LineString","coordinates":[[-2.49505,43.06404],[-2.49506,43.06408]]}},{"type":"Feature","properties":{"id":1162786258,"highway":"footway"},"geometry":{"type":"LineString","coordinates":[[-2.49489,43.06407],[-2.49489,43.06407]]}},{"type":"Feature","properties":{"id":1162786259,"highway":"footway"},"geometry":{"type":"LineString","coordinates":[[-2.49481,43.06382],[-2.49474,43.06381],[-2.49471,43.06379],[-2.49467,43.06379],[-2.49464,43.0638],[-2.49462,43.06381],[-2.49461,43.06382],[-2.49458,43.06382],[-2.49434,43.0637]]}},{"type":"Feature","properties":{"id":1162786261,"highway":"footway"},"geometry":{"type":"LineString","coordinates":[[-2.49471,43.06379],[-2.49468,43.06377]]}},{"type":"Feature","properties":{"id":1162786262,"highway":"footway"},"geometry":{"type":"LineString","coordinates":[[-2.49443,43.06358],[-2.49438,43.06353]]}},{"type":"Feature","properties":{"id":1162786265,"highway":"steps"},"geometry":{"type":"LineString","coordinates":[[-2.49818,43.06069],[-2.49819,43.06073],[-2.49827,43.06072],[-2.49827,43.06077],[-2.49852,43.06081],[-2.49851,43.06087],[-2.49851,43.06088],[-2.49837,43.06088],[-2.49837,43.0609]]}},{"type":"Feature","properties":{"id":1162786266,"highway":"footway"},"geometry":{"type":"LineString","coordinates":[[-2.50647,43.06181],[-2.50635,43.06185],[-2.50629,43.06192],[-2.50627,43.06196],[-2.50624,43.06197],[-2.50618,43.06196],[-2.50572,43.06183],[-2.50553,43.06181],[-2.50541,43.06179],[-2.50531,43.06185],[-2.50525,43.06188]]}},{"type":"Feature","properties":{"id":1162786267,"highway":"footway"},"geometry":{"type":"LineString","coordinates":[[-2.50316,43.06024],[-2.50289,43.06028],[-2.50221,43.06043],[-2.50189,43.0605],[-2.50179,43.06052],[-2.50171,43.06055],[-2.50166,43.06058],[-2.50162,43.0606],[-2.5016,43.06063],[-2.5016,43.06068],[-2.50153,43.06068]]}},{"type":"Feature","properties":{"id":1162786271,"highway":"footway"},"geometry":{"type":"LineString","coordinates":[[-2.51475,43.06705],[-2.51471,43.06707],[-2.51471,43.06713],[-2.51474,43.06719],[-2.51471,43.06733],[-2.51458,43.06742],[-2.51435,43.06749],[-2.5141,43.06758],[-2.51396,43.0677],[-2.51382,43.06788],[-2.51375,43.06797],[-2.51363,43.06803],[-2.51342,43.06814],[-2.51317,43.06805],[-2.51294,43.06797],[-2.51276,43.06788],[-2.51245,43.06778],[-2.5118,43.06757],[-2.51175,43.06755],[-2.51171,43.06755],[-2.5117,43.06757],[-2.51169,43.0676]]}},{"type":"Feature","properties":{"id":1162786272,"highway":"footway"},"geometry":{"type":"LineString","coordinates":[[-2.51169,43.0676],[-2.51162,43.0676],[-2.51155,43.06761]]}},{"type":"Feature","properties":{"id":1162786273,"highway":"cycleway"},"geometry":{"type":"LineString","coordinates":[[-2.5149,43.06691],[-2.51498,43.0669],[-2.51505,43.06689],[-2.51512,43.06687],[-2.51515,43.06691],[-2.51517,43.06701],[-2.51516,43.06705]]}},{"type":"Feature","properties":{"id":1162786274,"highway":"cycleway","puente":"yes"},"geometry":{"type":"LineString","coordinates":[[-2.51473,43.06692],[-2.5149,43.06691]]}},{"type":"Feature","properties":{"id":1162786275,"highway":"footway"},"geometry":{"type":"LineString","coordinates":[[-2.51516,43.06705],[-2.51499,43.06703],[-2.51491,43.06704]]}},{"type":"Feature","properties":{"id":1162786276,"highway":"footway","puente":"yes"},"geometry":{"type":"LineString","coordinates":[[-2.51491,43.06704],[-2.51475,43.06705]]}},{"type":"Feature","properties":{"id":1162786277,"highway":"secondary","ref":"GI-2620","oneway":"no","superficie":"asphalt"},"geometry":{"type":"LineString","coordinates":[[-2.51487,43.06698],[-2.51488,43.06698]]}},{"type":"Feature","properties":{"id":1162786278,"highway":"secondary","ref":"GI-2620","oneway":"no","puente":"yes"},"geometry":{"type":"LineString","coordinates":[[-2.51469,43.06699],[-2.51487,43.06698]]}},{"type":"Feature","properties":{"id":1162786281,"highway":"unclassified","nombre":"Uribarri auzoa","puente":"yes"},"geometry":{"type":"LineString","coordinates":[[-2.51303,43.06588],[-2.5129,43.06596]]}},{"type":"Feature","properties":{"id":1162786282,"highway":"unclassified","nombre":"Uribarri auzoa"},"geometry":{"type":"LineString","coordinates":[[-2.51303,43.06587],[-2.51303,43.06588]]}},{"type":"Feature","properties":{"id":1162786283,"highway":"unclassified","nombre":"Uribarri auzoa"},"geometry":{"type":"LineString","coordinates":[[-2.50774,43.06149],[-2.50721,43.06181],[-2.50719,43.06182]]}},{"type":"Feature","properties":{"id":1162786284,"highway":"unclassified","nombre":"Uribarri auzoa","puente":"yes"},"geometry":{"type":"LineString","coordinates":[[-2.50794,43.06136],[-2.50774,43.06149]]}},{"type":"Feature","properties":{"id":1162786513,"highway":"footway"},"geometry":{"type":"LineString","coordinates":[[-2.50063,43.0614],[-2.50062,43.06137],[-2.50061,43.06133],[-2.50058,43.06128],[-2.50054,43.06123],[-2.50053,43.06121]]}},{"type":"Feature","properties":{"id":1162786514,"highway":"footway"},"geometry":{"type":"LineString","coordinates":[[-2.50063,43.0614],[-2.50062,43.06142],[-2.5006,43.06145],[-2.50056,43.06149],[-2.50052,43.0615],[-2.50048,43.0615],[-2.50042,43.06149],[-2.50037,43.06148],[-2.50033,43.06146],[-2.50024,43.06132]]}},{"type":"Feature","properties":{"id":1162786515,"highway":"service"},"geometry":{"type":"LineString","coordinates":[[-2.50161,43.06131],[-2.50129,43.06133]]}},{"type":"Feature","properties":{"id":1162786516,"highway":"footway"},"geometry":{"type":"LineString","coordinates":[[-2.50063,43.0614],[-2.50065,43.0614],[-2.50067,43.06141],[-2.50068,43.06145],[-2.50069,43.06147],[-2.5007,43.06149]]}},{"type":"Feature","properties":{"id":1162815310,"highway":"track"},"geometry":{"type":"LineString","coordinates":[[-2.47308,43.05857],[-2.47321,43.05866],[-2.47356,43.05888],[-2.47381,43.05902],[-2.47397,43.05908],[-2.47407,43.05908],[-2.4742,43.05906],[-2.47435,43.05898],[-2.47448,43.05884],[-2.47457,43.05865],[-2.47467,43.05859],[-2.47486,43.05853],[-2.47495,43.05847]]}},{"type":"Feature","properties":{"id":1162815311,"highway":"track"},"geometry":{"type":"LineString","coordinates":[[-2.47488,43.05904],[-2.47451,43.05924],[-2.47431,43.05934],[-2.47416,43.05938],[-2.47377,43.05938],[-2.47289,43.05919],[-2.47262,43.05911],[-2.47235,43.05907],[-2.47222,43.05907],[-2.47206,43.05903]]}},{"type":"Feature","properties":{"id":1162815312,"highway":"track"},"geometry":{"type":"LineString","coordinates":[[-2.47222,43.05883],[-2.47215,43.0587],[-2.4721,43.05865],[-2.47209,43.05853],[-2.47214,43.05838],[-2.47217,43.05828],[-2.47211,43.05819],[-2.47185,43.05797],[-2.47155,43.05769],[-2.47136,43.05751],[-2.47126,43.05736],[-2.47123,43.05726],[-2.47125,43.05714],[-2.47142,43.05706],[-2.47154,43.057],[-2.47162,43.05694],[-2.47171,43.05677],[-2.47176,43.05654],[-2.47162,43.05638],[-2.47158,43.05623],[-2.47152,43.05609],[-2.47148,43.05584],[-2.47156,43.05569],[-2.4716,43.05565],[-2.47169,43.0556],[-2.47197,43.0556],[-2.47206,43.05558],[-2.47212,43.05555],[-2.47217,43.05549],[-2.47223,43.05534],[-2.47233,43.05523],[-2.47244,43.05512],[-2.47245,43.05506],[-2.47241,43.05467],[-2.47234,43.05456],[-2.47229,43.05449],[-2.47228,43.05439],[-2.47228,43.05428],[-2.47228,43.05425],[-2.47228,43.05419],[-2.47231,43.05409],[-2.47249,43.05366],[-2.47255,43.05353],[-2.47252,43.05336],[-2.47248,43.05324],[-2.47243,43.05316],[-2.47246,43.05305],[-2.47263,43.05292],[-2.4728,43.05279],[-2.47293,43.0527]]}},{"type":"Feature","properties":{"id":1162815313,"highway":"track"},"geometry":{"type":"LineString","coordinates":[[-2.47228,43.05425],[-2.47246,43.05422],[-2.47271,43.05409],[-2.47287,43.05403],[-2.47315,43.05399],[-2.47338,43.05396],[-2.47367,43.05395],[-2.47379,43.05393],[-2.4739,43.05387],[-2.47395,43.05384],[-2.47395,43.05395],[-2.47401,43.05424],[-2.4741,43.05452],[-2.47423,43.05473],[-2.47435,43.05487]]}},{"type":"Feature","properties":{"id":1162815314,"highway":"track"},"geometry":{"type":"LineString","coordinates":[[-2.46391,43.05378],[-2.4639,43.05365],[-2.46382,43.05349],[-2.46363,43.05337],[-2.46349,43.05338],[-2.46338,43.05337],[-2.46345,43.05334],[-2.46357,43.0533],[-2.46374,43.05328],[-2.46406,43.05332],[-2.46437,43.05345],[-2.46463,43.05354],[-2.4648,43.05358],[-2.46497,43.05362]]}},{"type":"Feature","properties":{"id":1162815315,"highway":"track"},"geometry":{"type":"LineString","coordinates":[[-2.466,43.06019],[-2.466,43.05992],[-2.466,43.05761]]}},{"type":"Feature","properties":{"id":1162815316,"highway":"track"},"geometry":{"type":"LineString","coordinates":[[-2.46391,43.05378],[-2.46382,43.05388],[-2.4637,43.05397],[-2.46357,43.05407],[-2.46343,43.05417],[-2.46331,43.0542],[-2.46315,43.05423],[-2.46296,43.05425],[-2.4628,43.05425],[-2.46265,43.05421],[-2.46253,43.05419],[-2.46247,43.05421],[-2.46238,43.0543],[-2.46238,43.05437],[-2.46259,43.05487],[-2.4626,43.05491],[-2.4628,43.05539],[-2.46284,43.0555],[-2.46293,43.05557]]}},{"type":"Feature","properties":{"id":1165493632,"highway":"track"},"geometry":{"type":"LineString","coordinates":[[-2.48336,43.08013],[-2.48344,43.08021],[-2.48361,43.08027],[-2.48367,43.08031],[-2.48373,43.08036],[-2.48379,43.08039],[-2.48384,43.08042],[-2.48394,43.08047],[-2.48397,43.08051],[-2.48394,43.08053],[-2.48385,43.08054],[-2.48374,43.08053],[-2.48369,43.08054],[-2.4837,43.08059],[-2.48378,43.08064],[-2.48392,43.08067],[-2.48408,43.0807],[-2.4842,43.08072],[-2.48435,43.08075],[-2.48451,43.08076],[-2.48464,43.08079],[-2.48473,43.0808],[-2.4848,43.08082],[-2.48487,43.08088],[-2.48485,43.08096],[-2.48481,43.08099],[-2.48472,43.08101],[-2.48463,43.08103],[-2.48459,43.08104],[-2.48457,43.08108],[-2.48457,43.08111],[-2.4846,43.08115],[-2.48469,43.0812],[-2.4849,43.08129],[-2.48506,43.08137]]}},{"type":"Feature","properties":{"id":1178752273,"highway":"footway"},"geometry":{"type":"LineString","coordinates":[[-2.49831,43.06249],[-2.49832,43.06252],[-2.49833,43.06253],[-2.49833,43.06254],[-2.49834,43.06256]]}},{"type":"Feature","properties":{"id":1178752274,"highway":"footway"},"geometry":{"type":"LineString","coordinates":[[-2.4987,43.06216],[-2.49868,43.06218],[-2.49864,43.0622],[-2.49859,43.06223],[-2.49853,43.06225],[-2.49846,43.06226],[-2.49837,43.06227]]}},{"type":"Feature","properties":{"id":1178752275,"highway":"footway"},"geometry":{"type":"LineString","coordinates":[[-2.4984,43.06235],[-2.4984,43.06238]]}},{"type":"Feature","properties":{"id":1178752276,"highway":"footway","puente":"yes"},"geometry":{"type":"LineString","coordinates":[[-2.49837,43.06227],[-2.4984,43.06235]]}},{"type":"Feature","properties":{"id":1178752277,"highway":"service"},"geometry":{"type":"LineString","coordinates":[[-2.49804,43.06251],[-2.49794,43.06247],[-2.4978,43.06247],[-2.49768,43.06248],[-2.49751,43.06251]]}},{"type":"Feature","properties":{"id":1178752279,"highway":"steps"},"geometry":{"type":"LineString","coordinates":[[-2.49719,43.06532],[-2.49719,43.06512],[-2.49718,43.06493]]}},{"type":"Feature","properties":{"id":1178752280,"highway":"steps"},"geometry":{"type":"LineString","coordinates":[[-2.49661,43.06548],[-2.49643,43.06534],[-2.49626,43.06519]]}},{"type":"Feature","properties":{"id":1178752281,"highway":"service"},"geometry":{"type":"LineString","coordinates":[[-2.49544,43.06628],[-2.4955,43.06625],[-2.49553,43.06624]]}},{"type":"Feature","properties":{"id":1178752282,"highway":"footway"},"geometry":{"type":"LineString","coordinates":[[-2.48758,43.06713],[-2.48774,43.06698],[-2.4878,43.06692]]}},{"type":"Feature","properties":{"id":1178752283,"highway":"steps"},"geometry":{"type":"LineString","coordinates":[[-2.49826,43.06576],[-2.49825,43.06557]]}},{"type":"Feature","properties":{"id":1178752284,"highway":"steps"},"geometry":{"type":"LineString","coordinates":[[-2.49825,43.06486],[-2.49825,43.0648],[-2.49827,43.06479],[-2.49828,43.06477],[-2.49826,43.06475],[-2.49824,43.06472],[-2.49823,43.06468]]}},{"type":"Feature","properties":{"id":1178752285,"highway":"footway"},"geometry":{"type":"LineString","coordinates":[[-2.49723,43.06469],[-2.49726,43.0645]]}},{"type":"Feature","properties":{"id":1178752286,"highway":"footway"},"geometry":{"type":"LineString","coordinates":[[-2.4963,43.06466],[-2.49626,43.06461],[-2.49625,43.06458],[-2.49627,43.06457],[-2.49635,43.06456],[-2.49644,43.06454],[-2.49652,43.06453],[-2.49661,43.0645]]}},{"type":"Feature","properties":{"id":1178752287,"highway":"steps"},"geometry":{"type":"LineString","coordinates":[[-2.49661,43.0645],[-2.49664,43.06436]]}},{"type":"Feature","properties":{"id":1189840027,"highway":"track"},"geometry":{"type":"LineString","coordinates":[[-2.48473,43.07429],[-2.48475,43.07438],[-2.48484,43.07458],[-2.48488,43.07465],[-2.4849,43.07477],[-2.48488,43.07488],[-2.48482,43.07495],[-2.48474,43.07504],[-2.48469,43.07516],[-2.48464,43.07531],[-2.48464,43.07546],[-2.48468,43.07558],[-2.48476,43.07571],[-2.48483,43.0758],[-2.48498,43.07591],[-2.48511,43.07601],[-2.48529,43.07611]]}},{"type":"Feature","properties":{"id":1189840028,"highway":"track"},"geometry":{"type":"LineString","coordinates":[[-2.48434,43.07654],[-2.48419,43.07644],[-2.48413,43.07642],[-2.48404,43.07634],[-2.48396,43.07626],[-2.48386,43.07613],[-2.48381,43.076],[-2.48379,43.07587],[-2.48379,43.07572],[-2.48384,43.07553],[-2.48388,43.07542],[-2.48396,43.07528],[-2.48408,43.07514],[-2.48418,43.07504],[-2.48427,43.07495],[-2.48438,43.07482],[-2.48443,43.07472],[-2.48451,43.07455],[-2.4846,43.07441],[-2.48473,43.07429],[-2.48478,43.07425]]}},{"type":"Feature","properties":{"id":1189840029,"highway":"path"},"geometry":{"type":"LineString","coordinates":[[-2.4799,43.08346],[-2.47989,43.08352],[-2.47995,43.08357],[-2.48006,43.08357],[-2.48016,43.0836],[-2.48028,43.08363],[-2.4804,43.08366],[-2.48043,43.08371],[-2.4804,43.08375],[-2.4803,43.08379],[-2.48026,43.08384],[-2.48028,43.08389],[-2.48035,43.08395],[-2.4804,43.08402],[-2.48044,43.08407],[-2.48045,43.08411],[-2.48049,43.08413],[-2.48056,43.08413],[-2.48062,43.08413],[-2.48074,43.08415],[-2.48079,43.08419],[-2.48086,43.08421],[-2.48094,43.0842],[-2.48105,43.08421],[-2.48114,43.08423],[-2.48118,43.08427],[-2.48113,43.08431],[-2.48112,43.08435],[-2.48114,43.08438],[-2.48124,43.0844],[-2.48135,43.08442],[-2.48144,43.08445],[-2.48149,43.0845],[-2.48154,43.08453]]}},{"type":"Feature","properties":{"id":1189840030,"highway":"path"},"geometry":{"type":"LineString","coordinates":[[-2.48141,43.08783],[-2.48132,43.08782],[-2.48122,43.08782],[-2.48099,43.08778],[-2.48085,43.08779],[-2.48068,43.08775],[-2.48058,43.08773],[-2.48042,43.08771],[-2.48025,43.08769]]}},{"type":"Feature","properties":{"id":1189840031,"highway":"path"},"geometry":{"type":"LineString","coordinates":[[-2.48169,43.08787],[-2.48167,43.08785],[-2.48166,43.08778],[-2.48161,43.08776],[-2.48158,43.08773],[-2.48158,43.0877],[-2.4816,43.08766],[-2.48156,43.08762]]}},{"type":"Feature","properties":{"id":1189840032,"highway":"path"},"geometry":{"type":"LineString","coordinates":[[-2.48724,43.08371],[-2.48724,43.08367],[-2.48729,43.08358],[-2.48734,43.08349],[-2.48737,43.08341],[-2.48737,43.08329],[-2.48736,43.0832],[-2.48739,43.08305],[-2.48742,43.08293],[-2.48746,43.08284],[-2.48749,43.08274],[-2.48752,43.08266],[-2.48759,43.08257],[-2.48763,43.0825],[-2.48767,43.08236],[-2.48765,43.08223],[-2.48761,43.08211],[-2.48759,43.08203],[-2.4875,43.0819],[-2.48741,43.08181],[-2.48732,43.08174],[-2.48719,43.0816],[-2.4871,43.08147],[-2.48709,43.08136],[-2.487,43.08126],[-2.48693,43.08116],[-2.48686,43.08103],[-2.48681,43.0809],[-2.48679,43.08079],[-2.48677,43.08072],[-2.48671,43.08066],[-2.48658,43.08058],[-2.48644,43.08046],[-2.4863,43.0803],[-2.48624,43.08018],[-2.48617,43.08004],[-2.48611,43.07992],[-2.48607,43.07988],[-2.48601,43.07987],[-2.48598,43.07984],[-2.48593,43.07977],[-2.48587,43.07966],[-2.48584,43.07955],[-2.48585,43.07941],[-2.48582,43.07935],[-2.48578,43.07929],[-2.48569,43.07919],[-2.48558,43.07903],[-2.48555,43.07888],[-2.4855,43.07877],[-2.48543,43.0787],[-2.48536,43.07861],[-2.48535,43.07853],[-2.48531,43.07844],[-2.48523,43.07834],[-2.48509,43.07818],[-2.48497,43.07805],[-2.48486,43.0779],[-2.48471,43.0777],[-2.48467,43.07756],[-2.48464,43.07748],[-2.4846,43.07733],[-2.4846,43.07722],[-2.48465,43.07713],[-2.48469,43.07704],[-2.48469,43.07696],[-2.4846,43.07687],[-2.48454,43.07681],[-2.48447,43.07668],[-2.48441,43.0766],[-2.48434,43.07654]]}},{"type":"Feature","properties":{"id":1208533956,"highway":"service"},"geometry":{"type":"LineString","coordinates":[[-2.48499,43.04542],[-2.48525,43.04555],[-2.48548,43.04562],[-2.48557,43.04566],[-2.48574,43.04581],[-2.48582,43.04593],[-2.48589,43.04597],[-2.48596,43.04598],[-2.48599,43.04597],[-2.48602,43.04594],[-2.48602,43.04592]]}},{"type":"Feature","properties":{"id":1212896784,"highway":"residential","oneway":"yes"},"geometry":{"type":"LineString","coordinates":[[-2.48433,43.06462],[-2.48428,43.06467],[-2.48427,43.06468],[-2.48426,43.0647]]}},{"type":"Feature","properties":{"id":1212896785,"highway":"residential","nombre":"Euskal Herria plaza","oneway":"yes"},"geometry":{"type":"LineString","coordinates":[[-2.48416,43.06465],[-2.48423,43.06467],[-2.48426,43.0647]]}},{"type":"Feature","properties":{"id":1212896786,"highway":"residential","nombre":"Deba etorbidea","oneway":"yes","superficie":"asphalt"},"geometry":{"type":"LineString","coordinates":[[-2.48519,43.06448],[-2.48433,43.06462]]}},{"type":"Feature","properties":{"id":1212896787,"highway":"residential","nombre":"Deba etorbidea","oneway":"yes"},"geometry":{"type":"LineString","coordinates":[[-2.48433,43.06462],[-2.48416,43.06465]]}},{"type":"Feature","properties":{"id":1223067107,"highway":"service","nombre":"Musakola auzoa","oneway":"yes"},"geometry":{"type":"LineString","coordinates":[[-2.4645,43.07481],[-2.46446,43.07482],[-2.46435,43.07485],[-2.46429,43.07486]]}},{"type":"Feature","properties":{"id":1229109622,"highway":"track"},"geometry":{"type":"LineString","coordinates":[[-2.48398,43.08423],[-2.48429,43.08429],[-2.48455,43.08439],[-2.48496,43.08464],[-2.48529,43.08489],[-2.48554,43.08506],[-2.48562,43.08511],[-2.48643,43.0851],[-2.48685,43.08509],[-2.48709,43.08513],[-2.48735,43.08512],[-2.4877,43.08508],[-2.48799,43.08501],[-2.48815,43.08497],[-2.48824,43.08491],[-2.48828,43.08481],[-2.48827,43.08468],[-2.48832,43.08456],[-2.48839,43.08449],[-2.48851,43.08437],[-2.48858,43.0843],[-2.4887,43.0841],[-2.48886,43.08387]]}},{"type":"Feature","properties":{"id":1229109623,"highway":"track"},"geometry":{"type":"LineString","coordinates":[[-2.48886,43.08387],[-2.48894,43.08379],[-2.48896,43.08369],[-2.48901,43.08345],[-2.48904,43.08328],[-2.4891,43.0832],[-2.48912,43.08314],[-2.48912,43.08308],[-2.48911,43.08302],[-2.48909,43.08291],[-2.48907,43.08277],[-2.48909,43.08265],[-2.48913,43.0824],[-2.48913,43.08229],[-2.48916,43.08223],[-2.48926,43.08218]]}},{"type":"Feature","properties":{"id":1230562867,"highway":"service","oneway":"yes"},"geometry":{"type":"LineString","coordinates":[[-2.49808,43.04856],[-2.49767,43.04866],[-2.49747,43.04883],[-2.49759,43.04897]]}},{"type":"Feature","properties":{"id":1230562870,"highway":"service"},"geometry":{"type":"LineString","coordinates":[[-2.49403,43.05404],[-2.49397,43.05411],[-2.49378,43.05455],[-2.49347,43.0553]]}},{"type":"Feature","properties":{"id":1230562871,"highway":"service"},"geometry":{"type":"LineString","coordinates":[[-2.50404,43.05981],[-2.50365,43.05996],[-2.50357,43.05999],[-2.50351,43.05991]]}},{"type":"Feature","properties":{"id":1230562872,"highway":"secondary","ref":"GI-2620","superficie":"asphalt"},"geometry":{"type":"LineString","coordinates":[[-2.50433,43.06007],[-2.50418,43.05993],[-2.50404,43.05981],[-2.50388,43.05966]]}},{"type":"Feature","properties":{"id":1237863387,"highway":"residential","nombre":"San Frantzisko kalea","oneway":"yes"},"geometry":{"type":"LineString","coordinates":[[-2.48959,43.06712],[-2.48956,43.06706]]}},{"type":"Feature","properties":{"id":1249280601,"highway":"path"},"geometry":{"type":"LineString","coordinates":[[-2.5104,43.08765],[-2.5102,43.08773],[-2.51009,43.08788],[-2.50996,43.08796],[-2.50965,43.08786],[-2.50949,43.08783],[-2.50931,43.08791],[-2.5092,43.0879],[-2.50912,43.08803],[-2.50903,43.08804]]}},{"type":"Feature","properties":{"id":1249280602,"highway":"path"},"geometry":{"type":"LineString","coordinates":[[-2.52229,43.08616],[-2.52244,43.08621],[-2.5226,43.08642],[-2.52272,43.08658],[-2.52316,43.08671],[-2.52361,43.08696],[-2.52405,43.08699],[-2.52436,43.08698]]}},{"type":"Feature","properties":{"id":1249280603,"highway":"path"},"geometry":{"type":"LineString","coordinates":[[-2.51533,43.0833],[-2.51539,43.08382],[-2.51552,43.08404],[-2.51622,43.08394],[-2.51646,43.08406],[-2.51665,43.08428],[-2.5173,43.08419],[-2.51804,43.08472],[-2.51887,43.08519],[-2.51921,43.08559],[-2.51997,43.08603],[-2.52043,43.08661],[-2.52094,43.08702],[-2.52076,43.08673],[-2.52046,43.08638],[-2.52039,43.08603],[-2.5208,43.08634],[-2.52112,43.08666],[-2.52168,43.08691],[-2.52219,43.08727],[-2.52271,43.08736],[-2.5229,43.08734],[-2.52272,43.08707],[-2.52298,43.08717],[-2.52313,43.08728],[-2.5229,43.087],[-2.52273,43.08687],[-2.52298,43.08693],[-2.52276,43.08676],[-2.52256,43.0866],[-2.52239,43.0864],[-2.52229,43.08616],[-2.5222,43.08602],[-2.52207,43.08587],[-2.52199,43.08561],[-2.52203,43.08536],[-2.52208,43.08521],[-2.52212,43.08499],[-2.52251,43.08471],[-2.52267,43.08459]]}},{"type":"Feature","properties":{"id":1249280604,"highway":"path"},"geometry":{"type":"LineString","coordinates":[[-2.51437,43.08259],[-2.5146,43.08269],[-2.51488,43.08291],[-2.51509,43.08307],[-2.51533,43.0833],[-2.51582,43.08348],[-2.51621,43.08345],[-2.5165,43.08349],[-2.51661,43.08349],[-2.51653,43.08336],[-2.51672,43.08338],[-2.51661,43.08299],[-2.51665,43.08274],[-2.51669,43.08254],[-2.517,43.0824],[-2.51719,43.08231],[-2.51711,43.08195],[-2.51728,43.08162],[-2.51739,43.08145],[-2.51742,43.08132],[-2.51772,43.08127],[-2.51791,43.08109],[-2.51794,43.08101],[-2.51803,43.08101],[-2.51813,43.08091]]}},{"type":"Feature","properties":{"id":1249280605,"highway":"path","nombre":"Kanpazar-Udalatx bidea"},"geometry":{"type":"LineString","coordinates":[[-2.50751,43.08926],[-2.50786,43.08933],[-2.50796,43.08938],[-2.50811,43.08941],[-2.50829,43.08944],[-2.50847,43.08947],[-2.50868,43.08948],[-2.50888,43.0895],[-2.5089,43.08953],[-2.509,43.08954],[-2.50913,43.08961],[-2.5093,43.08969],[-2.50942,43.08975],[-2.50954,43.08973],[-2.50964,43.08979],[-2.50978,43.08985],[-2.50988,43.08985],[-2.51005,43.08993],[-2.5101,43.08989],[-2.51023,43.08996],[-2.51025,43.08993],[-2.51029,43.08988],[-2.51039,43.08984],[-2.51043,43.08985],[-2.5105,43.08991],[-2.51057,43.08994],[-2.51066,43.08994],[-2.51068,43.08998],[-2.51073,43.08996],[-2.51076,43.08998],[-2.51086,43.08996],[-2.51093,43.08999],[-2.51103,43.09003],[-2.51114,43.08999],[-2.51115,43.08994],[-2.51122,43.08992],[-2.5113,43.08994],[-2.51135,43.08992],[-2.51148,43.08996],[-2.51153,43.09],[-2.51156,43.09002],[-2.5116,43.09004],[-2.51162,43.08998],[-2.51169,43.08997],[-2.51173,43.08997],[-2.51174,43.08994],[-2.51177,43.08992],[-2.51181,43.08992],[-2.51181,43.08989],[-2.51186,43.08988],[-2.51193,43.08984],[-2.51197,43.08979],[-2.51206,43.08975],[-2.51214,43.08972],[-2.51219,43.08965],[-2.51222,43.08964],[-2.51233,43.08965],[-2.51237,43.08964],[-2.51232,43.08953],[-2.51237,43.08944],[-2.51243,43.08937],[-2.51257,43.08926],[-2.51264,43.08924],[-2.51268,43.08925],[-2.5127,43.08927]]}},{"type":"Feature","properties":{"id":1249280606,"highway":"path"},"geometry":{"type":"LineString","coordinates":[[-2.51487,43.09021],[-2.51479,43.09009],[-2.51456,43.09004],[-2.5143,43.08984],[-2.51401,43.08966],[-2.5138,43.08951],[-2.51361,43.08943],[-2.5134,43.08938],[-2.51321,43.08934],[-2.51301,43.08932]]}},{"type":"Feature","properties":{"id":1249280608,"highway":"path"},"geometry":{"type":"LineString","coordinates":[[-2.5278,43.09481],[-2.52766,43.09484],[-2.52727,43.09495],[-2.52689,43.09503],[-2.52647,43.09499],[-2.5263,43.09491],[-2.52606,43.09487],[-2.52586,43.09487],[-2.52571,43.09487],[-2.52552,43.09499],[-2.52534,43.09495],[-2.52517,43.09479],[-2.52497,43.09472],[-2.52465,43.09467],[-2.52424,43.09457],[-2.52394,43.0945],[-2.5237,43.0944],[-2.52348,43.09435],[-2.52335,43.09429],[-2.52319,43.09429],[-2.523,43.0943]]}},{"type":"Feature","properties":{"id":1252779383,"highway":"cycleway"},"geometry":{"type":"LineString","coordinates":[[-2.48551,43.06571],[-2.48547,43.06569],[-2.48546,43.06537],[-2.48546,43.06534],[-2.4854,43.06521],[-2.4854,43.06517],[-2.48539,43.06495],[-2.48539,43.06493],[-2.48539,43.06459],[-2.48539,43.06445],[-2.48541,43.0644]]}},{"type":"Feature","properties":{"id":1259442921,"highway":"service"},"geometry":{"type":"LineString","coordinates":[[-2.49287,43.05882],[-2.49285,43.0588],[-2.49284,43.05874],[-2.49286,43.05858],[-2.49291,43.05852],[-2.49297,43.05825]]}},{"type":"Feature","properties":{"id":1259442922,"highway":"footway"},"geometry":{"type":"LineString","coordinates":[[-2.49348,43.05805],[-2.49337,43.05792]]}},{"type":"Feature","properties":{"id":1259442923,"highway":"service"},"geometry":{"type":"LineString","coordinates":[[-2.49299,43.05817],[-2.49302,43.05804],[-2.49309,43.05797],[-2.49315,43.05793],[-2.4932,43.05792],[-2.49324,43.05791],[-2.49329,43.05791],[-2.49337,43.05792]]}},{"type":"Feature","properties":{"id":1259442924,"highway":"service","puente":"yes"},"geometry":{"type":"LineString","coordinates":[[-2.49297,43.05825],[-2.49299,43.05817]]}},{"type":"Feature","properties":{"id":1259442925,"highway":"footway"},"geometry":{"type":"LineString","coordinates":[[-2.49364,43.05822],[-2.49355,43.05813]]}},{"type":"Feature","properties":{"id":1259442926,"highway":"footway","puente":"yes"},"geometry":{"type":"LineString","coordinates":[[-2.49355,43.05813],[-2.49348,43.05805]]}},{"type":"Feature","properties":{"id":1259442927,"highway":"service"},"geometry":{"type":"LineString","coordinates":[[-2.4932,43.05792],[-2.49317,43.05783],[-2.49319,43.05771],[-2.4932,43.05766],[-2.4932,43.05763],[-2.49314,43.05758],[-2.4931,43.05757]]}},{"type":"Feature","properties":{"id":1259525235,"highway":"service","oneway":"yes","superficie":"asphalt"},"geometry":{"type":"LineString","coordinates":[[-2.48175,43.06343],[-2.48175,43.06335],[-2.48173,43.06329],[-2.48171,43.06326],[-2.48165,43.06323]]}},{"type":"Feature","properties":{"id":1259525237,"highway":"pedestrian","nombre":"Elma kalea"},"geometry":{"type":"LineString","coordinates":[[-2.48423,43.06563],[-2.48412,43.0653],[-2.48366,43.06537],[-2.48349,43.06482]]}},{"type":"Feature","properties":{"id":1259525238,"highway":"pedestrian","nombre":"Elma kalea"},"geometry":{"type":"LineString","coordinates":[[-2.48366,43.06537],[-2.48373,43.06559]]}},{"type":"Feature","properties":{"id":1259525242,"highway":"footway","nombre":"Gernika ibilbidea"},"geometry":{"type":"LineString","coordinates":[[-2.47732,43.06984],[-2.47733,43.06982],[-2.47733,43.0698],[-2.47733,43.06978],[-2.47732,43.06977],[-2.4773,43.06976],[-2.47728,43.06975],[-2.47725,43.06975],[-2.47723,43.06975],[-2.4772,43.06976],[-2.47719,43.06978],[-2.47718,43.06979],[-2.47718,43.06981],[-2.47719,43.06983],[-2.4772,43.06984],[-2.47723,43.06985],[-2.47725,43.06986],[-2.47728,43.06986],[-2.4773,43.06985],[-2.47732,43.06984]]}},{"type":"Feature","properties":{"id":1259525243,"highway":"service"},"geometry":{"type":"LineString","coordinates":[[-2.47578,43.0694],[-2.47584,43.06941],[-2.4762,43.06952]]}},{"type":"Feature","properties":{"id":1259525244,"highway":"path"},"geometry":{"type":"LineString","coordinates":[[-2.45467,43.07348],[-2.45497,43.0735],[-2.45516,43.07349],[-2.45532,43.07348],[-2.45546,43.07343],[-2.45559,43.07331],[-2.45585,43.0732],[-2.4561,43.07309],[-2.45644,43.07288],[-2.45694,43.07257],[-2.45724,43.07248],[-2.45751,43.07243],[-2.45796,43.07223],[-2.45841,43.07206],[-2.45845,43.07203],[-2.45865,43.0719],[-2.45878,43.07163],[-2.45876,43.07136],[-2.4587,43.07113],[-2.45852,43.07097],[-2.45837,43.07086],[-2.45825,43.0707],[-2.45821,43.07056],[-2.45825,43.07041],[-2.4583,43.0703],[-2.45834,43.07022],[-2.45836,43.07006],[-2.45824,43.07016],[-2.45817,43.07022],[-2.45792,43.07031],[-2.4576,43.07037],[-2.45753,43.07042],[-2.45735,43.07043],[-2.45723,43.07038],[-2.45715,43.07032]]}},{"type":"Feature","properties":{"id":1259525245,"highway":"track"},"geometry":{"type":"LineString","coordinates":[[-2.46309,43.07257],[-2.46295,43.07229],[-2.46289,43.07218],[-2.46284,43.0721],[-2.46278,43.07188],[-2.46278,43.07165],[-2.46271,43.07147],[-2.46263,43.07167],[-2.46254,43.07188],[-2.46236,43.07212],[-2.46225,43.07222],[-2.46206,43.0723],[-2.46189,43.07236],[-2.46169,43.07242],[-2.46158,43.07248],[-2.46137,43.07257],[-2.46143,43.07242],[-2.46164,43.07227],[-2.46179,43.07214],[-2.46192,43.07198],[-2.46191,43.07184],[-2.46183,43.07175],[-2.46167,43.07164]]}},{"type":"Feature","properties":{"id":1259525246,"highway":"track"},"geometry":{"type":"LineString","coordinates":[[-2.46271,43.07147],[-2.46259,43.07133],[-2.46252,43.07127],[-2.46242,43.07125],[-2.46231,43.07127],[-2.46204,43.07134],[-2.4618,43.07143],[-2.46166,43.07148],[-2.46161,43.07153],[-2.46167,43.07164]]}},{"type":"Feature","properties":{"id":1259525247,"highway":"path"},"geometry":{"type":"LineString","coordinates":[[-2.45728,43.07396],[-2.45718,43.07402],[-2.45705,43.07403],[-2.45686,43.07402],[-2.45673,43.074],[-2.45659,43.07404],[-2.45651,43.07409],[-2.45642,43.07417],[-2.45635,43.07426],[-2.45627,43.0744],[-2.45619,43.07456],[-2.45613,43.07465],[-2.45607,43.07468],[-2.45599,43.07469],[-2.45593,43.07468],[-2.45572,43.07451],[-2.45564,43.07443],[-2.45557,43.07439],[-2.45547,43.07434],[-2.45537,43.0743],[-2.45523,43.07427],[-2.45512,43.07426],[-2.455,43.07427],[-2.4551,43.0742],[-2.45529,43.0742],[-2.45565,43.07415],[-2.45562,43.07411],[-2.45543,43.07404],[-2.45509,43.07389]]}},{"type":"Feature","properties":{"id":1259525248,"highway":"service","superficie":"ground"},"geometry":{"type":"LineString","coordinates":[[-2.4822,43.06271],[-2.48208,43.06269],[-2.48201,43.06294]]}},{"type":"Feature","properties":{"id":1259525249,"highway":"service","superficie":"ground"},"geometry":{"type":"LineString","coordinates":[[-2.48208,43.06269],[-2.48188,43.06266],[-2.48185,43.06275],[-2.48181,43.06293]]}},{"type":"Feature","properties":{"id":1259525250,"highway":"service","superficie":"ground"},"geometry":{"type":"LineString","coordinates":[[-2.48185,43.06275],[-2.48166,43.06272],[-2.48161,43.06292]]}},{"type":"Feature","properties":{"id":1259525253,"highway":"service","oneway":"yes"},"geometry":{"type":"LineString","coordinates":[[-2.49382,43.05839],[-2.49377,43.05843],[-2.49369,43.05846],[-2.4936,43.05848],[-2.49354,43.05848],[-2.49347,43.05847],[-2.4934,43.05845]]}},{"type":"Feature","properties":{"id":1259645626,"highway":"service"},"geometry":{"type":"LineString","coordinates":[[-2.47729,43.06829],[-2.47737,43.06819]]}},{"type":"Feature","properties":{"id":1259645627,"highway":"service"},"geometry":{"type":"LineString","coordinates":[[-2.47774,43.06847],[-2.47763,43.06861]]}},{"type":"Feature","properties":{"id":1259645629,"highway":"service"},"geometry":{"type":"LineString","coordinates":[[-2.47787,43.06744],[-2.47792,43.06748],[-2.47812,43.06764],[-2.47794,43.06777]]}},{"type":"Feature","properties":{"id":1259645630,"highway":"service"},"geometry":{"type":"LineString","coordinates":[[-2.47864,43.0696],[-2.4787,43.0696],[-2.47877,43.06957],[-2.4789,43.06945],[-2.479,43.06941],[-2.47914,43.06933],[-2.47925,43.06939],[-2.47936,43.06931],[-2.47944,43.06925],[-2.47946,43.06924],[-2.47951,43.06925],[-2.47956,43.06926],[-2.47961,43.06925],[-2.47962,43.06924],[-2.47962,43.06922],[-2.47961,43.0692],[-2.4796,43.06917],[-2.47959,43.06914],[-2.4797,43.06902]]}},{"type":"Feature","properties":{"id":1259645631,"highway":"service"},"geometry":{"type":"LineString","coordinates":[[-2.479,43.06941],[-2.47898,43.06949],[-2.47881,43.06963],[-2.47874,43.06969]]}},{"type":"Feature","properties":{"id":1259645636,"highway":"service"},"geometry":{"type":"LineString","coordinates":[[-2.4769,43.06811],[-2.477,43.06819],[-2.47692,43.06826]]}},{"type":"Feature","properties":{"id":1259669717,"highway":"pedestrian"},"geometry":{"type":"LineString","coordinates":[[-2.4912,43.06541],[-2.49135,43.06556],[-2.49146,43.06567]]}},{"type":"Feature","properties":{"id":1259712732,"highway":"footway"},"geometry":{"type":"LineString","coordinates":[[-2.4922,43.06343],[-2.49211,43.06332]]}},{"type":"Feature","properties":{"id":1259712733,"highway":"footway"},"geometry":{"type":"LineString","coordinates":[[-2.49435,43.06208],[-2.49446,43.06207],[-2.49452,43.06212]]}},{"type":"Feature","properties":{"id":1259718548,"highway":"path"},"geometry":{"type":"LineString","coordinates":[[-2.48891,43.06107],[-2.48891,43.06103],[-2.48889,43.061],[-2.48885,43.06095],[-2.48869,43.06086],[-2.48859,43.06082],[-2.48851,43.06079],[-2.48848,43.06077],[-2.48845,43.06071],[-2.48842,43.06069],[-2.48836,43.06066],[-2.48828,43.0606],[-2.48823,43.06055],[-2.48818,43.06054],[-2.48813,43.06051],[-2.48792,43.06043],[-2.48786,43.0604],[-2.48786,43.06035],[-2.48788,43.06029],[-2.48788,43.06022],[-2.48783,43.06016],[-2.48771,43.0601],[-2.48759,43.06002],[-2.48754,43.05997],[-2.48749,43.05989],[-2.4874,43.05975],[-2.48734,43.05964]]}},{"type":"Feature","properties":{"id":1259718549,"highway":"path"},"geometry":{"type":"LineString","coordinates":[[-2.48658,43.05939],[-2.48661,43.05934],[-2.48662,43.05929],[-2.48663,43.05924],[-2.48663,43.0592],[-2.48664,43.05916],[-2.48666,43.05908],[-2.48666,43.05904],[-2.48663,43.05902],[-2.4866,43.05899],[-2.48653,43.05896],[-2.48649,43.05894],[-2.48646,43.0589],[-2.48645,43.05886],[-2.48646,43.05882],[-2.48645,43.05879],[-2.48641,43.05876],[-2.48638,43.05875],[-2.48633,43.05872],[-2.48632,43.05864],[-2.4863,43.0586],[-2.48615,43.05853],[-2.48606,43.05849],[-2.48605,43.05847],[-2.48605,43.0584],[-2.48603,43.05837],[-2.48599,43.05833],[-2.48587,43.0583],[-2.48579,43.05825],[-2.48576,43.0582],[-2.48572,43.05814],[-2.48554,43.05795],[-2.48546,43.05787],[-2.48536,43.05781],[-2.48517,43.05764],[-2.48512,43.05756],[-2.4851,43.05752],[-2.48502,43.05748]]}},{"type":"Feature","properties":{"id":1259718550,"highway":"path"},"geometry":{"type":"LineString","coordinates":[[-2.47633,43.06161],[-2.47628,43.06149],[-2.47615,43.0613],[-2.47612,43.06116],[-2.47612,43.0609],[-2.47606,43.0607],[-2.47604,43.06058],[-2.47604,43.0605],[-2.47615,43.06035],[-2.47633,43.0602],[-2.47652,43.05998],[-2.47668,43.0598],[-2.47716,43.05951],[-2.47733,43.05943],[-2.47759,43.05935],[-2.47796,43.0591],[-2.47821,43.05898],[-2.47832,43.05891],[-2.47835,43.05884],[-2.47836,43.05878],[-2.47833,43.05871],[-2.47824,43.05869],[-2.47811,43.0587],[-2.47798,43.05872],[-2.47791,43.05871],[-2.47778,43.05865],[-2.47762,43.05859],[-2.47749,43.05853],[-2.47737,43.05849],[-2.47728,43.05841],[-2.47724,43.05836],[-2.47716,43.05816],[-2.4771,43.05805]]}},{"type":"Feature","properties":{"id":1259718551,"highway":"track"},"geometry":{"type":"LineString","coordinates":[[-2.46583,43.06117],[-2.46559,43.06127],[-2.46544,43.06143],[-2.46522,43.06158],[-2.46491,43.06188],[-2.46463,43.06215],[-2.46439,43.06238],[-2.46417,43.06271],[-2.46364,43.06305],[-2.46324,43.06333],[-2.46302,43.06353],[-2.46303,43.0638],[-2.46295,43.06386],[-2.46282,43.06389],[-2.46228,43.06399],[-2.46186,43.06408],[-2.46166,43.06416],[-2.46143,43.06411],[-2.46116,43.06404],[-2.46104,43.064]]}},{"type":"Feature","properties":{"id":1259718552,"highway":"path"},"geometry":{"type":"LineString","coordinates":[[-2.46161,43.07153],[-2.46135,43.0714],[-2.46101,43.0713],[-2.46085,43.07124],[-2.46069,43.07116],[-2.46061,43.07105],[-2.46061,43.07092],[-2.46061,43.0708],[-2.46054,43.07068],[-2.46044,43.07061],[-2.46035,43.07056],[-2.46024,43.07049],[-2.46009,43.07045],[-2.45997,43.07036],[-2.45986,43.07031],[-2.45974,43.07023],[-2.45974,43.07005],[-2.45965,43.06994],[-2.45954,43.06986],[-2.4595,43.06978],[-2.45951,43.06969],[-2.45952,43.06963],[-2.45959,43.06957],[-2.45965,43.06951],[-2.45969,43.06943],[-2.4597,43.06934],[-2.45963,43.06925],[-2.45955,43.06919],[-2.45953,43.06909],[-2.45959,43.06899],[-2.4597,43.06889],[-2.45983,43.06884],[-2.45992,43.06875],[-2.4601,43.06865],[-2.46016,43.06861],[-2.46019,43.06855],[-2.46019,43.06851],[-2.46015,43.06846],[-2.46009,43.06849],[-2.46003,43.06855],[-2.46,43.0686],[-2.45969,43.06868],[-2.45934,43.06873],[-2.45906,43.06878],[-2.45893,43.06886],[-2.45888,43.06894],[-2.45888,43.06905],[-2.45892,43.06918],[-2.45897,43.06929],[-2.45895,43.06937],[-2.45884,43.06945],[-2.45866,43.06961],[-2.45849,43.06979],[-2.45842,43.06989],[-2.45839,43.06997],[-2.45836,43.07006]]}},{"type":"Feature","properties":{"id":1259718556,"highway":"path"},"geometry":{"type":"LineString","coordinates":[[-2.45065,43.07511],[-2.45083,43.07521],[-2.45135,43.07534],[-2.45156,43.0754],[-2.45174,43.07543],[-2.45201,43.07542],[-2.4523,43.07531],[-2.45248,43.07523],[-2.45269,43.07508],[-2.45293,43.07484],[-2.45298,43.07469],[-2.45315,43.07461],[-2.45302,43.07492],[-2.4528,43.07527],[-2.45264,43.07556],[-2.45256,43.07566],[-2.4524,43.07577],[-2.45211,43.07583],[-2.45188,43.07584],[-2.4515,43.07583],[-2.45114,43.07583],[-2.45079,43.07583],[-2.45039,43.07583],[-2.45012,43.07579],[-2.44992,43.07578],[-2.44973,43.07573],[-2.44982,43.0758],[-2.45007,43.0759],[-2.45051,43.07606],[-2.45114,43.07628],[-2.45203,43.07654],[-2.45233,43.07662],[-2.45227,43.07665],[-2.45163,43.0766],[-2.45079,43.07657],[-2.45039,43.07652],[-2.44991,43.07654],[-2.44966,43.07654],[-2.44939,43.07657],[-2.44931,43.07663],[-2.44933,43.07669],[-2.44944,43.07674],[-2.44967,43.0768],[-2.45067,43.07692],[-2.45128,43.07704],[-2.45177,43.07719],[-2.45195,43.0773],[-2.45204,43.07736],[-2.45232,43.07758],[-2.45251,43.07761],[-2.45297,43.07751],[-2.45342,43.07735]]}},{"type":"Feature","properties":{"id":1259718557,"highway":"path"},"geometry":{"type":"LineString","coordinates":[[-2.45251,43.07761],[-2.4524,43.07776],[-2.45225,43.07792],[-2.45203,43.07802],[-2.45178,43.07806],[-2.4515,43.07813]]}},{"type":"Feature","properties":{"id":1259718558,"highway":"path"},"geometry":{"type":"LineString","coordinates":[[-2.45195,43.0773],[-2.45166,43.07727],[-2.45137,43.07731],[-2.45078,43.07748],[-2.45023,43.07773],[-2.45009,43.07781],[-2.44986,43.07793],[-2.45033,43.07792],[-2.45045,43.07792],[-2.45084,43.0779],[-2.45102,43.07793],[-2.45115,43.078],[-2.45129,43.07806],[-2.4515,43.07813],[-2.4519,43.07819],[-2.45198,43.07824]]}},{"type":"Feature","properties":{"id":1259718559,"highway":"track"},"geometry":{"type":"LineString","coordinates":[[-2.45198,43.07824],[-2.45175,43.07835],[-2.45141,43.07871],[-2.45118,43.07895],[-2.45114,43.07909],[-2.45122,43.07944],[-2.45125,43.07963],[-2.45131,43.07969],[-2.45137,43.07971],[-2.45155,43.0797],[-2.4518,43.07963],[-2.45204,43.0795],[-2.45212,43.07944],[-2.45225,43.07935],[-2.45256,43.07913],[-2.45271,43.07904],[-2.45297,43.0789],[-2.45307,43.07879],[-2.45334,43.0786],[-2.45368,43.07835],[-2.4539,43.07822],[-2.45422,43.07807],[-2.45439,43.07801],[-2.45455,43.07799],[-2.45468,43.07798],[-2.45475,43.07795],[-2.45492,43.07788],[-2.45504,43.07789],[-2.45512,43.07791],[-2.45543,43.07799]]}},{"type":"Feature","properties":{"id":1259718560,"highway":"path"},"geometry":{"type":"LineString","coordinates":[[-2.455,43.07427],[-2.45474,43.07439],[-2.45448,43.07451],[-2.45427,43.07457],[-2.45401,43.07457],[-2.4539,43.07458],[-2.45373,43.07464],[-2.45358,43.07484],[-2.45342,43.07518],[-2.45327,43.07559],[-2.4532,43.07583],[-2.45274,43.07634],[-2.45248,43.07657],[-2.45233,43.07662]]}},{"type":"Feature","properties":{"id":1259718561,"highway":"path"},"geometry":{"type":"LineString","coordinates":[[-2.45489,43.07383],[-2.45473,43.07398],[-2.45449,43.07405],[-2.45422,43.07414],[-2.45386,43.0743],[-2.45354,43.07442],[-2.45315,43.07461]]}},{"type":"Feature","properties":{"id":1262205825,"highway":"service"},"geometry":{"type":"LineString","coordinates":[[-2.49743,43.04895],[-2.49724,43.04882],[-2.49702,43.04869],[-2.49729,43.04867]]}},{"type":"Feature","properties":{"id":1262205827,"highway":"service"},"geometry":{"type":"LineString","coordinates":[[-2.47818,43.06717],[-2.47809,43.06711],[-2.47747,43.06664]]}},{"type":"Feature","properties":{"id":1262205830,"highway":"service","oneway":"yes"},"geometry":{"type":"LineString","coordinates":[[-2.47855,43.06681],[-2.47835,43.06694],[-2.47809,43.06711]]}},{"type":"Feature","properties":{"id":1264868153,"highway":"service","superficie":"asphalt"},"geometry":{"type":"LineString","coordinates":[[-2.47649,43.0632],[-2.47638,43.0631],[-2.47584,43.06288],[-2.47565,43.06313],[-2.47597,43.06326],[-2.47563,43.06383],[-2.47593,43.06394],[-2.47606,43.06393]]}},{"type":"Feature","properties":{"id":1268211452,"highway":"track"},"geometry":{"type":"MultiLineString","coordinates":[[[-2.46493,43.07873],[-2.46486,43.07882]],[[-2.46545,43.08078],[-2.46574,43.08086],[-2.46593,43.08096],[-2.46603,43.08107],[-2.46601,43.08133]],[[-2.46641,43.08193],[-2.46656,43.08203],[-2.46709,43.0823],[-2.46731,43.08257]],[[-2.46794,43.08325],[-2.46832,43.08364],[-2.46868,43.08416],[-2.46912,43.08463],[-2.46967,43.08503],[-2.47,43.08535],[-2.47008,43.08545],[-2.47011,43.08565]]]}},{"type":"Feature","properties":{"id":1268211464,"highway":"service","puente":"yes"},"geometry":{"type":"LineString","coordinates":[[-2.46264,43.07507],[-2.46251,43.07514]]}},{"type":"Feature","properties":{"id":1268211465,"highway":"service"},"geometry":{"type":"LineString","coordinates":[[-2.46251,43.07514],[-2.46248,43.07516]]}},{"type":"Feature","properties":{"id":1268211466,"highway":"cycleway","puente":"yes"},"geometry":{"type":"LineString","coordinates":[[-2.46264,43.07502],[-2.46256,43.07507],[-2.46253,43.07509]]}},{"type":"Feature","properties":{"id":1268211471,"highway":"service","nombre":"Musakola auzoa"},"geometry":{"type":"LineString","coordinates":[[-2.46458,43.07713],[-2.46464,43.07729],[-2.46473,43.07753],[-2.46481,43.07776],[-2.46481,43.07777]]}},{"type":"Feature","properties":{"id":1268211472,"highway":"service","nombre":"Musakola auzoa","puente":"yes"},"geometry":{"type":"LineString","coordinates":[[-2.46481,43.07777],[-2.4649,43.07797]]}},{"type":"Feature","properties":{"id":1268446677,"highway":"cycleway","nombre":"Vasco-Navarroaren bide berdea","izena_eu":"Vasco-Navarroaren bide berdea","nombre_es":"Via Verde del Vasco Navarro"},"geometry":{"type":"LineString","coordinates":[[-2.4714,43.07281],[-2.47135,43.07276],[-2.47121,43.07263],[-2.47113,43.07258]]}},{"type":"Feature","properties":{"id":1278478779,"highway":"track"},"geometry":{"type":"LineString","coordinates":[[-2.46604,43.06123],[-2.46604,43.06132],[-2.46598,43.06144],[-2.46594,43.06157],[-2.46591,43.06166],[-2.46595,43.06176],[-2.46597,43.06192],[-2.46597,43.06207],[-2.46589,43.06236],[-2.46579,43.06315],[-2.46573,43.06345],[-2.4656,43.06377],[-2.46566,43.06388],[-2.46587,43.06408],[-2.46598,43.06431],[-2.46605,43.06473],[-2.466,43.06497],[-2.46579,43.06553],[-2.46586,43.06583],[-2.46584,43.06611],[-2.46594,43.06647],[-2.46605,43.06662],[-2.46616,43.06673],[-2.46656,43.06702],[-2.46688,43.06739],[-2.46707,43.06786],[-2.46725,43.06832],[-2.4674,43.06875],[-2.46756,43.06922],[-2.46764,43.06957],[-2.46759,43.06969]]}},{"type":"Feature","properties":{"id":1278478780,"highway":"path"},"geometry":{"type":"LineString","coordinates":[[-2.46167,43.07164],[-2.4617,43.07185],[-2.46165,43.07195],[-2.46154,43.07202],[-2.46138,43.07202],[-2.46117,43.07199],[-2.46096,43.07199],[-2.4607,43.07201],[-2.46046,43.072],[-2.46017,43.072],[-2.46001,43.07201],[-2.45984,43.07201],[-2.45973,43.07199],[-2.45961,43.07198],[-2.45949,43.07201],[-2.45931,43.07205],[-2.45909,43.0721],[-2.45896,43.0721],[-2.45882,43.0721],[-2.4587,43.07209],[-2.45845,43.07203]]}},{"type":"Feature","properties":{"id":1278478781,"highway":"path"},"geometry":{"type":"LineString","coordinates":[[-2.46782,43.07008],[-2.46792,43.07012],[-2.46805,43.0702],[-2.4681,43.07021],[-2.46812,43.07024],[-2.46812,43.07027],[-2.46813,43.0703],[-2.46816,43.07032],[-2.46819,43.07032],[-2.4682,43.0703],[-2.4682,43.07025],[-2.46822,43.07021],[-2.46824,43.07019],[-2.46827,43.07018],[-2.4683,43.07019],[-2.4683,43.07023],[-2.46832,43.07026],[-2.46834,43.0703],[-2.46838,43.0703],[-2.46839,43.07027],[-2.46837,43.07024],[-2.46838,43.07021],[-2.46841,43.07018],[-2.46844,43.07018],[-2.46847,43.07019],[-2.46851,43.07021],[-2.46854,43.07021],[-2.4686,43.07021],[-2.46865,43.0702],[-2.46875,43.07016],[-2.46889,43.07005],[-2.46894,43.06997],[-2.469,43.06995],[-2.46905,43.06993],[-2.46905,43.06989],[-2.46906,43.06987],[-2.46909,43.06987],[-2.4691,43.06991],[-2.4691,43.06995],[-2.46913,43.06997],[-2.46916,43.06997],[-2.46919,43.06995],[-2.46921,43.06992],[-2.46922,43.06989],[-2.46922,43.06982],[-2.46919,43.06975],[-2.46924,43.06955],[-2.46934,43.06939],[-2.46937,43.06928],[-2.46929,43.06916],[-2.46919,43.06912],[-2.46909,43.0691],[-2.46905,43.06907],[-2.46905,43.06903],[-2.46911,43.069],[-2.46915,43.06895],[-2.46913,43.06889],[-2.4691,43.06886],[-2.46903,43.0688],[-2.46887,43.06864],[-2.46876,43.06848],[-2.46868,43.06823],[-2.46866,43.06813],[-2.46857,43.06794],[-2.46845,43.06784],[-2.46827,43.06767],[-2.46816,43.06759],[-2.46799,43.0675],[-2.46774,43.06743],[-2.46785,43.06777],[-2.46798,43.06806],[-2.46813,43.06818],[-2.46817,43.06825],[-2.4682,43.06831],[-2.46821,43.06844],[-2.4682,43.06884],[-2.46811,43.06913],[-2.46805,43.0692],[-2.46788,43.06937]]}},{"type":"Feature","properties":{"id":1278478782,"highway":"path"},"geometry":{"type":"LineString","coordinates":[[-2.4686,43.07021],[-2.46856,43.0703],[-2.46848,43.07034],[-2.46831,43.07039],[-2.46819,43.0704],[-2.46812,43.07043],[-2.46803,43.07047],[-2.46796,43.07048],[-2.46793,43.07048],[-2.46785,43.07052]]}},{"type":"Feature","properties":{"id":1278478783,"highway":"path"},"geometry":{"type":"LineString","coordinates":[[-2.46903,43.0688],[-2.46911,43.06876],[-2.46922,43.06874],[-2.46938,43.06873],[-2.46946,43.06873],[-2.46952,43.06875],[-2.46958,43.06877],[-2.46965,43.06881],[-2.46971,43.06887],[-2.46979,43.06891],[-2.46986,43.06895],[-2.46992,43.06895],[-2.46994,43.06893],[-2.46992,43.06888],[-2.46992,43.06882],[-2.46997,43.06879],[-2.47006,43.06876],[-2.47017,43.06874],[-2.47019,43.06869],[-2.47019,43.06866],[-2.47015,43.06857],[-2.4701,43.06851],[-2.47006,43.06847]]}},{"type":"Feature","properties":{"id":1278478784,"highway":"path"},"geometry":{"type":"LineString","coordinates":[[-2.47082,43.0667],[-2.47057,43.06699],[-2.47023,43.06725],[-2.47012,43.06731],[-2.47007,43.06732],[-2.47003,43.06732],[-2.46999,43.06732],[-2.46996,43.0673],[-2.46992,43.06723],[-2.4699,43.06719],[-2.4698,43.06711],[-2.46969,43.06703],[-2.46951,43.06694],[-2.46945,43.06691],[-2.46919,43.06675],[-2.46889,43.06642],[-2.46863,43.06613],[-2.46832,43.06577],[-2.46805,43.06542],[-2.46803,43.06526],[-2.46803,43.06511],[-2.468,43.06481],[-2.46799,43.06453],[-2.46799,43.06429],[-2.46808,43.06417],[-2.46811,43.06416],[-2.46826,43.06412],[-2.46876,43.06398],[-2.46916,43.06387],[-2.46941,43.0638],[-2.46909,43.06415],[-2.46896,43.06425],[-2.46895,43.06434],[-2.46893,43.06454],[-2.4689,43.06469],[-2.46889,43.06474],[-2.46894,43.06476]]}},{"type":"Feature","properties":{"id":1278478785,"highway":"track"},"geometry":{"type":"LineString","coordinates":[[-2.46894,43.06476],[-2.46902,43.06473],[-2.46929,43.06455],[-2.46961,43.06437],[-2.46995,43.06408],[-2.47036,43.06358],[-2.47051,43.0634],[-2.47064,43.06331],[-2.47085,43.06324]]}},{"type":"Feature","properties":{"id":1278478786,"highway":"path"},"geometry":{"type":"LineString","coordinates":[[-2.46811,43.06416],[-2.46781,43.06381],[-2.46739,43.06337],[-2.46723,43.06302],[-2.4671,43.06279],[-2.46685,43.06266],[-2.46663,43.06242],[-2.4665,43.06216],[-2.46637,43.06164],[-2.46633,43.06135],[-2.46632,43.06126]]}},{"type":"Feature","properties":{"id":1284850880,"highway":"pedestrian","nombre":"Seber Altube"},"geometry":{"type":"LineString","coordinates":[[-2.48954,43.06663],[-2.48953,43.06662],[-2.48933,43.06651],[-2.48931,43.06648],[-2.48913,43.06626]]}},{"type":"Feature","properties":{"id":1295419058,"highway":"service","superficie":"asphalt"},"geometry":{"type":"LineString","coordinates":[[-2.47968,43.06021],[-2.47972,43.06011],[-2.47979,43.05975],[-2.47979,43.05965],[-2.47981,43.05961],[-2.47986,43.05957],[-2.47994,43.05955]]}},{"type":"Feature","properties":{"id":1295419059,"highway":"service"},"geometry":{"type":"LineString","coordinates":[[-2.49251,43.05959],[-2.49247,43.05961],[-2.49243,43.05967]]}},{"type":"Feature","properties":{"id":1295419061,"highway":"service","puente":"yes"},"geometry":{"type":"LineString","coordinates":[[-2.49243,43.05967],[-2.49239,43.05974]]}},{"type":"Feature","properties":{"id":1295419063,"highway":"track"},"geometry":{"type":"LineString","coordinates":[[-2.49555,43.04969],[-2.49545,43.04953],[-2.49534,43.04927],[-2.49533,43.04925]]}},{"type":"Feature","properties":{"id":1295419064,"highway":"track","tunel":"yes"},"geometry":{"type":"LineString","coordinates":[[-2.49533,43.04925],[-2.49525,43.04913]]}},{"type":"Feature","properties":{"id":1300253653,"highway":"footway","puente":"yes"},"geometry":{"type":"LineString","coordinates":[[-2.49178,43.06255],[-2.49192,43.06254],[-2.49192,43.06258],[-2.49192,43.06262],[-2.49175,43.06262]]}},{"type":"Feature","properties":{"id":1300253654,"highway":"footway"},"geometry":{"type":"LineString","coordinates":[[-2.49158,43.06249],[-2.49162,43.06253],[-2.49171,43.06254],[-2.49178,43.06255]]}},{"type":"Feature","properties":{"id":1304921239,"highway":"residential","nombre":"San Andres kalea","oneway":"no"},"geometry":{"type":"LineString","coordinates":[[-2.49169,43.06126],[-2.49174,43.06124],[-2.49177,43.0612],[-2.49181,43.06115],[-2.49183,43.0611],[-2.49193,43.0609]]}},{"type":"Feature","properties":{"id":1304921240,"highway":"tertiary","nombre":"Araba etorbidea","superficie":"asphalt"},"geometry":{"type":"LineString","coordinates":[[-2.49275,43.05978],[-2.49274,43.05982],[-2.49273,43.05994],[-2.49263,43.06036],[-2.49259,43.06053],[-2.49253,43.06064],[-2.49247,43.06074],[-2.49245,43.06083],[-2.49245,43.06094]]}},{"type":"Feature","properties":{"id":1304921241,"highway":"tertiary","nombre":"Araba etorbidea","superficie":"asphalt"},"geometry":{"type":"LineString","coordinates":[[-2.49245,43.06097],[-2.49246,43.06104],[-2.49247,43.0611]]}},{"type":"Feature","properties":{"id":1304921242,"highway":"residential","nombre":"Doctor Bañez kalea","oneway":"yes"},"geometry":{"type":"LineString","coordinates":[[-2.4948,43.06037],[-2.4946,43.06034],[-2.49451,43.06034],[-2.49442,43.06038],[-2.4943,43.06048],[-2.49416,43.06065],[-2.49406,43.06076],[-2.49397,43.06086],[-2.49366,43.06123]]}},{"type":"Feature","properties":{"id":1304921243,"highway":"residential","nombre":"Doctor Bañez kalea","oneway":"yes"},"geometry":{"type":"LineString","coordinates":[[-2.49366,43.06123],[-2.4935,43.06143],[-2.49349,43.06145],[-2.49347,43.06147]]}},{"type":"Feature","properties":{"id":1304921244,"highway":"residential"},"geometry":{"type":"LineString","coordinates":[[-2.49444,43.06164],[-2.49448,43.06164],[-2.49452,43.06165]]}},{"type":"Feature","properties":{"id":1304921245,"highway":"tertiary","nombre":"17 Emakume kalea"},"geometry":{"type":"LineString","coordinates":[[-2.49464,43.06194],[-2.49463,43.06192],[-2.49458,43.06186],[-2.49455,43.06178],[-2.49453,43.06171],[-2.49452,43.06165]]}},{"type":"Feature","properties":{"id":1304921246,"highway":"residential","oneway":"yes"},"geometry":{"type":"LineString","coordinates":[[-2.49416,43.06148],[-2.49424,43.06151],[-2.49428,43.06154],[-2.49429,43.06155],[-2.49431,43.06157],[-2.49432,43.06158],[-2.49433,43.06159],[-2.49433,43.06161],[-2.49433,43.06163]]}},{"type":"Feature","properties":{"id":1304921247,"highway":"cycleway"},"geometry":{"type":"LineString","coordinates":[[-2.49349,43.06145],[-2.49354,43.06147],[-2.49356,43.06147],[-2.49358,43.06145],[-2.49365,43.06136],[-2.4937,43.06133],[-2.49373,43.06132],[-2.49377,43.06133],[-2.49389,43.06138],[-2.49408,43.06147],[-2.49411,43.06148],[-2.49414,43.0615],[-2.4942,43.06155],[-2.49424,43.06161],[-2.49426,43.06164]]}},{"type":"Feature","properties":{"id":1304921248,"highway":"residential","nombre":"Arrasate pasealekua","oneway":"no","superficie":"asphalt"},"geometry":{"type":"LineString","coordinates":[[-2.49461,43.06207],[-2.49458,43.06209],[-2.49456,43.0621]]}},{"type":"Feature","properties":{"id":1304921249,"highway":"cycleway"},"geometry":{"type":"LineString","coordinates":[[-2.49426,43.06164],[-2.49428,43.06166],[-2.49432,43.06169],[-2.49445,43.06179],[-2.49448,43.06182],[-2.4945,43.06187],[-2.49451,43.06198],[-2.49452,43.06204],[-2.49456,43.0621]]}},{"type":"Feature","properties":{"id":1304921250,"highway":"residential","nombre":"Arrasate pasealekua","oneway":"no","superficie":"asphalt"},"geometry":{"type":"LineString","coordinates":[[-2.49456,43.0621],[-2.49452,43.06212],[-2.49446,43.06215],[-2.49443,43.0622],[-2.49436,43.0623],[-2.49425,43.06248]]}},{"type":"Feature","properties":{"id":1304921251,"highway":"footway"},"geometry":{"type":"LineString","coordinates":[[-2.49425,43.06248],[-2.49437,43.06261],[-2.49458,43.06288],[-2.49467,43.063]]}},{"type":"Feature","properties":{"id":1304921252,"highway":"footway"},"geometry":{"type":"LineString","coordinates":[[-2.49467,43.063],[-2.49477,43.0631]]}},{"type":"Feature","properties":{"id":1304921253,"highway":"footway"},"geometry":{"type":"LineString","coordinates":[[-2.49477,43.0631],[-2.49489,43.06305],[-2.49491,43.06302],[-2.4951,43.06297],[-2.49518,43.06297],[-2.49526,43.06297],[-2.49543,43.06293],[-2.49559,43.06291],[-2.49569,43.06288]]}},{"type":"Feature","properties":{"id":1304921254,"highway":"footway"},"geometry":{"type":"LineString","coordinates":[[-2.49433,43.0648],[-2.49447,43.06477],[-2.4946,43.06473],[-2.49474,43.06468],[-2.49485,43.06459],[-2.49489,43.06452],[-2.49492,43.06444],[-2.49493,43.06426],[-2.4949,43.06416]]}},{"type":"Feature","properties":{"id":1304921255,"highway":"footway"},"geometry":{"type":"LineString","coordinates":[[-2.4949,43.06416],[-2.49488,43.06418],[-2.49444,43.06466],[-2.49433,43.0648]]}},{"type":"Feature","properties":{"id":1304923585,"highway":"footway"},"geometry":{"type":"LineString","coordinates":[[-2.49444,43.06497],[-2.49433,43.0648]]}},{"type":"Feature","properties":{"id":1304923586,"highway":"footway"},"geometry":{"type":"LineString","coordinates":[[-2.49433,43.0648],[-2.49428,43.06476]]}},{"type":"Feature","properties":{"id":1304923587,"highway":"footway"},"geometry":{"type":"LineString","coordinates":[[-2.49433,43.0648],[-2.49387,43.065]]}},{"type":"Feature","properties":{"id":1304923588,"highway":"residential","nombre":"Otalora lizentziaduna kalea","oneway":"yes"},"geometry":{"type":"LineString","coordinates":[[-2.49402,43.06499],[-2.49394,43.06498],[-2.49387,43.065]]}},{"type":"Feature","properties":{"id":1304923589,"highway":"residential","nombre":"Otalora lizentziaduna kalea","oneway":"yes","superficie":"asphalt"},"geometry":{"type":"LineString","coordinates":[[-2.49139,43.06632],[-2.49122,43.06643],[-2.49071,43.06667],[-2.49065,43.0667],[-2.48998,43.06699],[-2.48978,43.06708],[-2.48973,43.0671]]}},{"type":"Feature","properties":{"id":1304923590,"highway":"footway","nombre":"Gernika ibilbidea"},"geometry":{"type":"LineString","coordinates":[[-2.49125,43.0671],[-2.49126,43.06707],[-2.49129,43.06704],[-2.49139,43.067],[-2.49146,43.06697],[-2.49144,43.06689],[-2.4915,43.06682],[-2.49159,43.06674],[-2.49176,43.06664],[-2.49185,43.06663],[-2.49194,43.06663],[-2.49197,43.06661],[-2.49201,43.06658],[-2.49206,43.06652],[-2.49218,43.06643],[-2.49222,43.06641],[-2.49227,43.06639],[-2.49235,43.06639],[-2.49245,43.06637],[-2.49268,43.0663],[-2.49297,43.06616],[-2.49306,43.06612],[-2.49314,43.06605],[-2.49334,43.06593],[-2.49348,43.06587],[-2.49351,43.06587],[-2.49374,43.06582],[-2.49406,43.06574],[-2.49419,43.06575],[-2.49429,43.06577],[-2.49436,43.0658],[-2.49448,43.06586],[-2.4946,43.06597],[-2.49477,43.06617],[-2.49487,43.0663],[-2.49507,43.06647],[-2.49517,43.06657],[-2.4952,43.0666],[-2.49522,43.06661],[-2.49529,43.06659]]}},{"type":"Feature","properties":{"id":1304923591,"highway":"footway","nombre":"Gernika ibilbidea"},"geometry":{"type":"LineString","coordinates":[[-2.49591,43.06634],[-2.49593,43.06632],[-2.49593,43.0663],[-2.49587,43.06623],[-2.49571,43.06604],[-2.49563,43.06592],[-2.49561,43.06586]]}},{"type":"Feature","properties":{"id":1304923592,"highway":"path"},"geometry":{"type":"LineString","coordinates":[[-2.49831,43.06727],[-2.49825,43.06723],[-2.49814,43.06711],[-2.4981,43.06706],[-2.49807,43.067],[-2.49801,43.06694],[-2.49785,43.06683],[-2.49774,43.06675],[-2.49772,43.0667],[-2.49768,43.06667],[-2.49768,43.06664],[-2.49765,43.06662],[-2.49755,43.06659],[-2.49751,43.06657],[-2.4975,43.06655],[-2.49751,43.06647],[-2.49749,43.06641],[-2.49749,43.06638],[-2.49747,43.06635],[-2.49744,43.06633],[-2.49743,43.06629],[-2.49744,43.06624],[-2.4974,43.06617],[-2.49736,43.06613],[-2.49729,43.06611],[-2.4972,43.06611],[-2.49715,43.06611]]}},{"type":"Feature","properties":{"id":1304923593,"highway":"track","nombre":"Uribarri auzoa"},"geometry":{"type":"LineString","coordinates":[[-2.49812,43.06737],[-2.4982,43.06737],[-2.49828,43.06737],[-2.49838,43.06739]]}},{"type":"Feature","properties":{"id":1304923594,"highway":"track","nombre":"Uribarri auzoa"},"geometry":{"type":"LineString","coordinates":[[-2.50063,43.06944],[-2.50068,43.06948],[-2.50075,43.06955],[-2.50089,43.06966],[-2.50095,43.06972],[-2.501,43.0698],[-2.50104,43.06986]]}},{"type":"Feature","properties":{"id":1304923595,"highway":"track","nombre":"Udala auzoa"},"geometry":{"type":"LineString","coordinates":[[-2.51195,43.076],[-2.51195,43.07604],[-2.51196,43.0761],[-2.51201,43.07622],[-2.51206,43.0763],[-2.51216,43.07645],[-2.51227,43.07661],[-2.51238,43.07676],[-2.51248,43.07687]]}},{"type":"Feature","properties":{"id":1305261966,"highway":"footway"},"geometry":{"type":"LineString","coordinates":[[-2.49139,43.06632],[-2.49144,43.06636],[-2.49147,43.06639]]}},{"type":"Feature","properties":{"id":1305261967,"highway":"pedestrian"},"geometry":{"type":"LineString","coordinates":[[-2.49147,43.06639],[-2.49142,43.06653]]}},{"type":"Feature","properties":{"id":1306124397,"highway":"footway"},"geometry":{"type":"LineString","coordinates":[[-2.49297,43.06381],[-2.49293,43.06381],[-2.49289,43.06381],[-2.49285,43.06406],[-2.49277,43.06415],[-2.4927,43.06421],[-2.49267,43.06428],[-2.49266,43.06441],[-2.49263,43.06445],[-2.4926,43.06448],[-2.49271,43.06447],[-2.49279,43.0645],[-2.49289,43.06453]]}},{"type":"Feature","properties":{"id":1306124401,"highway":"steps"},"geometry":{"type":"LineString","coordinates":[[-2.49233,43.06548],[-2.49235,43.06551],[-2.49239,43.06549],[-2.4924,43.06551],[-2.49236,43.06552],[-2.49237,43.06553],[-2.49241,43.06552],[-2.49242,43.06553],[-2.49238,43.06555],[-2.49239,43.06556],[-2.49243,43.06554],[-2.49245,43.06556]]}},{"type":"Feature","properties":{"id":1312629775,"highway":"service"},"geometry":{"type":"LineString","coordinates":[[-2.53228,43.06141],[-2.53234,43.06148]]}},{"type":"Feature","properties":{"id":1312629776,"highway":"service"},"geometry":{"type":"LineString","coordinates":[[-2.53242,43.06155],[-2.53248,43.06161],[-2.53256,43.06169]]}},{"type":"Feature","properties":{"id":1312629777,"highway":"service","puente":"yes"},"geometry":{"type":"LineString","coordinates":[[-2.53234,43.06148],[-2.53242,43.06155]]}},{"type":"Feature","properties":{"id":1312629780,"highway":"track"},"geometry":{"type":"LineString","coordinates":[[-2.5408,43.06277],[-2.54073,43.06275],[-2.54042,43.06272],[-2.54003,43.0627],[-2.53958,43.06261],[-2.53935,43.06258],[-2.539,43.06256],[-2.53887,43.06254],[-2.53838,43.06236],[-2.53777,43.06213],[-2.53764,43.06205],[-2.53734,43.06159],[-2.53732,43.06153],[-2.5374,43.06148],[-2.53763,43.06141],[-2.53788,43.0613]]}},{"type":"Feature","properties":{"id":1331557790,"highway":"path"},"geometry":{"type":"LineString","coordinates":[[-2.54114,43.06531],[-2.54113,43.06561],[-2.54127,43.0658],[-2.54144,43.06613],[-2.54165,43.06639],[-2.54168,43.06652],[-2.54172,43.06663],[-2.54173,43.06673],[-2.54162,43.06686],[-2.54158,43.06693],[-2.54158,43.06701],[-2.54156,43.06716],[-2.54152,43.06711],[-2.54147,43.06702],[-2.54145,43.06698],[-2.54144,43.06691],[-2.54144,43.06683],[-2.54145,43.06677],[-2.54148,43.0667],[-2.54149,43.06666],[-2.54149,43.06661],[-2.54148,43.06657],[-2.54146,43.06656],[-2.54139,43.06654],[-2.54133,43.06653],[-2.54123,43.06651],[-2.54109,43.0665],[-2.54102,43.06649],[-2.54096,43.06646],[-2.54091,43.06644],[-2.54085,43.06644],[-2.54081,43.06644],[-2.54079,43.06647],[-2.54079,43.06651],[-2.5408,43.06654],[-2.54083,43.06659],[-2.54086,43.06663],[-2.54087,43.06667],[-2.54085,43.06673],[-2.54082,43.0668],[-2.54079,43.06688],[-2.54071,43.06707],[-2.5407,43.06712],[-2.54067,43.06715],[-2.54063,43.06715],[-2.5406,43.06713],[-2.5406,43.06706],[-2.5406,43.06691],[-2.54057,43.0668],[-2.5405,43.06672],[-2.54039,43.06662],[-2.54034,43.06659],[-2.54027,43.06656],[-2.54021,43.06655],[-2.54017,43.06655],[-2.54007,43.06659],[-2.54004,43.0666]]}},{"type":"Feature","properties":{"id":1331557791,"highway":"service","nombre":"Gesalibar auzoa"},"geometry":{"type":"LineString","coordinates":[[-2.53546,43.06357],[-2.53561,43.06362],[-2.53587,43.06371],[-2.53596,43.06373],[-2.53604,43.06374]]}},{"type":"Feature","properties":{"id":1331557794,"highway":"path"},"geometry":{"type":"LineString","coordinates":[[-2.52862,43.05196],[-2.52851,43.05203]]}},{"type":"Feature","properties":{"id":1331557795,"highway":"path"},"geometry":{"type":"LineString","coordinates":[[-2.5286,43.05207],[-2.52847,43.05214],[-2.52821,43.05224],[-2.52798,43.05239]]}},{"type":"Feature","properties":{"id":1331579203,"highway":"unclassified"},"geometry":{"type":"LineString","coordinates":[[-2.52519,43.0673],[-2.52531,43.06734],[-2.52536,43.06735],[-2.52543,43.06741],[-2.52542,43.06748],[-2.52527,43.06764],[-2.52516,43.06777],[-2.52513,43.06784],[-2.52518,43.06793],[-2.5253,43.06805]]}},{"type":"Feature","properties":{"id":1331579204,"highway":"unclassified","puente":"yes"},"geometry":{"type":"LineString","coordinates":[[-2.5253,43.06805],[-2.52546,43.0682]]}},{"type":"Feature","properties":{"id":1331579205,"highway":"service"},"geometry":{"type":"LineString","coordinates":[[-2.52076,43.07218],[-2.52066,43.07213],[-2.5206,43.0721],[-2.52057,43.07208],[-2.52052,43.07202],[-2.52049,43.07198],[-2.52048,43.07194]]}},{"type":"Feature","properties":{"id":1331579206,"highway":"residential","nombre":"Garagartza auzoa"},"geometry":{"type":"LineString","coordinates":[[-2.5202,43.06997],[-2.52013,43.06995],[-2.52006,43.06993],[-2.52001,43.06992],[-2.51997,43.06992]]}},{"type":"Feature","properties":{"id":1331579209,"highway":"footway"},"geometry":{"type":"LineString","coordinates":[[-2.51924,43.06907],[-2.51937,43.06907],[-2.51948,43.06906],[-2.51955,43.06904],[-2.51958,43.06902],[-2.51961,43.06901],[-2.51964,43.06898]]}},{"type":"Feature","properties":{"id":1331579210,"highway":"service"},"geometry":{"type":"LineString","coordinates":[[-2.5199,43.06866],[-2.51995,43.0687],[-2.51999,43.06871],[-2.52006,43.06873],[-2.52009,43.06874]]}},{"type":"Feature","properties":{"id":1331579211,"highway":"unclassified","nombre":"Gesalibar auzoa"},"geometry":{"type":"LineString","coordinates":[[-2.52752,43.0673],[-2.52755,43.06727],[-2.52756,43.06722],[-2.52757,43.06712],[-2.52756,43.06705]]}},{"type":"Feature","properties":{"id":1331579212,"highway":"unclassified","nombre":"Gesalibar auzoa","puente":"yes"},"geometry":{"type":"LineString","coordinates":[[-2.52756,43.06705],[-2.52752,43.06698]]}},{"type":"Feature","properties":{"id":1331579214,"highway":"service"},"geometry":{"type":"LineString","coordinates":[[-2.52786,43.06582],[-2.52784,43.06586],[-2.52782,43.06589],[-2.52778,43.0659],[-2.52771,43.0659],[-2.52768,43.06589],[-2.52764,43.0659],[-2.52678,43.06643],[-2.52674,43.06643],[-2.52669,43.06642],[-2.52666,43.06637],[-2.52664,43.06633],[-2.52661,43.0663],[-2.52658,43.06627]]}},{"type":"Feature","properties":{"id":1331624029,"highway":"unclassified","oneway":"no"},"geometry":{"type":"LineString","coordinates":[[-2.51576,43.06717],[-2.51586,43.0672],[-2.51598,43.06721],[-2.51622,43.06722],[-2.51651,43.06725],[-2.51681,43.06731],[-2.51705,43.06739],[-2.51725,43.0675],[-2.51742,43.06762],[-2.51755,43.0677],[-2.51773,43.06785],[-2.51792,43.06802],[-2.51808,43.06819],[-2.51822,43.06843],[-2.51837,43.06871],[-2.51857,43.06886],[-2.51878,43.06895],[-2.519,43.06903],[-2.51912,43.06907],[-2.51929,43.06914],[-2.51942,43.0692],[-2.51946,43.06922],[-2.51955,43.06928]]}},{"type":"Feature","properties":{"id":1331624030,"highway":"residential"},"geometry":{"type":"LineString","coordinates":[[-2.51929,43.06914],[-2.51923,43.06917],[-2.5192,43.0692],[-2.51919,43.06923],[-2.51919,43.06926],[-2.51921,43.06928],[-2.51922,43.06929],[-2.51924,43.06931],[-2.51927,43.06932],[-2.51932,43.06933],[-2.51935,43.06933],[-2.51939,43.06933],[-2.51941,43.06932],[-2.51943,43.06931],[-2.51945,43.06929],[-2.51946,43.06926],[-2.51946,43.06922]]}},{"type":"Feature","properties":{"id":1331624031,"highway":"service"},"geometry":{"type":"LineString","coordinates":[[-2.51921,43.06928],[-2.51916,43.06929],[-2.51911,43.06931],[-2.51909,43.06933],[-2.51908,43.06937],[-2.51907,43.06938],[-2.51905,43.06944],[-2.519,43.06959],[-2.51895,43.06971],[-2.5189,43.06984],[-2.51885,43.06998],[-2.5188,43.07011],[-2.51875,43.07024],[-2.51873,43.07031],[-2.51871,43.07034],[-2.51868,43.07035],[-2.51865,43.07037],[-2.51862,43.07037],[-2.51781,43.07035],[-2.51776,43.07037],[-2.51774,43.0704],[-2.51775,43.07044],[-2.51777,43.07046],[-2.51781,43.07047],[-2.51787,43.0705],[-2.51801,43.07052]]}},{"type":"Feature","properties":{"id":1331624032,"highway":"service"},"geometry":{"type":"LineString","coordinates":[[-2.51905,43.06944],[-2.51849,43.06942]]}},{"type":"Feature","properties":{"id":1331624033,"highway":"service"},"geometry":{"type":"LineString","coordinates":[[-2.519,43.06959],[-2.51792,43.06954],[-2.51791,43.06968],[-2.5179,43.06981],[-2.51789,43.06995],[-2.51789,43.07008],[-2.51788,43.0702],[-2.51787,43.07022],[-2.51783,43.07028],[-2.51776,43.07037]]}},{"type":"Feature","properties":{"id":1331624034,"highway":"service","oneway":"yes"},"geometry":{"type":"LineString","coordinates":[[-2.51801,43.07052],[-2.51804,43.07057],[-2.51845,43.07079],[-2.51856,43.0707],[-2.5185,43.07065],[-2.51829,43.07054],[-2.51822,43.07051],[-2.51815,43.07049],[-2.51801,43.07052]]}},{"type":"Feature","properties":{"id":1331624035,"highway":"service"},"geometry":{"type":"LineString","coordinates":[[-2.51875,43.07024],[-2.51787,43.07022]]}},{"type":"Feature","properties":{"id":1331624036,"highway":"service"},"geometry":{"type":"LineString","coordinates":[[-2.5188,43.07011],[-2.51789,43.07008]]}},{"type":"Feature","properties":{"id":1331624037,"highway":"service"},"geometry":{"type":"LineString","coordinates":[[-2.51885,43.06998],[-2.51789,43.06995]]}},{"type":"Feature","properties":{"id":1331624038,"highway":"service"},"geometry":{"type":"LineString","coordinates":[[-2.5189,43.06984],[-2.5179,43.06981]]}},{"type":"Feature","properties":{"id":1331624039,"highway":"service"},"geometry":{"type":"LineString","coordinates":[[-2.51895,43.06971],[-2.51791,43.06968]]}},{"type":"Feature","properties":{"id":1331624044,"highway":"service"},"geometry":{"type":"LineString","coordinates":[[-2.51442,43.06699],[-2.51442,43.06692],[-2.51442,43.06684],[-2.51442,43.0668],[-2.51442,43.06675],[-2.51441,43.06673],[-2.51437,43.06672],[-2.51419,43.0667],[-2.51417,43.06672],[-2.51416,43.0668],[-2.51417,43.06681],[-2.51442,43.06684]]}},{"type":"Feature","properties":{"id":1331624046,"highway":"unclassified"},"geometry":{"type":"LineString","coordinates":[[-2.51011,43.062],[-2.51004,43.06205]]}},{"type":"Feature","properties":{"id":1331624047,"highway":"service","nombre":"Uribarri auzoa"},"geometry":{"type":"LineString","coordinates":[[-2.50927,43.06108],[-2.50929,43.06105],[-2.50932,43.06103],[-2.50938,43.06103],[-2.5094,43.06104],[-2.50949,43.06107],[-2.50976,43.0612],[-2.50998,43.06132],[-2.51006,43.06133]]}},{"type":"Feature","properties":{"id":1331624048,"highway":"track"},"geometry":{"type":"LineString","coordinates":[[-2.51449,43.06511],[-2.51431,43.06523],[-2.51415,43.06529],[-2.51406,43.06533],[-2.514,43.06528]]}},{"type":"Feature","properties":{"id":1331624049,"highway":"unclassified","oneway":"yes"},"geometry":{"type":"LineString","coordinates":[[-2.51576,43.06717],[-2.51574,43.06712],[-2.51572,43.06708],[-2.51571,43.06703],[-2.51572,43.06698]]}},{"type":"Feature","properties":{"id":1331624050,"highway":"unclassified","oneway":"yes"},"geometry":{"type":"LineString","coordinates":[[-2.51547,43.06708],[-2.51554,43.0671],[-2.51564,43.06713],[-2.51568,43.06715],[-2.51576,43.06717]]}},{"type":"Feature","properties":{"id":1331624051,"highway":"service","oneway":"yes"},"geometry":{"type":"LineString","coordinates":[[-2.51552,43.06674],[-2.51549,43.06672],[-2.51545,43.0667],[-2.51542,43.06667],[-2.5154,43.06663]]}},{"type":"Feature","properties":{"id":1331624052,"highway":"service","oneway":"yes"},"geometry":{"type":"LineString","coordinates":[[-2.5154,43.06663],[-2.51539,43.06667],[-2.51538,43.06671],[-2.51536,43.06677]]}},{"type":"Feature","properties":{"id":1331624053,"highway":"secondary","oneway":"yes"},"geometry":{"type":"LineString","coordinates":[[-2.51573,43.06691],[-2.51581,43.06689],[-2.51588,43.06688],[-2.51603,43.06687]]}},{"type":"Feature","properties":{"id":1331624054,"highway":"secondary","oneway":"yes"},"geometry":{"type":"LineString","coordinates":[[-2.51603,43.06687],[-2.51591,43.06685],[-2.51582,43.06683],[-2.51576,43.0668],[-2.51564,43.06678]]}},{"type":"Feature","properties":{"id":1331624055,"highway":"unclassified","oneway":"yes"},"geometry":{"type":"LineString","coordinates":[[-2.51104,43.066],[-2.51104,43.06606],[-2.51106,43.06617],[-2.51108,43.06628],[-2.51111,43.06636]]}},{"type":"Feature","properties":{"id":1331624056,"highway":"unclassified","oneway":"yes"},"geometry":{"type":"LineString","coordinates":[[-2.51111,43.06636],[-2.51113,43.06629],[-2.51118,43.06624],[-2.51123,43.0662],[-2.51131,43.06618],[-2.51142,43.06616]]}},{"type":"Feature","properties":{"id":1331624057,"highway":"service"},"geometry":{"type":"LineString","coordinates":[[-2.5204,43.06876],[-2.52027,43.06876],[-2.52016,43.06876],[-2.52009,43.06874]]}},{"type":"Feature","properties":{"id":1331624058,"highway":"footway"},"geometry":{"type":"LineString","coordinates":[[-2.51997,43.06992],[-2.51974,43.06996],[-2.51964,43.06998],[-2.5195,43.06998],[-2.51948,43.06998],[-2.51929,43.06995],[-2.51913,43.06991]]}},{"type":"Feature","properties":{"id":1331624059,"highway":"footway"},"geometry":{"type":"LineString","coordinates":[[-2.52057,43.07055],[-2.52045,43.07104]]}},{"type":"Feature","properties":{"id":1331653480,"highway":"residential"},"geometry":{"type":"LineString","coordinates":[[-2.51937,43.0703],[-2.51931,43.07044],[-2.51918,43.07075],[-2.51916,43.0708],[-2.51884,43.07073]]}},{"type":"Feature","properties":{"id":1331653481,"highway":"path"},"geometry":{"type":"LineString","coordinates":[[-2.51944,43.07031],[-2.51943,43.07026],[-2.51945,43.07013],[-2.51948,43.06998]]}},{"type":"Feature","properties":{"id":1331653482,"highway":"footway"},"geometry":{"type":"LineString","coordinates":[[-2.51944,43.07031],[-2.51937,43.0703]]}},{"type":"Feature","properties":{"id":1331653484,"highway":"track"},"geometry":{"type":"LineString","coordinates":[[-2.53688,43.08022],[-2.53746,43.08048],[-2.538,43.08081],[-2.53822,43.08103],[-2.53838,43.08118],[-2.53849,43.08126],[-2.53861,43.08128],[-2.53883,43.0813],[-2.53905,43.08124],[-2.53945,43.081],[-2.53964,43.08086],[-2.53971,43.08079],[-2.53976,43.08073],[-2.53978,43.08067],[-2.5398,43.0806],[-2.53983,43.08051],[-2.53982,43.08044],[-2.53978,43.0804],[-2.53973,43.08037],[-2.53964,43.08031],[-2.53961,43.08029],[-2.53953,43.08024],[-2.53945,43.0802],[-2.53935,43.08012],[-2.53928,43.08005],[-2.53922,43.08],[-2.53916,43.07997],[-2.53906,43.07994],[-2.539,43.07994],[-2.53894,43.07996]]}},{"type":"Feature","properties":{"id":1331653485,"highway":"service"},"geometry":{"type":"LineString","coordinates":[[-2.53461,43.07858],[-2.53457,43.0785],[-2.53446,43.07828]]}},{"type":"Feature","properties":{"id":1331653486,"highway":"service"},"geometry":{"type":"LineString","coordinates":[[-2.53423,43.0792],[-2.5342,43.07914],[-2.534,43.07894],[-2.53386,43.07885],[-2.53369,43.07878],[-2.53358,43.07873],[-2.53336,43.07861],[-2.53324,43.07855],[-2.53296,43.07837],[-2.53263,43.0782],[-2.53235,43.07809],[-2.53222,43.07801],[-2.53209,43.07794]]}},{"type":"Feature","properties":{"id":1331653495,"highway":"service"},"geometry":{"type":"LineString","coordinates":[[-2.52093,43.06888],[-2.52089,43.06882],[-2.52085,43.06876]]}},{"type":"Feature","properties":{"id":1331653496,"highway":"service"},"geometry":{"type":"LineString","coordinates":[[-2.52109,43.06879],[-2.52099,43.06877],[-2.52085,43.06876],[-2.5205,43.06875],[-2.5204,43.06876]]}},{"type":"Feature","properties":{"id":1331653506,"highway":"track"},"geometry":{"type":"LineString","coordinates":[[-2.51984,43.06867],[-2.51986,43.06862],[-2.52011,43.06861],[-2.52044,43.06857],[-2.52054,43.06851],[-2.52066,43.06835],[-2.5208,43.06819],[-2.52089,43.06811]]}},{"type":"Feature","properties":{"id":1331653510,"highway":"service"},"geometry":{"type":"LineString","coordinates":[[-2.52131,43.07104],[-2.52139,43.07133],[-2.52137,43.0714],[-2.52142,43.07157]]}},{"type":"Feature","properties":{"id":1331653511,"highway":"service"},"geometry":{"type":"LineString","coordinates":[[-2.52154,43.07101],[-2.52165,43.0713],[-2.52167,43.07131],[-2.5217,43.07132],[-2.52174,43.07134],[-2.52177,43.07136],[-2.52186,43.07149]]}},{"type":"Feature","properties":{"id":1331653512,"highway":"service"},"geometry":{"type":"LineString","coordinates":[[-2.52171,43.07097],[-2.52181,43.07114],[-2.52195,43.0713],[-2.52209,43.07144]]}},{"type":"Feature","properties":{"id":1331653513,"highway":"service"},"geometry":{"type":"LineString","coordinates":[[-2.52084,43.07108],[-2.52084,43.07115],[-2.52083,43.07148]]}},{"type":"Feature","properties":{"id":1331653514,"highway":"service"},"geometry":{"type":"LineString","coordinates":[[-2.52413,43.068],[-2.52421,43.06802],[-2.52426,43.06803],[-2.52432,43.06802],[-2.52457,43.06791],[-2.52459,43.06788],[-2.52459,43.06786],[-2.52458,43.06779]]}},{"type":"Feature","properties":{"id":1331653517,"highway":"path"},"geometry":{"type":"LineString","coordinates":[[-2.52011,43.06317],[-2.51985,43.06296],[-2.51973,43.06283],[-2.51966,43.06275],[-2.5196,43.06267],[-2.51955,43.0626],[-2.51948,43.06257],[-2.51935,43.06252],[-2.51925,43.0625],[-2.51912,43.0625],[-2.51899,43.06253],[-2.51882,43.06261],[-2.51865,43.06273],[-2.51851,43.0628],[-2.51836,43.06291],[-2.51836,43.06274],[-2.51841,43.06246],[-2.5184,43.0622],[-2.51835,43.062],[-2.51836,43.06174],[-2.51844,43.06157],[-2.51852,43.06146],[-2.51853,43.06136]]}},{"type":"Feature","properties":{"id":1331653518,"highway":"track"},"geometry":{"type":"LineString","coordinates":[[-2.51853,43.06136],[-2.51818,43.06089],[-2.51793,43.06059],[-2.51785,43.06051],[-2.51781,43.06037],[-2.51775,43.06027],[-2.51772,43.0602],[-2.51778,43.0601]]}},{"type":"Feature","properties":{"id":1331653519,"highway":"service","oneway":"yes"},"geometry":{"type":"LineString","coordinates":[[-2.50384,43.06181],[-2.50386,43.06177],[-2.50388,43.06172],[-2.50391,43.06167]]}},{"type":"Feature","properties":{"id":1331653520,"highway":"service","oneway":"yes"},"geometry":{"type":"LineString","coordinates":[[-2.50391,43.06167],[-2.50384,43.06169],[-2.50379,43.06172],[-2.50376,43.06174],[-2.50375,43.06177]]}},{"type":"Feature","properties":{"id":1331653521,"highway":"residential","oneway":"yes"},"geometry":{"type":"LineString","coordinates":[[-2.50359,43.06158],[-2.50359,43.06161],[-2.5036,43.06165],[-2.50358,43.0617],[-2.50356,43.06175],[-2.50356,43.06179]]}},{"type":"Feature","properties":{"id":1331653522,"highway":"residential","oneway":"yes"},"geometry":{"type":"LineString","coordinates":[[-2.50372,43.06176],[-2.50369,43.06172],[-2.50365,43.06168],[-2.50362,43.06165],[-2.50359,43.06158]]}},{"type":"Feature","properties":{"id":1331653523,"highway":"living_street","nombre":"Uribe kalea"},"geometry":{"type":"LineString","coordinates":[[-2.50161,43.06131],[-2.50161,43.06128],[-2.50157,43.06091]]}},{"type":"Feature","properties":{"id":1331653524,"highway":"footway"},"geometry":{"type":"LineString","coordinates":[[-2.50185,43.06075],[-2.50232,43.06067],[-2.50277,43.06056],[-2.50295,43.06053],[-2.50308,43.06054],[-2.50317,43.06058],[-2.50327,43.06064],[-2.50337,43.06082],[-2.50368,43.06156],[-2.50359,43.06158]]}},{"type":"Feature","properties":{"id":1331653525,"highway":"tertiary","oneway":"yes"},"geometry":{"type":"LineString","coordinates":[[-2.50386,43.06196],[-2.50391,43.06194],[-2.50395,43.06191],[-2.50401,43.06189],[-2.50409,43.06187]]}},{"type":"Feature","properties":{"id":1331653526,"highway":"tertiary","oneway":"yes"},"geometry":{"type":"LineString","coordinates":[[-2.50409,43.06187],[-2.50402,43.06186],[-2.50395,43.06185],[-2.5039,43.06184],[-2.50385,43.06183]]}},{"type":"Feature","properties":{"id":1331653527,"highway":"footway"},"geometry":{"type":"LineString","coordinates":[[-2.50525,43.06188],[-2.505,43.06186],[-2.50491,43.06187],[-2.50483,43.0619],[-2.50477,43.06191],[-2.50415,43.06195],[-2.50415,43.06187]]}},{"type":"Feature","properties":{"id":1331653528,"highway":"footway"},"geometry":{"type":"LineString","coordinates":[[-2.50368,43.06156],[-2.50371,43.06161],[-2.50391,43.06167],[-2.50395,43.06171],[-2.50393,43.06173],[-2.50392,43.06176],[-2.50392,43.06178],[-2.50399,43.06181],[-2.50406,43.06183],[-2.5041,43.06183],[-2.50414,43.06183],[-2.50415,43.06187]]}},{"type":"Feature","properties":{"id":1331653529,"highway":"tertiary","oneway":"yes"},"geometry":{"type":"LineString","coordinates":[[-2.50332,43.06191],[-2.50341,43.06194],[-2.50353,43.06199]]}},{"type":"Feature","properties":{"id":1331653530,"highway":"tertiary","oneway":"yes"},"geometry":{"type":"LineString","coordinates":[[-2.50352,43.06182],[-2.50347,43.06186],[-2.50338,43.06189],[-2.50332,43.06191]]}},{"type":"Feature","properties":{"id":1331653533,"highway":"service"},"geometry":{"type":"LineString","coordinates":[[-2.50475,43.06265],[-2.50474,43.06258],[-2.50473,43.06226],[-2.50561,43.06223],[-2.5056,43.06216],[-2.50547,43.06207],[-2.50472,43.06209],[-2.50473,43.06226]]}},{"type":"Feature","properties":{"id":1335076724,"highway":"path"},"geometry":{"type":"LineString","coordinates":[[-2.51429,43.05162],[-2.51413,43.05204],[-2.51412,43.05241],[-2.51416,43.05262],[-2.5145,43.05271],[-2.515,43.05274],[-2.51522,43.05293],[-2.51485,43.05291],[-2.51455,43.05317],[-2.51408,43.05307],[-2.51368,43.05296],[-2.51288,43.05232],[-2.51185,43.05233],[-2.51109,43.05207],[-2.51049,43.05231],[-2.50995,43.05266],[-2.50966,43.05298],[-2.50936,43.05314],[-2.50908,43.05314],[-2.50828,43.05266],[-2.50747,43.05273],[-2.50692,43.05248],[-2.5068,43.05248],[-2.50662,43.05254],[-2.50642,43.05255],[-2.50607,43.05249],[-2.50572,43.05246],[-2.50549,43.05248],[-2.50483,43.0526]]}},{"type":"Feature","properties":{"id":1335076725,"highway":"path"},"geometry":{"type":"LineString","coordinates":[[-2.50415,43.05305],[-2.50429,43.05371],[-2.50501,43.05477],[-2.50541,43.05508],[-2.50545,43.0556],[-2.5056,43.05569],[-2.50621,43.05596],[-2.50641,43.05619],[-2.50623,43.05627],[-2.50561,43.05631],[-2.50561,43.05658],[-2.50609,43.05688],[-2.50637,43.05713],[-2.50693,43.05727],[-2.5082,43.05823],[-2.50834,43.0585],[-2.50829,43.05924],[-2.50807,43.05952],[-2.50772,43.05955],[-2.50694,43.05938],[-2.50639,43.05949],[-2.50598,43.05954]]}},{"type":"Feature","properties":{"id":1335102262,"highway":"path"},"geometry":{"type":"LineString","coordinates":[[-2.53324,43.09269],[-2.53268,43.09265],[-2.53224,43.09256],[-2.53205,43.09245],[-2.53177,43.09235],[-2.53151,43.09214],[-2.53129,43.0923],[-2.53106,43.09242],[-2.53094,43.09255],[-2.5304,43.09283],[-2.52985,43.0927],[-2.52943,43.09249],[-2.52928,43.09231],[-2.52915,43.09222],[-2.52881,43.09213],[-2.52847,43.092],[-2.52811,43.09196],[-2.52792,43.092],[-2.52764,43.09194],[-2.52737,43.09196],[-2.52728,43.0919],[-2.52704,43.09191],[-2.5268,43.09185],[-2.52659,43.0919],[-2.52633,43.09187],[-2.52601,43.09192],[-2.52569,43.09195]]}},{"type":"Feature","properties":{"id":1335102263,"highway":"path"},"geometry":{"type":"LineString","coordinates":[[-2.52455,43.09305],[-2.52396,43.09293],[-2.52372,43.09281],[-2.52352,43.09274],[-2.52317,43.09248],[-2.52308,43.0924],[-2.52276,43.09219],[-2.52259,43.09209],[-2.52249,43.09196]]}},{"type":"Feature","properties":{"id":1336912292,"highway":"path"},"geometry":{"type":"LineString","coordinates":[[-2.49876,43.05874],[-2.49869,43.05872],[-2.49872,43.05868],[-2.49851,43.05857],[-2.49845,43.05848],[-2.49847,43.05836],[-2.49849,43.05831],[-2.49844,43.05824]]}},{"type":"Feature","properties":{"id":1338895654,"highway":"service"},"geometry":{"type":"LineString","coordinates":[[-2.50357,43.05999],[-2.50351,43.06003]]}},{"type":"Feature","properties":{"id":1340132434,"highway":"residential"},"geometry":{"type":"LineString","coordinates":[[-2.49527,43.05915],[-2.49487,43.05909]]}},{"type":"Feature","properties":{"id":1340132436,"highway":"pedestrian"},"geometry":{"type":"LineString","coordinates":[[-2.49449,43.05997],[-2.4945,43.0599],[-2.49451,43.0598],[-2.49454,43.05967],[-2.49478,43.0594],[-2.49483,43.05934],[-2.49487,43.05909]]}},{"type":"Feature","properties":{"id":1340132438,"highway":"pedestrian"},"geometry":{"type":"LineString","coordinates":[[-2.49474,43.05912],[-2.4943,43.05913],[-2.49412,43.05914],[-2.4939,43.05913],[-2.49378,43.05908],[-2.49337,43.05887],[-2.49318,43.05881],[-2.49307,43.05885]]}},{"type":"Feature","properties":{"id":1340132439,"highway":"pedestrian"},"geometry":{"type":"LineString","coordinates":[[-2.49378,43.05908],[-2.49338,43.05954],[-2.49332,43.0596],[-2.49326,43.05962],[-2.49314,43.05961],[-2.49292,43.05959]]}},{"type":"Feature","properties":{"id":1340132440,"highway":"cycleway"},"geometry":{"type":"LineString","coordinates":[[-2.50359,43.06161],[-2.50352,43.06163],[-2.50351,43.06167],[-2.50349,43.0617],[-2.50346,43.06173],[-2.50341,43.06178],[-2.50339,43.06181],[-2.50335,43.06183],[-2.50332,43.06184],[-2.50168,43.06193]]}},{"type":"Feature","properties":{"id":1340132441,"highway":"residential","oneway":"yes"},"geometry":{"type":"LineString","coordinates":[[-2.49588,43.06158],[-2.49596,43.06158],[-2.49603,43.06158],[-2.49608,43.0616],[-2.49616,43.06164]]}},{"type":"Feature","properties":{"id":1340132442,"highway":"service"},"geometry":{"type":"LineString","coordinates":[[-2.49616,43.06164],[-2.49613,43.06168],[-2.49607,43.06171],[-2.49595,43.06174]]}},{"type":"Feature","properties":{"id":1340132452,"highway":"track","nombre":"San Andres auzoa"},"geometry":{"type":"LineString","coordinates":[[-2.50173,43.05096],[-2.50174,43.05104],[-2.50169,43.05112],[-2.50151,43.05123],[-2.50138,43.0513],[-2.50126,43.05141],[-2.50122,43.05164],[-2.50114,43.05174],[-2.50107,43.05178],[-2.50094,43.05184],[-2.50074,43.05191]]}},{"type":"Feature","properties":{"id":1340132453,"highway":"track","nombre":"San Andres auzoa"},"geometry":{"type":"LineString","coordinates":[[-2.49935,43.0499],[-2.49949,43.05003],[-2.4997,43.05013],[-2.50016,43.0502],[-2.50028,43.05022],[-2.50054,43.05027],[-2.50074,43.05031],[-2.50121,43.05054],[-2.50131,43.0506]]}},{"type":"Feature","properties":{"id":1340132454,"highway":"footway"},"geometry":{"type":"LineString","coordinates":[[-2.49378,43.0612],[-2.49373,43.06127]]}},{"type":"Feature","properties":{"id":1340330072,"highway":"footway"},"geometry":{"type":"LineString","coordinates":[[-2.49837,43.0609],[-2.49836,43.06093]]}},{"type":"Feature","properties":{"id":1340330074,"highway":"footway"},"geometry":{"type":"LineString","coordinates":[[-2.49851,43.06087],[-2.49841,43.06086],[-2.49827,43.06087],[-2.49774,43.06093],[-2.49738,43.06096],[-2.49711,43.06098],[-2.49668,43.06103],[-2.49651,43.06104],[-2.49643,43.06107],[-2.49641,43.06108],[-2.49634,43.06111],[-2.49617,43.0612],[-2.49611,43.06128],[-2.496,43.0614],[-2.49584,43.06151],[-2.49582,43.06154]]}},{"type":"Feature","properties":{"id":1340330075,"highway":"footway"},"geometry":{"type":"LineString","coordinates":[[-2.49851,43.06087],[-2.49889,43.06091],[-2.49921,43.06097]]}},{"type":"Feature","properties":{"id":1340330076,"highway":"steps"},"geometry":{"type":"LineString","coordinates":[[-2.49717,43.06076],[-2.49715,43.06078],[-2.49673,43.06092],[-2.49657,43.06097],[-2.49644,43.06104],[-2.49643,43.06107]]}},{"type":"Feature","properties":{"id":1340330079,"highway":"service"},"geometry":{"type":"LineString","coordinates":[[-2.48849,43.06526],[-2.48852,43.06529],[-2.48855,43.06533]]}},{"type":"Feature","properties":{"id":1340330082,"highway":"living_street","oneway":"yes"},"geometry":{"type":"LineString","coordinates":[[-2.48712,43.06596],[-2.48708,43.06593],[-2.48701,43.06592],[-2.48688,43.06593],[-2.48683,43.06592],[-2.48674,43.06591]]}},{"type":"Feature","properties":{"id":1340330083,"highway":"pedestrian"},"geometry":{"type":"LineString","coordinates":[[-2.48835,43.06531],[-2.48825,43.06539],[-2.48744,43.06571],[-2.48721,43.06581],[-2.48704,43.06588]]}},{"type":"Feature","properties":{"id":1340330084,"highway":"footway"},"geometry":{"type":"LineString","coordinates":[[-2.48616,43.06643],[-2.48601,43.06641],[-2.48566,43.06646],[-2.48559,43.06647]]}},{"type":"Feature","properties":{"id":1340330085,"highway":"ladder"},"geometry":{"type":"LineString","coordinates":[[-2.48559,43.06647],[-2.48557,43.06641]]}},{"type":"Feature","properties":{"id":1340330087,"highway":"footway"},"geometry":{"type":"LineString","coordinates":[[-2.48546,43.06624],[-2.48533,43.06632],[-2.48523,43.06636],[-2.48517,43.06638],[-2.48513,43.06639],[-2.48507,43.0664],[-2.48498,43.0664],[-2.4849,43.0664],[-2.48484,43.06641],[-2.48481,43.06642],[-2.48477,43.06644]]}},{"type":"Feature","properties":{"id":1340330094,"highway":"footway"},"geometry":{"type":"LineString","coordinates":[[-2.48505,43.0658],[-2.48535,43.06581]]}},{"type":"Feature","properties":{"id":1340330095,"highway":"ladder"},"geometry":{"type":"LineString","coordinates":[[-2.48535,43.06581],[-2.48535,43.0658],[-2.48522,43.06579]]}},{"type":"Feature","properties":{"id":1340330096,"highway":"footway"},"geometry":{"type":"LineString","coordinates":[[-2.48522,43.06578],[-2.48523,43.06574]]}},{"type":"Feature","properties":{"id":1340330097,"highway":"footway"},"geometry":{"type":"LineString","coordinates":[[-2.48338,43.06562],[-2.48338,43.06557]]}},{"type":"Feature","properties":{"id":1340330098,"highway":"footway"},"geometry":{"type":"LineString","coordinates":[[-2.48338,43.06557],[-2.48373,43.06559],[-2.48423,43.06563],[-2.48457,43.06565],[-2.48498,43.06567],[-2.48523,43.06568],[-2.48523,43.06574]]}},{"type":"Feature","properties":{"id":1340330099,"highway":"pedestrian","nombre":"Euska Herria plaza"},"geometry":{"type":"LineString","coordinates":[[-2.48457,43.06565],[-2.48436,43.06505]]}},{"type":"Feature","properties":{"id":1340330100,"highway":"footway"},"geometry":{"type":"LineString","coordinates":[[-2.48365,43.06475],[-2.48366,43.06479],[-2.48349,43.06482]]}},{"type":"Feature","properties":{"id":1340330101,"highway":"footway"},"geometry":{"type":"LineString","coordinates":[[-2.48612,43.06591],[-2.48585,43.06584],[-2.48561,43.0658],[-2.48535,43.06578],[-2.48522,43.06578]]}},{"type":"Feature","properties":{"id":1340330102,"highway":"footway"},"geometry":{"type":"LineString","coordinates":[[-2.48522,43.06578],[-2.48396,43.0657],[-2.48337,43.06566],[-2.48338,43.06562]]}},{"type":"Feature","properties":{"id":1340330103,"highway":"footway"},"geometry":{"type":"LineString","coordinates":[[-2.48604,43.06594],[-2.48579,43.06587],[-2.48562,43.06583],[-2.48543,43.06582],[-2.48535,43.06581]]}},{"type":"Feature","properties":{"id":1340330105,"highway":"cycleway"},"geometry":{"type":"LineString","coordinates":[[-2.48541,43.06425],[-2.48541,43.06405],[-2.48532,43.06405]]}},{"type":"Feature","properties":{"id":1340330106,"highway":"cycleway","puente":"yes"},"geometry":{"type":"LineString","coordinates":[[-2.48541,43.0644],[-2.48541,43.06425]]}},{"type":"Feature","properties":{"id":1340330107,"highway":"residential","oneway":"yes"},"geometry":{"type":"LineString","coordinates":[[-2.48534,43.06439],[-2.48528,43.06444],[-2.48525,43.06445],[-2.48519,43.06448]]}},{"type":"Feature","properties":{"id":1340330108,"highway":"residential","oneway":"yes"},"geometry":{"type":"LineString","coordinates":[[-2.48535,43.06455],[-2.48531,43.06451],[-2.48527,43.06449],[-2.48523,43.06448],[-2.48519,43.06448]]}},{"type":"Feature","properties":{"id":1340330109,"highway":"footway"},"geometry":{"type":"LineString","coordinates":[[-2.48374,43.06378],[-2.48372,43.06388]]}},{"type":"Feature","properties":{"id":1340330116,"highway":"service"},"geometry":{"type":"LineString","coordinates":[[-2.48519,43.06257],[-2.48515,43.06261],[-2.48512,43.06263],[-2.48508,43.06263],[-2.48503,43.06262],[-2.48484,43.06256]]}},{"type":"Feature","properties":{"id":1340330120,"highway":"ladder"},"geometry":{"type":"LineString","coordinates":[[-2.48704,43.06588],[-2.48707,43.06591],[-2.48708,43.06593]]}},{"type":"Feature","properties":{"id":1340330984,"highway":"footway"},"geometry":{"type":"LineString","coordinates":[[-2.48588,43.06457],[-2.48539,43.06459],[-2.48535,43.06459]]}},{"type":"Feature","properties":{"id":1340330985,"highway":"footway"},"geometry":{"type":"LineString","coordinates":[[-2.48596,43.06471],[-2.48584,43.06472],[-2.48582,43.06473],[-2.48582,43.06475],[-2.48583,43.06491],[-2.48539,43.06493],[-2.48536,43.06493]]}},{"type":"Feature","properties":{"id":1340330987,"highway":"footway"},"geometry":{"type":"LineString","coordinates":[[-2.48536,43.06517],[-2.4854,43.06517],[-2.48592,43.06514]]}},{"type":"Feature","properties":{"id":1340368737,"highway":"footway"},"geometry":{"type":"LineString","coordinates":[[-2.48566,43.06646],[-2.48567,43.0665],[-2.48564,43.0665]]}},{"type":"Feature","properties":{"id":1340368742,"highway":"service"},"geometry":{"type":"LineString","coordinates":[[-2.48534,43.06838],[-2.48529,43.06838],[-2.48526,43.06838],[-2.48518,43.06836],[-2.48449,43.06797]]}},{"type":"Feature","properties":{"id":1340368743,"highway":"residential","oneway":"yes"},"geometry":{"type":"LineString","coordinates":[[-2.48541,43.06864],[-2.48546,43.06863],[-2.4855,43.06862],[-2.48554,43.0686],[-2.48558,43.06856]]}},{"type":"Feature","properties":{"id":1340368744,"highway":"residential","oneway":"yes"},"geometry":{"type":"LineString","coordinates":[[-2.48558,43.06856],[-2.48553,43.06856],[-2.4855,43.06855],[-2.48547,43.06854],[-2.48544,43.06853]]}},{"type":"Feature","properties":{"id":1340368745,"highway":"residential","nombre":"Obenerreka kalea","oneway":"yes"},"geometry":{"type":"LineString","coordinates":[[-2.48541,43.06864],[-2.48542,43.06862],[-2.48543,43.0686],[-2.48544,43.06857],[-2.48544,43.06853]]}},{"type":"Feature","properties":{"id":1340368746,"highway":"residential","oneway":"yes"},"geometry":{"type":"LineString","coordinates":[[-2.48558,43.06856],[-2.48555,43.06857],[-2.4855,43.06858],[-2.48547,43.0686],[-2.48541,43.06864]]}},{"type":"Feature","properties":{"id":1340368747,"highway":"footway"},"geometry":{"type":"LineString","coordinates":[[-2.48343,43.06773],[-2.48338,43.06775],[-2.48333,43.06778],[-2.48332,43.06779]]}},{"type":"Feature","properties":{"id":1340368748,"highway":"service"},"geometry":{"type":"LineString","coordinates":[[-2.48388,43.06736],[-2.48344,43.0672],[-2.48326,43.06716],[-2.48323,43.06716],[-2.48318,43.06725]]}},{"type":"Feature","properties":{"id":1340840468,"highway":"cycleway","nombre":"Vasco-Navarroaren bide berdea","izena_eu":"Vasco-Navarroaren bide berdea","nombre_es":"Via Verde del Vasco Navarro"},"geometry":{"type":"LineString","coordinates":[[-2.47063,43.07252],[-2.47049,43.07256]]}},{"type":"Feature","properties":{"id":1341032584,"highway":"footway"},"geometry":{"type":"LineString","coordinates":[[-2.47776,43.06941],[-2.4777,43.06943],[-2.47709,43.06971],[-2.47693,43.06965],[-2.47696,43.06961]]}},{"type":"Feature","properties":{"id":1341032585,"highway":"footway"},"geometry":{"type":"LineString","coordinates":[[-2.47793,43.06971],[-2.4777,43.06943]]}},{"type":"Feature","properties":{"id":1341042121,"highway":"service"},"geometry":{"type":"LineString","coordinates":[[-2.48612,43.06902],[-2.48608,43.06903],[-2.48603,43.06903],[-2.48598,43.06902],[-2.48593,43.06899],[-2.48585,43.06894],[-2.48561,43.06881]]}},{"type":"Feature","properties":{"id":1341042122,"highway":"pedestrian"},"geometry":{"type":"LineString","coordinates":[[-2.48598,43.06945],[-2.48594,43.06952],[-2.48593,43.06955],[-2.48588,43.0696],[-2.48584,43.06963],[-2.4858,43.06963],[-2.48575,43.06962],[-2.48567,43.06957]]}},{"type":"Feature","properties":{"id":1341042123,"highway":"pedestrian"},"geometry":{"type":"LineString","coordinates":[[-2.48557,43.06949],[-2.48527,43.06932]]}},{"type":"Feature","properties":{"id":1341042124,"highway":"pedestrian","tunel":"yes"},"geometry":{"type":"LineString","coordinates":[[-2.48567,43.06957],[-2.48557,43.06949]]}},{"type":"Feature","properties":{"id":1341042125,"highway":"footway"},"geometry":{"type":"LineString","coordinates":[[-2.48734,43.06769],[-2.48738,43.06767],[-2.48744,43.06764],[-2.48753,43.06763],[-2.48758,43.06763]]}},{"type":"Feature","properties":{"id":1341042129,"highway":"pedestrian","tunel":"yes"},"geometry":{"type":"LineString","coordinates":[[-2.48527,43.06932],[-2.48517,43.06926]]}},{"type":"Feature","properties":{"id":1341042130,"highway":"pedestrian"},"geometry":{"type":"LineString","coordinates":[[-2.48517,43.06926],[-2.48505,43.06919],[-2.48485,43.06909]]}},{"type":"Feature","properties":{"id":1341048108,"highway":"pedestrian"},"geometry":{"type":"LineString","coordinates":[[-2.48505,43.06919],[-2.48507,43.06907]]}},{"type":"Feature","properties":{"id":1341048109,"highway":"pedestrian"},"geometry":{"type":"LineString","coordinates":[[-2.48508,43.0689],[-2.4851,43.06886],[-2.48511,43.06884],[-2.48514,43.06883],[-2.48518,43.06879],[-2.48527,43.06874],[-2.48535,43.06879]]}},{"type":"Feature","properties":{"id":1341048110,"highway":"pedestrian","puente":"yes"},"geometry":{"type":"LineString","coordinates":[[-2.48507,43.06907],[-2.48508,43.0689]]}},{"type":"Feature","properties":{"id":1341048111,"highway":"footway"},"geometry":{"type":"LineString","coordinates":[[-2.48535,43.06879],[-2.48554,43.06869],[-2.48553,43.06868],[-2.48541,43.06873],[-2.48539,43.06869],[-2.48533,43.06869],[-2.48533,43.06865]]}},{"type":"Feature","properties":{"id":1341048112,"highway":"pedestrian"},"geometry":{"type":"LineString","coordinates":[[-2.48529,43.06872],[-2.48528,43.06873],[-2.48527,43.06874]]}},{"type":"Feature","properties":{"id":1341048113,"highway":"footway"},"geometry":{"type":"LineString","coordinates":[[-2.48533,43.06869],[-2.48529,43.06872]]}},{"type":"Feature","properties":{"id":1341048118,"highway":"pedestrian","tunel":"yes"},"geometry":{"type":"LineString","coordinates":[[-2.48485,43.06909],[-2.48474,43.06903]]}},{"type":"Feature","properties":{"id":1341048119,"highway":"pedestrian"},"geometry":{"type":"LineString","coordinates":[[-2.48474,43.06903],[-2.48447,43.06887]]}},{"type":"Feature","properties":{"id":1341048120,"highway":"pedestrian","tunel":"yes"},"geometry":{"type":"LineString","coordinates":[[-2.48447,43.06887],[-2.48434,43.06881]]}},{"type":"Feature","properties":{"id":1341048121,"highway":"pedestrian"},"geometry":{"type":"LineString","coordinates":[[-2.48434,43.06881],[-2.48405,43.06865]]}},{"type":"Feature","properties":{"id":1341048122,"highway":"pedestrian","tunel":"yes"},"geometry":{"type":"LineString","coordinates":[[-2.48405,43.06865],[-2.48392,43.06858]]}},{"type":"Feature","properties":{"id":1341048123,"highway":"pedestrian"},"geometry":{"type":"LineString","coordinates":[[-2.48392,43.06858],[-2.48374,43.06849],[-2.48357,43.06843]]}},{"type":"Feature","properties":{"id":1341048124,"highway":"pedestrian","tunel":"yes"},"geometry":{"type":"LineString","coordinates":[[-2.48357,43.06843],[-2.48343,43.06838]]}},{"type":"Feature","properties":{"id":1341048125,"highway":"pedestrian"},"geometry":{"type":"LineString","coordinates":[[-2.48343,43.06838],[-2.48338,43.06836]]}},{"type":"Feature","properties":{"id":1341107233,"highway":"footway","nombre":"Gernika ibilbidea"},"geometry":{"type":"LineString","coordinates":[[-2.4827,43.0666],[-2.48278,43.06659],[-2.48287,43.06658],[-2.48306,43.06659],[-2.48347,43.06663],[-2.48376,43.06665],[-2.4839,43.06664],[-2.48399,43.06663]]}},{"type":"Feature","properties":{"id":1341107234,"highway":"footway"},"geometry":{"type":"LineString","coordinates":[[-2.48267,43.06657],[-2.48269,43.06658],[-2.4827,43.0666],[-2.48271,43.06662],[-2.48271,43.06664],[-2.4827,43.06665],[-2.48268,43.06667],[-2.48266,43.06668],[-2.48263,43.06668],[-2.48261,43.06668],[-2.48258,43.06667],[-2.48257,43.06665],[-2.48256,43.06663],[-2.48256,43.06662],[-2.48256,43.0666],[-2.48258,43.06658],[-2.4826,43.06657],[-2.48262,43.06657],[-2.48265,43.06657],[-2.48267,43.06657]]}},{"type":"Feature","properties":{"id":1341238650,"highway":"footway"},"geometry":{"type":"LineString","coordinates":[[-2.47996,43.06786],[-2.47975,43.06799],[-2.47971,43.06796]]}},{"type":"Feature","properties":{"id":1341238653,"highway":"service"},"geometry":{"type":"LineString","coordinates":[[-2.47867,43.06691],[-2.47872,43.06695],[-2.4789,43.06708],[-2.47868,43.06724]]}},{"type":"Feature","properties":{"id":1341238654,"highway":"footway"},"geometry":{"type":"LineString","coordinates":[[-2.47939,43.06758],[-2.47892,43.06791],[-2.47877,43.06779]]}},{"type":"Feature","properties":{"id":1341238655,"highway":"service"},"geometry":{"type":"LineString","coordinates":[[-2.47664,43.06837],[-2.47664,43.06842],[-2.47664,43.06844],[-2.47665,43.06846],[-2.47663,43.06849],[-2.4766,43.06851],[-2.47645,43.06858]]}},{"type":"Feature","properties":{"id":1341238657,"highway":"footway"},"geometry":{"type":"LineString","coordinates":[[-2.47868,43.06724],[-2.47859,43.06731],[-2.47863,43.06742],[-2.47862,43.06749],[-2.47866,43.06752],[-2.47866,43.06754],[-2.47871,43.06758]]}},{"type":"Feature","properties":{"id":1341238658,"highway":"footway"},"geometry":{"type":"LineString","coordinates":[[-2.4795,43.06763],[-2.47942,43.06768]]}},{"type":"Feature","properties":{"id":1341238659,"highway":"footway"},"geometry":{"type":"LineString","coordinates":[[-2.47907,43.06802],[-2.47892,43.06791]]}},{"type":"Feature","properties":{"id":1341238660,"highway":"footway"},"geometry":{"type":"LineString","coordinates":[[-2.47898,43.06808],[-2.47883,43.06797]]}},{"type":"Feature","properties":{"id":1341238661,"highway":"pedestrian"},"geometry":{"type":"LineString","coordinates":[[-2.48554,43.06626],[-2.48556,43.06636],[-2.48557,43.06641]]}},{"type":"Feature","properties":{"id":1341238662,"highway":"pedestrian"},"geometry":{"type":"LineString","coordinates":[[-2.48622,43.06645],[-2.48622,43.06642],[-2.48619,43.06638],[-2.48615,43.06634],[-2.4861,43.06631],[-2.48594,43.06628],[-2.48589,43.06626],[-2.48585,43.06623],[-2.48579,43.06619],[-2.48575,43.06617],[-2.48568,43.06618],[-2.48562,43.06619]]}},{"type":"Feature","properties":{"id":1341238664,"highway":"footway"},"geometry":{"type":"LineString","coordinates":[[-2.48462,43.06626],[-2.48466,43.06623],[-2.48469,43.06618],[-2.48474,43.06615],[-2.48483,43.06611],[-2.48487,43.0661],[-2.48492,43.0661],[-2.48496,43.06613],[-2.485,43.06615],[-2.48502,43.06618],[-2.48506,43.06618],[-2.4851,43.06618],[-2.48514,43.06616],[-2.48517,43.06614],[-2.48521,43.06612],[-2.48526,43.0661],[-2.48531,43.0661],[-2.48535,43.0661],[-2.48543,43.06614],[-2.48544,43.06615]]}},{"type":"Feature","properties":{"id":1341238673,"highway":"service","superficie":"unpaved"},"geometry":{"type":"LineString","coordinates":[[-2.49639,43.0782],[-2.49624,43.07819],[-2.4962,43.07817],[-2.49614,43.07809],[-2.49606,43.078],[-2.49599,43.07794],[-2.49595,43.07792],[-2.49591,43.07793],[-2.49586,43.078],[-2.49582,43.07808],[-2.49574,43.07817],[-2.49562,43.07829],[-2.49556,43.07846],[-2.49556,43.07855]]}},{"type":"Feature","properties":{"id":1341238674,"highway":"service"},"geometry":{"type":"LineString","coordinates":[[-2.4955,43.08936],[-2.49532,43.08938],[-2.49515,43.08941],[-2.4951,43.08944],[-2.49509,43.08946],[-2.49507,43.08947],[-2.49506,43.08951],[-2.49504,43.08959]]}},{"type":"Feature","properties":{"id":1341238675,"highway":"track"},"geometry":{"type":"LineString","coordinates":[[-2.49509,43.08946],[-2.49502,43.08941]]}},{"type":"Feature","properties":{"id":1341238679,"highway":"service"},"geometry":{"type":"LineString","coordinates":[[-2.50014,43.06792],[-2.49993,43.06789],[-2.49954,43.0679]]}},{"type":"Feature","properties":{"id":1341238683,"highway":"service"},"geometry":{"type":"LineString","coordinates":[[-2.50015,43.06607],[-2.50009,43.06601],[-2.50002,43.06593],[-2.49998,43.0658],[-2.49996,43.06561]]}},{"type":"Feature","properties":{"id":1341238685,"highway":"residential"},"geometry":{"type":"LineString","coordinates":[[-2.49363,43.06199],[-2.49366,43.062],[-2.49368,43.06199],[-2.49371,43.06199],[-2.49373,43.06197],[-2.49374,43.06195],[-2.49375,43.06193],[-2.49374,43.06191],[-2.49373,43.06189],[-2.4937,43.06187],[-2.49368,43.06187],[-2.49364,43.06187],[-2.49362,43.06187],[-2.49359,43.06189],[-2.49358,43.06191],[-2.49357,43.06193],[-2.49357,43.06195],[-2.49359,43.06197],[-2.49361,43.06198],[-2.49363,43.06199]]}},{"type":"Feature","properties":{"id":1341238686,"highway":"footway"},"geometry":{"type":"LineString","coordinates":[[-2.4976,43.06267],[-2.49765,43.06273],[-2.49724,43.06288]]}},{"type":"Feature","properties":{"id":1341238687,"highway":"footway"},"geometry":{"type":"LineString","coordinates":[[-2.49724,43.06288],[-2.49646,43.06316],[-2.49643,43.06311]]}},{"type":"Feature","properties":{"id":1341238689,"highway":"footway","puente":"yes"},"geometry":{"type":"LineString","coordinates":[[-2.49926,43.063],[-2.49922,43.06283]]}},{"type":"Feature","properties":{"id":1341238690,"highway":"footway"},"geometry":{"type":"LineString","coordinates":[[-2.49897,43.06274],[-2.49907,43.06273],[-2.49908,43.06277]]}},{"type":"Feature","properties":{"id":1341238692,"highway":"footway"},"geometry":{"type":"LineString","coordinates":[[-2.49891,43.06265],[-2.49892,43.06267],[-2.49895,43.06274],[-2.49895,43.06275],[-2.49897,43.06274]]}},{"type":"Feature","properties":{"id":1341238694,"highway":"footway"},"geometry":{"type":"LineString","coordinates":[[-2.49889,43.06248],[-2.49889,43.06251],[-2.49891,43.06265]]}},{"type":"Feature","properties":{"id":1341333487,"highway":"footway"},"geometry":{"type":"LineString","coordinates":[[-2.49959,43.06209],[-2.49934,43.06213],[-2.49885,43.06224],[-2.4988,43.06225],[-2.4984,43.06235]]}},{"type":"Feature","properties":{"id":1341333488,"highway":"steps"},"geometry":{"type":"LineString","coordinates":[[-2.49729,43.06295],[-2.49724,43.06288]]}},{"type":"Feature","properties":{"id":1341333492,"highway":"footway"},"geometry":{"type":"LineString","coordinates":[[-2.49822,43.06246],[-2.49824,43.06251]]}},{"type":"Feature","properties":{"id":1341333493,"highway":"footway"},"geometry":{"type":"LineString","coordinates":[[-2.49824,43.06251],[-2.49831,43.06249]]}},{"type":"Feature","properties":{"id":1341333494,"highway":"footway"},"geometry":{"type":"LineString","coordinates":[[-2.49824,43.06251],[-2.49809,43.06255],[-2.49796,43.06259],[-2.49792,43.06261],[-2.4978,43.06266],[-2.49765,43.06273]]}},{"type":"Feature","properties":{"id":1341333495,"highway":"footway"},"geometry":{"type":"LineString","coordinates":[[-2.49833,43.06253],[-2.49819,43.06256]]}},{"type":"Feature","properties":{"id":1341333496,"highway":"steps"},"geometry":{"type":"LineString","coordinates":[[-2.49819,43.06256],[-2.49794,43.06262]]}},{"type":"Feature","properties":{"id":1341333497,"highway":"footway"},"geometry":{"type":"LineString","coordinates":[[-2.49794,43.06262],[-2.49792,43.06261]]}},{"type":"Feature","properties":{"id":1341333498,"highway":"footway"},"geometry":{"type":"LineString","coordinates":[[-2.49833,43.06254],[-2.49793,43.06264],[-2.49782,43.06267],[-2.49774,43.0627],[-2.49765,43.06276],[-2.4975,43.06283],[-2.49729,43.0629],[-2.49732,43.06295],[-2.4973,43.06296]]}},{"type":"Feature","properties":{"id":1341333499,"highway":"footway","puente":"yes"},"geometry":{"type":"LineString","coordinates":[[-2.49888,43.06243],[-2.49864,43.06247],[-2.49833,43.06253]]}},{"type":"Feature","properties":{"id":1341333500,"highway":"footway"},"geometry":{"type":"LineString","coordinates":[[-2.49889,43.06248],[-2.49888,43.06243]]}},{"type":"Feature","properties":{"id":1341333501,"highway":"footway"},"geometry":{"type":"LineString","coordinates":[[-2.49836,43.06256],[-2.49838,43.06257],[-2.49838,43.06258],[-2.49839,43.06259]]}},{"type":"Feature","properties":{"id":1341333502,"highway":"footway"},"geometry":{"type":"LineString","coordinates":[[-2.49869,43.06288],[-2.49854,43.06297]]}},{"type":"Feature","properties":{"id":1341333503,"highway":"footway"},"geometry":{"type":"LineString","coordinates":[[-2.5012,43.06276],[-2.5012,43.06272],[-2.5012,43.06269],[-2.5012,43.06267]]}},{"type":"Feature","properties":{"id":1341333504,"highway":"footway"},"geometry":{"type":"LineString","coordinates":[[-2.50117,43.06248],[-2.5012,43.06246],[-2.50122,43.06243],[-2.50124,43.06238],[-2.50124,43.06227],[-2.50122,43.06227]]}},{"type":"Feature","properties":{"id":1341333505,"highway":"footway"},"geometry":{"type":"LineString","coordinates":[[-2.50124,43.06227],[-2.50124,43.06223]]}},{"type":"Feature","properties":{"id":1341333507,"highway":"footway"},"geometry":{"type":"LineString","coordinates":[[-2.5012,43.06276],[-2.5012,43.06278],[-2.50112,43.06278]]}},{"type":"Feature","properties":{"id":1341333509,"highway":"footway"},"geometry":{"type":"LineString","coordinates":[[-2.49922,43.06283],[-2.49921,43.0628],[-2.49909,43.06281],[-2.49908,43.06277]]}},{"type":"Feature","properties":{"id":1341480714,"highway":"footway"},"geometry":{"type":"LineString","coordinates":[[-2.5025,43.06279],[-2.5025,43.06274]]}},{"type":"Feature","properties":{"id":1341480715,"highway":"footway"},"geometry":{"type":"LineString","coordinates":[[-2.5025,43.06274],[-2.5025,43.06268],[-2.5025,43.06267]]}},{"type":"Feature","properties":{"id":1341480716,"highway":"footway"},"geometry":{"type":"LineString","coordinates":[[-2.50113,43.06318],[-2.50113,43.06325]]}},{"type":"Feature","properties":{"id":1341480717,"highway":"steps"},"geometry":{"type":"LineString","coordinates":[[-2.50113,43.06349],[-2.50113,43.06337]]}},{"type":"Feature","properties":{"id":1341480718,"highway":"footway"},"geometry":{"type":"LineString","coordinates":[[-2.5025,43.06268],[-2.5019,43.06269],[-2.5012,43.06269]]}},{"type":"Feature","properties":{"id":1341480719,"highway":"steps"},"geometry":{"type":"LineString","coordinates":[[-2.50198,43.06349],[-2.50196,43.06351],[-2.50192,43.06355],[-2.50188,43.06355]]}},{"type":"Feature","properties":{"id":1341480720,"highway":"footway"},"geometry":{"type":"LineString","coordinates":[[-2.50038,43.06323],[-2.50038,43.06318]]}},{"type":"Feature","properties":{"id":1341480721,"highway":"footway"},"geometry":{"type":"LineString","coordinates":[[-2.50038,43.06323],[-2.50038,43.06327],[-2.50038,43.06331]]}},{"type":"Feature","properties":{"id":1341480722,"highway":"footway"},"geometry":{"type":"LineString","coordinates":[[-2.50059,43.06297],[-2.50059,43.06289]]}},{"type":"Feature","properties":{"id":1341480723,"highway":"steps"},"geometry":{"type":"LineString","coordinates":[[-2.50059,43.06289],[-2.50058,43.06287],[-2.50058,43.06281]]}},{"type":"Feature","properties":{"id":1341480724,"highway":"footway"},"geometry":{"type":"LineString","coordinates":[[-2.50058,43.06281],[-2.50058,43.06276]]}},{"type":"Feature","properties":{"id":1341480725,"highway":"footway"},"geometry":{"type":"LineString","coordinates":[[-2.50039,43.06344],[-2.50035,43.06344],[-2.50035,43.06348]]}},{"type":"Feature","properties":{"id":1341480726,"highway":"footway"},"geometry":{"type":"LineString","coordinates":[[-2.50035,43.06344],[-2.50035,43.06332]]}},{"type":"Feature","properties":{"id":1341480727,"highway":"footway"},"geometry":{"type":"LineString","coordinates":[[-2.50035,43.06332],[-2.50035,43.06327],[-2.50038,43.06327]]}},{"type":"Feature","properties":{"id":1341480728,"highway":"footway"},"geometry":{"type":"LineString","coordinates":[[-2.50038,43.06318],[-2.49966,43.06317]]}},{"type":"Feature","properties":{"id":1341480729,"highway":"footway"},"geometry":{"type":"LineString","coordinates":[[-2.49966,43.06317],[-2.49939,43.06317],[-2.49933,43.06316],[-2.49931,43.06315],[-2.4993,43.06314],[-2.49928,43.06314]]}},{"type":"Feature","properties":{"id":1341480730,"highway":"footway"},"geometry":{"type":"LineString","coordinates":[[-2.49981,43.06276],[-2.49981,43.06283]]}},{"type":"Feature","properties":{"id":1341480731,"highway":"steps"},"geometry":{"type":"LineString","coordinates":[[-2.49981,43.06283],[-2.49981,43.06292]]}},{"type":"Feature","properties":{"id":1341480732,"highway":"footway"},"geometry":{"type":"LineString","coordinates":[[-2.49981,43.06292],[-2.49981,43.06297]]}},{"type":"Feature","properties":{"id":1341480734,"highway":"footway"},"geometry":{"type":"LineString","coordinates":[[-2.50283,43.06194],[-2.50283,43.062],[-2.50292,43.06199]]}},{"type":"Feature","properties":{"id":1341480735,"highway":"steps"},"geometry":{"type":"LineString","coordinates":[[-2.50293,43.06207],[-2.50295,43.06231]]}},{"type":"Feature","properties":{"id":1341480736,"highway":"footway"},"geometry":{"type":"LineString","coordinates":[[-2.50329,43.06241],[-2.50333,43.06237],[-2.50328,43.06234],[-2.50324,43.06233],[-2.50317,43.06232],[-2.50295,43.06231]]}},{"type":"Feature","properties":{"id":1341480737,"highway":"footway"},"geometry":{"type":"LineString","coordinates":[[-2.50292,43.06199],[-2.50293,43.06207]]}},{"type":"Feature","properties":{"id":1341480738,"highway":"footway"},"geometry":{"type":"LineString","coordinates":[[-2.50283,43.062],[-2.50182,43.06206],[-2.50182,43.062]]}},{"type":"Feature","properties":{"id":1341480740,"highway":"footway"},"geometry":{"type":"LineString","coordinates":[[-2.48991,43.06801],[-2.48994,43.06803]]}},{"type":"Feature","properties":{"id":1341480741,"highway":"steps"},"geometry":{"type":"LineString","coordinates":[[-2.48994,43.06803],[-2.49011,43.06839]]}},{"type":"Feature","properties":{"id":1341480742,"highway":"footway"},"geometry":{"type":"LineString","coordinates":[[-2.49011,43.06839],[-2.49007,43.06839],[-2.49009,43.06845],[-2.49003,43.0685]]}},{"type":"Feature","properties":{"id":1341480743,"highway":"pedestrian","nombre":"Uarkape kalea"},"geometry":{"type":"LineString","coordinates":[[-2.48805,43.06749],[-2.48797,43.06746]]}},{"type":"Feature","properties":{"id":1341480745,"highway":"pedestrian","nombre":"Uarkape kalea","tunel":"yes"},"geometry":{"type":"LineString","coordinates":[[-2.48817,43.06754],[-2.48805,43.06749]]}},{"type":"Feature","properties":{"id":1341480748,"highway":"footway"},"geometry":{"type":"LineString","coordinates":[[-2.48968,43.06766],[-2.48971,43.06765],[-2.48963,43.06743],[-2.48971,43.06742]]}},{"type":"Feature","properties":{"id":1341480749,"highway":"ladder"},"geometry":{"type":"LineString","coordinates":[[-2.48814,43.06735],[-2.48812,43.06737],[-2.4881,43.06738],[-2.48807,43.06738],[-2.48805,43.06738],[-2.48797,43.06746]]}},{"type":"Feature","properties":{"id":1341480750,"highway":"ladder"},"geometry":{"type":"LineString","coordinates":[[-2.48805,43.06738],[-2.48803,43.06737],[-2.48802,43.06735],[-2.48802,43.06733],[-2.48805,43.0673]]}},{"type":"Feature","properties":{"id":1341480751,"highway":"footway"},"geometry":{"type":"LineString","coordinates":[[-2.48963,43.06743],[-2.48947,43.06745],[-2.48938,43.06746],[-2.48917,43.06748],[-2.48893,43.06748],[-2.48878,43.06747],[-2.48872,43.06746],[-2.4885,43.0674],[-2.4882,43.06727],[-2.48811,43.06724],[-2.48809,43.06723],[-2.48812,43.0672],[-2.48777,43.067],[-2.48774,43.06698]]}},{"type":"Feature","properties":{"id":1341480752,"highway":"footway"},"geometry":{"type":"LineString","coordinates":[[-2.48814,43.06735],[-2.4882,43.06727]]}},{"type":"Feature","properties":{"id":1341480753,"highway":"footway"},"geometry":{"type":"LineString","coordinates":[[-2.48805,43.0673],[-2.48811,43.06724]]}},{"type":"Feature","properties":{"id":1341480754,"highway":"pedestrian"},"geometry":{"type":"LineString","coordinates":[[-2.48797,43.06746],[-2.4879,43.06742]]}},{"type":"Feature","properties":{"id":1341480756,"highway":"ladder"},"geometry":{"type":"LineString","coordinates":[[-2.48805,43.06749],[-2.488,43.06751],[-2.48797,43.06751],[-2.48794,43.06751],[-2.48792,43.06751],[-2.4879,43.06749],[-2.48789,43.06748],[-2.48789,43.06745],[-2.4879,43.06742]]}},{"type":"Feature","properties":{"id":1341480757,"highway":"ladder"},"geometry":{"type":"LineString","coordinates":[[-2.48792,43.06751],[-2.48789,43.06754]]}},{"type":"Feature","properties":{"id":1341480758,"highway":"footway"},"geometry":{"type":"LineString","coordinates":[[-2.4879,43.06764],[-2.48813,43.06771],[-2.48843,43.0678],[-2.48864,43.06784],[-2.48892,43.06788],[-2.48923,43.06789],[-2.48957,43.06787],[-2.48958,43.06793]]}},{"type":"Feature","properties":{"id":1341480760,"highway":"footway"},"geometry":{"type":"LineString","coordinates":[[-2.49103,43.0646],[-2.49114,43.06468]]}},{"type":"Feature","properties":{"id":1341480761,"highway":"steps"},"geometry":{"type":"LineString","coordinates":[[-2.49079,43.0644],[-2.49082,43.06443]]}},{"type":"Feature","properties":{"id":1341480762,"highway":"residential","nombre":"Pablo Uranga kalea","oneway":"yes"},"geometry":{"type":"LineString","coordinates":[[-2.49133,43.0665],[-2.49135,43.06645],[-2.49135,43.06642]]}},{"type":"Feature","properties":{"id":1341480763,"highway":"residential","nombre":"Pablo Uranga kalea","oneway":"yes"},"geometry":{"type":"LineString","coordinates":[[-2.49083,43.0668],[-2.49133,43.0665]]}},{"type":"Feature","properties":{"id":1341792965,"highway":"service"},"geometry":{"type":"LineString","coordinates":[[-2.48944,43.06489],[-2.48953,43.06502],[-2.48956,43.06504],[-2.48959,43.06506]]}},{"type":"Feature","properties":{"id":1341792968,"highway":"footway"},"geometry":{"type":"LineString","coordinates":[[-2.49024,43.06684],[-2.49015,43.06658]]}},{"type":"Feature","properties":{"id":1341792969,"highway":"footway"},"geometry":{"type":"LineString","coordinates":[[-2.48956,43.06706],[-2.48964,43.06706],[-2.48995,43.06695],[-2.49024,43.06684]]}},{"type":"Feature","properties":{"id":1341792970,"highway":"footway"},"geometry":{"type":"LineString","coordinates":[[-2.49003,43.06706],[-2.49001,43.06704],[-2.48998,43.06699],[-2.48995,43.06695]]}},{"type":"Feature","properties":{"id":1341792971,"highway":"footway"},"geometry":{"type":"LineString","coordinates":[[-2.48977,43.06664],[-2.48982,43.06671]]}},{"type":"Feature","properties":{"id":1341792972,"highway":"footway","tunel":"yes"},"geometry":{"type":"LineString","coordinates":[[-2.48982,43.06671],[-2.48985,43.06677],[-2.48983,43.06677]]}},{"type":"Feature","properties":{"id":1341792973,"highway":"footway"},"geometry":{"type":"LineString","coordinates":[[-2.49078,43.06683],[-2.49069,43.06673],[-2.49065,43.0667]]}},{"type":"Feature","properties":{"id":1341792974,"highway":"footway"},"geometry":{"type":"LineString","coordinates":[[-2.49024,43.06684],[-2.49051,43.06672],[-2.49063,43.06667],[-2.49065,43.06666],[-2.49103,43.06647],[-2.49109,43.06644],[-2.49136,43.06629],[-2.49139,43.06627],[-2.49153,43.06619],[-2.49181,43.06598],[-2.49191,43.0659]]}},{"type":"Feature","properties":{"id":1341792975,"highway":"footway"},"geometry":{"type":"LineString","coordinates":[[-2.49065,43.06666],[-2.49051,43.06649]]}},{"type":"Feature","properties":{"id":1341792976,"highway":"footway"},"geometry":{"type":"LineString","coordinates":[[-2.49065,43.0667],[-2.49063,43.06667]]}},{"type":"Feature","properties":{"id":1341792977,"highway":"footway"},"geometry":{"type":"LineString","coordinates":[[-2.49051,43.06672],[-2.49036,43.06653]]}},{"type":"Feature","properties":{"id":1341792979,"highway":"service","nombre":"Errekalde kalea"},"geometry":{"type":"LineString","coordinates":[[-2.48125,43.06528],[-2.48069,43.06489]]}},{"type":"Feature","properties":{"id":1341792982,"highway":"service","nombre":"Etxagibel notarioa kalea"},"geometry":{"type":"LineString","coordinates":[[-2.48064,43.06479],[-2.48007,43.06454],[-2.47989,43.06444],[-2.47984,43.06439]]}},{"type":"Feature","properties":{"id":1341792983,"highway":"service"},"geometry":{"type":"LineString","coordinates":[[-2.47914,43.06366],[-2.47924,43.06357],[-2.47932,43.06352],[-2.47937,43.06349]]}},{"type":"Feature","properties":{"id":1341792984,"highway":"footway"},"geometry":{"type":"LineString","coordinates":[[-2.47901,43.06371],[-2.47909,43.06359]]}},{"type":"Feature","properties":{"id":1341792985,"highway":"footway"},"geometry":{"type":"LineString","coordinates":[[-2.47677,43.06674],[-2.47672,43.06681],[-2.47667,43.06694],[-2.47662,43.06708],[-2.47637,43.06776],[-2.47618,43.06825],[-2.47616,43.06833],[-2.47616,43.06839],[-2.47621,43.06844],[-2.47625,43.06848],[-2.47627,43.06851],[-2.47627,43.06854],[-2.47625,43.0686],[-2.47628,43.06861]]}},{"type":"Feature","properties":{"id":1341792986,"highway":"footway"},"geometry":{"type":"LineString","coordinates":[[-2.47736,43.06577],[-2.4771,43.0661],[-2.47693,43.06638],[-2.47683,43.06659],[-2.47678,43.06673],[-2.47677,43.06674]]}},{"type":"Feature","properties":{"id":1341792987,"highway":"footway"},"geometry":{"type":"LineString","coordinates":[[-2.48896,43.06566],[-2.489,43.0657]]}},{"type":"Feature","properties":{"id":1341792988,"highway":"ladder"},"geometry":{"type":"LineString","coordinates":[[-2.489,43.0657],[-2.48904,43.06574]]}},{"type":"Feature","properties":{"id":1341792991,"highway":"cycleway","tunel":"yes"},"geometry":{"type":"LineString","coordinates":[[-2.4878,43.0638],[-2.48767,43.06412]]}},{"type":"Feature","properties":{"id":1341792992,"highway":"cycleway"},"geometry":{"type":"LineString","coordinates":[[-2.48804,43.06373],[-2.48793,43.06376],[-2.48783,43.06378],[-2.4878,43.0638]]}},{"type":"Feature","properties":{"id":1341792993,"highway":"cycleway"},"geometry":{"type":"LineString","coordinates":[[-2.48767,43.06412],[-2.48767,43.06414],[-2.48769,43.06421]]}},{"type":"Feature","properties":{"id":1341792996,"highway":"footway"},"geometry":{"type":"LineString","coordinates":[[-2.48561,43.06385],[-2.48548,43.06383],[-2.48545,43.0638],[-2.4854,43.06374],[-2.48539,43.0637],[-2.48533,43.06369]]}},{"type":"Feature","properties":{"id":1341792997,"highway":"service"},"geometry":{"type":"LineString","coordinates":[[-2.48553,43.06298],[-2.48582,43.06302],[-2.48586,43.06303],[-2.48589,43.06305]]}},{"type":"Feature","properties":{"id":1341792998,"highway":"service"},"geometry":{"type":"LineString","coordinates":[[-2.4868,43.0649],[-2.48672,43.06479],[-2.48653,43.06486],[-2.48663,43.06497]]}},{"type":"Feature","properties":{"id":1341792999,"highway":"cycleway"},"geometry":{"type":"LineString","coordinates":[[-2.48798,43.06362],[-2.488,43.06366],[-2.48804,43.06373]]}},{"type":"Feature","properties":{"id":1341793000,"highway":"footway"},"geometry":{"type":"LineString","coordinates":[[-2.48897,43.06404],[-2.48891,43.06398],[-2.48874,43.06399],[-2.48848,43.06398],[-2.48836,43.06395]]}},{"type":"Feature","properties":{"id":1341878050,"highway":"footway"},"geometry":{"type":"LineString","coordinates":[[-2.49147,43.06269],[-2.49123,43.06284],[-2.4912,43.06288]]}},{"type":"Feature","properties":{"id":1341878051,"highway":"footway"},"geometry":{"type":"LineString","coordinates":[[-2.48897,43.06404],[-2.48895,43.06404],[-2.48876,43.06405],[-2.48859,43.06405],[-2.48841,43.06403],[-2.48827,43.06402],[-2.48812,43.06402],[-2.48807,43.064]]}},{"type":"Feature","properties":{"id":1347582856,"highway":"footway"},"geometry":{"type":"LineString","coordinates":[[-2.48616,43.06575],[-2.48615,43.06581]]}},{"type":"Feature","properties":{"id":1347582858,"highway":"footway"},"geometry":{"type":"LineString","coordinates":[[-2.48733,43.0657],[-2.4873,43.06566],[-2.48725,43.06567],[-2.48713,43.06552]]}},{"type":"Feature","properties":{"id":1347582859,"highway":"footway"},"geometry":{"type":"LineString","coordinates":[[-2.48691,43.06559],[-2.48674,43.06565],[-2.48643,43.06524]]}},{"type":"Feature","properties":{"id":1347582861,"highway":"footway"},"geometry":{"type":"LineString","coordinates":[[-2.48616,43.06575],[-2.48617,43.0657],[-2.48655,43.06572],[-2.48673,43.06574],[-2.48668,43.06567],[-2.48674,43.06565]]}},{"type":"Feature","properties":{"id":1347582864,"highway":"footway"},"geometry":{"type":"LineString","coordinates":[[-2.49727,43.0644],[-2.49734,43.06441]]}},{"type":"Feature","properties":{"id":1347582865,"highway":"footway"},"geometry":{"type":"LineString","coordinates":[[-2.49664,43.06436],[-2.49664,43.06433],[-2.49665,43.0643],[-2.49666,43.06423]]}},{"type":"Feature","properties":{"id":1348564752,"highway":"footway"},"geometry":{"type":"LineString","coordinates":[[-2.49508,43.05677],[-2.49504,43.05677],[-2.49498,43.05678],[-2.49493,43.05676],[-2.4949,43.05676]]}},{"type":"Feature","properties":{"id":1348564753,"highway":"residential","oneway":"yes"},"geometry":{"type":"LineString","coordinates":[[-2.49536,43.0586],[-2.49534,43.05854],[-2.49532,43.05851]]}},{"type":"Feature","properties":{"id":1348564754,"highway":"residential","nombre":"Azeri kalea","oneway":"yes","superficie":"asphalt"},"geometry":{"type":"LineString","coordinates":[[-2.49532,43.05851],[-2.49534,43.05849],[-2.49535,43.0584],[-2.49538,43.05835]]}},{"type":"Feature","properties":{"id":1348564755,"highway":"tertiary","nombre":"17 Emakume kalea","oneway":"yes"},"geometry":{"type":"LineString","coordinates":[[-2.49538,43.05835],[-2.49539,43.05821],[-2.49541,43.05769],[-2.4954,43.05758],[-2.49537,43.05747],[-2.49534,43.05739],[-2.49526,43.05729],[-2.49521,43.05721],[-2.49516,43.05716],[-2.49512,43.05711],[-2.49507,43.05707]]}},{"type":"Feature","properties":{"id":1348564756,"highway":"tertiary","nombre":"17 Emakume kalea","oneway":"no"},"geometry":{"type":"LineString","coordinates":[[-2.49536,43.0586],[-2.49536,43.05854],[-2.49536,43.05851]]}},{"type":"Feature","properties":{"id":1348564757,"highway":"residential","nombre":"Azeri kalea","superficie":"asphalt"},"geometry":{"type":"LineString","coordinates":[[-2.49532,43.05851],[-2.4953,43.05851],[-2.49517,43.0585],[-2.49486,43.0585],[-2.49412,43.05852],[-2.49404,43.0585],[-2.49395,43.05846],[-2.49385,43.0584],[-2.49382,43.05839],[-2.49375,43.05835]]}},{"type":"Feature","properties":{"id":1348564758,"highway":"tertiary","nombre":"17 Emakume kalea","oneway":"no"},"geometry":{"type":"LineString","coordinates":[[-2.49536,43.05851],[-2.49538,43.05835]]}},{"type":"Feature","properties":{"id":1352048925,"highway":"unclassified","oneway":"yes"},"geometry":{"type":"LineString","coordinates":[[-2.46386,43.07548],[-2.46393,43.07547],[-2.46404,43.07548],[-2.46413,43.07549],[-2.46418,43.07552],[-2.46422,43.07555]]}},{"type":"Feature","properties":{"id":1352048926,"highway":"unclassified","oneway":"yes"},"geometry":{"type":"LineString","coordinates":[[-2.46422,43.07555],[-2.46423,43.07551],[-2.46425,43.07545],[-2.46429,43.0754],[-2.46435,43.07534],[-2.4644,43.0753]]}},{"type":"Feature","properties":{"id":1352048927,"highway":"service"},"geometry":{"type":"LineString","coordinates":[[-2.46836,43.0757],[-2.46837,43.0757],[-2.46839,43.07571],[-2.4684,43.07571],[-2.46841,43.07571],[-2.46843,43.07572],[-2.46844,43.07572],[-2.46846,43.07572],[-2.46847,43.07572],[-2.46849,43.07572],[-2.4685,43.07571],[-2.4686,43.07565],[-2.46881,43.07544]]}},{"type":"Feature","properties":{"id":1361140726,"highway":"service"},"geometry":{"type":"LineString","coordinates":[[-2.52872,43.06258],[-2.52872,43.06261],[-2.52873,43.06266],[-2.529,43.06283],[-2.52883,43.06298],[-2.52879,43.06307]]}},{"type":"Feature","properties":{"id":1361141449,"highway":"service"},"geometry":{"type":"LineString","coordinates":[[-2.51221,43.07811],[-2.51218,43.07814],[-2.51214,43.07818],[-2.51211,43.07824],[-2.51208,43.07829],[-2.51206,43.07843],[-2.51208,43.07847],[-2.5121,43.0785]]}},{"type":"Feature","properties":{"id":1381710560,"highway":"unclassified","nombre":"San Andres auzoa"},"geometry":{"type":"LineString","coordinates":[[-2.49174,43.05416],[-2.49178,43.05416]]}},{"type":"Feature","properties":{"id":1381710561,"highway":"cycleway","nombre":"Vasco-Navarroaren bide berdea","izena_eu":"Vasco-Navarroaren bide berdea","nombre_es":"Via Verde del Vasco Navarro","oneway":"no"},"geometry":{"type":"LineString","coordinates":[[-2.4924,43.05663],[-2.49231,43.0562],[-2.49225,43.05591],[-2.49215,43.05546],[-2.49212,43.0553],[-2.49206,43.05504],[-2.492,43.05478],[-2.49196,43.05466],[-2.49189,43.05456],[-2.49183,43.05443],[-2.49176,43.05422],[-2.49174,43.05416]]}},{"type":"Feature","properties":{"id":1381710562,"highway":"tertiary","nombre":"Araba etorbidea","superficie":"asphalt"},"geometry":{"type":"LineString","coordinates":[[-2.49245,43.06094],[-2.49245,43.06097]]}},{"type":"Feature","properties":{"id":1381710563,"highway":"residential"},"geometry":{"type":"LineString","coordinates":[[-2.49433,43.06163],[-2.49439,43.06163],[-2.49444,43.06164]]}},{"type":"Feature","properties":{"id":1381710564,"highway":"residential"},"geometry":{"type":"LineString","coordinates":[[-2.4942,43.06164],[-2.49426,43.06164]]}},{"type":"Feature","properties":{"id":1381710565,"highway":"path"},"geometry":{"type":"LineString","coordinates":[[-2.49826,43.06662],[-2.49828,43.06668],[-2.49832,43.06674],[-2.49834,43.06684],[-2.49834,43.06705],[-2.49835,43.06713]]}},{"type":"Feature","properties":{"id":1385715589,"highway":"service","oneway":"no"},"geometry":{"type":"LineString","coordinates":[[-2.53423,43.0792],[-2.5343,43.07929],[-2.53436,43.07941],[-2.5344,43.07955],[-2.53441,43.07965],[-2.53446,43.07972],[-2.53462,43.07977],[-2.53474,43.07979],[-2.53492,43.07984],[-2.53515,43.08008],[-2.53537,43.08021],[-2.5355,43.08022],[-2.53558,43.08022]]}},{"type":"Feature","properties":{"id":1423559143,"highway":"service","nombre":"Bedoña auzoa","puente":"yes","superficie":"concrete"},"geometry":{"type":"LineString","coordinates":[[-2.45892,43.051],[-2.45877,43.05105]]}},{"type":"Feature","properties":{"id":1423655378,"highway":"footway","superficie":"paving_stones"},"geometry":{"type":"LineString","coordinates":[[-2.49277,43.0572],[-2.49278,43.05718],[-2.4928,43.05716],[-2.49283,43.05715],[-2.49285,43.05714],[-2.49287,43.05714]]}},{"type":"Feature","properties":{"id":1423655379,"highway":"footway","superficie":"asphalt"},"geometry":{"type":"LineString","coordinates":[[-2.49287,43.05714],[-2.49287,43.05711],[-2.49286,43.05709],[-2.49279,43.05709],[-2.49278,43.05707],[-2.49278,43.05704]]}},{"type":"Feature","properties":{"id":1423655380,"highway":"footway","superficie":"paving_stones"},"geometry":{"type":"LineString","coordinates":[[-2.49287,43.05714],[-2.49292,43.05714],[-2.49298,43.05713],[-2.49301,43.05714],[-2.49303,43.05715],[-2.49304,43.05716]]}},{"type":"Feature","properties":{"id":1423655381,"highway":"footway","superficie":"paving_stones"},"geometry":{"type":"LineString","coordinates":[[-2.49476,43.05618],[-2.49483,43.05643],[-2.49486,43.05654],[-2.49487,43.05656],[-2.49489,43.0566],[-2.4949,43.05663],[-2.49491,43.05667],[-2.49491,43.0567],[-2.49491,43.05673],[-2.4949,43.05676],[-2.49488,43.05678],[-2.49485,43.0568],[-2.49481,43.05683],[-2.49475,43.05685],[-2.49467,43.05686],[-2.49458,43.05685],[-2.49449,43.05687],[-2.4944,43.05688],[-2.4943,43.05691],[-2.4942,43.05695],[-2.49417,43.05696],[-2.4941,43.05698],[-2.494,43.05702],[-2.49394,43.05703],[-2.49387,43.05704]]}},{"type":"Feature","properties":{"id":1423655382,"highway":"footway","superficie":"asphalt"},"geometry":{"type":"LineString","coordinates":[[-2.4927,43.05723],[-2.49277,43.0572]]}},{"type":"Feature","properties":{"id":1423655383,"highway":"footway"},"geometry":{"type":"LineString","coordinates":[[-2.49278,43.05704],[-2.49273,43.05704],[-2.49268,43.05704],[-2.49265,43.05703],[-2.49262,43.05702],[-2.49257,43.05699],[-2.49254,43.05696],[-2.49254,43.05692],[-2.49251,43.05679],[-2.4925,43.05675],[-2.49246,43.05673]]}},{"type":"Feature","properties":{"id":1423655384,"highway":"footway","superficie":"asphalt"},"geometry":{"type":"LineString","coordinates":[[-2.49387,43.05704],[-2.49372,43.05704],[-2.4936,43.05704],[-2.49346,43.05704],[-2.49312,43.05704],[-2.49278,43.05704]]}},{"type":"Feature","properties":{"id":1423655385,"highway":"footway","superficie":"asphalt"},"geometry":{"type":"LineString","coordinates":[[-2.49476,43.05618],[-2.49425,43.05414],[-2.49423,43.05411],[-2.49422,43.05408],[-2.49418,43.05407],[-2.49413,43.05406],[-2.4941,43.05407],[-2.49405,43.05409],[-2.49401,43.05412],[-2.49401,43.05415],[-2.494,43.0542]]}},{"type":"Feature","properties":{"id":1423655386,"highway":"residential"},"geometry":{"type":"LineString","coordinates":[[-2.49493,43.05649],[-2.49483,43.05622],[-2.49472,43.0558],[-2.49437,43.05438],[-2.49433,43.05416],[-2.49431,43.05407]]}},{"type":"Feature","properties":{"id":1423655387,"highway":"cycleway","nombre":"Vasco-Navarroaren bide berdea","izena_eu":"Vasco-Navarroaren bide berdea","nombre_es":"Via Verde del Vasco Navarro"},"geometry":{"type":"LineString","coordinates":[[-2.49241,43.05671],[-2.4924,43.05663]]}},{"type":"Feature","properties":{"id":1423655388,"highway":"footway"},"geometry":{"type":"LineString","coordinates":[[-2.49246,43.05673],[-2.49241,43.05671]]}},{"type":"Feature","properties":{"id":1423655389,"highway":"unclassified","nombre":"San Andres auzoa","oneway":"yes","superficie":"asphalt"},"geometry":{"type":"LineString","coordinates":[[-2.4925,43.05696],[-2.49246,43.05673]]}},{"type":"Feature","properties":{"id":1423655390,"highway":"footway","superficie":"paving_stones"},"geometry":{"type":"LineString","coordinates":[[-2.49486,43.05654],[-2.49485,43.0567],[-2.49484,43.05674],[-2.49481,43.05683]]}},{"type":"Feature","properties":{"id":1423655391,"highway":"footway"},"geometry":{"type":"LineString","coordinates":[[-2.49422,43.05408],[-2.49419,43.05404],[-2.49417,43.054],[-2.49413,43.05394],[-2.49412,43.05392],[-2.4941,43.05387]]}},{"type":"Feature","properties":{"id":1428808664,"highway":"cycleway"},"geometry":{"type":"LineString","coordinates":[[-2.50316,43.06024],[-2.50301,43.0602]]}},{"type":"Feature","properties":{"id":1428808665,"highway":"residential","nombre":"Zerrajera kalea"},"geometry":{"type":"LineString","coordinates":[[-2.49151,43.06272],[-2.49135,43.06285],[-2.49129,43.06289]]}},{"type":"Feature","properties":{"id":1428808666,"highway":"footway"},"geometry":{"type":"LineString","coordinates":[[-2.49147,43.06269],[-2.49151,43.06272]]}},{"type":"Feature","properties":{"id":1428808667,"highway":"footway"},"geometry":{"type":"LineString","coordinates":[[-2.49103,43.06282],[-2.49105,43.06283],[-2.49113,43.06279],[-2.49138,43.0627],[-2.49147,43.06269]]}},{"type":"Feature","properties":{"id":1428808668,"highway":"footway"},"geometry":{"type":"LineString","coordinates":[[-2.4912,43.06288],[-2.49122,43.06291],[-2.49127,43.06299]]}},{"type":"Feature","properties":{"id":1441693227,"highway":"secondary","ref":"GI-2620","oneway":"yes","superficie":"asphalt"},"geometry":{"type":"LineString","coordinates":[[-2.50647,43.06181],[-2.50647,43.06186],[-2.50647,43.06193],[-2.50647,43.06197]]}},{"type":"Feature","properties":{"id":1441693228,"highway":"footway"},"geometry":{"type":"LineString","coordinates":[[-2.50721,43.06181],[-2.50714,43.06177],[-2.50704,43.06183],[-2.50699,43.06186],[-2.50695,43.06187],[-2.50685,43.06186],[-2.50668,43.06183],[-2.50657,43.06178],[-2.50647,43.06181]]}},{"type":"Feature","properties":{"id":1441693229,"highway":"secondary","ref":"GI-2620","oneway":"yes"},"geometry":{"type":"LineString","coordinates":[[-2.50666,43.06192],[-2.50659,43.06188],[-2.50653,43.06184],[-2.50647,43.06181]]}},{"type":"Feature","properties":{"id":1442190703,"highway":"service"},"geometry":{"type":"LineString","coordinates":[[-2.51085,43.0737],[-2.51087,43.07368],[-2.51089,43.07366],[-2.51089,43.07363],[-2.51086,43.07362],[-2.51081,43.0736],[-2.51072,43.07358],[-2.51066,43.07357],[-2.51061,43.07355],[-2.51059,43.07352]]}},{"type":"Feature","properties":{"id":1442190704,"highway":"track"},"geometry":{"type":"LineString","coordinates":[[-2.51059,43.07352],[-2.51019,43.07353],[-2.51001,43.07353],[-2.50982,43.0735],[-2.50949,43.07344],[-2.50935,43.07343],[-2.50913,43.07343],[-2.50897,43.07342],[-2.50875,43.0734],[-2.5086,43.07338],[-2.50837,43.07339],[-2.50831,43.07339],[-2.50823,43.07338],[-2.50812,43.07336],[-2.5077,43.0733],[-2.50732,43.0732],[-2.50686,43.07308],[-2.50646,43.07296]]}},{"type":"Feature","properties":{"id":1445264023,"highway":"tertiary","nombre":"San Andres auzoa","ref":"GI-3554","superficie":"asphalt"},"geometry":{"type":"LineString","coordinates":[[-2.48991,43.05527],[-2.49001,43.05536],[-2.49015,43.0555]]}},{"type":"Feature","properties":{"id":1448063529,"highway":"service"},"geometry":{"type":"LineString","coordinates":[[-2.49487,43.05909],[-2.49474,43.0591],[-2.49474,43.05912],[-2.49473,43.05914],[-2.49473,43.05924],[-2.49438,43.05925],[-2.49432,43.05927],[-2.49428,43.05929],[-2.49402,43.0596]]}},{"type":"Feature","properties":{"id":1448063531,"highway":"footway"},"geometry":{"type":"LineString","coordinates":[[-2.49285,43.05946],[-2.49291,43.05946],[-2.49289,43.05955],[-2.4929,43.05957],[-2.49292,43.05959]]}},{"type":"Feature","properties":{"id":1448063532,"highway":"footway"},"geometry":{"type":"LineString","coordinates":[[-2.49263,43.06036],[-2.49252,43.06034],[-2.49252,43.06037],[-2.49247,43.06037]]}},{"type":"Feature","properties":{"id":1448063533,"highway":"service"},"geometry":{"type":"LineString","coordinates":[[-2.49239,43.05974],[-2.49236,43.05975],[-2.49231,43.05975],[-2.49224,43.05974],[-2.49219,43.05974],[-2.49215,43.05975]]}},{"type":"Feature","properties":{"id":1448063534,"highway":"footway"},"geometry":{"type":"LineString","coordinates":[[-2.49239,43.05974],[-2.49227,43.06034]]}},{"type":"Feature","properties":{"id":1448063536,"highway":"footway"},"geometry":{"type":"LineString","coordinates":[[-2.4921,43.06204],[-2.49199,43.06204],[-2.49199,43.062],[-2.4916,43.06199]]}},{"type":"Feature","properties":{"id":1448063537,"highway":"footway"},"geometry":{"type":"LineString","coordinates":[[-2.49193,43.0609],[-2.4919,43.0609]]}},{"type":"Feature","properties":{"id":1448063538,"highway":"steps"},"geometry":{"type":"LineString","coordinates":[[-2.4919,43.0609],[-2.49193,43.06076]]}},{"type":"Feature","properties":{"id":1448063539,"highway":"footway"},"geometry":{"type":"LineString","coordinates":[[-2.49193,43.06076],[-2.49187,43.06076]]}},{"type":"Feature","properties":{"id":1448063540,"highway":"footway"},"geometry":{"type":"LineString","coordinates":[[-2.49187,43.06076],[-2.49185,43.06054],[-2.49173,43.06023],[-2.49158,43.05994],[-2.49152,43.05996]]}},{"type":"Feature","properties":{"id":1448063541,"highway":"residential","nombre":"San Josepe kalea","oneway":"no"},"geometry":{"type":"LineString","coordinates":[[-2.4913,43.05963],[-2.49127,43.05959],[-2.49126,43.05955],[-2.49125,43.05944],[-2.49126,43.05932],[-2.49127,43.05922],[-2.49127,43.05914],[-2.49127,43.05903],[-2.49128,43.05885],[-2.49129,43.05878],[-2.4913,43.05875]]}},{"type":"Feature","properties":{"id":1448063542,"highway":"residential","nombre":"San Josepe kalea","oneway":"yes"},"geometry":{"type":"LineString","coordinates":[[-2.4914,43.05968],[-2.49139,43.05966],[-2.49137,43.05965],[-2.49135,43.05964],[-2.49132,43.05963],[-2.4913,43.05963],[-2.49127,43.05964],[-2.49125,43.05966],[-2.49124,43.05967],[-2.49124,43.05969],[-2.49124,43.05971],[-2.49126,43.05973],[-2.49128,43.05974],[-2.49131,43.05975],[-2.49133,43.05975],[-2.49136,43.05974],[-2.49138,43.05973],[-2.49139,43.05971],[-2.4914,43.0597],[-2.4914,43.05968]]}},{"type":"Feature","properties":{"id":1448063543,"highway":"tertiary","nombre":"17 Emakume kalea","oneway":"yes"},"geometry":{"type":"LineString","coordinates":[[-2.49494,43.05722],[-2.4951,43.05723],[-2.49516,43.05725],[-2.49518,43.05725],[-2.49526,43.05729]]}},{"type":"Feature","properties":{"id":1448063544,"highway":"tertiary","nombre":"Araba etorbidea","oneway":"yes"},"geometry":{"type":"LineString","coordinates":[[-2.4946,43.05711],[-2.49455,43.05721],[-2.49448,43.05731],[-2.49441,43.05742]]}},{"type":"Feature","properties":{"id":1448063545,"highway":"tertiary","nombre":"Araba etorbidea","oneway":"yes"},"geometry":{"type":"LineString","coordinates":[[-2.49441,43.05742],[-2.49459,43.05732],[-2.49472,43.05726],[-2.49478,43.05724]]}},{"type":"Feature","properties":{"id":1448063546,"highway":"tertiary","oneway":"yes","superficie":"asphalt"},"geometry":{"type":"LineString","coordinates":[[-2.49431,43.05696],[-2.49437,43.05695],[-2.49443,43.05695],[-2.4945,43.05697],[-2.49454,43.057],[-2.49459,43.05704]]}},{"type":"Feature","properties":{"id":1448063547,"highway":"tertiary","oneway":"yes"},"geometry":{"type":"LineString","coordinates":[[-2.49475,43.0569],[-2.49463,43.05689],[-2.49457,43.05689],[-2.4944,43.05691],[-2.49434,43.05693],[-2.49431,43.05696]]}},{"type":"Feature","properties":{"id":1448063549,"highway":"service"},"geometry":{"type":"LineString","coordinates":[[-2.49231,43.05663],[-2.49237,43.05672],[-2.4924,43.05681],[-2.49241,43.05691],[-2.49241,43.05694]]}},{"type":"Feature","properties":{"id":1448573686,"highway":"service"},"geometry":{"type":"LineString","coordinates":[[-2.51319,43.06405],[-2.51305,43.06411],[-2.51289,43.06421],[-2.51287,43.06421],[-2.51283,43.06421],[-2.51279,43.06421],[-2.51275,43.06418]]}},{"type":"Feature","properties":{"id":1448573688,"highway":"service"},"geometry":{"type":"LineString","coordinates":[[-2.50211,43.0608],[-2.50213,43.06085],[-2.50224,43.06108],[-2.50289,43.06093]]}},{"type":"Feature","properties":{"id":1448573689,"highway":"service"},"geometry":{"type":"LineString","coordinates":[[-2.50224,43.06108],[-2.50179,43.06118],[-2.50179,43.06124],[-2.50201,43.0618]]}},{"type":"Feature","properties":{"id":1449330137,"highway":"footway"},"geometry":{"type":"LineString","coordinates":[[-2.4941,43.05387],[-2.49411,43.05385],[-2.49412,43.05369],[-2.49413,43.05349],[-2.4942,43.05349]]}},{"type":"Feature","properties":{"id":1449330138,"highway":"service","oneway":"yes"},"geometry":{"type":"LineString","coordinates":[[-2.49422,43.05361],[-2.49417,43.0538],[-2.49415,43.05387],[-2.49412,43.05392],[-2.49411,43.05395],[-2.49407,43.05399]]}},{"type":"Feature","properties":{"id":1449330139,"highway":"service","oneway":"yes"},"geometry":{"type":"LineString","coordinates":[[-2.49428,43.05394],[-2.49424,43.05392],[-2.49419,43.05392],[-2.49412,43.05392]]}},{"type":"Feature","properties":{"id":1449330140,"highway":"service"},"geometry":{"type":"LineString","coordinates":[[-2.49407,43.05399],[-2.49403,43.05404]]}},{"type":"Feature","properties":{"id":1449330141,"highway":"service","oneway":"yes"},"geometry":{"type":"LineString","coordinates":[[-2.49407,43.05399],[-2.4941,43.054],[-2.49414,43.054],[-2.49417,43.054],[-2.49422,43.054],[-2.49426,43.05399],[-2.49429,43.05396]]}},{"type":"Feature","properties":{"id":1449330142,"highway":"service","oneway":"yes"},"geometry":{"type":"LineString","coordinates":[[-2.4941,43.054],[-2.49419,43.05404],[-2.49423,43.05406],[-2.49427,43.05409],[-2.49433,43.05416]]}},{"type":"Feature","properties":{"id":1449330144,"highway":"service","oneway":"yes"},"geometry":{"type":"LineString","coordinates":[[-2.4936,43.05142],[-2.49373,43.05144],[-2.49383,43.05149]]}},{"type":"Feature","properties":{"id":1449330145,"highway":"service","oneway":"yes"},"geometry":{"type":"LineString","coordinates":[[-2.49383,43.05149],[-2.49375,43.05139],[-2.49373,43.05135],[-2.49373,43.0513]]}},{"type":"Feature","properties":{"id":1449330146,"highway":"service"},"geometry":{"type":"LineString","coordinates":[[-2.49383,43.05149],[-2.49385,43.05153],[-2.49386,43.05156],[-2.49386,43.05158],[-2.49383,43.05165],[-2.49377,43.05172]]}},{"type":"Feature","properties":{"id":1450668092,"highway":"footway"},"geometry":{"type":"LineString","coordinates":[[-2.48938,43.06746],[-2.48936,43.06737],[-2.48935,43.06734],[-2.48933,43.06729],[-2.48937,43.06728],[-2.48939,43.06727],[-2.48941,43.06724],[-2.48942,43.06721],[-2.48942,43.06717],[-2.48944,43.06714],[-2.48945,43.06712],[-2.48946,43.06707]]}},{"type":"Feature","properties":{"id":1450668093,"highway":"footway"},"geometry":{"type":"LineString","coordinates":[[-2.48878,43.06747],[-2.48878,43.06738],[-2.48877,43.06736],[-2.48876,43.06727],[-2.48875,43.06724],[-2.48874,43.06721],[-2.48871,43.06717],[-2.48867,43.06713],[-2.48863,43.06709]]}},{"type":"Feature","properties":{"id":1450668094,"highway":"service"},"geometry":{"type":"LineString","coordinates":[[-2.49039,43.06687],[-2.49034,43.06696],[-2.49027,43.06701],[-2.49008,43.06711],[-2.48997,43.06716]]}},{"type":"Feature","properties":{"id":1450668095,"highway":"pedestrian"},"geometry":{"type":"LineString","coordinates":[[-2.48728,43.06767],[-2.48721,43.0677]]}},{"type":"Feature","properties":{"id":1450668096,"highway":"footway"},"geometry":{"type":"LineString","coordinates":[[-2.48677,43.068],[-2.48682,43.06799],[-2.48677,43.06791]]}},{"type":"Feature","properties":{"id":1450733211,"highway":"footway"},"geometry":{"type":"LineString","coordinates":[[-2.48973,43.06421],[-2.48971,43.06418],[-2.48967,43.06419],[-2.48898,43.06448]]}},{"type":"Feature","properties":{"id":1450772903,"highway":"motorway_link","oneway":"yes"},"geometry":{"type":"LineString","coordinates":[[-2.47758,43.06255],[-2.47746,43.06261],[-2.47719,43.06286],[-2.47689,43.06309],[-2.47682,43.06316]]}},{"type":"Feature","properties":{"id":1450772904,"highway":"motorway_link","oneway":"yes"},"geometry":{"type":"LineString","coordinates":[[-2.47616,43.0641],[-2.47605,43.06451],[-2.47592,43.06499],[-2.47592,43.06508]]}},{"type":"Feature","properties":{"id":1450855027,"highway":"footway"},"geometry":{"type":"LineString","coordinates":[[-2.48389,43.06283],[-2.48384,43.06296],[-2.4838,43.06305]]}},{"type":"Feature","properties":{"id":1450855028,"highway":"service","superficie":"asphalt"},"geometry":{"type":"LineString","coordinates":[[-2.48304,43.06283],[-2.48307,43.06266],[-2.48309,43.06265],[-2.48366,43.06274]]}},{"type":"Feature","properties":{"id":1450855031,"highway":"pedestrian"},"geometry":{"type":"LineString","coordinates":[[-2.48818,43.06585],[-2.48827,43.06603],[-2.48829,43.06608]]}},{"type":"Feature","properties":{"id":1450855033,"highway":"pedestrian","nombre":"Zerkaosteta kalea"},"geometry":{"type":"LineString","coordinates":[[-2.48887,43.06571],[-2.4887,43.06579],[-2.48864,43.06582]]}},{"type":"Feature","properties":{"id":1450855034,"highway":"living_street","nombre":"Zerkaosteta kalea","superficie":"paving_stones"},"geometry":{"type":"LineString","coordinates":[[-2.4897,43.06528],[-2.48954,43.06535],[-2.48919,43.06554],[-2.48896,43.06566],[-2.48891,43.06569],[-2.48887,43.06571]]}},{"type":"Feature","properties":{"id":1450855035,"highway":"living_street","nombre":"Maalako errebala","oneway":"yes"},"geometry":{"type":"LineString","coordinates":[[-2.48677,43.0661],[-2.48676,43.06605],[-2.48679,43.066],[-2.48684,43.06598],[-2.48687,43.06597],[-2.48689,43.06597]]}},{"type":"Feature","properties":{"id":1450855036,"highway":"service","superficie":"asphalt"},"geometry":{"type":"LineString","coordinates":[[-2.47852,43.07043],[-2.47844,43.07046],[-2.47843,43.07046],[-2.47808,43.07076]]}},{"type":"Feature","properties":{"id":1450855037,"highway":"footway"},"geometry":{"type":"LineString","coordinates":[[-2.47865,43.06979],[-2.4786,43.0698],[-2.47859,43.06977],[-2.47858,43.06971],[-2.47859,43.06963],[-2.47859,43.06959],[-2.4786,43.06946],[-2.4786,43.06942]]}},{"type":"Feature","properties":{"id":1450855038,"highway":"footway"},"geometry":{"type":"LineString","coordinates":[[-2.47855,43.06927],[-2.47849,43.06921],[-2.47842,43.06915],[-2.47846,43.06912]]}},{"type":"Feature","properties":{"id":1450855039,"highway":"footway","puente":"yes"},"geometry":{"type":"LineString","coordinates":[[-2.4786,43.06942],[-2.47859,43.06939],[-2.47859,43.06936],[-2.47855,43.06927]]}},{"type":"Feature","properties":{"id":1450855040,"highway":"steps"},"geometry":{"type":"LineString","coordinates":[[-2.47859,43.06963],[-2.47819,43.06962]]}},{"type":"Feature","properties":{"id":1450855041,"highway":"footway"},"geometry":{"type":"LineString","coordinates":[[-2.47819,43.06962],[-2.47816,43.0696]]}},{"type":"Feature","properties":{"id":1451069481,"highway":"footway","nombre":"Zeharkale Estalia","tunel":"yes"},"geometry":{"type":"LineString","coordinates":[[-2.48978,43.06603],[-2.48958,43.06577]]}},{"type":"Feature","properties":{"id":1451069482,"highway":"footway","nombre":"Zeharkale Estalia"},"geometry":{"type":"LineString","coordinates":[[-2.4898,43.06606],[-2.48978,43.06603]]}},{"type":"Feature","properties":{"id":1451069483,"highway":"footway","nombre":"Zeharkale Estalia"},"geometry":{"type":"LineString","coordinates":[[-2.48958,43.06577],[-2.48957,43.06576]]}},{"type":"Feature","properties":{"id":1451069484,"highway":"footway"},"geometry":{"type":"LineString","coordinates":[[-2.4906,43.0649],[-2.49064,43.06494]]}},{"type":"Feature","properties":{"id":1451069485,"highway":"steps"},"geometry":{"type":"LineString","coordinates":[[-2.49064,43.06494],[-2.49065,43.06495],[-2.49062,43.06495]]}},{"type":"Feature","properties":{"id":1451069486,"highway":"footway"},"geometry":{"type":"LineString","coordinates":[[-2.49062,43.06495],[-2.4908,43.06519]]}},{"type":"Feature","properties":{"id":1451069487,"highway":"pedestrian","nombre":"Kanpatorpea"},"geometry":{"type":"LineString","coordinates":[[-2.49072,43.06554],[-2.49077,43.06561]]}},{"type":"Feature","properties":{"id":1451069488,"highway":"pedestrian","nombre":"Kanpatorpea","tunel":"yes"},"geometry":{"type":"LineString","coordinates":[[-2.49067,43.06546],[-2.49071,43.06553],[-2.49072,43.06554]]}},{"type":"Feature","properties":{"id":1451069491,"highway":"footway","tunel":"yes"},"geometry":{"type":"LineString","coordinates":[[-2.49273,43.06574],[-2.49265,43.06564]]}},{"type":"Feature","properties":{"id":1451069492,"highway":"footway"},"geometry":{"type":"LineString","coordinates":[[-2.49265,43.06564],[-2.49265,43.06562]]}},{"type":"Feature","properties":{"id":1451069493,"highway":"footway"},"geometry":{"type":"LineString","coordinates":[[-2.49274,43.06575],[-2.49273,43.06574]]}},{"type":"Feature","properties":{"id":1451069494,"highway":"footway"},"geometry":{"type":"LineString","coordinates":[[-2.4937,43.06503],[-2.49321,43.06523],[-2.49267,43.06546],[-2.49245,43.06556],[-2.49216,43.06571],[-2.49202,43.06582],[-2.49191,43.0659],[-2.49196,43.06592],[-2.492,43.06596],[-2.49204,43.06598],[-2.4921,43.06603],[-2.49211,43.06605]]}},{"type":"Feature","properties":{"id":1451069496,"highway":"footway"},"geometry":{"type":"LineString","coordinates":[[-2.493,43.06572],[-2.49267,43.06586],[-2.49226,43.06603],[-2.49215,43.06608],[-2.49211,43.06605]]}},{"type":"Feature","properties":{"id":1451069497,"highway":"footway"},"geometry":{"type":"LineString","coordinates":[[-2.49215,43.06608],[-2.49181,43.06621],[-2.4916,43.06631],[-2.49153,43.06635],[-2.49147,43.06639]]}},{"type":"Feature","properties":{"id":1451069498,"highway":"footway"},"geometry":{"type":"LineString","coordinates":[[-2.49377,43.06513],[-2.49265,43.06562],[-2.49242,43.06572],[-2.4922,43.06587],[-2.49204,43.06598]]}},{"type":"Feature","properties":{"id":1451069500,"highway":"footway"},"geometry":{"type":"LineString","coordinates":[[-2.49194,43.06495],[-2.49199,43.065],[-2.49208,43.06509]]}},{"type":"Feature","properties":{"id":1451069501,"highway":"steps"},"geometry":{"type":"LineString","coordinates":[[-2.49195,43.06503],[-2.49199,43.065]]}},{"type":"Feature","properties":{"id":1451069502,"highway":"footway"},"geometry":{"type":"LineString","coordinates":[[-2.4921,43.06603],[-2.49244,43.06588],[-2.49274,43.06575],[-2.49317,43.06558],[-2.4938,43.06534],[-2.49388,43.0653]]}},{"type":"Feature","properties":{"id":1451069503,"highway":"footway"},"geometry":{"type":"LineString","coordinates":[[-2.493,43.06572],[-2.49388,43.06538],[-2.49393,43.06536]]}},{"type":"Feature","properties":{"id":1451192423,"highway":"secondary","ref":"GI-2620","superficie":"asphalt"},"geometry":{"type":"LineString","coordinates":[[-2.51573,43.06691],[-2.51572,43.06684],[-2.51567,43.06679],[-2.51564,43.06678]]}},{"type":"Feature","properties":{"id":1451372838,"highway":"living_street","nombre":"Arrasate pasealekua","oneway":"yes"},"geometry":{"type":"LineString","coordinates":[[-2.4912,43.06541],[-2.49108,43.06508],[-2.49108,43.06499],[-2.49109,43.06484],[-2.4911,43.06471]]}},{"type":"Feature","properties":{"id":1451372839,"highway":"footway"},"geometry":{"type":"LineString","coordinates":[[-2.4889,43.06707],[-2.4889,43.06712],[-2.48889,43.06714],[-2.48887,43.06716],[-2.48883,43.06718],[-2.48881,43.06719],[-2.48878,43.06721],[-2.48875,43.06724]]}},{"type":"Feature","properties":{"id":1451372843,"highway":"footway"},"geometry":{"type":"LineString","coordinates":[[-2.48715,43.06644],[-2.48717,43.0664],[-2.4872,43.06636],[-2.48722,43.06632],[-2.48732,43.06625],[-2.48738,43.06624],[-2.48797,43.06632],[-2.48805,43.06633],[-2.48827,43.06636],[-2.48834,43.0664],[-2.48837,43.06645],[-2.4884,43.06649],[-2.48846,43.06657],[-2.48856,43.0667],[-2.48864,43.06681]]}},{"type":"Feature","properties":{"id":1451372844,"highway":"footway"},"geometry":{"type":"LineString","coordinates":[[-2.4878,43.06692],[-2.48784,43.06688],[-2.48786,43.06686]]}},{"type":"Feature","properties":{"id":1451372845,"highway":"footway"},"geometry":{"type":"LineString","coordinates":[[-2.48796,43.06689],[-2.48792,43.06688],[-2.4879,43.06687],[-2.48786,43.06686],[-2.48757,43.06664],[-2.48722,43.06637],[-2.4872,43.06636]]}},{"type":"Feature","properties":{"id":1451372846,"highway":"footway"},"geometry":{"type":"LineString","coordinates":[[-2.48797,43.06632],[-2.48796,43.06635],[-2.48795,43.06638]]}},{"type":"Feature","properties":{"id":1451372847,"highway":"steps"},"geometry":{"type":"LineString","coordinates":[[-2.48795,43.06638],[-2.4877,43.06635],[-2.4877,43.06636],[-2.48784,43.06638]]}},{"type":"Feature","properties":{"id":1451372849,"highway":"pedestrian","nombre":"Maisu Arano Pasealekua"},"geometry":{"type":"LineString","coordinates":[[-2.48913,43.06626],[-2.4889,43.06601],[-2.48875,43.06585],[-2.4887,43.06579]]}},{"type":"Feature","properties":{"id":1451372851,"highway":"footway"},"geometry":{"type":"LineString","coordinates":[[-2.48427,43.06473],[-2.48418,43.06475],[-2.48426,43.06497],[-2.48429,43.065],[-2.48433,43.06503],[-2.48436,43.06505],[-2.48441,43.06506],[-2.4846,43.06506],[-2.48498,43.06506],[-2.48502,43.06506],[-2.48522,43.06506],[-2.48522,43.06501]]}},{"type":"Feature","properties":{"id":1451372852,"highway":"pedestrian"},"geometry":{"type":"LineString","coordinates":[[-2.48498,43.06567],[-2.48498,43.06506]]}},{"type":"Feature","properties":{"id":1451372853,"highway":"service"},"geometry":{"type":"LineString","coordinates":[[-2.48502,43.0651],[-2.48536,43.0651]]}},{"type":"Feature","properties":{"id":1451372854,"highway":"service","oneway":"no"},"geometry":{"type":"LineString","coordinates":[[-2.48552,43.06551],[-2.48553,43.06542],[-2.4855,43.06539],[-2.48546,43.06537],[-2.48543,43.06536]]}},{"type":"Feature","properties":{"id":1451372855,"highway":"footway"},"geometry":{"type":"LineString","coordinates":[[-2.48366,43.06479],[-2.48413,43.06471],[-2.48415,43.06472],[-2.48418,43.06475]]}},{"type":"Feature","properties":{"id":1451372856,"highway":"footway"},"geometry":{"type":"LineString","coordinates":[[-2.48338,43.06557],[-2.48335,43.06557],[-2.4833,43.06555],[-2.48328,43.06551],[-2.48324,43.06549],[-2.48321,43.06548],[-2.48317,43.06547],[-2.48315,43.06545],[-2.48308,43.06546]]}},{"type":"Feature","properties":{"id":1452334797,"highway":"service"},"geometry":{"type":"LineString","coordinates":[[-2.47871,43.06549],[-2.47864,43.06554],[-2.47861,43.06557],[-2.47859,43.0656],[-2.47859,43.06564],[-2.47864,43.0657],[-2.479,43.06601],[-2.47901,43.06603],[-2.479,43.06605],[-2.47895,43.06608]]}},{"type":"Feature","properties":{"id":1452334798,"highway":"footway"},"geometry":{"type":"LineString","coordinates":[[-2.48073,43.06774],[-2.48068,43.06771],[-2.48061,43.06777]]}},{"type":"Feature","properties":{"id":1452334799,"highway":"footway","puente":"yes"},"geometry":{"type":"LineString","coordinates":[[-2.48061,43.06777],[-2.4803,43.06786]]}},{"type":"Feature","properties":{"id":1452334800,"highway":"footway"},"geometry":{"type":"LineString","coordinates":[[-2.4803,43.06786],[-2.48024,43.06787]]}},{"type":"Feature","properties":{"id":1452334801,"highway":"footway","puente":"yes"},"geometry":{"type":"LineString","coordinates":[[-2.48038,43.06798],[-2.48035,43.06789],[-2.48034,43.06786],[-2.4803,43.06787],[-2.4803,43.06786]]}},{"type":"Feature","properties":{"id":1452334802,"highway":"footway"},"geometry":{"type":"LineString","coordinates":[[-2.48038,43.06808],[-2.48034,43.06807],[-2.48032,43.06806]]}},{"type":"Feature","properties":{"id":1452334803,"highway":"footway"},"geometry":{"type":"LineString","coordinates":[[-2.48032,43.06806],[-2.48038,43.06798]]}},{"type":"Feature","properties":{"id":1452334804,"highway":"footway"},"geometry":{"type":"LineString","coordinates":[[-2.48221,43.06744],[-2.48218,43.0674],[-2.48215,43.06735]]}},{"type":"Feature","properties":{"id":1452334807,"highway":"footway"},"geometry":{"type":"LineString","coordinates":[[-2.48249,43.06737],[-2.48245,43.06739],[-2.4824,43.0674],[-2.48233,43.0674],[-2.48224,43.06743],[-2.48221,43.06744]]}},{"type":"Feature","properties":{"id":1452334808,"highway":"footway"},"geometry":{"type":"LineString","coordinates":[[-2.48506,43.06808],[-2.48471,43.06792],[-2.48475,43.06788],[-2.48471,43.06787],[-2.48445,43.06776],[-2.48426,43.0677],[-2.48416,43.06766],[-2.48414,43.06766],[-2.48385,43.06756],[-2.48386,43.06755],[-2.48361,43.06749],[-2.48338,43.06745],[-2.48309,43.0674],[-2.483,43.06739],[-2.48268,43.06737],[-2.48257,43.06736],[-2.48249,43.06737]]}},{"type":"Feature","properties":{"id":1452334809,"highway":"footway"},"geometry":{"type":"LineString","coordinates":[[-2.48502,43.06793],[-2.48497,43.06795],[-2.48506,43.06808]]}},{"type":"Feature","properties":{"id":1452334810,"highway":"footway"},"geometry":{"type":"LineString","coordinates":[[-2.48497,43.06795],[-2.48494,43.06792],[-2.48492,43.0679],[-2.48487,43.06788],[-2.48478,43.06785],[-2.48479,43.06782]]}},{"type":"Feature","properties":{"id":1452334812,"highway":"footway"},"geometry":{"type":"LineString","coordinates":[[-2.48132,43.06719],[-2.4814,43.06727],[-2.48143,43.0673],[-2.48141,43.06732]]}},{"type":"Feature","properties":{"id":1452334813,"highway":"steps"},"geometry":{"type":"LineString","coordinates":[[-2.48141,43.06732],[-2.48152,43.06748]]}},{"type":"Feature","properties":{"id":1452334814,"highway":"footway"},"geometry":{"type":"LineString","coordinates":[[-2.48152,43.06748],[-2.48164,43.06762]]}},{"type":"Feature","properties":{"id":1452334815,"highway":"steps"},"geometry":{"type":"LineString","coordinates":[[-2.48179,43.06676],[-2.48176,43.06673]]}},{"type":"Feature","properties":{"id":1452334816,"highway":"footway"},"geometry":{"type":"LineString","coordinates":[[-2.48162,43.06659],[-2.48157,43.06654],[-2.48151,43.06647]]}},{"type":"Feature","properties":{"id":1452334817,"highway":"footway"},"geometry":{"type":"LineString","coordinates":[[-2.48146,43.06643],[-2.48151,43.06647]]}},{"type":"Feature","properties":{"id":1452334818,"highway":"footway"},"geometry":{"type":"LineString","coordinates":[[-2.4806,43.0669],[-2.48043,43.06701],[-2.48042,43.06703],[-2.48045,43.06707]]}},{"type":"Feature","properties":{"id":1452334819,"highway":"footway"},"geometry":{"type":"LineString","coordinates":[[-2.48146,43.06643],[-2.4806,43.0669]]}},{"type":"Feature","properties":{"id":1452334820,"highway":"footway","superficie":"asphalt"},"geometry":{"type":"LineString","coordinates":[[-2.48365,43.06475],[-2.48363,43.06467]]}},{"type":"Feature","properties":{"id":1452444873,"highway":"residential","nombre":"Santa Marina kalea","oneway":"yes"},"geometry":{"type":"LineString","coordinates":[[-2.48453,43.06752],[-2.48458,43.0675],[-2.4846,43.06748],[-2.48463,43.06743]]}},{"type":"Feature","properties":{"id":1452444874,"highway":"residential","nombre":"Santa Marina kalea","oneway":"yes"},"geometry":{"type":"LineString","coordinates":[[-2.48453,43.06752],[-2.48461,43.06755],[-2.4847,43.06759],[-2.48479,43.06763]]}},{"type":"Feature","properties":{"id":1452444875,"highway":"footway"},"geometry":{"type":"LineString","coordinates":[[-2.48388,43.06736],[-2.48389,43.06736],[-2.48388,43.06739]]}},{"type":"Feature","properties":{"id":1452444876,"highway":"steps"},"geometry":{"type":"LineString","coordinates":[[-2.48388,43.06739],[-2.48383,43.06746]]}},{"type":"Feature","properties":{"id":1452444877,"highway":"footway"},"geometry":{"type":"LineString","coordinates":[[-2.48431,43.06766],[-2.48432,43.06764],[-2.48382,43.06747]]}},{"type":"Feature","properties":{"id":1452444878,"highway":"footway"},"geometry":{"type":"LineString","coordinates":[[-2.48383,43.06746],[-2.48382,43.06747]]}},{"type":"Feature","properties":{"id":1452444879,"highway":"steps"},"geometry":{"type":"LineString","coordinates":[[-2.48405,43.06739],[-2.48405,43.06739],[-2.48395,43.06737],[-2.48395,43.06738],[-2.48403,43.06741],[-2.48403,43.06742]]}},{"type":"Feature","properties":{"id":1452444880,"highway":"footway"},"geometry":{"type":"LineString","coordinates":[[-2.48403,43.06742],[-2.48402,43.06743]]}},{"type":"Feature","properties":{"id":1452444882,"highway":"footway"},"geometry":{"type":"LineString","coordinates":[[-2.48406,43.06737],[-2.48405,43.06739]]}},{"type":"Feature","properties":{"id":1452444883,"highway":"steps"},"geometry":{"type":"LineString","coordinates":[[-2.48385,43.06756],[-2.48384,43.06758],[-2.48421,43.06779]]}},{"type":"Feature","properties":{"id":1452444884,"highway":"footway"},"geometry":{"type":"LineString","coordinates":[[-2.48541,43.06847],[-2.48537,43.06848],[-2.48529,43.06838],[-2.48506,43.06808]]}},{"type":"Feature","properties":{"id":1452444885,"highway":"footway"},"geometry":{"type":"LineString","coordinates":[[-2.48584,43.06832],[-2.48541,43.06847]]}},{"type":"Feature","properties":{"id":1452444886,"highway":"footway"},"geometry":{"type":"LineString","coordinates":[[-2.48411,43.06806],[-2.48414,43.06803]]}},{"type":"Feature","properties":{"id":1452444887,"highway":"steps"},"geometry":{"type":"LineString","coordinates":[[-2.48414,43.06803],[-2.48421,43.06808],[-2.48434,43.06798],[-2.48439,43.06801],[-2.48443,43.06795],[-2.48446,43.0679]]}},{"type":"Feature","properties":{"id":1452444888,"highway":"footway"},"geometry":{"type":"LineString","coordinates":[[-2.48421,43.06779],[-2.48446,43.0679]]}},{"type":"Feature","properties":{"id":1452444889,"highway":"steps"},"geometry":{"type":"LineString","coordinates":[[-2.48426,43.0677],[-2.48421,43.06779]]}},{"type":"Feature","properties":{"id":1452444890,"highway":"footway"},"geometry":{"type":"LineString","coordinates":[[-2.48431,43.06766],[-2.4843,43.06768],[-2.48428,43.06768]]}},{"type":"Feature","properties":{"id":1452444891,"highway":"steps"},"geometry":{"type":"LineString","coordinates":[[-2.48428,43.06768],[-2.48417,43.06764],[-2.48416,43.06766]]}},{"type":"Feature","properties":{"id":1452444892,"highway":"footway"},"geometry":{"type":"LineString","coordinates":[[-2.48449,43.06797],[-2.48443,43.06795]]}},{"type":"Feature","properties":{"id":1452444893,"highway":"footway"},"geometry":{"type":"LineString","coordinates":[[-2.48249,43.06737],[-2.48249,43.0674],[-2.48249,43.06759],[-2.48246,43.06761],[-2.48239,43.06762],[-2.4823,43.06763],[-2.48226,43.06763],[-2.48224,43.06761],[-2.48214,43.06747]]}},{"type":"Feature","properties":{"id":1452444894,"highway":"footway"},"geometry":{"type":"LineString","coordinates":[[-2.48221,43.06744],[-2.48214,43.06747],[-2.48203,43.06751],[-2.48168,43.06764],[-2.48167,43.06765],[-2.48164,43.06762]]}},{"type":"Feature","properties":{"id":1452444896,"highway":"footway"},"geometry":{"type":"LineString","coordinates":[[-2.48038,43.06808],[-2.48041,43.06809],[-2.48038,43.06816],[-2.48036,43.0682]]}},{"type":"Feature","properties":{"id":1452444898,"highway":"footway"},"geometry":{"type":"LineString","coordinates":[[-2.48033,43.06817],[-2.48036,43.0682],[-2.48053,43.06845],[-2.48059,43.06852],[-2.48061,43.06855],[-2.48064,43.06859]]}},{"type":"Feature","properties":{"id":1452444899,"highway":"footway"},"geometry":{"type":"LineString","coordinates":[[-2.48064,43.06852],[-2.48061,43.06855]]}},{"type":"Feature","properties":{"id":1452444900,"highway":"footway"},"geometry":{"type":"LineString","coordinates":[[-2.48099,43.06825],[-2.48093,43.06824],[-2.48092,43.06826],[-2.4808,43.06865],[-2.48085,43.06867]]}},{"type":"Feature","properties":{"id":1452444901,"highway":"footway"},"geometry":{"type":"LineString","coordinates":[[-2.48092,43.06826],[-2.48089,43.06826],[-2.48086,43.06828],[-2.48083,43.06837]]}},{"type":"Feature","properties":{"id":1452444902,"highway":"footway","puente":"yes"},"geometry":{"type":"LineString","coordinates":[[-2.48083,43.06837],[-2.48067,43.06854],[-2.48064,43.06852]]}},{"type":"Feature","properties":{"id":1452444903,"highway":"footway"},"geometry":{"type":"LineString","coordinates":[[-2.4808,43.06865],[-2.48077,43.06867],[-2.48077,43.06868],[-2.4806,43.06879],[-2.48047,43.06886],[-2.4805,43.0689]]}},{"type":"Feature","properties":{"id":1452444904,"highway":"footway","puente":"yes"},"geometry":{"type":"LineString","coordinates":[[-2.48077,43.06867],[-2.48068,43.06854],[-2.48067,43.06854],[-2.48064,43.06852]]}},{"type":"Feature","properties":{"id":1452444905,"highway":"footway"},"geometry":{"type":"LineString","coordinates":[[-2.47935,43.06828],[-2.47918,43.06839],[-2.47895,43.06855],[-2.47892,43.06856],[-2.47888,43.06858]]}},{"type":"Feature","properties":{"id":1452444906,"highway":"service"},"geometry":{"type":"LineString","coordinates":[[-2.47872,43.06919],[-2.47865,43.0692],[-2.47856,43.0692]]}},{"type":"Feature","properties":{"id":1452444908,"highway":"track","superficie":"unpaved"},"geometry":{"type":"LineString","coordinates":[[-2.47107,43.06599],[-2.47107,43.06578],[-2.47109,43.06569],[-2.47107,43.06559],[-2.47095,43.06553],[-2.47084,43.0655],[-2.47043,43.06546],[-2.4701,43.06536],[-2.46995,43.06524],[-2.4699,43.0651],[-2.46992,43.06495],[-2.47008,43.0648]]}},{"type":"Feature","properties":{"id":1452444909,"highway":"track"},"geometry":{"type":"LineString","coordinates":[[-2.47472,43.05673],[-2.47462,43.05671],[-2.47449,43.05666],[-2.47443,43.05663],[-2.47437,43.05659],[-2.47432,43.05657]]}},{"type":"Feature","properties":{"id":1452444910,"highway":"track"},"geometry":{"type":"LineString","coordinates":[[-2.47235,43.05947],[-2.47211,43.05939],[-2.47198,43.05928],[-2.47186,43.05911],[-2.47181,43.05902]]}},{"type":"Feature","properties":{"id":1452444911,"highway":"path"},"geometry":{"type":"LineString","coordinates":[[-2.47447,43.06453],[-2.4744,43.06452],[-2.47421,43.06458],[-2.47388,43.06469],[-2.47375,43.06473],[-2.47335,43.06491],[-2.47325,43.06493],[-2.47313,43.06491],[-2.47298,43.06488],[-2.47279,43.06477],[-2.47227,43.06448],[-2.47199,43.06434],[-2.47185,43.06428],[-2.47172,43.06427],[-2.47163,43.0643],[-2.47152,43.06442],[-2.47137,43.06468],[-2.47128,43.06486],[-2.47112,43.06504],[-2.47107,43.06536],[-2.47105,43.06548],[-2.47107,43.06559]]}},{"type":"Feature","properties":{"id":1457611416,"highway":"pedestrian","nombre":"Uribe auzoa"},"geometry":{"type":"LineString","coordinates":[[-2.50044,43.06208],[-2.50037,43.06148]]}},{"type":"Feature","properties":{"id":1457611417,"highway":"residential","nombre":"Azoka kalea","oneway":"yes"},"geometry":{"type":"LineString","coordinates":[[-2.48853,43.06728],[-2.48851,43.06707],[-2.48854,43.06699],[-2.48863,43.0669],[-2.48867,43.06684],[-2.48865,43.06676],[-2.48853,43.0666],[-2.48844,43.06648]]}},{"type":"Feature","properties":{"id":1461278802,"highway":"path"},"geometry":{"type":"LineString","coordinates":[[-2.5343,43.07338],[-2.53399,43.0734],[-2.5335,43.07349],[-2.53342,43.07348],[-2.53313,43.07348],[-2.53308,43.07347],[-2.53297,43.07342],[-2.53287,43.0734],[-2.53284,43.0734],[-2.53275,43.07343],[-2.53268,43.07348],[-2.53266,43.07352],[-2.53266,43.07364],[-2.53268,43.07375],[-2.53274,43.0739],[-2.53276,43.07409],[-2.53273,43.07434],[-2.53271,43.07445],[-2.53274,43.07476],[-2.5328,43.07524],[-2.53279,43.07551],[-2.53295,43.07587],[-2.53305,43.07602],[-2.53318,43.07616],[-2.53346,43.07632],[-2.5336,43.07644],[-2.5337,43.0765],[-2.53386,43.07655],[-2.53404,43.0766],[-2.53419,43.07663],[-2.53431,43.07662]]}},{"type":"Feature","properties":{"id":1461278803,"highway":"track"},"geometry":{"type":"LineString","coordinates":[[-2.53487,43.07566],[-2.53466,43.07613],[-2.53445,43.07647],[-2.53431,43.07662]]}},{"type":"Feature","properties":{"id":1461278811,"highway":"service","nombre":"Garagartza auzoa"},"geometry":{"type":"LineString","coordinates":[[-2.5234,43.07314],[-2.52345,43.07307]]}},{"type":"Feature","properties":{"id":1461278812,"highway":"service","nombre":"Garagartza auzoa","puente":"yes"},"geometry":{"type":"LineString","coordinates":[[-2.52345,43.07307],[-2.52348,43.07302]]}},{"type":"Feature","properties":{"id":1461278813,"highway":"path"},"geometry":{"type":"LineString","coordinates":[[-2.52752,43.0673],[-2.52728,43.06748],[-2.52686,43.06773],[-2.52661,43.06784],[-2.52645,43.06795],[-2.52631,43.06813],[-2.52624,43.06826],[-2.52618,43.06836],[-2.52609,43.06846],[-2.52596,43.06852],[-2.52586,43.06857]]}},{"type":"Feature","properties":{"id":1461314039,"highway":"service"},"geometry":{"type":"LineString","coordinates":[[-2.49616,43.06728],[-2.49619,43.06747]]}},{"type":"Feature","properties":{"id":1461314040,"highway":"service","puente":"yes"},"geometry":{"type":"LineString","coordinates":[[-2.49608,43.06725],[-2.49616,43.06728]]}},{"type":"Feature","properties":{"id":1461314041,"highway":"service"},"geometry":{"type":"LineString","coordinates":[[-2.49602,43.06723],[-2.49608,43.06725]]}},{"type":"Feature","properties":{"id":1461314044,"highway":"service"},"geometry":{"type":"LineString","coordinates":[[-2.49673,43.0708],[-2.49683,43.07078]]}},{"type":"Feature","properties":{"id":1461314045,"highway":"service","puente":"yes"},"geometry":{"type":"LineString","coordinates":[[-2.49663,43.07081],[-2.49673,43.0708]]}},{"type":"Feature","properties":{"id":1461314050,"highway":"unclassified","oneway":"yes"},"geometry":{"type":"LineString","coordinates":[[-2.51298,43.07795],[-2.51301,43.07791],[-2.51304,43.07788],[-2.51306,43.07783],[-2.51307,43.07782],[-2.51307,43.07777],[-2.51305,43.07772],[-2.51303,43.07767],[-2.51301,43.07765],[-2.513,43.07764]]}},{"type":"Feature","properties":{"id":1461314051,"highway":"path"},"geometry":{"type":"LineString","coordinates":[[-2.51516,43.07849],[-2.51526,43.07864],[-2.51542,43.07876],[-2.5155,43.07883],[-2.51553,43.0789],[-2.51555,43.07898],[-2.51555,43.07906],[-2.51552,43.07912],[-2.51553,43.07914]]}},{"type":"Feature","properties":{"id":1461314052,"highway":"living_street","superficie":"sett"},"geometry":{"type":"LineString","coordinates":[[-2.51723,43.07935],[-2.51753,43.07938],[-2.51759,43.0794],[-2.51763,43.07944],[-2.51765,43.07947],[-2.51768,43.07956]]}},{"type":"Feature","properties":{"id":1461925657,"highway":"service"},"geometry":{"type":"LineString","coordinates":[[-2.54165,43.07189],[-2.54168,43.07192],[-2.54171,43.07197],[-2.54177,43.07202],[-2.54182,43.07208],[-2.54183,43.0721],[-2.54186,43.07213],[-2.54189,43.07218],[-2.54191,43.07221],[-2.54194,43.07223],[-2.54198,43.07226]]}},{"type":"Feature","properties":{"id":1479067889,"highway":"unclassified","oneway":"yes"},"geometry":{"type":"LineString","coordinates":[[-2.51285,43.07769],[-2.51292,43.07783]]}},{"type":"Feature","properties":{"id":1479067890,"highway":"unclassified","oneway":"yes"},"geometry":{"type":"LineString","coordinates":[[-2.513,43.07764],[-2.51296,43.07762],[-2.51291,43.07763],[-2.51287,43.07766],[-2.51285,43.07769]]}},{"type":"Feature","properties":{"id":1486371999,"highway":"path"},"geometry":{"type":"LineString","coordinates":[[-2.45971,43.07478],[-2.45966,43.07472],[-2.45947,43.07465],[-2.45928,43.07464],[-2.45914,43.07467],[-2.459,43.07476],[-2.4588,43.07489],[-2.45869,43.07492],[-2.45856,43.07491],[-2.45841,43.07489],[-2.45812,43.07494],[-2.45799,43.07495],[-2.45782,43.07493],[-2.4577,43.07492],[-2.45758,43.07495],[-2.45746,43.07503],[-2.45741,43.07512],[-2.45724,43.07537],[-2.45708,43.07557],[-2.4568,43.07578],[-2.45645,43.07597],[-2.45624,43.07608],[-2.45608,43.07612],[-2.45595,43.07613],[-2.45574,43.07611],[-2.45566,43.07604],[-2.45557,43.07591],[-2.45546,43.0757],[-2.45534,43.07557],[-2.45519,43.07551],[-2.45493,43.07552],[-2.45462,43.0755],[-2.45437,43.0755],[-2.45426,43.07555],[-2.45422,43.07565],[-2.45414,43.0758],[-2.45406,43.07596],[-2.45391,43.07609],[-2.45369,43.07622],[-2.45326,43.0764],[-2.45289,43.07656],[-2.45259,43.07665],[-2.45241,43.07664],[-2.45233,43.07662]]}},{"type":"Feature","properties":{"id":1486372000,"highway":"track"},"geometry":{"type":"LineString","coordinates":[[-2.45918,43.07666],[-2.45902,43.07673],[-2.45885,43.07678],[-2.45854,43.07682],[-2.45816,43.07691],[-2.45788,43.07697],[-2.45752,43.07709],[-2.4572,43.07725],[-2.45701,43.0774],[-2.45689,43.07757],[-2.4568,43.07781],[-2.45669,43.07797],[-2.45661,43.07812],[-2.45654,43.0782],[-2.45649,43.07821],[-2.45642,43.07819],[-2.45621,43.0781],[-2.45591,43.07805],[-2.45543,43.07799]]}},{"type":"Feature","properties":{"id":1486372002,"highway":"path"},"geometry":{"type":"LineString","coordinates":[[-2.46166,43.06416],[-2.4615,43.06425],[-2.461,43.06449],[-2.46056,43.06467],[-2.46027,43.06477],[-2.45989,43.06476],[-2.45966,43.06476]]}},{"type":"Feature","properties":{"id":1486372003,"highway":"path"},"geometry":{"type":"LineString","coordinates":[[-2.46496,43.06123],[-2.4649,43.0614],[-2.46479,43.06149],[-2.46467,43.0615],[-2.46457,43.06147],[-2.46445,43.06147]]}},{"type":"Feature","properties":{"id":1486372004,"highway":"path"},"geometry":{"type":"LineString","coordinates":[[-2.46505,43.0609],[-2.46503,43.06106],[-2.46496,43.06123]]}},{"type":"Feature","properties":{"id":1486372005,"highway":"path"},"geometry":{"type":"LineString","coordinates":[[-2.466,43.06019],[-2.46596,43.06034],[-2.46604,43.06046],[-2.4661,43.0606],[-2.46608,43.06078],[-2.46609,43.06093],[-2.46619,43.06109],[-2.46626,43.06126]]}},{"type":"Feature","properties":{"id":1486372006,"highway":"path"},"geometry":{"type":"LineString","coordinates":[[-2.466,43.05992],[-2.46624,43.05977],[-2.46635,43.05968],[-2.46639,43.05946],[-2.46643,43.05927],[-2.46643,43.05897],[-2.46647,43.05892],[-2.46651,43.05888],[-2.46658,43.05872],[-2.46654,43.05864],[-2.46657,43.05856],[-2.46666,43.05855],[-2.46666,43.05844],[-2.46676,43.05835],[-2.46676,43.05818],[-2.46685,43.05803],[-2.46688,43.0579],[-2.46693,43.05785],[-2.46698,43.05779],[-2.46715,43.05758]]}},{"type":"Feature","properties":{"id":1486372007,"highway":"path"},"geometry":{"type":"LineString","coordinates":[[-2.46728,43.0572],[-2.46734,43.05704],[-2.46742,43.05687],[-2.46742,43.05674],[-2.46736,43.05657],[-2.46747,43.05653],[-2.46749,43.0564],[-2.46747,43.05618],[-2.46739,43.05607],[-2.46739,43.0559],[-2.46729,43.05576],[-2.46715,43.0557],[-2.467,43.05569],[-2.46686,43.05568],[-2.4668,43.05564],[-2.46681,43.05557],[-2.46668,43.05552],[-2.46657,43.0555],[-2.46652,43.05546],[-2.46656,43.05542],[-2.46664,43.05538],[-2.46663,43.0553],[-2.46668,43.05525],[-2.46689,43.05519],[-2.46697,43.05513],[-2.46681,43.05507],[-2.46674,43.05505],[-2.46662,43.05501],[-2.46649,43.05489],[-2.46643,43.05474],[-2.46649,43.05457],[-2.46651,43.05441],[-2.46647,43.05424],[-2.46634,43.05404],[-2.46619,43.0538],[-2.46605,43.05368],[-2.46583,43.05359],[-2.46565,43.05351],[-2.46554,43.05351],[-2.46544,43.05357],[-2.46532,43.0537],[-2.46514,43.0538],[-2.46503,43.05382],[-2.46488,43.05375],[-2.46482,43.05364],[-2.4648,43.05358]]}},{"type":"Feature","properties":{"id":1486372008,"highway":"path"},"geometry":{"type":"LineString","coordinates":[[-2.46674,43.05505],[-2.46683,43.05489],[-2.46689,43.05473],[-2.4669,43.05458]]}},{"type":"Feature","properties":{"id":1486372009,"highway":"path"},"geometry":{"type":"LineString","coordinates":[[-2.46693,43.05785],[-2.46696,43.05764],[-2.46696,43.05736],[-2.46681,43.05716],[-2.46658,43.05703],[-2.46634,43.05692],[-2.46624,43.05687]]}},{"type":"Feature","properties":{"id":1486372010,"highway":"path"},"geometry":{"type":"LineString","coordinates":[[-2.46456,43.05294],[-2.46456,43.05282],[-2.46446,43.05275],[-2.46427,43.05268],[-2.46406,43.05267],[-2.46385,43.05268],[-2.46373,43.05265],[-2.46378,43.0526],[-2.4639,43.05256],[-2.46391,43.05249],[-2.4637,43.05246],[-2.46359,43.05246],[-2.46337,43.05251],[-2.46327,43.05253],[-2.46311,43.05246],[-2.46295,43.05248],[-2.46281,43.05246],[-2.46263,43.05239],[-2.46248,43.05242],[-2.46226,43.05239],[-2.46198,43.05235],[-2.46184,43.05235],[-2.46166,43.0523],[-2.46147,43.05228],[-2.46121,43.05226],[-2.46105,43.05227],[-2.46085,43.05231],[-2.46074,43.05227],[-2.46067,43.05217],[-2.46065,43.05212],[-2.4605,43.05204],[-2.46044,43.05197],[-2.46042,43.05184],[-2.4603,43.0517],[-2.46015,43.05166],[-2.45998,43.0516],[-2.45978,43.0516],[-2.45971,43.05168],[-2.45968,43.0518],[-2.45958,43.05193],[-2.4595,43.05197],[-2.45931,43.05195],[-2.4591,43.05175],[-2.45905,43.05167]]}},{"type":"Feature","properties":{"id":1486466769,"highway":"path","nombre":"Wild West 1","superficie":"dirt"},"geometry":{"type":"LineString","coordinates":[[-2.47677,43.08564],[-2.47654,43.08554],[-2.47651,43.08559],[-2.47633,43.08558],[-2.4762,43.08549],[-2.47614,43.08544],[-2.4761,43.08541],[-2.47597,43.08523],[-2.47564,43.08494],[-2.4755,43.0847],[-2.47548,43.08459],[-2.47543,43.08452],[-2.47529,43.08421],[-2.47525,43.08418],[-2.47519,43.08413],[-2.47516,43.08407],[-2.47502,43.08395],[-2.47483,43.08367],[-2.47468,43.08354],[-2.47463,43.08339],[-2.47464,43.08325],[-2.47466,43.08317],[-2.47463,43.08309],[-2.47456,43.08292],[-2.47453,43.08279],[-2.47439,43.08267],[-2.47431,43.0825],[-2.47431,43.08233],[-2.47435,43.08227],[-2.47442,43.0822],[-2.47445,43.08209],[-2.47447,43.08202],[-2.47444,43.08193],[-2.47435,43.08179],[-2.47435,43.08167],[-2.47429,43.08159],[-2.47432,43.08154],[-2.4745,43.08146],[-2.47451,43.08136],[-2.47456,43.08133],[-2.4746,43.08129],[-2.47457,43.08123],[-2.47451,43.08115],[-2.47456,43.08107],[-2.47454,43.08096],[-2.47444,43.08092],[-2.47435,43.08083],[-2.47413,43.08074],[-2.47422,43.0807],[-2.47434,43.0807],[-2.47436,43.08063],[-2.47427,43.08055],[-2.47421,43.08047],[-2.47414,43.08042],[-2.47412,43.08039],[-2.47414,43.08034],[-2.47414,43.08019],[-2.47417,43.08016],[-2.47416,43.0801],[-2.47411,43.08002],[-2.47415,43.07976],[-2.47419,43.0797],[-2.47427,43.07959],[-2.47435,43.07952],[-2.47441,43.07948]]}},{"type":"Feature","properties":{"id":1486466770,"highway":"path","nombre":"Wild West 2","superficie":"dirt"},"geometry":{"type":"LineString","coordinates":[[-2.47426,43.07843],[-2.47425,43.07838],[-2.4742,43.0783],[-2.47423,43.07825],[-2.47425,43.07821],[-2.47423,43.07816],[-2.47416,43.07813],[-2.47409,43.0781],[-2.47404,43.07808],[-2.47403,43.07803],[-2.47393,43.07796],[-2.4739,43.07789],[-2.47385,43.07783],[-2.47381,43.0778],[-2.47379,43.07774],[-2.47376,43.07765],[-2.47377,43.0776],[-2.47383,43.07753],[-2.47391,43.07745],[-2.47394,43.0774],[-2.47404,43.07728],[-2.47407,43.07726],[-2.47408,43.0772],[-2.47409,43.07714],[-2.47424,43.07707],[-2.47428,43.07705],[-2.47427,43.07693],[-2.47425,43.07686],[-2.47425,43.0768],[-2.47429,43.07676],[-2.4743,43.07668],[-2.47428,43.07658],[-2.47431,43.07652],[-2.47437,43.0765],[-2.47447,43.07651],[-2.47454,43.07651],[-2.47458,43.07645],[-2.47467,43.07642],[-2.47471,43.07636],[-2.4747,43.07629],[-2.47476,43.07625],[-2.47479,43.07622],[-2.47475,43.07617],[-2.47467,43.07614],[-2.47461,43.07614],[-2.47455,43.07609],[-2.47451,43.07606],[-2.47444,43.07607],[-2.47441,43.07603],[-2.47444,43.07601],[-2.47452,43.076],[-2.47459,43.07599],[-2.47469,43.07603],[-2.47473,43.07602],[-2.4748,43.07606],[-2.47484,43.07606],[-2.47486,43.07602],[-2.47483,43.07598],[-2.47461,43.0758],[-2.47448,43.07578],[-2.47442,43.07579],[-2.47438,43.07577],[-2.47441,43.07574],[-2.47451,43.07572],[-2.47452,43.07569],[-2.47441,43.07569],[-2.47434,43.07567],[-2.4743,43.07561],[-2.4742,43.0756],[-2.47414,43.07558],[-2.47415,43.07554],[-2.47421,43.0755],[-2.47422,43.07545],[-2.47424,43.07542],[-2.47422,43.0754],[-2.47411,43.07537],[-2.47404,43.07535],[-2.47404,43.07532],[-2.47407,43.07528],[-2.47408,43.07524],[-2.47404,43.0752],[-2.47406,43.07517],[-2.47425,43.07509],[-2.4745,43.075],[-2.47457,43.07496],[-2.47464,43.0749],[-2.47465,43.07485],[-2.47464,43.07483],[-2.47448,43.0748],[-2.47438,43.07474],[-2.47428,43.07469],[-2.47429,43.07465],[-2.47433,43.07462],[-2.47439,43.07464],[-2.47442,43.07466],[-2.47442,43.07461],[-2.47436,43.07457],[-2.47431,43.07454],[-2.4743,43.07452],[-2.47431,43.07451],[-2.47434,43.07449],[-2.47436,43.07432],[-2.47444,43.07426],[-2.47446,43.07422],[-2.4745,43.07418],[-2.47452,43.07414],[-2.4745,43.07411],[-2.47441,43.07413],[-2.47438,43.07409],[-2.47419,43.07409],[-2.47415,43.07406],[-2.47417,43.07402],[-2.47415,43.0739],[-2.47406,43.07373],[-2.47402,43.07365],[-2.47399,43.07356],[-2.47401,43.07347],[-2.47407,43.07337],[-2.47408,43.07333],[-2.47407,43.0733],[-2.47403,43.07324],[-2.47403,43.07321],[-2.47407,43.07321],[-2.47408,43.07315],[-2.47402,43.07312],[-2.47396,43.07306],[-2.47379,43.07305],[-2.47373,43.07304],[-2.47363,43.073],[-2.47359,43.07297]]}},{"type":"Feature","properties":{"id":1494316610,"highway":"primary","ref":"GI-627","superficie":"asphalt"},"geometry":{"type":"LineString","coordinates":[[-2.44859,43.08007],[-2.44853,43.08007],[-2.4485,43.08007],[-2.44841,43.08008]]}},{"type":"Feature","properties":{"id":1494316611,"highway":"secondary","ref":"GI-2630","oneway":"yes"},"geometry":{"type":"LineString","coordinates":[[-2.44789,43.07999],[-2.44794,43.08003]]}},{"type":"Feature","properties":{"id":1494316613,"highway":"secondary","ref":"GI-2630","oneway":"yes"},"geometry":{"type":"LineString","coordinates":[[-2.44794,43.08003],[-2.44808,43.0801]]}},{"type":"Feature","properties":{"id":1494316614,"highway":"primary","ref":"GI-627","superficie":"asphalt"},"geometry":{"type":"LineString","coordinates":[[-2.44821,43.08024],[-2.4482,43.0803],[-2.44821,43.08035],[-2.44824,43.08041]]}},{"type":"Feature","properties":{"id":1494316616,"highway":"primary","ref":"GI-627","superficie":"asphalt"},"geometry":{"type":"LineString","coordinates":[[-2.463,43.07597],[-2.463,43.0759],[-2.46296,43.07583],[-2.4629,43.07578]]}},{"type":"Feature","properties":{"id":1494321632,"highway":"primary","ref":"GI-627"},"geometry":{"type":"LineString","coordinates":[[-2.47196,43.0715],[-2.47194,43.07147],[-2.47191,43.07145]]}},{"type":"Feature","properties":{"id":1494321633,"highway":"residential","superficie":"asphalt"},"geometry":{"type":"LineString","coordinates":[[-2.47789,43.0645],[-2.47787,43.0645],[-2.47784,43.0645],[-2.47782,43.0645],[-2.47779,43.06451],[-2.47777,43.06452],[-2.47776,43.06454]]}},{"type":"Feature","properties":{"id":1494321634,"highway":"residential","superficie":"asphalt"},"geometry":{"type":"LineString","coordinates":[[-2.47776,43.06454],[-2.47776,43.06456],[-2.47776,43.06458],[-2.47777,43.06459],[-2.47778,43.06461],[-2.4778,43.06462],[-2.47783,43.06463]]}},{"type":"Feature","properties":{"id":1494321635,"highway":"residential","nombre":"Nafarroa Etorbidea","oneway":"no","superficie":"asphalt"},"geometry":{"type":"LineString","coordinates":[[-2.4807,43.0631],[-2.48102,43.06317],[-2.48131,43.06325],[-2.48145,43.0633]]}},{"type":"Feature","properties":{"id":1494321636,"highway":"primary","ref":"GI-627"},"geometry":{"type":"LineString","coordinates":[[-2.47191,43.07145],[-2.47182,43.07142],[-2.47173,43.0714],[-2.47164,43.07142]]}},{"type":"Feature","properties":{"id":1494321637,"highway":"primary","ref":"GI-627","oneway":"yes","superficie":"asphalt"},"geometry":{"type":"LineString","coordinates":[[-2.46348,43.07555],[-2.46321,43.07567],[-2.46296,43.07576],[-2.4629,43.07578]]}},{"type":"Feature","properties":{"id":1494321638,"highway":"motorway_link","oneway":"yes","superficie":"asphalt"},"geometry":{"type":"LineString","coordinates":[[-2.46259,43.07466],[-2.46269,43.07459],[-2.46276,43.07453],[-2.46287,43.07448],[-2.46301,43.0744],[-2.46315,43.07435],[-2.4634,43.07427]]}},{"type":"Feature","properties":{"id":1494321639,"highway":"motorway_link","oneway":"yes","superficie":"asphalt"},"geometry":{"type":"LineString","coordinates":[[-2.4668,43.07313],[-2.46687,43.07293],[-2.46691,43.0727],[-2.46695,43.0722]]}},{"type":"Feature","properties":{"id":1494321640,"highway":"motorway","nombre":"Eibar-Gasteiz autobidea","ref":"AP-1","oneway":"yes","superficie":"asphalt"},"geometry":{"type":"LineString","coordinates":[[-2.46456,43.07317],[-2.46515,43.07283],[-2.46542,43.0727],[-2.46585,43.07249],[-2.46623,43.07233],[-2.46669,43.07218],[-2.46712,43.07206],[-2.46769,43.07193],[-2.46841,43.07178],[-2.46943,43.0716],[-2.47016,43.07142],[-2.4707,43.07126],[-2.47118,43.07108]]}},{"type":"Feature","properties":{"id":1494336911,"highway":"service","oneway":"yes","superficie":"asphalt"},"geometry":{"type":"LineString","coordinates":[[-2.48165,43.06323],[-2.48155,43.06324],[-2.48153,43.06325],[-2.48145,43.0633]]}},{"type":"Feature","properties":{"id":1494341982,"highway":"residential","nombre":"Nafarroa Etorbidea","oneway":"no","superficie":"asphalt"},"geometry":{"type":"LineString","coordinates":[[-2.48145,43.0633],[-2.48147,43.06331],[-2.48163,43.06338],[-2.48173,43.06343],[-2.48175,43.06343]]}},{"type":"Feature","properties":{"id":1494358599,"highway":"residential","superficie":"asphalt"},"geometry":{"type":"LineString","coordinates":[[-2.47794,43.06458],[-2.47794,43.06456],[-2.47793,43.06454],[-2.47792,43.06452],[-2.47789,43.0645]]}},{"type":"Feature","properties":{"id":1494358600,"highway":"residential","nombre":"Etxagibel notarioa kalea"},"geometry":{"type":"LineString","coordinates":[[-2.47984,43.06439],[-2.47971,43.06426],[-2.47964,43.06418],[-2.47914,43.06366],[-2.47908,43.06374],[-2.47902,43.06381],[-2.47839,43.06461],[-2.47832,43.0647]]}},{"type":"Feature","properties":{"id":1494358601,"highway":"tertiary","nombre":"Gipuzkoa etorbidea"},"geometry":{"type":"LineString","coordinates":[[-2.4796,43.06628],[-2.47959,43.06629],[-2.47933,43.06646],[-2.47906,43.06664],[-2.47867,43.06691]]}},{"type":"Feature","properties":{"id":1500206888,"highway":"service"},"geometry":{"type":"LineString","coordinates":[[-2.51224,43.07808],[-2.51221,43.07811]]}},{"type":"Feature","properties":{"id":1501756381,"highway":"service"},"geometry":{"type":"LineString","coordinates":[[-2.5105,43.06514],[-2.51102,43.06554],[-2.51106,43.06555],[-2.51112,43.06553],[-2.51135,43.06539]]}},{"type":"Feature","properties":{"id":1501756382,"highway":"unclassified","oneway":"yes"},"geometry":{"type":"LineString","coordinates":[[-2.51247,43.06612],[-2.51254,43.06615],[-2.51259,43.06619],[-2.51262,43.06624],[-2.51264,43.06633]]}},{"type":"Feature","properties":{"id":1501756383,"highway":"unclassified","oneway":"yes"},"geometry":{"type":"LineString","coordinates":[[-2.51259,43.06619],[-2.51264,43.06621],[-2.51271,43.06622]]}},{"type":"Feature","properties":{"id":1501756384,"highway":"unclassified","oneway":"yes"},"geometry":{"type":"LineString","coordinates":[[-2.51279,43.0661],[-2.51269,43.06613],[-2.51264,43.06614],[-2.51258,43.06613],[-2.51247,43.06612]]}},{"type":"Feature","properties":{"id":1501756385,"highway":"unclassified","oneway":"yes"},"geometry":{"type":"LineString","coordinates":[[-2.51288,43.06663],[-2.51279,43.06657],[-2.51272,43.06652],[-2.5127,43.06649],[-2.51265,43.06643],[-2.51264,43.06641],[-2.51262,43.06636]]}},{"type":"Feature","properties":{"id":1501756386,"highway":"unclassified","oneway":"yes"},"geometry":{"type":"LineString","coordinates":[[-2.51238,43.06648],[-2.5125,43.0665],[-2.51257,43.06649],[-2.51258,43.06649],[-2.5126,43.06648],[-2.51261,43.06646],[-2.51263,43.06645],[-2.51265,43.06643]]}},{"type":"Feature","properties":{"id":1501756387,"highway":"unclassified","oneway":"yes"},"geometry":{"type":"LineString","coordinates":[[-2.51262,43.06636],[-2.51257,43.06638],[-2.51255,43.06639],[-2.51245,43.06642],[-2.51242,43.06643],[-2.51239,43.06642],[-2.51229,43.06642],[-2.51214,43.06641]]}},{"type":"Feature","properties":{"id":1501756388,"highway":"unclassified","oneway":"yes"},"geometry":{"type":"LineString","coordinates":[[-2.51257,43.06638],[-2.51255,43.06641],[-2.51256,43.06645],[-2.51256,43.06647],[-2.51257,43.06649],[-2.51257,43.0665],[-2.51263,43.06656]]}},{"type":"Feature","properties":{"id":1501756389,"highway":"service","oneway":"yes"},"geometry":{"type":"LineString","coordinates":[[-2.50672,43.05988],[-2.50667,43.05986],[-2.50656,43.05985],[-2.50634,43.05988],[-2.50626,43.05991],[-2.50624,43.05995],[-2.50621,43.06043],[-2.50618,43.06071],[-2.50619,43.0608],[-2.50626,43.06088],[-2.50636,43.06093],[-2.50644,43.06095],[-2.50716,43.06099],[-2.50768,43.06102],[-2.50772,43.06101],[-2.50774,43.06099],[-2.50779,43.0604],[-2.50781,43.06038],[-2.50783,43.06036],[-2.50787,43.06036],[-2.50803,43.06044],[-2.50808,43.06045],[-2.5082,43.06045]]}},{"type":"Feature","properties":{"id":1501756394,"highway":"unclassified","oneway":"yes"},"geometry":{"type":"LineString","coordinates":[[-2.50854,43.061],[-2.50865,43.06098],[-2.50873,43.06098],[-2.50888,43.06101]]}},{"type":"Feature","properties":{"id":1501756395,"highway":"unclassified","oneway":"yes"},"geometry":{"type":"LineString","coordinates":[[-2.50863,43.06079],[-2.50864,43.06086],[-2.50863,43.06091],[-2.50861,43.06094],[-2.50854,43.061]]}},{"type":"Feature","properties":{"id":1501756396,"highway":"unclassified","oneway":"yes"},"geometry":{"type":"LineString","coordinates":[[-2.50865,43.06098],[-2.50871,43.06095],[-2.50874,43.06092],[-2.50875,43.06089]]}},{"type":"Feature","properties":{"id":1501756397,"highway":"footway"},"geometry":{"type":"LineString","coordinates":[[-2.50397,43.06285],[-2.50394,43.06283],[-2.5039,43.06279]]}},{"type":"Feature","properties":{"id":1501756398,"highway":"footway"},"geometry":{"type":"LineString","coordinates":[[-2.50397,43.06285],[-2.50391,43.06288],[-2.50388,43.0629],[-2.50385,43.06291],[-2.50382,43.06291],[-2.5038,43.06291],[-2.50376,43.06291],[-2.50371,43.06289],[-2.50367,43.06286],[-2.5036,43.06281],[-2.50357,43.0628],[-2.50352,43.06278],[-2.50348,43.06278]]}},{"type":"Feature","properties":{"id":1501756399,"highway":"footway"},"geometry":{"type":"LineString","coordinates":[[-2.50344,43.06271],[-2.50346,43.06274],[-2.50348,43.06278]]}},{"type":"Feature","properties":{"id":1501756400,"highway":"residential","nombre":"Udalpe kalea","oneway":"yes"},"geometry":{"type":"LineString","coordinates":[[-2.50418,43.064],[-2.50423,43.06403],[-2.50438,43.06412],[-2.50444,43.06415]]}},{"type":"Feature","properties":{"id":1501756401,"highway":"residential","nombre":"Udalpe kalea","oneway":"yes"},"geometry":{"type":"LineString","coordinates":[[-2.50444,43.06395],[-2.50438,43.06401],[-2.50434,43.06402],[-2.50429,43.06402],[-2.50418,43.064]]}},{"type":"Feature","properties":{"id":1508129604,"highway":"footway"},"geometry":{"type":"LineString","coordinates":[[-2.49901,43.06491],[-2.499,43.06493],[-2.49887,43.06497],[-2.49878,43.06499],[-2.49867,43.06501],[-2.49854,43.06504],[-2.4984,43.06508],[-2.49829,43.06511],[-2.49825,43.06512]]}},{"type":"Feature","properties":{"id":1508129605,"highway":"steps"},"geometry":{"type":"LineString","coordinates":[[-2.49825,43.06512],[-2.49825,43.06494],[-2.49825,43.06493]]}},{"type":"Feature","properties":{"id":1508129607,"highway":"footway"},"geometry":{"type":"LineString","coordinates":[[-2.49825,43.06493],[-2.49825,43.0649]]}},{"type":"Feature","properties":{"id":1508129608,"highway":"footway"},"geometry":{"type":"LineString","coordinates":[[-2.49825,43.0649],[-2.49825,43.06486]]}},{"type":"Feature","properties":{"id":1508129609,"highway":"footway"},"geometry":{"type":"LineString","coordinates":[[-2.49825,43.06493],[-2.49901,43.06491]]}},{"type":"Feature","properties":{"id":1508129610,"highway":"footway"},"geometry":{"type":"LineString","coordinates":[[-2.49901,43.06491],[-2.49901,43.06489],[-2.499,43.06485]]}},{"type":"Feature","properties":{"id":1508129611,"highway":"footway"},"geometry":{"type":"LineString","coordinates":[[-2.499,43.06485],[-2.49897,43.06486],[-2.49885,43.06486],[-2.49825,43.06486]]}},{"type":"Feature","properties":{"id":1508129612,"highway":"footway"},"geometry":{"type":"LineString","coordinates":[[-2.49921,43.06478],[-2.49913,43.06479],[-2.49905,43.06479]]}},{"type":"Feature","properties":{"id":1508129613,"highway":"footway"},"geometry":{"type":"LineString","coordinates":[[-2.49905,43.06479],[-2.49903,43.06483],[-2.499,43.06485]]}},{"type":"Feature","properties":{"id":1508129614,"highway":"footway"},"geometry":{"type":"LineString","coordinates":[[-2.49905,43.06479],[-2.49905,43.06475],[-2.49902,43.06449]]}},{"type":"Feature","properties":{"id":1508129616,"highway":"steps"},"geometry":{"type":"LineString","coordinates":[[-2.49825,43.06531],[-2.49825,43.06512]]}},{"type":"Feature","properties":{"id":1508129617,"highway":"footway"},"geometry":{"type":"LineString","coordinates":[[-2.49825,43.06538],[-2.49825,43.06535],[-2.49825,43.06531]]}},{"type":"Feature","properties":{"id":1508129618,"highway":"footway"},"geometry":{"type":"LineString","coordinates":[[-2.49898,43.06537],[-2.49825,43.06538]]}},{"type":"Feature","properties":{"id":1508129619,"highway":"footway"},"geometry":{"type":"LineString","coordinates":[[-2.49898,43.06532],[-2.49899,43.06534],[-2.49898,43.06537]]}},{"type":"Feature","properties":{"id":1508129620,"highway":"footway"},"geometry":{"type":"LineString","coordinates":[[-2.49898,43.06537],[-2.49897,43.0654],[-2.49891,43.06542],[-2.49883,43.06543],[-2.49868,43.06542],[-2.49859,43.06545],[-2.49848,43.06549],[-2.49839,43.06553],[-2.49831,43.06555],[-2.49827,43.06557],[-2.49825,43.06557]]}},{"type":"Feature","properties":{"id":1508129621,"highway":"steps"},"geometry":{"type":"LineString","coordinates":[[-2.49825,43.06557],[-2.49825,43.06538]]}},{"type":"Feature","properties":{"id":1508129625,"highway":"footway"},"geometry":{"type":"LineString","coordinates":[[-2.49829,43.06468],[-2.49829,43.06464],[-2.49831,43.0646],[-2.49836,43.06454],[-2.49838,43.06453],[-2.49842,43.06448]]}},{"type":"Feature","properties":{"id":1508129626,"highway":"footway"},"geometry":{"type":"LineString","coordinates":[[-2.49833,43.06421],[-2.49837,43.06424],[-2.49841,43.06428]]}},{"type":"Feature","properties":{"id":1508129627,"highway":"steps"},"geometry":{"type":"LineString","coordinates":[[-2.49841,43.06428],[-2.49843,43.0643],[-2.49843,43.06433],[-2.49834,43.06452],[-2.49835,43.06453],[-2.49836,43.06454]]}},{"type":"Feature","properties":{"id":1508129629,"highway":"footway"},"geometry":{"type":"LineString","coordinates":[[-2.49925,43.06521],[-2.49918,43.06522],[-2.4991,43.06522]]}},{"type":"Feature","properties":{"id":1508129630,"highway":"footway"},"geometry":{"type":"LineString","coordinates":[[-2.4991,43.06522],[-2.4991,43.06526],[-2.49907,43.06529],[-2.49904,43.06531],[-2.49898,43.06532]]}},{"type":"Feature","properties":{"id":1508129631,"highway":"footway"},"geometry":{"type":"LineString","coordinates":[[-2.49898,43.06532],[-2.49825,43.06531]]}},{"type":"Feature","properties":{"id":1508129633,"highway":"footway"},"geometry":{"type":"LineString","coordinates":[[-2.49734,43.06441],[-2.49734,43.06436],[-2.49735,43.0643]]}},{"type":"Feature","properties":{"id":1508129634,"highway":"residential","nombre":"Kalealdea"},"geometry":{"type":"LineString","coordinates":[[-2.49571,43.06401],[-2.4958,43.06408],[-2.49595,43.06416],[-2.49613,43.06424],[-2.49626,43.06426]]}},{"type":"Feature","properties":{"id":1508129635,"highway":"service"},"geometry":{"type":"LineString","coordinates":[[-2.49616,43.0642],[-2.496,43.06414],[-2.49595,43.06416]]}},{"type":"Feature","properties":{"id":1508129636,"highway":"service"},"geometry":{"type":"LineString","coordinates":[[-2.49659,43.06426],[-2.49633,43.06423],[-2.49631,43.06424],[-2.49626,43.06426]]}},{"type":"Feature","properties":{"id":1508129637,"highway":"footway"},"geometry":{"type":"LineString","coordinates":[[-2.49911,43.06379],[-2.49904,43.06379],[-2.49899,43.06379]]}},{"type":"Feature","properties":{"id":1508129638,"highway":"footway"},"geometry":{"type":"LineString","coordinates":[[-2.49892,43.06364],[-2.49892,43.06368],[-2.49894,43.06374]]}},{"type":"Feature","properties":{"id":1508129639,"highway":"footway"},"geometry":{"type":"LineString","coordinates":[[-2.49894,43.06374],[-2.49897,43.06376],[-2.49898,43.06377],[-2.49899,43.06379]]}},{"type":"Feature","properties":{"id":1508129640,"highway":"footway"},"geometry":{"type":"LineString","coordinates":[[-2.49899,43.06379],[-2.499,43.06384],[-2.49898,43.06386],[-2.49897,43.06387],[-2.49902,43.06449]]}},{"type":"Feature","properties":{"id":1508129643,"highway":"footway"},"geometry":{"type":"LineString","coordinates":[[-2.49611,43.06347],[-2.49605,43.06345],[-2.49598,43.06344]]}},{"type":"Feature","properties":{"id":1508129644,"highway":"footway"},"geometry":{"type":"LineString","coordinates":[[-2.49586,43.06392],[-2.49582,43.0639],[-2.49576,43.06387]]}},{"type":"Feature","properties":{"id":1508129645,"highway":"footway"},"geometry":{"type":"LineString","coordinates":[[-2.49585,43.06403],[-2.4958,43.06408],[-2.49576,43.06411]]}},{"type":"Feature","properties":{"id":1508129646,"highway":"footway"},"geometry":{"type":"LineString","coordinates":[[-2.49611,43.06347],[-2.49603,43.06367],[-2.49597,43.06379],[-2.49586,43.06392],[-2.49584,43.06396],[-2.49583,43.06398],[-2.49584,43.064],[-2.49585,43.06403]]}},{"type":"Feature","properties":{"id":1508129647,"highway":"footway"},"geometry":{"type":"LineString","coordinates":[[-2.4964,43.06328],[-2.49637,43.06332],[-2.49634,43.06336]]}},{"type":"Feature","properties":{"id":1508129648,"highway":"footway"},"geometry":{"type":"LineString","coordinates":[[-2.49634,43.06336],[-2.49628,43.06336],[-2.49624,43.06336],[-2.49622,43.06336],[-2.49618,43.06338],[-2.49615,43.06339],[-2.49613,43.06342],[-2.49611,43.06347]]}},{"type":"Feature","properties":{"id":1508353847,"highway":"footway","nombre":"Gernika ibilbidea"},"geometry":{"type":"LineString","coordinates":[[-2.49823,43.06468],[-2.49828,43.06468],[-2.49829,43.06468],[-2.49841,43.06465],[-2.49854,43.06459],[-2.49869,43.06455],[-2.49902,43.06449]]}},{"type":"Feature","properties":{"id":1508353848,"highway":"service"},"geometry":{"type":"LineString","coordinates":[[-2.49555,43.06562],[-2.49557,43.06559],[-2.49561,43.06556],[-2.49571,43.0655]]}},{"type":"Feature","properties":{"id":1508353849,"highway":"service"},"geometry":{"type":"LineString","coordinates":[[-2.49571,43.0655],[-2.49571,43.06551],[-2.4957,43.06552],[-2.49571,43.06553],[-2.49571,43.06554],[-2.49572,43.06555]]}},{"type":"Feature","properties":{"id":1508353850,"highway":"footway","nombre":"Gernika ibilbidea"},"geometry":{"type":"LineString","coordinates":[[-2.49561,43.06586],[-2.49557,43.06575],[-2.49549,43.06563],[-2.4954,43.06551],[-2.49535,43.0654],[-2.49527,43.06534],[-2.49525,43.0653],[-2.49527,43.06525]]}},{"type":"Feature","properties":{"id":1508353851,"highway":"service"},"geometry":{"type":"LineString","coordinates":[[-2.49639,43.06584],[-2.49636,43.06585],[-2.49632,43.06584],[-2.49624,43.06577]]}},{"type":"Feature","properties":{"id":1509221791,"highway":"footway"},"geometry":{"type":"LineString","coordinates":[[-2.49825,43.06582],[-2.49825,43.06579],[-2.49824,43.06576]]}},{"type":"Feature","properties":{"id":1509221792,"highway":"service"},"geometry":{"type":"LineString","coordinates":[[-2.49832,43.0658],[-2.49832,43.06585],[-2.49831,43.06588],[-2.49829,43.06589],[-2.49827,43.0659],[-2.49825,43.06591]]}},{"type":"Feature","properties":{"id":1509221793,"highway":"footway"},"geometry":{"type":"LineString","coordinates":[[-2.49826,43.06576],[-2.49824,43.06576],[-2.49723,43.06576],[-2.4972,43.06576],[-2.49716,43.06577],[-2.49709,43.06579],[-2.49667,43.06604],[-2.49665,43.06605]]}},{"type":"Feature","properties":{"id":1509221794,"highway":"footway"},"geometry":{"type":"LineString","coordinates":[[-2.4972,43.0658],[-2.4972,43.06576]]}},{"type":"Feature","properties":{"id":1509221795,"highway":"footway"},"geometry":{"type":"LineString","coordinates":[[-2.49667,43.06608],[-2.49665,43.06605]]}},{"type":"Feature","properties":{"id":1509221796,"highway":"path"},"geometry":{"type":"LineString","coordinates":[[-2.49715,43.06611],[-2.49709,43.06614],[-2.49697,43.06622],[-2.49687,43.06629],[-2.49675,43.06636],[-2.49673,43.06638],[-2.4967,43.06639],[-2.49669,43.06639],[-2.49664,43.06638],[-2.49654,43.06631],[-2.49653,43.06629]]}},{"type":"Feature","properties":{"id":1509221797,"highway":"pedestrian"},"geometry":{"type":"LineString","coordinates":[[-2.49649,43.06619],[-2.4963,43.06602]]}},{"type":"Feature","properties":{"id":1509221798,"highway":"service"},"geometry":{"type":"LineString","coordinates":[[-2.49653,43.06629],[-2.49647,43.06624],[-2.49647,43.06621],[-2.49649,43.06619]]}},{"type":"Feature","properties":{"id":1509221799,"highway":"steps"},"geometry":{"type":"LineString","coordinates":[[-2.49667,43.06604],[-2.49661,43.06601],[-2.49653,43.06594]]}},{"type":"Feature","properties":{"id":1509221800,"highway":"footway"},"geometry":{"type":"LineString","coordinates":[[-2.49653,43.06594],[-2.49649,43.0659]]}},{"type":"Feature","properties":{"id":1509221803,"highway":"steps"},"geometry":{"type":"LineString","coordinates":[[-2.49631,43.06576],[-2.49646,43.06587]]}},{"type":"Feature","properties":{"id":1509221805,"highway":"footway"},"geometry":{"type":"LineString","coordinates":[[-2.49646,43.06587],[-2.49649,43.0659]]}},{"type":"Feature","properties":{"id":1509221806,"highway":"footway"},"geometry":{"type":"LineString","coordinates":[[-2.49667,43.06553],[-2.49631,43.06576]]}},{"type":"Feature","properties":{"id":1509221807,"highway":"steps"},"geometry":{"type":"LineString","coordinates":[[-2.49685,43.06567],[-2.49667,43.06553]]}},{"type":"Feature","properties":{"id":1509221808,"highway":"footway"},"geometry":{"type":"LineString","coordinates":[[-2.49667,43.06553],[-2.49667,43.06552],[-2.49665,43.06551],[-2.49661,43.06548]]}},{"type":"Feature","properties":{"id":1509221809,"highway":"footway"},"geometry":{"type":"LineString","coordinates":[[-2.49661,43.06548],[-2.49604,43.06585]]}},{"type":"Feature","properties":{"id":1509221810,"highway":"footway"},"geometry":{"type":"LineString","coordinates":[[-2.49617,43.06596],[-2.49604,43.06585]]}},{"type":"Feature","properties":{"id":1509221811,"highway":"steps"},"geometry":{"type":"LineString","coordinates":[[-2.4972,43.06576],[-2.49719,43.06558],[-2.49719,43.06538]]}},{"type":"Feature","properties":{"id":1509221812,"highway":"footway"},"geometry":{"type":"LineString","coordinates":[[-2.49714,43.06531],[-2.49714,43.06536],[-2.49714,43.06539]]}},{"type":"Feature","properties":{"id":1509221813,"highway":"footway"},"geometry":{"type":"LineString","coordinates":[[-2.49714,43.06539],[-2.49719,43.06538]]}},{"type":"Feature","properties":{"id":1509221814,"highway":"footway"},"geometry":{"type":"LineString","coordinates":[[-2.49714,43.06531],[-2.49719,43.06532]]}},{"type":"Feature","properties":{"id":1509221815,"highway":"footway"},"geometry":{"type":"LineString","coordinates":[[-2.49714,43.06531],[-2.49704,43.06532],[-2.49691,43.06535],[-2.49677,43.06539],[-2.49668,43.06544],[-2.49661,43.06548]]}},{"type":"Feature","properties":{"id":1509221816,"highway":"footway"},"geometry":{"type":"LineString","coordinates":[[-2.49714,43.06539],[-2.49704,43.06539],[-2.49692,43.06542],[-2.4968,43.06545],[-2.4967,43.0655],[-2.49667,43.06552]]}},{"type":"Feature","properties":{"id":1509221817,"highway":"footway"},"geometry":{"type":"LineString","coordinates":[[-2.49825,43.06538],[-2.49719,43.06538]]}},{"type":"Feature","properties":{"id":1509221818,"highway":"footway"},"geometry":{"type":"LineString","coordinates":[[-2.49825,43.06531],[-2.49719,43.06532]]}},{"type":"Feature","properties":{"id":1509221819,"highway":"footway"},"geometry":{"type":"LineString","coordinates":[[-2.49637,43.06512],[-2.49635,43.06511],[-2.49632,43.06508]]}},{"type":"Feature","properties":{"id":1509221820,"highway":"footway"},"geometry":{"type":"LineString","coordinates":[[-2.49637,43.06512],[-2.49626,43.06519]]}},{"type":"Feature","properties":{"id":1509221821,"highway":"footway"},"geometry":{"type":"LineString","coordinates":[[-2.49637,43.06512],[-2.49655,43.06504],[-2.49666,43.065],[-2.49685,43.06496],[-2.49699,43.06494],[-2.49718,43.06493]]}},{"type":"Feature","properties":{"id":1509221824,"highway":"footway"},"geometry":{"type":"LineString","coordinates":[[-2.4963,43.06466],[-2.4962,43.06471],[-2.49615,43.06474],[-2.49611,43.06478],[-2.4961,43.06483]]}},{"type":"Feature","properties":{"id":1509221825,"highway":"steps"},"geometry":{"type":"LineString","coordinates":[[-2.4961,43.06483],[-2.49621,43.06494]]}},{"type":"Feature","properties":{"id":1509221826,"highway":"footway"},"geometry":{"type":"LineString","coordinates":[[-2.49621,43.06494],[-2.49624,43.06496],[-2.4962,43.06498]]}},{"type":"Feature","properties":{"id":1509221827,"highway":"footway"},"geometry":{"type":"LineString","coordinates":[[-2.49632,43.06508],[-2.49645,43.06501],[-2.49658,43.06497],[-2.49675,43.06492],[-2.49695,43.06488],[-2.49708,43.06487],[-2.49724,43.06487],[-2.49742,43.06487],[-2.49825,43.06486]]}},{"type":"Feature","properties":{"id":1509221828,"highway":"footway"},"geometry":{"type":"LineString","coordinates":[[-2.49725,43.06493],[-2.49725,43.06491],[-2.49724,43.06487]]}},{"type":"Feature","properties":{"id":1509221829,"highway":"footway"},"geometry":{"type":"LineString","coordinates":[[-2.49718,43.06493],[-2.49725,43.06493],[-2.49825,43.06493]]}},{"type":"Feature","properties":{"id":1509221830,"highway":"footway","tunel":"yes"},"geometry":{"type":"LineString","coordinates":[[-2.49535,43.06583],[-2.49524,43.06587]]}},{"type":"Feature","properties":{"id":1509221831,"highway":"footway"},"geometry":{"type":"LineString","coordinates":[[-2.49524,43.06587],[-2.49523,43.06588]]}},{"type":"Feature","properties":{"id":1509221832,"highway":"footway"},"geometry":{"type":"LineString","coordinates":[[-2.49523,43.06588],[-2.4955,43.06625],[-2.49555,43.06633],[-2.49561,43.06641]]}},{"type":"Feature","properties":{"id":1509221833,"highway":"footway"},"geometry":{"type":"LineString","coordinates":[[-2.49555,43.06633],[-2.49549,43.06635],[-2.49543,43.06637]]}},{"type":"Feature","properties":{"id":1509221834,"highway":"footway"},"geometry":{"type":"LineString","coordinates":[[-2.49523,43.06588],[-2.49517,43.06578],[-2.49485,43.06545],[-2.4948,43.06541],[-2.49471,43.06536],[-2.49435,43.06524]]}},{"type":"Feature","properties":{"id":1509221835,"highway":"footway"},"geometry":{"type":"LineString","coordinates":[[-2.49435,43.06524],[-2.49432,43.06528],[-2.49428,43.06533],[-2.49425,43.06537]]}},{"type":"Feature","properties":{"id":1509221836,"highway":"footway"},"geometry":{"type":"LineString","coordinates":[[-2.49485,43.06545],[-2.49482,43.06548],[-2.49477,43.06552]]}},{"type":"Feature","properties":{"id":1509221837,"highway":"footway"},"geometry":{"type":"LineString","coordinates":[[-2.49477,43.06552],[-2.49471,43.06549],[-2.49461,43.06546],[-2.49446,43.06542],[-2.49425,43.06537]]}},{"type":"Feature","properties":{"id":1509221838,"highway":"footway"},"geometry":{"type":"LineString","coordinates":[[-2.49393,43.06536],[-2.4939,43.06533]]}},{"type":"Feature","properties":{"id":1509221839,"highway":"footway"},"geometry":{"type":"LineString","coordinates":[[-2.4939,43.06533],[-2.49388,43.0653]]}},{"type":"Feature","properties":{"id":1509221840,"highway":"footway"},"geometry":{"type":"LineString","coordinates":[[-2.49393,43.06536],[-2.49403,43.06535],[-2.4942,43.06536],[-2.49425,43.06537]]}},{"type":"Feature","properties":{"id":1509221841,"highway":"footway"},"geometry":{"type":"LineString","coordinates":[[-2.49388,43.0653],[-2.49389,43.06529],[-2.49389,43.06526],[-2.49387,43.06521],[-2.49382,43.06514],[-2.49377,43.06513]]}},{"type":"Feature","properties":{"id":1509221842,"highway":"footway"},"geometry":{"type":"LineString","coordinates":[[-2.49377,43.06513],[-2.49375,43.0651],[-2.49373,43.06506],[-2.4937,43.06503]]}},{"type":"Feature","properties":{"id":1509221844,"highway":"footway"},"geometry":{"type":"LineString","coordinates":[[-2.49634,43.06336],[-2.49642,43.06339],[-2.49655,43.06344],[-2.49659,43.06346],[-2.49675,43.06352],[-2.49682,43.06354],[-2.49688,43.06355],[-2.49695,43.06356],[-2.49732,43.06355]]}},{"type":"Feature","properties":{"id":1509221845,"highway":"footway"},"geometry":{"type":"LineString","coordinates":[[-2.49732,43.06355],[-2.49731,43.06351],[-2.49731,43.06345]]}},{"type":"Feature","properties":{"id":1509221846,"highway":"service"},"geometry":{"type":"LineString","coordinates":[[-2.49744,43.06351],[-2.49746,43.06354],[-2.49747,43.06355],[-2.49751,43.06358],[-2.49755,43.06361],[-2.49757,43.06363],[-2.4976,43.06366]]}},{"type":"Feature","properties":{"id":1509221847,"highway":"footway"},"geometry":{"type":"LineString","coordinates":[[-2.49734,43.06355],[-2.49732,43.06366],[-2.4973,43.06365],[-2.49727,43.06377]]}},{"type":"Feature","properties":{"id":1509221848,"highway":"footway"},"geometry":{"type":"LineString","coordinates":[[-2.49732,43.06355],[-2.49734,43.06355],[-2.49746,43.06354],[-2.49758,43.06354],[-2.49761,43.06355],[-2.49764,43.06357],[-2.49766,43.06362],[-2.49769,43.06366],[-2.49773,43.06369]]}},{"type":"Feature","properties":{"id":1509221849,"highway":"footway"},"geometry":{"type":"LineString","coordinates":[[-2.49781,43.06364],[-2.49778,43.06366],[-2.49773,43.06369]]}},{"type":"Feature","properties":{"id":1509221850,"highway":"pedestrian","nombre":"Larrea plaza"},"geometry":{"type":"LineString","coordinates":[[-2.49646,43.06367],[-2.4964,43.06384],[-2.4964,43.06386],[-2.4964,43.06388],[-2.49639,43.06393],[-2.49639,43.06402],[-2.49637,43.06404],[-2.49632,43.06404],[-2.49615,43.06399],[-2.4961,43.06396],[-2.49609,43.06393],[-2.49614,43.06386],[-2.49622,43.06372],[-2.49625,43.06364],[-2.49627,43.06363],[-2.49629,43.06362],[-2.49638,43.06364],[-2.49642,43.06365],[-2.49644,43.06365],[-2.49646,43.06367]]}},{"type":"Feature","properties":{"id":1509221851,"highway":"service"},"geometry":{"type":"LineString","coordinates":[[-2.49643,43.06335],[-2.49642,43.06339],[-2.49642,43.06342],[-2.49642,43.06344],[-2.49644,43.06346],[-2.49646,43.06348],[-2.49647,43.0635]]}},{"type":"Feature","properties":{"id":1510322548,"highway":"footway"},"geometry":{"type":"LineString","coordinates":[[-2.49666,43.06423],[-2.49657,43.06422],[-2.49629,43.06419],[-2.49617,43.06417],[-2.49602,43.06411],[-2.49585,43.06403]]}},{"type":"Feature","properties":{"id":1510322549,"highway":"footway"},"geometry":{"type":"LineString","coordinates":[[-2.49666,43.06423],[-2.49717,43.06428],[-2.49735,43.0643]]}},{"type":"Feature","properties":{"id":1510322550,"highway":"footway"},"geometry":{"type":"LineString","coordinates":[[-2.49658,43.06421],[-2.49657,43.06422]]}},{"type":"Feature","properties":{"id":1510322551,"highway":"footway"},"geometry":{"type":"LineString","coordinates":[[-2.4972,43.06418],[-2.49717,43.06428]]}},{"type":"Feature","properties":{"id":1510322552,"highway":"footway"},"geometry":{"type":"LineString","coordinates":[[-2.49611,43.06347],[-2.49615,43.06351]]}},{"type":"Feature","properties":{"id":1510322553,"highway":"steps","tunel":"yes"},"geometry":{"type":"LineString","coordinates":[[-2.49627,43.06363],[-2.49615,43.06351]]}},{"type":"Feature","properties":{"id":1510322554,"highway":"steps"},"geometry":{"type":"LineString","coordinates":[[-2.49655,43.06344],[-2.49651,43.0635]]}},{"type":"Feature","properties":{"id":1510322555,"highway":"footway","tunel":"yes"},"geometry":{"type":"LineString","coordinates":[[-2.4965,43.06353],[-2.49642,43.06365]]}},{"type":"Feature","properties":{"id":1510322556,"highway":"footway"},"geometry":{"type":"LineString","coordinates":[[-2.49651,43.0635],[-2.4965,43.06353]]}},{"type":"Feature","properties":{"id":1510322557,"highway":"footway","tunel":"yes"},"geometry":{"type":"LineString","coordinates":[[-2.49656,43.06388],[-2.4964,43.06386]]}},{"type":"Feature","properties":{"id":1510322558,"highway":"steps"},"geometry":{"type":"LineString","coordinates":[[-2.49726,43.0645],[-2.49727,43.0644]]}},{"type":"Feature","properties":{"id":1510322559,"highway":"footway"},"geometry":{"type":"LineString","coordinates":[[-2.49833,43.06421],[-2.4981,43.06435],[-2.49806,43.06436],[-2.49801,43.06437],[-2.49735,43.0643]]}},{"type":"Feature","properties":{"id":1510322560,"highway":"footway"},"geometry":{"type":"LineString","coordinates":[[-2.49892,43.06364],[-2.4988,43.06369],[-2.49875,43.06373],[-2.49862,43.06397],[-2.49853,43.06406],[-2.49841,43.06415],[-2.49833,43.06421]]}},{"type":"Feature","properties":{"id":1510322565,"highway":"track"},"geometry":{"type":"LineString","coordinates":[[-2.47596,43.08233],[-2.47566,43.08231],[-2.47541,43.0823],[-2.47519,43.08232],[-2.47506,43.08235],[-2.47494,43.08235],[-2.47486,43.08234],[-2.47477,43.08232],[-2.47466,43.08227],[-2.47457,43.08223],[-2.47452,43.08221],[-2.47442,43.0822],[-2.47441,43.08225],[-2.47442,43.0823],[-2.47447,43.08239],[-2.47456,43.08267],[-2.47459,43.0828],[-2.47474,43.08295],[-2.47493,43.08314],[-2.47507,43.0834],[-2.47515,43.08348],[-2.47526,43.08354],[-2.47538,43.08357],[-2.47551,43.08365],[-2.47561,43.08378],[-2.47575,43.08398]]}},{"type":"Feature","properties":{"id":1516601933,"highway":"footway"},"geometry":{"type":"LineString","coordinates":[[-2.49854,43.06297],[-2.49857,43.063],[-2.49862,43.06303]]}},{"type":"Feature","properties":{"id":1516601934,"highway":"footway"},"geometry":{"type":"LineString","coordinates":[[-2.49928,43.06314],[-2.4992,43.06313]]}},{"type":"Feature","properties":{"id":1516601935,"highway":"footway"},"geometry":{"type":"LineString","coordinates":[[-2.49931,43.06315],[-2.49927,43.06319],[-2.49924,43.06325]]}},{"type":"Feature","properties":{"id":1516601936,"highway":"footway"},"geometry":{"type":"LineString","coordinates":[[-2.4992,43.06313],[-2.49914,43.06312]]}},{"type":"Feature","properties":{"id":1516601937,"highway":"footway"},"geometry":{"type":"LineString","coordinates":[[-2.49914,43.06312],[-2.49912,43.06304],[-2.49907,43.06298],[-2.499,43.06294],[-2.49893,43.06292],[-2.49886,43.06292],[-2.4988,43.06294],[-2.49868,43.06299],[-2.49862,43.06303]]}},{"type":"Feature","properties":{"id":1516601938,"highway":"footway"},"geometry":{"type":"LineString","coordinates":[[-2.49914,43.06312],[-2.49915,43.06316],[-2.49913,43.06318],[-2.49909,43.06322],[-2.49904,43.06329],[-2.499,43.06337],[-2.49898,43.06345],[-2.49895,43.06361],[-2.49894,43.06362],[-2.49892,43.06364]]}},{"type":"Feature","properties":{"id":1516601939,"highway":"steps"},"geometry":{"type":"LineString","coordinates":[[-2.49904,43.06329],[-2.49902,43.06328],[-2.49895,43.06335],[-2.49894,43.06335],[-2.49892,43.06335],[-2.49888,43.06333],[-2.49892,43.06328]]}},{"type":"Feature","properties":{"id":1516601940,"highway":"footway"},"geometry":{"type":"LineString","coordinates":[[-2.49888,43.06327],[-2.49892,43.06328]]}},{"type":"Feature","properties":{"id":1516601941,"highway":"footway"},"geometry":{"type":"LineString","coordinates":[[-2.49781,43.06364],[-2.49776,43.0636],[-2.49775,43.06357],[-2.49775,43.06355],[-2.49776,43.06353],[-2.49778,43.0635],[-2.49784,43.06347],[-2.49791,43.06348],[-2.49859,43.06308],[-2.4986,43.06307],[-2.49862,43.06303]]}},{"type":"Feature","properties":{"id":1516601942,"highway":"steps"},"geometry":{"type":"LineString","coordinates":[[-2.4986,43.06307],[-2.49874,43.06311]]}},{"type":"Feature","properties":{"id":1516601943,"highway":"footway"},"geometry":{"type":"LineString","coordinates":[[-2.49874,43.06311],[-2.49869,43.06322],[-2.49871,43.06323],[-2.49878,43.06325]]}},{"type":"Feature","properties":{"id":1516601946,"highway":"residential","nombre":"Uriburu kalea","oneway":"yes"},"geometry":{"type":"LineString","coordinates":[[-2.49793,43.06281],[-2.49828,43.0626],[-2.49834,43.06256],[-2.49836,43.06256],[-2.49837,43.06255]]}},{"type":"Feature","properties":{"id":1516601948,"highway":"footway"},"geometry":{"type":"LineString","coordinates":[[-2.49958,43.06357],[-2.49958,43.06342]]}},{"type":"Feature","properties":{"id":1530710950,"highway":"service"},"geometry":{"type":"LineString","coordinates":[[-2.49656,43.0663],[-2.49653,43.06629]]}},{"type":"Feature","properties":{"id":1530710951,"highway":"unclassified","oneway":"yes"},"geometry":{"type":"LineString","coordinates":[[-2.51292,43.07783],[-2.51298,43.07795]]}},{"type":"Feature","properties":{"id":1531059073,"highway":"path"},"geometry":{"type":"LineString","coordinates":[[-2.46175,43.07513],[-2.46142,43.07516],[-2.46116,43.0753],[-2.46091,43.07557],[-2.46078,43.07599],[-2.46065,43.07635],[-2.46049,43.07652],[-2.46031,43.07659],[-2.46012,43.07656],[-2.45992,43.07658],[-2.45918,43.07666]]}},{"type":"Feature","properties":{"id":1531059074,"highway":"track"},"geometry":{"type":"LineString","coordinates":[[-2.45137,43.07971],[-2.45144,43.07976],[-2.45147,43.0798],[-2.45148,43.07985],[-2.45144,43.0799],[-2.4514,43.07994],[-2.45132,43.07998],[-2.45126,43.08],[-2.45117,43.07999],[-2.45107,43.07996],[-2.45084,43.07986]]}},{"type":"Feature","properties":{"id":1531059075,"highway":"track"},"geometry":{"type":"LineString","coordinates":[[-2.44876,43.07975],[-2.44885,43.07965],[-2.44904,43.07954],[-2.44914,43.07949],[-2.44934,43.07944],[-2.44952,43.07942],[-2.44969,43.07942],[-2.45006,43.07946],[-2.45023,43.0795],[-2.45067,43.07977],[-2.45084,43.07986]]}},{"type":"Feature","properties":{"id":1531059076,"highway":"track"},"geometry":{"type":"LineString","coordinates":[[-2.45084,43.07986],[-2.45103,43.08],[-2.45114,43.08008],[-2.45123,43.08013],[-2.4513,43.08015],[-2.45144,43.08014],[-2.45153,43.08012],[-2.45161,43.0801],[-2.45164,43.08007],[-2.45175,43.07993],[-2.4519,43.07976],[-2.45206,43.07957],[-2.45212,43.07944]]}},{"type":"Feature","properties":{"id":1534654433,"highway":"service","superficie":"unpaved"},"geometry":{"type":"LineString","coordinates":[[-2.50479,43.09336],[-2.50484,43.09316],[-2.50487,43.09297],[-2.50493,43.09285],[-2.505,43.09283],[-2.50511,43.09281],[-2.50526,43.09282],[-2.50544,43.09294],[-2.50613,43.09338],[-2.50621,43.09337],[-2.50624,43.09329],[-2.50621,43.09314],[-2.5062,43.09309],[-2.50618,43.09299],[-2.50592,43.0928],[-2.5058,43.09269],[-2.50579,43.09261],[-2.50585,43.09245],[-2.50596,43.09226],[-2.50604,43.09214],[-2.50623,43.09202],[-2.50633,43.09199]]}},{"type":"Feature","properties":{"id":1534654434,"highway":"service","superficie":"unpaved"},"geometry":{"type":"MultiLineString","coordinates":[[[-2.50618,43.09299],[-2.50636,43.09311],[-2.50649,43.09325],[-2.50652,43.09344],[-2.50653,43.0937],[-2.50653,43.09389],[-2.50656,43.09394]],[[-2.50766,43.09333],[-2.5076,43.09321],[-2.50747,43.09306]]]}},{"type":"Feature","properties":{"id":1543189546,"highway":"service","oneway":"yes"},"geometry":{"type":"LineString","coordinates":[[-2.44799,43.07996],[-2.44792,43.07994]]}},{"type":"Feature","properties":{"id":1543189547,"highway":"secondary","ref":"GI-2630","oneway":"yes"},"geometry":{"type":"LineString","coordinates":[[-2.44799,43.07996],[-2.44793,43.07992]]}},{"type":"Feature","properties":{"id":1547716579,"highway":"service","puente":"yes"},"geometry":{"type":"LineString","coordinates":[[-2.52734,43.07084],[-2.52742,43.07082],[-2.52744,43.07081]]}},{"type":"Feature","properties":{"id":1547716580,"highway":"service"},"geometry":{"type":"LineString","coordinates":[[-2.52728,43.07088],[-2.52734,43.07084]]}},{"type":"Feature","properties":{"id":1547716591,"highway":"unclassified","puente":"yes"},"geometry":{"type":"LineString","coordinates":[[-2.53381,43.07165],[-2.53383,43.07162]]}},{"type":"Feature","properties":{"id":1547716592,"highway":"unclassified"},"geometry":{"type":"LineString","coordinates":[[-2.53378,43.07167],[-2.53381,43.07165]]}},{"type":"Feature","properties":{"id":1547716595,"highway":"track"},"geometry":{"type":"LineString","coordinates":[[-2.54508,43.08678],[-2.54501,43.08677],[-2.54484,43.08678],[-2.5447,43.08681],[-2.54459,43.08681],[-2.54403,43.08673],[-2.54329,43.08659],[-2.54297,43.08654],[-2.54287,43.08652],[-2.54283,43.0865],[-2.54277,43.08644],[-2.54247,43.08621],[-2.54219,43.08604],[-2.54186,43.08583],[-2.54144,43.08561],[-2.54114,43.08533],[-2.5408,43.0852],[-2.54062,43.08515],[-2.54057,43.0851],[-2.54048,43.08507],[-2.5404,43.08507],[-2.54032,43.08505],[-2.54028,43.08504],[-2.54015,43.08504],[-2.54007,43.08504],[-2.54001,43.08503],[-2.53991,43.085],[-2.53981,43.08494],[-2.53969,43.08488],[-2.53959,43.08483],[-2.53946,43.08478],[-2.53905,43.08467],[-2.53896,43.08464],[-2.53891,43.0846],[-2.53888,43.08457],[-2.53884,43.0845],[-2.53885,43.08447],[-2.53897,43.08441],[-2.53922,43.08434],[-2.53935,43.08429],[-2.53947,43.08426],[-2.53952,43.08423],[-2.53954,43.08421]]}},{"type":"Feature","properties":{"id":1547719425,"highway":"path","tunel":"yes"},"geometry":{"type":"LineString","coordinates":[[-2.51481,43.09053],[-2.5143,43.09047]]}},{"type":"Feature","properties":{"id":1547721526,"highway":"path"},"geometry":{"type":"LineString","coordinates":[[-2.53909,43.07643],[-2.53914,43.07655],[-2.53923,43.07678],[-2.53924,43.07685],[-2.53924,43.07694],[-2.53925,43.07698],[-2.5392,43.07705],[-2.53912,43.07709],[-2.53905,43.07713],[-2.53897,43.07719],[-2.53892,43.07723],[-2.53887,43.07726],[-2.53881,43.07727],[-2.5387,43.07726],[-2.5386,43.07723],[-2.53854,43.07723],[-2.53851,43.07725],[-2.53846,43.07729],[-2.53838,43.07735],[-2.53832,43.07739],[-2.53826,43.07741],[-2.53822,43.07741],[-2.53813,43.07737],[-2.53805,43.07736],[-2.53798,43.07736],[-2.53788,43.07735],[-2.53774,43.07732],[-2.53749,43.07724],[-2.53737,43.07713],[-2.53724,43.07702],[-2.53717,43.07692],[-2.53715,43.07686],[-2.53714,43.07678],[-2.53711,43.07667],[-2.53707,43.0766],[-2.53707,43.07651],[-2.53711,43.07638],[-2.53731,43.07605],[-2.53735,43.07596],[-2.53736,43.0759],[-2.53737,43.07584]]}},{"type":"Feature","properties":{"id":1547721527,"highway":"service","oneway":"no"},"geometry":{"type":"LineString","coordinates":[[-2.53453,43.07882],[-2.53414,43.07858],[-2.53402,43.0785],[-2.53386,43.07834],[-2.53365,43.07791],[-2.5335,43.0777],[-2.53343,43.07762],[-2.53335,43.0775],[-2.53326,43.07748],[-2.5332,43.07749],[-2.53317,43.07752],[-2.53313,43.07754]]}},{"type":"Feature","properties":{"id":1547721528,"highway":"service","oneway":"no","puente":"yes"},"geometry":{"type":"LineString","coordinates":[[-2.53313,43.07754],[-2.53298,43.07762]]}},{"type":"Feature","properties":{"id":1547721529,"highway":"service","oneway":"no"},"geometry":{"type":"LineString","coordinates":[[-2.53572,43.08021],[-2.5358,43.08023],[-2.53577,43.08018],[-2.53558,43.08001],[-2.53543,43.0799],[-2.53532,43.07972],[-2.53523,43.07954]]}},{"type":"Feature","properties":{"id":1547721530,"highway":"service","oneway":"no","puente":"yes"},"geometry":{"type":"LineString","coordinates":[[-2.53558,43.08022],[-2.53572,43.08021]]}}]}
