{"type":"FeatureCollection","features":[{"type":"Feature","properties":{"id":41758953,"highway":"path"},"geometry":{"type":"MultiLineString","coordinates":[[[-2.96644,43.20542],[-2.96657,43.20539],[-2.96711,43.20524],[-2.96746,43.20513],[-2.96793,43.20509],[-2.96819,43.20504],[-2.96827,43.20503],[-2.96839,43.20498],[-2.9687,43.20489],[-2.9692,43.20486],[-2.9697,43.20476],[-2.97013,43.20469],[-2.9703,43.20468]],[[-2.97174,43.20419],[-2.97178,43.20416],[-2.97185,43.20414],[-2.97196,43.2041],[-2.97227,43.20405],[-2.97276,43.20404],[-2.97304,43.2041],[-2.97328,43.20413],[-2.97359,43.20412],[-2.97394,43.20412],[-2.97427,43.20409],[-2.97448,43.20408],[-2.9746,43.20406],[-2.97469,43.20406],[-2.97482,43.20404],[-2.97513,43.20394],[-2.9754,43.20386],[-2.97574,43.20377],[-2.97585,43.20376],[-2.97611,43.20372],[-2.97637,43.20366]]]}},{"type":"Feature","properties":{"id":42133809,"highway":"motorway","ref":"AP-68","oneway":"yes","superficie":"asphalt"},"geometry":{"type":"LineString","coordinates":[[-2.92235,43.16251],[-2.92295,43.16213],[-2.92331,43.16189],[-2.92368,43.16164],[-2.92408,43.16134],[-2.9245,43.16099],[-2.92497,43.16056],[-2.92541,43.16014],[-2.92581,43.15977],[-2.92637,43.15928],[-2.92668,43.15904],[-2.92711,43.15874]]}},{"type":"Feature","properties":{"id":42133812,"highway":"motorway","ref":"AP-68","oneway":"yes","puente":"yes","superficie":"asphalt"},"geometry":{"type":"LineString","coordinates":[[-2.93166,43.15672],[-2.93232,43.1565],[-2.93274,43.15636],[-2.93294,43.15628]]}},{"type":"Feature","properties":{"id":42133814,"highway":"motorway","ref":"AP-68","oneway":"yes","puente":"yes","superficie":"asphalt"},"geometry":{"type":"LineString","coordinates":[[-2.93271,43.15617],[-2.93258,43.15622],[-2.93222,43.15635],[-2.93145,43.1566]]}},{"type":"Feature","properties":{"id":42133815,"highway":"motorway","ref":"AP-68","oneway":"yes","superficie":"asphalt"},"geometry":{"type":"LineString","coordinates":[[-2.93145,43.1566],[-2.92983,43.15713],[-2.92936,43.1573],[-2.92928,43.15734]]}},{"type":"Feature","properties":{"id":42133822,"highway":"motorway","ref":"AP-68","oneway":"yes","superficie":"asphalt"},"geometry":{"type":"LineString","coordinates":[[-2.92679,43.15874],[-2.92651,43.15894],[-2.92619,43.15919],[-2.92566,43.15965],[-2.92522,43.16006],[-2.92479,43.16047],[-2.92433,43.16087],[-2.92391,43.16122],[-2.92353,43.16152],[-2.92316,43.16178],[-2.92278,43.16202],[-2.92221,43.16238]]}},{"type":"Feature","properties":{"id":42133826,"highway":"motorway","ref":"AP-68","oneway":"yes","puente":"yes","superficie":"asphalt"},"geometry":{"type":"LineString","coordinates":[[-2.92928,43.15734],[-2.92861,43.15763],[-2.9283,43.15778]]}},{"type":"Feature","properties":{"id":42133827,"highway":"motorway","ref":"AP-68","oneway":"yes","superficie":"asphalt"},"geometry":{"type":"LineString","coordinates":[[-2.9294,43.15749],[-2.92994,43.15727],[-2.93017,43.15718],[-2.93166,43.15672]]}},{"type":"Feature","properties":{"id":42134471,"highway":"motorway_link","oneway":"yes","superficie":"asphalt"},"geometry":{"type":"LineString","coordinates":[[-2.92994,43.15727],[-2.93122,43.15695],[-2.93129,43.15694],[-2.93146,43.15693],[-2.93162,43.15695],[-2.93181,43.15699],[-2.93204,43.15707],[-2.93243,43.15725],[-2.93269,43.15738],[-2.93302,43.15753],[-2.9332,43.15759],[-2.9334,43.15765],[-2.93366,43.15769],[-2.93381,43.15772],[-2.93403,43.15779]]}},{"type":"Feature","properties":{"id":42134472,"highway":"motorway_link","oneway":"yes","superficie":"asphalt"},"geometry":{"type":"LineString","coordinates":[[-2.93522,43.15794],[-2.93524,43.15803],[-2.93524,43.15808],[-2.93522,43.15815],[-2.9352,43.15817],[-2.93519,43.1582],[-2.93515,43.15826]]}},{"type":"Feature","properties":{"id":42134479,"highway":"motorway_link","oneway":"yes","superficie":"asphalt"},"geometry":{"type":"LineString","coordinates":[[-2.93553,43.15813],[-2.93555,43.15805],[-2.93555,43.15799],[-2.93552,43.15794],[-2.93546,43.15787],[-2.93541,43.15781]]}},{"type":"Feature","properties":{"id":42134480,"highway":"motorway_link","oneway":"yes","superficie":"asphalt"},"geometry":{"type":"LineString","coordinates":[[-2.93541,43.15781],[-2.93532,43.15785],[-2.93525,43.1579],[-2.93522,43.15794]]}},{"type":"Feature","properties":{"id":42134651,"highway":"primary","nombre":"Aretako bidezubia","izena_eu":"Aretako bidezubia","nombre_es":"Viaducto de Areta","ref":"BI-625","puente":"yes","superficie":"asphalt"},"geometry":{"type":"LineString","coordinates":[[-2.93986,43.14683],[-2.93985,43.14667],[-2.93986,43.14651],[-2.93987,43.1464],[-2.93987,43.14633],[-2.93989,43.14623],[-2.9399,43.14618],[-2.93994,43.14608]]}},{"type":"Feature","properties":{"id":42134652,"highway":"secondary","nombre":"Atxeta auzoa","izena_eu":"Atxeta auzoa","nombre_es":"Barrio Atxeta"},"geometry":{"type":"LineString","coordinates":[[-2.94119,43.14668],[-2.94112,43.14669],[-2.94105,43.14672],[-2.94099,43.14674],[-2.94092,43.14677],[-2.94086,43.14681],[-2.94073,43.1469],[-2.94064,43.14698],[-2.94056,43.14706],[-2.94053,43.1471],[-2.94048,43.14716],[-2.94044,43.14727],[-2.94041,43.14737],[-2.94036,43.14766],[-2.9403,43.14811],[-2.9403,43.14819],[-2.94031,43.14824]]}},{"type":"Feature","properties":{"id":42134661,"highway":"primary","nombre":"Zuloaga auzoa","izena_eu":"Zuloaga auzoa","nombre_es":"Barrio Zuloaga","ref":"BI-625","superficie":"asphalt"},"geometry":{"type":"LineString","coordinates":[[-2.94026,43.1489],[-2.94012,43.14824],[-2.94,43.14762],[-2.93992,43.14722],[-2.93989,43.14704],[-2.93986,43.14683]]}},{"type":"Feature","properties":{"id":42158318,"highway":"path"},"geometry":{"type":"LineString","coordinates":[[-2.9398,43.19334],[-2.94016,43.19347],[-2.94045,43.19359],[-2.94067,43.19369],[-2.94082,43.19376],[-2.94096,43.19385],[-2.94103,43.19393],[-2.94109,43.19401],[-2.94114,43.19413],[-2.94119,43.19434],[-2.94122,43.19453],[-2.94127,43.19466],[-2.9413,43.19473],[-2.94135,43.19477],[-2.94142,43.19479],[-2.94151,43.19483],[-2.94172,43.1949],[-2.94187,43.19498],[-2.94193,43.19501],[-2.94206,43.19507],[-2.9422,43.19512],[-2.94231,43.19517],[-2.94236,43.19522],[-2.94233,43.19523],[-2.94224,43.19529],[-2.94216,43.19537],[-2.94213,43.1954],[-2.94201,43.19552],[-2.94195,43.19557],[-2.94189,43.19564],[-2.94182,43.19572],[-2.94174,43.19582],[-2.94169,43.19589],[-2.94164,43.19599],[-2.94155,43.19615],[-2.94154,43.19624],[-2.9416,43.1963],[-2.94168,43.19633],[-2.94184,43.19636],[-2.94201,43.19637],[-2.94212,43.19638],[-2.94227,43.19639],[-2.94246,43.19641],[-2.94265,43.19643],[-2.94281,43.19645],[-2.94293,43.19647],[-2.94306,43.19647],[-2.94317,43.19648],[-2.94337,43.19647],[-2.94359,43.19651],[-2.94371,43.19652],[-2.94381,43.19655],[-2.94392,43.19657],[-2.94402,43.19662],[-2.94413,43.19669],[-2.94427,43.1968],[-2.94437,43.19689],[-2.94443,43.19696],[-2.94449,43.19702],[-2.9445,43.19713],[-2.94448,43.19725],[-2.94443,43.19737],[-2.94437,43.19745],[-2.94434,43.19752],[-2.94431,43.1976],[-2.94429,43.1977],[-2.94429,43.19788],[-2.9443,43.19806],[-2.94433,43.19821],[-2.94438,43.19848],[-2.94439,43.19864],[-2.94441,43.19879],[-2.94443,43.19904],[-2.94445,43.19918],[-2.94444,43.19928],[-2.94447,43.1994],[-2.94453,43.19953],[-2.94455,43.19963],[-2.94461,43.1998],[-2.94466,43.19997],[-2.9447,43.20012],[-2.94475,43.20029],[-2.94482,43.20045],[-2.94487,43.20063],[-2.94494,43.20076],[-2.94503,43.20097],[-2.94509,43.2011],[-2.94513,43.20124],[-2.9452,43.2014],[-2.94525,43.20151],[-2.94525,43.20159],[-2.94526,43.20166],[-2.94531,43.20172],[-2.94542,43.20178],[-2.94552,43.20184],[-2.94562,43.20188],[-2.94579,43.20196],[-2.9459,43.20201],[-2.94598,43.20205],[-2.94606,43.20208],[-2.94619,43.20211],[-2.94632,43.20214],[-2.94653,43.2022],[-2.94664,43.20224],[-2.94678,43.20229],[-2.94695,43.20237],[-2.94713,43.20247],[-2.94727,43.20255],[-2.94738,43.2026],[-2.94753,43.20268],[-2.94772,43.20279],[-2.9479,43.20289],[-2.94811,43.20301],[-2.94829,43.20312],[-2.94839,43.20319],[-2.9485,43.2033],[-2.94864,43.20343],[-2.94875,43.20354],[-2.94887,43.20365],[-2.94902,43.20379],[-2.94913,43.20389],[-2.94923,43.20398],[-2.94933,43.20407],[-2.94942,43.20414],[-2.9495,43.20419],[-2.94961,43.20428],[-2.94978,43.20439],[-2.94995,43.20449],[-2.95008,43.20457],[-2.9502,43.20465],[-2.95028,43.2047],[-2.95041,43.20478],[-2.95057,43.20485],[-2.95066,43.20491],[-2.95071,43.20497],[-2.95074,43.20503],[-2.95082,43.20513],[-2.95088,43.2052],[-2.95095,43.2053],[-2.95112,43.20548],[-2.95117,43.20558],[-2.95126,43.20571],[-2.95127,43.20573],[-2.95132,43.20579],[-2.95137,43.20588],[-2.95139,43.20596],[-2.95141,43.20613],[-2.95142,43.20628],[-2.95142,43.20638],[-2.95144,43.2065],[-2.95147,43.2066],[-2.9515,43.20665],[-2.95154,43.2067],[-2.95158,43.20674],[-2.95162,43.20677],[-2.95171,43.20682],[-2.95186,43.20689],[-2.9521,43.20698],[-2.95221,43.20703],[-2.95242,43.20712],[-2.95255,43.20718],[-2.95268,43.20723],[-2.95291,43.20733],[-2.95307,43.20742],[-2.95314,43.20746],[-2.95321,43.20753],[-2.95328,43.20761],[-2.95334,43.20768],[-2.95335,43.20781],[-2.95339,43.20791],[-2.95343,43.20802],[-2.95345,43.20809]]}},{"type":"Feature","properties":{"id":42158333,"highway":"path"},"geometry":{"type":"LineString","coordinates":[[-2.98129,43.20231],[-2.98129,43.20229],[-2.98122,43.20225],[-2.98114,43.20214],[-2.98109,43.20205],[-2.98111,43.20201],[-2.98121,43.20194],[-2.98122,43.2019],[-2.98121,43.20188]]}},{"type":"Feature","properties":{"id":91613832,"highway":"motorway","ref":"AP-68","oneway":"yes","superficie":"asphalt"},"geometry":{"type":"LineString","coordinates":[[-2.91461,43.17273],[-2.91523,43.17223],[-2.91554,43.17196],[-2.91593,43.17159],[-2.9162,43.1713],[-2.91647,43.17097],[-2.917,43.17022],[-2.91737,43.16953],[-2.91759,43.16898],[-2.91779,43.16835],[-2.91803,43.16737]]}},{"type":"Feature","properties":{"id":91613835,"highway":"motorway","ref":"AP-68","oneway":"yes","puente":"yes","superficie":"asphalt"},"geometry":{"type":"LineString","coordinates":[[-2.91187,43.17396],[-2.91134,43.17416],[-2.91076,43.17433]]}},{"type":"Feature","properties":{"id":91613872,"highway":"motorway","ref":"AP-68","oneway":"yes","superficie":"asphalt"},"geometry":{"type":"LineString","coordinates":[[-2.92136,43.16292],[-2.92075,43.16337],[-2.92034,43.1637],[-2.91945,43.16453],[-2.91842,43.16594]]}},{"type":"Feature","properties":{"id":91613888,"highway":"motorway","ref":"AP-68","oneway":"yes","puente":"yes","superficie":"asphalt"},"geometry":{"type":"LineString","coordinates":[[-2.92149,43.16306],[-2.92235,43.16251]]}},{"type":"Feature","properties":{"id":91613890,"highway":"motorway","ref":"AP-68","oneway":"yes","puente":"yes","superficie":"asphalt"},"geometry":{"type":"LineString","coordinates":[[-2.91336,43.17348],[-2.91368,43.17331],[-2.91407,43.17309],[-2.91435,43.17292],[-2.91461,43.17273]]}},{"type":"Feature","properties":{"id":91613925,"highway":"motorway","ref":"AP-68","oneway":"yes","puente":"yes","superficie":"asphalt"},"geometry":{"type":"LineString","coordinates":[[-2.92221,43.16238],[-2.92136,43.16292]]}},{"type":"Feature","properties":{"id":91613970,"highway":"motorway","ref":"AP-68","oneway":"yes","puente":"yes","superficie":"asphalt"},"geometry":{"type":"LineString","coordinates":[[-2.9145,43.17257],[-2.91421,43.17278],[-2.91391,43.17297],[-2.91357,43.17317],[-2.91323,43.17335]]}},{"type":"Feature","properties":{"id":91613982,"highway":"motorway","ref":"AP-68","oneway":"yes","puente":"yes","superficie":"asphalt"},"geometry":{"type":"LineString","coordinates":[[-2.91803,43.16737],[-2.91811,43.16717],[-2.9183,43.16665],[-2.91855,43.16613]]}},{"type":"Feature","properties":{"id":91613993,"highway":"motorway","ref":"AP-68","oneway":"yes","puente":"yes","superficie":"asphalt"},"geometry":{"type":"LineString","coordinates":[[-2.91842,43.16594],[-2.91814,43.16648],[-2.91789,43.1671],[-2.91784,43.16729]]}},{"type":"Feature","properties":{"id":91613995,"highway":"motorway","ref":"AP-68","oneway":"yes","superficie":"asphalt"},"geometry":{"type":"LineString","coordinates":[[-2.91199,43.17411],[-2.91232,43.17398],[-2.91266,43.17383],[-2.91336,43.17348]]}},{"type":"Feature","properties":{"id":91614038,"highway":"motorway","ref":"AP-68","oneway":"yes","superficie":"asphalt"},"geometry":{"type":"LineString","coordinates":[[-2.91046,43.17459],[-2.91087,43.17448]]}},{"type":"Feature","properties":{"id":91614044,"highway":"motorway","ref":"AP-68","oneway":"yes","superficie":"asphalt"},"geometry":{"type":"LineString","coordinates":[[-2.91076,43.17433],[-2.91038,43.17444]]}},{"type":"Feature","properties":{"id":91614057,"highway":"motorway","ref":"AP-68","oneway":"yes","puente":"yes","superficie":"asphalt"},"geometry":{"type":"LineString","coordinates":[[-2.91087,43.17448],[-2.9114,43.17433],[-2.91199,43.17411]]}},{"type":"Feature","properties":{"id":91614070,"highway":"motorway","ref":"AP-68","oneway":"yes","superficie":"asphalt"},"geometry":{"type":"LineString","coordinates":[[-2.91323,43.17335],[-2.91256,43.17369],[-2.91222,43.17384],[-2.91187,43.17396]]}},{"type":"Feature","properties":{"id":91614080,"highway":"motorway","ref":"AP-68","oneway":"yes","superficie":"asphalt"},"geometry":{"type":"LineString","coordinates":[[-2.91784,43.16729],[-2.91757,43.16831],[-2.91737,43.16894],[-2.91715,43.16946],[-2.91675,43.17021],[-2.91629,43.17086],[-2.916,43.17121],[-2.91576,43.17148],[-2.91538,43.17184],[-2.91506,43.17212],[-2.9145,43.17257]]}},{"type":"Feature","properties":{"id":91614091,"highway":"motorway","ref":"AP-68","oneway":"yes","superficie":"asphalt"},"geometry":{"type":"LineString","coordinates":[[-2.91855,43.16613],[-2.91962,43.16465],[-2.92081,43.16354],[-2.92149,43.16306]]}},{"type":"Feature","properties":{"id":91734141,"highway":"service","nombre":"Bakiola industrialdea"},"geometry":{"type":"LineString","coordinates":[[-2.91206,43.1791],[-2.91178,43.17831],[-2.91167,43.17799],[-2.91156,43.17767],[-2.91144,43.17734],[-2.91135,43.17706],[-2.91122,43.1767]]}},{"type":"Feature","properties":{"id":91734143,"highway":"service","nombre":"Bakiola industrialdea"},"geometry":{"type":"LineString","coordinates":[[-2.91338,43.17712],[-2.9124,43.17739]]}},{"type":"Feature","properties":{"id":91734144,"highway":"service","nombre":"Bakiola industrialdea"},"geometry":{"type":"LineString","coordinates":[[-2.91395,43.17915],[-2.91389,43.17911],[-2.91348,43.17887],[-2.91256,43.1783],[-2.91243,43.17796],[-2.9124,43.17739],[-2.91237,43.17724],[-2.91217,43.17684],[-2.91205,43.17666],[-2.91199,43.17657],[-2.91192,43.17648],[-2.91182,43.17637],[-2.91168,43.17623],[-2.9114,43.17599]]}},{"type":"Feature","properties":{"id":91734147,"highway":"service","puente":"yes"},"geometry":{"type":"LineString","coordinates":[[-2.91428,43.17939],[-2.91395,43.17915]]}},{"type":"Feature","properties":{"id":91734148,"highway":"service","nombre":"Bakiola industrialdea"},"geometry":{"type":"LineString","coordinates":[[-2.91348,43.17887],[-2.91324,43.1789],[-2.91206,43.1791],[-2.91144,43.17921]]}},{"type":"Feature","properties":{"id":91734149,"highway":"service","nombre":"Bakiola industrialdea"},"geometry":{"type":"LineString","coordinates":[[-2.91389,43.17911],[-2.9144,43.17869],[-2.91456,43.17839],[-2.91465,43.17819],[-2.91468,43.17811],[-2.91469,43.17802],[-2.91468,43.17792],[-2.91464,43.17767],[-2.91452,43.17744]]}},{"type":"Feature","properties":{"id":106928456,"highway":"track"},"geometry":{"type":"MultiLineString","coordinates":[[[-2.96925,43.18348],[-2.96925,43.18352],[-2.96925,43.18368],[-2.9693,43.1838],[-2.96938,43.1839],[-2.96943,43.18394]],[[-2.97075,43.18528],[-2.97075,43.18528],[-2.97094,43.18547],[-2.97106,43.18557],[-2.97121,43.18566],[-2.97148,43.18591],[-2.97165,43.18606],[-2.97208,43.1863],[-2.97234,43.18655],[-2.97251,43.18672],[-2.97276,43.18691],[-2.97303,43.18711],[-2.97327,43.18726]],[[-2.97437,43.1894],[-2.97439,43.18945],[-2.97441,43.18948]],[[-2.97655,43.1932],[-2.97656,43.19323],[-2.97679,43.19355],[-2.97688,43.19367],[-2.97703,43.19384],[-2.97716,43.19402],[-2.97726,43.19419]],[[-2.97729,43.19426],[-2.97741,43.19452],[-2.97752,43.19477],[-2.97766,43.19504],[-2.97777,43.19523]],[[-2.97803,43.1961],[-2.97803,43.19613],[-2.97804,43.19616]]]}},{"type":"Feature","properties":{"id":106935661,"highway":"path","nombre":"Camino a Kamaraka"},"geometry":{"type":"LineString","coordinates":[[-2.96483,43.17917],[-2.96492,43.1793],[-2.9651,43.17962],[-2.96518,43.17969]]}},{"type":"Feature","properties":{"id":155219503,"highway":"primary","nombre":"Bilbao - Orduña errepidea","izena_eu":"Bilbao - Orduña errepidea","nombre_es":"Carretera Bilbao - Orduña","ref":"BI-625","superficie":"asphalt"},"geometry":{"type":"LineString","coordinates":[[-2.94102,43.1505],[-2.94098,43.15049],[-2.94094,43.15047],[-2.94086,43.15046],[-2.94078,43.15047],[-2.94071,43.1505],[-2.94066,43.15055],[-2.94064,43.15058],[-2.94063,43.15062],[-2.94062,43.15065],[-2.94063,43.15069],[-2.94065,43.15072],[-2.94068,43.15075],[-2.94072,43.15078],[-2.94078,43.1508],[-2.94084,43.15081],[-2.9409,43.15081],[-2.94096,43.15079],[-2.94102,43.15077],[-2.94105,43.15074],[-2.94108,43.15071],[-2.94109,43.15068],[-2.9411,43.15063],[-2.94109,43.15058],[-2.94106,43.15054],[-2.94102,43.1505]]}},{"type":"Feature","properties":{"id":155219519,"highway":"unclassified","nombre":"Rotalde auzoa","izena_eu":"Rotalde auzoa","nombre_es":"Barrio Rotalde"},"geometry":{"type":"LineString","coordinates":[[-2.93077,43.16236],[-2.93069,43.16238],[-2.93065,43.16244],[-2.93058,43.16274],[-2.93055,43.16286],[-2.93053,43.16294],[-2.93052,43.16297],[-2.93051,43.16299],[-2.93049,43.16301],[-2.93045,43.16304],[-2.93041,43.16305]]}},{"type":"Feature","properties":{"id":200185591,"highway":"unclassified","nombre":"Ustara auzoa","izena_eu":"Ustara auzoa"},"geometry":{"type":"LineString","coordinates":[[-2.95054,43.19098],[-2.95055,43.19106],[-2.95063,43.19129],[-2.95064,43.19132],[-2.95062,43.19136],[-2.95061,43.19139],[-2.95057,43.19139],[-2.95047,43.19139],[-2.95035,43.19138],[-2.95028,43.19139],[-2.95021,43.19142],[-2.94982,43.19173],[-2.94966,43.19186],[-2.94955,43.19193],[-2.94946,43.192],[-2.94943,43.19205],[-2.94943,43.1921],[-2.94947,43.19217],[-2.94951,43.19222],[-2.94965,43.19233],[-2.94973,43.19242],[-2.94977,43.19249],[-2.94984,43.1927],[-2.94992,43.19285],[-2.94992,43.19292],[-2.94992,43.19299],[-2.94989,43.19306],[-2.94983,43.19314],[-2.94978,43.19319],[-2.94953,43.19336],[-2.9495,43.1934],[-2.94945,43.19358],[-2.94942,43.19363],[-2.94925,43.19384],[-2.94918,43.19396],[-2.94912,43.19437],[-2.94913,43.19454],[-2.94926,43.19472],[-2.94953,43.1951],[-2.94953,43.19526],[-2.9495,43.19547],[-2.94956,43.19567],[-2.9495,43.19574],[-2.94928,43.19573],[-2.94907,43.19556],[-2.94885,43.19536],[-2.94862,43.19518],[-2.94815,43.19502],[-2.94798,43.19483],[-2.94783,43.19464],[-2.94745,43.1942],[-2.9473,43.19393],[-2.94718,43.19367],[-2.94684,43.19344]]}},{"type":"Feature","properties":{"id":226645239,"highway":"unclassified","nombre":"Rotalde auzoa","izena_eu":"Rotalde auzoa","nombre_es":"Barrio Rotalde","puente":"yes"},"geometry":{"type":"LineString","coordinates":[[-2.93041,43.16305],[-2.92963,43.16322]]}},{"type":"Feature","properties":{"id":226645240,"highway":"unclassified","nombre":"Arbide auzoa","izena_eu":"Arbide auzoa","nombre_es":"Barrio Arbide"},"geometry":{"type":"LineString","coordinates":[[-2.92816,43.16298],[-2.92795,43.16312],[-2.92776,43.16326],[-2.92722,43.16356],[-2.92671,43.16377],[-2.92646,43.16384],[-2.9262,43.1639],[-2.92594,43.16394],[-2.92535,43.16401],[-2.92515,43.16401],[-2.92446,43.164],[-2.9242,43.16402],[-2.92347,43.16408],[-2.92321,43.16406],[-2.92313,43.16401],[-2.92304,43.16389],[-2.92305,43.16383],[-2.92312,43.16381],[-2.92459,43.16379],[-2.92485,43.16378],[-2.92527,43.16376],[-2.92558,43.16373],[-2.92601,43.16368],[-2.92648,43.16358]]}},{"type":"Feature","properties":{"id":236540784,"highway":"tertiary","nombre":"Barrio La Isla","ref":"BI-4516","oneway":"yes"},"geometry":{"type":"LineString","coordinates":[[-2.94098,43.15188],[-2.94095,43.15203],[-2.94093,43.15209],[-2.94091,43.15213],[-2.94087,43.15222],[-2.94079,43.15233]]}},{"type":"Feature","properties":{"id":236540785,"highway":"tertiary_link","oneway":"yes"},"geometry":{"type":"LineString","coordinates":[[-2.94079,43.15234],[-2.94081,43.15238],[-2.94085,43.15242],[-2.94087,43.15245]]}},{"type":"Feature","properties":{"id":236540786,"highway":"tertiary","nombre":"Barrio La Isla","ref":"BI-4516","oneway":"yes"},"geometry":{"type":"LineString","coordinates":[[-2.94078,43.15248],[-2.94082,43.15246],[-2.94087,43.15245]]}},{"type":"Feature","properties":{"id":236540787,"highway":"tertiary_link","oneway":"yes"},"geometry":{"type":"LineString","coordinates":[[-2.94087,43.15245],[-2.94094,43.15247],[-2.941,43.15251],[-2.94103,43.15255]]}},{"type":"Feature","properties":{"id":236540788,"highway":"residential","oneway":"yes"},"geometry":{"type":"LineString","coordinates":[[-2.93076,43.15946],[-2.93066,43.15949],[-2.93055,43.15947],[-2.93047,43.15944]]}},{"type":"Feature","properties":{"id":236540789,"highway":"residential","oneway":"yes"},"geometry":{"type":"LineString","coordinates":[[-2.93056,43.15959],[-2.93063,43.15956],[-2.9307,43.15955],[-2.93079,43.15955]]}},{"type":"Feature","properties":{"id":236540790,"highway":"residential","nombre":"Gastaka-Goikoa auzoa","izena_eu":"Gastaka-Goikoa auzoa","nombre_es":"Barrio Gastaka-Goikoa"},"geometry":{"type":"LineString","coordinates":[[-2.93102,43.16013],[-2.93076,43.15985],[-2.93056,43.15959],[-2.93047,43.15944],[-2.9304,43.15933],[-2.93032,43.15916],[-2.93025,43.15897],[-2.93025,43.15883],[-2.93029,43.15869],[-2.93036,43.15855],[-2.9306,43.15833],[-2.93083,43.15816],[-2.93109,43.15807],[-2.93127,43.15808],[-2.93135,43.15808],[-2.93168,43.15823],[-2.93191,43.15842],[-2.9321,43.15849],[-2.93273,43.15865],[-2.93283,43.15872],[-2.93287,43.15881]]}},{"type":"Feature","properties":{"id":246761396,"highway":"path"},"geometry":{"type":"MultiLineString","coordinates":[[[-2.95693,43.21102],[-2.95686,43.21097]],[[-2.95655,43.21074],[-2.95639,43.21064],[-2.95625,43.21043],[-2.95621,43.21027],[-2.95632,43.21002],[-2.95631,43.20979],[-2.95624,43.20969],[-2.95616,43.20952],[-2.95601,43.20936],[-2.95586,43.20928],[-2.95575,43.20924],[-2.95566,43.20916],[-2.95506,43.20885],[-2.95494,43.20875],[-2.95482,43.2086],[-2.95465,43.20835],[-2.95458,43.20819],[-2.9545,43.20783],[-2.95438,43.20766],[-2.95424,43.20737],[-2.95417,43.20705],[-2.95417,43.2068],[-2.95418,43.20674],[-2.95432,43.20662],[-2.95443,43.20651],[-2.95465,43.20645],[-2.95477,43.20643],[-2.95507,43.20649],[-2.95524,43.2065],[-2.95532,43.20648],[-2.95564,43.20622],[-2.95586,43.20607],[-2.95615,43.20594],[-2.95641,43.20588],[-2.95682,43.20585],[-2.95721,43.20591],[-2.95776,43.20602],[-2.95822,43.20601],[-2.95863,43.2059],[-2.95872,43.20591],[-2.95893,43.20587],[-2.95923,43.20573],[-2.95935,43.20562],[-2.95949,43.20555],[-2.95991,43.20539],[-2.96007,43.2053],[-2.96027,43.20523],[-2.96041,43.20515],[-2.96048,43.20504],[-2.96061,43.20492],[-2.96066,43.20481],[-2.96084,43.20462],[-2.96088,43.20442],[-2.96093,43.20428],[-2.96094,43.20413],[-2.96098,43.20408],[-2.96102,43.20357],[-2.96117,43.20315],[-2.96129,43.2031],[-2.96149,43.2031],[-2.96185,43.20315],[-2.96226,43.20326],[-2.9624,43.20333],[-2.96286,43.20349],[-2.96309,43.20355],[-2.96322,43.20354],[-2.96344,43.20348],[-2.96352,43.20343],[-2.96368,43.20336],[-2.96388,43.20322],[-2.96399,43.20319],[-2.96424,43.20316],[-2.96438,43.20316],[-2.96455,43.20321],[-2.96495,43.2034],[-2.96517,43.20346],[-2.96539,43.20345],[-2.96584,43.20346],[-2.96596,43.20342],[-2.96624,43.20341],[-2.96663,43.20333],[-2.96675,43.20333],[-2.96705,43.20339],[-2.96731,43.20342],[-2.968,43.20321],[-2.9682,43.20312],[-2.9688,43.20301],[-2.96887,43.20297],[-2.96889,43.20294],[-2.96895,43.2029],[-2.96928,43.20277],[-2.9693,43.20273],[-2.96948,43.20263],[-2.96954,43.20254],[-2.97025,43.20228],[-2.9703,43.20223],[-2.97035,43.20199],[-2.97049,43.2019],[-2.97061,43.20178],[-2.97075,43.20162],[-2.97088,43.20136],[-2.97098,43.20129],[-2.97154,43.20131],[-2.97193,43.20128],[-2.97262,43.20093],[-2.97284,43.20092],[-2.9737,43.20104],[-2.97378,43.20106],[-2.97403,43.20108],[-2.97412,43.2011],[-2.97419,43.20108],[-2.97423,43.20108],[-2.9744,43.20103],[-2.9745,43.20094],[-2.97461,43.20094],[-2.97512,43.20079],[-2.97532,43.2008],[-2.97554,43.20064],[-2.97559,43.20057],[-2.97561,43.20051],[-2.9756,43.20044],[-2.97561,43.20037],[-2.97585,43.20011],[-2.97592,43.19995],[-2.97609,43.19984],[-2.97627,43.19977],[-2.97636,43.19969],[-2.97653,43.19947],[-2.97658,43.19935],[-2.97664,43.19932],[-2.97666,43.19923],[-2.97672,43.1991],[-2.9766,43.19859],[-2.97662,43.19832],[-2.97659,43.19816],[-2.97661,43.19811],[-2.97669,43.19802],[-2.97699,43.19781],[-2.97717,43.19776],[-2.97722,43.19772],[-2.97724,43.19761],[-2.97736,43.19752],[-2.97743,43.19737],[-2.9775,43.19729],[-2.97754,43.19718],[-2.97764,43.19707],[-2.97782,43.19695],[-2.97796,43.19673],[-2.97811,43.19654],[-2.97811,43.19653]]]}},{"type":"Feature","properties":{"id":246761397,"highway":"living_street","nombre":"Zollo-Elexalde auzoa"},"geometry":{"type":"LineString","coordinates":[[-2.9398,43.19334],[-2.93949,43.19316],[-2.93927,43.19301],[-2.93919,43.19296],[-2.93914,43.19287],[-2.93906,43.19281],[-2.9389,43.19276],[-2.93866,43.1927],[-2.93821,43.19246]]}},{"type":"Feature","properties":{"id":252977470,"highway":"primary","nombre":"Bilbao - Orduña errepidea","izena_eu":"Bilbao - Orduña errepidea","nombre_es":"Carretera Bilbao - Orduña","ref":"BI-625","superficie":"asphalt"},"geometry":{"type":"LineString","coordinates":[[-2.93072,43.16286],[-2.9307,43.16293],[-2.93058,43.16322],[-2.93047,43.16343],[-2.9304,43.16355],[-2.93026,43.16372],[-2.92988,43.16411],[-2.92951,43.16447],[-2.92886,43.16515],[-2.92881,43.16519],[-2.92852,43.16545],[-2.9282,43.16565],[-2.92783,43.16582],[-2.92751,43.16597],[-2.92704,43.16617],[-2.92535,43.16668],[-2.92511,43.16673],[-2.92492,43.16677],[-2.92462,43.16678]]}},{"type":"Feature","properties":{"id":252977471,"highway":"residential","oneway":"yes"},"geometry":{"type":"LineString","coordinates":[[-2.93072,43.16286],[-2.93081,43.16264],[-2.93085,43.16242]]}},{"type":"Feature","properties":{"id":261309746,"highway":"residential"},"geometry":{"type":"LineString","coordinates":[[-2.94097,43.1535],[-2.94083,43.15344],[-2.94075,43.15328]]}},{"type":"Feature","properties":{"id":265803402,"highway":"primary","nombre":"Bilbao - Orduña errepidea","izena_eu":"Bilbao - Orduña errepidea","nombre_es":"Carretera Bilbao - Orduña","ref":"BI-625","oneway":"yes","superficie":"asphalt"},"geometry":{"type":"LineString","coordinates":[[-2.94087,43.15111],[-2.94088,43.15123],[-2.94093,43.15154],[-2.94093,43.15159],[-2.94094,43.15162],[-2.94096,43.15175],[-2.94098,43.15188]]}},{"type":"Feature","properties":{"id":265803404,"highway":"primary","nombre":"Bilbao - Orduña errepidea","ref":"BI-625","oneway":"yes","superficie":"asphalt"},"geometry":{"type":"LineString","coordinates":[[-2.94068,43.15075],[-2.94075,43.15084],[-2.94082,43.15096],[-2.94087,43.15111]]}},{"type":"Feature","properties":{"id":265803414,"highway":"secondary","nombre":"Calle de Atxeta","oneway":"yes"},"geometry":{"type":"LineString","coordinates":[[-2.9415,43.1503],[-2.94145,43.15034],[-2.9414,43.15038],[-2.94134,43.15041],[-2.94129,43.15044],[-2.94123,43.15046],[-2.94116,43.15048],[-2.9411,43.15048],[-2.94098,43.15049]]}},{"type":"Feature","properties":{"id":265803416,"highway":"secondary","nombre":"Calle de Atxeta","oneway":"yes"},"geometry":{"type":"LineString","coordinates":[[-2.94109,43.15068],[-2.94114,43.15062],[-2.94117,43.1506],[-2.94121,43.15056],[-2.94126,43.15053],[-2.94131,43.15049],[-2.94138,43.15045],[-2.94142,43.15042],[-2.94146,43.15038],[-2.9415,43.1503]]}},{"type":"Feature","properties":{"id":265803418,"highway":"primary","nombre":"Carretera Orduña-Bilbao","ref":"BI-625","oneway":"yes","superficie":"asphalt"},"geometry":{"type":"LineString","coordinates":[[-2.94058,43.15008],[-2.94063,43.15023],[-2.94065,43.15029],[-2.94066,43.15032],[-2.94067,43.15035],[-2.94067,43.15041],[-2.94066,43.15055]]}},{"type":"Feature","properties":{"id":265803420,"highway":"primary","nombre":"Carretera Orduña-Bilbao","ref":"BI-625","oneway":"yes","superficie":"asphalt"},"geometry":{"type":"LineString","coordinates":[[-2.94094,43.15047],[-2.94082,43.15039],[-2.94079,43.15037],[-2.94075,43.15033],[-2.94071,43.15028],[-2.94067,43.15022],[-2.94058,43.15008]]}},{"type":"Feature","properties":{"id":290746792,"highway":"primary","nombre":"Bilbao - Orduña errepidea","izena_eu":"Bilbao - Orduña errepidea","nombre_es":"Carretera Bilbao - Orduña","ref":"BI-625","superficie":"asphalt"},"geometry":{"type":"LineString","coordinates":[[-2.92462,43.16678],[-2.92428,43.1668],[-2.92391,43.16685],[-2.92368,43.16693],[-2.92345,43.16706],[-2.92295,43.16744],[-2.92276,43.16756],[-2.92253,43.16769]]}},{"type":"Feature","properties":{"id":290746796,"highway":"residential"},"geometry":{"type":"LineString","coordinates":[[-2.92005,43.17313],[-2.92018,43.17317]]}},{"type":"Feature","properties":{"id":290746797,"highway":"unclassified","nombre":"Uribarri auzoa"},"geometry":{"type":"LineString","coordinates":[[-2.91836,43.16928],[-2.91822,43.16928],[-2.91807,43.1693],[-2.91787,43.16937],[-2.91773,43.16946],[-2.91766,43.16951],[-2.91759,43.16963],[-2.9173,43.17028],[-2.91725,43.1705],[-2.91724,43.17073],[-2.91722,43.17083],[-2.91718,43.17089],[-2.91712,43.17093],[-2.91701,43.17094],[-2.91689,43.17092]]}},{"type":"Feature","properties":{"id":290746798,"highway":"unclassified","nombre":"Garondo auzoa"},"geometry":{"type":"LineString","coordinates":[[-2.9207,43.17509],[-2.92078,43.17503],[-2.92086,43.17495],[-2.92097,43.17486],[-2.92115,43.17476],[-2.92131,43.17468]]}},{"type":"Feature","properties":{"id":290746799,"highway":"residential","nombre":"Manuel de Irujo enparantza","oneway":"yes"},"geometry":{"type":"LineString","coordinates":[[-2.92045,43.17204],[-2.92042,43.17208],[-2.92036,43.17238],[-2.9203,43.17263],[-2.92029,43.1731],[-2.92026,43.17318]]}},{"type":"Feature","properties":{"id":290746801,"highway":"unclassified","nombre":"Iberlanda auzoa"},"geometry":{"type":"LineString","coordinates":[[-2.91763,43.17264],[-2.91758,43.17259],[-2.91759,43.17255],[-2.91763,43.1725],[-2.9177,43.17248],[-2.91787,43.17243],[-2.91824,43.17218],[-2.91844,43.17206],[-2.91858,43.17193],[-2.91869,43.17177],[-2.91874,43.1716],[-2.91878,43.17138],[-2.91882,43.17114],[-2.91886,43.17061],[-2.91886,43.17049],[-2.91885,43.17045],[-2.9188,43.1703],[-2.91862,43.16971],[-2.9186,43.16961],[-2.91862,43.16952],[-2.91862,43.16941],[-2.9186,43.16937],[-2.91849,43.1693]]}},{"type":"Feature","properties":{"id":290746802,"highway":"unclassified","nombre":"Uribarri auzoa","puente":"yes"},"geometry":{"type":"LineString","coordinates":[[-2.91689,43.17092],[-2.91605,43.17059]]}},{"type":"Feature","properties":{"id":290746803,"highway":"unclassified","nombre":"Elexalde auzoa","puente":"yes"},"geometry":{"type":"LineString","coordinates":[[-2.91804,43.17295],[-2.91763,43.17264]]}},{"type":"Feature","properties":{"id":290746804,"highway":"unclassified","tunel":"yes"},"geometry":{"type":"LineString","coordinates":[[-2.91849,43.1693],[-2.91836,43.16928]]}},{"type":"Feature","properties":{"id":290746805,"highway":"residential","nombre":"Otxanduri auzoa","izena_eu":"Otxanduri auzoa","nombre_es":"Barrio Otxanduri"},"geometry":{"type":"LineString","coordinates":[[-2.92393,43.16673],[-2.92346,43.16618],[-2.92326,43.16595],[-2.92319,43.1659],[-2.92273,43.16551],[-2.9227,43.16548],[-2.92254,43.16535],[-2.92229,43.16528],[-2.92194,43.16522],[-2.92165,43.16506]]}},{"type":"Feature","properties":{"id":290746806,"highway":"footway"},"geometry":{"type":"LineString","coordinates":[[-2.92109,43.1727],[-2.92086,43.17259],[-2.92064,43.17248]]}},{"type":"Feature","properties":{"id":290746808,"highway":"residential","nombre":"Elexalde auzoa","oneway":"yes"},"geometry":{"type":"LineString","coordinates":[[-2.9195,43.17335],[-2.91995,43.17317],[-2.92,43.17315],[-2.92002,43.17315],[-2.92005,43.17313]]}},{"type":"Feature","properties":{"id":290746809,"highway":"residential","nombre":"Elexalde auzoa","oneway":"yes"},"geometry":{"type":"LineString","coordinates":[[-2.91939,43.17333],[-2.91933,43.17333],[-2.91927,43.17332],[-2.91922,43.17331],[-2.91914,43.17329]]}},{"type":"Feature","properties":{"id":290746810,"highway":"residential","oneway":"yes"},"geometry":{"type":"LineString","coordinates":[[-2.91913,43.17333],[-2.9192,43.17339],[-2.91923,43.17341]]}},{"type":"Feature","properties":{"id":290746811,"highway":"residential","nombre":"Uribarri auzoa"},"geometry":{"type":"LineString","coordinates":[[-2.91338,43.16867],[-2.91372,43.16886],[-2.91401,43.16904],[-2.91438,43.16929],[-2.9148,43.1694],[-2.91495,43.16945],[-2.91502,43.1695],[-2.91537,43.16974],[-2.91555,43.1699],[-2.9156,43.16992],[-2.91586,43.16987],[-2.91608,43.16968],[-2.91611,43.16956],[-2.91603,43.16938],[-2.916,43.16924],[-2.91652,43.16829],[-2.91666,43.16806],[-2.91671,43.16785],[-2.91655,43.16733],[-2.9164,43.16692],[-2.91639,43.16688],[-2.91606,43.16652]]}},{"type":"Feature","properties":{"id":290746813,"highway":"footway"},"geometry":{"type":"LineString","coordinates":[[-2.92077,43.17215],[-2.92072,43.17218],[-2.92064,43.17248],[-2.92064,43.17264],[-2.92064,43.17265],[-2.92063,43.17292],[-2.92067,43.17294],[-2.92073,43.17295]]}},{"type":"Feature","properties":{"id":290746814,"highway":"footway"},"geometry":{"type":"LineString","coordinates":[[-2.92087,43.17331],[-2.92088,43.17327],[-2.92067,43.17322],[-2.92068,43.17316],[-2.92073,43.17295],[-2.92083,43.17275],[-2.92083,43.17267],[-2.92086,43.17259]]}},{"type":"Feature","properties":{"id":290746815,"highway":"unclassified","nombre":"Uribarri auzoa"},"geometry":{"type":"LineString","coordinates":[[-2.91605,43.17059],[-2.91582,43.1705],[-2.91571,43.17044],[-2.91565,43.17038],[-2.91558,43.17026],[-2.91552,43.1701],[-2.91552,43.17002],[-2.9156,43.16992]]}},{"type":"Feature","properties":{"id":290746816,"highway":"residential","nombre":"Manuel de Irujo enparantza"},"geometry":{"type":"LineString","coordinates":[[-2.92157,43.17273],[-2.92149,43.17283],[-2.92115,43.17325],[-2.92108,43.17333],[-2.92106,43.17336]]}},{"type":"Feature","properties":{"id":290746817,"highway":"service","nombre":"Otxanduri auzoa","izena_eu":"Otxanduri auzoa","nombre_es":"Barrio Otxanduri"},"geometry":{"type":"LineString","coordinates":[[-2.92319,43.1659],[-2.92301,43.16597],[-2.92279,43.16616],[-2.92265,43.16626],[-2.92259,43.16636],[-2.92253,43.16658],[-2.92248,43.16676]]}},{"type":"Feature","properties":{"id":290746818,"highway":"footway"},"geometry":{"type":"LineString","coordinates":[[-2.92064,43.17264],[-2.92069,43.17269],[-2.92083,43.17275],[-2.9209,43.17276],[-2.92094,43.17278],[-2.92099,43.17282],[-2.92109,43.1727],[-2.92121,43.17255],[-2.92127,43.1725]]}},{"type":"Feature","properties":{"id":290746819,"highway":"residential","nombre":"Atxandi auzoa","izena_eu":"Atxandi auzoa","oneway":"yes"},"geometry":{"type":"LineString","coordinates":[[-2.92783,43.16582],[-2.9282,43.16571],[-2.92841,43.16561],[-2.92858,43.16551],[-2.92878,43.16535],[-2.92885,43.16526],[-2.92888,43.16521],[-2.92886,43.16515]]}},{"type":"Feature","properties":{"id":290746820,"highway":"residential","nombre":"Elexalde auzoa"},"geometry":{"type":"LineString","coordinates":[[-2.91804,43.17295],[-2.91822,43.17306],[-2.9186,43.17326],[-2.91881,43.17336],[-2.91895,43.17338],[-2.91904,43.17337],[-2.91909,43.17335],[-2.91913,43.17333],[-2.91914,43.17329],[-2.91914,43.17326],[-2.91913,43.17321],[-2.91914,43.17282],[-2.91915,43.17271],[-2.91923,43.17254],[-2.91934,43.17236],[-2.91938,43.17231],[-2.91942,43.17226],[-2.91957,43.17215],[-2.91976,43.17204],[-2.9198,43.17202],[-2.91994,43.17196],[-2.92004,43.17194]]}},{"type":"Feature","properties":{"id":290746821,"highway":"service","nombre":"Landaberde Zahar auzoa"},"geometry":{"type":"LineString","coordinates":[[-2.92065,43.16417],[-2.92042,43.16424],[-2.92021,43.16435],[-2.91994,43.1646],[-2.91951,43.16504],[-2.91898,43.16581],[-2.91885,43.16608],[-2.91877,43.16625],[-2.91861,43.16646],[-2.91861,43.16652]]}},{"type":"Feature","properties":{"id":290746822,"highway":"residential","nombre":"Otxanduri auzoa","izena_eu":"Otxanduri auzoa","nombre_es":"Barrio Otxanduri","oneway":"yes"},"geometry":{"type":"LineString","coordinates":[[-2.92462,43.16678],[-2.9245,43.16674],[-2.92445,43.16673],[-2.92427,43.16669],[-2.92412,43.16669],[-2.92393,43.16673],[-2.92382,43.16678],[-2.92365,43.16686],[-2.92356,43.16691],[-2.92345,43.16706]]}},{"type":"Feature","properties":{"id":290747479,"highway":"primary","nombre":"Bilbao - Orduña errepidea","izena_eu":"Bilbao - Orduña errepidea","nombre_es":"Carretera Bilbao - Orduña","ref":"BI-625","superficie":"asphalt"},"geometry":{"type":"LineString","coordinates":[[-2.92253,43.16769],[-2.92209,43.16792],[-2.92176,43.16809],[-2.92166,43.16815],[-2.92157,43.16822],[-2.92149,43.16829],[-2.92147,43.16831],[-2.92135,43.16845],[-2.9213,43.16852],[-2.92124,43.16861],[-2.92084,43.16928],[-2.92076,43.16942],[-2.92072,43.16952],[-2.92067,43.16966],[-2.92066,43.16975],[-2.92065,43.16982],[-2.92066,43.17007],[-2.92066,43.17018],[-2.92066,43.1702],[-2.92067,43.1704],[-2.92065,43.17059],[-2.92048,43.17122],[-2.92047,43.17128],[-2.92044,43.17138],[-2.92043,43.17141]]}},{"type":"Feature","properties":{"id":294715112,"highway":"track","superficie":"fine_gravel"},"geometry":{"type":"LineString","coordinates":[[-2.95345,43.20809],[-2.95335,43.20848]]}},{"type":"Feature","properties":{"id":301624284,"highway":"primary","nombre":"Aretako bidezubia","izena_eu":"Aretako bidezubia","nombre_es":"Viaducto de Areta","ref":"A-625","puente":"yes","superficie":"asphalt"},"geometry":{"type":"LineString","coordinates":[[-2.93994,43.14608],[-2.93995,43.14605]]}},{"type":"Feature","properties":{"id":309929363,"highway":"unclassified","nombre":"Ustara auzoa"},"geometry":{"type":"LineString","coordinates":[[-2.95054,43.19098],[-2.95049,43.19097],[-2.95045,43.19094],[-2.95035,43.19087],[-2.95023,43.19081],[-2.94998,43.19069],[-2.94994,43.19064],[-2.94989,43.19057],[-2.94983,43.19049],[-2.94977,43.1904]]}},{"type":"Feature","properties":{"id":309929554,"highway":"unclassified","nombre":"Ormetxe auzoa"},"geometry":{"type":"LineString","coordinates":[[-2.94977,43.1904],[-2.94972,43.19035],[-2.94966,43.19029],[-2.9496,43.19027],[-2.94943,43.19022],[-2.94927,43.1902],[-2.94912,43.19018],[-2.94882,43.19016],[-2.9486,43.19014],[-2.94829,43.1901],[-2.94816,43.19007],[-2.94803,43.19001],[-2.94792,43.18996],[-2.9478,43.18989],[-2.9477,43.18984],[-2.94753,43.18977],[-2.94732,43.18971],[-2.94718,43.18964],[-2.94704,43.18953],[-2.94683,43.18938],[-2.94672,43.1893],[-2.94665,43.18925],[-2.94659,43.18921],[-2.9465,43.18915],[-2.94636,43.18908],[-2.94612,43.18896],[-2.9455,43.18866],[-2.9451,43.18844],[-2.94499,43.18838],[-2.94491,43.18829],[-2.94484,43.18809],[-2.94478,43.18794],[-2.94464,43.18781],[-2.9444,43.18761],[-2.94429,43.18751],[-2.94413,43.18742],[-2.94403,43.18737],[-2.94391,43.18733],[-2.94372,43.18728],[-2.94348,43.18721],[-2.94329,43.18717],[-2.94285,43.18708]]}},{"type":"Feature","properties":{"id":309930033,"highway":"unclassified","nombre":"Ormetxe auzoa"},"geometry":{"type":"LineString","coordinates":[[-2.94285,43.18708],[-2.94252,43.18702],[-2.94228,43.18698],[-2.94148,43.18686],[-2.94086,43.18676],[-2.94032,43.18661],[-2.93982,43.18648],[-2.93945,43.18634],[-2.93917,43.18618],[-2.93896,43.18607],[-2.9386,43.18589],[-2.93843,43.18577],[-2.93822,43.18562],[-2.93807,43.18557],[-2.93777,43.18557],[-2.93695,43.18558],[-2.93678,43.18554],[-2.93663,43.18546],[-2.9365,43.18535],[-2.93628,43.18519],[-2.93601,43.18507],[-2.93566,43.18506],[-2.93549,43.18505],[-2.93536,43.18501],[-2.93524,43.18493],[-2.9349,43.18466],[-2.93465,43.18443],[-2.9344,43.18421],[-2.93398,43.18386],[-2.93387,43.18379],[-2.93336,43.18351],[-2.93232,43.18306],[-2.93191,43.18283],[-2.93149,43.18265],[-2.9309,43.18239],[-2.93046,43.18224],[-2.93024,43.18215],[-2.93004,43.18203],[-2.92969,43.18183],[-2.92938,43.18168],[-2.92904,43.18154],[-2.92893,43.18147],[-2.92865,43.1813],[-2.92847,43.1812],[-2.92825,43.18112],[-2.92774,43.18106],[-2.92758,43.18103],[-2.92739,43.18095],[-2.92722,43.18087],[-2.92699,43.18064],[-2.92662,43.18029],[-2.92607,43.1792],[-2.92596,43.17871],[-2.92571,43.17833],[-2.92533,43.17807],[-2.92503,43.1779],[-2.9246,43.17773]]}},{"type":"Feature","properties":{"id":309930046,"highway":"unclassified","nombre":"Rotatxu auzoa"},"geometry":{"type":"LineString","coordinates":[[-2.91593,43.17675],[-2.91567,43.17688],[-2.91536,43.17692],[-2.91507,43.17697],[-2.91486,43.17702]]}},{"type":"Feature","properties":{"id":309930112,"highway":"service","nombre":"Zubitxueta auzoa"},"geometry":{"type":"LineString","coordinates":[[-2.91507,43.17697],[-2.91515,43.17716],[-2.91524,43.17734],[-2.91536,43.17745],[-2.91552,43.17754],[-2.91564,43.17756],[-2.91576,43.17759],[-2.9159,43.17759],[-2.91638,43.17768],[-2.91704,43.1778],[-2.91709,43.17786],[-2.91701,43.17799],[-2.91687,43.17823]]}},{"type":"Feature","properties":{"id":317261934,"highway":"primary","nombre":"Zuloaga auzoa","izena_eu":"Zuloaga auzoa","nombre_es":"Barrio Zuloaga","ref":"BI-625"},"geometry":{"type":"LineString","coordinates":[[-2.94058,43.15008],[-2.94052,43.14994],[-2.94046,43.14979],[-2.94039,43.14949],[-2.94032,43.14918],[-2.94026,43.1489]]}},{"type":"Feature","properties":{"id":317264351,"highway":"primary","nombre":"Bilbao - Orduña errepidea","izena_eu":"Bilbao - Orduña errepidea","nombre_es":"Carretera Bilbao - Orduña","ref":"BI-625","oneway":"yes","superficie":"asphalt"},"geometry":{"type":"LineString","coordinates":[[-2.94098,43.15188],[-2.941,43.15203],[-2.94101,43.15214],[-2.94103,43.15238]]}},{"type":"Feature","properties":{"id":317264352,"highway":"primary","nombre":"Bilbao - Orduña errepidea","ref":"BI-625","oneway":"yes","superficie":"asphalt"},"geometry":{"type":"LineString","coordinates":[[-2.94094,43.15106],[-2.94096,43.15095],[-2.94098,43.15089],[-2.94101,43.15083],[-2.94108,43.15071]]}},{"type":"Feature","properties":{"id":318195691,"highway":"primary","nombre":"Bilbao - Orduña errepidea","ref":"BI-625","superficie":"asphalt"},"geometry":{"type":"LineString","coordinates":[[-2.93553,43.15813],[-2.93515,43.15826]]}},{"type":"Feature","properties":{"id":318195692,"highway":"primary","nombre":"Carretera Orduña-Bilbao","ref":"BI-625","superficie":"asphalt"},"geometry":{"type":"LineString","coordinates":[[-2.93515,43.15826],[-2.93446,43.15851]]}},{"type":"Feature","properties":{"id":318195694,"highway":"motorway_link","oneway":"yes","superficie":"asphalt"},"geometry":{"type":"LineString","coordinates":[[-2.93418,43.15767],[-2.93383,43.15764],[-2.93366,43.15761],[-2.9335,43.15758],[-2.93331,43.15751],[-2.93306,43.15742],[-2.9327,43.15723],[-2.93247,43.15709],[-2.93228,43.15696],[-2.93201,43.15676],[-2.93173,43.15656],[-2.93161,43.15649],[-2.93151,43.15645],[-2.93144,43.15642],[-2.93133,43.15639],[-2.93125,43.15637],[-2.93109,43.15636],[-2.93092,43.15637],[-2.93077,43.1564],[-2.93065,43.15643],[-2.93056,43.15647],[-2.93042,43.15656],[-2.9303,43.15664],[-2.93012,43.15681],[-2.93003,43.15689],[-2.92989,43.15698],[-2.92936,43.1573]]}},{"type":"Feature","properties":{"id":318195695,"highway":"motorway_link","oneway":"yes","superficie":"asphalt"},"geometry":{"type":"LineString","coordinates":[[-2.93436,43.15781],[-2.93447,43.15782],[-2.93472,43.15779],[-2.93498,43.15782],[-2.93508,43.15786],[-2.93522,43.15794],[-2.93529,43.15798],[-2.93534,43.15802],[-2.93539,43.15806],[-2.93544,43.15809],[-2.93553,43.15813]]}},{"type":"Feature","properties":{"id":319110590,"highway":"primary","nombre":"Bilbao - Orduña errepidea","izena_eu":"Bilbao - Orduña errepidea","nombre_es":"Carretera Bilbao - Orduña","ref":"BI-625"},"geometry":{"type":"LineString","coordinates":[[-2.9122,43.18014],[-2.91203,43.18013],[-2.9118,43.18008],[-2.91161,43.18001],[-2.91146,43.17993],[-2.91132,43.17983],[-2.91114,43.17965],[-2.911,43.17948],[-2.91078,43.17915],[-2.91046,43.17852],[-2.9104,43.17843],[-2.91028,43.17832],[-2.91015,43.17821],[-2.90988,43.17802],[-2.90971,43.17793],[-2.9095,43.17782],[-2.90932,43.17775],[-2.90915,43.1777],[-2.90901,43.17768],[-2.90897,43.17767],[-2.90853,43.17761],[-2.90778,43.17752],[-2.90721,43.17746],[-2.90698,43.17744],[-2.90679,43.17744],[-2.90662,43.17746]]}},{"type":"Feature","properties":{"id":319110591,"highway":"primary","nombre":"Bilbao - Orduña errepidea","izena_eu":"Bilbao - Orduña errepidea","nombre_es":"Carretera Bilbao - Orduña","ref":"BI-625","superficie":"asphalt"},"geometry":{"type":"LineString","coordinates":[[-2.91428,43.17939],[-2.91396,43.17965],[-2.9137,43.17982],[-2.91357,43.17989],[-2.91332,43.17999],[-2.91311,43.18005],[-2.91288,43.18008],[-2.91247,43.18012],[-2.9122,43.18014]]}},{"type":"Feature","properties":{"id":320998738,"highway":"primary","nombre":"Bilbao - Orduña errepidea","izena_eu":"Bilbao - Orduña errepidea","nombre_es":"Carretera Bilbao - Orduña","ref":"BI-625","superficie":"asphalt"},"geometry":{"type":"LineString","coordinates":[[-2.94094,43.15367],[-2.94075,43.15445],[-2.94062,43.1548],[-2.94039,43.15518],[-2.94019,43.15541],[-2.93947,43.15605],[-2.93866,43.15676],[-2.93839,43.15694],[-2.93829,43.157],[-2.93797,43.15715],[-2.93734,43.15736],[-2.93661,43.15767]]}},{"type":"Feature","properties":{"id":320998739,"highway":"primary","nombre":"Bilbao - Orduña errepidea","ref":"BI-625","superficie":"asphalt"},"geometry":{"type":"LineString","coordinates":[[-2.93661,43.15767],[-2.93629,43.15781]]}},{"type":"Feature","properties":{"id":320998740,"highway":"primary","nombre":"Carretera Orduña-Bilbao","ref":"BI-625","superficie":"asphalt"},"geometry":{"type":"LineString","coordinates":[[-2.93446,43.15851],[-2.93387,43.15872]]}},{"type":"Feature","properties":{"id":320998741,"highway":"primary","nombre":"Bilbao - Orduña errepidea","ref":"BI-625","superficie":"asphalt"},"geometry":{"type":"LineString","coordinates":[[-2.93629,43.15781],[-2.93616,43.15787],[-2.93601,43.15794],[-2.93553,43.15813]]}},{"type":"Feature","properties":{"id":321000970,"highway":"primary","nombre":"Bilbao - Orduña errepidea","ref":"BI-625","superficie":"asphalt"},"geometry":{"type":"LineString","coordinates":[[-2.93085,43.16177],[-2.93083,43.16193],[-2.9308,43.16207]]}},{"type":"Feature","properties":{"id":321000972,"highway":"primary","nombre":"Bilbao - Orduña errepidea","ref":"BI-625","superficie":"asphalt"},"geometry":{"type":"LineString","coordinates":[[-2.93077,43.16236],[-2.93072,43.16286]]}},{"type":"Feature","properties":{"id":321000973,"highway":"primary","nombre":"Bilbao - Orduña errepidea","ref":"BI-625","superficie":"asphalt"},"geometry":{"type":"LineString","coordinates":[[-2.9308,43.16207],[-2.93077,43.16236]]}},{"type":"Feature","properties":{"id":321000974,"highway":"primary","nombre":"Bilbao - Orduña errepidea","izena_eu":"Bilbao - Orduña errepidea","nombre_es":"Carretera Bilbao - Orduña","ref":"BI-625","superficie":"asphalt"},"geometry":{"type":"LineString","coordinates":[[-2.93387,43.15872],[-2.9337,43.15877],[-2.93349,43.15881],[-2.93332,43.15883],[-2.93317,43.15884],[-2.93301,43.15883],[-2.93287,43.15881],[-2.93263,43.15877],[-2.93211,43.15863],[-2.93196,43.1586],[-2.93184,43.15859],[-2.93171,43.15858],[-2.93159,43.15858],[-2.93144,43.1586],[-2.93131,43.15863],[-2.93117,43.15869],[-2.93106,43.15875],[-2.93097,43.15882],[-2.9309,43.15889],[-2.93082,43.15898],[-2.93078,43.15905],[-2.93075,43.15914],[-2.93073,43.15923],[-2.93073,43.15932],[-2.93074,43.15939],[-2.93076,43.15946],[-2.93079,43.15955],[-2.93095,43.15992],[-2.93102,43.16013],[-2.93103,43.16028],[-2.93103,43.16046],[-2.93099,43.16093],[-2.93085,43.16177]]}},{"type":"Feature","properties":{"id":321000976,"highway":"residential","oneway":"yes"},"geometry":{"type":"LineString","coordinates":[[-2.93085,43.16242],[-2.9308,43.16207]]}},{"type":"Feature","properties":{"id":321000977,"highway":"residential","oneway":"yes"},"geometry":{"type":"LineString","coordinates":[[-2.93085,43.16242],[-2.93082,43.16238],[-2.93077,43.16236]]}},{"type":"Feature","properties":{"id":321002742,"highway":"primary","nombre":"Bilbao - Orduña errepidea","izena_eu":"Bilbao - Orduña errepidea","nombre_es":"Carretera Bilbao - Orduña","ref":"BI-625","superficie":"asphalt"},"geometry":{"type":"LineString","coordinates":[[-2.9189,43.17355],[-2.91875,43.17362],[-2.91804,43.17396],[-2.91751,43.1742],[-2.91747,43.17421],[-2.91729,43.17429],[-2.91705,43.17438],[-2.91651,43.17458],[-2.91628,43.17466],[-2.91608,43.17473],[-2.91587,43.17478],[-2.91574,43.17483],[-2.91562,43.17488],[-2.91551,43.17495],[-2.91538,43.17504],[-2.91535,43.17506],[-2.91527,43.17513],[-2.9152,43.17521],[-2.91504,43.17539],[-2.91489,43.1756],[-2.91483,43.1757],[-2.91479,43.17577],[-2.91478,43.17582],[-2.91476,43.17589],[-2.91474,43.17601],[-2.91474,43.17612],[-2.91474,43.17638],[-2.91475,43.17661],[-2.91476,43.1767]]}},{"type":"Feature","properties":{"id":321002743,"highway":"primary","nombre":"Carretera Orduña-Bilbao","ref":"BI-625","superficie":"asphalt"},"geometry":{"type":"LineString","coordinates":[[-2.92043,43.17141],[-2.92041,43.17151]]}},{"type":"Feature","properties":{"id":321002746,"highway":"residential"},"geometry":{"type":"LineString","coordinates":[[-2.91997,43.17302],[-2.91997,43.17304],[-2.91998,43.17306],[-2.91998,43.17307],[-2.91999,43.17308],[-2.92001,43.17311],[-2.92005,43.17313]]}},{"type":"Feature","properties":{"id":321027994,"highway":"primary","nombre":"Carretera Orduña-Bilbao","ref":"BI-625","superficie":"asphalt"},"geometry":{"type":"LineString","coordinates":[[-2.91905,43.17349],[-2.9189,43.17355]]}},{"type":"Feature","properties":{"id":321027999,"highway":"primary","nombre":"Bilbao - Orduña errepidea","ref":"BI-625","superficie":"asphalt"},"geometry":{"type":"LineString","coordinates":[[-2.91923,43.17341],[-2.91905,43.17349]]}},{"type":"Feature","properties":{"id":321028001,"highway":"primary","nombre":"Bilbao - Orduña errepidea","ref":"BI-625","superficie":"asphalt"},"geometry":{"type":"LineString","coordinates":[[-2.91939,43.17333],[-2.91932,43.17337],[-2.91923,43.17341]]}},{"type":"Feature","properties":{"id":321028002,"highway":"primary","nombre":"Carretera Orduña-Bilbao","ref":"BI-625","oneway":"yes"},"geometry":{"type":"LineString","coordinates":[[-2.92018,43.17234],[-2.92023,43.17225],[-2.92025,43.17214]]}},{"type":"Feature","properties":{"id":321028003,"highway":"primary","nombre":"Carretera Orduña-Bilbao","ref":"BI-625","superficie":"asphalt"},"geometry":{"type":"LineString","coordinates":[[-2.92018,43.17234],[-2.92017,43.17239]]}},{"type":"Feature","properties":{"id":321028004,"highway":"primary","nombre":"Bilbao - Orduña errepidea","ref":"BI-625","oneway":"yes"},"geometry":{"type":"LineString","coordinates":[[-2.9195,43.17331],[-2.91967,43.17323],[-2.91979,43.17317],[-2.9199,43.17308],[-2.91993,43.17305],[-2.91997,43.17302]]}},{"type":"Feature","properties":{"id":321028006,"highway":"residential","nombre":"Manuel de Irujo enparantza"},"geometry":{"type":"LineString","coordinates":[[-2.92018,43.17317],[-2.92026,43.17318],[-2.92041,43.17321],[-2.92087,43.17331],[-2.92106,43.17336]]}},{"type":"Feature","properties":{"id":321028007,"highway":"residential","oneway":"yes"},"geometry":{"type":"LineString","coordinates":[[-2.92014,43.17185],[-2.92004,43.17194]]}},{"type":"Feature","properties":{"id":321028008,"highway":"residential","oneway":"yes"},"geometry":{"type":"LineString","coordinates":[[-2.91909,43.17335],[-2.91907,43.17343],[-2.91905,43.17349]]}},{"type":"Feature","properties":{"id":321028009,"highway":"residential","oneway":"yes"},"geometry":{"type":"LineString","coordinates":[[-2.92004,43.17194],[-2.92019,43.17193],[-2.92022,43.17193]]}},{"type":"Feature","properties":{"id":321028011,"highway":"residential","oneway":"yes"},"geometry":{"type":"LineString","coordinates":[[-2.92004,43.17194],[-2.9201,43.17198],[-2.92016,43.17202],[-2.92017,43.17207],[-2.92019,43.1721]]}},{"type":"Feature","properties":{"id":321031479,"highway":"primary","nombre":"Bilbao - Orduña errepidea","ref":"BI-625","superficie":"asphalt"},"geometry":{"type":"LineString","coordinates":[[-2.9195,43.17331],[-2.91939,43.17333]]}},{"type":"Feature","properties":{"id":321031480,"highway":"residential","oneway":"yes"},"geometry":{"type":"LineString","coordinates":[[-2.91932,43.17337],[-2.91935,43.17338],[-2.9195,43.17335]]}},{"type":"Feature","properties":{"id":338540834,"highway":"service","nombre":"Bakiola industrialdea"},"geometry":{"type":"LineString","coordinates":[[-2.91276,43.17638],[-2.91253,43.17661],[-2.91239,43.17672],[-2.91217,43.17684]]}},{"type":"Feature","properties":{"id":338540835,"highway":"service","nombre":"Bakiola industrialdea"},"geometry":{"type":"LineString","coordinates":[[-2.91062,43.17717],[-2.91135,43.17706]]}},{"type":"Feature","properties":{"id":338540836,"highway":"service"},"geometry":{"type":"LineString","coordinates":[[-2.91151,43.17802],[-2.91167,43.17799]]}},{"type":"Feature","properties":{"id":338540837,"highway":"service","nombre":"Bakiola industrialdea"},"geometry":{"type":"LineString","coordinates":[[-2.91344,43.17948],[-2.91324,43.1789]]}},{"type":"Feature","properties":{"id":338540838,"highway":"service","nombre":"Bakiola industrialdea"},"geometry":{"type":"LineString","coordinates":[[-2.91217,43.17824],[-2.91178,43.17831],[-2.91102,43.17846]]}},{"type":"Feature","properties":{"id":338540840,"highway":"service","nombre":"Bakiola industrialdea"},"geometry":{"type":"LineString","coordinates":[[-2.91144,43.17734],[-2.91065,43.17748],[-2.91063,43.17768],[-2.91076,43.17781],[-2.91156,43.17767]]}},{"type":"Feature","properties":{"id":340494556,"highway":"track"},"geometry":{"type":"LineString","coordinates":[[-2.90578,43.14709],[-2.90588,43.147],[-2.90599,43.14685],[-2.90606,43.14677],[-2.90616,43.14663],[-2.90627,43.14653],[-2.90636,43.14647],[-2.9065,43.14642],[-2.90663,43.14638],[-2.90675,43.14633],[-2.90697,43.1462],[-2.90707,43.14615],[-2.9078,43.14583]]}},{"type":"Feature","properties":{"id":340494558,"highway":"track"},"geometry":{"type":"MultiLineString","coordinates":[[[-2.90786,43.14437],[-2.90778,43.14427],[-2.9077,43.14417],[-2.90768,43.1441],[-2.90771,43.14404],[-2.90769,43.14389],[-2.90757,43.14365],[-2.9076,43.14353],[-2.90788,43.14327],[-2.90812,43.14306],[-2.90828,43.14289],[-2.90843,43.14279],[-2.90868,43.14264],[-2.90884,43.14258],[-2.90914,43.14249],[-2.90925,43.14245],[-2.90935,43.14238],[-2.90964,43.14221],[-2.90987,43.1421],[-2.91008,43.14203],[-2.91014,43.14201],[-2.91035,43.14193],[-2.91046,43.14186],[-2.91059,43.14176],[-2.91064,43.14168],[-2.91066,43.14165]],[[-2.9104,43.14161],[-2.91034,43.14161],[-2.91025,43.1416],[-2.9102,43.14158]]]}},{"type":"Feature","properties":{"id":340494885,"highway":"track"},"geometry":{"type":"MultiLineString","coordinates":[[[-2.91377,43.14389],[-2.91371,43.14374],[-2.91371,43.14368]],[[-2.91366,43.14351],[-2.91363,43.14348],[-2.91357,43.14343],[-2.91357,43.1434],[-2.91359,43.14338],[-2.91363,43.14338]]]}},{"type":"Feature","properties":{"id":375933884,"highway":"path"},"geometry":{"type":"LineString","coordinates":[[-2.95739,43.2121],[-2.95732,43.21212],[-2.95714,43.2121],[-2.95706,43.21214],[-2.95702,43.21216]]}},{"type":"Feature","properties":{"id":377620820,"highway":"motorway_link","oneway":"yes","superficie":"asphalt"},"geometry":{"type":"LineString","coordinates":[[-2.93403,43.15779],[-2.93416,43.1578]]}},{"type":"Feature","properties":{"id":377620821,"highway":"motorway_link","oneway":"yes","superficie":"asphalt"},"geometry":{"type":"LineString","coordinates":[[-2.93661,43.15767],[-2.93606,43.15784],[-2.93594,43.15786],[-2.93582,43.15787],[-2.93568,43.15787],[-2.93554,43.15784],[-2.93541,43.15781],[-2.93523,43.15776],[-2.93502,43.15774],[-2.93473,43.1577],[-2.93447,43.15769],[-2.93438,43.15768]]}},{"type":"Feature","properties":{"id":377620822,"highway":"motorway_link","oneway":"yes","superficie":"asphalt"},"geometry":{"type":"LineString","coordinates":[[-2.93416,43.1578],[-2.93426,43.15781],[-2.93436,43.15781]]}},{"type":"Feature","properties":{"id":377620824,"highway":"motorway_link","oneway":"yes","superficie":"asphalt"},"geometry":{"type":"LineString","coordinates":[[-2.93438,43.15768],[-2.93427,43.15767],[-2.93418,43.15767]]}},{"type":"Feature","properties":{"id":396732970,"highway":"service","nombre":"Udiarraga auzoa"},"geometry":{"type":"LineString","coordinates":[[-2.90491,43.1659],[-2.90495,43.16585],[-2.90495,43.1658],[-2.90495,43.16575],[-2.90495,43.16574]]}},{"type":"Feature","properties":{"id":396732972,"highway":"track"},"geometry":{"type":"MultiLineString","coordinates":[[[-2.90911,43.16064],[-2.90916,43.16059],[-2.9092,43.16049],[-2.9092,43.16042]],[[-2.90917,43.15865],[-2.90915,43.15862],[-2.9091,43.15844],[-2.90909,43.15827],[-2.90908,43.15819],[-2.9091,43.15814],[-2.90912,43.15805],[-2.90912,43.15791],[-2.90903,43.1577],[-2.90894,43.15758],[-2.9087,43.15737],[-2.90857,43.15722],[-2.90839,43.15689],[-2.90822,43.15658],[-2.90818,43.15644],[-2.90817,43.15634],[-2.90819,43.15607],[-2.90824,43.15577],[-2.90832,43.15556],[-2.9084,43.1554],[-2.90843,43.1553],[-2.90843,43.1552],[-2.90841,43.15511],[-2.90825,43.1549],[-2.9081,43.15478],[-2.90774,43.15451],[-2.90749,43.15431],[-2.90737,43.1542]],[[-2.90712,43.15372],[-2.90716,43.15361],[-2.90721,43.15335],[-2.90728,43.15326],[-2.90763,43.15304],[-2.90786,43.15285],[-2.9081,43.15262],[-2.9082,43.15249],[-2.90827,43.15231],[-2.90831,43.15213],[-2.9083,43.15207],[-2.90827,43.15203],[-2.90817,43.15195],[-2.90812,43.15183],[-2.90806,43.15159],[-2.90799,43.15138],[-2.90785,43.15106],[-2.90766,43.15079],[-2.90761,43.15062],[-2.90763,43.15049],[-2.90773,43.15032],[-2.9078,43.15021],[-2.90782,43.15011],[-2.90778,43.14997],[-2.90767,43.14978],[-2.90758,43.14966],[-2.90745,43.1495],[-2.90737,43.14941],[-2.90734,43.14935],[-2.90731,43.14928],[-2.90724,43.14912],[-2.90711,43.14892],[-2.90698,43.14876],[-2.90676,43.14854],[-2.90655,43.14837],[-2.90644,43.14826],[-2.90636,43.14814],[-2.90623,43.148],[-2.90602,43.14777],[-2.90585,43.14765],[-2.90569,43.14756],[-2.90561,43.1475],[-2.9055,43.14742],[-2.90545,43.14738]],[[-2.90551,43.14729],[-2.90553,43.14729],[-2.90569,43.14716],[-2.90578,43.14709]]]}},{"type":"Feature","properties":{"id":396732974,"highway":"track"},"geometry":{"type":"MultiLineString","coordinates":[[[-2.9076,43.14353],[-2.90755,43.14355],[-2.90749,43.14359],[-2.90742,43.14367],[-2.90736,43.14378],[-2.90733,43.14389],[-2.90731,43.14416],[-2.90727,43.14426],[-2.90722,43.14436],[-2.90724,43.14447],[-2.9073,43.14463],[-2.9073,43.14474],[-2.90728,43.1449],[-2.9073,43.14505],[-2.90731,43.14512],[-2.90732,43.14519],[-2.90725,43.14524],[-2.90703,43.14528],[-2.90696,43.1453],[-2.9069,43.14532]],[[-2.90592,43.14671],[-2.90594,43.14682],[-2.90599,43.14685]]]}},{"type":"Feature","properties":{"id":396732975,"highway":"track"},"geometry":{"type":"LineString","coordinates":[[-2.9078,43.14583],[-2.90795,43.14574],[-2.90809,43.14566],[-2.90816,43.14558],[-2.90816,43.14546],[-2.90813,43.14533],[-2.90798,43.14504],[-2.90786,43.14481],[-2.90785,43.14469],[-2.90784,43.14453],[-2.90786,43.14437],[-2.90794,43.14416],[-2.908,43.14403],[-2.90812,43.14387],[-2.90845,43.1436],[-2.90861,43.14348],[-2.90876,43.14342],[-2.90946,43.14337],[-2.90979,43.14335],[-2.91049,43.14324],[-2.91092,43.14315],[-2.91103,43.14318],[-2.91154,43.14344],[-2.91197,43.14373],[-2.91207,43.14377],[-2.91238,43.14387],[-2.91282,43.14408],[-2.91341,43.14443],[-2.91359,43.1445],[-2.91375,43.14455],[-2.91397,43.1446]]}},{"type":"Feature","properties":{"id":396734738,"highway":"service","nombre":"Osanzar auzoa","izena_eu":"Osanzar auzoa","nombre_es":"Barrio Osanzar"},"geometry":{"type":"LineString","coordinates":[[-2.92165,43.16506],[-2.92145,43.16514],[-2.92138,43.16523],[-2.92123,43.16572],[-2.92125,43.16586],[-2.92127,43.16596],[-2.92118,43.16634]]}},{"type":"Feature","properties":{"id":396734739,"highway":"service","nombre":"Goitzaga auzoa","izena_eu":"Goitzaga auzoa","nombre_es":"Goitzaga auzoa"},"geometry":{"type":"LineString","coordinates":[[-2.91972,43.16352],[-2.91945,43.16333],[-2.91925,43.16321],[-2.91918,43.16318],[-2.91912,43.16319],[-2.91907,43.16322],[-2.91898,43.16335],[-2.9189,43.16339],[-2.91884,43.1634],[-2.91846,43.16336]]}},{"type":"Feature","properties":{"id":396734740,"highway":"unclassified","nombre":"Goitzaga auzoa","izena_eu":"Goitzaga auzoa","nombre_es":"Goitzaga auzoa"},"geometry":{"type":"LineString","coordinates":[[-2.92074,43.16428],[-2.92065,43.16417],[-2.9206,43.16408],[-2.9206,43.16398],[-2.92129,43.16348],[-2.92169,43.16318],[-2.92172,43.16311],[-2.92172,43.16307],[-2.92128,43.16273],[-2.92089,43.16305],[-2.92065,43.16321],[-2.92049,43.16327],[-2.9201,43.16337],[-2.91989,43.16345],[-2.91972,43.16352],[-2.9196,43.16357],[-2.91952,43.16363],[-2.91947,43.16373],[-2.91925,43.16376],[-2.9192,43.16379]]}},{"type":"Feature","properties":{"id":396734741,"highway":"service","nombre":"Goitzaga auzoa","izena_eu":"Goitzaga auzoa","nombre_es":"Goitzaga auzoa"},"geometry":{"type":"LineString","coordinates":[[-2.92128,43.16273],[-2.92095,43.16258],[-2.92069,43.16244],[-2.92049,43.16243],[-2.9201,43.16251],[-2.91991,43.16256],[-2.91947,43.16267]]}},{"type":"Feature","properties":{"id":396734742,"highway":"service","nombre":"Arbide auzoa","izena_eu":"Arbide auzoa","nombre_es":"Barrio Arbide"},"geometry":{"type":"LineString","coordinates":[[-2.92535,43.16401],[-2.92532,43.16416],[-2.92529,43.16438],[-2.92519,43.16465],[-2.92513,43.16473],[-2.92505,43.16479],[-2.92498,43.1648],[-2.92495,43.16481],[-2.9248,43.16478],[-2.92469,43.16474],[-2.92456,43.16464],[-2.92451,43.16453],[-2.9245,43.16447],[-2.92455,43.16425],[-2.92453,43.16411],[-2.92446,43.164]]}},{"type":"Feature","properties":{"id":396734752,"highway":"unclassified","nombre":"Arbide auzoa","izena_eu":"Arbide auzoa","nombre_es":"Barrio Arbide"},"geometry":{"type":"LineString","coordinates":[[-2.92305,43.16383],[-2.92292,43.1637],[-2.92268,43.16339],[-2.92248,43.16316],[-2.92238,43.163],[-2.92231,43.16288],[-2.9223,43.16275],[-2.92232,43.16269]]}},{"type":"Feature","properties":{"id":396734753,"highway":"unclassified","nombre":"Arbide auzoa","izena_eu":"Arbide auzoa","nombre_es":"Barrio Arbide"},"geometry":{"type":"LineString","coordinates":[[-2.92316,43.1616],[-2.92314,43.16154],[-2.92315,43.16151],[-2.92316,43.16148],[-2.92323,43.16137],[-2.92329,43.16129],[-2.92335,43.16114],[-2.92337,43.16105],[-2.92335,43.16098],[-2.9233,43.16097],[-2.92318,43.16105],[-2.92293,43.16118],[-2.92276,43.16125],[-2.92262,43.16128],[-2.92251,43.16128],[-2.92237,43.16127],[-2.9223,43.16126],[-2.92218,43.1612],[-2.922,43.16113],[-2.92189,43.1611],[-2.92173,43.16107],[-2.92156,43.16103],[-2.92148,43.16099],[-2.92144,43.16095],[-2.92146,43.16091],[-2.92152,43.16087],[-2.92166,43.16084],[-2.92171,43.1608],[-2.92174,43.16073],[-2.92171,43.16063],[-2.92158,43.1605],[-2.92149,43.16046],[-2.92136,43.16046],[-2.92125,43.16048],[-2.92114,43.16051]]}},{"type":"Feature","properties":{"id":396734756,"highway":"unclassified","nombre":"Arbide auzoa","izena_eu":"Arbide auzoa","nombre_es":"Barrio Arbide"},"geometry":{"type":"LineString","coordinates":[[-2.92232,43.16269],[-2.92204,43.16238]]}},{"type":"Feature","properties":{"id":396734757,"highway":"unclassified","nombre":"Arbide auzoa","izena_eu":"Arbide auzoa","nombre_es":"Barrio Arbide"},"geometry":{"type":"LineString","coordinates":[[-2.92204,43.16238],[-2.92202,43.16229],[-2.92213,43.16218],[-2.92238,43.16205],[-2.92266,43.16191],[-2.92287,43.1618],[-2.92305,43.16168],[-2.92316,43.1616],[-2.92324,43.16155],[-2.92352,43.16133]]}},{"type":"Feature","properties":{"id":396735913,"highway":"unclassified"},"geometry":{"type":"LineString","coordinates":[[-2.92363,43.17288],[-2.92369,43.17281],[-2.92376,43.17274],[-2.92382,43.17266],[-2.92387,43.17257],[-2.92396,43.1723],[-2.924,43.17219],[-2.92405,43.17214],[-2.92415,43.17208],[-2.92421,43.17206],[-2.92429,43.17206],[-2.92438,43.17208],[-2.92475,43.17219],[-2.92545,43.17234],[-2.92553,43.17237],[-2.92553,43.17243],[-2.92551,43.17249],[-2.92537,43.1727],[-2.92517,43.17299],[-2.92501,43.17328],[-2.92495,43.17344],[-2.92488,43.17377],[-2.92489,43.17394],[-2.92494,43.17405],[-2.92508,43.17424],[-2.92509,43.17434],[-2.92505,43.17445],[-2.92491,43.17463],[-2.92469,43.17487],[-2.92467,43.17497],[-2.9247,43.17516],[-2.92477,43.17524],[-2.92482,43.17529]]}},{"type":"Feature","properties":{"id":396735915,"highway":"residential","nombre":"Zabale auzoa"},"geometry":{"type":"LineString","coordinates":[[-2.91909,43.17414],[-2.91866,43.17414],[-2.91858,43.17416],[-2.91846,43.17421],[-2.91786,43.17443],[-2.91775,43.17447],[-2.91762,43.1745],[-2.91742,43.17452],[-2.9172,43.17453],[-2.91709,43.17453],[-2.91704,43.17454],[-2.91689,43.17472],[-2.91678,43.1749],[-2.9167,43.17509]]}},{"type":"Feature","properties":{"id":396735917,"highway":"residential","nombre":"Elexalde auzoa"},"geometry":{"type":"LineString","coordinates":[[-2.91574,43.17483],[-2.91582,43.17486],[-2.91603,43.1749],[-2.91623,43.17496],[-2.9163,43.17498],[-2.91639,43.17502],[-2.91659,43.17506],[-2.9167,43.17509]]}},{"type":"Feature","properties":{"id":396735919,"highway":"unclassified","nombre":"Zabale auzoa"},"geometry":{"type":"LineString","coordinates":[[-2.9167,43.17509],[-2.91681,43.17514],[-2.91699,43.17523],[-2.91712,43.17528],[-2.91723,43.1753],[-2.91732,43.1753],[-2.91745,43.17529],[-2.91766,43.17526],[-2.91797,43.17521],[-2.91841,43.17512],[-2.91868,43.1751],[-2.91874,43.1751],[-2.91889,43.17509],[-2.91915,43.17509],[-2.91946,43.17508],[-2.91974,43.17508],[-2.92012,43.17509],[-2.92032,43.17509],[-2.92055,43.1751],[-2.9207,43.17509]]}},{"type":"Feature","properties":{"id":396735921,"highway":"residential","nombre":"Garondo auzoa"},"geometry":{"type":"LineString","coordinates":[[-2.92131,43.17468],[-2.92134,43.17463],[-2.9214,43.17458],[-2.92151,43.17457],[-2.92168,43.17439],[-2.92183,43.17425],[-2.92188,43.17418],[-2.92201,43.1737],[-2.92204,43.17364],[-2.92205,43.1736],[-2.92206,43.17357],[-2.92209,43.17349],[-2.92208,43.17332],[-2.92203,43.17318],[-2.92195,43.17305],[-2.92182,43.17291],[-2.92169,43.17281],[-2.92157,43.17273]]}},{"type":"Feature","properties":{"id":396735923,"highway":"unclassified"},"geometry":{"type":"LineString","coordinates":[[-2.92364,43.17578],[-2.92392,43.17579],[-2.92407,43.17578],[-2.92423,43.1757],[-2.92433,43.17564],[-2.92444,43.17554],[-2.92455,43.17546],[-2.92473,43.17535],[-2.92482,43.17529]]}},{"type":"Feature","properties":{"id":396735925,"highway":"service","nombre":"Goikoerreka auzoa"},"geometry":{"type":"LineString","coordinates":[[-2.92185,43.17241],[-2.92188,43.17236],[-2.92187,43.17231],[-2.92176,43.17215],[-2.92175,43.1721],[-2.92181,43.17207],[-2.92212,43.17197],[-2.92217,43.17193],[-2.92219,43.17185],[-2.92224,43.17165],[-2.92234,43.1715],[-2.92248,43.17132],[-2.92256,43.17126],[-2.92264,43.1712],[-2.92276,43.17113],[-2.92283,43.17107],[-2.92295,43.17105]]}},{"type":"Feature","properties":{"id":396735926,"highway":"residential","nombre":"Goikoerreka auzoa"},"geometry":{"type":"LineString","coordinates":[[-2.92364,43.17114],[-2.92336,43.17112],[-2.92315,43.17108],[-2.92296,43.17105],[-2.92295,43.17105],[-2.92288,43.17104],[-2.92275,43.17104],[-2.92259,43.17101],[-2.92243,43.17098],[-2.92233,43.17098],[-2.92227,43.17098],[-2.92223,43.17096],[-2.92222,43.17092],[-2.92227,43.17086],[-2.92229,43.17082],[-2.92228,43.17078],[-2.92217,43.17077],[-2.92192,43.17078],[-2.92186,43.17076],[-2.92176,43.17069],[-2.92169,43.17066],[-2.92154,43.17066]]}},{"type":"Feature","properties":{"id":396735928,"highway":"service","nombre":"Arene auzoa"},"geometry":{"type":"LineString","coordinates":[[-2.92102,43.17092],[-2.92101,43.17082],[-2.92098,43.17069],[-2.9209,43.17057],[-2.92082,43.1705],[-2.92067,43.1704]]}},{"type":"Feature","properties":{"id":396735930,"highway":"living_street","nombre":"Labeko auzoa"},"geometry":{"type":"LineString","coordinates":[[-2.91478,43.17582],[-2.91467,43.17575],[-2.91459,43.17567],[-2.9144,43.17547],[-2.91422,43.17527],[-2.91405,43.17508],[-2.91394,43.17494],[-2.9139,43.17483],[-2.91386,43.17463],[-2.91384,43.17441],[-2.91384,43.1743],[-2.91388,43.17421],[-2.91413,43.17407],[-2.91443,43.17422],[-2.91468,43.17434]]}},{"type":"Feature","properties":{"id":396735932,"highway":"service","nombre":"Labeko auzoa"},"geometry":{"type":"LineString","coordinates":[[-2.91413,43.17407],[-2.914,43.17396]]}},{"type":"Feature","properties":{"id":396735933,"highway":"service","nombre":"Labeko auzoa","puente":"yes"},"geometry":{"type":"LineString","coordinates":[[-2.914,43.17396],[-2.91373,43.17377]]}},{"type":"Feature","properties":{"id":396735935,"highway":"service","nombre":"Labeko auzoa"},"geometry":{"type":"LineString","coordinates":[[-2.91373,43.17377],[-2.91358,43.17367],[-2.91348,43.17366],[-2.91334,43.17373],[-2.91293,43.17399],[-2.91262,43.17417],[-2.91248,43.17424],[-2.91223,43.17433],[-2.91209,43.17438],[-2.91197,43.17438],[-2.91189,43.17436],[-2.91185,43.17429]]}},{"type":"Feature","properties":{"id":396735936,"highway":"service","nombre":"Landaberde auzoa"},"geometry":{"type":"LineString","coordinates":[[-2.91305,43.17323],[-2.91295,43.17325],[-2.91283,43.17326],[-2.91275,43.17323],[-2.9127,43.17318],[-2.91257,43.17302],[-2.9125,43.1729],[-2.91246,43.17283],[-2.91232,43.17278],[-2.9122,43.17272],[-2.91206,43.17267]]}},{"type":"Feature","properties":{"id":396735938,"highway":"service","nombre":"Landaberde auzoa"},"geometry":{"type":"LineString","coordinates":[[-2.91165,43.17393],[-2.91167,43.17382],[-2.91174,43.17369],[-2.91185,43.17358],[-2.91203,43.17353],[-2.91224,43.17344],[-2.91232,43.17338],[-2.91239,43.1733],[-2.91241,43.1732],[-2.91241,43.17304],[-2.91246,43.17283],[-2.91255,43.17266],[-2.91264,43.17249],[-2.91269,43.17235],[-2.91271,43.17227]]}},{"type":"Feature","properties":{"id":396735940,"highway":"service","nombre":"Labeko auzoa","tunel":"yes"},"geometry":{"type":"LineString","coordinates":[[-2.91185,43.17429],[-2.91165,43.17393]]}},{"type":"Feature","properties":{"id":396735953,"highway":"track"},"geometry":{"type":"LineString","coordinates":[[-2.91605,43.17059],[-2.91603,43.17063],[-2.91599,43.17067],[-2.91598,43.17077],[-2.91594,43.17086],[-2.9158,43.17107],[-2.91566,43.17127],[-2.91554,43.1714],[-2.91542,43.1715],[-2.91502,43.17176],[-2.91484,43.17186],[-2.91458,43.17202],[-2.91419,43.1723],[-2.91413,43.17239],[-2.91412,43.17248],[-2.91421,43.17258],[-2.91423,43.1726]]}},{"type":"Feature","properties":{"id":406759144,"highway":"service","nombre":"Orueta auzoa"},"geometry":{"type":"LineString","coordinates":[[-2.93787,43.19148],[-2.93782,43.19127],[-2.93777,43.19113],[-2.9377,43.19099],[-2.93756,43.19074],[-2.93751,43.19062],[-2.9375,43.19048],[-2.93751,43.19034],[-2.93758,43.19019],[-2.93762,43.19014],[-2.93755,43.19006],[-2.93752,43.18994],[-2.93757,43.18981],[-2.93762,43.18975],[-2.93769,43.18971],[-2.93786,43.18965]]}},{"type":"Feature","properties":{"id":406759516,"highway":"service","nombre":"Zollo-Urruti auzoa"},"geometry":{"type":"MultiLineString","coordinates":[[[-2.9314,43.1915],[-2.93136,43.19146],[-2.9312,43.19139],[-2.93107,43.19135],[-2.93051,43.19117],[-2.93025,43.19113],[-2.93006,43.19109],[-2.92987,43.19097],[-2.92908,43.19037],[-2.92894,43.19028],[-2.92864,43.19013],[-2.92857,43.19009],[-2.92842,43.19005],[-2.92822,43.19],[-2.92784,43.18988],[-2.92752,43.18976],[-2.92727,43.18972],[-2.92706,43.18964],[-2.92696,43.18953],[-2.92691,43.18939],[-2.92692,43.18937],[-2.92696,43.1893],[-2.92696,43.18925],[-2.92694,43.18921]],[[-2.92544,43.18781],[-2.92524,43.18768],[-2.92511,43.18757],[-2.92507,43.18748],[-2.92504,43.18736],[-2.92495,43.18698],[-2.9249,43.18691],[-2.92478,43.18681],[-2.92453,43.1867],[-2.92432,43.18661],[-2.924,43.1865],[-2.92315,43.18623],[-2.92251,43.18602]]]}},{"type":"Feature","properties":{"id":406777863,"highway":"track","nombre":"Basakoetxe auzoa"},"geometry":{"type":"LineString","coordinates":[[-2.95896,43.18686],[-2.95887,43.18681],[-2.95862,43.18662],[-2.95846,43.18653],[-2.95815,43.18642],[-2.9579,43.18638],[-2.95767,43.18632],[-2.95747,43.18622],[-2.95714,43.18607],[-2.95688,43.18598],[-2.95673,43.18591],[-2.95644,43.18584],[-2.95625,43.1858],[-2.95596,43.18578],[-2.95568,43.1858],[-2.95516,43.18581],[-2.95462,43.18581],[-2.95444,43.18579],[-2.95435,43.18576],[-2.95428,43.18571],[-2.95422,43.1857],[-2.95415,43.1857],[-2.95384,43.1858],[-2.95358,43.18584],[-2.95329,43.18592],[-2.95297,43.18597],[-2.95263,43.18605],[-2.9523,43.18611],[-2.95188,43.18629],[-2.95177,43.18635],[-2.95151,43.18654],[-2.95127,43.18666],[-2.95103,43.18671],[-2.95087,43.18676],[-2.95055,43.18692],[-2.95032,43.18701],[-2.95016,43.18708]]}},{"type":"Feature","properties":{"id":406777868,"highway":"service","nombre":"Basakoetxe auzoa"},"geometry":{"type":"LineString","coordinates":[[-2.95016,43.18708],[-2.95014,43.18715],[-2.9501,43.18726],[-2.95001,43.1873],[-2.94992,43.18731],[-2.94987,43.18732],[-2.94976,43.18724],[-2.94967,43.18721],[-2.94958,43.18719],[-2.9495,43.18724],[-2.94916,43.18755],[-2.94895,43.18768],[-2.94866,43.18786],[-2.94824,43.18806],[-2.94807,43.18812],[-2.94797,43.18814],[-2.94781,43.18814],[-2.94763,43.18812],[-2.94744,43.18806],[-2.94718,43.18796],[-2.94677,43.18784],[-2.94651,43.18775],[-2.9464,43.18774],[-2.9462,43.18774],[-2.94601,43.18778],[-2.94583,43.18778],[-2.94564,43.18775],[-2.94541,43.18766],[-2.9452,43.18759]]}},{"type":"Feature","properties":{"id":406777869,"highway":"service","nombre":"Basakoetxe auzoa"},"geometry":{"type":"LineString","coordinates":[[-2.94987,43.18732],[-2.94985,43.18742],[-2.94985,43.18748],[-2.94992,43.18753]]}},{"type":"Feature","properties":{"id":406777870,"highway":"service","nombre":"Basakoetxe auzoa"},"geometry":{"type":"LineString","coordinates":[[-2.94958,43.18719],[-2.94952,43.18716],[-2.94946,43.18713],[-2.94935,43.1871],[-2.94919,43.18711],[-2.94907,43.18714],[-2.94895,43.18719],[-2.94884,43.18729],[-2.94875,43.18735],[-2.9487,43.18736],[-2.94843,43.18737],[-2.9482,43.18735],[-2.94812,43.18734],[-2.94791,43.1873],[-2.94769,43.1872],[-2.94745,43.18704],[-2.94739,43.18697],[-2.94733,43.18688]]}},{"type":"Feature","properties":{"id":406780798,"highway":"track"},"geometry":{"type":"LineString","coordinates":[[-2.9482,43.18735],[-2.94811,43.18729],[-2.94801,43.18724],[-2.94789,43.18713],[-2.94787,43.18708],[-2.94787,43.18699],[-2.94784,43.18691],[-2.94783,43.18687],[-2.94789,43.18679],[-2.94797,43.18675],[-2.94808,43.18673],[-2.94827,43.18671],[-2.94843,43.1867],[-2.94851,43.18669],[-2.94864,43.18667],[-2.94884,43.18661],[-2.94895,43.18656],[-2.94901,43.1865],[-2.94906,43.18642],[-2.94912,43.1863]]}},{"type":"Feature","properties":{"id":406780799,"highway":"track"},"geometry":{"type":"LineString","coordinates":[[-2.94783,43.18687],[-2.94772,43.18684],[-2.94766,43.18682],[-2.9476,43.18681],[-2.94747,43.18683],[-2.94733,43.18688]]}},{"type":"Feature","properties":{"id":406793220,"highway":"track"},"geometry":{"type":"LineString","coordinates":[[-2.953,43.1621],[-2.95299,43.16207]]}},{"type":"Feature","properties":{"id":406793225,"highway":"track"},"geometry":{"type":"MultiLineString","coordinates":[[[-2.95367,43.16025],[-2.9537,43.16022],[-2.95378,43.16019],[-2.95383,43.16019]],[[-2.95347,43.16134],[-2.95347,43.16134],[-2.95341,43.16144],[-2.9534,43.16146]],[[-2.95309,43.16195],[-2.95299,43.16207],[-2.95296,43.1621],[-2.95292,43.16215],[-2.95287,43.16221],[-2.95277,43.16228],[-2.95268,43.16236],[-2.95262,43.16242],[-2.95254,43.1625],[-2.95246,43.1626],[-2.95236,43.16282],[-2.95225,43.16299],[-2.95219,43.16311],[-2.95215,43.16318],[-2.95198,43.16333],[-2.95187,43.16347]],[[-2.94727,43.16766],[-2.9472,43.1677],[-2.94714,43.16776],[-2.94713,43.16778],[-2.94712,43.16784],[-2.94714,43.16788],[-2.94719,43.16792]],[[-2.95012,43.17225],[-2.94997,43.17239],[-2.94981,43.17252],[-2.94978,43.17257],[-2.94975,43.17268],[-2.94966,43.17281],[-2.9496,43.17286],[-2.94951,43.17288],[-2.94948,43.17289],[-2.94943,43.1729],[-2.94932,43.17287],[-2.94913,43.17279],[-2.94882,43.17268],[-2.94863,43.17263],[-2.94833,43.17255],[-2.94826,43.17253],[-2.94819,43.17255],[-2.94818,43.17257],[-2.94819,43.1726],[-2.94825,43.17266],[-2.94828,43.17272],[-2.94831,43.17295],[-2.94838,43.17314],[-2.94841,43.17332],[-2.94846,43.17356],[-2.94849,43.17371],[-2.94849,43.17379],[-2.94849,43.17399],[-2.94847,43.17421],[-2.94848,43.1744],[-2.94848,43.17454],[-2.94848,43.17465],[-2.94847,43.17487],[-2.94844,43.17496],[-2.94835,43.17506],[-2.94826,43.17517],[-2.94818,43.17527],[-2.94803,43.17555],[-2.948,43.17567]]]}},{"type":"Feature","properties":{"id":406793229,"highway":"path"},"geometry":{"type":"LineString","coordinates":[[-2.94711,43.16823],[-2.94709,43.1681],[-2.94709,43.168],[-2.9471,43.16795],[-2.9471,43.1679],[-2.94709,43.16787],[-2.94712,43.16784]]}},{"type":"Feature","properties":{"id":406798593,"highway":"track"},"geometry":{"type":"LineString","coordinates":[[-2.92593,43.1748],[-2.92608,43.17461],[-2.9261,43.17458],[-2.92622,43.17443],[-2.92632,43.17429],[-2.92639,43.17424],[-2.9264,43.17423],[-2.92648,43.17422],[-2.92655,43.17423],[-2.92668,43.17429],[-2.92676,43.17432],[-2.92681,43.17432],[-2.92692,43.17432],[-2.92708,43.17431],[-2.92724,43.17427],[-2.92745,43.17427],[-2.92764,43.17425],[-2.92778,43.17422],[-2.92794,43.17423],[-2.92806,43.17425],[-2.92817,43.17431],[-2.92841,43.17439],[-2.92863,43.17445],[-2.92874,43.17452],[-2.9289,43.17469],[-2.92905,43.17479],[-2.92948,43.17504],[-2.92984,43.17524],[-2.93012,43.17538],[-2.93036,43.17551],[-2.93058,43.17558],[-2.93081,43.17567],[-2.93098,43.17575],[-2.93119,43.17591],[-2.93137,43.17601],[-2.93159,43.1761],[-2.93176,43.17617],[-2.93201,43.1763],[-2.93227,43.17643],[-2.93232,43.17645],[-2.93257,43.17654],[-2.93284,43.17658],[-2.93301,43.17659],[-2.9331,43.1766],[-2.93326,43.17662],[-2.93346,43.17668],[-2.93349,43.17669],[-2.93361,43.17672],[-2.93381,43.17672],[-2.934,43.17672],[-2.93408,43.17672],[-2.93421,43.17674],[-2.93439,43.17679],[-2.93445,43.1768],[-2.93486,43.17695],[-2.93492,43.17697],[-2.93528,43.17711],[-2.9356,43.17728],[-2.93587,43.17742],[-2.93613,43.1775],[-2.93637,43.17753],[-2.93653,43.17753],[-2.93674,43.1775],[-2.93693,43.17743],[-2.93713,43.17734],[-2.93738,43.17723],[-2.93773,43.17713],[-2.93851,43.17696],[-2.93875,43.17692],[-2.93903,43.1769],[-2.9395,43.17682],[-2.93963,43.17679],[-2.94001,43.17668],[-2.9401,43.17664],[-2.94016,43.17659],[-2.9402,43.17649],[-2.94019,43.17637],[-2.94022,43.17631],[-2.94024,43.17624],[-2.94038,43.17609],[-2.94056,43.17597],[-2.94082,43.17587],[-2.94104,43.17583],[-2.94121,43.17581],[-2.94127,43.1758],[-2.94137,43.17579],[-2.94142,43.17576],[-2.94148,43.17568],[-2.94163,43.17559],[-2.9418,43.17552],[-2.94195,43.17547],[-2.94201,43.17543],[-2.94221,43.1753],[-2.94206,43.17532],[-2.94207,43.17522],[-2.94214,43.17522],[-2.94225,43.17514],[-2.94241,43.175],[-2.94255,43.17492],[-2.94277,43.17479],[-2.94296,43.17468],[-2.94321,43.17459],[-2.94387,43.1744],[-2.94416,43.17431],[-2.94433,43.17426],[-2.94445,43.17425],[-2.94467,43.17427],[-2.94503,43.17431],[-2.94518,43.1743],[-2.9453,43.17428],[-2.94543,43.17424],[-2.94555,43.17421],[-2.9457,43.17419],[-2.94581,43.17416],[-2.9459,43.17412],[-2.94594,43.17403],[-2.94599,43.17384],[-2.94613,43.17358],[-2.94618,43.17352],[-2.94626,43.17352],[-2.94637,43.17357],[-2.94654,43.17366],[-2.94664,43.17377],[-2.94673,43.17384],[-2.94685,43.17391],[-2.94705,43.17398],[-2.94719,43.17407],[-2.94733,43.17423],[-2.94744,43.17443],[-2.94755,43.17468],[-2.94763,43.17494],[-2.94764,43.17515],[-2.94765,43.17537],[-2.94767,43.17548],[-2.94771,43.17555],[-2.94781,43.17563],[-2.94789,43.17567],[-2.94792,43.17567],[-2.948,43.17567]]}},{"type":"Feature","properties":{"id":415311649,"highway":"path"},"geometry":{"type":"LineString","coordinates":[[-2.96746,43.20513],[-2.96689,43.20511],[-2.96645,43.20514],[-2.9661,43.20516],[-2.9655,43.20524],[-2.96511,43.20528],[-2.96456,43.20532],[-2.96388,43.20535],[-2.96353,43.20542],[-2.96321,43.20551],[-2.96278,43.20562],[-2.96258,43.20579],[-2.96228,43.20608],[-2.96186,43.20644],[-2.96119,43.20674],[-2.96088,43.20679],[-2.96044,43.20692],[-2.96019,43.20712],[-2.95998,43.20721],[-2.95949,43.20733],[-2.95919,43.20739],[-2.95882,43.20738],[-2.95814,43.20751],[-2.95794,43.20757],[-2.95779,43.20759],[-2.95771,43.20762],[-2.95771,43.20754],[-2.95763,43.20748],[-2.9575,43.20747],[-2.95732,43.20738],[-2.95707,43.20732],[-2.95687,43.20726],[-2.9568,43.20728],[-2.95675,43.20739],[-2.95675,43.2075],[-2.95664,43.20752],[-2.95662,43.20767],[-2.95659,43.20772],[-2.95647,43.20765],[-2.95638,43.20756],[-2.95632,43.20751],[-2.95626,43.20741],[-2.95622,43.20737],[-2.95609,43.20729],[-2.95596,43.20742],[-2.95586,43.20756],[-2.95577,43.20766],[-2.95571,43.20769],[-2.95566,43.2076],[-2.95565,43.20751],[-2.95557,43.2074],[-2.95533,43.20723],[-2.95528,43.20716],[-2.95517,43.20712],[-2.95505,43.20701],[-2.95493,43.20701],[-2.95475,43.20682],[-2.95449,43.20674],[-2.9544,43.20667],[-2.95432,43.20662]]}},{"type":"Feature","properties":{"id":415311651,"highway":"path"},"geometry":{"type":"MultiLineString","coordinates":[[[-2.97293,43.18623],[-2.97292,43.18623],[-2.97215,43.18598],[-2.97212,43.18597]],[[-2.97124,43.18554],[-2.97112,43.18552],[-2.97094,43.18547]]]}},{"type":"Feature","properties":{"id":417637417,"highway":"track"},"geometry":{"type":"LineString","coordinates":[[-2.91025,43.1416],[-2.91015,43.14159],[-2.91007,43.14158],[-2.90993,43.14156],[-2.90982,43.14155],[-2.90968,43.14155],[-2.90959,43.14155],[-2.90953,43.14154],[-2.90945,43.14151],[-2.90939,43.14147],[-2.90937,43.14145]]}},{"type":"Feature","properties":{"id":421984024,"highway":"track"},"geometry":{"type":"LineString","coordinates":[[-2.96512,43.17958],[-2.9651,43.17962]]}},{"type":"Feature","properties":{"id":442904817,"highway":"footway","puente":"yes"},"geometry":{"type":"LineString","coordinates":[[-2.9104,43.17683],[-2.90983,43.17674]]}},{"type":"Feature","properties":{"id":442904819,"highway":"footway"},"geometry":{"type":"LineString","coordinates":[[-2.90983,43.17674],[-2.90979,43.17675],[-2.90969,43.17678],[-2.90968,43.17678],[-2.90967,43.17677],[-2.90966,43.17676],[-2.90964,43.17673],[-2.90963,43.17672],[-2.90963,43.17671]]}},{"type":"Feature","properties":{"id":442904821,"highway":"service","puente":"yes"},"geometry":{"type":"LineString","coordinates":[[-2.92086,43.16443],[-2.92074,43.16428]]}},{"type":"Feature","properties":{"id":442904825,"highway":"footway"},"geometry":{"type":"LineString","coordinates":[[-2.91062,43.17717],[-2.91047,43.17716],[-2.91046,43.17684],[-2.9104,43.17683]]}},{"type":"Feature","properties":{"id":481030621,"highway":"track"},"geometry":{"type":"LineString","coordinates":[[-2.94479,43.15168],[-2.94466,43.15169],[-2.94451,43.15164],[-2.94435,43.15159],[-2.94405,43.15152],[-2.94375,43.15147],[-2.94356,43.15145],[-2.9433,43.15145],[-2.94312,43.15146],[-2.94294,43.15149],[-2.94279,43.15151],[-2.9427,43.15151],[-2.94259,43.1515],[-2.94248,43.1515],[-2.94241,43.15148],[-2.94233,43.15144],[-2.94228,43.15138],[-2.94227,43.15131],[-2.94231,43.15123],[-2.94234,43.1512],[-2.94244,43.15115],[-2.94255,43.15112],[-2.94273,43.15105],[-2.94283,43.15097],[-2.94286,43.15092],[-2.94287,43.15086],[-2.94284,43.15081],[-2.94267,43.15067],[-2.94259,43.1506],[-2.94246,43.15051],[-2.94231,43.15046],[-2.94221,43.15045],[-2.94212,43.15045],[-2.94207,43.15047],[-2.94203,43.15048],[-2.94193,43.15053],[-2.9419,43.15055],[-2.94187,43.15061],[-2.94183,43.15073],[-2.94177,43.1509],[-2.94167,43.15108],[-2.94157,43.15133],[-2.94153,43.15143],[-2.94142,43.15163],[-2.94126,43.15198]]}},{"type":"Feature","properties":{"id":481030623,"highway":"path"},"geometry":{"type":"MultiLineString","coordinates":[[[-2.95386,43.15974],[-2.95385,43.15965],[-2.95385,43.15959],[-2.95384,43.15956],[-2.95377,43.15953],[-2.95357,43.15945],[-2.95335,43.15938],[-2.95324,43.15934],[-2.95305,43.15921],[-2.95296,43.15917],[-2.95278,43.15911],[-2.95241,43.15896],[-2.95216,43.15883],[-2.95206,43.15875],[-2.95194,43.15864],[-2.95179,43.15853],[-2.95156,43.1584],[-2.95133,43.15823],[-2.9512,43.15808],[-2.95103,43.15794],[-2.9508,43.15774],[-2.95074,43.15769],[-2.95066,43.15761]],[[-2.95017,43.15733],[-2.95012,43.15732],[-2.95002,43.15725]],[[-2.94949,43.15683],[-2.94929,43.15669],[-2.94923,43.15668],[-2.949,43.15664],[-2.9487,43.15659],[-2.94855,43.15653],[-2.94847,43.15651],[-2.94837,43.15651],[-2.94815,43.15649]]]}},{"type":"Feature","properties":{"id":481030625,"highway":"track"},"geometry":{"type":"MultiLineString","coordinates":[[[-2.94815,43.15649],[-2.94799,43.15646],[-2.94778,43.15643],[-2.94769,43.15641],[-2.94762,43.15637],[-2.94756,43.15628],[-2.94755,43.1562],[-2.94757,43.15616],[-2.94782,43.15596],[-2.94807,43.15573],[-2.94814,43.15565],[-2.94815,43.1556],[-2.94811,43.1556],[-2.94789,43.15566],[-2.94734,43.15582],[-2.94706,43.15591],[-2.94686,43.15596],[-2.94678,43.15597],[-2.94673,43.15594],[-2.94674,43.15581],[-2.94688,43.15552],[-2.94709,43.15527],[-2.94722,43.15511],[-2.94743,43.15486],[-2.94748,43.15479],[-2.94751,43.15474],[-2.94751,43.15469],[-2.94737,43.15472],[-2.94724,43.15474],[-2.94685,43.15483],[-2.94658,43.15486],[-2.94635,43.15484],[-2.94619,43.15483],[-2.94601,43.15475],[-2.94583,43.15462],[-2.94574,43.1545],[-2.94561,43.15432],[-2.94554,43.15427],[-2.94547,43.15425],[-2.94522,43.1542],[-2.94485,43.15412],[-2.94452,43.15402],[-2.94444,43.15398],[-2.94442,43.15395],[-2.94442,43.15389],[-2.94446,43.15378],[-2.94453,43.15364],[-2.94468,43.15353],[-2.94506,43.15335],[-2.94516,43.15331],[-2.94542,43.15316],[-2.94553,43.15312],[-2.94579,43.15306],[-2.9459,43.15304],[-2.94603,43.153],[-2.94609,43.15295],[-2.94611,43.15292],[-2.94611,43.15288]],[[-2.94509,43.15166],[-2.94496,43.15165],[-2.94486,43.15167],[-2.94479,43.15168],[-2.94479,43.15166],[-2.9449,43.15157],[-2.94492,43.15151],[-2.94485,43.15143],[-2.94478,43.15135],[-2.94474,43.15128],[-2.94475,43.15125]]]}},{"type":"Feature","properties":{"id":481030628,"highway":"track"},"geometry":{"type":"LineString","coordinates":[[-2.95347,43.16134],[-2.95343,43.16131],[-2.95343,43.16121],[-2.95349,43.16095],[-2.95355,43.16062],[-2.95359,43.16047],[-2.95367,43.16025],[-2.95371,43.16011],[-2.9538,43.15996],[-2.95384,43.15987],[-2.95386,43.15974]]}},{"type":"Feature","properties":{"id":481030629,"highway":"track","nombre":"Basakoetxe auzoa","superficie":"ground"},"geometry":{"type":"LineString","coordinates":[[-2.96608,43.18059],[-2.96591,43.18055],[-2.96563,43.18052],[-2.9651,43.18047],[-2.96481,43.18046],[-2.96464,43.18047],[-2.96428,43.18049],[-2.96391,43.18049],[-2.96342,43.18047],[-2.96329,43.18046],[-2.96319,43.18041],[-2.9631,43.18034],[-2.96307,43.18028],[-2.963,43.17988],[-2.96301,43.17981],[-2.96306,43.1797],[-2.96307,43.17966],[-2.96304,43.17965],[-2.963,43.17967],[-2.96294,43.17973],[-2.96281,43.17993],[-2.96268,43.18021],[-2.9626,43.18034],[-2.96248,43.1805],[-2.9623,43.18067],[-2.96211,43.1808],[-2.96203,43.18087],[-2.962,43.18092],[-2.962,43.18098],[-2.96204,43.18105],[-2.9621,43.1811],[-2.96219,43.18117],[-2.96233,43.18122],[-2.96255,43.18129],[-2.96288,43.18135],[-2.96324,43.18142],[-2.96354,43.18147],[-2.96378,43.1815],[-2.96407,43.18153],[-2.9642,43.18156],[-2.96424,43.18157],[-2.96424,43.18159],[-2.96422,43.1816],[-2.96397,43.1816],[-2.96367,43.18162],[-2.96332,43.18168],[-2.96269,43.18175],[-2.96243,43.18179],[-2.96195,43.18189],[-2.96177,43.18195],[-2.96144,43.18208],[-2.96106,43.18219],[-2.96084,43.18226],[-2.96059,43.18231],[-2.96044,43.18233],[-2.9603,43.18233],[-2.96015,43.1823],[-2.96006,43.18226],[-2.96002,43.18222],[-2.95999,43.18216],[-2.95997,43.18206],[-2.95995,43.18178],[-2.95996,43.1816],[-2.95997,43.18153],[-2.9601,43.18116],[-2.96015,43.18104],[-2.96028,43.18098],[-2.96042,43.18088],[-2.96067,43.1803],[-2.96072,43.18019],[-2.96065,43.18023],[-2.96054,43.18037],[-2.96035,43.18076],[-2.96024,43.18082],[-2.96002,43.18088],[-2.9599,43.18098],[-2.95973,43.18128],[-2.95953,43.18183],[-2.95944,43.18215],[-2.95939,43.18251],[-2.95934,43.18262],[-2.95917,43.1828],[-2.95895,43.18287],[-2.95884,43.18292],[-2.95884,43.18298],[-2.95891,43.18307],[-2.95908,43.18319],[-2.95935,43.18333],[-2.9597,43.18344],[-2.95977,43.18347],[-2.95975,43.18351],[-2.95967,43.18352],[-2.95954,43.18351],[-2.95943,43.18353],[-2.95927,43.18354],[-2.95862,43.18355],[-2.9578,43.18359],[-2.95724,43.18353],[-2.95655,43.18353],[-2.95616,43.18353],[-2.95602,43.18353],[-2.95575,43.18371],[-2.95562,43.18371],[-2.95557,43.1836],[-2.95571,43.18345],[-2.95594,43.18294],[-2.956,43.18273],[-2.95595,43.18267],[-2.95586,43.1827],[-2.95566,43.18289],[-2.95555,43.18297],[-2.95539,43.18306],[-2.95453,43.18303],[-2.95398,43.18311],[-2.95358,43.18317],[-2.95327,43.1833],[-2.95309,43.18335],[-2.95304,43.18338],[-2.95293,43.18351],[-2.95263,43.18395],[-2.95242,43.18416],[-2.95195,43.18455],[-2.95179,43.18481],[-2.95175,43.18485],[-2.95161,43.18489],[-2.95137,43.18499],[-2.95109,43.18511],[-2.95098,43.18516],[-2.95093,43.18522],[-2.95078,43.18521],[-2.95068,43.18516],[-2.95065,43.18507],[-2.95068,43.18502],[-2.95096,43.18481],[-2.95104,43.1847],[-2.95097,43.18464],[-2.95087,43.18465],[-2.95064,43.18475],[-2.95057,43.18477],[-2.95022,43.18481],[-2.95011,43.18484],[-2.94997,43.18507],[-2.94987,43.18519],[-2.94974,43.18525],[-2.94964,43.18528],[-2.9495,43.18531],[-2.94861,43.18535],[-2.94847,43.18537],[-2.94841,43.18539],[-2.94816,43.18559],[-2.9478,43.18575],[-2.94721,43.18606],[-2.94694,43.18633],[-2.9469,43.1865],[-2.94733,43.18688]]}},{"type":"Feature","properties":{"id":489656511,"highway":"service"},"geometry":{"type":"LineString","coordinates":[[-2.91366,43.1792],[-2.91389,43.17911]]}},{"type":"Feature","properties":{"id":523376201,"highway":"residential"},"geometry":{"type":"LineString","coordinates":[[-2.94192,43.14763],[-2.94188,43.14764],[-2.94182,43.14783]]}},{"type":"Feature","properties":{"id":621283607,"highway":"motorway","ref":"AP-68","oneway":"yes","puente":"yes","superficie":"asphalt"},"geometry":{"type":"LineString","coordinates":[[-2.92832,43.15798],[-2.92874,43.15777],[-2.9294,43.15749]]}},{"type":"Feature","properties":{"id":621313161,"highway":"primary","nombre":"Bilbao - Orduña errepidea","izena_eu":"Bilbao - Orduña errepidea","nombre_es":"Carretera Bilbao - Orduña","ref":"BI-625","oneway":"yes","superficie":"asphalt"},"geometry":{"type":"LineString","coordinates":[[-2.94103,43.15238],[-2.94103,43.15255],[-2.94104,43.15278],[-2.94103,43.15303]]}},{"type":"Feature","properties":{"id":621313162,"highway":"tertiary","nombre":"Barrio La Isla","ref":"BI-4516","oneway":"yes"},"geometry":{"type":"LineString","coordinates":[[-2.94087,43.15245],[-2.94101,43.1524],[-2.94103,43.15238]]}},{"type":"Feature","properties":{"id":621313163,"highway":"tertiary","nombre":"Barrio La Isla","ref":"BI-4516","oneway":"yes"},"geometry":{"type":"LineString","coordinates":[[-2.94103,43.15238],[-2.94107,43.15233],[-2.94109,43.15228],[-2.94111,43.1522]]}},{"type":"Feature","properties":{"id":621313164,"highway":"primary","nombre":"Zuloaga auzoa","izena_eu":"Zuloaga auzoa","nombre_es":"Barrio Zuloaga auzoa","ref":"BI-625","oneway":"yes"},"geometry":{"type":"LineString","coordinates":[[-2.94103,43.15303],[-2.94109,43.15278],[-2.94111,43.15254],[-2.94112,43.15239],[-2.94111,43.1522],[-2.94104,43.15181],[-2.94101,43.15159],[-2.941,43.15154],[-2.94095,43.15121],[-2.94094,43.15106]]}},{"type":"Feature","properties":{"id":621313165,"highway":"primary","nombre":"Bilbao - Orduña errepidea","izena_eu":"Bilbao - Orduña errepidea","nombre_es":"Carretera Bilbao - Orduña","ref":"BI-625","superficie":"asphalt"},"geometry":{"type":"LineString","coordinates":[[-2.94103,43.15303],[-2.941,43.15329],[-2.94097,43.1535],[-2.94094,43.15367]]}},{"type":"Feature","properties":{"id":621548966,"highway":"track","nombre":"Gastaka-Goikoa auzoa","izena_eu":"Gastaka-Goikoa auzoa","nombre_es":"Barrio Gastaka-Goikoa","puente":"yes"},"geometry":{"type":"LineString","coordinates":[[-2.9297,43.15618],[-2.92953,43.1561]]}},{"type":"Feature","properties":{"id":621548967,"highway":"track","nombre":"Gastaka-Goikoa auzoa","izena_eu":"Gastaka-Goikoa auzoa","nombre_es":"Barrio Gastaka-Goikoa"},"geometry":{"type":"LineString","coordinates":[[-2.92953,43.1561],[-2.92948,43.15605],[-2.92949,43.156],[-2.92957,43.15579],[-2.92961,43.15561],[-2.92954,43.15553],[-2.92932,43.15552]]}},{"type":"Feature","properties":{"id":621548968,"highway":"track","nombre":"Gastaka-Goikoa auzoa","izena_eu":"Gastaka-Goikoa auzoa","nombre_es":"Barrio Gastaka-Goikoa"},"geometry":{"type":"LineString","coordinates":[[-2.93127,43.15808],[-2.93137,43.15772],[-2.93136,43.15763],[-2.93114,43.15745],[-2.93086,43.15731],[-2.93078,43.1573],[-2.93067,43.15732],[-2.93033,43.15752],[-2.92993,43.15767],[-2.92962,43.15774],[-2.92945,43.15775],[-2.92936,43.15774],[-2.92928,43.15767],[-2.92917,43.15732],[-2.92919,43.15721],[-2.92945,43.15688],[-2.92975,43.15645],[-2.9298,43.15637],[-2.92978,43.15628],[-2.92975,43.15622],[-2.9297,43.15618]]}},{"type":"Feature","properties":{"id":621553029,"highway":"track","nombre":"Gastaka-Goikoa auzoa","izena_eu":"Gastaka-Goikoa auzoa","nombre_es":"Barrio Gastaka-Goikoa"},"geometry":{"type":"LineString","coordinates":[[-2.92887,43.15675],[-2.92899,43.15628],[-2.92907,43.15589],[-2.92927,43.15555],[-2.92932,43.15552]]}},{"type":"Feature","properties":{"id":621608040,"highway":"track"},"geometry":{"type":"LineString","coordinates":[[-2.9145,43.1463],[-2.91455,43.14642],[-2.91495,43.14676],[-2.91529,43.14719],[-2.91569,43.14752]]}},{"type":"Feature","properties":{"id":621608041,"highway":"track"},"geometry":{"type":"LineString","coordinates":[[-2.92871,43.15802],[-2.92887,43.15675]]}},{"type":"Feature","properties":{"id":621610517,"highway":"track"},"geometry":{"type":"LineString","coordinates":[[-2.91448,43.14628],[-2.91412,43.14621],[-2.91386,43.14612],[-2.91363,43.14583],[-2.91338,43.14566],[-2.91314,43.14558],[-2.91254,43.14554],[-2.9121,43.14537],[-2.91142,43.14501],[-2.91117,43.14485],[-2.91111,43.14474],[-2.91112,43.14462],[-2.91127,43.14446],[-2.9118,43.14436],[-2.91222,43.1444],[-2.91287,43.14462],[-2.91333,43.14481],[-2.91362,43.14485],[-2.91402,43.14477]]}},{"type":"Feature","properties":{"id":621610526,"highway":"track"},"geometry":{"type":"LineString","coordinates":[[-2.91889,43.15244],[-2.91985,43.15282],[-2.92013,43.153],[-2.92042,43.15321],[-2.92043,43.15327]]}},{"type":"Feature","properties":{"id":621610528,"highway":"track"},"geometry":{"type":"LineString","coordinates":[[-2.91975,43.1523],[-2.91969,43.15234],[-2.91952,43.15244],[-2.91935,43.15246],[-2.91889,43.15244],[-2.91855,43.15228],[-2.9182,43.15212],[-2.91793,43.15208],[-2.91754,43.1521],[-2.91713,43.15206],[-2.91669,43.15193],[-2.91632,43.15178],[-2.91597,43.15168]]}},{"type":"Feature","properties":{"id":621610529,"highway":"track"},"geometry":{"type":"LineString","coordinates":[[-2.9206,43.15304],[-2.92071,43.1532],[-2.92087,43.15327],[-2.92091,43.15328]]}},{"type":"Feature","properties":{"id":621826089,"highway":"footway"},"geometry":{"type":"LineString","coordinates":[[-2.94089,43.15154],[-2.94087,43.15151],[-2.94084,43.15144],[-2.94081,43.15131],[-2.94085,43.1512],[-2.94081,43.15102],[-2.94074,43.1509],[-2.94066,43.15081],[-2.94061,43.15079],[-2.94056,43.1508],[-2.94054,43.15085],[-2.94055,43.15128],[-2.94055,43.15146],[-2.9405,43.15153],[-2.94049,43.15163],[-2.94049,43.1518],[-2.94045,43.15196],[-2.94043,43.15206]]}},{"type":"Feature","properties":{"id":621828321,"highway":"footway"},"geometry":{"type":"LineString","coordinates":[[-2.94087,43.15151],[-2.9405,43.15153]]}},{"type":"Feature","properties":{"id":621831082,"highway":"track"},"geometry":{"type":"LineString","coordinates":[[-2.94053,43.1471],[-2.93997,43.14685]]}},{"type":"Feature","properties":{"id":626438434,"highway":"track"},"geometry":{"type":"LineString","coordinates":[[-2.94619,43.15483],[-2.94613,43.15493],[-2.94607,43.15507],[-2.94602,43.15516],[-2.94588,43.15533],[-2.94576,43.15548],[-2.94571,43.15565],[-2.9457,43.15581],[-2.94572,43.15593],[-2.94575,43.15601],[-2.94581,43.15605],[-2.94592,43.15609],[-2.9461,43.15617],[-2.94623,43.1563],[-2.94638,43.15656],[-2.94658,43.15691],[-2.94668,43.15703],[-2.94686,43.15715],[-2.94706,43.15726],[-2.94734,43.15737],[-2.94759,43.15754],[-2.9477,43.15767],[-2.94776,43.15778],[-2.94783,43.15795],[-2.94787,43.15818],[-2.94789,43.15835],[-2.9479,43.1585],[-2.94794,43.15856],[-2.94801,43.15863],[-2.94809,43.15867],[-2.94822,43.1587],[-2.9485,43.15873],[-2.9488,43.15875],[-2.94903,43.15874],[-2.94925,43.15869],[-2.9494,43.15861],[-2.94951,43.15858],[-2.94961,43.15861],[-2.94967,43.15866],[-2.94974,43.15869],[-2.94983,43.15872],[-2.94991,43.15875],[-2.95003,43.15887],[-2.95018,43.15897],[-2.95034,43.15916],[-2.95058,43.15933],[-2.95083,43.15944],[-2.95102,43.1595],[-2.95125,43.15953],[-2.95136,43.15956],[-2.95148,43.15963],[-2.95158,43.15972],[-2.95164,43.15983],[-2.95176,43.16002],[-2.95193,43.16016],[-2.95226,43.16042],[-2.95255,43.16068],[-2.95267,43.16079],[-2.95283,43.16102],[-2.95293,43.16116],[-2.95295,43.16122],[-2.95293,43.1613],[-2.95285,43.16144],[-2.9528,43.1616],[-2.95281,43.16173],[-2.95289,43.16188],[-2.95299,43.16207]]}},{"type":"Feature","properties":{"id":626438435,"highway":"path"},"geometry":{"type":"LineString","coordinates":[[-2.9413,43.15037],[-2.94134,43.15041]]}},{"type":"Feature","properties":{"id":626438436,"highway":"path"},"geometry":{"type":"LineString","coordinates":[[-2.9419,43.15055],[-2.94183,43.15051],[-2.94173,43.15046],[-2.94161,43.15042],[-2.94152,43.15043],[-2.94143,43.15045],[-2.94138,43.15045],[-2.94134,43.15041]]}},{"type":"Feature","properties":{"id":626438437,"highway":"service","nombre":"Zuloaga auzoa"},"geometry":{"type":"LineString","coordinates":[[-2.94126,43.15198],[-2.94125,43.15202],[-2.94122,43.1521],[-2.94115,43.15236],[-2.94112,43.15239]]}},{"type":"Feature","properties":{"id":652130190,"highway":"path","superficie":"ground"},"geometry":{"type":"MultiLineString","coordinates":[[[-2.95799,43.20921],[-2.95806,43.20916],[-2.95809,43.20915],[-2.95812,43.20911],[-2.95816,43.20909],[-2.9582,43.20901],[-2.95824,43.20898],[-2.95827,43.20894]],[[-2.95982,43.20737],[-2.95985,43.20734],[-2.95992,43.20729],[-2.95995,43.20725],[-2.95998,43.20721]]]}},{"type":"Feature","properties":{"id":654443979,"highway":"path"},"geometry":{"type":"LineString","coordinates":[[-2.90717,43.14438],[-2.90724,43.14447]]}},{"type":"Feature","properties":{"id":661966766,"highway":"residential","nombre":"Garondo auzoa","oneway":"no"},"geometry":{"type":"LineString","coordinates":[[-2.92106,43.17336],[-2.92123,43.17339],[-2.92191,43.17357],[-2.92205,43.1736],[-2.92216,43.1736],[-2.92223,43.17358],[-2.92233,43.17356],[-2.92265,43.1735],[-2.92282,43.17347],[-2.9229,43.17346],[-2.92296,43.17346],[-2.92316,43.17344]]}},{"type":"Feature","properties":{"id":661966768,"highway":"residential","nombre":"Elexalde auzoa","oneway":"no"},"geometry":{"type":"LineString","coordinates":[[-2.91996,43.17381],[-2.91937,43.17347],[-2.91936,43.17345],[-2.91936,43.17343],[-2.91936,43.17341],[-2.91937,43.1734],[-2.9195,43.17335]]}},{"type":"Feature","properties":{"id":676218339,"highway":"path"},"geometry":{"type":"LineString","coordinates":[[-2.91315,43.14197],[-2.91309,43.14199],[-2.91307,43.14207],[-2.91306,43.14211],[-2.91303,43.14215]]}},{"type":"Feature","properties":{"id":676229148,"highway":"track"},"geometry":{"type":"LineString","coordinates":[[-2.90831,43.15213],[-2.90824,43.15206],[-2.90805,43.15198],[-2.90786,43.15191],[-2.90763,43.15181],[-2.9075,43.15176],[-2.90722,43.15172],[-2.90703,43.15167],[-2.90691,43.1516]]}},{"type":"Feature","properties":{"id":683862064,"highway":"service"},"geometry":{"type":"LineString","coordinates":[[-2.93332,43.15883],[-2.9333,43.15886],[-2.93323,43.1589],[-2.93291,43.15895],[-2.93278,43.15896],[-2.93236,43.15894],[-2.9321,43.1589],[-2.93197,43.15886],[-2.93185,43.15882],[-2.93179,43.1588],[-2.93171,43.1588],[-2.93163,43.15882],[-2.93157,43.15885],[-2.93148,43.15894],[-2.93143,43.15902],[-2.93142,43.15908],[-2.93144,43.15915],[-2.93151,43.15929],[-2.93164,43.15949],[-2.93179,43.15968],[-2.93203,43.16003],[-2.93216,43.16016],[-2.9324,43.16037]]}},{"type":"Feature","properties":{"id":683862065,"highway":"track"},"geometry":{"type":"LineString","coordinates":[[-2.93318,43.16178],[-2.93302,43.16169],[-2.93287,43.16159],[-2.93284,43.16152],[-2.93285,43.16145],[-2.93294,43.16118],[-2.93296,43.16106],[-2.93296,43.16075],[-2.93291,43.16038],[-2.93292,43.16017],[-2.93292,43.16011],[-2.93287,43.16005],[-2.9328,43.15997],[-2.93277,43.15991],[-2.93275,43.15984],[-2.93275,43.15974],[-2.93278,43.15961]]}},{"type":"Feature","properties":{"id":683862066,"highway":"track"},"geometry":{"type":"LineString","coordinates":[[-2.94245,43.16544],[-2.94225,43.16547],[-2.94211,43.1655],[-2.94192,43.16558],[-2.94163,43.16564],[-2.9414,43.16563],[-2.94125,43.16557],[-2.94109,43.16543],[-2.94089,43.16519],[-2.94079,43.16505],[-2.94069,43.16497],[-2.94055,43.16492],[-2.94023,43.16482],[-2.94,43.16474],[-2.93967,43.16458],[-2.9394,43.16444],[-2.93912,43.16427],[-2.93882,43.164],[-2.93878,43.16393],[-2.93883,43.16383],[-2.93897,43.16364],[-2.93911,43.16341],[-2.9392,43.16305],[-2.93925,43.16285],[-2.93924,43.1627],[-2.93914,43.16244],[-2.93908,43.16233],[-2.93904,43.16212],[-2.93896,43.16182],[-2.93891,43.16173],[-2.93883,43.16162],[-2.9388,43.16152],[-2.9388,43.16133],[-2.93883,43.1612],[-2.93895,43.16104],[-2.93898,43.16097],[-2.93896,43.1609],[-2.9388,43.16068],[-2.93867,43.16041],[-2.93863,43.16019],[-2.93858,43.16007],[-2.93843,43.15997],[-2.93831,43.15992],[-2.93821,43.15993],[-2.93815,43.15999],[-2.93814,43.16006],[-2.93818,43.16018],[-2.93819,43.16024],[-2.93814,43.16046],[-2.9381,43.16051],[-2.93803,43.16053],[-2.93793,43.16052],[-2.93773,43.16044],[-2.93744,43.16037],[-2.937,43.16024],[-2.93643,43.16004],[-2.93613,43.15995],[-2.93591,43.15985],[-2.93578,43.15981],[-2.93565,43.15982],[-2.9355,43.15984],[-2.93528,43.15989],[-2.93514,43.15997],[-2.93499,43.16007],[-2.93487,43.1601],[-2.93479,43.16012],[-2.9347,43.1601],[-2.93462,43.16006],[-2.9343,43.1599],[-2.93413,43.15984],[-2.93394,43.1598],[-2.93368,43.15972],[-2.93336,43.15967],[-2.93297,43.15963],[-2.93278,43.15961],[-2.93267,43.15959],[-2.93251,43.15953],[-2.93232,43.1595],[-2.93219,43.15948],[-2.93209,43.15945],[-2.932,43.15939],[-2.93183,43.15924],[-2.93172,43.15921],[-2.93157,43.15917],[-2.93144,43.15915]]}},{"type":"Feature","properties":{"id":683862067,"highway":"track"},"geometry":{"type":"LineString","coordinates":[[-2.93878,43.16393],[-2.93871,43.16401],[-2.93862,43.16417],[-2.93856,43.16442],[-2.93856,43.16454],[-2.93859,43.16475],[-2.93861,43.16508],[-2.93868,43.16529],[-2.93875,43.16556],[-2.93884,43.16572],[-2.93896,43.16588],[-2.9393,43.16621],[-2.93959,43.16651],[-2.93961,43.16653],[-2.93979,43.16673],[-2.94003,43.16693],[-2.94025,43.16709],[-2.94043,43.16723]]}},{"type":"Feature","properties":{"id":683862070,"highway":"service","nombre":"Andoleta auzoa","izena_eu":"Andoleta auzoa","nombre_es":"Barrio Andoleta","superficie":"unpaved"},"geometry":{"type":"LineString","coordinates":[[-2.92437,43.16716],[-2.92451,43.16723],[-2.92473,43.1673],[-2.9249,43.16736],[-2.92512,43.16742],[-2.92526,43.16743],[-2.92539,43.16741],[-2.92553,43.16733],[-2.92567,43.16725],[-2.92578,43.16724],[-2.92599,43.16725],[-2.92614,43.16725],[-2.92654,43.16716],[-2.92691,43.16713],[-2.92712,43.1671],[-2.92758,43.16702],[-2.92776,43.16701],[-2.92799,43.16701],[-2.92816,43.16703],[-2.92837,43.16707],[-2.92898,43.16722],[-2.92902,43.16724],[-2.92905,43.16726],[-2.92912,43.16732],[-2.92924,43.16759],[-2.92937,43.16785],[-2.92947,43.16793],[-2.92956,43.16796],[-2.92966,43.16797],[-2.92979,43.16794],[-2.93014,43.16784],[-2.93025,43.16783],[-2.93034,43.16785],[-2.93046,43.16791],[-2.93052,43.16798],[-2.93071,43.16836]]}},{"type":"Feature","properties":{"id":683862073,"highway":"service"},"geometry":{"type":"LineString","coordinates":[[-2.92511,43.16673],[-2.92509,43.16685],[-2.92503,43.16692],[-2.92494,43.16696],[-2.92482,43.16699],[-2.92462,43.16698],[-2.92448,43.16698],[-2.92441,43.16699],[-2.92437,43.16705],[-2.92438,43.16712],[-2.92437,43.16716],[-2.92421,43.16733],[-2.92413,43.16742]]}},{"type":"Feature","properties":{"id":683862074,"highway":"track"},"geometry":{"type":"LineString","coordinates":[[-2.92413,43.16742],[-2.92411,43.16756],[-2.92414,43.16767],[-2.92427,43.16785],[-2.92451,43.16806],[-2.92476,43.16823],[-2.92499,43.16845],[-2.92506,43.16867],[-2.9251,43.16898],[-2.92519,43.16916],[-2.92526,43.16923],[-2.9257,43.16935],[-2.92585,43.16938],[-2.92614,43.16941],[-2.92656,43.16942],[-2.92702,43.16945],[-2.92713,43.16948],[-2.92724,43.16955],[-2.92738,43.16965]]}},{"type":"Feature","properties":{"id":683862075,"highway":"unclassified"},"geometry":{"type":"LineString","coordinates":[[-2.9207,43.17509],[-2.92081,43.17511],[-2.92093,43.17515],[-2.92105,43.17519],[-2.92132,43.17527],[-2.92157,43.17533],[-2.92177,43.17539],[-2.92187,43.17542],[-2.92201,43.1755],[-2.9222,43.17557],[-2.92238,43.17561],[-2.92259,43.17562],[-2.92277,43.17562],[-2.9228,43.17562],[-2.92299,43.17561],[-2.92319,43.17563],[-2.92333,43.17567],[-2.92358,43.17576],[-2.92364,43.17578]]}},{"type":"Feature","properties":{"id":683862076,"highway":"service"},"geometry":{"type":"LineString","coordinates":[[-2.92364,43.17578],[-2.92389,43.17588],[-2.92409,43.17596],[-2.92427,43.17606],[-2.92446,43.17614],[-2.92462,43.17617],[-2.92478,43.17618],[-2.92493,43.17615],[-2.92508,43.17611],[-2.92526,43.17605],[-2.92543,43.17594],[-2.92549,43.17587],[-2.92561,43.17572],[-2.9258,43.17552],[-2.92589,43.17543],[-2.92594,43.17531],[-2.92593,43.17519],[-2.92582,43.17503],[-2.9258,43.17496],[-2.92585,43.17488],[-2.92593,43.1748]]}},{"type":"Feature","properties":{"id":683862077,"highway":"service"},"geometry":{"type":"LineString","coordinates":[[-2.92482,43.17529],[-2.92488,43.17526],[-2.92508,43.1752],[-2.92539,43.17507],[-2.92565,43.17495]]}},{"type":"Feature","properties":{"id":683863267,"highway":"track"},"geometry":{"type":"LineString","coordinates":[[-2.92648,43.17422],[-2.92636,43.17399],[-2.92624,43.17393],[-2.92603,43.17378],[-2.9259,43.17369],[-2.9258,43.17363],[-2.92573,43.1736],[-2.92566,43.17359],[-2.92555,43.17363],[-2.92546,43.17367],[-2.92539,43.17366]]}},{"type":"Feature","properties":{"id":683863268,"highway":"track"},"geometry":{"type":"LineString","coordinates":[[-2.94022,43.17631],[-2.9401,43.17632],[-2.93999,43.17632],[-2.93991,43.1763],[-2.93985,43.17627],[-2.93983,43.17625],[-2.93981,43.17623],[-2.93982,43.17614],[-2.9399,43.17592],[-2.93997,43.17582],[-2.94,43.17569],[-2.94,43.17559],[-2.94004,43.17546],[-2.94004,43.1754]]}},{"type":"Feature","properties":{"id":683863269,"highway":"track"},"geometry":{"type":"LineString","coordinates":[[-2.94068,43.17504],[-2.94044,43.1752],[-2.94014,43.17534],[-2.94004,43.1754],[-2.93988,43.17547],[-2.93974,43.17556],[-2.93948,43.17566],[-2.93935,43.17569],[-2.93905,43.1757],[-2.9388,43.17572],[-2.93843,43.17572],[-2.93811,43.17575],[-2.93759,43.17576],[-2.937,43.17581],[-2.93652,43.17581],[-2.93629,43.17583],[-2.93619,43.17586],[-2.93611,43.17591],[-2.93599,43.17604],[-2.93585,43.17614],[-2.93571,43.17621],[-2.93551,43.17624],[-2.93519,43.17628],[-2.93466,43.17643],[-2.93446,43.17654],[-2.93422,43.17666],[-2.93408,43.17672]]}},{"type":"Feature","properties":{"id":690168712,"highway":"path"},"geometry":{"type":"LineString","coordinates":[[-2.91008,43.14203],[-2.91015,43.14205],[-2.91026,43.14205],[-2.91042,43.14207],[-2.91056,43.14205],[-2.91081,43.14206],[-2.91099,43.14207],[-2.9111,43.1421],[-2.91125,43.14208],[-2.91134,43.14207],[-2.9114,43.14208],[-2.91148,43.14209],[-2.91158,43.1421],[-2.91165,43.14214],[-2.9118,43.14214],[-2.91198,43.14216],[-2.91213,43.14217],[-2.91223,43.14216],[-2.91235,43.14209],[-2.91243,43.14207],[-2.91255,43.14205],[-2.91277,43.14202],[-2.91296,43.142],[-2.91309,43.14199]]}},{"type":"Feature","properties":{"id":700172180,"highway":"path"},"geometry":{"type":"MultiLineString","coordinates":[[[-2.90819,43.15607],[-2.9081,43.1563],[-2.90806,43.15661]],[[-2.90815,43.15777],[-2.90849,43.15803],[-2.90866,43.15813],[-2.9089,43.15826],[-2.90894,43.15836],[-2.90896,43.1584],[-2.90898,43.15849]],[[-2.90966,43.15927],[-2.90976,43.15933],[-2.90993,43.15943],[-2.90998,43.15946],[-2.91009,43.15946],[-2.91018,43.15949]]]}},{"type":"Feature","properties":{"id":761434683,"highway":"primary","nombre":"Bilbao - Orduña errepidea","izena_eu":"Bilbao - Orduña errepidea","nombre_es":"Carretera Bilbao - Orduña","ref":"BI-625","superficie":"asphalt"},"geometry":{"type":"LineString","coordinates":[[-2.91485,43.17892],[-2.9147,43.17906],[-2.91428,43.17939]]}},{"type":"Feature","properties":{"id":761434684,"highway":"residential","nombre":"Zabale auzoa"},"geometry":{"type":"LineString","coordinates":[[-2.91704,43.17454],[-2.91709,43.17449],[-2.91718,43.17444],[-2.91737,43.17435],[-2.91743,43.17431],[-2.91747,43.17428],[-2.91747,43.17421]]}},{"type":"Feature","properties":{"id":761434685,"highway":"residential","oneway":"yes"},"geometry":{"type":"LineString","coordinates":[[-2.92033,43.17167],[-2.92025,43.17175],[-2.92016,43.17183],[-2.92014,43.17185]]}},{"type":"Feature","properties":{"id":761434686,"highway":"primary","oneway":"yes"},"geometry":{"type":"LineString","coordinates":[[-2.92041,43.17151],[-2.92035,43.17162],[-2.92033,43.17167]]}},{"type":"Feature","properties":{"id":761434687,"highway":"residential","oneway":"yes"},"geometry":{"type":"LineString","coordinates":[[-2.92024,43.17188],[-2.92021,43.17187],[-2.92018,43.17186],[-2.92014,43.17185]]}},{"type":"Feature","properties":{"id":761434688,"highway":"primary","oneway":"yes"},"geometry":{"type":"LineString","coordinates":[[-2.92024,43.17188],[-2.92022,43.17193]]}},{"type":"Feature","properties":{"id":761434689,"highway":"residential","oneway":"yes"},"geometry":{"type":"LineString","coordinates":[[-2.92025,43.17214],[-2.92024,43.1721],[-2.92024,43.17206],[-2.92026,43.17195],[-2.92027,43.17192]]}},{"type":"Feature","properties":{"id":761434690,"highway":"primary","nombre":"Elexalde auzoa","oneway":"yes","superficie":"asphalt"},"geometry":{"type":"LineString","coordinates":[[-2.92017,43.17239],[-2.92013,43.17247],[-2.92009,43.1726],[-2.92007,43.17265],[-2.92001,43.17279],[-2.91995,43.17291],[-2.91987,43.17301],[-2.91985,43.17303],[-2.91978,43.17309],[-2.91963,43.17319],[-2.91949,43.17326],[-2.91939,43.17333]]}},{"type":"Feature","properties":{"id":761434691,"highway":"residential","oneway":"yes"},"geometry":{"type":"LineString","coordinates":[[-2.92009,43.1726],[-2.92011,43.17265],[-2.9201,43.17271],[-2.92006,43.1728],[-2.92001,43.17288],[-2.91997,43.17295],[-2.91996,43.17298],[-2.91997,43.17302]]}},{"type":"Feature","properties":{"id":761434692,"highway":"residential","oneway":"yes"},"geometry":{"type":"LineString","coordinates":[[-2.92022,43.17193],[-2.92027,43.17192]]}},{"type":"Feature","properties":{"id":761434693,"highway":"primary","nombre":"Elexalde auzoa","oneway":"yes"},"geometry":{"type":"LineString","coordinates":[[-2.92022,43.17193],[-2.92019,43.1721]]}},{"type":"Feature","properties":{"id":761434694,"highway":"primary","nombre":"Elexalde auzoa","oneway":"yes"},"geometry":{"type":"LineString","coordinates":[[-2.92019,43.1721],[-2.92017,43.17222],[-2.92018,43.17234]]}},{"type":"Feature","properties":{"id":761434695,"highway":"primary","nombre":"Carretera Orduña-Bilbao","ref":"BI-625","oneway":"yes"},"geometry":{"type":"LineString","coordinates":[[-2.92025,43.17214],[-2.92029,43.17201],[-2.92036,43.17177]]}},{"type":"Feature","properties":{"id":761434696,"highway":"primary","nombre":"Carretera Orduña-Bilbao","ref":"BI-625","oneway":"yes"},"geometry":{"type":"LineString","coordinates":[[-2.92036,43.17177],[-2.92037,43.17172],[-2.92039,43.17164],[-2.92041,43.17151]]}},{"type":"Feature","properties":{"id":761434697,"highway":"residential","oneway":"yes"},"geometry":{"type":"LineString","coordinates":[[-2.92027,43.17192],[-2.92024,43.17188]]}},{"type":"Feature","properties":{"id":761434698,"highway":"residential","oneway":"yes"},"geometry":{"type":"LineString","coordinates":[[-2.92027,43.17192],[-2.92028,43.17189],[-2.92032,43.17181],[-2.92036,43.17177]]}},{"type":"Feature","properties":{"id":761434699,"highway":"primary","oneway":"yes"},"geometry":{"type":"LineString","coordinates":[[-2.92033,43.17167],[-2.92024,43.17188]]}},{"type":"Feature","properties":{"id":761436659,"highway":"footway"},"geometry":{"type":"LineString","coordinates":[[-2.91858,43.17193],[-2.91873,43.17188],[-2.91887,43.1718],[-2.91902,43.1717],[-2.91911,43.17164],[-2.9195,43.17136],[-2.91959,43.1713],[-2.91961,43.17127],[-2.91974,43.17108],[-2.91982,43.17096],[-2.91984,43.17092],[-2.91988,43.17086],[-2.91991,43.17085]]}},{"type":"Feature","properties":{"id":761436660,"highway":"service"},"geometry":{"type":"LineString","coordinates":[[-2.92044,43.17138],[-2.92039,43.17133],[-2.92038,43.17129],[-2.9204,43.17119],[-2.92039,43.17109]]}},{"type":"Feature","properties":{"id":761436661,"highway":"service","nombre":"Iberlanda auzoa"},"geometry":{"type":"LineString","coordinates":[[-2.91998,43.17093],[-2.91995,43.17089],[-2.91991,43.17085],[-2.91976,43.17048],[-2.91972,43.1704],[-2.91969,43.17035],[-2.91966,43.17032],[-2.91961,43.17028],[-2.9194,43.17006]]}},{"type":"Feature","properties":{"id":761436662,"highway":"service","nombre":"Iberlanda auzoa","puente":"yes"},"geometry":{"type":"LineString","coordinates":[[-2.92039,43.17109],[-2.91998,43.17093]]}},{"type":"Feature","properties":{"id":761436668,"highway":"pedestrian","nombre":"Elexalde auzoa"},"geometry":{"type":"LineString","coordinates":[[-2.91976,43.17204],[-2.91982,43.17211],[-2.91985,43.17224],[-2.91984,43.17234],[-2.91979,43.17245],[-2.91968,43.17268],[-2.91965,43.17274],[-2.9196,43.17283],[-2.91956,43.17288]]}},{"type":"Feature","properties":{"id":761436669,"highway":"footway","superficie":"paved"},"geometry":{"type":"LineString","coordinates":[[-2.92024,43.17262],[-2.92016,43.17298],[-2.92017,43.17301],[-2.92018,43.17305],[-2.92018,43.17308]]}},{"type":"Feature","properties":{"id":815924243,"highway":"service","nombre":"Iberlanda auzoa"},"geometry":{"type":"LineString","coordinates":[[-2.91966,43.17032],[-2.9188,43.1703]]}},{"type":"Feature","properties":{"id":815924244,"highway":"footway","nombre":"Iberlanda auzoa"},"geometry":{"type":"LineString","coordinates":[[-2.91862,43.16952],[-2.91871,43.16953],[-2.91909,43.16978],[-2.91925,43.16989],[-2.9194,43.17006]]}},{"type":"Feature","properties":{"id":815926599,"highway":"footway","tunel":"yes","superficie":"paved"},"geometry":{"type":"LineString","coordinates":[[-2.92018,43.17308],[-2.92015,43.17309],[-2.92012,43.1731],[-2.92008,43.17309],[-2.91998,43.17307],[-2.91993,43.17305],[-2.91985,43.17303],[-2.91977,43.173]]}},{"type":"Feature","properties":{"id":815926600,"highway":"pedestrian","nombre":"Elexalde auzoa"},"geometry":{"type":"LineString","coordinates":[[-2.91977,43.173],[-2.9197,43.17297],[-2.91956,43.17288],[-2.9195,43.17284],[-2.91944,43.17283],[-2.91914,43.17282]]}},{"type":"Feature","properties":{"id":815926601,"highway":"footway","superficie":"paving_stones"},"geometry":{"type":"LineString","coordinates":[[-2.91968,43.17268],[-2.91959,43.17256],[-2.91958,43.17252]]}},{"type":"Feature","properties":{"id":815926602,"highway":"residential"},"geometry":{"type":"LineString","coordinates":[[-2.91964,43.1724],[-2.91958,43.17252]]}},{"type":"Feature","properties":{"id":815926603,"highway":"residential","nombre":"Elexalde auzoa"},"geometry":{"type":"LineString","coordinates":[[-2.91938,43.17231],[-2.91964,43.1724],[-2.91979,43.17245]]}},{"type":"Feature","properties":{"id":815928390,"highway":"footway","superficie":"paving_stones"},"geometry":{"type":"LineString","coordinates":[[-2.92168,43.17305],[-2.92159,43.17316]]}},{"type":"Feature","properties":{"id":815928391,"highway":"footway","superficie":"paving_stones"},"geometry":{"type":"LineString","coordinates":[[-2.92144,43.17309],[-2.92159,43.17316],[-2.92173,43.17322]]}},{"type":"Feature","properties":{"id":815928393,"highway":"footway","superficie":"paving_stones"},"geometry":{"type":"LineString","coordinates":[[-2.92194,43.17345],[-2.92173,43.17322]]}},{"type":"Feature","properties":{"id":815928394,"highway":"footway","superficie":"asphalt"},"geometry":{"type":"LineString","coordinates":[[-2.92126,43.17335],[-2.92123,43.17339]]}},{"type":"Feature","properties":{"id":815928395,"highway":"footway","superficie":"asphalt"},"geometry":{"type":"LineString","coordinates":[[-2.92193,43.17353],[-2.92191,43.17357]]}},{"type":"Feature","properties":{"id":815928396,"highway":"footway","superficie":"asphalt"},"geometry":{"type":"LineString","coordinates":[[-2.92202,43.17349],[-2.92209,43.17349]]}},{"type":"Feature","properties":{"id":815928397,"highway":"footway","superficie":"asphalt"},"geometry":{"type":"LineString","coordinates":[[-2.92164,43.17285],[-2.92169,43.17281]]}},{"type":"Feature","properties":{"id":815928398,"highway":"footway","superficie":"asphalt"},"geometry":{"type":"LineString","coordinates":[[-2.92161,43.17289],[-2.92149,43.17283]]}},{"type":"Feature","properties":{"id":815928399,"highway":"footway","superficie":"asphalt"},"geometry":{"type":"LineString","coordinates":[[-2.92127,43.1733],[-2.92115,43.17325]]}},{"type":"Feature","properties":{"id":815928400,"highway":"footway","superficie":"paving_stones"},"geometry":{"type":"LineString","coordinates":[[-2.92202,43.17348],[-2.92203,43.1734],[-2.92202,43.17332],[-2.922,43.17325],[-2.92197,43.17318],[-2.92191,43.17309],[-2.92184,43.173],[-2.92176,43.17293],[-2.92169,43.17288],[-2.92164,43.17285]]}},{"type":"Feature","properties":{"id":815928401,"highway":"footway","superficie":"paving_stones"},"geometry":{"type":"LineString","coordinates":[[-2.92194,43.17345],[-2.92191,43.17346],[-2.9219,43.17348],[-2.9219,43.1735],[-2.92192,43.17352],[-2.92193,43.17353],[-2.92194,43.17353],[-2.92197,43.17354],[-2.92199,43.17353],[-2.92201,43.17352],[-2.92202,43.1735],[-2.92202,43.17349],[-2.92202,43.17348],[-2.92201,43.17346],[-2.92199,43.17345],[-2.92196,43.17345],[-2.92194,43.17345]]}},{"type":"Feature","properties":{"id":815928402,"highway":"footway","superficie":"paving_stones"},"geometry":{"type":"LineString","coordinates":[[-2.92164,43.17285],[-2.92161,43.17289],[-2.92144,43.17309],[-2.92127,43.1733],[-2.92129,43.17331],[-2.92126,43.17335],[-2.92192,43.17352]]}},{"type":"Feature","properties":{"id":815929772,"highway":"track"},"geometry":{"type":"LineString","coordinates":[[-2.93439,43.17679],[-2.93452,43.1767],[-2.93473,43.17661],[-2.93493,43.17657],[-2.93517,43.1766],[-2.93532,43.17658],[-2.93549,43.17656],[-2.93581,43.17658],[-2.93604,43.17661],[-2.93616,43.17661],[-2.93627,43.17657],[-2.93635,43.17652],[-2.93654,43.17636],[-2.93664,43.1763],[-2.93677,43.17626],[-2.93701,43.17623],[-2.93757,43.1762],[-2.93807,43.17619],[-2.93863,43.17619],[-2.9391,43.17624],[-2.93953,43.17624],[-2.93983,43.17625]]}},{"type":"Feature","properties":{"id":815930203,"highway":"track"},"geometry":{"type":"LineString","coordinates":[[-2.93349,43.17669],[-2.93355,43.17675],[-2.93369,43.17683],[-2.93381,43.17687],[-2.93423,43.177],[-2.9344,43.17707],[-2.93458,43.17719],[-2.93504,43.17744],[-2.93549,43.17773],[-2.93577,43.17797],[-2.93592,43.17809],[-2.9361,43.17817],[-2.93622,43.17822],[-2.93648,43.17827],[-2.93682,43.17822],[-2.9374,43.17813],[-2.93793,43.17805],[-2.93862,43.17804],[-2.9393,43.17797],[-2.93993,43.17794],[-2.9403,43.17791],[-2.94106,43.17779],[-2.94146,43.1777],[-2.94174,43.17758],[-2.94208,43.1774],[-2.94228,43.17727],[-2.94238,43.17724],[-2.94246,43.1773],[-2.94251,43.17747],[-2.94231,43.17781],[-2.94212,43.17809],[-2.9418,43.17843],[-2.94161,43.17865],[-2.94147,43.17883],[-2.94136,43.1789],[-2.9413,43.1789],[-2.94127,43.17887],[-2.9414,43.17836],[-2.94137,43.17831],[-2.94122,43.17827],[-2.94094,43.1783],[-2.94059,43.17844],[-2.94045,43.17852],[-2.93998,43.17867],[-2.93953,43.17874],[-2.93913,43.17884],[-2.93876,43.17896],[-2.93843,43.1791],[-2.93806,43.17917],[-2.9375,43.17945],[-2.93711,43.17967],[-2.93702,43.17972],[-2.93692,43.17977],[-2.93646,43.17987],[-2.93628,43.17989],[-2.93591,43.17987],[-2.93569,43.17991],[-2.93544,43.17996],[-2.9349,43.18002],[-2.93445,43.17997],[-2.93426,43.17992],[-2.93415,43.17985],[-2.93414,43.17974],[-2.93419,43.1796],[-2.93427,43.17945],[-2.93419,43.17921],[-2.93401,43.17878],[-2.93338,43.17841],[-2.93312,43.17831],[-2.93287,43.17818],[-2.93248,43.17795],[-2.9324,43.17788],[-2.93226,43.17774],[-2.93213,43.17769],[-2.93186,43.17768],[-2.93165,43.17772],[-2.93132,43.17782],[-2.93104,43.17783],[-2.93076,43.17782],[-2.93049,43.17778],[-2.93038,43.17777],[-2.93023,43.17775],[-2.93011,43.17773],[-2.92993,43.17764],[-2.92977,43.17753],[-2.9297,43.17731],[-2.92966,43.17723],[-2.92954,43.17703],[-2.92944,43.17689],[-2.92918,43.17659],[-2.92898,43.17635],[-2.9289,43.17621],[-2.92869,43.17601],[-2.92862,43.17599],[-2.92844,43.17596],[-2.9278,43.17601],[-2.92732,43.17602],[-2.92668,43.17614],[-2.92637,43.17612],[-2.92614,43.17577],[-2.92598,43.17572],[-2.92549,43.17587]]}},{"type":"Feature","properties":{"id":815930253,"highway":"track"},"geometry":{"type":"LineString","coordinates":[[-2.94193,43.1799],[-2.94216,43.17999]]}},{"type":"Feature","properties":{"id":815930254,"highway":"track"},"geometry":{"type":"LineString","coordinates":[[-2.94251,43.17747],[-2.94255,43.1779],[-2.94255,43.17807],[-2.94247,43.17834],[-2.94236,43.17876],[-2.94227,43.17911],[-2.9422,43.1793],[-2.94201,43.17967],[-2.94194,43.17982],[-2.94193,43.1799],[-2.94196,43.17998],[-2.94203,43.18008]]}},{"type":"Feature","properties":{"id":815930398,"highway":"path","superficie":"grass"},"geometry":{"type":"LineString","coordinates":[[-2.94173,43.17546],[-2.94185,43.17543],[-2.94192,43.17541],[-2.94198,43.17539],[-2.94221,43.1753]]}},{"type":"Feature","properties":{"id":815931039,"highway":"path","superficie":"ground"},"geometry":{"type":"LineString","coordinates":[[-2.94844,43.17496],[-2.94849,43.17494],[-2.9486,43.17479],[-2.94871,43.17464],[-2.94879,43.17451],[-2.94886,43.17439],[-2.94899,43.17419],[-2.94905,43.17406],[-2.94912,43.17394],[-2.94922,43.1739],[-2.94932,43.17389],[-2.94939,43.17382],[-2.9494,43.17378],[-2.94936,43.1737],[-2.9493,43.17358],[-2.94932,43.17342],[-2.94937,43.17332],[-2.94944,43.17321],[-2.94949,43.17307],[-2.9495,43.17296],[-2.94948,43.17289]]}},{"type":"Feature","properties":{"id":815931040,"highway":"track"},"geometry":{"type":"LineString","coordinates":[[-2.94648,43.17748],[-2.94647,43.17741],[-2.94641,43.17707],[-2.94647,43.17702],[-2.94677,43.17685],[-2.94691,43.17674],[-2.94714,43.17661],[-2.94725,43.17654],[-2.94733,43.17644],[-2.94743,43.17629],[-2.94749,43.17617],[-2.9477,43.17601],[-2.94781,43.17592],[-2.9479,43.17585],[-2.94797,43.17578],[-2.948,43.17567]]}},{"type":"Feature","properties":{"id":815931041,"highway":"track"},"geometry":{"type":"LineString","coordinates":[[-2.94221,43.1753],[-2.94257,43.17525],[-2.94296,43.17521],[-2.94335,43.1752],[-2.94387,43.17518],[-2.94426,43.17516],[-2.94469,43.17511],[-2.94509,43.17504],[-2.94538,43.17496],[-2.94558,43.1749],[-2.94576,43.17482],[-2.94586,43.1748],[-2.94606,43.1748],[-2.94614,43.17482],[-2.9462,43.17488],[-2.94623,43.17497],[-2.94624,43.17545],[-2.94623,43.1757],[-2.94615,43.17594],[-2.9461,43.1761],[-2.94611,43.17634],[-2.94617,43.17677],[-2.94618,43.17684],[-2.94621,43.17696],[-2.94626,43.17703],[-2.94636,43.17707],[-2.94641,43.17707],[-2.94648,43.17709],[-2.94671,43.17708],[-2.94724,43.17704],[-2.9475,43.17698],[-2.948,43.17683],[-2.94824,43.17673],[-2.94872,43.17659],[-2.94905,43.17646],[-2.94936,43.17622],[-2.94947,43.17618],[-2.94978,43.17606],[-2.95014,43.17592],[-2.95121,43.17568],[-2.95137,43.17557],[-2.95148,43.17555],[-2.95156,43.17565],[-2.95171,43.17579],[-2.95176,43.17582],[-2.95183,43.17591],[-2.9519,43.17615],[-2.95195,43.17623],[-2.95208,43.17633],[-2.95235,43.17648],[-2.95259,43.1766],[-2.95274,43.17676],[-2.95278,43.17683],[-2.95277,43.17688],[-2.9527,43.17695],[-2.95255,43.17699],[-2.95207,43.17705],[-2.9519,43.17711],[-2.9518,43.17718],[-2.95179,43.17722],[-2.9518,43.17736],[-2.95185,43.17773],[-2.95189,43.17795],[-2.95188,43.17813],[-2.95185,43.17835],[-2.95184,43.17845],[-2.95188,43.17865],[-2.95197,43.17882],[-2.95212,43.17905],[-2.95228,43.17924],[-2.95244,43.17947],[-2.95247,43.1795],[-2.95239,43.17963],[-2.95232,43.17982],[-2.95227,43.17987],[-2.95221,43.17987],[-2.95211,43.17984],[-2.95201,43.17976],[-2.95184,43.17952],[-2.95174,43.17942],[-2.95164,43.17935],[-2.95153,43.17932],[-2.95143,43.17924],[-2.95136,43.17917],[-2.95132,43.17909],[-2.95131,43.17901],[-2.95132,43.17895],[-2.95139,43.17882],[-2.95135,43.17878],[-2.95126,43.17881],[-2.95114,43.17893],[-2.95089,43.17923],[-2.95087,43.17936],[-2.95092,43.17949],[-2.95109,43.17984],[-2.9511,43.17995],[-2.95113,43.18015],[-2.95118,43.18031],[-2.95132,43.1805],[-2.95151,43.18078],[-2.95158,43.18089],[-2.95156,43.18097],[-2.95145,43.18103],[-2.95134,43.18103],[-2.95125,43.18102],[-2.95093,43.18078],[-2.95074,43.18063],[-2.95067,43.18057],[-2.95062,43.18045],[-2.95057,43.18035],[-2.95046,43.18022]]}},{"type":"Feature","properties":{"id":828851747,"highway":"track"},"geometry":{"type":"LineString","coordinates":[[-2.93614,43.19631],[-2.93599,43.19622],[-2.93567,43.19595],[-2.93561,43.19586],[-2.9355,43.19584],[-2.93523,43.19588],[-2.93481,43.19599],[-2.93407,43.19622],[-2.93376,43.1963],[-2.93327,43.1963],[-2.93277,43.19629],[-2.93274,43.19618],[-2.93274,43.1961],[-2.9328,43.19597],[-2.93293,43.19584],[-2.93317,43.19573],[-2.93358,43.19551],[-2.93373,43.19543],[-2.93384,43.19533],[-2.93396,43.19522],[-2.93408,43.19512],[-2.93413,43.19506],[-2.93416,43.19499],[-2.93419,43.1947],[-2.93426,43.19446],[-2.93435,43.19435],[-2.93444,43.19426],[-2.93454,43.19418],[-2.93463,43.1941],[-2.93485,43.19395],[-2.93497,43.1939],[-2.93513,43.19387],[-2.93548,43.19384],[-2.93568,43.19383],[-2.93579,43.19379]]}},{"type":"Feature","properties":{"id":828932702,"highway":"path","superficie":"ground"},"geometry":{"type":"LineString","coordinates":[[-2.95417,43.2068],[-2.95413,43.20677],[-2.95411,43.20672],[-2.95413,43.20658],[-2.9541,43.2065],[-2.95406,43.20649],[-2.95376,43.20651],[-2.95358,43.2065],[-2.95348,43.20645],[-2.95336,43.20636],[-2.9533,43.20634],[-2.95312,43.20638],[-2.95303,43.20636],[-2.95295,43.20632],[-2.95281,43.2063],[-2.95274,43.20626],[-2.9526,43.20622],[-2.95242,43.20621],[-2.95223,43.20616],[-2.95203,43.20618],[-2.95196,43.20613],[-2.95194,43.20607],[-2.95181,43.20592],[-2.95156,43.20574],[-2.95127,43.20573]]}},{"type":"Feature","properties":{"id":828932703,"highway":"path","superficie":"ground"},"geometry":{"type":"LineString","coordinates":[[-2.95127,43.20573],[-2.95113,43.20571],[-2.95098,43.20567],[-2.95079,43.20563],[-2.95061,43.20562],[-2.95049,43.2056],[-2.95039,43.20557],[-2.95028,43.20553],[-2.9502,43.20549],[-2.95013,43.20547],[-2.95009,43.20548],[-2.95006,43.20549]]}},{"type":"Feature","properties":{"id":836158715,"highway":"path"},"geometry":{"type":"MultiLineString","coordinates":[[[-2.97822,43.20297],[-2.97813,43.20298],[-2.97798,43.2031]],[[-2.97756,43.20325],[-2.97632,43.20337],[-2.97585,43.20376]]]}},{"type":"Feature","properties":{"id":836158717,"highway":"path"},"geometry":{"type":"LineString","coordinates":[[-2.9697,43.20476],[-2.96988,43.20485]]}},{"type":"Feature","properties":{"id":836160242,"highway":"track"},"geometry":{"type":"LineString","coordinates":[[-2.94285,43.18708],[-2.94257,43.18677],[-2.94253,43.18674],[-2.94152,43.18641],[-2.94127,43.18616],[-2.94101,43.18599],[-2.94092,43.18583],[-2.94136,43.18561],[-2.94134,43.18545],[-2.94099,43.18533],[-2.94073,43.18501],[-2.94071,43.1846],[-2.94031,43.18413],[-2.94019,43.18402],[-2.94018,43.18394],[-2.94036,43.18367],[-2.94079,43.18323],[-2.94094,43.18313],[-2.94122,43.18307],[-2.94138,43.18293],[-2.94148,43.18279],[-2.94124,43.18226],[-2.94088,43.18215],[-2.94047,43.18208],[-2.93983,43.18228],[-2.93926,43.18225],[-2.93869,43.18189],[-2.93797,43.18158],[-2.93795,43.1813],[-2.93878,43.18017],[-2.93872,43.18003],[-2.93829,43.18017],[-2.9377,43.18036],[-2.93669,43.18071],[-2.93597,43.1808],[-2.93638,43.18035],[-2.93628,43.17989]]}},{"type":"Feature","properties":{"id":836161274,"highway":"track"},"geometry":{"type":"LineString","coordinates":[[-2.95649,43.19173],[-2.95671,43.19185],[-2.95678,43.19193],[-2.95679,43.19199],[-2.95675,43.19227],[-2.95673,43.19234],[-2.95711,43.19277],[-2.95729,43.19306],[-2.95736,43.19323],[-2.95746,43.19333],[-2.95758,43.19343],[-2.9577,43.19346],[-2.95825,43.19356],[-2.9585,43.19365],[-2.95863,43.19365],[-2.95874,43.19362],[-2.95878,43.19354],[-2.95867,43.19339],[-2.95842,43.19307],[-2.95834,43.1929],[-2.95827,43.19282],[-2.95829,43.19254],[-2.95839,43.19249],[-2.95966,43.19264],[-2.96012,43.19256],[-2.96063,43.19248],[-2.96095,43.19236],[-2.96104,43.1923],[-2.96127,43.19225],[-2.96135,43.19226],[-2.96136,43.19221],[-2.96131,43.19215],[-2.96106,43.19202],[-2.9609,43.19195],[-2.96081,43.19193],[-2.96054,43.1919],[-2.9604,43.19189],[-2.95999,43.19177],[-2.95987,43.19175],[-2.95964,43.1917],[-2.9595,43.19165],[-2.95941,43.19163],[-2.95915,43.19166],[-2.95904,43.19167],[-2.95881,43.19163],[-2.95866,43.19158],[-2.9585,43.19143],[-2.95822,43.19119],[-2.95804,43.19109],[-2.95783,43.19097],[-2.9569,43.19071],[-2.95629,43.19053],[-2.9558,43.19041],[-2.95466,43.19035],[-2.95431,43.19021],[-2.95398,43.19008],[-2.95353,43.18984],[-2.95278,43.18951],[-2.95243,43.18944],[-2.95193,43.18946],[-2.9515,43.18937],[-2.95099,43.18933],[-2.95076,43.18922],[-2.95067,43.18916],[-2.95052,43.18912],[-2.95025,43.18906],[-2.95008,43.189],[-2.94973,43.18889],[-2.94898,43.18887],[-2.94851,43.1889],[-2.94791,43.18885],[-2.94722,43.18862],[-2.94658,43.18851],[-2.94609,43.18827],[-2.94521,43.18794],[-2.94503,43.18783],[-2.94467,43.18748],[-2.94448,43.1873]]}},{"type":"Feature","properties":{"id":848616725,"highway":"track"},"geometry":{"type":"LineString","coordinates":[[-2.94216,43.17999],[-2.94233,43.18003],[-2.94254,43.18008],[-2.94271,43.18012],[-2.94288,43.18015],[-2.94299,43.18015],[-2.9431,43.18017],[-2.9432,43.1802],[-2.9433,43.18022],[-2.94347,43.18025],[-2.94359,43.18026],[-2.94368,43.18027],[-2.94376,43.18029],[-2.94384,43.18029],[-2.94386,43.18023],[-2.94361,43.18009]]}},{"type":"Feature","properties":{"id":848616727,"highway":"track"},"geometry":{"type":"LineString","coordinates":[[-2.94361,43.18009],[-2.94343,43.17995],[-2.94308,43.17969],[-2.94298,43.17948],[-2.94303,43.17944],[-2.94318,43.17948],[-2.94342,43.17959],[-2.94416,43.17971],[-2.9446,43.17978],[-2.94486,43.17987],[-2.94504,43.17997],[-2.94552,43.18018],[-2.94564,43.18026],[-2.94597,43.18025],[-2.94605,43.18022],[-2.94612,43.18017],[-2.94617,43.1801],[-2.94617,43.18004],[-2.94596,43.17985],[-2.94564,43.17968],[-2.94556,43.17958],[-2.94533,43.17947],[-2.94504,43.17917],[-2.94511,43.17897],[-2.94518,43.17884],[-2.94522,43.17883],[-2.94527,43.17876],[-2.94529,43.17868],[-2.94542,43.17859],[-2.9455,43.17852],[-2.94559,43.17849],[-2.94568,43.17842]]}},{"type":"Feature","properties":{"id":849683548,"highway":"path"},"geometry":{"type":"LineString","coordinates":[[-2.95254,43.1625],[-2.95235,43.16255],[-2.9523,43.16255],[-2.9522,43.16258],[-2.95211,43.16259],[-2.95197,43.16263],[-2.95187,43.16264],[-2.95173,43.16265],[-2.95164,43.16265],[-2.95153,43.16266],[-2.95143,43.16267],[-2.95133,43.1627],[-2.95103,43.16281],[-2.95086,43.16285],[-2.95052,43.16296],[-2.95017,43.16321],[-2.94978,43.16335],[-2.94962,43.1634],[-2.94951,43.16345],[-2.9494,43.1635],[-2.94928,43.16355],[-2.94922,43.16359],[-2.94916,43.16364],[-2.94895,43.16372],[-2.94861,43.16382],[-2.94842,43.16388],[-2.94815,43.16392],[-2.94772,43.16402],[-2.94714,43.16422]]}},{"type":"Feature","properties":{"id":849683549,"highway":"track","nombre":"Bortal - Pagobakarra"},"geometry":{"type":"LineString","coordinates":[[-2.94714,43.16422],[-2.94704,43.16424],[-2.94684,43.16432],[-2.94664,43.16437],[-2.94645,43.16442],[-2.94627,43.16447],[-2.94584,43.16439],[-2.94561,43.1643],[-2.94527,43.16421],[-2.94506,43.16418],[-2.94493,43.16418],[-2.94483,43.1642],[-2.9448,43.16432],[-2.94476,43.16454],[-2.94473,43.16465],[-2.94467,43.16483],[-2.94451,43.16523],[-2.94449,43.16531],[-2.94451,43.16536],[-2.94455,43.16555],[-2.94452,43.1656],[-2.94441,43.16569],[-2.9443,43.16587],[-2.94412,43.16608],[-2.94382,43.16608],[-2.94324,43.16621],[-2.94283,43.16623],[-2.94258,43.16622],[-2.94253,43.16621],[-2.94226,43.16623],[-2.94221,43.16624],[-2.94217,43.16625],[-2.9421,43.16627],[-2.94196,43.16632],[-2.9419,43.16634],[-2.94168,43.16641],[-2.94124,43.16658],[-2.94095,43.16653],[-2.94053,43.16639],[-2.94031,43.16634],[-2.94017,43.16632],[-2.93985,43.16639],[-2.93959,43.16651]]}},{"type":"Feature","properties":{"id":849683550,"highway":"track"},"geometry":{"type":"LineString","coordinates":[[-2.93959,43.16651],[-2.93956,43.16653],[-2.93954,43.16656],[-2.93949,43.16659],[-2.93946,43.16663],[-2.93942,43.16668],[-2.93939,43.16672],[-2.93934,43.16676],[-2.93931,43.16681],[-2.93926,43.16686],[-2.93923,43.1669],[-2.93918,43.16695],[-2.93914,43.16701],[-2.9391,43.16707],[-2.93907,43.16713],[-2.93903,43.16717],[-2.939,43.16722],[-2.93897,43.16726],[-2.93895,43.1673],[-2.93892,43.16735],[-2.9389,43.16739],[-2.93887,43.16744],[-2.93886,43.16748],[-2.93888,43.16754],[-2.93888,43.16764],[-2.93889,43.16772],[-2.93898,43.16777],[-2.93911,43.16784],[-2.93916,43.16792],[-2.93922,43.16801],[-2.93929,43.1681],[-2.93936,43.16821],[-2.93944,43.16828],[-2.93956,43.16832],[-2.93968,43.16837],[-2.9398,43.16842],[-2.93991,43.16851],[-2.93999,43.16857],[-2.94007,43.16864],[-2.94013,43.16869]]}},{"type":"Feature","properties":{"id":849683551,"highway":"track"},"geometry":{"type":"LineString","coordinates":[[-2.94013,43.16869],[-2.94025,43.1688],[-2.94033,43.16888],[-2.94045,43.16905],[-2.94058,43.16915],[-2.94068,43.16923],[-2.94076,43.16931],[-2.94088,43.16941],[-2.94107,43.1696]]}},{"type":"Feature","properties":{"id":849683552,"highway":"track","nombre":"Pagobakarra - Madalena"},"geometry":{"type":"LineString","coordinates":[[-2.94107,43.1696],[-2.94108,43.16971],[-2.94104,43.16984],[-2.94096,43.16992],[-2.94083,43.17005],[-2.94074,43.17012],[-2.94061,43.17024],[-2.94037,43.17036],[-2.94018,43.17043],[-2.94001,43.17049],[-2.93987,43.17055],[-2.93971,43.17066],[-2.93955,43.17074],[-2.93942,43.1708],[-2.93925,43.17091],[-2.93913,43.17103],[-2.93896,43.17131],[-2.93883,43.17144],[-2.93868,43.17168],[-2.93872,43.17174],[-2.93874,43.17183],[-2.93877,43.17193],[-2.93886,43.17202],[-2.93898,43.17207],[-2.93912,43.17212],[-2.93928,43.17216],[-2.93949,43.17221],[-2.93961,43.17221],[-2.93983,43.17217],[-2.93999,43.17214],[-2.94018,43.17211],[-2.94033,43.1721],[-2.94044,43.1721],[-2.94059,43.17211],[-2.94073,43.17212],[-2.9409,43.17215],[-2.94103,43.17218],[-2.94117,43.17221],[-2.94142,43.17225],[-2.94154,43.17224],[-2.94167,43.17224],[-2.94181,43.17227],[-2.9419,43.17229],[-2.942,43.17232],[-2.94212,43.17238],[-2.94227,43.17244],[-2.94233,43.17257],[-2.94237,43.17269],[-2.94239,43.17281]]}},{"type":"Feature","properties":{"id":849683553,"highway":"track","nombre":"Pagobakarra - Madalena"},"geometry":{"type":"LineString","coordinates":[[-2.94239,43.17281],[-2.94241,43.17295],[-2.9424,43.17309],[-2.94236,43.1732],[-2.94238,43.17329],[-2.94238,43.17344],[-2.94241,43.17356],[-2.94244,43.17368],[-2.94242,43.17381],[-2.94239,43.17392],[-2.94231,43.17401],[-2.94219,43.17409],[-2.94213,43.17415],[-2.94211,43.17425],[-2.9421,43.17436],[-2.94207,43.17447],[-2.94203,43.17459],[-2.94199,43.17471],[-2.94198,43.17482],[-2.94198,43.17493],[-2.94199,43.17504],[-2.94201,43.17512],[-2.94202,43.17519],[-2.94202,43.17526],[-2.94206,43.17532]]}},{"type":"Feature","properties":{"id":849685707,"highway":"track"},"geometry":{"type":"LineString","coordinates":[[-2.92352,43.16133],[-2.92363,43.16122],[-2.92368,43.16113],[-2.92378,43.16105],[-2.92389,43.16098],[-2.92398,43.16088],[-2.92405,43.16081],[-2.92412,43.16072],[-2.92423,43.16061],[-2.92438,43.16047],[-2.9245,43.16037],[-2.92461,43.16027],[-2.9247,43.16018],[-2.92481,43.16008],[-2.92492,43.15997],[-2.92503,43.15987],[-2.9251,43.15978],[-2.9252,43.15969],[-2.92531,43.15958],[-2.92541,43.15946],[-2.92552,43.15935],[-2.9256,43.15926],[-2.92567,43.15917],[-2.92572,43.15912],[-2.92579,43.15906],[-2.92588,43.15899],[-2.92595,43.15894],[-2.92604,43.15889],[-2.92611,43.15885],[-2.92618,43.15883],[-2.92635,43.15879],[-2.92643,43.15874]]}},{"type":"Feature","properties":{"id":849687523,"highway":"track"},"geometry":{"type":"LineString","coordinates":[[-2.94712,43.15409],[-2.94709,43.15412],[-2.94703,43.15416],[-2.94695,43.15421],[-2.94689,43.15423],[-2.94683,43.15428],[-2.94679,43.15432],[-2.94676,43.15435],[-2.94672,43.1544],[-2.94668,43.15446],[-2.94665,43.15451],[-2.94663,43.15454],[-2.9466,43.15458],[-2.94656,43.15461],[-2.94651,43.15465],[-2.94647,43.15467],[-2.94641,43.15472],[-2.94635,43.15474],[-2.9463,43.15476],[-2.94624,43.15479],[-2.94619,43.15483]]}},{"type":"Feature","properties":{"id":849688558,"highway":"unclassified","nombre":"San Pedro auzoa"},"geometry":{"type":"LineString","coordinates":[[-2.91366,43.16629],[-2.9136,43.16627],[-2.91352,43.16626],[-2.91343,43.16628],[-2.91332,43.16629],[-2.91321,43.16631],[-2.91312,43.16632],[-2.91301,43.16634],[-2.91288,43.16637],[-2.91273,43.1664],[-2.91262,43.16643],[-2.91248,43.16645],[-2.91237,43.16645],[-2.91224,43.16645],[-2.91209,43.16646],[-2.912,43.16647],[-2.91191,43.16648],[-2.91182,43.16647],[-2.91174,43.16644],[-2.91168,43.1664]]}},{"type":"Feature","properties":{"id":849690420,"highway":"track"},"geometry":{"type":"LineString","coordinates":[[-2.91168,43.1664],[-2.91165,43.16634],[-2.91162,43.1663],[-2.91159,43.16624],[-2.91157,43.16618],[-2.91154,43.16612],[-2.91152,43.16604],[-2.9115,43.16597],[-2.91149,43.16591],[-2.91147,43.16585],[-2.91146,43.16578],[-2.91148,43.16571],[-2.91156,43.16569],[-2.91168,43.16567],[-2.91174,43.16565],[-2.91179,43.16562],[-2.91184,43.1656],[-2.91186,43.16557],[-2.91186,43.16553],[-2.91186,43.1655],[-2.9119,43.16548],[-2.91193,43.16546],[-2.91198,43.16547],[-2.91202,43.16547],[-2.91207,43.16547],[-2.91209,43.16545],[-2.91211,43.16541],[-2.91215,43.16539],[-2.91219,43.16537],[-2.91223,43.16534],[-2.91227,43.16531],[-2.9123,43.16529],[-2.91233,43.16526],[-2.91235,43.16522],[-2.91237,43.16518],[-2.91238,43.16514],[-2.91241,43.16507],[-2.91242,43.16504],[-2.91242,43.16497],[-2.91242,43.16491],[-2.91243,43.16487],[-2.91242,43.16481],[-2.91241,43.16477],[-2.9124,43.16472],[-2.91238,43.16469],[-2.91234,43.16465],[-2.91232,43.16461],[-2.9123,43.16458],[-2.91227,43.16455],[-2.91224,43.16452],[-2.91223,43.16448],[-2.91223,43.16444],[-2.91224,43.1644],[-2.91224,43.16435],[-2.91226,43.16431],[-2.91228,43.16426],[-2.9123,43.16421],[-2.91232,43.16418],[-2.91234,43.16416],[-2.91235,43.16414],[-2.91235,43.16411],[-2.91232,43.1641],[-2.91229,43.16411],[-2.91225,43.16413],[-2.91221,43.16416],[-2.91216,43.16416],[-2.91211,43.16418],[-2.91206,43.16419],[-2.91202,43.16421],[-2.91197,43.16423],[-2.91192,43.16425],[-2.91186,43.16425],[-2.91181,43.16424],[-2.91176,43.16422],[-2.91172,43.1642],[-2.9117,43.16419],[-2.91169,43.16416],[-2.9117,43.16412],[-2.9117,43.16409],[-2.9117,43.16405],[-2.91171,43.16402],[-2.91171,43.16398],[-2.91171,43.16394],[-2.9117,43.1639],[-2.9117,43.16386],[-2.9117,43.16382],[-2.9117,43.16378],[-2.91168,43.16375],[-2.91167,43.16371],[-2.91166,43.16367],[-2.91166,43.16361],[-2.91165,43.16356],[-2.91164,43.16352],[-2.91163,43.16348],[-2.91161,43.16344],[-2.91161,43.1634],[-2.9116,43.16335],[-2.91159,43.1633],[-2.91157,43.16326],[-2.91155,43.16322],[-2.91153,43.16319],[-2.91151,43.16315],[-2.91149,43.1631],[-2.91147,43.16307],[-2.91144,43.16302],[-2.91142,43.16298],[-2.9114,43.16294],[-2.91138,43.1629],[-2.91136,43.16286],[-2.91131,43.16282],[-2.91127,43.16278],[-2.91124,43.16274],[-2.9112,43.16271],[-2.91118,43.16269],[-2.91115,43.16267],[-2.91113,43.16264],[-2.91111,43.16262],[-2.91109,43.16259],[-2.91107,43.16255],[-2.91104,43.16253],[-2.91099,43.1625],[-2.91096,43.16247],[-2.91091,43.16245],[-2.91086,43.16243],[-2.9108,43.16242],[-2.91076,43.1624],[-2.91069,43.1624],[-2.91062,43.1624],[-2.91057,43.1624],[-2.91048,43.1624],[-2.91039,43.16241],[-2.91033,43.16243],[-2.91028,43.16244],[-2.91022,43.16247],[-2.91017,43.16249],[-2.9101,43.16251],[-2.91003,43.16252],[-2.90996,43.16254],[-2.9099,43.16255],[-2.90985,43.16257],[-2.9098,43.16259],[-2.90971,43.16259],[-2.90966,43.1626],[-2.90962,43.16263],[-2.90957,43.16265],[-2.90952,43.16267],[-2.90948,43.16269],[-2.90943,43.1627],[-2.90939,43.16272],[-2.90934,43.16275],[-2.90928,43.16277],[-2.90925,43.16278],[-2.90923,43.16279]]}},{"type":"Feature","properties":{"id":849691007,"highway":"track"},"geometry":{"type":"LineString","coordinates":[[-2.90923,43.16279],[-2.90915,43.16281],[-2.90908,43.16283],[-2.90902,43.16283],[-2.90895,43.16279],[-2.90882,43.16278],[-2.90872,43.16279],[-2.90861,43.16282],[-2.90851,43.16286],[-2.90841,43.1629],[-2.90828,43.16292],[-2.90815,43.16292],[-2.90804,43.16293],[-2.90793,43.16296],[-2.90781,43.16297],[-2.90765,43.16298],[-2.90753,43.163],[-2.9074,43.163],[-2.90729,43.16299],[-2.90719,43.16297],[-2.90708,43.16296],[-2.90697,43.16293]]}},{"type":"Feature","properties":{"id":849692292,"highway":"track"},"geometry":{"type":"MultiLineString","coordinates":[[[-2.90852,43.16128],[-2.90852,43.16131],[-2.90851,43.16134],[-2.90848,43.16138],[-2.90844,43.16142],[-2.90841,43.16146],[-2.90838,43.16149],[-2.90834,43.16152],[-2.90829,43.16155],[-2.90823,43.16158],[-2.90819,43.16161],[-2.90816,43.16163],[-2.90812,43.16166],[-2.90807,43.16168],[-2.90803,43.16171],[-2.90799,43.16177],[-2.90794,43.16181],[-2.90792,43.16185],[-2.90788,43.16188],[-2.90784,43.16194],[-2.90781,43.16198],[-2.90778,43.16203],[-2.90774,43.16207],[-2.90769,43.16211],[-2.90763,43.16216],[-2.90757,43.1622],[-2.90753,43.16224],[-2.90747,43.16229],[-2.90741,43.16233],[-2.90735,43.16239],[-2.90731,43.16241],[-2.90727,43.16245],[-2.90723,43.16248],[-2.90719,43.16251],[-2.90712,43.16256]],[[-2.90688,43.16289],[-2.9069,43.1629],[-2.90693,43.16292],[-2.90697,43.16293]]]}},{"type":"Feature","properties":{"id":849693459,"highway":"track"},"geometry":{"type":"LineString","coordinates":[[-2.94568,43.17842],[-2.94578,43.17835],[-2.94586,43.17826],[-2.94592,43.17818],[-2.94595,43.17814],[-2.94603,43.17811],[-2.94611,43.17808],[-2.9462,43.17802],[-2.94627,43.17795],[-2.94633,43.17788],[-2.9464,43.17781],[-2.94643,43.17771],[-2.94645,43.17761],[-2.94648,43.17748]]}},{"type":"Feature","properties":{"id":849695118,"highway":"track"},"geometry":{"type":"LineString","coordinates":[[-2.94068,43.17504],[-2.94079,43.17494],[-2.94106,43.17472],[-2.94115,43.17461],[-2.94125,43.1745],[-2.94131,43.17441],[-2.9415,43.17422],[-2.94171,43.17394],[-2.94177,43.17372],[-2.94166,43.17322],[-2.94165,43.17283],[-2.94156,43.17272],[-2.94095,43.17267],[-2.94032,43.1726],[-2.93995,43.17262],[-2.93912,43.17269],[-2.93858,43.17251],[-2.93827,43.17241],[-2.93801,43.17211],[-2.93768,43.17164],[-2.93773,43.1715],[-2.93793,43.17147],[-2.9382,43.17144],[-2.93857,43.17147],[-2.93875,43.1714],[-2.93896,43.17131]]}},{"type":"Feature","properties":{"id":849695225,"highway":"track"},"geometry":{"type":"LineString","coordinates":[[-2.93857,43.17147],[-2.93861,43.17154],[-2.93863,43.17158],[-2.93866,43.17163],[-2.93868,43.17168]]}},{"type":"Feature","properties":{"id":849696507,"highway":"track"},"geometry":{"type":"LineString","coordinates":[[-2.96002,43.18088],[-2.95988,43.1809],[-2.95969,43.18104],[-2.95936,43.18156],[-2.95911,43.18183],[-2.95898,43.18209],[-2.95882,43.18226],[-2.95873,43.18231],[-2.95829,43.18232]]}},{"type":"Feature","properties":{"id":849696508,"highway":"track"},"geometry":{"type":"LineString","coordinates":[[-2.95829,43.18232],[-2.95815,43.18232],[-2.95704,43.18233],[-2.95681,43.18236],[-2.95671,43.1824],[-2.95657,43.1825],[-2.95649,43.18262],[-2.95645,43.18271],[-2.95641,43.18307],[-2.95616,43.18353]]}},{"type":"Feature","properties":{"id":849699073,"highway":"track"},"geometry":{"type":"LineString","coordinates":[[-2.94031,43.18413],[-2.94051,43.18399],[-2.94065,43.18392],[-2.94077,43.1839],[-2.94089,43.18385],[-2.94156,43.18383],[-2.9419,43.18385],[-2.94205,43.18379],[-2.94232,43.18361],[-2.94242,43.18348],[-2.94299,43.18299],[-2.94323,43.18289],[-2.94346,43.18279],[-2.94363,43.18274],[-2.9438,43.18272],[-2.94442,43.18269],[-2.94484,43.18271],[-2.94519,43.18278],[-2.94543,43.1828],[-2.94572,43.18278],[-2.94606,43.18266],[-2.94651,43.1826],[-2.9476,43.18249],[-2.94795,43.18242],[-2.94812,43.18237],[-2.94874,43.18201],[-2.94902,43.18188],[-2.9491,43.18179],[-2.94933,43.18141],[-2.94933,43.18114]]}},{"type":"Feature","properties":{"id":849699074,"highway":"path","puente":"yes"},"geometry":{"type":"LineString","coordinates":[[-2.94933,43.18114],[-2.94939,43.18109]]}},{"type":"Feature","properties":{"id":849699075,"highway":"path"},"geometry":{"type":"LineString","coordinates":[[-2.94939,43.18109],[-2.94948,43.18113],[-2.94956,43.18125],[-2.94962,43.18151],[-2.9496,43.18172],[-2.94953,43.18206],[-2.94957,43.18229],[-2.94952,43.18252],[-2.94965,43.18269],[-2.94972,43.18285],[-2.94981,43.18312],[-2.94937,43.18345],[-2.94925,43.18355],[-2.9492,43.18365],[-2.94921,43.18378],[-2.94934,43.18392],[-2.94935,43.18398],[-2.94926,43.18404],[-2.94912,43.18408]]}},{"type":"Feature","properties":{"id":849699077,"highway":"track"},"geometry":{"type":"LineString","coordinates":[[-2.94323,43.18289],[-2.94334,43.18294],[-2.94356,43.18303],[-2.9438,43.18313],[-2.94398,43.18324],[-2.94412,43.18327],[-2.94441,43.1833],[-2.94477,43.18333],[-2.94509,43.18337],[-2.94535,43.18344],[-2.94566,43.18348],[-2.94592,43.1835],[-2.946,43.18354],[-2.94617,43.18363],[-2.9463,43.18382],[-2.9464,43.18374],[-2.94645,43.1836],[-2.94654,43.18344],[-2.94667,43.18337],[-2.94681,43.18335],[-2.94698,43.18335],[-2.94699,43.18348],[-2.94703,43.18353],[-2.94711,43.18357],[-2.94718,43.18366],[-2.94715,43.18376],[-2.94698,43.18386],[-2.94684,43.18406],[-2.94664,43.1843],[-2.94654,43.18448],[-2.94667,43.18448],[-2.94689,43.18441],[-2.94724,43.1841],[-2.94761,43.18393],[-2.94773,43.18392],[-2.94786,43.18392],[-2.94796,43.18392],[-2.94806,43.18396],[-2.94817,43.18402],[-2.94829,43.18406],[-2.94841,43.18407],[-2.94854,43.18405],[-2.94861,43.18403],[-2.94875,43.18402],[-2.94885,43.18402],[-2.94898,43.18403],[-2.94908,43.18405],[-2.94912,43.18408],[-2.94909,43.18413],[-2.94902,43.18417],[-2.9489,43.18419],[-2.94875,43.18424],[-2.94869,43.18431],[-2.94872,43.18436],[-2.9488,43.18437],[-2.94891,43.18436],[-2.94906,43.18436],[-2.94928,43.18436],[-2.94949,43.18433],[-2.94968,43.18424],[-2.94978,43.18422],[-2.94981,43.18423],[-2.94981,43.18428],[-2.94969,43.18443],[-2.94955,43.18459],[-2.9494,43.18468],[-2.9493,43.18471],[-2.94923,43.18475],[-2.94918,43.18477],[-2.94913,43.18478],[-2.94907,43.18483],[-2.94898,43.1849],[-2.94889,43.18497],[-2.94877,43.18505],[-2.9487,43.1851],[-2.94862,43.18517],[-2.94854,43.18524],[-2.94849,43.18528],[-2.94843,43.18535],[-2.9484,43.18536],[-2.94841,43.18539]]}},{"type":"Feature","properties":{"id":849704242,"highway":"unclassified","nombre":"Bidekurze auzoa"},"geometry":{"type":"LineString","coordinates":[[-2.91712,43.17528],[-2.91723,43.17536],[-2.91729,43.17541],[-2.91735,43.17546],[-2.91741,43.17552],[-2.9175,43.17558],[-2.9176,43.17563],[-2.91767,43.17566]]}},{"type":"Feature","properties":{"id":849704243,"highway":"unclassified","nombre":"Bidekurze auzoa"},"geometry":{"type":"LineString","coordinates":[[-2.91767,43.17566],[-2.91772,43.17567],[-2.91777,43.17569],[-2.91782,43.17571],[-2.91787,43.17573],[-2.91792,43.17575],[-2.91796,43.17576],[-2.918,43.17578],[-2.91804,43.17579],[-2.91808,43.17579],[-2.91812,43.17579],[-2.91817,43.1758],[-2.91821,43.1758],[-2.91826,43.1758],[-2.91831,43.17579],[-2.91834,43.17579],[-2.91839,43.17577],[-2.91843,43.17576],[-2.91847,43.17575],[-2.91852,43.17575],[-2.91856,43.17575],[-2.91861,43.17575],[-2.91865,43.17575],[-2.91868,43.17575],[-2.91872,43.17576]]}},{"type":"Feature","properties":{"id":849704244,"highway":"unclassified"},"geometry":{"type":"LineString","coordinates":[[-2.91872,43.17576],[-2.91877,43.17576],[-2.91881,43.17577],[-2.91883,43.17578],[-2.91887,43.1758],[-2.91889,43.17581],[-2.91894,43.17583],[-2.91897,43.17583],[-2.919,43.17585],[-2.91905,43.17586],[-2.91908,43.17586],[-2.91913,43.17586],[-2.91918,43.17586],[-2.9192,43.17586],[-2.91922,43.17586],[-2.91928,43.17587],[-2.91933,43.17586],[-2.91936,43.17586],[-2.91942,43.17586],[-2.91946,43.17586],[-2.9195,43.17586],[-2.91955,43.17586],[-2.9196,43.17587],[-2.91965,43.17587],[-2.9197,43.17588],[-2.91975,43.17588],[-2.91979,43.17589],[-2.91984,43.1759],[-2.91988,43.1759],[-2.91993,43.1759],[-2.91998,43.17591],[-2.92002,43.17591],[-2.92008,43.17592],[-2.92013,43.17593],[-2.92017,43.17593],[-2.9202,43.17594],[-2.92024,43.17597],[-2.92029,43.176],[-2.92033,43.17601],[-2.92037,43.17604],[-2.92041,43.17605],[-2.92045,43.17607],[-2.92052,43.17609],[-2.92056,43.1761],[-2.92062,43.17612],[-2.92068,43.17615],[-2.92073,43.17616],[-2.92078,43.17618],[-2.92083,43.1762],[-2.92087,43.17621],[-2.92091,43.17623],[-2.92096,43.17625],[-2.92101,43.17627],[-2.92107,43.17629],[-2.92111,43.1763],[-2.92116,43.17631],[-2.92122,43.17631],[-2.92127,43.17632],[-2.92133,43.17634],[-2.92139,43.17635],[-2.92144,43.17636],[-2.92148,43.17637],[-2.92154,43.17637],[-2.92159,43.17637],[-2.92168,43.17638],[-2.92174,43.17638],[-2.9218,43.17638],[-2.92186,43.17638],[-2.92193,43.17639],[-2.92198,43.17639],[-2.92202,43.17641],[-2.92206,43.17643],[-2.92209,43.17645],[-2.92213,43.17648],[-2.92217,43.1765],[-2.92224,43.17652],[-2.9223,43.17653],[-2.92235,43.17655],[-2.9224,43.17657],[-2.92247,43.17658],[-2.92251,43.1766],[-2.92256,43.17662],[-2.9226,43.17663],[-2.92262,43.17666],[-2.92259,43.17674]]}},{"type":"Feature","properties":{"id":849704245,"highway":"living_street","puente":"yes"},"geometry":{"type":"LineString","coordinates":[[-2.92259,43.17674],[-2.92257,43.17682]]}},{"type":"Feature","properties":{"id":849704246,"highway":"living_street"},"geometry":{"type":"LineString","coordinates":[[-2.92257,43.17682],[-2.92257,43.17685]]}},{"type":"Feature","properties":{"id":849704247,"highway":"unclassified","nombre":"Armiña auzoa"},"geometry":{"type":"LineString","coordinates":[[-2.92456,43.17772],[-2.92461,43.17776],[-2.92518,43.17839],[-2.92534,43.17865],[-2.92539,43.17886],[-2.92526,43.17936],[-2.92528,43.18022],[-2.92523,43.18036],[-2.92521,43.18059],[-2.92513,43.18066],[-2.92505,43.18065],[-2.9248,43.18042],[-2.92461,43.18036],[-2.92449,43.18038],[-2.92445,43.18044],[-2.92454,43.18062],[-2.92459,43.18123],[-2.92471,43.1815],[-2.92493,43.18178],[-2.925,43.18193],[-2.92504,43.18202],[-2.92506,43.1821],[-2.92501,43.18252],[-2.92504,43.18265],[-2.92507,43.18274],[-2.92507,43.18279],[-2.92485,43.18287],[-2.92479,43.18291],[-2.92478,43.18298]]}},{"type":"Feature","properties":{"id":849704248,"highway":"track"},"geometry":{"type":"LineString","coordinates":[[-2.92478,43.18298],[-2.92475,43.18302],[-2.92457,43.18314],[-2.9245,43.18321],[-2.92454,43.18327],[-2.92462,43.1833],[-2.92492,43.18338],[-2.92502,43.18343],[-2.92511,43.18362],[-2.92513,43.18394],[-2.92509,43.18445],[-2.92515,43.18472],[-2.92538,43.18491],[-2.92547,43.18498],[-2.92567,43.18527],[-2.92574,43.18536],[-2.92595,43.1856],[-2.9261,43.18566],[-2.92635,43.18576],[-2.92656,43.18579],[-2.92677,43.18582],[-2.92751,43.18594],[-2.92757,43.18599]]}},{"type":"Feature","properties":{"id":849704249,"highway":"track"},"geometry":{"type":"LineString","coordinates":[[-2.92751,43.18594],[-2.92702,43.18595],[-2.92675,43.18597],[-2.92551,43.18612],[-2.92484,43.18602],[-2.92413,43.18582],[-2.92397,43.18583],[-2.92378,43.18579],[-2.92348,43.1857],[-2.92326,43.18556],[-2.92251,43.18533],[-2.92222,43.18509],[-2.92192,43.18471],[-2.92181,43.18467],[-2.92171,43.1847],[-2.92117,43.18506]]}},{"type":"Feature","properties":{"id":852059976,"highway":"living_street","nombre":"Atxandi auzoa","izena_eu":"Atxandi auzoa"},"geometry":{"type":"LineString","coordinates":[[-2.92498,43.1648],[-2.92499,43.16484],[-2.92499,43.16487],[-2.92502,43.16491],[-2.92503,43.16495],[-2.92506,43.16499],[-2.92509,43.16503],[-2.92511,43.16507],[-2.92515,43.16512],[-2.92519,43.16516],[-2.92523,43.16521],[-2.92528,43.16527],[-2.92531,43.16532],[-2.92536,43.16539],[-2.92539,43.16543],[-2.92542,43.16547],[-2.92544,43.16551],[-2.92544,43.16555],[-2.92543,43.1656]]}},{"type":"Feature","properties":{"id":852059977,"highway":"living_street","nombre":"Atxandi auzoa","izena_eu":"Atxandi auzoa","puente":"yes"},"geometry":{"type":"LineString","coordinates":[[-2.92543,43.1656],[-2.92541,43.16566],[-2.9254,43.16571],[-2.92539,43.16576],[-2.92537,43.16582],[-2.92536,43.16587],[-2.92534,43.16592],[-2.92533,43.16597],[-2.92532,43.16602]]}},{"type":"Feature","properties":{"id":852061622,"highway":"living_street","nombre":"Atxandi auzoa","izena_eu":"Atxandi auzoa"},"geometry":{"type":"LineString","coordinates":[[-2.92532,43.16602],[-2.92531,43.16607],[-2.9253,43.16614],[-2.92529,43.16618],[-2.92528,43.16622],[-2.92528,43.16625],[-2.92529,43.16628],[-2.92532,43.16631],[-2.92535,43.16634],[-2.92541,43.16634],[-2.92553,43.16632],[-2.92564,43.16631],[-2.9257,43.1663],[-2.92579,43.1663],[-2.92586,43.16629],[-2.92595,43.16627],[-2.92606,43.16626],[-2.92615,43.16624],[-2.92622,43.16623],[-2.92628,43.16622],[-2.92636,43.16621],[-2.92641,43.1662],[-2.92649,43.16619],[-2.92657,43.16619],[-2.92664,43.16618],[-2.92673,43.16617],[-2.92679,43.16617],[-2.92685,43.16616],[-2.92686,43.16618],[-2.9268,43.16619],[-2.92675,43.1662],[-2.92665,43.16623],[-2.92651,43.16626],[-2.92646,43.16628],[-2.92635,43.16633],[-2.92624,43.16636],[-2.92615,43.16639],[-2.92605,43.16642],[-2.92596,43.16644],[-2.92585,43.16647],[-2.92574,43.1665],[-2.92564,43.16652],[-2.92557,43.16653],[-2.92546,43.16657],[-2.92535,43.16661],[-2.92528,43.16663],[-2.92519,43.16664],[-2.92511,43.16666],[-2.92502,43.16667],[-2.92489,43.16667],[-2.92481,43.16668],[-2.92473,43.16668],[-2.92463,43.16669],[-2.92458,43.16669],[-2.92453,43.16671],[-2.9245,43.16674]]}},{"type":"Feature","properties":{"id":852502531,"highway":"track"},"geometry":{"type":"LineString","coordinates":[[-2.95236,43.16282],[-2.95241,43.16289]]}},{"type":"Feature","properties":{"id":854956720,"highway":"path","nombre":"San Pedro auzoa"},"geometry":{"type":"LineString","coordinates":[[-2.91218,43.16846],[-2.91219,43.16838],[-2.91216,43.16829],[-2.91214,43.16821],[-2.91212,43.16813],[-2.91209,43.16806],[-2.91205,43.16797],[-2.912,43.16787],[-2.91195,43.16777],[-2.91189,43.16765],[-2.91188,43.16755],[-2.91185,43.16744],[-2.91184,43.16737],[-2.91187,43.16731],[-2.91187,43.16722],[-2.91186,43.16708],[-2.91183,43.16699],[-2.9118,43.16688],[-2.91176,43.16681],[-2.91174,43.16674],[-2.91172,43.16666],[-2.9117,43.16657],[-2.91168,43.16648],[-2.91174,43.16644]]}},{"type":"Feature","properties":{"id":854956721,"highway":"track"},"geometry":{"type":"LineString","coordinates":[[-2.9123,43.16907],[-2.91222,43.16908],[-2.91215,43.16906]]}},{"type":"Feature","properties":{"id":854956722,"highway":"track"},"geometry":{"type":"LineString","coordinates":[[-2.91215,43.16906],[-2.91201,43.16903],[-2.91161,43.16851],[-2.91148,43.1681],[-2.91143,43.16805],[-2.91128,43.16803],[-2.91116,43.16821],[-2.91093,43.16822],[-2.91036,43.16819],[-2.9103,43.1682],[-2.91027,43.16825],[-2.91026,43.16836],[-2.91073,43.16879],[-2.91089,43.16899],[-2.91101,43.16924],[-2.91102,43.16939],[-2.91084,43.16957],[-2.91081,43.16985],[-2.91073,43.16995],[-2.91051,43.17004],[-2.91045,43.17011],[-2.91044,43.17019],[-2.91056,43.17045],[-2.91056,43.17056],[-2.91054,43.17069],[-2.91032,43.17075],[-2.91016,43.17078],[-2.91,43.17082],[-2.90989,43.17092],[-2.90985,43.17141],[-2.90971,43.172],[-2.9097,43.17213],[-2.9098,43.17241],[-2.90979,43.17251],[-2.90956,43.17267],[-2.90951,43.1728]]}},{"type":"Feature","properties":{"id":854984380,"highway":"track"},"geometry":{"type":"LineString","coordinates":[[-2.92113,43.18504],[-2.92113,43.18502],[-2.92117,43.18464],[-2.92108,43.18429],[-2.92073,43.18379],[-2.92049,43.18317]]}},{"type":"Feature","properties":{"id":854984381,"highway":"track","nombre":"Armiña auzoa"},"geometry":{"type":"LineString","coordinates":[[-2.92049,43.18317],[-2.92046,43.18308],[-2.92044,43.18293],[-2.92054,43.18289],[-2.92089,43.18289],[-2.92117,43.18295],[-2.92121,43.18295],[-2.92139,43.18283],[-2.92145,43.18279],[-2.92208,43.18247],[-2.92282,43.18201],[-2.92333,43.18165],[-2.92351,43.18157],[-2.92378,43.18157],[-2.92484,43.18195],[-2.92496,43.18194],[-2.925,43.18193]]}},{"type":"Feature","properties":{"id":854984382,"highway":"path"},"geometry":{"type":"LineString","coordinates":[[-2.93146,43.19148],[-2.93151,43.19149],[-2.93156,43.1915],[-2.93161,43.1915],[-2.93166,43.1915],[-2.93171,43.1915],[-2.93178,43.19151],[-2.93185,43.19151],[-2.93192,43.19151],[-2.93202,43.19151],[-2.93208,43.19151],[-2.93217,43.19152],[-2.93224,43.19152],[-2.93231,43.19152],[-2.93239,43.19152],[-2.93249,43.19153],[-2.93256,43.19153],[-2.93265,43.19154],[-2.93273,43.19155],[-2.93281,43.19156],[-2.93287,43.19157],[-2.93292,43.19158],[-2.93298,43.19159],[-2.93303,43.19162],[-2.93308,43.19165],[-2.93314,43.19168],[-2.93318,43.19171],[-2.93324,43.19175],[-2.93329,43.1918],[-2.93334,43.19185],[-2.9334,43.1919],[-2.93351,43.19206],[-2.93354,43.1921],[-2.93357,43.19214],[-2.93359,43.19219],[-2.9336,43.19224],[-2.93362,43.19229],[-2.93365,43.19234],[-2.93366,43.19239],[-2.93369,43.19245],[-2.93371,43.19248],[-2.93374,43.19254]]}},{"type":"Feature","properties":{"id":854984383,"highway":"track"},"geometry":{"type":"LineString","coordinates":[[-2.93454,43.19418],[-2.9346,43.19422],[-2.93464,43.19425],[-2.93468,43.1943],[-2.93471,43.19435]]}},{"type":"Feature","properties":{"id":854984384,"highway":"track"},"geometry":{"type":"LineString","coordinates":[[-2.93471,43.19435],[-2.93477,43.1944],[-2.9352,43.19472],[-2.93553,43.19487],[-2.93584,43.19513],[-2.93599,43.19531],[-2.936,43.19551],[-2.93567,43.19595]]}},{"type":"Feature","properties":{"id":854984385,"highway":"track"},"geometry":{"type":"LineString","coordinates":[[-2.93639,43.19639],[-2.93641,43.19639],[-2.93677,43.19629],[-2.937,43.19636],[-2.9382,43.19675],[-2.93896,43.19707],[-2.93947,43.19723],[-2.93986,43.19735],[-2.94065,43.19768],[-2.94111,43.19788],[-2.94168,43.1982],[-2.9421,43.19838],[-2.9428,43.19876],[-2.94352,43.19933],[-2.94394,43.1998],[-2.94416,43.20017],[-2.94443,43.20059],[-2.94486,43.20111],[-2.94504,43.2014],[-2.94525,43.20159]]}},{"type":"Feature","properties":{"id":856493553,"highway":"path"},"geometry":{"type":"LineString","coordinates":[[-2.94121,43.17581],[-2.94117,43.17583],[-2.94113,43.17585],[-2.94109,43.17587],[-2.94106,43.17588],[-2.94103,43.1759],[-2.941,43.17592],[-2.94096,43.17594],[-2.94093,43.17596],[-2.94091,43.17598],[-2.9409,43.17601],[-2.94091,43.17604],[-2.94092,43.17606],[-2.9409,43.17609],[-2.94089,43.17612],[-2.94086,43.17615],[-2.94083,43.17616],[-2.94081,43.17617],[-2.94077,43.17618],[-2.94074,43.1762],[-2.9407,43.17621],[-2.94067,43.17622],[-2.94062,43.17623],[-2.94059,43.17624],[-2.94057,43.17624],[-2.94056,43.17624],[-2.94054,43.17624],[-2.94052,43.17624],[-2.94047,43.17624],[-2.94045,43.17624],[-2.9404,43.17625],[-2.94037,43.17625],[-2.94035,43.17625],[-2.94029,43.17625],[-2.94024,43.17624]]}},{"type":"Feature","properties":{"id":856493554,"highway":"path"},"geometry":{"type":"LineString","coordinates":[[-2.94022,43.17631],[-2.94019,43.17633],[-2.94017,43.17634],[-2.94014,43.17635],[-2.94012,43.17635],[-2.9401,43.17636],[-2.94007,43.17637],[-2.94005,43.17638],[-2.94003,43.17638],[-2.94001,43.17639],[-2.93998,43.1764],[-2.93995,43.1764],[-2.93993,43.17641],[-2.93991,43.17641],[-2.93989,43.17642],[-2.93985,43.17642],[-2.93983,43.17642],[-2.9398,43.17642],[-2.93978,43.17642],[-2.93975,43.17642],[-2.93973,43.17642],[-2.9397,43.17642],[-2.93968,43.17643],[-2.93966,43.17644],[-2.93963,43.17644],[-2.93961,43.17645],[-2.93958,43.17646],[-2.93956,43.17648],[-2.93954,43.17648],[-2.93951,43.17649],[-2.9395,43.1765],[-2.93948,43.17651],[-2.93945,43.17652],[-2.93942,43.17652],[-2.93939,43.17653],[-2.93936,43.17654],[-2.93932,43.17654],[-2.93929,43.17654],[-2.93926,43.17655],[-2.93923,43.17655],[-2.9392,43.17655],[-2.93917,43.17656],[-2.93914,43.17656],[-2.93911,43.17657],[-2.93908,43.17657],[-2.93906,43.17657],[-2.93903,43.17657],[-2.93901,43.17657],[-2.93898,43.17658],[-2.93896,43.17658],[-2.93893,43.17658],[-2.9389,43.17658],[-2.93885,43.17658],[-2.93882,43.17658],[-2.93879,43.17659],[-2.93876,43.17659],[-2.93874,43.17659],[-2.93871,43.17659],[-2.93869,43.17659],[-2.93868,43.1766],[-2.93866,43.17661],[-2.93864,43.17661],[-2.93861,43.17662],[-2.93859,43.17663],[-2.93857,43.17663],[-2.93854,43.17663],[-2.93851,43.17662],[-2.93848,43.17662],[-2.93844,43.17662],[-2.93842,43.17661],[-2.93838,43.17662],[-2.93836,43.17662],[-2.93831,43.17662],[-2.93829,43.17663],[-2.93826,43.17663],[-2.93822,43.17664],[-2.93819,43.17664],[-2.93817,43.17665],[-2.93814,43.17666],[-2.93812,43.17667],[-2.9381,43.17668],[-2.93808,43.17668],[-2.93807,43.17669],[-2.93805,43.17669],[-2.93802,43.17668],[-2.93799,43.17667],[-2.93796,43.17666],[-2.93794,43.17666],[-2.93792,43.17665],[-2.93789,43.17665],[-2.93786,43.17665],[-2.93784,43.17665],[-2.9378,43.17665],[-2.93777,43.17665],[-2.93774,43.17665],[-2.93771,43.17665],[-2.93769,43.17665],[-2.93767,43.17665],[-2.93764,43.17665],[-2.93762,43.17666],[-2.93759,43.17667],[-2.93757,43.17667],[-2.93753,43.17667],[-2.93749,43.17668],[-2.93745,43.17668],[-2.93741,43.17669],[-2.93738,43.17669],[-2.93735,43.17669],[-2.93731,43.1767],[-2.93728,43.1767],[-2.93726,43.1767],[-2.93721,43.17671],[-2.93718,43.17673],[-2.93716,43.17673],[-2.93715,43.17674],[-2.93715,43.17676],[-2.93714,43.17677],[-2.93714,43.17679],[-2.93712,43.1768],[-2.9371,43.17681],[-2.93708,43.17682],[-2.93705,43.17682],[-2.93703,43.17683],[-2.93701,43.17685],[-2.93697,43.17687],[-2.93695,43.17687],[-2.93693,43.17687],[-2.93689,43.17688],[-2.93686,43.17688],[-2.93683,43.17689],[-2.93681,43.17689],[-2.93678,43.1769],[-2.93675,43.17691],[-2.93673,43.17691],[-2.93669,43.17692],[-2.93664,43.17692],[-2.93659,43.17693],[-2.93654,43.17693],[-2.9365,43.17694],[-2.93646,43.17694],[-2.93644,43.17694],[-2.93641,43.17695],[-2.9364,43.17696],[-2.93638,43.17698],[-2.93636,43.17699],[-2.93633,43.177],[-2.9363,43.177],[-2.93628,43.17699],[-2.93625,43.17698],[-2.93622,43.17698],[-2.93619,43.17696],[-2.93616,43.17695],[-2.93613,43.17694],[-2.9361,43.17692],[-2.93607,43.17692],[-2.93606,43.17691],[-2.93604,43.17691],[-2.93601,43.17691],[-2.93596,43.17692],[-2.93594,43.17692],[-2.93592,43.17693],[-2.9359,43.17694],[-2.93587,43.17694],[-2.93585,43.17695],[-2.93583,43.17695],[-2.93582,43.17694],[-2.93581,43.17693],[-2.9358,43.17692],[-2.93578,43.1769],[-2.93577,43.17689],[-2.93577,43.17687],[-2.93575,43.17686],[-2.93573,43.17685],[-2.9357,43.17685],[-2.93567,43.17685],[-2.93565,43.17684],[-2.93562,43.17684],[-2.93559,43.17684],[-2.93556,43.17685],[-2.93553,43.17685],[-2.93549,43.17685],[-2.93546,43.17684],[-2.93542,43.17684],[-2.93539,43.17683],[-2.93535,43.17682],[-2.93532,43.17682],[-2.93529,43.17681],[-2.93526,43.1768],[-2.93524,43.17679],[-2.93522,43.17678],[-2.93519,43.17676],[-2.93515,43.17674],[-2.93513,43.17674],[-2.9351,43.17673],[-2.93508,43.17673],[-2.93505,43.17672],[-2.93502,43.17672],[-2.935,43.17671],[-2.93498,43.17671],[-2.93496,43.17672],[-2.93494,43.17673],[-2.93493,43.17674],[-2.93492,43.17675],[-2.93491,43.17677],[-2.93489,43.17679],[-2.93488,43.17681],[-2.93486,43.17684],[-2.93485,43.17686],[-2.93485,43.17687],[-2.93485,43.17688],[-2.93486,43.1769],[-2.93486,43.17692],[-2.93486,43.17693],[-2.93486,43.17695]]}},{"type":"Feature","properties":{"id":856493555,"highway":"path"},"geometry":{"type":"LineString","coordinates":[[-2.93486,43.17695],[-2.93483,43.17695],[-2.9348,43.17695],[-2.93477,43.17694],[-2.93475,43.17694],[-2.93472,43.17694],[-2.93469,43.17694],[-2.93468,43.17693],[-2.93467,43.17692],[-2.93465,43.17692],[-2.93463,43.17693],[-2.93462,43.17694],[-2.93462,43.17695],[-2.93462,43.17697],[-2.93462,43.17698],[-2.93461,43.17699],[-2.93459,43.177],[-2.93457,43.177],[-2.93453,43.17699],[-2.93451,43.17698],[-2.93449,43.17697],[-2.93446,43.17696],[-2.93445,43.17695],[-2.93444,43.17694],[-2.93442,43.17692],[-2.9344,43.17691],[-2.93438,43.17691],[-2.93435,43.17692],[-2.93432,43.17692],[-2.93429,43.17692],[-2.93427,43.17692],[-2.93423,43.1769],[-2.9342,43.17689],[-2.93417,43.17688],[-2.93415,43.17687],[-2.93413,43.17685],[-2.93411,43.17685],[-2.93407,43.17685],[-2.93403,43.17685],[-2.934,43.17686],[-2.93395,43.17686],[-2.93392,43.17686],[-2.93389,43.17687],[-2.93385,43.17687],[-2.93381,43.17687]]}},{"type":"Feature","properties":{"id":856493556,"highway":"path"},"geometry":{"type":"LineString","coordinates":[[-2.93381,43.17687],[-2.93378,43.17687],[-2.93375,43.17687],[-2.93373,43.17687],[-2.93371,43.17686],[-2.93369,43.17686],[-2.93368,43.17685],[-2.93365,43.17685],[-2.93363,43.17684],[-2.93362,43.17684],[-2.93359,43.17684],[-2.93357,43.17683],[-2.93355,43.17683],[-2.93353,43.17683],[-2.93351,43.17682],[-2.93348,43.17681],[-2.93345,43.1768],[-2.93342,43.17679],[-2.93339,43.17678],[-2.93335,43.17676],[-2.93331,43.17675],[-2.93327,43.17674],[-2.93323,43.17672],[-2.93319,43.17671],[-2.93317,43.1767],[-2.93314,43.17668],[-2.93312,43.17667],[-2.93311,43.17665],[-2.93309,43.17663],[-2.93308,43.17662],[-2.93305,43.17661],[-2.93302,43.1766],[-2.93301,43.17659]]}},{"type":"Feature","properties":{"id":856493557,"highway":"path"},"geometry":{"type":"LineString","coordinates":[[-2.93227,43.17643],[-2.93224,43.17642],[-2.93222,43.17642],[-2.93219,43.17641],[-2.93215,43.17641],[-2.93211,43.17641],[-2.93207,43.17641],[-2.93203,43.17642],[-2.93199,43.17642],[-2.93197,43.17643],[-2.93193,43.17643],[-2.93189,43.17642],[-2.93185,43.17642],[-2.93181,43.17642],[-2.93178,43.17642],[-2.93174,43.17641],[-2.9317,43.17641],[-2.93168,43.1764],[-2.93164,43.17639],[-2.9316,43.17637],[-2.93156,43.17636],[-2.93151,43.17634],[-2.93147,43.17632],[-2.93141,43.17629],[-2.93137,43.17626],[-2.9313,43.17623],[-2.93124,43.17619],[-2.93119,43.17617],[-2.93114,43.17614],[-2.93108,43.17611],[-2.93102,43.17607],[-2.93096,43.17604],[-2.93091,43.17601],[-2.93087,43.17598],[-2.9308,43.17594],[-2.93077,43.17592],[-2.93072,43.17589],[-2.93068,43.17587],[-2.93063,43.17584],[-2.93059,43.17581],[-2.93052,43.17578],[-2.93048,43.17576],[-2.93045,43.17574],[-2.93041,43.17572],[-2.9304,43.1757],[-2.93037,43.17567],[-2.93035,43.17564],[-2.93032,43.17561],[-2.93028,43.17558],[-2.93023,43.17554],[-2.93017,43.17551],[-2.9301,43.17547],[-2.93003,43.17544],[-2.92997,43.17541],[-2.92989,43.17537],[-2.92983,43.17535],[-2.92973,43.1753],[-2.92965,43.17526],[-2.92956,43.17521],[-2.92949,43.17518],[-2.92938,43.17513],[-2.92931,43.1751],[-2.92924,43.17507],[-2.92914,43.17503],[-2.92901,43.17498],[-2.92888,43.17494],[-2.9288,43.17491],[-2.92872,43.17489],[-2.92865,43.17487],[-2.92856,43.17485],[-2.92851,43.17484],[-2.92843,43.17482],[-2.92837,43.17481],[-2.9283,43.17479],[-2.92824,43.17478],[-2.9282,43.17477],[-2.92815,43.17474],[-2.9281,43.17471],[-2.92805,43.17468],[-2.928,43.17466],[-2.92793,43.17465],[-2.92785,43.17464],[-2.92778,43.17462],[-2.92771,43.17461],[-2.92762,43.17459],[-2.92755,43.17458],[-2.92748,43.17457],[-2.9274,43.17456],[-2.92734,43.17456],[-2.92727,43.17456],[-2.92723,43.17456],[-2.92717,43.17456],[-2.92711,43.17457],[-2.92704,43.17456],[-2.92699,43.17456],[-2.92694,43.17455],[-2.92688,43.17453],[-2.92682,43.17452],[-2.92677,43.1745],[-2.92672,43.17448],[-2.92668,43.17445],[-2.92663,43.17442],[-2.92659,43.17439],[-2.92654,43.17435],[-2.9265,43.17432],[-2.92645,43.17429],[-2.92642,43.17426],[-2.92639,43.17424]]}},{"type":"Feature","properties":{"id":858664335,"highway":"track"},"geometry":{"type":"MultiLineString","coordinates":[[[-2.90946,43.1727],[-2.90949,43.1726],[-2.9094,43.17248],[-2.90909,43.17231],[-2.90879,43.17226]],[[-2.90821,43.17198],[-2.90818,43.17196],[-2.90796,43.17179],[-2.90759,43.17143],[-2.90738,43.17129],[-2.90725,43.17114],[-2.90691,43.17083],[-2.90649,43.17055]],[[-2.90615,43.16997],[-2.90606,43.16962],[-2.90593,43.16933],[-2.90583,43.16871],[-2.90571,43.16848],[-2.90563,43.16841]],[[-2.90526,43.16807],[-2.9052,43.16801],[-2.90495,43.16777],[-2.90455,43.16751]]]}},{"type":"Feature","properties":{"id":860986823,"highway":"track"},"geometry":{"type":"LineString","coordinates":[[-2.93944,43.16828],[-2.93952,43.16843],[-2.93959,43.16856],[-2.93967,43.16868],[-2.93975,43.16882],[-2.9398,43.16891],[-2.9398,43.16902],[-2.93984,43.16915],[-2.93992,43.16931],[-2.93997,43.16941],[-2.93999,43.16949],[-2.93997,43.16957],[-2.93986,43.1696],[-2.93971,43.16964],[-2.93956,43.16971],[-2.93934,43.16979],[-2.93913,43.16982],[-2.93901,43.16983],[-2.93879,43.1699],[-2.93857,43.16996],[-2.93839,43.17004],[-2.9382,43.17011],[-2.93803,43.17016],[-2.93782,43.17022],[-2.93765,43.17029],[-2.9375,43.1704],[-2.93735,43.17044],[-2.93709,43.17044],[-2.93687,43.17047],[-2.93666,43.17051],[-2.93648,43.17056],[-2.93632,43.17061],[-2.93602,43.17058],[-2.93576,43.17052],[-2.9357,43.1705],[-2.93547,43.17047],[-2.93534,43.17044],[-2.93505,43.17039],[-2.9347,43.17028],[-2.93438,43.1702],[-2.93417,43.17012],[-2.93392,43.17002],[-2.93372,43.16993],[-2.93358,43.1699],[-2.93341,43.16987],[-2.93319,43.16982],[-2.93295,43.16975],[-2.93267,43.16965],[-2.93246,43.16964],[-2.93224,43.16959],[-2.93202,43.1696],[-2.93168,43.16964],[-2.93133,43.16966],[-2.93091,43.16957],[-2.93068,43.16953],[-2.93043,43.16951],[-2.93021,43.16951],[-2.92994,43.1695],[-2.92971,43.16945],[-2.92945,43.16939],[-2.92927,43.16939],[-2.92906,43.16946],[-2.92883,43.16953],[-2.92855,43.1696],[-2.92821,43.1697],[-2.92784,43.16973],[-2.92754,43.16968],[-2.92738,43.16965]]}},{"type":"Feature","properties":{"id":860986824,"highway":"track"},"geometry":{"type":"LineString","coordinates":[[-2.9312,43.19139],[-2.93118,43.19131],[-2.93111,43.19123],[-2.93101,43.19116],[-2.93091,43.19109],[-2.9308,43.191],[-2.93068,43.19094],[-2.93056,43.19085],[-2.93042,43.1908],[-2.93029,43.19073],[-2.93018,43.19066],[-2.93012,43.19059],[-2.93005,43.19047],[-2.93002,43.19036],[-2.92995,43.19012],[-2.92992,43.19002],[-2.92992,43.18987],[-2.92994,43.1897],[-2.92995,43.18954],[-2.92995,43.18935]]}},{"type":"Feature","properties":{"id":860986825,"highway":"track"},"geometry":{"type":"LineString","coordinates":[[-2.92995,43.18935],[-2.93002,43.18903],[-2.93006,43.18882],[-2.93012,43.1886],[-2.93018,43.18845],[-2.93025,43.18829],[-2.93031,43.1882],[-2.93029,43.18809],[-2.9302,43.18797],[-2.92996,43.18789],[-2.92977,43.18788],[-2.92958,43.18789],[-2.92941,43.18792],[-2.92928,43.18795],[-2.92907,43.18795],[-2.9289,43.18791],[-2.92877,43.18781],[-2.9287,43.18773],[-2.92858,43.18766],[-2.92843,43.18768],[-2.92824,43.18764],[-2.92808,43.18755],[-2.92792,43.18746],[-2.92781,43.18737],[-2.92774,43.1873],[-2.92771,43.1872],[-2.92771,43.18703],[-2.92773,43.18684],[-2.92773,43.18666],[-2.92772,43.18644],[-2.92771,43.18634],[-2.92772,43.18623],[-2.92766,43.18613],[-2.92761,43.18606],[-2.92759,43.18601],[-2.92757,43.18599]]}},{"type":"Feature","properties":{"id":868817411,"highway":"track"},"geometry":{"type":"LineString","coordinates":[[-2.90614,43.16389],[-2.90618,43.1639],[-2.90631,43.16389],[-2.90646,43.16388],[-2.90656,43.16387],[-2.90669,43.16386],[-2.90681,43.16386],[-2.90696,43.16383],[-2.90708,43.1638],[-2.90725,43.16377],[-2.90739,43.16374],[-2.90752,43.1637],[-2.90765,43.16366],[-2.90779,43.16362],[-2.90794,43.16357],[-2.90806,43.16353],[-2.90819,43.16345],[-2.90832,43.16338],[-2.90843,43.16329],[-2.90854,43.1632],[-2.90867,43.16312],[-2.90878,43.16306],[-2.90894,43.163],[-2.90905,43.16294],[-2.90917,43.16288],[-2.90925,43.16282],[-2.90934,43.16275]]}},{"type":"Feature","properties":{"id":868820449,"highway":"track"},"geometry":{"type":"LineString","coordinates":[[-2.94493,43.16418],[-2.94493,43.16416],[-2.94491,43.16407],[-2.94491,43.16401],[-2.94492,43.16395],[-2.94494,43.16386],[-2.94496,43.16377],[-2.94497,43.16369],[-2.94497,43.16362],[-2.94491,43.16355],[-2.94485,43.16351],[-2.94481,43.16344],[-2.94476,43.16338],[-2.9447,43.16331],[-2.94464,43.16326],[-2.94457,43.1632],[-2.94448,43.16316],[-2.9444,43.16314],[-2.94428,43.16316],[-2.94415,43.16321],[-2.94404,43.16327],[-2.94393,43.16334],[-2.94386,43.16339],[-2.9438,43.16345],[-2.94375,43.1635],[-2.94372,43.16356],[-2.94374,43.16346],[-2.94379,43.1634],[-2.94385,43.16334],[-2.94392,43.16327],[-2.94398,43.16321],[-2.94406,43.16313],[-2.94415,43.16307],[-2.94429,43.16301],[-2.9444,43.16298],[-2.94447,43.16297],[-2.94451,43.16296],[-2.94466,43.16298],[-2.94475,43.163],[-2.94486,43.16302],[-2.94499,43.16305],[-2.94512,43.16308],[-2.94526,43.16311],[-2.94539,43.16314],[-2.94556,43.16318],[-2.94568,43.16321],[-2.94581,43.16325],[-2.94593,43.16329],[-2.94603,43.16333],[-2.94617,43.16337],[-2.94625,43.16339],[-2.94634,43.1634],[-2.94644,43.1634],[-2.94655,43.16337],[-2.94667,43.16333],[-2.9468,43.16327],[-2.94692,43.16318],[-2.94703,43.1631],[-2.94713,43.16302],[-2.94723,43.16294],[-2.94736,43.16287],[-2.94748,43.16281],[-2.94759,43.16277],[-2.94768,43.16274],[-2.94776,43.16273],[-2.94791,43.16272],[-2.94804,43.1627],[-2.94812,43.16269],[-2.94824,43.16269],[-2.94829,43.1627],[-2.94838,43.16269],[-2.94843,43.16266],[-2.94853,43.16259],[-2.94858,43.16255],[-2.94866,43.16251],[-2.94881,43.16247],[-2.94891,43.16244],[-2.94907,43.16235],[-2.9492,43.16229],[-2.9493,43.16224],[-2.94943,43.16217],[-2.94952,43.16213],[-2.94961,43.16207],[-2.94969,43.16201],[-2.94976,43.16196],[-2.94984,43.16193],[-2.94995,43.16191],[-2.95009,43.16188],[-2.95032,43.16185],[-2.95051,43.1618],[-2.95065,43.16177],[-2.95074,43.16177],[-2.95082,43.16173],[-2.95089,43.16166],[-2.95095,43.16157],[-2.95099,43.16148],[-2.95109,43.16139],[-2.95111,43.16135],[-2.95118,43.16128],[-2.95129,43.16122],[-2.95138,43.16116],[-2.95146,43.1611],[-2.95147,43.16105],[-2.95148,43.16098],[-2.95144,43.16092],[-2.95139,43.16085],[-2.95131,43.16076],[-2.95123,43.16068],[-2.95117,43.16059],[-2.9511,43.16048],[-2.95104,43.16039],[-2.95098,43.16031],[-2.95094,43.16024],[-2.95091,43.16016],[-2.95089,43.16006],[-2.95086,43.16],[-2.95079,43.15994],[-2.9507,43.15991],[-2.95061,43.15988],[-2.95049,43.15986],[-2.95037,43.15984],[-2.95027,43.1598],[-2.95014,43.15974],[-2.95004,43.15969],[-2.94995,43.15963],[-2.94988,43.15958],[-2.94976,43.15953],[-2.94965,43.15948],[-2.94954,43.1594],[-2.9495,43.15932],[-2.94946,43.15926],[-2.94943,43.15921],[-2.94937,43.15917],[-2.94931,43.15913],[-2.94927,43.1591],[-2.94913,43.15909],[-2.949,43.1591],[-2.9489,43.15912],[-2.94877,43.15913],[-2.94866,43.15913],[-2.94855,43.15913],[-2.94843,43.15912],[-2.94833,43.15909],[-2.94823,43.15905],[-2.94815,43.159],[-2.94809,43.15894],[-2.94804,43.15887],[-2.94798,43.15879],[-2.94796,43.15872],[-2.94794,43.15866],[-2.94794,43.15861],[-2.94794,43.15856]]}},{"type":"Feature","properties":{"id":868820450,"highway":"track"},"geometry":{"type":"LineString","coordinates":[[-2.94447,43.16297],[-2.94437,43.16291]]}},{"type":"Feature","properties":{"id":868820451,"highway":"track"},"geometry":{"type":"LineString","coordinates":[[-2.94372,43.16356],[-2.9437,43.16364]]}},{"type":"Feature","properties":{"id":871613978,"highway":"track"},"geometry":{"type":"LineString","coordinates":[[-2.94245,43.16544],[-2.94252,43.16542],[-2.94264,43.1654],[-2.94274,43.16538],[-2.94282,43.16535],[-2.94293,43.16529],[-2.94302,43.16525],[-2.94314,43.16519],[-2.94324,43.16517],[-2.94331,43.16514],[-2.9434,43.16511],[-2.94349,43.16509],[-2.94355,43.16507],[-2.94366,43.16505],[-2.94373,43.16492],[-2.94372,43.16485],[-2.94374,43.16476],[-2.94376,43.16467],[-2.94378,43.16461],[-2.94381,43.16451],[-2.94382,43.16441],[-2.9438,43.16431],[-2.94378,43.16421],[-2.94376,43.16413],[-2.94372,43.16403],[-2.94367,43.16397],[-2.94364,43.1639],[-2.94366,43.16381],[-2.9437,43.16374],[-2.9437,43.16364]]}},{"type":"Feature","properties":{"id":871613979,"highway":"track"},"geometry":{"type":"LineString","coordinates":[[-2.93863,43.16019],[-2.93873,43.16027],[-2.93882,43.16034],[-2.9389,43.16041],[-2.93897,43.16049],[-2.93904,43.16058],[-2.9391,43.16067],[-2.93917,43.16076],[-2.93924,43.16088],[-2.93928,43.16095],[-2.93934,43.16106],[-2.93939,43.16116],[-2.93944,43.16127],[-2.9395,43.16137],[-2.93957,43.16146],[-2.93963,43.16155],[-2.9397,43.16165],[-2.93975,43.16173],[-2.93983,43.16185],[-2.93991,43.16194],[-2.93999,43.16202],[-2.94007,43.1621],[-2.94015,43.16218],[-2.94023,43.16228],[-2.94028,43.16241],[-2.94036,43.16257],[-2.94049,43.16269],[-2.94059,43.1628],[-2.94068,43.16289],[-2.94079,43.16302],[-2.94087,43.16314],[-2.94095,43.16325],[-2.94102,43.16336],[-2.94112,43.16347],[-2.94123,43.16355],[-2.94141,43.16368],[-2.94153,43.16373],[-2.94169,43.16377],[-2.94184,43.16378],[-2.942,43.1638],[-2.94219,43.16381],[-2.9423,43.16379],[-2.94247,43.16373],[-2.94259,43.16366],[-2.94269,43.16353],[-2.94277,43.16342],[-2.9429,43.16328],[-2.943,43.16316],[-2.94307,43.16308],[-2.94319,43.16297],[-2.94323,43.16281],[-2.94323,43.1627],[-2.94324,43.16257],[-2.9433,43.16246],[-2.94341,43.16236],[-2.94347,43.16233],[-2.94352,43.16231],[-2.94374,43.16226],[-2.944,43.16222],[-2.94425,43.1622],[-2.94443,43.16219],[-2.94458,43.16218],[-2.9448,43.16216],[-2.94496,43.16217],[-2.94501,43.16219],[-2.9451,43.16223],[-2.94525,43.16233],[-2.94544,43.16242],[-2.94558,43.16249],[-2.94573,43.16258],[-2.94585,43.16267],[-2.94597,43.16276],[-2.94609,43.16285],[-2.94617,43.1629],[-2.94627,43.16296],[-2.94642,43.16296],[-2.94656,43.1629],[-2.9467,43.16283],[-2.94681,43.16273],[-2.94688,43.16263],[-2.94701,43.16252],[-2.94712,43.16246],[-2.94725,43.1624],[-2.94742,43.16237],[-2.94759,43.16236],[-2.94777,43.16234],[-2.94795,43.16234],[-2.94804,43.16234],[-2.94819,43.16236],[-2.94829,43.16235],[-2.94839,43.16228],[-2.94851,43.1622],[-2.94865,43.16209],[-2.94876,43.16202],[-2.94887,43.16194],[-2.94895,43.16187],[-2.94902,43.16177],[-2.94903,43.16168],[-2.94904,43.16155],[-2.94909,43.16148],[-2.94927,43.16142],[-2.94945,43.16137],[-2.94959,43.16134],[-2.94972,43.16132],[-2.94984,43.1613],[-2.94992,43.16129]]}},{"type":"Feature","properties":{"id":871613980,"highway":"track"},"geometry":{"type":"LineString","coordinates":[[-2.94501,43.16219],[-2.9452,43.16216],[-2.94538,43.16216],[-2.9455,43.16215],[-2.94569,43.16216],[-2.94589,43.16221],[-2.94604,43.16225],[-2.94615,43.16228],[-2.94624,43.16231],[-2.94637,43.16231],[-2.9465,43.16224],[-2.94663,43.16216],[-2.94674,43.16209],[-2.94688,43.16202],[-2.94699,43.16197],[-2.94715,43.16194],[-2.94735,43.16193],[-2.9475,43.16193],[-2.9477,43.16194],[-2.94781,43.16194],[-2.948,43.16192],[-2.94816,43.16189],[-2.94831,43.16183],[-2.94839,43.16174],[-2.94842,43.16166],[-2.94845,43.16157],[-2.94847,43.16146],[-2.94852,43.16139],[-2.94858,43.1613],[-2.94867,43.16121],[-2.94877,43.16113],[-2.9489,43.16104],[-2.94903,43.16095],[-2.94917,43.16087],[-2.94927,43.1608],[-2.94937,43.16074],[-2.94942,43.16067]]}},{"type":"Feature","properties":{"id":871613981,"highway":"track"},"geometry":{"type":"LineString","coordinates":[[-2.94942,43.16067],[-2.94941,43.16059],[-2.94937,43.16053],[-2.94926,43.16045],[-2.94915,43.16038],[-2.94906,43.1603],[-2.94898,43.16021],[-2.94893,43.16013],[-2.94888,43.16003],[-2.94883,43.15993],[-2.94877,43.15986],[-2.94862,43.15987],[-2.94842,43.15989],[-2.94829,43.1599],[-2.9481,43.15988],[-2.94789,43.15984],[-2.94764,43.15979],[-2.94736,43.15966],[-2.94715,43.15955],[-2.94698,43.15946],[-2.94676,43.15936],[-2.9466,43.15928],[-2.94645,43.15919],[-2.94634,43.15911]]}},{"type":"Feature","properties":{"id":871613982,"highway":"path"},"geometry":{"type":"LineString","coordinates":[[-2.94219,43.16381],[-2.9423,43.16372],[-2.94237,43.1636],[-2.94242,43.16349],[-2.94248,43.16329],[-2.94257,43.1632],[-2.94267,43.16315],[-2.94279,43.16305],[-2.94286,43.16296],[-2.94289,43.16287],[-2.94292,43.16273],[-2.94294,43.16261],[-2.94296,43.1625],[-2.94299,43.16239],[-2.94299,43.1623],[-2.94301,43.1622],[-2.94306,43.16213],[-2.94314,43.16206],[-2.94323,43.16207],[-2.9433,43.16212],[-2.94334,43.16218],[-2.94337,43.16224],[-2.94347,43.16233]]}},{"type":"Feature","properties":{"id":871613983,"highway":"track"},"geometry":{"type":"LineString","coordinates":[[-2.94347,43.16233],[-2.94353,43.1624],[-2.94355,43.16246],[-2.94357,43.16252],[-2.94358,43.16259],[-2.9436,43.16266],[-2.94367,43.16272],[-2.94376,43.16276],[-2.94383,43.16279],[-2.94395,43.1628],[-2.94405,43.16281],[-2.94414,43.16282],[-2.94421,43.16283],[-2.94429,43.16286],[-2.94437,43.16291]]}},{"type":"Feature","properties":{"id":872280417,"highway":"path"},"geometry":{"type":"LineString","coordinates":[[-2.92672,43.17448],[-2.9266,43.17447],[-2.9265,43.17448],[-2.9264,43.17449],[-2.92632,43.17451],[-2.92622,43.17456],[-2.92614,43.17459],[-2.92608,43.17461]]}},{"type":"Feature","properties":{"id":875744274,"highway":"track"},"geometry":{"type":"LineString","coordinates":[[-2.93597,43.1808],[-2.9359,43.18085],[-2.93585,43.18093],[-2.93582,43.181],[-2.93582,43.18108],[-2.93581,43.18119],[-2.9358,43.18126],[-2.93574,43.18135],[-2.93566,43.18142],[-2.93553,43.1815],[-2.93544,43.18157],[-2.93529,43.18164],[-2.93512,43.18169],[-2.93502,43.18171],[-2.93489,43.18169],[-2.93472,43.18165]]}},{"type":"Feature","properties":{"id":875744275,"highway":"track"},"geometry":{"type":"LineString","coordinates":[[-2.93597,43.1808],[-2.93594,43.18088],[-2.93598,43.18093],[-2.93606,43.18098],[-2.93615,43.18101],[-2.93622,43.18105],[-2.93629,43.1811],[-2.93632,43.18116],[-2.93631,43.18122],[-2.93629,43.18128],[-2.93625,43.18136],[-2.9362,43.18144],[-2.93617,43.18149],[-2.93614,43.18154],[-2.93611,43.18164],[-2.93612,43.18174],[-2.93613,43.18183],[-2.93614,43.18189],[-2.93615,43.18196],[-2.93617,43.18205],[-2.93621,43.18211],[-2.93623,43.18217],[-2.93627,43.18222],[-2.93632,43.18228],[-2.9364,43.18234],[-2.93645,43.18237],[-2.93647,43.18238],[-2.93653,43.18241],[-2.93659,43.18247],[-2.93662,43.18252],[-2.93666,43.18257],[-2.93674,43.18264],[-2.9368,43.18268],[-2.9369,43.18269],[-2.937,43.18269],[-2.93709,43.18267],[-2.93715,43.18264],[-2.93724,43.18265],[-2.93732,43.18268],[-2.93738,43.18273],[-2.93739,43.1828],[-2.93739,43.18286],[-2.93737,43.18294],[-2.93732,43.18301],[-2.93725,43.18311],[-2.9372,43.18319],[-2.93714,43.18327],[-2.93706,43.18335],[-2.93698,43.18343],[-2.93689,43.1835],[-2.9368,43.18358],[-2.93672,43.18366],[-2.93663,43.18374],[-2.93653,43.18382],[-2.93643,43.18388],[-2.93632,43.18396],[-2.93619,43.18403],[-2.9361,43.1841]]}},{"type":"Feature","properties":{"id":875744276,"highway":"track"},"geometry":{"type":"LineString","coordinates":[[-2.9228,43.17562],[-2.92289,43.17566],[-2.92297,43.17571],[-2.92309,43.17579],[-2.92322,43.17586],[-2.92332,43.17593],[-2.92346,43.17602],[-2.92356,43.17611],[-2.9237,43.17618],[-2.92385,43.17623],[-2.92403,43.17626],[-2.92414,43.17631],[-2.92426,43.17641],[-2.92435,43.17649],[-2.92448,43.17658],[-2.92462,43.17665],[-2.92479,43.1767],[-2.92494,43.17673],[-2.92505,43.17674],[-2.92519,43.17674],[-2.92529,43.17671],[-2.92538,43.17669],[-2.92547,43.17668],[-2.92555,43.1767],[-2.92559,43.17676],[-2.92558,43.17683],[-2.92557,43.1769],[-2.92553,43.17699],[-2.92546,43.17711],[-2.92543,43.17717],[-2.92544,43.17723],[-2.9255,43.17729],[-2.92561,43.17735],[-2.92573,43.17741],[-2.92588,43.17748],[-2.926,43.17754],[-2.92612,43.1776],[-2.92627,43.17768],[-2.92642,43.17776],[-2.92654,43.17785],[-2.92672,43.17793],[-2.92693,43.17804],[-2.92705,43.17811],[-2.92716,43.17819],[-2.92724,43.17827],[-2.9273,43.17841],[-2.92735,43.17856],[-2.9274,43.17873],[-2.92743,43.17888],[-2.92743,43.17901],[-2.92743,43.17913],[-2.92748,43.17927],[-2.92756,43.17944],[-2.92769,43.1796],[-2.92781,43.17973],[-2.92791,43.17981],[-2.92799,43.17988],[-2.92817,43.18002],[-2.92837,43.18014],[-2.92851,43.18024],[-2.92863,43.18032],[-2.92879,43.18039],[-2.92899,43.18048]]}},{"type":"Feature","properties":{"id":882337177,"highway":"track"},"geometry":{"type":"MultiLineString","coordinates":[[[-2.93658,43.19977],[-2.9366,43.19973],[-2.93656,43.19956],[-2.93661,43.19934],[-2.93653,43.19926],[-2.93636,43.19931],[-2.93611,43.19931],[-2.93527,43.19912],[-2.93478,43.19894],[-2.93435,43.1987],[-2.9343,43.19867],[-2.93429,43.19834],[-2.93439,43.198],[-2.93496,43.19745]],[[-2.93472,43.1971],[-2.93394,43.19707],[-2.93356,43.19693],[-2.93319,43.19674],[-2.93286,43.19645],[-2.93281,43.19636],[-2.93277,43.19629]]]}},{"type":"Feature","properties":{"id":882337178,"highway":"track"},"geometry":{"type":"LineString","coordinates":[[-2.94526,43.20166],[-2.94502,43.20164],[-2.94478,43.2016]]}},{"type":"Feature","properties":{"id":882337179,"highway":"track"},"geometry":{"type":"MultiLineString","coordinates":[[[-2.94065,43.19768],[-2.94096,43.19845],[-2.94095,43.19851]],[[-2.94332,43.2008],[-2.94333,43.20081],[-2.94371,43.20094],[-2.94424,43.20134],[-2.94446,43.20148],[-2.94478,43.2016],[-2.94478,43.20169],[-2.9446,43.20204]]]}},{"type":"Feature","properties":{"id":882337180,"highway":"track"},"geometry":{"type":"LineString","coordinates":[[-2.93274,43.19618],[-2.93264,43.1962],[-2.93235,43.19641],[-2.93198,43.19659],[-2.93158,43.19673],[-2.9309,43.19692],[-2.93054,43.19709],[-2.9294,43.19686],[-2.92887,43.19654],[-2.9285,43.19634],[-2.92833,43.19642],[-2.92826,43.19642],[-2.92817,43.1964],[-2.92814,43.19637],[-2.92813,43.19634],[-2.92815,43.19611],[-2.92814,43.19607],[-2.92809,43.19602],[-2.92792,43.19582],[-2.92786,43.1958],[-2.92749,43.19574],[-2.92734,43.1957],[-2.92701,43.19555],[-2.92691,43.19548],[-2.92686,43.19539],[-2.92689,43.19529],[-2.92694,43.19522],[-2.92713,43.19502],[-2.9272,43.19498],[-2.92727,43.19495],[-2.9276,43.19486],[-2.92773,43.19484],[-2.92777,43.19479]]}},{"type":"Feature","properties":{"id":882337181,"highway":"service"},"geometry":{"type":"LineString","coordinates":[[-2.9258,43.19683],[-2.92563,43.19691],[-2.92549,43.19695],[-2.92537,43.19707],[-2.92529,43.19712]]}},{"type":"Feature","properties":{"id":882337182,"highway":"service","nombre":"Aspiuntza auzoa","izena_eu":"Aspiuntza auzoa"},"geometry":{"type":"LineString","coordinates":[[-2.92528,43.19471],[-2.92518,43.19485],[-2.92517,43.19489],[-2.92518,43.19493],[-2.92528,43.19509],[-2.92526,43.19516],[-2.92514,43.19544],[-2.92517,43.19552],[-2.92522,43.19561],[-2.92536,43.19571],[-2.92556,43.19585],[-2.92583,43.19599],[-2.92592,43.19606],[-2.92598,43.19618],[-2.92597,43.19625],[-2.92583,43.19637],[-2.92571,43.19649],[-2.92569,43.19656],[-2.9257,43.19664],[-2.92578,43.19679],[-2.9258,43.19683],[-2.92583,43.1969],[-2.92585,43.19708],[-2.92605,43.19719],[-2.92623,43.19735],[-2.9265,43.1975]]}},{"type":"Feature","properties":{"id":882718966,"highway":"path","superficie":"ground"},"geometry":{"type":"LineString","coordinates":[[-2.95358,43.2065],[-2.95336,43.20668],[-2.95308,43.20671],[-2.95231,43.20666],[-2.95203,43.20648],[-2.95196,43.20613]]}},{"type":"Feature","properties":{"id":903344428,"highway":"path"},"geometry":{"type":"LineString","coordinates":[[-2.92668,43.17614],[-2.92672,43.17609],[-2.92673,43.17604],[-2.92673,43.17599],[-2.92672,43.17593],[-2.9267,43.17589],[-2.9267,43.17583],[-2.9267,43.17578],[-2.92672,43.17571],[-2.92674,43.17565],[-2.92677,43.17559],[-2.92678,43.1755],[-2.92677,43.17544],[-2.92673,43.17538],[-2.92666,43.17532],[-2.92652,43.17527],[-2.92639,43.17521],[-2.9263,43.17515],[-2.92621,43.17511],[-2.92613,43.17508],[-2.926,43.17504],[-2.92592,43.17501],[-2.92586,43.17498],[-2.9258,43.17496]]}},{"type":"Feature","properties":{"id":903344429,"highway":"track"},"geometry":{"type":"LineString","coordinates":[[-2.9258,43.17496],[-2.92575,43.17493],[-2.92566,43.17487],[-2.92561,43.17483],[-2.92555,43.17479],[-2.92548,43.17473],[-2.92542,43.17464],[-2.92536,43.17454],[-2.92535,43.17445],[-2.92532,43.17433],[-2.9253,43.17418],[-2.9253,43.17406],[-2.92533,43.17395],[-2.92533,43.17387],[-2.92537,43.17372],[-2.92539,43.17366]]}},{"type":"Feature","properties":{"id":903344430,"highway":"track"},"geometry":{"type":"LineString","coordinates":[[-2.92551,43.17249],[-2.9257,43.1726],[-2.92575,43.17262],[-2.92583,43.17265],[-2.92596,43.17268],[-2.92606,43.17273],[-2.92616,43.17279],[-2.92622,43.17285],[-2.92626,43.17291],[-2.92635,43.17297],[-2.92644,43.17302],[-2.92655,43.17315],[-2.92665,43.17323],[-2.92676,43.17328],[-2.92686,43.17328],[-2.92695,43.17327],[-2.92706,43.17325],[-2.92717,43.17321],[-2.92729,43.17319],[-2.92743,43.17317],[-2.92754,43.17315],[-2.92766,43.17312],[-2.92777,43.17309],[-2.92787,43.17307],[-2.928,43.17306],[-2.92813,43.17306],[-2.92826,43.17306],[-2.9284,43.17308],[-2.92853,43.17309],[-2.92867,43.17311],[-2.92877,43.17312],[-2.92889,43.17311],[-2.92904,43.17311],[-2.92917,43.17313],[-2.92928,43.17315],[-2.92937,43.17316],[-2.92948,43.1732],[-2.92956,43.17325],[-2.92965,43.17331],[-2.92975,43.17334],[-2.92984,43.17338],[-2.92998,43.1734],[-2.93009,43.17343],[-2.93019,43.17346],[-2.93028,43.1735],[-2.93039,43.17356],[-2.93047,43.17363],[-2.93057,43.17376],[-2.93064,43.17384],[-2.93068,43.17391],[-2.93076,43.17398],[-2.93086,43.17403],[-2.93097,43.17409],[-2.93109,43.17413],[-2.93119,43.17418],[-2.93128,43.17423],[-2.9314,43.17425],[-2.93152,43.17424],[-2.93163,43.17422],[-2.93171,43.17421],[-2.93181,43.1742]]}},{"type":"Feature","properties":{"id":903344431,"highway":"path"},"geometry":{"type":"LineString","coordinates":[[-2.93181,43.1742],[-2.93189,43.17419],[-2.93187,43.17415],[-2.93183,43.17414],[-2.93179,43.1741],[-2.93178,43.17406]]}},{"type":"Feature","properties":{"id":903344432,"highway":"track"},"geometry":{"type":"LineString","coordinates":[[-2.93178,43.17406],[-2.93172,43.17399],[-2.93167,43.17392],[-2.93165,43.17387],[-2.93166,43.17378],[-2.93168,43.1737],[-2.93168,43.1736],[-2.93169,43.17351],[-2.93169,43.17344],[-2.93169,43.17336],[-2.93169,43.17325],[-2.93169,43.17317],[-2.93167,43.17309],[-2.93166,43.173],[-2.93164,43.17289],[-2.93162,43.17279],[-2.93161,43.17271],[-2.93158,43.17261],[-2.93154,43.17252],[-2.93148,43.17243],[-2.93146,43.17239],[-2.93139,43.17232],[-2.9313,43.17222],[-2.93126,43.17212],[-2.93124,43.17204],[-2.93123,43.17198],[-2.93128,43.17186],[-2.93131,43.1718],[-2.93127,43.17174],[-2.9312,43.17172],[-2.9311,43.17169],[-2.93102,43.17165],[-2.9309,43.1716],[-2.9308,43.17153],[-2.93068,43.17146],[-2.93057,43.1714],[-2.9304,43.17134],[-2.93018,43.1713],[-2.93,43.17126],[-2.92985,43.1712],[-2.92966,43.17114],[-2.92951,43.17109],[-2.92941,43.17103],[-2.92933,43.17096],[-2.92927,43.17089],[-2.9292,43.17077],[-2.92914,43.17063],[-2.92909,43.17058],[-2.92897,43.17049],[-2.92882,43.17043],[-2.92871,43.17037],[-2.92861,43.17032],[-2.92847,43.17023],[-2.92837,43.17016],[-2.92824,43.17008],[-2.92799,43.16997],[-2.92782,43.16988],[-2.92764,43.16978],[-2.9275,43.16972],[-2.92738,43.16965]]}},{"type":"Feature","properties":{"id":905586442,"highway":"track"},"geometry":{"type":"LineString","coordinates":[[-2.93034,43.16785],[-2.93049,43.16788],[-2.93059,43.16793],[-2.93069,43.16799],[-2.93081,43.16807],[-2.93093,43.16813],[-2.93102,43.16819],[-2.9311,43.16824],[-2.93123,43.16831],[-2.93129,43.16835],[-2.93136,43.16839],[-2.93142,43.16846],[-2.93147,43.1685],[-2.93153,43.16852],[-2.93162,43.16853],[-2.93173,43.16854],[-2.93183,43.16854],[-2.93191,43.16854],[-2.93202,43.16854],[-2.93211,43.16854],[-2.93219,43.16853],[-2.93229,43.16851],[-2.93236,43.16847],[-2.93245,43.16844],[-2.93255,43.16842],[-2.93264,43.16841],[-2.93273,43.1684],[-2.9328,43.16842],[-2.93284,43.16845],[-2.93289,43.16851],[-2.93296,43.16858],[-2.93302,43.16863],[-2.93309,43.16868],[-2.93313,43.16872],[-2.93323,43.16875],[-2.9333,43.16876],[-2.9334,43.16878],[-2.9335,43.1688],[-2.93358,43.16881],[-2.93367,43.16882],[-2.93377,43.16882],[-2.93387,43.16882],[-2.93396,43.16883],[-2.93406,43.16883],[-2.93415,43.16884],[-2.93423,43.16885],[-2.93433,43.16887],[-2.93441,43.16888],[-2.9345,43.16889],[-2.9346,43.16886],[-2.9347,43.16883],[-2.93478,43.16882],[-2.93486,43.16882],[-2.93495,43.16883],[-2.93504,43.16884],[-2.93512,43.16883],[-2.93518,43.16882],[-2.93522,43.16879],[-2.93522,43.16872],[-2.93523,43.16865],[-2.93524,43.16858],[-2.93525,43.16853],[-2.93522,43.16844],[-2.93517,43.16836],[-2.93514,43.16828],[-2.93513,43.1682],[-2.93511,43.16811],[-2.93511,43.16804],[-2.9351,43.16796],[-2.93509,43.16789],[-2.93508,43.1678],[-2.93508,43.16775],[-2.93505,43.16768],[-2.93505,43.16763],[-2.93511,43.16759],[-2.93519,43.16757],[-2.93527,43.16758],[-2.93536,43.16762],[-2.93544,43.16768],[-2.93554,43.16774],[-2.93561,43.1678],[-2.9357,43.16785],[-2.93576,43.1679],[-2.93585,43.16797],[-2.9359,43.16803],[-2.93597,43.16808],[-2.93605,43.16815],[-2.93614,43.16822],[-2.93621,43.1683],[-2.93626,43.16838],[-2.93631,43.16842],[-2.93637,43.16847]]}},{"type":"Feature","properties":{"id":905586443,"highway":"track"},"geometry":{"type":"LineString","coordinates":[[-2.93576,43.17052],[-2.93585,43.17049],[-2.93594,43.17046],[-2.93604,43.17042],[-2.93614,43.17038],[-2.93622,43.17037],[-2.93632,43.17034],[-2.93641,43.17032],[-2.93648,43.17029],[-2.93655,43.17026],[-2.93663,43.17023],[-2.93671,43.17018],[-2.9368,43.17015],[-2.93689,43.17013],[-2.93699,43.1701],[-2.93709,43.17009],[-2.93717,43.1701],[-2.93724,43.17009],[-2.93732,43.17005],[-2.9374,43.17],[-2.93749,43.16995],[-2.93757,43.16992],[-2.93767,43.16987],[-2.93778,43.16982],[-2.93787,43.16977],[-2.93797,43.16972],[-2.93806,43.16968],[-2.93815,43.16964],[-2.93825,43.16959],[-2.93836,43.16955],[-2.93845,43.16951],[-2.93854,43.16947],[-2.93861,43.16944],[-2.9387,43.16942],[-2.93876,43.16939],[-2.93883,43.16938],[-2.93886,43.16935],[-2.93884,43.1693],[-2.93881,43.16925],[-2.93877,43.16919],[-2.93872,43.16914],[-2.93868,43.16908],[-2.93861,43.16902],[-2.93856,43.16897],[-2.9385,43.16893],[-2.93841,43.16889],[-2.93832,43.16886],[-2.93826,43.16883],[-2.93818,43.16879],[-2.9381,43.16876],[-2.93802,43.16874],[-2.93792,43.16872],[-2.93783,43.16868],[-2.93775,43.16865],[-2.93767,43.1686],[-2.93759,43.16856],[-2.9375,43.16853],[-2.9374,43.16851],[-2.93731,43.16849],[-2.93721,43.16847],[-2.93709,43.16843],[-2.93698,43.1684],[-2.93688,43.16837],[-2.93679,43.16835],[-2.93673,43.16831],[-2.93667,43.16826],[-2.93663,43.16819],[-2.93662,43.16826],[-2.93664,43.16831],[-2.93666,43.16835],[-2.93671,43.1684]]}},{"type":"Feature","properties":{"id":905587102,"highway":"track"},"geometry":{"type":"LineString","coordinates":[[-2.93637,43.16847],[-2.93644,43.16849],[-2.93654,43.16852],[-2.93659,43.16855],[-2.93667,43.16859],[-2.93673,43.1686],[-2.9368,43.16858],[-2.93684,43.16852],[-2.93679,43.16848],[-2.93675,43.16845],[-2.93671,43.1684]]}},{"type":"Feature","properties":{"id":907529668,"highway":"track"},"geometry":{"type":"LineString","coordinates":[[-2.92824,43.17008],[-2.92841,43.17011],[-2.92851,43.17014],[-2.92862,43.17015],[-2.92881,43.17019],[-2.9289,43.17022],[-2.92903,43.17026],[-2.92914,43.17029],[-2.92925,43.17033],[-2.92935,43.17035],[-2.92947,43.1704],[-2.92957,43.17042],[-2.92969,43.17044],[-2.92981,43.17046],[-2.92993,43.17048],[-2.93006,43.17051],[-2.93021,43.17055],[-2.93031,43.17058],[-2.93042,43.1706],[-2.93056,43.17063],[-2.9307,43.17066]]}},{"type":"Feature","properties":{"id":907529669,"highway":"track"},"geometry":{"type":"LineString","coordinates":[[-2.93133,43.16966],[-2.93131,43.16973],[-2.9313,43.16981],[-2.93134,43.16989],[-2.9314,43.16998],[-2.9315,43.17007],[-2.93161,43.17015],[-2.93171,43.17022],[-2.93181,43.17029],[-2.93194,43.17039],[-2.93209,43.17048],[-2.93225,43.17057],[-2.93241,43.17062],[-2.9326,43.17067],[-2.9328,43.17071],[-2.93297,43.17076],[-2.93312,43.1708],[-2.93328,43.17087],[-2.93341,43.17094],[-2.93354,43.17102],[-2.93369,43.17112],[-2.9338,43.17123],[-2.93391,43.17133],[-2.934,43.17142],[-2.9341,43.17154],[-2.93417,43.17165],[-2.93423,43.17175],[-2.93428,43.17189],[-2.93427,43.17202],[-2.93423,43.17213],[-2.93421,43.17228],[-2.93418,43.17242],[-2.93418,43.17256],[-2.93417,43.17269],[-2.93417,43.17285],[-2.93418,43.17298],[-2.93419,43.17305],[-2.93423,43.1731],[-2.93429,43.17314],[-2.93438,43.17316],[-2.93447,43.17317],[-2.93458,43.17319]]}},{"type":"Feature","properties":{"id":907529670,"highway":"track"},"geometry":{"type":"LineString","coordinates":[[-2.93458,43.17319],[-2.93469,43.17321],[-2.93481,43.17319],[-2.93492,43.17317],[-2.93504,43.17314],[-2.93518,43.17311],[-2.93529,43.17309],[-2.93538,43.17306],[-2.93548,43.17304],[-2.93561,43.17301],[-2.93575,43.173],[-2.93589,43.17299],[-2.93604,43.17301],[-2.93616,43.17305],[-2.93632,43.17305],[-2.93648,43.17306],[-2.93663,43.17308],[-2.93676,43.17307],[-2.9369,43.17306],[-2.9371,43.17306],[-2.93723,43.17307],[-2.93737,43.17308],[-2.93754,43.1731],[-2.93771,43.17312],[-2.93784,43.17316],[-2.93793,43.1732],[-2.93808,43.17323],[-2.93822,43.17326],[-2.93835,43.17328],[-2.9385,43.1733],[-2.93867,43.17334],[-2.93881,43.17336],[-2.9389,43.17339],[-2.939,43.17339],[-2.9391,43.17338],[-2.93919,43.17337],[-2.93936,43.17336],[-2.93947,43.17334],[-2.9396,43.17332],[-2.9397,43.1733],[-2.93982,43.1733],[-2.93991,43.17329]]}},{"type":"Feature","properties":{"id":908171572,"highway":"path"},"geometry":{"type":"LineString","coordinates":[[-2.93827,43.17241],[-2.93795,43.17236],[-2.93775,43.17233],[-2.93747,43.17234],[-2.93725,43.17229],[-2.93704,43.17223],[-2.93682,43.17216],[-2.93666,43.17209],[-2.9365,43.17204],[-2.93635,43.17196],[-2.93623,43.17183],[-2.93609,43.17162],[-2.93592,43.17139],[-2.93579,43.17114],[-2.9357,43.17101],[-2.93562,43.17086],[-2.93546,43.1706],[-2.93547,43.17047]]}},{"type":"Feature","properties":{"id":908171574,"highway":"path"},"geometry":{"type":"LineString","coordinates":[[-2.94366,43.16505],[-2.94364,43.1651],[-2.94363,43.16514],[-2.9436,43.16517],[-2.94356,43.16521],[-2.94351,43.16524],[-2.94344,43.16524],[-2.94338,43.16526],[-2.94334,43.16528],[-2.9433,43.16531],[-2.94329,43.16537],[-2.9433,43.16542],[-2.94331,43.16546],[-2.94335,43.1655],[-2.94337,43.16555],[-2.94337,43.1656],[-2.94338,43.16564],[-2.94337,43.16569],[-2.94334,43.16573],[-2.94331,43.16576],[-2.94328,43.16581],[-2.94322,43.16583],[-2.94319,43.16586],[-2.94315,43.1659],[-2.94308,43.16594],[-2.94304,43.16596],[-2.943,43.166],[-2.94296,43.16604],[-2.94291,43.16607],[-2.94286,43.1661],[-2.9428,43.16611],[-2.94274,43.16611],[-2.94269,43.16614],[-2.94265,43.16618],[-2.94258,43.16622]]}},{"type":"Feature","properties":{"id":929221000,"highway":"track","superficie":"ground"},"geometry":{"type":"MultiLineString","coordinates":[[[-2.95345,43.20809],[-2.95347,43.20815],[-2.95349,43.20824],[-2.95352,43.20842],[-2.95357,43.20861],[-2.95359,43.20873],[-2.95361,43.2088],[-2.95366,43.20888],[-2.95369,43.20893],[-2.95374,43.20896],[-2.95378,43.20897],[-2.95388,43.209],[-2.95398,43.20902],[-2.95415,43.20906],[-2.95434,43.20912],[-2.9545,43.20918],[-2.95464,43.20926],[-2.9548,43.20933],[-2.95491,43.20938],[-2.95505,43.20945],[-2.95522,43.20953],[-2.95529,43.20957],[-2.95544,43.20963],[-2.95554,43.20967],[-2.95562,43.20971],[-2.95576,43.20978],[-2.95584,43.20982],[-2.95592,43.20991],[-2.95598,43.20998],[-2.95598,43.21012],[-2.95598,43.21024],[-2.95601,43.21036],[-2.95606,43.2105]],[[-2.95686,43.21099],[-2.95693,43.21102],[-2.95703,43.21109],[-2.95709,43.21124],[-2.95707,43.21142],[-2.95706,43.21159],[-2.95687,43.21196],[-2.95671,43.21208],[-2.95668,43.2121]],[[-2.95667,43.21236],[-2.95669,43.21241],[-2.95669,43.21248]]]}},{"type":"Feature","properties":{"id":929221001,"highway":"track","superficie":"ground"},"geometry":{"type":"LineString","coordinates":[[-2.95678,43.21257],[-2.95684,43.2125],[-2.95696,43.21234],[-2.95702,43.21216],[-2.95724,43.21225],[-2.95731,43.21226]]}},{"type":"Feature","properties":{"id":935968553,"highway":"path"},"geometry":{"type":"LineString","coordinates":[[-2.92277,43.17562],[-2.92262,43.17557],[-2.92253,43.17554],[-2.92245,43.17551],[-2.92237,43.17546],[-2.92231,43.1754],[-2.92219,43.1754],[-2.92208,43.17539],[-2.92196,43.17539],[-2.92177,43.17539]]}},{"type":"Feature","properties":{"id":935968554,"highway":"path"},"geometry":{"type":"LineString","coordinates":[[-2.92791,43.17981],[-2.92805,43.17987],[-2.92816,43.17991],[-2.92828,43.17996],[-2.92834,43.17998],[-2.92846,43.18],[-2.9286,43.18002],[-2.92879,43.1801],[-2.92895,43.18016],[-2.92907,43.18018],[-2.92922,43.18021],[-2.92943,43.18022],[-2.92957,43.18021],[-2.92971,43.18018],[-2.92994,43.18014],[-2.93009,43.18007],[-2.93022,43.18],[-2.93032,43.17994],[-2.93038,43.17987],[-2.93045,43.1798],[-2.93052,43.17978],[-2.93062,43.17972],[-2.93074,43.17964],[-2.93082,43.17961],[-2.93092,43.17959],[-2.93101,43.17954],[-2.93111,43.17946],[-2.9312,43.1794],[-2.9313,43.17933],[-2.93138,43.1793],[-2.93151,43.1793],[-2.9316,43.17927],[-2.93166,43.17925],[-2.93168,43.1793],[-2.93168,43.17935],[-2.93164,43.17942],[-2.93159,43.17948],[-2.93153,43.17953],[-2.9315,43.17958],[-2.93147,43.17963],[-2.93141,43.1797],[-2.93135,43.17978],[-2.9313,43.17985],[-2.93129,43.17991],[-2.93126,43.17994],[-2.93125,43.18002],[-2.93123,43.18008],[-2.9312,43.18013],[-2.93116,43.18023],[-2.93114,43.18032],[-2.93115,43.18041],[-2.93114,43.18048],[-2.93112,43.18054],[-2.93112,43.18067],[-2.93112,43.1808],[-2.93113,43.18087],[-2.93115,43.18093],[-2.93122,43.18098],[-2.93129,43.18102],[-2.93141,43.18108],[-2.93153,43.18111],[-2.93163,43.18113],[-2.93176,43.18118],[-2.93188,43.18121],[-2.93198,43.18123],[-2.93208,43.18127],[-2.93223,43.18127],[-2.93235,43.18131],[-2.93246,43.18137],[-2.93254,43.18142],[-2.9326,43.18145],[-2.93267,43.18148],[-2.93275,43.18152],[-2.93283,43.18158],[-2.93294,43.18167],[-2.93303,43.18175],[-2.93309,43.18182],[-2.93317,43.1819],[-2.93331,43.18197],[-2.93343,43.18203],[-2.93356,43.18209],[-2.93367,43.18215],[-2.93378,43.1822],[-2.93387,43.18226]]}},{"type":"Feature","properties":{"id":935968555,"highway":"track"},"geometry":{"type":"LineString","coordinates":[[-2.93387,43.18226],[-2.934,43.18236],[-2.93408,43.18244],[-2.93418,43.18254],[-2.93425,43.18262],[-2.93434,43.18269],[-2.93442,43.18278],[-2.93452,43.18287],[-2.93456,43.1829],[-2.93462,43.18295],[-2.93475,43.18307],[-2.93484,43.18316],[-2.93492,43.18324],[-2.93499,43.18332],[-2.93506,43.18339],[-2.93516,43.18348],[-2.93524,43.18354],[-2.93533,43.18362],[-2.93543,43.18369],[-2.93551,43.18375],[-2.93561,43.18381],[-2.93574,43.18385],[-2.93586,43.18388],[-2.93605,43.1839],[-2.93624,43.18389],[-2.93643,43.18388]]}},{"type":"Feature","properties":{"id":935968556,"highway":"track"},"geometry":{"type":"LineString","coordinates":[[-2.93829,43.18017],[-2.9382,43.18024],[-2.9381,43.18028],[-2.93797,43.18033],[-2.93788,43.18039],[-2.93779,43.18049],[-2.9377,43.1806],[-2.93761,43.18069],[-2.93751,43.1808],[-2.93744,43.18086],[-2.93737,43.18092],[-2.93727,43.18098],[-2.9372,43.18104],[-2.93711,43.18109],[-2.93703,43.18115],[-2.93691,43.1812],[-2.93683,43.18124],[-2.93677,43.18128],[-2.93668,43.18135],[-2.93661,43.18141],[-2.93656,43.18147],[-2.9365,43.18154],[-2.93645,43.1816],[-2.9364,43.1817],[-2.93637,43.18178],[-2.93635,43.18185],[-2.93634,43.18194],[-2.93634,43.182],[-2.93635,43.18207],[-2.93636,43.18214],[-2.9364,43.18223],[-2.93642,43.18227],[-2.93645,43.18232],[-2.93645,43.18237]]}},{"type":"Feature","properties":{"id":935968557,"highway":"track"},"geometry":{"type":"LineString","coordinates":[[-2.93645,43.18237],[-2.93646,43.18241],[-2.93647,43.18244],[-2.93646,43.18248],[-2.93645,43.18251],[-2.93642,43.18255],[-2.9364,43.1826],[-2.93636,43.18264],[-2.93632,43.18267],[-2.93628,43.1827],[-2.93622,43.18274],[-2.93616,43.18277],[-2.93609,43.18281],[-2.93603,43.18285],[-2.93596,43.1829],[-2.93586,43.18293],[-2.93579,43.18296],[-2.93573,43.18298],[-2.93565,43.18299],[-2.93555,43.183],[-2.93546,43.18298],[-2.93535,43.18297],[-2.93522,43.18296],[-2.93506,43.18295],[-2.93494,43.18296],[-2.93483,43.18296],[-2.93473,43.18295],[-2.93465,43.18293],[-2.93456,43.1829]]}},{"type":"Feature","properties":{"id":937540683,"highway":"service"},"geometry":{"type":"LineString","coordinates":[[-2.95709,43.19192],[-2.95717,43.19195],[-2.95732,43.19193],[-2.95748,43.19188],[-2.95752,43.19187],[-2.95767,43.1918],[-2.95778,43.19173],[-2.9578,43.19172],[-2.95782,43.19171],[-2.95794,43.19161],[-2.95797,43.19158],[-2.95804,43.19151],[-2.95809,43.19145],[-2.95812,43.1914],[-2.95815,43.19136]]}},{"type":"Feature","properties":{"id":937540685,"highway":"track"},"geometry":{"type":"LineString","coordinates":[[-2.95815,43.19136],[-2.95821,43.19131],[-2.95835,43.19146],[-2.9585,43.19157],[-2.95862,43.19159],[-2.95866,43.19158]]}},{"type":"Feature","properties":{"id":952973343,"highway":"path"},"geometry":{"type":"LineString","coordinates":[[-2.9258,43.17496],[-2.92589,43.17494],[-2.926,43.17495],[-2.92611,43.17496],[-2.92621,43.17496],[-2.92628,43.17497],[-2.92636,43.17498],[-2.92646,43.175],[-2.92651,43.17501],[-2.92656,43.17504],[-2.9267,43.1751],[-2.92685,43.17518],[-2.92689,43.17524],[-2.92696,43.17529],[-2.92707,43.17533],[-2.92714,43.17539],[-2.92721,43.17545],[-2.92728,43.17551],[-2.92734,43.17555],[-2.92744,43.17556],[-2.92758,43.1756],[-2.92768,43.17564],[-2.92776,43.17568],[-2.92785,43.17572],[-2.92794,43.17576],[-2.92803,43.1758],[-2.92813,43.17582],[-2.92824,43.17585],[-2.92832,43.17589],[-2.9284,43.17589],[-2.92849,43.17592],[-2.92855,43.17595],[-2.92862,43.17599]]}},{"type":"Feature","properties":{"id":952973344,"highway":"track"},"geometry":{"type":"LineString","coordinates":[[-2.96072,43.18019],[-2.96079,43.18009],[-2.96084,43.17997],[-2.96089,43.17983],[-2.96089,43.1797],[-2.96089,43.17956],[-2.96088,43.17943],[-2.96078,43.17933],[-2.96072,43.17925],[-2.96067,43.17914],[-2.9605,43.17905],[-2.96033,43.17903],[-2.96016,43.17899],[-2.96001,43.17889],[-2.95987,43.17882],[-2.95968,43.17875],[-2.95948,43.17878],[-2.95928,43.17879],[-2.95908,43.17879],[-2.95887,43.1788],[-2.95866,43.17878],[-2.9585,43.17876],[-2.95832,43.17868],[-2.9582,43.17861],[-2.9581,43.17853],[-2.95803,43.17841],[-2.95795,43.17826],[-2.95789,43.17819],[-2.95768,43.17817],[-2.95751,43.17817],[-2.95736,43.17824],[-2.95726,43.17827],[-2.95706,43.17821],[-2.95683,43.17814],[-2.95661,43.1781],[-2.95642,43.17806],[-2.95624,43.17803],[-2.95603,43.17801],[-2.95578,43.17802],[-2.95562,43.17805],[-2.95542,43.17808],[-2.95522,43.17812],[-2.95493,43.1782],[-2.95474,43.17824],[-2.95459,43.17835],[-2.95449,43.17845],[-2.95466,43.17845],[-2.95485,43.17844],[-2.95503,43.17844],[-2.95521,43.17844],[-2.95542,43.17846],[-2.95562,43.17851],[-2.95574,43.17855],[-2.95592,43.17866],[-2.95609,43.17872],[-2.95627,43.1788],[-2.95646,43.17885],[-2.95667,43.17889],[-2.95682,43.17896],[-2.95691,43.17908],[-2.95694,43.1792],[-2.95696,43.17932],[-2.95707,43.17944],[-2.95709,43.17956],[-2.95712,43.17966],[-2.9572,43.17971],[-2.95732,43.17974],[-2.95741,43.17977],[-2.95758,43.17979],[-2.95773,43.17978],[-2.9579,43.17973],[-2.95811,43.17972],[-2.95834,43.17968],[-2.95852,43.17968],[-2.95877,43.17966],[-2.959,43.17963],[-2.95924,43.17961],[-2.95934,43.17965],[-2.95931,43.17974],[-2.95928,43.1798]]}},{"type":"Feature","properties":{"id":952973345,"highway":"track"},"geometry":{"type":"LineString","coordinates":[[-2.95928,43.1798],[-2.95911,43.1799],[-2.95908,43.18001],[-2.95907,43.18014],[-2.95895,43.18021],[-2.9588,43.18028],[-2.95868,43.18036],[-2.95858,43.18047],[-2.95848,43.18064],[-2.95835,43.18079],[-2.95829,43.18094],[-2.9582,43.18105],[-2.9581,43.18117],[-2.95806,43.18133],[-2.95794,43.18149],[-2.95775,43.18159],[-2.95748,43.18161],[-2.9572,43.18162],[-2.95694,43.18167],[-2.95669,43.18174],[-2.95645,43.18184],[-2.95622,43.18197],[-2.95601,43.18212],[-2.95589,43.18226],[-2.95581,43.18254],[-2.9557,43.18272],[-2.95559,43.18285],[-2.95539,43.18306]]}},{"type":"Feature","properties":{"id":965641286,"highway":"track"},"geometry":{"type":"LineString","coordinates":[[-2.93011,43.19407],[-2.93027,43.19412],[-2.9304,43.19418],[-2.93086,43.1944],[-2.93114,43.19452],[-2.93144,43.19467],[-2.93159,43.19472],[-2.93166,43.19473],[-2.93171,43.19471]]}},{"type":"Feature","properties":{"id":965641287,"highway":"service"},"geometry":{"type":"LineString","coordinates":[[-2.92922,43.19344],[-2.92932,43.19333],[-2.92938,43.19327],[-2.92947,43.19321],[-2.92953,43.19319],[-2.9296,43.19315],[-2.92972,43.19313],[-2.92975,43.19312],[-2.92976,43.1931],[-2.92974,43.19308],[-2.9297,43.19307],[-2.92945,43.19306],[-2.92939,43.19308],[-2.92927,43.19309]]}},{"type":"Feature","properties":{"id":965641288,"highway":"track"},"geometry":{"type":"LineString","coordinates":[[-2.94228,43.18698],[-2.9423,43.18702],[-2.94223,43.18706],[-2.94171,43.18728],[-2.9415,43.18734],[-2.94138,43.18737],[-2.94121,43.18743],[-2.94115,43.18745],[-2.94107,43.18745],[-2.9406,43.18731],[-2.9405,43.18729],[-2.94033,43.18727],[-2.94022,43.18726],[-2.93992,43.1873],[-2.93986,43.1873],[-2.9398,43.18729],[-2.93972,43.18725],[-2.93961,43.18716],[-2.93951,43.18712],[-2.93921,43.18704],[-2.93912,43.18704],[-2.93884,43.18707],[-2.93879,43.18707],[-2.93855,43.18704],[-2.93848,43.18704],[-2.93838,43.18704],[-2.93793,43.18709],[-2.93785,43.18709],[-2.93765,43.18709],[-2.93758,43.1871],[-2.93753,43.18711],[-2.93743,43.18716],[-2.93735,43.18719],[-2.93707,43.18725],[-2.93698,43.18728],[-2.93687,43.18734],[-2.93679,43.1874],[-2.93665,43.18759],[-2.93643,43.18795],[-2.9364,43.18803],[-2.93641,43.18808],[-2.93643,43.18823],[-2.93642,43.18831],[-2.93636,43.18855],[-2.93631,43.18865],[-2.93629,43.18882],[-2.9363,43.18891],[-2.93632,43.18898],[-2.93644,43.18915],[-2.93645,43.18919],[-2.93648,43.18932],[-2.93658,43.18965],[-2.9366,43.18972],[-2.93659,43.18979],[-2.93654,43.18989],[-2.93647,43.19017],[-2.93644,43.19037],[-2.93645,43.19058],[-2.93652,43.19082],[-2.93651,43.19086],[-2.93643,43.19104],[-2.93647,43.19122],[-2.9365,43.19135],[-2.93649,43.1915],[-2.93644,43.19162],[-2.93644,43.19171],[-2.93643,43.19184],[-2.93641,43.1919],[-2.93638,43.19195]]}},{"type":"Feature","properties":{"id":965641289,"highway":"track"},"geometry":{"type":"LineString","coordinates":[[-2.9423,43.18702],[-2.94237,43.18724],[-2.94248,43.18746],[-2.94256,43.18758],[-2.9426,43.18761],[-2.94276,43.18766],[-2.94282,43.18769],[-2.94312,43.18796],[-2.94343,43.18825],[-2.94347,43.18833],[-2.94353,43.18843],[-2.94365,43.18877],[-2.94367,43.1889],[-2.94372,43.18902],[-2.94398,43.18967],[-2.94405,43.18986],[-2.94411,43.18994],[-2.94411,43.18999],[-2.94406,43.19029],[-2.94396,43.19059],[-2.94394,43.19068],[-2.94396,43.19075],[-2.944,43.19082],[-2.944,43.19087],[-2.94392,43.19107],[-2.94392,43.19114],[-2.94393,43.1912]]}},{"type":"Feature","properties":{"id":965641290,"highway":"track"},"geometry":{"type":"LineString","coordinates":[[-2.94411,43.18999],[-2.944,43.18996],[-2.94372,43.18982],[-2.94356,43.18977],[-2.94335,43.18969],[-2.94328,43.18966],[-2.94323,43.18963],[-2.94306,43.18943],[-2.94278,43.18921],[-2.94264,43.18913],[-2.94252,43.18907],[-2.94236,43.18901],[-2.94186,43.18885],[-2.94169,43.1888],[-2.94165,43.18878],[-2.94153,43.18882],[-2.9414,43.18887],[-2.94115,43.18894],[-2.94102,43.18898],[-2.94094,43.18902]]}},{"type":"Feature","properties":{"id":965641291,"highway":"track"},"geometry":{"type":"LineString","coordinates":[[-2.94365,43.18877],[-2.94382,43.18882],[-2.94409,43.1889],[-2.94415,43.18895],[-2.94429,43.18905]]}},{"type":"Feature","properties":{"id":965645727,"highway":"track"},"geometry":{"type":"LineString","coordinates":[[-2.97055,43.19656],[-2.97049,43.19652],[-2.9704,43.19648],[-2.97031,43.19646],[-2.96997,43.19639],[-2.96987,43.19637],[-2.96976,43.19634],[-2.96965,43.1963],[-2.96956,43.19626],[-2.96935,43.19616],[-2.96924,43.19611],[-2.96907,43.19604],[-2.969,43.19602],[-2.96891,43.19597],[-2.96866,43.1958],[-2.96842,43.19567],[-2.9683,43.19563],[-2.96823,43.19561],[-2.96817,43.19561],[-2.96798,43.19563],[-2.9679,43.19563],[-2.96782,43.19562],[-2.96766,43.19557],[-2.96757,43.19556],[-2.96739,43.19555],[-2.96701,43.19553],[-2.96677,43.19551],[-2.96665,43.19551],[-2.96653,43.19551],[-2.96642,43.19549],[-2.96624,43.19543],[-2.96611,43.19538],[-2.96584,43.19525],[-2.96571,43.1952],[-2.96548,43.19514],[-2.96536,43.19513],[-2.96521,43.19513],[-2.96497,43.19513],[-2.96484,43.19513],[-2.96465,43.19511],[-2.96448,43.19506],[-2.9643,43.19501],[-2.96407,43.19492],[-2.96391,43.19485],[-2.96376,43.19477],[-2.96362,43.19465],[-2.96352,43.19456],[-2.96345,43.19447],[-2.96338,43.19439],[-2.96328,43.19433],[-2.96312,43.19427],[-2.96296,43.19425],[-2.96286,43.19424],[-2.96278,43.19426],[-2.96275,43.19429],[-2.96256,43.19465],[-2.96246,43.19482],[-2.96241,43.19491],[-2.96236,43.19497],[-2.9623,43.19501],[-2.96226,43.19502],[-2.96221,43.19501],[-2.96219,43.19499],[-2.96219,43.19495],[-2.96217,43.19487],[-2.96215,43.19482],[-2.96204,43.19469],[-2.96192,43.19458],[-2.96179,43.19451],[-2.96173,43.19447],[-2.96167,43.19447],[-2.96162,43.19449],[-2.96125,43.19463],[-2.96115,43.19466],[-2.96093,43.19471],[-2.96072,43.19476],[-2.96066,43.19479],[-2.96061,43.19484],[-2.96042,43.19507],[-2.96032,43.19516],[-2.96026,43.19517],[-2.96018,43.19517],[-2.95968,43.19492],[-2.95955,43.19486],[-2.95941,43.19481],[-2.95927,43.19479],[-2.95911,43.19477],[-2.95882,43.19479],[-2.95871,43.19479],[-2.95858,43.19477],[-2.95809,43.19457],[-2.95776,43.19446],[-2.95751,43.19439],[-2.95741,43.19437],[-2.95733,43.19436],[-2.95725,43.19438],[-2.95715,43.19442],[-2.95683,43.19458],[-2.95674,43.19462],[-2.95656,43.19469],[-2.95646,43.1947],[-2.95637,43.19468],[-2.9563,43.19463],[-2.95613,43.19436],[-2.95611,43.19431],[-2.95611,43.19421],[-2.9561,43.19401],[-2.9561,43.19395],[-2.95608,43.19384],[-2.95607,43.19379],[-2.95595,43.1936],[-2.95593,43.19355],[-2.95592,43.1935],[-2.95587,43.19338],[-2.9558,43.1933],[-2.95562,43.19314],[-2.95536,43.19293],[-2.95527,43.19284],[-2.95521,43.19277],[-2.95497,43.19244],[-2.95482,43.19227],[-2.95468,43.19218],[-2.95461,43.19215],[-2.95448,43.19214],[-2.95435,43.19216],[-2.95417,43.1922],[-2.95403,43.19228],[-2.95397,43.19234],[-2.95388,43.19241],[-2.9538,43.19242],[-2.95374,43.19241],[-2.95361,43.19237],[-2.9533,43.19227],[-2.95306,43.19223],[-2.95296,43.1922],[-2.95287,43.19217],[-2.95277,43.19211],[-2.95254,43.19197],[-2.95233,43.19191],[-2.95216,43.19189],[-2.95186,43.19186],[-2.95166,43.19182],[-2.95125,43.19174],[-2.95114,43.19171],[-2.95099,43.19163],[-2.95076,43.19151],[-2.95063,43.19142],[-2.95061,43.19139]]}},{"type":"Feature","properties":{"id":965645728,"highway":"track"},"geometry":{"type":"LineString","coordinates":[[-2.96338,43.19439],[-2.96339,43.19433],[-2.96333,43.19428],[-2.96312,43.19419],[-2.96302,43.19412],[-2.96287,43.19398],[-2.96285,43.19391],[-2.96281,43.19386],[-2.96276,43.19382],[-2.96262,43.19374],[-2.96245,43.19368],[-2.96234,43.19363],[-2.96215,43.19355],[-2.96201,43.19351],[-2.96194,43.19348],[-2.96163,43.19336],[-2.96148,43.19322],[-2.96138,43.19316],[-2.96127,43.19312],[-2.96114,43.19309],[-2.96099,43.19308],[-2.96058,43.19305],[-2.95988,43.19303],[-2.95955,43.19304],[-2.95922,43.19303],[-2.95913,43.19304],[-2.95906,43.19306],[-2.95898,43.19308],[-2.95888,43.19307],[-2.95879,43.19305],[-2.95875,43.19302],[-2.95872,43.19298],[-2.95872,43.19295],[-2.95875,43.19293],[-2.95884,43.1929],[-2.95921,43.19286],[-2.95967,43.19281],[-2.95979,43.19279],[-2.95996,43.19274],[-2.96013,43.1927],[-2.96035,43.19266],[-2.96066,43.1926],[-2.9608,43.19257],[-2.96124,43.19252],[-2.9616,43.1925],[-2.96176,43.19251],[-2.96181,43.19249],[-2.96183,43.19242],[-2.96178,43.19237],[-2.96172,43.19232],[-2.96148,43.19227],[-2.96135,43.19226]]}},{"type":"Feature","properties":{"id":965648924,"highway":"track"},"geometry":{"type":"LineString","coordinates":[[-2.95093,43.18522],[-2.95092,43.18526],[-2.95087,43.1853],[-2.95065,43.18532],[-2.95057,43.18535],[-2.95035,43.18553],[-2.95026,43.18559],[-2.95016,43.18562],[-2.95002,43.18568],[-2.95,43.18573],[-2.95002,43.18577],[-2.95012,43.18588],[-2.95033,43.18599],[-2.95045,43.18609],[-2.95069,43.18625],[-2.95093,43.18634],[-2.95105,43.18636],[-2.95127,43.18633],[-2.95146,43.18636],[-2.95154,43.18635],[-2.95167,43.18634],[-2.95177,43.18635]]}},{"type":"Feature","properties":{"id":965648925,"highway":"track"},"geometry":{"type":"LineString","coordinates":[[-2.95092,43.18526],[-2.95106,43.18526],[-2.95148,43.18527],[-2.95173,43.18528],[-2.95198,43.18527],[-2.95239,43.18524],[-2.95275,43.18523],[-2.95315,43.18522],[-2.95334,43.1852],[-2.95354,43.18518],[-2.95377,43.18516],[-2.95398,43.18516]]}},{"type":"Feature","properties":{"id":965648926,"highway":"track"},"geometry":{"type":"LineString","coordinates":[[-2.95596,43.18578],[-2.95608,43.18574],[-2.95617,43.18574],[-2.95657,43.18576],[-2.95687,43.18578],[-2.95703,43.18577],[-2.95723,43.1858],[-2.95751,43.18585],[-2.95771,43.18592],[-2.95784,43.18596],[-2.95827,43.18602],[-2.95839,43.18606],[-2.95864,43.18619],[-2.95888,43.18629],[-2.95904,43.18635],[-2.95937,43.18644],[-2.95968,43.1865],[-2.95991,43.18654],[-2.96,43.18653],[-2.96014,43.1865],[-2.96023,43.18646],[-2.9605,43.18629],[-2.96066,43.18623],[-2.96101,43.18613],[-2.96113,43.18608],[-2.96133,43.18596],[-2.96149,43.18587],[-2.96166,43.18582],[-2.96178,43.1858],[-2.96186,43.18577]]}},{"type":"Feature","properties":{"id":965648927,"highway":"track"},"geometry":{"type":"MultiLineString","coordinates":[[[-2.92692,43.18937],[-2.92682,43.18932],[-2.92674,43.18929],[-2.92668,43.18926]],[[-2.92657,43.18927],[-2.92652,43.18931],[-2.9264,43.18934],[-2.9263,43.18935],[-2.92629,43.18936],[-2.92626,43.18938],[-2.92624,43.18941],[-2.9262,43.18951],[-2.92614,43.1896],[-2.92603,43.18966],[-2.92587,43.18973],[-2.92576,43.18977]]]}},{"type":"Feature","properties":{"id":984007431,"highway":"track"},"geometry":{"type":"LineString","coordinates":[[-2.95247,43.1795],[-2.95254,43.17954],[-2.9526,43.17957],[-2.95264,43.17959],[-2.95271,43.17961],[-2.95278,43.17959],[-2.95283,43.17956],[-2.9529,43.17951],[-2.95295,43.17949],[-2.95303,43.17946],[-2.95309,43.17942],[-2.95314,43.17937],[-2.95316,43.1793],[-2.95314,43.17923],[-2.95312,43.17918]]}},{"type":"Feature","properties":{"id":984007432,"highway":"path"},"geometry":{"type":"LineString","coordinates":[[-2.95449,43.17845],[-2.95441,43.17845],[-2.95436,43.17845],[-2.9543,43.17844],[-2.95424,43.17843],[-2.9542,43.17844],[-2.95413,43.17845],[-2.9541,43.17848],[-2.95408,43.17852],[-2.95405,43.17854],[-2.954,43.17854],[-2.95397,43.17859],[-2.95396,43.17863],[-2.95392,43.17866],[-2.95386,43.17866],[-2.95378,43.17866],[-2.95372,43.17867],[-2.95365,43.17868],[-2.95359,43.17871],[-2.95351,43.17871],[-2.95346,43.17873],[-2.95343,43.17877],[-2.95337,43.17878],[-2.95331,43.1788],[-2.95325,43.1788],[-2.95319,43.1788],[-2.95314,43.17882],[-2.95315,43.17886],[-2.95312,43.1789]]}},{"type":"Feature","properties":{"id":984007433,"highway":"track"},"geometry":{"type":"LineString","coordinates":[[-2.95312,43.17918],[-2.95311,43.17914],[-2.95313,43.17911],[-2.95313,43.17905],[-2.95312,43.179],[-2.95312,43.17896],[-2.95312,43.1789]]}},{"type":"Feature","properties":{"id":1042729825,"highway":"track"},"geometry":{"type":"LineString","coordinates":[[-2.9361,43.1841],[-2.93602,43.18414],[-2.93592,43.18419],[-2.93583,43.18424],[-2.93575,43.18427],[-2.93564,43.18428],[-2.93554,43.18428],[-2.93543,43.18426],[-2.93534,43.18422],[-2.93526,43.18418],[-2.93519,43.18414],[-2.93512,43.18409],[-2.93503,43.18404],[-2.93494,43.18398],[-2.93485,43.18392],[-2.93478,43.18388],[-2.93471,43.18383],[-2.93463,43.18379],[-2.93455,43.18374],[-2.93446,43.18371],[-2.93436,43.18369],[-2.93428,43.18369],[-2.93419,43.1837],[-2.93416,43.18371],[-2.93411,43.18372]]}},{"type":"Feature","properties":{"id":1042729826,"highway":"track"},"geometry":{"type":"LineString","coordinates":[[-2.93411,43.18372],[-2.934,43.18374]]}},{"type":"Feature","properties":{"id":1042729827,"highway":"track"},"geometry":{"type":"LineString","coordinates":[[-2.934,43.18374],[-2.93393,43.18377],[-2.93387,43.18379]]}},{"type":"Feature","properties":{"id":1042729828,"highway":"track"},"geometry":{"type":"LineString","coordinates":[[-2.94665,43.18925],[-2.94684,43.18929],[-2.94695,43.18935],[-2.94705,43.18939],[-2.94715,43.18943],[-2.94725,43.18948],[-2.94738,43.18953],[-2.94746,43.18957],[-2.94735,43.1896],[-2.94718,43.18964]]}},{"type":"Feature","properties":{"id":1042729829,"highway":"track"},"geometry":{"type":"LineString","coordinates":[[-2.94746,43.18957],[-2.94756,43.18955],[-2.94771,43.18953],[-2.94784,43.18953],[-2.94796,43.18952],[-2.94808,43.18952],[-2.9482,43.18953],[-2.94831,43.18953],[-2.94845,43.1895],[-2.94859,43.18945],[-2.94872,43.18941],[-2.9488,43.18938],[-2.94892,43.18934],[-2.94902,43.18932],[-2.94913,43.18928],[-2.94924,43.18923],[-2.94932,43.1892],[-2.94942,43.18917],[-2.94953,43.18915],[-2.94962,43.18913],[-2.94973,43.18911],[-2.9498,43.1891],[-2.94994,43.18909],[-2.95,43.18909],[-2.9501,43.1891],[-2.95019,43.18912],[-2.95028,43.18915],[-2.95037,43.18917],[-2.95045,43.18917],[-2.95067,43.18916]]}},{"type":"Feature","properties":{"id":1042729830,"highway":"track"},"geometry":{"type":"LineString","coordinates":[[-2.93638,43.18035],[-2.93646,43.18028],[-2.9365,43.18022],[-2.93657,43.18016],[-2.93666,43.18009],[-2.93674,43.18003],[-2.9368,43.17997],[-2.93688,43.17988],[-2.93694,43.17982],[-2.93702,43.17972]]}},{"type":"Feature","properties":{"id":1042730887,"highway":"path"},"geometry":{"type":"LineString","coordinates":[[-2.93147,43.17632],[-2.93138,43.1763],[-2.93131,43.17629],[-2.93122,43.17628],[-2.93114,43.17627],[-2.93108,43.17627],[-2.93103,43.17628],[-2.931,43.17631],[-2.93098,43.17635],[-2.93096,43.17639],[-2.93094,43.17642],[-2.93087,43.17645],[-2.93083,43.17645],[-2.93078,43.17644],[-2.93075,43.17645],[-2.93072,43.17648],[-2.9307,43.17653],[-2.93068,43.17657],[-2.93067,43.1766],[-2.93066,43.17665],[-2.93065,43.17668],[-2.93064,43.17672],[-2.93063,43.17676],[-2.93063,43.1768],[-2.93063,43.17684],[-2.93065,43.17687],[-2.93066,43.17691],[-2.93067,43.17695],[-2.93068,43.17699],[-2.93072,43.17702],[-2.93076,43.17706],[-2.9308,43.17709],[-2.93084,43.17713],[-2.93087,43.17716],[-2.93091,43.17719],[-2.93093,43.17723],[-2.9309,43.17726],[-2.93086,43.17729],[-2.93082,43.17732],[-2.93076,43.17735],[-2.9307,43.17739],[-2.93065,43.17742],[-2.9306,43.17745],[-2.93054,43.1775],[-2.9305,43.17753],[-2.93046,43.17756],[-2.93042,43.17759],[-2.93039,43.17762],[-2.93037,43.17766],[-2.93037,43.17769],[-2.93037,43.17773],[-2.93038,43.17777]]}},{"type":"Feature","properties":{"id":1042730888,"highway":"path"},"geometry":{"type":"LineString","coordinates":[[-2.94848,43.17454],[-2.9484,43.17444],[-2.94834,43.17434],[-2.94829,43.17423],[-2.94824,43.17413],[-2.94817,43.17403],[-2.94812,43.17394],[-2.94803,43.17381],[-2.94793,43.17368],[-2.94783,43.17358],[-2.9477,43.17349],[-2.94755,43.17339],[-2.94739,43.17329],[-2.94733,43.17315],[-2.94714,43.17307],[-2.947,43.17302],[-2.94687,43.17294],[-2.94669,43.17287],[-2.94654,43.17285],[-2.94632,43.17286],[-2.94616,43.17294],[-2.94595,43.17297],[-2.94576,43.17304],[-2.94559,43.17314],[-2.94547,43.1732],[-2.94533,43.17325],[-2.9452,43.1733],[-2.94508,43.17335],[-2.94493,43.17341],[-2.94477,43.17346],[-2.94463,43.17354]]}},{"type":"Feature","properties":{"id":1042732877,"highway":"track"},"geometry":{"type":"LineString","coordinates":[[-2.94982,43.19173],[-2.94973,43.19175],[-2.94966,43.19178],[-2.94957,43.19181],[-2.94947,43.19185],[-2.94938,43.19189],[-2.94929,43.19194],[-2.94922,43.19199],[-2.94915,43.19205],[-2.94909,43.19212],[-2.94903,43.1922],[-2.94898,43.19226],[-2.94894,43.19231],[-2.9489,43.19237],[-2.94887,43.19243],[-2.94884,43.19251],[-2.94883,43.19256],[-2.94883,43.19262],[-2.94885,43.19267],[-2.94886,43.19274],[-2.94887,43.19282],[-2.94888,43.19288],[-2.94889,43.19293],[-2.94887,43.19299],[-2.94883,43.19305],[-2.94879,43.19309],[-2.94872,43.19312],[-2.94864,43.19312],[-2.94858,43.19311],[-2.94849,43.1931],[-2.9484,43.19309],[-2.94833,43.19307],[-2.94824,43.19302],[-2.94822,43.19298],[-2.9482,43.19293],[-2.94814,43.19288],[-2.94806,43.19282],[-2.948,43.19278],[-2.94797,43.19274],[-2.94794,43.1927],[-2.9479,43.19266],[-2.94787,43.19263],[-2.94781,43.1926],[-2.94774,43.19257]]}},{"type":"Feature","properties":{"id":1042732878,"highway":"track"},"geometry":{"type":"LineString","coordinates":[[-2.94797,43.19274],[-2.948,43.19284],[-2.94801,43.19295],[-2.94802,43.19303],[-2.94802,43.19309],[-2.9481,43.19317],[-2.94813,43.19322],[-2.94818,43.19331],[-2.9482,43.19339],[-2.9482,43.19349],[-2.94819,43.19356],[-2.94815,43.19364],[-2.94813,43.19372],[-2.94809,43.1938],[-2.94806,43.19385],[-2.94802,43.19387],[-2.94795,43.19385],[-2.94796,43.19378],[-2.94793,43.19372],[-2.94787,43.19365],[-2.94781,43.19359],[-2.94775,43.19356],[-2.94762,43.1935],[-2.94752,43.19347],[-2.94742,43.19342],[-2.94731,43.19337],[-2.9472,43.19333],[-2.94708,43.19329],[-2.94692,43.19324],[-2.94681,43.19322],[-2.94661,43.19322],[-2.94644,43.19321]]}},{"type":"Feature","properties":{"id":1042734115,"highway":"track"},"geometry":{"type":"LineString","coordinates":[[-2.92513,43.18066],[-2.92514,43.18079],[-2.92517,43.18091],[-2.92526,43.18117],[-2.92535,43.18123],[-2.92551,43.18119],[-2.92569,43.18119],[-2.92592,43.1812],[-2.9261,43.18128],[-2.92622,43.18135],[-2.92628,43.18144],[-2.92636,43.18155],[-2.92641,43.1817],[-2.92644,43.18184],[-2.92649,43.18195],[-2.92657,43.18201],[-2.92671,43.18205],[-2.92681,43.18216],[-2.92685,43.18228],[-2.92687,43.18244],[-2.92687,43.18259],[-2.92687,43.18274],[-2.92687,43.18285],[-2.92691,43.18302],[-2.92712,43.18327],[-2.92717,43.18351],[-2.9272,43.18381],[-2.92714,43.18398],[-2.92696,43.18418],[-2.92694,43.18426],[-2.92698,43.18441],[-2.92702,43.1845],[-2.92702,43.18458],[-2.92699,43.18466],[-2.92688,43.1847],[-2.92678,43.18475],[-2.92669,43.18482],[-2.92661,43.18487],[-2.92659,43.18488],[-2.92648,43.18494],[-2.92631,43.18516],[-2.92623,43.18523],[-2.92611,43.18527],[-2.92594,43.18527],[-2.92582,43.18528],[-2.92567,43.18527]]}},{"type":"Feature","properties":{"id":1042923742,"highway":"track"},"geometry":{"type":"LineString","coordinates":[[-2.94918,43.18477],[-2.94906,43.18476],[-2.94896,43.18477],[-2.9488,43.18478],[-2.94866,43.18479],[-2.94852,43.18478],[-2.94838,43.18479],[-2.94826,43.1848],[-2.94815,43.18483],[-2.94804,43.18489],[-2.94796,43.18495],[-2.94792,43.18501],[-2.94788,43.18508],[-2.94785,43.18515],[-2.94781,43.18521],[-2.94773,43.18528],[-2.94764,43.18534],[-2.94753,43.18541],[-2.94742,43.18545],[-2.94731,43.18549],[-2.94719,43.18552],[-2.94704,43.18555],[-2.94693,43.18559],[-2.94683,43.18566],[-2.94679,43.18574],[-2.94675,43.18586],[-2.94671,43.18597],[-2.94669,43.18604],[-2.94669,43.18612],[-2.94667,43.18619],[-2.94662,43.18627],[-2.94652,43.18634],[-2.94646,43.18642],[-2.9464,43.18651],[-2.94631,43.18659],[-2.94616,43.18665],[-2.94603,43.18668],[-2.94594,43.18672],[-2.94583,43.18674],[-2.9457,43.18677],[-2.94555,43.18677],[-2.9455,43.18681],[-2.94547,43.18686],[-2.94547,43.18692],[-2.9455,43.18701],[-2.94553,43.18709],[-2.94557,43.18717],[-2.9456,43.18726],[-2.94565,43.18733],[-2.94571,43.18741],[-2.94574,43.18748],[-2.94577,43.18757],[-2.94582,43.18767],[-2.9459,43.18771],[-2.94597,43.18772],[-2.94605,43.18773],[-2.9462,43.18774]]}},{"type":"Feature","properties":{"id":1042923743,"highway":"track"},"geometry":{"type":"LineString","coordinates":[[-2.95896,43.18686],[-2.95907,43.18692],[-2.95914,43.18695],[-2.95919,43.18698],[-2.95929,43.18702],[-2.9594,43.18708],[-2.95949,43.18713],[-2.95958,43.18719],[-2.95966,43.18722],[-2.95977,43.18726],[-2.95987,43.1873],[-2.95997,43.18732],[-2.96006,43.18737],[-2.96013,43.18739],[-2.96015,43.18746],[-2.96007,43.18746],[-2.95997,43.18742],[-2.95988,43.18739],[-2.95973,43.18737],[-2.95957,43.18733],[-2.95942,43.18733],[-2.95934,43.18733],[-2.95922,43.18733],[-2.95912,43.18731],[-2.95901,43.18731],[-2.95889,43.18731],[-2.95878,43.18732],[-2.95867,43.18734],[-2.95859,43.18737],[-2.95857,43.18742],[-2.95862,43.18747],[-2.95873,43.18753],[-2.95882,43.18757],[-2.95892,43.18761],[-2.95901,43.18764],[-2.95908,43.18767],[-2.95916,43.18771],[-2.95925,43.18777],[-2.95934,43.18783],[-2.95943,43.18789],[-2.95955,43.18796],[-2.95966,43.188],[-2.95973,43.18803],[-2.95979,43.18807],[-2.95974,43.18811],[-2.95969,43.18815],[-2.9596,43.18819],[-2.95951,43.18822],[-2.9594,43.18826],[-2.95928,43.18828],[-2.95914,43.1883],[-2.95903,43.18832],[-2.9589,43.18834],[-2.9588,43.18835],[-2.95869,43.18834],[-2.95861,43.18837],[-2.95856,43.18843],[-2.95859,43.18849],[-2.95865,43.18855],[-2.95875,43.18862],[-2.95883,43.18865],[-2.95896,43.18871],[-2.95908,43.18877],[-2.95923,43.18882],[-2.95934,43.18888],[-2.95941,43.18891],[-2.9595,43.18896],[-2.95958,43.189]]}},{"type":"Feature","properties":{"id":1042923744,"highway":"track"},"geometry":{"type":"LineString","coordinates":[[-2.95941,43.18891],[-2.95949,43.18891],[-2.95959,43.18892],[-2.95972,43.18894]]}},{"type":"Feature","properties":{"id":1042923745,"highway":"track"},"geometry":{"type":"LineString","coordinates":[[-2.95979,43.18807],[-2.95989,43.18806],[-2.96001,43.18805],[-2.96011,43.18805],[-2.96019,43.18805]]}},{"type":"Feature","properties":{"id":1042923746,"highway":"track"},"geometry":{"type":"LineString","coordinates":[[-2.95856,43.18843],[-2.95849,43.18842],[-2.9584,43.18841]]}},{"type":"Feature","properties":{"id":1042923747,"highway":"track"},"geometry":{"type":"LineString","coordinates":[[-2.95941,43.18891],[-2.95932,43.18891],[-2.95921,43.18891],[-2.95911,43.18891],[-2.959,43.18891],[-2.95892,43.18892],[-2.95889,43.18893],[-2.95884,43.18895],[-2.95878,43.18903],[-2.95876,43.18911]]}},{"type":"Feature","properties":{"id":1042923748,"highway":"track"},"geometry":{"type":"LineString","coordinates":[[-2.95889,43.18893],[-2.95883,43.18889],[-2.95874,43.18885],[-2.95864,43.1888],[-2.95853,43.18875],[-2.95841,43.18872],[-2.95825,43.18866],[-2.95811,43.18862],[-2.95797,43.18858],[-2.95784,43.18854],[-2.95767,43.18849],[-2.95758,43.18847],[-2.95744,43.18844],[-2.9573,43.18839],[-2.95719,43.18837],[-2.95706,43.18836],[-2.95694,43.18838],[-2.9568,43.18839],[-2.95668,43.18843],[-2.95654,43.18846],[-2.95638,43.18846],[-2.95624,43.18849],[-2.95605,43.18848],[-2.95589,43.18847],[-2.95576,43.18846],[-2.95561,43.18841],[-2.95549,43.18836],[-2.95538,43.18836],[-2.95525,43.18836],[-2.95508,43.18833],[-2.95494,43.18828],[-2.95484,43.18825],[-2.95474,43.18822],[-2.95466,43.18822],[-2.95461,43.18825],[-2.95459,43.18832],[-2.95461,43.18837],[-2.95466,43.18844],[-2.95472,43.1885],[-2.95482,43.18856],[-2.95489,43.1886],[-2.95495,43.18865],[-2.95502,43.1887],[-2.95513,43.18875],[-2.95521,43.18879],[-2.9553,43.18884],[-2.95539,43.1889],[-2.95543,43.18895],[-2.9555,43.189],[-2.95559,43.18904],[-2.95567,43.18911],[-2.95573,43.18917],[-2.95582,43.18925],[-2.95589,43.18932],[-2.95597,43.18939],[-2.95609,43.18945],[-2.95623,43.1895],[-2.95637,43.18956],[-2.95653,43.18962],[-2.95666,43.18968],[-2.95679,43.18975],[-2.95689,43.18979],[-2.957,43.18981],[-2.9571,43.18989],[-2.95722,43.18998],[-2.9573,43.19005],[-2.9574,43.19012],[-2.95746,43.19022],[-2.95753,43.19028],[-2.95764,43.19033],[-2.95772,43.1904],[-2.95782,43.19045],[-2.95793,43.19055],[-2.95802,43.19062],[-2.9581,43.1907],[-2.95821,43.19077],[-2.95834,43.19082],[-2.95851,43.19087],[-2.9586,43.19092],[-2.95867,43.19105],[-2.9587,43.19114],[-2.95873,43.19125],[-2.95874,43.19135],[-2.95866,43.1913],[-2.95857,43.19122],[-2.95848,43.19115],[-2.95838,43.19111],[-2.9583,43.19107],[-2.95818,43.19105],[-2.95808,43.19106],[-2.95804,43.19109]]}},{"type":"Feature","properties":{"id":1042923749,"highway":"track"},"geometry":{"type":"LineString","coordinates":[[-2.95874,43.19135],[-2.95878,43.19138],[-2.95885,43.19138],[-2.95893,43.19138],[-2.95901,43.19141],[-2.95907,43.19144],[-2.95915,43.19144],[-2.9592,43.19141],[-2.95924,43.19136],[-2.95919,43.1913],[-2.95912,43.19125],[-2.95905,43.19117],[-2.95901,43.19109],[-2.95897,43.191],[-2.95896,43.1909],[-2.95893,43.19081],[-2.95892,43.19076],[-2.95883,43.19072],[-2.95876,43.19065],[-2.95867,43.1906],[-2.95858,43.19056],[-2.9585,43.19049],[-2.95847,43.19043],[-2.95847,43.19038],[-2.95856,43.19029],[-2.9587,43.19025],[-2.95881,43.19019],[-2.95891,43.19011],[-2.95892,43.19005],[-2.95888,43.19001],[-2.9588,43.18995],[-2.95871,43.18993],[-2.9586,43.18989],[-2.95852,43.18981],[-2.95841,43.18975],[-2.95829,43.1897],[-2.95818,43.18963],[-2.95814,43.18958],[-2.95818,43.18952],[-2.95827,43.1895],[-2.95841,43.18951],[-2.95854,43.18952],[-2.95861,43.18952],[-2.95871,43.18952],[-2.95881,43.18947],[-2.95883,43.18938],[-2.95883,43.18931],[-2.95879,43.18925],[-2.95874,43.18918],[-2.95876,43.18911]]}},{"type":"Feature","properties":{"id":1042923750,"highway":"track"},"geometry":{"type":"LineString","coordinates":[[-2.94762,43.1935],[-2.94756,43.19342],[-2.94751,43.19335],[-2.94748,43.19328]]}},{"type":"Feature","properties":{"id":1042923751,"highway":"track"},"geometry":{"type":"LineString","coordinates":[[-2.94802,43.19387],[-2.94803,43.19393],[-2.94805,43.19398]]}},{"type":"Feature","properties":{"id":1042923752,"highway":"track"},"geometry":{"type":"LineString","coordinates":[[-2.94644,43.19321],[-2.94621,43.19321],[-2.94608,43.19322],[-2.94592,43.19324]]}},{"type":"Feature","properties":{"id":1155119117,"highway":"track"},"geometry":{"type":"LineString","coordinates":[[-2.91758,43.17259],[-2.91747,43.17272],[-2.91738,43.17286],[-2.91707,43.17308],[-2.91658,43.17342],[-2.91651,43.17348],[-2.91645,43.17353],[-2.91624,43.1737],[-2.91582,43.17387],[-2.91556,43.17397]]}},{"type":"Feature","properties":{"id":1155119118,"highway":"track"},"geometry":{"type":"LineString","coordinates":[[-2.91651,43.17348],[-2.9164,43.17346],[-2.91631,43.17344],[-2.91622,43.1734],[-2.91614,43.17334],[-2.91608,43.17309],[-2.916,43.17276],[-2.91596,43.1727],[-2.91588,43.1727],[-2.91567,43.17276],[-2.91551,43.17283],[-2.91531,43.17295],[-2.91521,43.173]]}},{"type":"Feature","properties":{"id":1155119119,"highway":"track"},"geometry":{"type":"LineString","coordinates":[[-2.91484,43.17186],[-2.91468,43.17183],[-2.91446,43.17176],[-2.91432,43.17171],[-2.91423,43.17163],[-2.91421,43.17149],[-2.91416,43.17108]]}},{"type":"Feature","properties":{"id":1160484528,"highway":"track"},"geometry":{"type":"LineString","coordinates":[[-2.91602,43.16654],[-2.91575,43.16619],[-2.91545,43.16585],[-2.91515,43.16553],[-2.9147,43.16525],[-2.91396,43.16491],[-2.91354,43.16473],[-2.91336,43.16464],[-2.91318,43.16448],[-2.91323,43.16441],[-2.9134,43.16438],[-2.91376,43.16424],[-2.91397,43.1642],[-2.91405,43.16417],[-2.91408,43.16411],[-2.91402,43.16402],[-2.91364,43.16385],[-2.91341,43.16374],[-2.91328,43.16359],[-2.91316,43.16349],[-2.91274,43.16321],[-2.91259,43.16321],[-2.91249,43.1633],[-2.91218,43.16354],[-2.91201,43.16367],[-2.9119,43.16374],[-2.9118,43.16375],[-2.91168,43.16375]]}},{"type":"Feature","properties":{"id":1160484529,"highway":"track"},"geometry":{"type":"LineString","coordinates":[[-2.9118,43.16375],[-2.91181,43.16353],[-2.91196,43.16321],[-2.91214,43.16292],[-2.91238,43.16275],[-2.91261,43.1626],[-2.91289,43.16259],[-2.91346,43.16277],[-2.91362,43.16271],[-2.91376,43.16266],[-2.91399,43.16246],[-2.91426,43.16218],[-2.91438,43.16194],[-2.91428,43.16173],[-2.91423,43.16158],[-2.91435,43.16137],[-2.91442,43.16127],[-2.91441,43.16112],[-2.91422,43.16093],[-2.91399,43.16064],[-2.91389,43.1604],[-2.91389,43.16027],[-2.91417,43.15997],[-2.9143,43.15977],[-2.91435,43.15965],[-2.91444,43.15957],[-2.91468,43.15953],[-2.91488,43.15947],[-2.91523,43.15924],[-2.91538,43.15904],[-2.91554,43.15875],[-2.91601,43.15853],[-2.9165,43.15838],[-2.91685,43.15829],[-2.91702,43.15825],[-2.91715,43.15825],[-2.91735,43.15832],[-2.91755,43.15839],[-2.91786,43.15845],[-2.91811,43.15843],[-2.91839,43.15856],[-2.91865,43.15862],[-2.91923,43.15857],[-2.91952,43.15864],[-2.91974,43.15874],[-2.91993,43.15885],[-2.92002,43.15901],[-2.92013,43.1593],[-2.9202,43.15954],[-2.92017,43.15971],[-2.92019,43.15977],[-2.92034,43.1598],[-2.92059,43.15981],[-2.92092,43.15971],[-2.92113,43.15967],[-2.92128,43.15972],[-2.92132,43.1598],[-2.9213,43.1599],[-2.92126,43.15999],[-2.92126,43.16009],[-2.92133,43.16021],[-2.92144,43.16029],[-2.92157,43.16044],[-2.92158,43.1605]]}},{"type":"Feature","properties":{"id":1160484530,"highway":"track"},"geometry":{"type":"LineString","coordinates":[[-2.9233,43.16097],[-2.92325,43.16078],[-2.92321,43.1606],[-2.92308,43.16039],[-2.92293,43.1601],[-2.92274,43.1599],[-2.92269,43.15975],[-2.92255,43.15964],[-2.92237,43.15952],[-2.92225,43.15943],[-2.92225,43.15918],[-2.92218,43.15907],[-2.92196,43.15895],[-2.92184,43.15883],[-2.92173,43.15864],[-2.92152,43.15842],[-2.92118,43.15814],[-2.92089,43.15792],[-2.92055,43.15777],[-2.91969,43.15758],[-2.91935,43.15753],[-2.9192,43.15746],[-2.91881,43.15731],[-2.91825,43.15728],[-2.91801,43.15734],[-2.91787,43.15736],[-2.91767,43.15734],[-2.91692,43.15724],[-2.91671,43.15721],[-2.91654,43.15718],[-2.91637,43.15719],[-2.91633,43.15726],[-2.91639,43.15735],[-2.91653,43.15747],[-2.91682,43.15766],[-2.91693,43.15775],[-2.91701,43.15788],[-2.91712,43.15802],[-2.91717,43.15812],[-2.91715,43.15825]]}},{"type":"Feature","properties":{"id":1160484531,"highway":"track"},"geometry":{"type":"LineString","coordinates":[[-2.91685,43.15829],[-2.91662,43.15814],[-2.91629,43.15799],[-2.916,43.15782],[-2.91564,43.15777],[-2.91535,43.15781],[-2.91509,43.15785],[-2.91486,43.15785],[-2.91462,43.15785],[-2.91431,43.15781],[-2.9132,43.15803],[-2.91274,43.1582],[-2.91255,43.15844],[-2.91227,43.15893],[-2.91194,43.15956],[-2.91185,43.16016],[-2.91189,43.16043],[-2.91206,43.16071],[-2.91233,43.16099],[-2.91269,43.16138],[-2.91278,43.16153],[-2.91286,43.16165],[-2.91306,43.16182],[-2.91326,43.16207],[-2.91345,43.16236],[-2.91354,43.16251],[-2.91362,43.16271]]}},{"type":"Feature","properties":{"id":1160484532,"highway":"track"},"geometry":{"type":"LineString","coordinates":[[-2.91278,43.16153],[-2.91239,43.16144],[-2.91198,43.16131],[-2.91162,43.16114],[-2.91124,43.16093],[-2.91067,43.16064],[-2.91008,43.16053],[-2.90954,43.16056],[-2.90929,43.16069],[-2.90906,43.16077]]}},{"type":"Feature","properties":{"id":1160484533,"highway":"track"},"geometry":{"type":"LineString","coordinates":[[-2.90939,43.16272],[-2.90967,43.16283],[-2.90981,43.16296],[-2.90979,43.16308],[-2.90965,43.16328],[-2.90922,43.16359],[-2.90847,43.16391],[-2.90756,43.16394],[-2.90697,43.1641],[-2.90673,43.1641],[-2.90656,43.16404],[-2.90638,43.16396],[-2.90618,43.1639]]}},{"type":"Feature","properties":{"id":1160484535,"highway":"service"},"geometry":{"type":"LineString","coordinates":[[-2.92485,43.16378],[-2.92477,43.16369],[-2.92463,43.16354],[-2.92444,43.1633],[-2.92437,43.16318],[-2.92439,43.1631],[-2.92447,43.16303],[-2.9246,43.16302],[-2.92476,43.16308],[-2.925,43.16325]]}},{"type":"Feature","properties":{"id":1163908811,"highway":"track"},"geometry":{"type":"LineString","coordinates":[[-2.92629,43.18936],[-2.92616,43.18936]]}},{"type":"Feature","properties":{"id":1163908832,"highway":"service","nombre":"Zollo-Urruti auzoa"},"geometry":{"type":"LineString","coordinates":[[-2.93362,43.19273],[-2.93346,43.19273],[-2.93324,43.19279],[-2.93291,43.1929],[-2.93269,43.19295],[-2.93261,43.19296],[-2.93252,43.19295],[-2.93247,43.19294],[-2.93244,43.19292],[-2.93244,43.19287],[-2.93247,43.19281],[-2.93251,43.19275]]}},{"type":"Feature","properties":{"id":1163908833,"highway":"service","nombre":"Zollo-Urruti auzoa"},"geometry":{"type":"LineString","coordinates":[[-2.93391,43.1933],[-2.93393,43.19348],[-2.93397,43.19367],[-2.93398,43.19377],[-2.93393,43.19388],[-2.93385,43.19395],[-2.93384,43.194],[-2.93386,43.19405]]}},{"type":"Feature","properties":{"id":1163908837,"highway":"track"},"geometry":{"type":"LineString","coordinates":[[-2.93235,43.19641],[-2.93235,43.19668],[-2.93238,43.19679],[-2.93291,43.19726],[-2.93322,43.19742],[-2.93334,43.19745],[-2.93343,43.19749],[-2.9335,43.19756],[-2.9335,43.19765],[-2.93335,43.1979],[-2.93337,43.19806],[-2.93342,43.1982],[-2.93348,43.19838],[-2.93353,43.19848],[-2.93359,43.19853],[-2.9337,43.19856],[-2.93385,43.1986],[-2.93416,43.19869],[-2.93435,43.1987]]}},{"type":"Feature","properties":{"id":1172113528,"highway":"service"},"geometry":{"type":"LineString","coordinates":[[-2.92271,43.19402],[-2.92279,43.19406],[-2.92309,43.19413],[-2.92313,43.19415],[-2.92337,43.19421],[-2.92366,43.19432]]}},{"type":"Feature","properties":{"id":1172113529,"highway":"service"},"geometry":{"type":"MultiLineString","coordinates":[[[-2.92313,43.19415],[-2.92277,43.19409],[-2.92266,43.19408]],[[-2.92188,43.19424],[-2.92192,43.19431],[-2.92198,43.19438]]]}},{"type":"Feature","properties":{"id":1182578703,"highway":"residential","oneway":"no"},"geometry":{"type":"LineString","coordinates":[[-2.92223,43.17358],[-2.92227,43.17361],[-2.9224,43.17371]]}},{"type":"Feature","properties":{"id":1219371052,"highway":"service","oneway":"yes"},"geometry":{"type":"LineString","coordinates":[[-2.94093,43.15209],[-2.94086,43.15212],[-2.94081,43.15214]]}},{"type":"Feature","properties":{"id":1219371053,"highway":"service","oneway":"yes"},"geometry":{"type":"LineString","coordinates":[[-2.94081,43.15214],[-2.94084,43.15217],[-2.94085,43.15218],[-2.94087,43.15222]]}},{"type":"Feature","properties":{"id":1219371054,"highway":"service","oneway":"no"},"geometry":{"type":"LineString","coordinates":[[-2.94094,43.15162],[-2.94089,43.15162],[-2.94085,43.15162]]}},{"type":"Feature","properties":{"id":1219371055,"highway":"service","oneway":"no"},"geometry":{"type":"LineString","coordinates":[[-2.94096,43.15175],[-2.94091,43.15175],[-2.94085,43.15176]]}},{"type":"Feature","properties":{"id":1219371056,"highway":"footway"},"geometry":{"type":"LineString","coordinates":[[-2.94104,43.15153],[-2.941,43.15154],[-2.94093,43.15154],[-2.94089,43.15154]]}},{"type":"Feature","properties":{"id":1223846037,"highway":"track"},"geometry":{"type":"LineString","coordinates":[[-2.94043,43.16723],[-2.94077,43.1675],[-2.94102,43.16778]]}},{"type":"Feature","properties":{"id":1223846038,"highway":"path","nombre":"Goikogane bertikala"},"geometry":{"type":"LineString","coordinates":[[-2.94102,43.16778],[-2.94119,43.16782],[-2.94133,43.16778],[-2.94144,43.16777],[-2.94158,43.16781],[-2.94169,43.16782],[-2.94175,43.16782],[-2.9418,43.16785],[-2.94189,43.16786],[-2.942,43.16785],[-2.94207,43.16783],[-2.94215,43.16781],[-2.94226,43.16781],[-2.94234,43.16784],[-2.94247,43.16787],[-2.94254,43.1679],[-2.94263,43.16792],[-2.94271,43.16793],[-2.94279,43.16794],[-2.94289,43.16796],[-2.94297,43.16796],[-2.94304,43.16796],[-2.94309,43.16797],[-2.94312,43.16799],[-2.94321,43.16799],[-2.94327,43.16798],[-2.94335,43.16795],[-2.94344,43.16798],[-2.9435,43.16798],[-2.94356,43.16799],[-2.94364,43.16798],[-2.94372,43.16796],[-2.94385,43.16798],[-2.94394,43.16799],[-2.944,43.16801],[-2.94406,43.16799],[-2.94409,43.16798],[-2.94414,43.16798],[-2.94418,43.16797],[-2.94422,43.16796],[-2.94426,43.16796],[-2.9443,43.16797],[-2.94434,43.16801],[-2.94435,43.16805],[-2.94435,43.16808],[-2.94433,43.1681],[-2.9443,43.16811],[-2.94428,43.16814],[-2.94428,43.16816],[-2.94423,43.16817],[-2.94418,43.16817],[-2.94413,43.16818],[-2.94411,43.16819],[-2.9441,43.16822],[-2.94407,43.16824],[-2.94404,43.16823],[-2.94401,43.16824],[-2.94399,43.16825],[-2.94396,43.16827],[-2.94392,43.16828],[-2.94392,43.16831],[-2.94392,43.16833],[-2.94392,43.16836],[-2.94393,43.16837],[-2.94394,43.16839],[-2.94394,43.16841],[-2.94392,43.16843],[-2.94388,43.16843],[-2.94384,43.16843],[-2.94382,43.16845],[-2.94378,43.16847],[-2.94374,43.1685],[-2.94371,43.16852],[-2.94369,43.16854],[-2.94371,43.16856],[-2.94375,43.16858],[-2.94376,43.1686],[-2.94374,43.16862],[-2.94377,43.16863],[-2.9438,43.16865],[-2.94377,43.16868],[-2.94376,43.1687],[-2.94373,43.16869],[-2.94369,43.16868],[-2.94367,43.16871],[-2.94365,43.16874],[-2.94363,43.16876],[-2.94362,43.16879],[-2.9436,43.16881],[-2.94357,43.16883],[-2.94358,43.16885],[-2.94361,43.16886],[-2.94361,43.16889],[-2.9436,43.16891],[-2.9436,43.16894],[-2.9436,43.16898],[-2.9436,43.16901],[-2.9436,43.16904],[-2.94362,43.16906],[-2.94364,43.16907],[-2.94365,43.16909],[-2.94369,43.16912],[-2.94373,43.16913],[-2.94379,43.16914],[-2.94385,43.16917],[-2.94389,43.16918],[-2.94392,43.16919],[-2.94396,43.16922],[-2.944,43.16923],[-2.94406,43.16922],[-2.9441,43.16923],[-2.94416,43.16925],[-2.9442,43.16926],[-2.94425,43.16927],[-2.9443,43.16928],[-2.94435,43.1693],[-2.9444,43.16931],[-2.94445,43.16933],[-2.94448,43.16932],[-2.94453,43.16934],[-2.94457,43.16935],[-2.94462,43.16937],[-2.94464,43.16938],[-2.94467,43.16939],[-2.94472,43.16941],[-2.94476,43.16943],[-2.94479,43.16944],[-2.94481,43.16945],[-2.94483,43.16948],[-2.94484,43.16951],[-2.94486,43.16955],[-2.94489,43.16958],[-2.94493,43.16962],[-2.94496,43.16962],[-2.94499,43.16963],[-2.94502,43.16962],[-2.94505,43.16961],[-2.94506,43.16964],[-2.9451,43.16964],[-2.94512,43.16966],[-2.94516,43.16965],[-2.9452,43.16965],[-2.94523,43.16966],[-2.94524,43.16968],[-2.94524,43.1697],[-2.94528,43.1697],[-2.94533,43.1697],[-2.94538,43.16971],[-2.94544,43.16971],[-2.9455,43.16971],[-2.94554,43.16972],[-2.94553,43.16975],[-2.94551,43.16979],[-2.94551,43.16985],[-2.94553,43.16988],[-2.94554,43.1699],[-2.94556,43.16993],[-2.94557,43.16997],[-2.94559,43.16996],[-2.9456,43.16998],[-2.94563,43.16999],[-2.94562,43.17001],[-2.94567,43.17],[-2.94567,43.17002],[-2.94571,43.17004],[-2.9457,43.17008],[-2.94571,43.17012],[-2.9457,43.17017],[-2.94571,43.17018],[-2.94573,43.1702],[-2.94573,43.17023],[-2.94574,43.17027],[-2.94575,43.17029],[-2.94576,43.17033],[-2.94577,43.17036],[-2.9458,43.17038],[-2.94583,43.1704],[-2.9459,43.1704],[-2.94597,43.17041],[-2.94605,43.17043],[-2.94611,43.17044],[-2.94624,43.17046],[-2.94635,43.17047],[-2.94642,43.17048],[-2.9465,43.17048]]}},{"type":"Feature","properties":{"id":1244085807,"highway":"service"},"geometry":{"type":"LineString","coordinates":[[-2.9164,43.16692],[-2.91671,43.16677]]}},{"type":"Feature","properties":{"id":1244085810,"highway":"service","nombre":"Uribarri auzoa"},"geometry":{"type":"LineString","coordinates":[[-2.91491,43.16757],[-2.91384,43.16773]]}},{"type":"Feature","properties":{"id":1244085814,"highway":"service","nombre":"Uribarri auzoa"},"geometry":{"type":"LineString","coordinates":[[-2.91513,43.16788],[-2.91462,43.16799],[-2.91439,43.16807],[-2.91421,43.16817],[-2.91417,43.16824],[-2.91417,43.16832],[-2.91425,43.16836],[-2.91439,43.16841]]}},{"type":"Feature","properties":{"id":1244085817,"highway":"track"},"geometry":{"type":"LineString","coordinates":[[-2.91168,43.1664],[-2.91154,43.16631],[-2.91131,43.16608],[-2.91102,43.16578],[-2.91091,43.16566],[-2.91086,43.16554],[-2.91073,43.1653],[-2.91067,43.16525],[-2.9106,43.16522],[-2.91052,43.16521],[-2.91045,43.16522],[-2.91035,43.16529],[-2.91025,43.16537],[-2.91015,43.16543],[-2.91009,43.16548],[-2.91008,43.16557],[-2.91011,43.16569],[-2.91011,43.16576],[-2.91008,43.1658],[-2.90998,43.16583],[-2.90966,43.16584],[-2.90936,43.16591],[-2.90924,43.16593],[-2.90901,43.16595],[-2.90875,43.16596],[-2.90846,43.16594],[-2.90835,43.16593],[-2.90832,43.1659],[-2.90832,43.16587],[-2.90844,43.16586],[-2.90851,43.16583],[-2.90874,43.16561],[-2.90891,43.16539],[-2.90893,43.16532],[-2.90889,43.16513],[-2.90886,43.16502],[-2.90885,43.16495],[-2.90885,43.16492],[-2.9089,43.16486]]}},{"type":"Feature","properties":{"id":1252335225,"highway":"residential","nombre":"Atxeta auzoa","izena_eu":"Atxeta auzoa","nombre_es":"Barrio Atxeta"},"geometry":{"type":"LineString","coordinates":[[-2.94099,43.14674],[-2.94104,43.14686],[-2.94109,43.14712],[-2.94102,43.14729],[-2.941,43.14733],[-2.94094,43.14749],[-2.94093,43.14765],[-2.94095,43.14776],[-2.94105,43.14789],[-2.94123,43.14796],[-2.94147,43.14806],[-2.94163,43.14809],[-2.94175,43.14814],[-2.94185,43.14821],[-2.94191,43.14829],[-2.94195,43.14832],[-2.94206,43.14834]]}},{"type":"Feature","properties":{"id":1252335226,"highway":"residential","nombre":"Atxeta auzoa","izena_eu":"Atxeta auzoa","nombre_es":"Barrio Atxeta"},"geometry":{"type":"LineString","coordinates":[[-2.941,43.14733],[-2.94108,43.14739],[-2.94139,43.14743],[-2.94153,43.14746],[-2.94156,43.14747]]}},{"type":"Feature","properties":{"id":1257504706,"highway":"service"},"geometry":{"type":"LineString","coordinates":[[-2.9566,43.19177],[-2.95702,43.1919]]}},{"type":"Feature","properties":{"id":1257504707,"highway":"service","puente":"yes"},"geometry":{"type":"LineString","coordinates":[[-2.95702,43.1919],[-2.95709,43.19192]]}},{"type":"Feature","properties":{"id":1258267291,"highway":"service"},"geometry":{"type":"LineString","coordinates":[[-2.94494,43.18749],[-2.94471,43.1874],[-2.94453,43.18732],[-2.94448,43.1873],[-2.94414,43.18719],[-2.94392,43.18717],[-2.94375,43.18718],[-2.94348,43.18721]]}},{"type":"Feature","properties":{"id":1258267292,"highway":"service","puente":"yes"},"geometry":{"type":"LineString","coordinates":[[-2.9452,43.18759],[-2.94494,43.18749]]}},{"type":"Feature","properties":{"id":1258267294,"highway":"service","puente":"yes"},"geometry":{"type":"LineString","coordinates":[[-2.91651,43.17665],[-2.91655,43.17658]]}},{"type":"Feature","properties":{"id":1258267295,"highway":"service"},"geometry":{"type":"LineString","coordinates":[[-2.91655,43.17658],[-2.91662,43.17649]]}},{"type":"Feature","properties":{"id":1258267296,"highway":"service"},"geometry":{"type":"LineString","coordinates":[[-2.91651,43.17668],[-2.91651,43.17665]]}},{"type":"Feature","properties":{"id":1258267297,"highway":"primary","nombre":"Bilbao - Orduña errepidea","izena_eu":"Bilbao - Orduña errepidea","nombre_es":"Carretera Bilbao - Orduña","ref":"BI-625","superficie":"asphalt"},"geometry":{"type":"LineString","coordinates":[[-2.91481,43.17688],[-2.91486,43.17702],[-2.91494,43.1772],[-2.91514,43.17761],[-2.91517,43.17769],[-2.91519,43.17778],[-2.91521,43.17786],[-2.91521,43.17794],[-2.91521,43.17809],[-2.91519,43.17819],[-2.91514,43.17834],[-2.91509,43.17848],[-2.91503,43.17861],[-2.91496,43.17877],[-2.91485,43.17892]]}},{"type":"Feature","properties":{"id":1258267298,"highway":"primary","nombre":"Bilbao - Orduña errepidea","izena_eu":"Bilbao - Orduña errepidea","nombre_es":"Carretera Bilbao - Orduña","ref":"BI-625","puente":"yes"},"geometry":{"type":"LineString","coordinates":[[-2.91476,43.1767],[-2.91481,43.17688]]}},{"type":"Feature","properties":{"id":1265137150,"highway":"track"},"geometry":{"type":"LineString","coordinates":[[-2.92661,43.18487],[-2.9264,43.18493],[-2.9262,43.185],[-2.92608,43.18505],[-2.92595,43.18512],[-2.92582,43.18519],[-2.92567,43.18527]]}},{"type":"Feature","properties":{"id":1267739128,"highway":"path"},"geometry":{"type":"LineString","coordinates":[[-2.97103,43.18543],[-2.97112,43.18552]]}},{"type":"Feature","properties":{"id":1267739129,"highway":"path"},"geometry":{"type":"LineString","coordinates":[[-2.94551,43.16985],[-2.94544,43.17003],[-2.94542,43.17025],[-2.94545,43.17038],[-2.9455,43.17046],[-2.94562,43.17036],[-2.94574,43.17027]]}},{"type":"Feature","properties":{"id":1267739130,"highway":"path"},"geometry":{"type":"LineString","coordinates":[[-2.94493,43.17341],[-2.94491,43.17332],[-2.94478,43.17321],[-2.94466,43.17308],[-2.94476,43.17278],[-2.94518,43.1724],[-2.94551,43.17213],[-2.94564,43.17189],[-2.94572,43.17176],[-2.94586,43.17168],[-2.94585,43.17158],[-2.94572,43.17143],[-2.94565,43.17128],[-2.94579,43.17116],[-2.94594,43.17102],[-2.9459,43.17093],[-2.94589,43.17084],[-2.94605,43.17085],[-2.94616,43.17074],[-2.94626,43.17064],[-2.94623,43.17052],[-2.94611,43.17044]]}},{"type":"Feature","properties":{"id":1267739131,"highway":"path"},"geometry":{"type":"LineString","coordinates":[[-2.93232,43.17645],[-2.9322,43.17655],[-2.93182,43.17676],[-2.93173,43.1769],[-2.93138,43.17715],[-2.93118,43.17727],[-2.93083,43.17744],[-2.93052,43.17766],[-2.93038,43.17777]]}},{"type":"Feature","properties":{"id":1267739132,"highway":"path"},"geometry":{"type":"LineString","coordinates":[[-2.92681,43.17432],[-2.92692,43.17444],[-2.92704,43.17456]]}},{"type":"Feature","properties":{"id":1267739133,"highway":"path"},"geometry":{"type":"LineString","coordinates":[[-2.92539,43.17366],[-2.92537,43.17359],[-2.92541,43.17344],[-2.92543,43.17329],[-2.92544,43.17305],[-2.92545,43.17291],[-2.92546,43.17279],[-2.92537,43.1727]]}},{"type":"Feature","properties":{"id":1272839808,"highway":"path"},"geometry":{"type":"LineString","coordinates":[[-2.94463,43.17354],[-2.9446,43.17364],[-2.94448,43.17371],[-2.94434,43.17376],[-2.94432,43.17387],[-2.94426,43.17396],[-2.94411,43.17395],[-2.94399,43.17404],[-2.94393,43.17412],[-2.94378,43.17416],[-2.94367,43.17419],[-2.94358,43.17427],[-2.94351,43.17435],[-2.94339,43.17441],[-2.94324,43.17442],[-2.9431,43.1744],[-2.94298,43.17444],[-2.94299,43.17452],[-2.94285,43.17458],[-2.9428,43.17468],[-2.94266,43.17474],[-2.94256,43.17481],[-2.94243,43.1749],[-2.94234,43.17498],[-2.94223,43.17506],[-2.94214,43.17512],[-2.94214,43.17522]]}},{"type":"Feature","properties":{"id":1282920023,"highway":"path"},"geometry":{"type":"LineString","coordinates":[[-2.92526,43.16923],[-2.92512,43.16921],[-2.92496,43.1692],[-2.92478,43.1692],[-2.9246,43.16922],[-2.92451,43.16925],[-2.92445,43.16929],[-2.92439,43.16933],[-2.92433,43.16936],[-2.92426,43.16935],[-2.92421,43.16933],[-2.92414,43.16927],[-2.92407,43.16922],[-2.92401,43.16916],[-2.92392,43.16908],[-2.92388,43.16903],[-2.92379,43.16901],[-2.92374,43.169],[-2.9237,43.16901],[-2.92366,43.16905],[-2.9236,43.1691],[-2.92356,43.16914],[-2.9235,43.1692],[-2.92345,43.16924],[-2.9234,43.16929],[-2.92337,43.16935],[-2.92329,43.16934],[-2.92326,43.1693],[-2.92323,43.16924],[-2.9232,43.1692],[-2.92314,43.16911],[-2.92309,43.16905],[-2.92309,43.16897],[-2.92305,43.16883],[-2.92306,43.16872],[-2.92308,43.16864],[-2.92312,43.16855],[-2.92315,43.16847],[-2.92317,43.16839],[-2.9232,43.16833],[-2.92321,43.16828]]}},{"type":"Feature","properties":{"id":1282920024,"highway":"unclassified","nombre":"Arene auzoa"},"geometry":{"type":"LineString","coordinates":[[-2.92147,43.16831],[-2.92153,43.16835],[-2.92158,43.16836],[-2.92164,43.16839],[-2.92171,43.16843],[-2.9218,43.16848],[-2.92184,43.1685],[-2.92189,43.16851],[-2.92195,43.16848],[-2.92203,43.16846],[-2.92211,43.16842],[-2.92222,43.16838],[-2.92233,43.16835],[-2.92247,43.16833],[-2.92259,43.16833],[-2.9227,43.16832],[-2.92282,43.16831],[-2.92293,43.1683],[-2.92305,43.16828],[-2.92321,43.16828]]}},{"type":"Feature","properties":{"id":1282920025,"highway":"path"},"geometry":{"type":"LineString","coordinates":[[-2.92719,43.1599],[-2.92713,43.15977],[-2.92709,43.15968],[-2.92707,43.15959],[-2.92711,43.15946],[-2.92714,43.1593],[-2.92717,43.15917],[-2.92724,43.15903],[-2.92732,43.15892],[-2.92741,43.15882],[-2.92757,43.15872],[-2.92767,43.15866]]}},{"type":"Feature","properties":{"id":1289405615,"highway":"track"},"geometry":{"type":"LineString","coordinates":[[-2.9259,43.17369],[-2.92604,43.17365],[-2.92615,43.17364],[-2.92623,43.17363],[-2.92632,43.17359],[-2.92642,43.17357],[-2.92653,43.17354],[-2.92663,43.17354],[-2.92675,43.17355],[-2.92693,43.17353],[-2.92707,43.17349],[-2.92724,43.17343],[-2.92738,43.17338],[-2.92758,43.1733],[-2.92772,43.17322],[-2.92782,43.17319],[-2.92795,43.17313],[-2.92813,43.17306]]}},{"type":"Feature","properties":{"id":1289405616,"highway":"track"},"geometry":{"type":"LineString","coordinates":[[-2.93418,43.17298],[-2.93431,43.17302],[-2.93445,43.17303],[-2.9346,43.17299],[-2.93476,43.1729],[-2.93486,43.17279],[-2.93492,43.1727],[-2.93495,43.17258],[-2.935,43.17243],[-2.93503,43.17226],[-2.93505,43.17212],[-2.93501,43.17189],[-2.93497,43.17173],[-2.93492,43.17153],[-2.93488,43.17137],[-2.93482,43.17121],[-2.93479,43.17113],[-2.93474,43.171]]}},{"type":"Feature","properties":{"id":1289405617,"highway":"path"},"geometry":{"type":"LineString","coordinates":[[-2.93482,43.17121],[-2.93489,43.17113],[-2.93493,43.17107],[-2.935,43.17099],[-2.93497,43.17091],[-2.93506,43.17088],[-2.93506,43.17081],[-2.93515,43.17075],[-2.93514,43.1707],[-2.93524,43.17065],[-2.93534,43.17062],[-2.93546,43.1706]]}},{"type":"Feature","properties":{"id":1290457804,"highway":"path","nombre":"zabale"},"geometry":{"type":"LineString","coordinates":[[-2.92012,43.17509],[-2.92014,43.17515],[-2.92018,43.1752],[-2.92024,43.17526],[-2.9203,43.17531],[-2.92036,43.17535],[-2.92042,43.1754],[-2.92048,43.17548],[-2.92054,43.17554],[-2.92061,43.17562],[-2.92066,43.17568],[-2.9207,43.17576],[-2.92074,43.17584],[-2.92079,43.17587],[-2.92081,43.17593],[-2.92088,43.17599],[-2.92098,43.176],[-2.92105,43.17605],[-2.92111,43.1761],[-2.92118,43.17616],[-2.92123,43.17621],[-2.92128,43.17625],[-2.92137,43.17625],[-2.92148,43.17629],[-2.92154,43.17632],[-2.92161,43.17634],[-2.92168,43.17638]]}},{"type":"Feature","properties":{"id":1303519656,"highway":"path"},"geometry":{"type":"LineString","coordinates":[[-2.92315,43.16151],[-2.92289,43.16159],[-2.92279,43.16162],[-2.92256,43.16163],[-2.92235,43.1616],[-2.92223,43.16156],[-2.92207,43.1615],[-2.92177,43.16138],[-2.92145,43.1612],[-2.92118,43.16115],[-2.92078,43.16098],[-2.92028,43.16084],[-2.92009,43.16074],[-2.91999,43.16066],[-2.91988,43.16061],[-2.91978,43.16059],[-2.91967,43.16059],[-2.91957,43.16065],[-2.91948,43.16069],[-2.91943,43.16071],[-2.91935,43.16072],[-2.91929,43.16071],[-2.91916,43.16065],[-2.91906,43.16059],[-2.91893,43.16054],[-2.91867,43.1604],[-2.9185,43.16034],[-2.91839,43.16031],[-2.91832,43.16032],[-2.91825,43.16038],[-2.91818,43.16042],[-2.91813,43.16049],[-2.91809,43.16054],[-2.91806,43.16058],[-2.91799,43.16064],[-2.91792,43.16068],[-2.91769,43.16068],[-2.91763,43.16065],[-2.91763,43.16054],[-2.91759,43.1605],[-2.91755,43.1604],[-2.91743,43.16041],[-2.91724,43.16046],[-2.91705,43.1605],[-2.91655,43.1605],[-2.91636,43.16049],[-2.91624,43.1605],[-2.91613,43.16052],[-2.91607,43.16054],[-2.91602,43.16058],[-2.91601,43.16066],[-2.91604,43.16074],[-2.9161,43.16087],[-2.91619,43.16103],[-2.9162,43.16115],[-2.91615,43.16124],[-2.91614,43.16136],[-2.91624,43.16151],[-2.91632,43.16161],[-2.91641,43.16167],[-2.91645,43.16172],[-2.91645,43.16178],[-2.91642,43.16182],[-2.91638,43.16194],[-2.91638,43.16203],[-2.91642,43.16214],[-2.91647,43.16226],[-2.91644,43.1624],[-2.91645,43.1625],[-2.91651,43.16258],[-2.91633,43.16284],[-2.91623,43.163],[-2.91616,43.16312],[-2.91617,43.16322],[-2.91624,43.16333],[-2.91628,43.16347],[-2.91628,43.16363],[-2.9162,43.16382],[-2.91596,43.16407],[-2.91587,43.16418],[-2.91588,43.16431],[-2.91598,43.16448],[-2.91609,43.16472],[-2.91615,43.16496],[-2.91615,43.16516],[-2.91615,43.16548]]}},{"type":"Feature","properties":{"id":1303519657,"highway":"track"},"geometry":{"type":"LineString","coordinates":[[-2.91615,43.16548],[-2.91615,43.16559],[-2.91616,43.16583],[-2.91622,43.16594],[-2.91624,43.16608],[-2.91621,43.1662],[-2.91611,43.16642],[-2.91606,43.16652]]}},{"type":"Feature","properties":{"id":1308992009,"highway":"track"},"geometry":{"type":"LineString","coordinates":[[-2.92604,43.15889],[-2.92588,43.15879],[-2.92552,43.15839],[-2.92538,43.15805],[-2.92512,43.15774],[-2.92488,43.15754],[-2.92477,43.15738],[-2.92459,43.15724],[-2.92443,43.15714],[-2.92408,43.15707],[-2.9239,43.15703],[-2.9237,43.15701],[-2.92274,43.15678],[-2.92234,43.15675],[-2.92145,43.15663],[-2.92066,43.15648],[-2.91996,43.15618],[-2.91932,43.1559]]}},{"type":"Feature","properties":{"id":1320974758,"highway":"path"},"geometry":{"type":"LineString","coordinates":[[-2.92545,43.17291],[-2.92552,43.1728],[-2.92559,43.17274],[-2.92565,43.17269],[-2.92571,43.17265],[-2.92575,43.17262]]}},{"type":"Feature","properties":{"id":1320974759,"highway":"track"},"geometry":{"type":"LineString","coordinates":[[-2.92596,43.17268],[-2.92596,43.17276],[-2.92597,43.17283],[-2.92599,43.17292],[-2.92601,43.17299],[-2.92606,43.1731],[-2.92612,43.17321],[-2.92617,43.1733],[-2.92627,43.17343]]}},{"type":"Feature","properties":{"id":1320974760,"highway":"track"},"geometry":{"type":"LineString","coordinates":[[-2.92627,43.17343],[-2.92636,43.17348],[-2.92645,43.17351],[-2.92653,43.17354]]}},{"type":"Feature","properties":{"id":1320974761,"highway":"track"},"geometry":{"type":"LineString","coordinates":[[-2.92596,43.17268],[-2.92592,43.17261],[-2.92586,43.17256],[-2.92583,43.17252],[-2.92581,43.17247],[-2.92579,43.17242],[-2.92579,43.17234],[-2.9258,43.17226],[-2.92582,43.17221],[-2.92585,43.17214],[-2.9259,43.1721],[-2.92596,43.17209],[-2.92605,43.1721],[-2.92616,43.1721],[-2.92626,43.17212],[-2.92632,43.17214],[-2.92641,43.17216],[-2.9265,43.17216],[-2.92661,43.17215],[-2.92675,43.17212],[-2.92686,43.17209],[-2.92702,43.17205],[-2.92713,43.17203],[-2.92724,43.17199],[-2.9274,43.17196],[-2.92751,43.17193],[-2.92763,43.17192],[-2.92775,43.17193],[-2.9278,43.17191],[-2.92779,43.17187],[-2.92776,43.17184],[-2.9277,43.17181],[-2.92765,43.17178],[-2.92757,43.17175],[-2.92752,43.17171],[-2.92745,43.17166],[-2.92741,43.17161],[-2.92738,43.17154],[-2.92734,43.17146],[-2.92732,43.17139],[-2.9273,43.17132],[-2.92726,43.17123],[-2.92724,43.17116]]}},{"type":"Feature","properties":{"id":1360325950,"highway":"path"},"geometry":{"type":"LineString","coordinates":[[-2.94848,43.17465],[-2.9486,43.1746],[-2.94871,43.17455],[-2.94874,43.17438],[-2.94884,43.17422],[-2.94896,43.1741],[-2.94901,43.17397],[-2.94912,43.17394]]}},{"type":"Feature","properties":{"id":1386664339,"highway":"primary","nombre":"Bilbao - Orduña errepidea","ref":"BI-625","oneway":"yes"},"geometry":{"type":"LineString","coordinates":[[-2.91997,43.17302],[-2.92004,43.17292],[-2.92009,43.17282],[-2.92014,43.17269],[-2.92019,43.17247],[-2.92017,43.17239]]}},{"type":"Feature","properties":{"id":1386664340,"highway":"footway","superficie":"paved"},"geometry":{"type":"LineString","coordinates":[[-2.92064,43.17265],[-2.92035,43.17263]]}},{"type":"Feature","properties":{"id":1386664341,"highway":"footway","superficie":"paved"},"geometry":{"type":"LineString","coordinates":[[-2.92035,43.17263],[-2.9203,43.17263],[-2.92024,43.17262]]}},{"type":"Feature","properties":{"id":1441486401,"highway":"footway"},"geometry":{"type":"LineString","coordinates":[[-2.94123,43.14671],[-2.94119,43.14671],[-2.94112,43.14673],[-2.94109,43.14674]]}},{"type":"Feature","properties":{"id":1441487836,"highway":"service"},"geometry":{"type":"LineString","coordinates":[[-2.94129,43.14944],[-2.94111,43.14948],[-2.94059,43.14961],[-2.94068,43.14981],[-2.94121,43.14969],[-2.94111,43.14948]]}},{"type":"Feature","properties":{"id":1441487837,"highway":"service"},"geometry":{"type":"LineString","coordinates":[[-2.94123,43.14932],[-2.94055,43.14948]]}},{"type":"Feature","properties":{"id":1485778360,"highway":"track","superficie":"ground"},"geometry":{"type":"LineString","coordinates":[[-2.95827,43.20941],[-2.9582,43.20935],[-2.95811,43.2093],[-2.95806,43.20927],[-2.95799,43.20921]]}},{"type":"Feature","properties":{"id":1485778361,"highway":"track"},"geometry":{"type":"LineString","coordinates":[[-2.95811,43.2093],[-2.95824,43.20927],[-2.95827,43.20926]]}},{"type":"Feature","properties":{"id":1497830417,"highway":"service","nombre":"Aspiuntza auzoa"},"geometry":{"type":"LineString","coordinates":[[-2.92128,43.19522],[-2.92144,43.19532],[-2.92159,43.19546],[-2.92173,43.19555],[-2.92185,43.19567],[-2.92199,43.19592],[-2.92219,43.19621],[-2.92231,43.19638]]}},{"type":"Feature","properties":{"id":1497830418,"highway":"service"},"geometry":{"type":"LineString","coordinates":[[-2.92231,43.19638],[-2.92241,43.19652],[-2.92249,43.19661],[-2.9226,43.19677],[-2.92263,43.19684]]}},{"type":"Feature","properties":{"id":1497830419,"highway":"unclassified","nombre":"Aspiuntza auzoa","izena_eu":"Aspiuntza auzoa"},"geometry":{"type":"LineString","coordinates":[[-2.92668,43.19283],[-2.92666,43.19294],[-2.92667,43.19304],[-2.92671,43.19313],[-2.92679,43.19318],[-2.92689,43.1932],[-2.92716,43.19321],[-2.92727,43.19322],[-2.92736,43.19325],[-2.92757,43.19333],[-2.92765,43.19336],[-2.92772,43.19338],[-2.92782,43.1934],[-2.9279,43.19338],[-2.92811,43.19333],[-2.9282,43.19332],[-2.92865,43.19333],[-2.92886,43.19335],[-2.92899,43.19337],[-2.92915,43.19342],[-2.92922,43.19344],[-2.92928,43.19349],[-2.92951,43.19368],[-2.92961,43.19373],[-2.92977,43.1938],[-2.92988,43.19384],[-2.93003,43.1939],[-2.93011,43.19395],[-2.93013,43.19402],[-2.93011,43.19407],[-2.93005,43.19411],[-2.92995,43.19412],[-2.92984,43.19411],[-2.92965,43.19408],[-2.92951,43.19408],[-2.92933,43.1941],[-2.92897,43.19417],[-2.92883,43.19421],[-2.92871,43.19426],[-2.92855,43.19438],[-2.92842,43.19447],[-2.92806,43.19465],[-2.92796,43.19471],[-2.92777,43.19479],[-2.92738,43.19486],[-2.92727,43.19488],[-2.92714,43.19492],[-2.92707,43.19496],[-2.92695,43.19502],[-2.92686,43.19505],[-2.9268,43.19506],[-2.92673,43.19506],[-2.92664,43.19506],[-2.92646,43.19504],[-2.92617,43.19499],[-2.92602,43.19496],[-2.92583,43.19491],[-2.92566,43.19487],[-2.92553,43.19482],[-2.92528,43.19471],[-2.92515,43.19466],[-2.92496,43.19458],[-2.92464,43.19449],[-2.92449,43.19446],[-2.92421,43.1944],[-2.92406,43.19436],[-2.92343,43.19414],[-2.92329,43.1941],[-2.92315,43.19407],[-2.92271,43.194]]}},{"type":"Feature","properties":{"id":1497830420,"highway":"pedestrian","nombre":"Zollo-Elexalde auzoa"},"geometry":{"type":"LineString","coordinates":[[-2.93796,43.19283],[-2.9385,43.19289],[-2.93856,43.1929],[-2.93858,43.19293],[-2.93865,43.19294],[-2.93876,43.19295],[-2.93879,43.19295],[-2.93886,43.19299],[-2.93895,43.19299],[-2.93919,43.19296]]}},{"type":"Feature","properties":{"id":1497830422,"highway":"unclassified","nombre":"Zollo-Urruti auzoa","izena_eu":"Zollo-Urruti auzoa"},"geometry":{"type":"LineString","coordinates":[[-2.93796,43.19283],[-2.93769,43.1932],[-2.93765,43.19329],[-2.93763,43.19349],[-2.93764,43.19368],[-2.93757,43.19386],[-2.93735,43.19403],[-2.93709,43.19412],[-2.93678,43.19415],[-2.93647,43.19408],[-2.93616,43.19395],[-2.93579,43.19379],[-2.93574,43.19378],[-2.93546,43.19368],[-2.93439,43.19347],[-2.93395,43.19333],[-2.93391,43.1933],[-2.93378,43.19319],[-2.93362,43.19301],[-2.93358,43.19288],[-2.93362,43.19273],[-2.93372,43.19257],[-2.93374,43.19254],[-2.93386,43.19236],[-2.93394,43.19217],[-2.93393,43.19198],[-2.93382,43.19185],[-2.93363,43.19168],[-2.93337,43.19145],[-2.93322,43.19135],[-2.93303,43.19127],[-2.93275,43.19122],[-2.93248,43.19123],[-2.9322,43.19129],[-2.93172,43.1914],[-2.93146,43.19148],[-2.9314,43.1915],[-2.93106,43.19169],[-2.93081,43.19182],[-2.93014,43.19218],[-2.9299,43.19226],[-2.92973,43.19231],[-2.92938,43.19237],[-2.92859,43.19251],[-2.92832,43.19256],[-2.9282,43.19257],[-2.92791,43.19257],[-2.92783,43.19257],[-2.92774,43.19255],[-2.92746,43.19247],[-2.92735,43.19245],[-2.92724,43.19244],[-2.92714,43.19245],[-2.92706,43.19248],[-2.92697,43.19252],[-2.9269,43.19256],[-2.92682,43.19263],[-2.92673,43.19273],[-2.92668,43.19283]]}},{"type":"Feature","properties":{"id":1497830423,"highway":"unclassified","nombre":"Zollo-Elexalde auzoa","izena_eu":"Zollo-Elexalde auzoa"},"geometry":{"type":"LineString","coordinates":[[-2.93821,43.19246],[-2.93803,43.19273],[-2.93796,43.19283]]}},{"type":"Feature","properties":{"id":1497830424,"highway":"service","nombre":"Zollo-Elexalde auzoa"},"geometry":{"type":"LineString","coordinates":[[-2.93821,43.19246],[-2.93814,43.19237],[-2.93802,43.19212],[-2.93797,43.192],[-2.93796,43.19192],[-2.93797,43.19182],[-2.93789,43.19153],[-2.93787,43.19148]]}},{"type":"Feature","properties":{"id":1497830425,"highway":"unclassified","nombre":"Torre Beaskoetxe auzoa","izena_eu":"Torre Beaskoetxe auzoa"},"geometry":{"type":"LineString","coordinates":[[-2.94121,43.19117],[-2.94123,43.19105],[-2.94118,43.19097],[-2.94109,43.19095],[-2.94093,43.19098],[-2.94047,43.19115],[-2.94004,43.1913],[-2.93958,43.19139],[-2.93947,43.19145],[-2.93927,43.19156],[-2.93898,43.19179],[-2.93858,43.19215],[-2.93821,43.19246]]}},{"type":"Feature","properties":{"id":1497830426,"highway":"unclassified","nombre":"Etxebarri auzoa","izena_eu":"Etxebarri auzoa"},"geometry":{"type":"LineString","coordinates":[[-2.94684,43.19344],[-2.94647,43.19329],[-2.94592,43.19324],[-2.94581,43.19323],[-2.94518,43.19329],[-2.94491,43.19335],[-2.94465,43.19336],[-2.94443,43.1933],[-2.94429,43.19318],[-2.94418,43.19297],[-2.94404,43.19279],[-2.94369,43.19253],[-2.94336,43.19238],[-2.94305,43.19232],[-2.94256,43.19232],[-2.94208,43.19238],[-2.94186,43.19238],[-2.94175,43.19234],[-2.94134,43.19205],[-2.94117,43.19196],[-2.94105,43.19186],[-2.94102,43.19176],[-2.94101,43.19168],[-2.94121,43.19117]]}},{"type":"Feature","properties":{"id":1497830427,"highway":"unclassified"},"geometry":{"type":"LineString","coordinates":[[-2.9566,43.19177],[-2.95649,43.19173],[-2.95589,43.19152],[-2.95539,43.19134],[-2.95502,43.19124],[-2.95482,43.19121],[-2.95462,43.19121],[-2.95421,43.19133],[-2.95389,43.19138],[-2.95367,43.19138],[-2.95338,43.19135],[-2.95321,43.19132],[-2.95312,43.19127],[-2.95286,43.1912],[-2.9526,43.19114],[-2.95222,43.19105],[-2.95213,43.19104],[-2.95194,43.19102],[-2.95179,43.19101],[-2.95155,43.19098],[-2.951,43.19089],[-2.95092,43.19089],[-2.9508,43.19089],[-2.95068,43.19091],[-2.9506,43.19093],[-2.95054,43.19098]]}},{"type":"Feature","properties":{"id":1497830428,"highway":"unclassified","nombre":"Rotatxu auzoa"},"geometry":{"type":"LineString","coordinates":[[-2.92292,43.17692],[-2.92257,43.17685],[-2.92223,43.17677],[-2.92156,43.17674],[-2.92098,43.17674],[-2.92051,43.17669],[-2.92002,43.17662],[-2.91973,43.17661],[-2.91958,43.17663],[-2.91909,43.17669],[-2.9187,43.17674],[-2.91803,43.17688],[-2.91772,43.17691],[-2.91742,43.17692],[-2.91707,43.17683],[-2.91685,43.17675],[-2.9166,43.1767],[-2.91651,43.17668],[-2.91641,43.17667],[-2.91611,43.17669],[-2.91593,43.17675]]}},{"type":"Feature","properties":{"id":1497900593,"highway":"service","nombre":"Bakiola industrialdea"},"geometry":{"type":"LineString","coordinates":[[-2.90901,43.17768],[-2.90921,43.17765],[-2.90938,43.17758],[-2.90963,43.17744]]}},{"type":"Feature","properties":{"id":1497900604,"highway":"track","nombre":"Landaberde Zahar auzoa"},"geometry":{"type":"LineString","coordinates":[[-2.9189,43.16795],[-2.91889,43.16786],[-2.9189,43.16771],[-2.91884,43.16745],[-2.91859,43.16672],[-2.9186,43.16657],[-2.91861,43.16652]]}},{"type":"Feature","properties":{"id":1497900605,"highway":"service","nombre":"Uribarri auzoa"},"geometry":{"type":"LineString","coordinates":[[-2.91338,43.16867],[-2.9133,43.16852],[-2.91322,43.16843],[-2.91319,43.16838],[-2.91324,43.16831],[-2.91334,43.1683],[-2.91343,43.1683]]}},{"type":"Feature","properties":{"id":1497900606,"highway":"residential","nombre":"Uribarri auzoa"},"geometry":{"type":"LineString","coordinates":[[-2.91491,43.16757],[-2.91491,43.16759],[-2.91509,43.16784],[-2.91513,43.16788],[-2.91526,43.16801],[-2.9154,43.16821],[-2.91554,43.16857],[-2.91557,43.16887],[-2.91556,43.16921],[-2.91557,43.16946],[-2.91561,43.1697],[-2.9156,43.16992]]}},{"type":"Feature","properties":{"id":1497900607,"highway":"residential","nombre":"Garai auzoa"},"geometry":{"type":"LineString","coordinates":[[-2.91606,43.16652],[-2.91602,43.16654],[-2.91583,43.16664],[-2.9156,43.16677],[-2.91543,43.1669],[-2.9152,43.16697],[-2.91504,43.16699],[-2.91489,43.16698],[-2.9148,43.16699],[-2.9147,43.16708],[-2.9147,43.16716],[-2.91491,43.16757]]}},{"type":"Feature","properties":{"id":1497900609,"highway":"service"},"geometry":{"type":"LineString","coordinates":[[-2.91448,43.16693],[-2.91435,43.16655],[-2.91426,43.16614],[-2.91404,43.16614]]}},{"type":"Feature","properties":{"id":1497900610,"highway":"unclassified","nombre":"Garai auzoa"},"geometry":{"type":"LineString","coordinates":[[-2.9147,43.16716],[-2.91462,43.16707],[-2.91456,43.167],[-2.9145,43.16695],[-2.91448,43.16693],[-2.91443,43.16689],[-2.91437,43.16686],[-2.91429,43.16683],[-2.91421,43.16678],[-2.91413,43.16674],[-2.91408,43.1667],[-2.91404,43.16666],[-2.91397,43.1666],[-2.91394,43.16656],[-2.91388,43.16651],[-2.91381,43.16644],[-2.91376,43.16638],[-2.91371,43.16633],[-2.91366,43.16629]]}},{"type":"Feature","properties":{"id":1497900611,"highway":"residential","nombre":"San Pedro auzoa"},"geometry":{"type":"LineString","coordinates":[[-2.91218,43.16846],[-2.91213,43.16869],[-2.91213,43.16881],[-2.91215,43.16891],[-2.91224,43.16902],[-2.9123,43.16907],[-2.91286,43.16898],[-2.91295,43.16895],[-2.91302,43.16887],[-2.9131,43.16861],[-2.91315,43.16855],[-2.91322,43.16857],[-2.9133,43.16862],[-2.91338,43.16867]]}},{"type":"Feature","properties":{"id":1497900612,"highway":"service","nombre":"Arene auzoa"},"geometry":{"type":"LineString","coordinates":[[-2.92105,43.17015],[-2.92102,43.17023],[-2.92102,43.17028],[-2.92103,43.17031],[-2.92104,43.17033],[-2.92108,43.17035],[-2.92121,43.17039],[-2.92142,43.17052],[-2.92155,43.17062],[-2.92154,43.17066],[-2.92142,43.17074],[-2.92129,43.17084],[-2.92115,43.17088],[-2.92102,43.17092],[-2.92079,43.17104],[-2.92062,43.17115],[-2.92048,43.17122]]}},{"type":"Feature","properties":{"id":1497900614,"highway":"residential","nombre":"Garondo auzoa"},"geometry":{"type":"LineString","coordinates":[[-2.92185,43.17241],[-2.92165,43.17264],[-2.92157,43.17273]]}},{"type":"Feature","properties":{"id":1497900615,"highway":"residential","nombre":"Garondo auzoa","oneway":"yes"},"geometry":{"type":"LineString","coordinates":[[-2.92157,43.17273],[-2.9215,43.17268],[-2.92131,43.17255],[-2.92127,43.1725],[-2.92122,43.17244],[-2.92084,43.17218],[-2.92077,43.17215],[-2.92059,43.17206],[-2.92051,43.17203],[-2.92045,43.17204]]}},{"type":"Feature","properties":{"id":1497900616,"highway":"service","nombre":"Garondo auzoa"},"geometry":{"type":"LineString","coordinates":[[-2.92387,43.17335],[-2.92379,43.17332],[-2.92374,43.17327],[-2.92371,43.17322],[-2.92371,43.17314],[-2.92374,43.17302],[-2.92375,43.17296],[-2.92372,43.17291],[-2.92363,43.17288]]}},{"type":"Feature","properties":{"id":1497900617,"highway":"unclassified","nombre":"Garondo auzoa"},"geometry":{"type":"LineString","coordinates":[[-2.92316,43.17344],[-2.92333,43.17343],[-2.92339,43.17339],[-2.92343,43.17331],[-2.92346,43.17314],[-2.9235,43.17303],[-2.92354,43.17297],[-2.92363,43.17288]]}},{"type":"Feature","properties":{"id":1497900618,"highway":"service"},"geometry":{"type":"LineString","coordinates":[[-2.9229,43.17346],[-2.92291,43.17339],[-2.92294,43.17335],[-2.92305,43.17331],[-2.92307,43.17328],[-2.92306,43.17322],[-2.92304,43.17318],[-2.92299,43.17314],[-2.92293,43.17312],[-2.92288,43.17313],[-2.92285,43.17315],[-2.92283,43.1732],[-2.92282,43.17324]]}},{"type":"Feature","properties":{"id":1497900619,"highway":"residential","nombre":"Garondo auzoa","oneway":"no"},"geometry":{"type":"LineString","coordinates":[[-2.92106,43.17336],[-2.92103,43.17338],[-2.92072,43.17366],[-2.92057,43.17377],[-2.92045,43.17384],[-2.92032,43.1739],[-2.92017,43.17394]]}},{"type":"Feature","properties":{"id":1497900620,"highway":"service","nombre":"Bidekurze auzoa"},"geometry":{"type":"LineString","coordinates":[[-2.91874,43.1751],[-2.91877,43.17501],[-2.91873,43.17497],[-2.91857,43.175],[-2.91738,43.17517],[-2.91733,43.17522],[-2.91723,43.1753]]}},{"type":"Feature","properties":{"id":1497900621,"highway":"service"},"geometry":{"type":"LineString","coordinates":[[-2.91873,43.17497],[-2.91881,43.17464],[-2.91859,43.1747],[-2.91857,43.175]]}},{"type":"Feature","properties":{"id":1497900623,"highway":"path","nombre":"Zabale auzoa"},"geometry":{"type":"LineString","coordinates":[[-2.92032,43.17509],[-2.92033,43.17499],[-2.92034,43.17492],[-2.92033,43.17489],[-2.92028,43.17484],[-2.92015,43.17474],[-2.92012,43.1747],[-2.92,43.1745],[-2.91998,43.17444],[-2.92004,43.1742],[-2.92013,43.17392]]}},{"type":"Feature","properties":{"id":1497900624,"highway":"service"},"geometry":{"type":"LineString","coordinates":[[-2.9163,43.17498],[-2.91624,43.17511],[-2.91613,43.17527],[-2.91608,43.17529],[-2.916,43.17527],[-2.91593,43.17525],[-2.91592,43.17522]]}},{"type":"Feature","properties":{"id":1497900625,"highway":"service","nombre":"Elexalde auzoa"},"geometry":{"type":"LineString","coordinates":[[-2.91535,43.17506],[-2.91526,43.17496],[-2.91509,43.17481]]}},{"type":"Feature","properties":{"id":1497900626,"highway":"residential","nombre":"Zabale auzoa","oneway":"no"},"geometry":{"type":"LineString","coordinates":[[-2.9204,43.17429],[-2.92044,43.17416],[-2.92034,43.17406],[-2.92023,43.17397],[-2.92017,43.17394],[-2.92013,43.17392],[-2.91996,43.17381]]}},{"type":"Feature","properties":{"id":1497900627,"highway":"service","nombre":"Zubitxueta auzoa"},"geometry":{"type":"LineString","coordinates":[[-2.91564,43.17756],[-2.91616,43.17701],[-2.91608,43.17701],[-2.91598,43.17703],[-2.91587,43.17706]]}},{"type":"Feature","properties":{"id":1497900628,"highway":"service","nombre":"Zubitxueta auzoa"},"geometry":{"type":"LineString","coordinates":[[-2.91682,43.17727],[-2.91696,43.17737],[-2.91638,43.17768]]}},{"type":"Feature","properties":{"id":1497900629,"highway":"track"},"geometry":{"type":"LineString","coordinates":[[-2.91958,43.17663],[-2.91984,43.17674],[-2.92013,43.17693],[-2.92035,43.17711],[-2.92056,43.17731],[-2.92072,43.17741],[-2.92076,43.17746]]}},{"type":"Feature","properties":{"id":1497900632,"highway":"track","nombre":"Morteru auzoa"},"geometry":{"type":"LineString","coordinates":[[-2.92211,43.18027],[-2.92231,43.18013],[-2.92242,43.17997],[-2.92246,43.17983],[-2.92247,43.17967],[-2.92256,43.17948],[-2.92267,43.17921],[-2.92282,43.17899],[-2.92299,43.17893],[-2.92314,43.17893],[-2.92327,43.17889],[-2.92336,43.17882],[-2.92344,43.17859],[-2.92353,43.17856],[-2.92362,43.17853],[-2.92369,43.17845],[-2.92375,43.17835],[-2.92376,43.17826],[-2.92369,43.17814],[-2.92346,43.17791],[-2.92326,43.17765],[-2.92314,43.17741],[-2.92301,43.17715],[-2.92292,43.17692]]}},{"type":"Feature","properties":{"id":1497900633,"highway":"unclassified","nombre":"Morteru auzoa"},"geometry":{"type":"LineString","coordinates":[[-2.9246,43.17773],[-2.92456,43.17772],[-2.92428,43.17762],[-2.92384,43.17739],[-2.92337,43.17712],[-2.92292,43.17692]]}},{"type":"Feature","properties":{"id":1497900634,"highway":"track","nombre":"Armiña auzoa"},"geometry":{"type":"LineString","coordinates":[[-2.91935,43.17882],[-2.91952,43.17895],[-2.91966,43.17904],[-2.91974,43.17913],[-2.91976,43.17925],[-2.91983,43.17939],[-2.91994,43.17956],[-2.92007,43.17972],[-2.92022,43.17982],[-2.92046,43.17993],[-2.92063,43.17994],[-2.92091,43.17995],[-2.92104,43.17998],[-2.9212,43.18009],[-2.92131,43.18024],[-2.92133,43.18036],[-2.92125,43.1805],[-2.92113,43.18063],[-2.92109,43.1808],[-2.92104,43.18117],[-2.92105,43.18137],[-2.92111,43.18156],[-2.92119,43.18168],[-2.92133,43.18176],[-2.92149,43.18184],[-2.92166,43.18186],[-2.92181,43.18185],[-2.92199,43.18182],[-2.92218,43.18174],[-2.92246,43.18166],[-2.92273,43.18161],[-2.92291,43.18159],[-2.92315,43.18161],[-2.92333,43.18165]]}},{"type":"Feature","properties":{"id":1497900635,"highway":"service"},"geometry":{"type":"LineString","coordinates":[[-2.92103,43.17031],[-2.92101,43.17034],[-2.92098,43.17035],[-2.92093,43.17034],[-2.92085,43.17031],[-2.92066,43.17018]]}},{"type":"Feature","properties":{"id":1498096858,"highway":"secondary","nombre":"Zuloaga auzoa","izena_eu":"Zuloaga auzoa","nombre_es":"Barrio Zuloaga"},"geometry":{"type":"LineString","coordinates":[[-2.94031,43.14824],[-2.94034,43.14831],[-2.94039,43.14838],[-2.94046,43.14846],[-2.94054,43.14852],[-2.94074,43.14866],[-2.94092,43.14879],[-2.94098,43.14884],[-2.94105,43.14895],[-2.94109,43.14903],[-2.94118,43.14921],[-2.94123,43.14932],[-2.94129,43.14944],[-2.94137,43.1496],[-2.9415,43.14988],[-2.94153,43.14996],[-2.94155,43.15002],[-2.94155,43.15008],[-2.94156,43.15012],[-2.94155,43.15016],[-2.94155,43.15019],[-2.94153,43.15024],[-2.9415,43.1503]]}},{"type":"Feature","properties":{"id":1498096859,"highway":"secondary","nombre":"Atxeta kalea","izena_eu":"Atxeta kalea","nombre_es":"Calle de Atxeta"},"geometry":{"type":"LineString","coordinates":[[-2.94121,43.14668],[-2.94119,43.14668]]}},{"type":"Feature","properties":{"id":1498096860,"highway":"service","nombre":"Gastaka-Goikoa auzoa","izena_eu":"Gastaka-Goikoa auzoa","nombre_es":"Barrio Gastaka-Goikoa"},"geometry":{"type":"LineString","coordinates":[[-2.9352,43.15817],[-2.93514,43.15817],[-2.93467,43.15819],[-2.93436,43.15819],[-2.93428,43.1582],[-2.9342,43.15821],[-2.93415,43.15823],[-2.93398,43.15829]]}},{"type":"Feature","properties":{"id":1498096861,"highway":"service","nombre":"Gastaka-Goikoa auzoa","izena_eu":"Gastaka-Goikoa auzoa","nombre_es":"Barrio Gastaka-Goikoa"},"geometry":{"type":"LineString","coordinates":[[-2.93881,43.1573],[-2.93871,43.15727],[-2.93864,43.15726],[-2.93855,43.15726],[-2.93849,43.15725],[-2.93844,43.15722],[-2.93839,43.15718],[-2.93835,43.15711],[-2.93837,43.15704],[-2.93839,43.15694]]}},{"type":"Feature","properties":{"id":1498096862,"highway":"unclassified","nombre":"Zabalzar auzoa","izena_eu":"Zabalzar auzoa","nombre_es":"Barrio Zabalzar"},"geometry":{"type":"LineString","coordinates":[[-2.92753,43.16265],[-2.92729,43.16188],[-2.92729,43.16171],[-2.92755,43.16056],[-2.92742,43.16031],[-2.92736,43.16022],[-2.92719,43.1599]]}},{"type":"Feature","properties":{"id":1498096863,"highway":"unclassified","nombre":"Rotalde auzoa","izena_eu":"Rotalde auzoa","nombre_es":"Barrio Rotalde"},"geometry":{"type":"LineString","coordinates":[[-2.92963,43.16322],[-2.9295,43.16322],[-2.92945,43.16321],[-2.92921,43.16316],[-2.92873,43.1631],[-2.9285,43.16303],[-2.9283,43.16297],[-2.92822,43.16296],[-2.92816,43.16298]]}},{"type":"Feature","properties":{"id":1498096864,"highway":"unclassified","nombre":"Rotalde auzoa","izena_eu":"Rotalde auzoa","nombre_es":"Barrio Rotalde"},"geometry":{"type":"LineString","coordinates":[[-2.92648,43.16358],[-2.9266,43.16356],[-2.92708,43.1634],[-2.92762,43.16313],[-2.9278,43.163],[-2.92784,43.16294],[-2.92782,43.16288],[-2.92772,43.16283],[-2.92758,43.16275],[-2.92754,43.16271],[-2.92753,43.16265]]}},{"type":"Feature","properties":{"id":1498363369,"highway":"service","nombre":"Gastaka-Bekoa"},"geometry":{"type":"LineString","coordinates":[[-2.93083,43.16193],[-2.93076,43.16186],[-2.93073,43.16142],[-2.93065,43.16116],[-2.93063,43.16108],[-2.93062,43.16106],[-2.93055,43.16105],[-2.93049,43.16105],[-2.93044,43.16105],[-2.9304,43.16102],[-2.93036,43.16097],[-2.93034,43.16091],[-2.93037,43.16088],[-2.93036,43.16084]]}},{"type":"Feature","properties":{"id":1498363370,"highway":"service","nombre":"Arbide auzoa"},"geometry":{"type":"LineString","coordinates":[[-2.92557,43.16487],[-2.92539,43.16485],[-2.92522,43.16484],[-2.92499,43.16487]]}},{"type":"Feature","properties":{"id":1498363372,"highway":"residential","nombre":"Osanzar auzoa","izena_eu":"Osanzar auzoa","nombre_es":"Barrio Osanzar"},"geometry":{"type":"LineString","coordinates":[[-2.92165,43.16506],[-2.92155,43.16495],[-2.92135,43.16484],[-2.92106,43.16461],[-2.92086,43.16443]]}},{"type":"Feature","properties":{"id":1498363373,"highway":"service"},"geometry":{"type":"LineString","coordinates":[[-2.92273,43.16551],[-2.92266,43.16558],[-2.92244,43.16578]]}},{"type":"Feature","properties":{"id":1498363374,"highway":"track"},"geometry":{"type":"LineString","coordinates":[[-2.91846,43.16336],[-2.91837,43.16333],[-2.9183,43.16329],[-2.91833,43.16319],[-2.91854,43.16281],[-2.91868,43.16278],[-2.91893,43.16274],[-2.91919,43.16272],[-2.91947,43.16267]]}},{"type":"Feature","properties":{"id":1498415764,"highway":"service","nombre":"Andoleta auzoa","izena_eu":"Andoleta auzoa","nombre_es":"Barrio Andoleta"},"geometry":{"type":"LineString","coordinates":[[-2.92902,43.16724],[-2.92905,43.16734],[-2.92902,43.16744],[-2.92891,43.16757],[-2.92876,43.16768]]}},{"type":"Feature","properties":{"id":1498415766,"highway":"service","nombre":"Arene auzoa"},"geometry":{"type":"LineString","coordinates":[[-2.92276,43.16756],[-2.92224,43.16754],[-2.92173,43.16754],[-2.9215,43.16756],[-2.92141,43.16759],[-2.92139,43.16774]]}},{"type":"Feature","properties":{"id":1498415767,"highway":"service","nombre":"Arene auzoa"},"geometry":{"type":"LineString","coordinates":[[-2.92124,43.16861],[-2.92143,43.16868],[-2.92154,43.16872],[-2.92147,43.16885],[-2.92156,43.1689],[-2.92162,43.16898],[-2.92164,43.16906],[-2.92162,43.16917]]}},{"type":"Feature","properties":{"id":1539994450,"highway":"service","nombre":"Gastaka-Goikoa auzoa","izena_eu":"Gastaka-Goikoa auzoa","nombre_es":"Barrio Gastaka-Goikoa"},"geometry":{"type":"LineString","coordinates":[[-2.93428,43.1582],[-2.93425,43.15823],[-2.93423,43.15827],[-2.93422,43.15832],[-2.93421,43.15837],[-2.93421,43.15841],[-2.93421,43.15843]]}}]}
