{"type":"FeatureCollection","features":[{"type":"Feature","properties":{"id":4952194,"highway":"residential","nombre":"Sasikoa kalea","oneway":"no"},"geometry":{"type":"LineString","coordinates":[[-2.64184,43.17239],[-2.64077,43.17246],[-2.64063,43.17246],[-2.6405,43.17246],[-2.64003,43.17225],[-2.63888,43.17182],[-2.63872,43.17175]]}},{"type":"Feature","properties":{"id":4952197,"highway":"residential","oneway":"yes"},"geometry":{"type":"LineString","coordinates":[[-2.64056,43.16871],[-2.64047,43.16868],[-2.64034,43.16864],[-2.64012,43.16861],[-2.64005,43.16861]]}},{"type":"Feature","properties":{"id":4952198,"highway":"residential","nombre":"Fray Juan de Zumarraga kalea","oneway":"no"},"geometry":{"type":"LineString","coordinates":[[-2.63783,43.17287],[-2.63773,43.17286],[-2.63756,43.1728],[-2.63646,43.17235],[-2.63632,43.1723],[-2.63573,43.17205],[-2.63535,43.1719]]}},{"type":"Feature","properties":{"id":4952199,"highway":"residential"},"geometry":{"type":"LineString","coordinates":[[-2.62793,43.16424],[-2.62797,43.16422],[-2.628,43.16421],[-2.62802,43.16419],[-2.62803,43.16416],[-2.62804,43.16413],[-2.62802,43.1641],[-2.628,43.16407],[-2.62797,43.16405],[-2.62793,43.16404]]}},{"type":"Feature","properties":{"id":4952200,"highway":"residential","nombre":"Herriko Gudarien kalea","oneway":"yes"},"geometry":{"type":"LineString","coordinates":[[-2.63503,43.16709],[-2.63502,43.16715],[-2.63498,43.16724],[-2.63487,43.16737],[-2.63477,43.16747],[-2.63473,43.16751],[-2.63464,43.1676],[-2.63457,43.1677],[-2.6345,43.1679],[-2.63446,43.16802],[-2.63431,43.16843],[-2.63424,43.16864],[-2.6342,43.16877],[-2.63421,43.1688]]}},{"type":"Feature","properties":{"id":8114796,"highway":"residential","nombre":"Izei kalea"},"geometry":{"type":"LineString","coordinates":[[-2.6284,43.16237],[-2.62825,43.16235],[-2.62818,43.16234],[-2.62781,43.16228],[-2.6274,43.16221],[-2.62738,43.16221],[-2.62718,43.16218],[-2.62694,43.16215],[-2.6265,43.16207],[-2.62597,43.16199],[-2.62552,43.16192],[-2.62538,43.16189]]}},{"type":"Feature","properties":{"id":8114813,"highway":"residential","nombre":"Arriluzea kalea","oneway":"yes"},"geometry":{"type":"LineString","coordinates":[[-2.63003,43.16184],[-2.62996,43.16186],[-2.62993,43.16186],[-2.62986,43.16185],[-2.62974,43.16182],[-2.62946,43.16174],[-2.6291,43.16159],[-2.62903,43.16154],[-2.62896,43.16145]]}},{"type":"Feature","properties":{"id":8114842,"highway":"residential"},"geometry":{"type":"LineString","coordinates":[[-2.62896,43.16145],[-2.62895,43.16142],[-2.62894,43.16138],[-2.62891,43.16135],[-2.62887,43.16133],[-2.62883,43.1613],[-2.62878,43.16129],[-2.62873,43.16129],[-2.62868,43.16129],[-2.62862,43.1613],[-2.62856,43.16133],[-2.62851,43.16138],[-2.62849,43.16143],[-2.62848,43.16146],[-2.62849,43.16149],[-2.62851,43.16154]]}},{"type":"Feature","properties":{"id":8164634,"highway":"residential","nombre":"Aliendalde taldea","oneway":"no"},"geometry":{"type":"LineString","coordinates":[[-2.61854,43.16125],[-2.6178,43.16155],[-2.61774,43.16158],[-2.61767,43.16161],[-2.61744,43.1617]]}},{"type":"Feature","properties":{"id":8164635,"highway":"residential","nombre":"Aliendalde taldea","superficie":"asphalt"},"geometry":{"type":"LineString","coordinates":[[-2.61664,43.16188],[-2.61666,43.16192],[-2.6167,43.16194],[-2.61674,43.16195],[-2.61679,43.16196],[-2.61685,43.16195],[-2.6169,43.16193],[-2.61711,43.16185],[-2.61714,43.16181],[-2.61715,43.16179],[-2.61715,43.16176],[-2.61711,43.1617]]}},{"type":"Feature","properties":{"id":8164641,"highway":"primary","ref":"BI-732","oneway":"no"},"geometry":{"type":"LineString","coordinates":[[-2.61779,43.15951],[-2.61796,43.15973],[-2.61806,43.15985],[-2.61956,43.16178],[-2.61965,43.1619]]}},{"type":"Feature","properties":{"id":8164642,"highway":"primary","ref":"BI-732","superficie":"asphalt"},"geometry":{"type":"LineString","coordinates":[[-2.62086,43.16543],[-2.62026,43.16651],[-2.6202,43.16662],[-2.61992,43.16719]]}},{"type":"Feature","properties":{"id":8164643,"highway":"residential","nombre":"Astolabide kalea","oneway":"no","superficie":"asphalt"},"geometry":{"type":"LineString","coordinates":[[-2.62032,43.1652],[-2.61997,43.16513],[-2.61929,43.16497],[-2.61911,43.16489],[-2.61901,43.16484],[-2.61875,43.16462],[-2.61807,43.16375],[-2.61797,43.16361]]}},{"type":"Feature","properties":{"id":8164644,"highway":"residential","nombre":"Astolabide kalea","oneway":"yes","superficie":"asphalt"},"geometry":{"type":"LineString","coordinates":[[-2.61807,43.16348],[-2.61816,43.16339],[-2.61828,43.16333],[-2.61891,43.16308],[-2.61897,43.16303]]}},{"type":"Feature","properties":{"id":8164645,"highway":"residential","nombre":"Montorreta kalea","oneway":"yes"},"geometry":{"type":"LineString","coordinates":[[-2.6263,43.168],[-2.6262,43.16793],[-2.62617,43.16791],[-2.62614,43.1679],[-2.62611,43.16788],[-2.62461,43.16698],[-2.6245,43.16691],[-2.62436,43.16683],[-2.62426,43.16678],[-2.62397,43.1666],[-2.62391,43.16656],[-2.62386,43.16652],[-2.62383,43.16649],[-2.62382,43.16647],[-2.6238,43.16644],[-2.62379,43.16635]]}},{"type":"Feature","properties":{"id":8164647,"highway":"residential","nombre":"Aliendalde taldea","oneway":"no","superficie":"asphalt"},"geometry":{"type":"LineString","coordinates":[[-2.61683,43.16219],[-2.61721,43.16267],[-2.6176,43.16317],[-2.61762,43.1632]]}},{"type":"Feature","properties":{"id":25323803,"highway":"residential","nombre":"Juan Mari Altuna","oneway":"yes"},"geometry":{"type":"LineString","coordinates":[[-2.62788,43.1696],[-2.62786,43.16972],[-2.62785,43.16979],[-2.6278,43.17001],[-2.62778,43.17011],[-2.62777,43.17019],[-2.62777,43.1703],[-2.62776,43.17037],[-2.62771,43.17085],[-2.62768,43.17091],[-2.62767,43.17092],[-2.62766,43.17094],[-2.6276,43.17095],[-2.62727,43.17094],[-2.62715,43.17096],[-2.62705,43.17103]]}},{"type":"Feature","properties":{"id":25323923,"highway":"residential","nombre":"Kurutziaga kalea","oneway":"yes"},"geometry":{"type":"LineString","coordinates":[[-2.62971,43.16793],[-2.62963,43.16794],[-2.62952,43.16797],[-2.62813,43.1682]]}},{"type":"Feature","properties":{"id":30413238,"highway":"residential","superficie":"asphalt"},"geometry":{"type":"LineString","coordinates":[[-2.62722,43.17151],[-2.62717,43.17156],[-2.62714,43.17161],[-2.62714,43.17165],[-2.62714,43.17169],[-2.62718,43.17175],[-2.62723,43.1718],[-2.62731,43.17183],[-2.62736,43.17184],[-2.6274,43.17184],[-2.62748,43.17183],[-2.62755,43.17181],[-2.62761,43.17177],[-2.62764,43.17172]]}},{"type":"Feature","properties":{"id":30413240,"highway":"secondary","superficie":"asphalt"},"geometry":{"type":"LineString","coordinates":[[-2.62607,43.1687],[-2.62603,43.16868],[-2.62598,43.16867],[-2.62593,43.16866],[-2.62588,43.16867],[-2.62583,43.16868],[-2.62579,43.16869]]}},{"type":"Feature","properties":{"id":30413241,"highway":"residential","nombre":"Olleria kalea","oneway":"yes","superficie":"asphalt"},"geometry":{"type":"LineString","coordinates":[[-2.62738,43.17146],[-2.62733,43.17138],[-2.62725,43.17121],[-2.62715,43.17096],[-2.62708,43.17082],[-2.62683,43.17025],[-2.62673,43.17004],[-2.62672,43.17003],[-2.62669,43.16996],[-2.62666,43.16988],[-2.62652,43.16957],[-2.62642,43.16936],[-2.62637,43.16924],[-2.62636,43.16922],[-2.62621,43.16889],[-2.62618,43.16885]]}},{"type":"Feature","properties":{"id":30413242,"highway":"residential","oneway":"yes"},"geometry":{"type":"LineString","coordinates":[[-2.62609,43.16837],[-2.62596,43.1685],[-2.62591,43.16857],[-2.6259,43.16858],[-2.62579,43.16869]]}},{"type":"Feature","properties":{"id":30413243,"highway":"residential","oneway":"yes"},"geometry":{"type":"LineString","coordinates":[[-2.62607,43.1687],[-2.62609,43.16865],[-2.62609,43.16861],[-2.62609,43.1686],[-2.62609,43.16837]]}},{"type":"Feature","properties":{"id":30413245,"highway":"residential","nombre":"Montorreta kalea","oneway":"yes"},"geometry":{"type":"LineString","coordinates":[[-2.62675,43.16838],[-2.62675,43.16836],[-2.62676,43.16832],[-2.62675,43.16831],[-2.62675,43.16829],[-2.62673,43.16826],[-2.62643,43.16807],[-2.6263,43.168]]}},{"type":"Feature","properties":{"id":30413247,"highway":"secondary","oneway":"yes","superficie":"asphalt"},"geometry":{"type":"LineString","coordinates":[[-2.62571,43.16875],[-2.6255,43.16885],[-2.62547,43.16887],[-2.62546,43.16887],[-2.62522,43.16898],[-2.62496,43.16906],[-2.62491,43.16909]]}},{"type":"Feature","properties":{"id":30413248,"highway":"residential","oneway":"yes"},"geometry":{"type":"LineString","coordinates":[[-2.62302,43.16915],[-2.62293,43.16905],[-2.62288,43.169],[-2.62285,43.16892],[-2.62283,43.16889],[-2.62283,43.16887],[-2.62281,43.16882]]}},{"type":"Feature","properties":{"id":30413283,"highway":"residential","oneway":"yes"},"geometry":{"type":"LineString","coordinates":[[-2.62628,43.16928],[-2.62635,43.16933],[-2.62642,43.16936]]}},{"type":"Feature","properties":{"id":30414109,"highway":"residential","nombre":"Landako etorbidea","oneway":"yes","superficie":"asphalt"},"geometry":{"type":"LineString","coordinates":[[-2.62764,43.17172],[-2.62776,43.17169],[-2.62785,43.17169],[-2.6279,43.17169],[-2.62894,43.1717],[-2.629,43.1717],[-2.63007,43.17171],[-2.63058,43.17172],[-2.6312,43.17172],[-2.63124,43.17172],[-2.63139,43.17173]]}},{"type":"Feature","properties":{"id":30414406,"highway":"residential","nombre":"Zirarmendieta kalea","oneway":"yes"},"geometry":{"type":"LineString","coordinates":[[-2.62323,43.16772],[-2.6231,43.16769],[-2.62295,43.16767],[-2.62225,43.16754],[-2.62208,43.1675],[-2.62195,43.16747],[-2.62192,43.16747],[-2.62139,43.16736],[-2.62096,43.16726],[-2.62092,43.16725],[-2.62087,43.16724]]}},{"type":"Feature","properties":{"id":30414407,"highway":"residential","oneway":"yes"},"geometry":{"type":"LineString","coordinates":[[-2.62001,43.16735],[-2.62012,43.16714],[-2.62026,43.16695],[-2.62029,43.1669],[-2.62032,43.16684],[-2.62046,43.1666]]}},{"type":"Feature","properties":{"id":30414694,"highway":"primary","ref":"BI-732","superficie":"asphalt"},"geometry":{"type":"LineString","coordinates":[[-2.62067,43.16326],[-2.62072,43.16334],[-2.62087,43.16359],[-2.62099,43.16387],[-2.62108,43.16421],[-2.6211,43.16457],[-2.62107,43.16484],[-2.621,43.16507],[-2.62095,43.16521]]}},{"type":"Feature","properties":{"id":30414695,"highway":"primary","ref":"BI-732","puente":"yes"},"geometry":{"type":"LineString","coordinates":[[-2.62095,43.16521],[-2.62086,43.16543]]}},{"type":"Feature","properties":{"id":30414696,"highway":"primary","ref":"BI-732","superficie":"asphalt"},"geometry":{"type":"LineString","coordinates":[[-2.61982,43.1624],[-2.61978,43.16248],[-2.61978,43.16256],[-2.61981,43.16265],[-2.61988,43.16272],[-2.61998,43.16277],[-2.62009,43.1628]]}},{"type":"Feature","properties":{"id":30414801,"highway":"residential"},"geometry":{"type":"LineString","coordinates":[[-2.6211,43.16544],[-2.62113,43.16545],[-2.62117,43.16546],[-2.6212,43.16545],[-2.62121,43.16544],[-2.62122,43.16544],[-2.62125,43.16542],[-2.62126,43.1654],[-2.62126,43.16538],[-2.62126,43.16535],[-2.62124,43.16533],[-2.62121,43.16531],[-2.62118,43.1653],[-2.62114,43.1653],[-2.62111,43.16531],[-2.62108,43.16533],[-2.62106,43.16535],[-2.62105,43.16537],[-2.62106,43.1654],[-2.62107,43.16542],[-2.6211,43.16544]]}},{"type":"Feature","properties":{"id":30414802,"highway":"residential","oneway":"yes"},"geometry":{"type":"LineString","coordinates":[[-2.62121,43.16531],[-2.62122,43.1652],[-2.62125,43.16507],[-2.62128,43.16495],[-2.62131,43.16468],[-2.62129,43.16438],[-2.62126,43.16419],[-2.62125,43.16416],[-2.62114,43.16385],[-2.62103,43.16364],[-2.6209,43.16343],[-2.62071,43.16318],[-2.62056,43.16303]]}},{"type":"Feature","properties":{"id":30414803,"highway":"residential","nombre":"Astolabide kalea","oneway":"yes","superficie":"asphalt"},"geometry":{"type":"LineString","coordinates":[[-2.62049,43.16307],[-2.62068,43.16338],[-2.62078,43.16366],[-2.62085,43.16398],[-2.62087,43.16416],[-2.62088,43.16425],[-2.62086,43.16457],[-2.62084,43.16468],[-2.62082,43.16481],[-2.62076,43.16501],[-2.62069,43.16511],[-2.62063,43.16517]]}},{"type":"Feature","properties":{"id":30414804,"highway":"residential","oneway":"yes"},"geometry":{"type":"LineString","coordinates":[[-2.62111,43.16531],[-2.621,43.16532],[-2.62085,43.16529],[-2.62078,43.16526],[-2.62073,43.16523]]}},{"type":"Feature","properties":{"id":30414805,"highway":"residential"},"geometry":{"type":"LineString","coordinates":[[-2.62055,43.16532],[-2.62059,43.16533],[-2.62063,43.16533],[-2.62067,43.16533],[-2.6207,43.16531],[-2.62072,43.16529],[-2.62073,43.16526],[-2.62073,43.16523],[-2.62071,43.16521],[-2.62069,43.16519],[-2.62066,43.16518],[-2.62063,43.16517],[-2.6206,43.16517],[-2.62056,43.16517],[-2.62053,43.16519],[-2.62051,43.16521],[-2.6205,43.16523],[-2.62049,43.16526],[-2.6205,43.16528],[-2.62052,43.16531],[-2.62055,43.16532]]}},{"type":"Feature","properties":{"id":30414941,"highway":"residential","nombre":"Astolabide kalea","oneway":"yes"},"geometry":{"type":"LineString","coordinates":[[-2.62055,43.16532],[-2.62057,43.16544],[-2.62056,43.1655],[-2.6205,43.16565],[-2.62031,43.16603],[-2.62018,43.16627],[-2.6201,43.16644],[-2.62007,43.16652],[-2.61987,43.16698],[-2.61984,43.16703]]}},{"type":"Feature","properties":{"id":42360377,"highway":"residential","nombre":"Hegoalde hiribidea","oneway":"yes"},"geometry":{"type":"LineString","coordinates":[[-2.62486,43.15993],[-2.625,43.15993],[-2.62511,43.15994],[-2.62532,43.16],[-2.62552,43.16009],[-2.62576,43.1602],[-2.62645,43.1605],[-2.62829,43.16131],[-2.62839,43.16136],[-2.62843,43.16139],[-2.62849,43.16143]]}},{"type":"Feature","properties":{"id":42497544,"highway":"residential","nombre":"Zubiaurre kalea","oneway":"yes"},"geometry":{"type":"LineString","coordinates":[[-2.62934,43.16407],[-2.62945,43.16371],[-2.62962,43.16315],[-2.62963,43.1631],[-2.62971,43.16288],[-2.62973,43.16281],[-2.62997,43.1621],[-2.63005,43.16202]]}},{"type":"Feature","properties":{"id":42497545,"highway":"residential","nombre":"Intxaurrondo kalea","oneway":"yes"},"geometry":{"type":"LineString","coordinates":[[-2.63021,43.16204],[-2.63025,43.16207],[-2.63028,43.16212],[-2.6303,43.1624],[-2.63032,43.16257],[-2.63035,43.16265],[-2.63038,43.16273],[-2.63043,43.16287],[-2.6305,43.16301],[-2.63057,43.16312],[-2.63064,43.16327],[-2.6307,43.16345],[-2.63083,43.1639],[-2.63084,43.16392],[-2.63085,43.16397],[-2.63089,43.16413],[-2.6309,43.16417],[-2.63095,43.16425]]}},{"type":"Feature","properties":{"id":42497546,"highway":"residential","nombre":"Intxaurrondo kalea"},"geometry":{"type":"LineString","coordinates":[[-2.6302,43.16181],[-2.63022,43.16174],[-2.63029,43.16149],[-2.6303,43.16143],[-2.63027,43.16132],[-2.63025,43.16124],[-2.6302,43.16118],[-2.63013,43.1611],[-2.63008,43.16107]]}},{"type":"Feature","properties":{"id":42497548,"highway":"residential","nombre":"Komentukalea","oneway":"yes"},"geometry":{"type":"LineString","coordinates":[[-2.63102,43.16539],[-2.63096,43.16545],[-2.63078,43.16555],[-2.63075,43.16559],[-2.63067,43.16571],[-2.63062,43.16579],[-2.63052,43.16597],[-2.63029,43.16638],[-2.63026,43.16644]]}},{"type":"Feature","properties":{"id":42497549,"highway":"pedestrian","nombre":"Zeharkalea"},"geometry":{"type":"LineString","coordinates":[[-2.63275,43.16707],[-2.6327,43.16705]]}},{"type":"Feature","properties":{"id":42497552,"highway":"residential","nombre":"Eguzkitza auzoa","oneway":"yes"},"geometry":{"type":"LineString","coordinates":[[-2.63008,43.16107],[-2.62994,43.16099],[-2.62965,43.16091],[-2.62907,43.16076],[-2.62889,43.16072]]}},{"type":"Feature","properties":{"id":42497553,"highway":"residential","nombre":"Askatasun etorbidea","oneway":"yes"},"geometry":{"type":"LineString","coordinates":[[-2.64002,43.16944],[-2.63973,43.1694],[-2.63969,43.1694],[-2.63904,43.16933],[-2.63888,43.16931],[-2.63872,43.16929],[-2.63797,43.16921],[-2.63702,43.1691],[-2.63699,43.1691],[-2.6369,43.16908],[-2.63677,43.16907],[-2.63611,43.16899],[-2.63438,43.16879],[-2.63425,43.16879],[-2.63423,43.1688],[-2.63421,43.1688]]}},{"type":"Feature","properties":{"id":42497554,"highway":"tertiary"},"geometry":{"type":"LineString","coordinates":[[-2.64023,43.16962],[-2.64025,43.16962],[-2.64029,43.16959],[-2.64032,43.16956],[-2.64034,43.16953],[-2.64034,43.16949],[-2.64032,43.16945],[-2.64031,43.16944]]}},{"type":"Feature","properties":{"id":43558355,"highway":"residential","nombre":"Txibitena etxaldea","oneway":"yes"},"geometry":{"type":"LineString","coordinates":[[-2.62714,43.17161],[-2.62698,43.17161],[-2.62506,43.1716],[-2.62452,43.17159],[-2.62399,43.17158],[-2.62389,43.17158],[-2.62379,43.17157],[-2.62371,43.17154],[-2.62367,43.17153]]}},{"type":"Feature","properties":{"id":43558356,"highway":"residential"},"geometry":{"type":"LineString","coordinates":[[-2.62351,43.17145],[-2.62345,43.17146],[-2.6234,43.17148],[-2.62336,43.17151],[-2.62334,43.17155],[-2.62334,43.17159],[-2.62335,43.17163],[-2.62339,43.17166],[-2.62344,43.17169],[-2.6235,43.1717],[-2.62355,43.17169],[-2.6236,43.17168],[-2.62364,43.17165],[-2.62367,43.17162],[-2.62368,43.17159],[-2.62368,43.17156],[-2.62367,43.17153],[-2.62364,43.1715],[-2.62361,43.17147],[-2.62356,43.17146],[-2.62351,43.17145]]}},{"type":"Feature","properties":{"id":43558358,"highway":"residential","nombre":"Txibitena etxaldea","oneway":"yes"},"geometry":{"type":"LineString","coordinates":[[-2.62364,43.17165],[-2.62379,43.17165],[-2.62399,43.17165],[-2.62456,43.17166],[-2.62506,43.17167],[-2.62698,43.17169],[-2.62709,43.17169],[-2.62714,43.17169]]}},{"type":"Feature","properties":{"id":43558359,"highway":"residential","nombre":"Murueta Torre","oneway":"yes"},"geometry":{"type":"LineString","coordinates":[[-2.63178,43.17189],[-2.63187,43.17191],[-2.63192,43.17193],[-2.63195,43.17193],[-2.63216,43.17197],[-2.63236,43.17201],[-2.63249,43.17206],[-2.63257,43.17211],[-2.63264,43.1722],[-2.63272,43.17233],[-2.6328,43.17253],[-2.63284,43.17266],[-2.63284,43.17275],[-2.63281,43.17281],[-2.63279,43.17283],[-2.63266,43.17291],[-2.63212,43.17318],[-2.63161,43.17341],[-2.63152,43.17343],[-2.6312,43.17342],[-2.63075,43.17342],[-2.63052,43.17342],[-2.62988,43.17341],[-2.62967,43.1734],[-2.62898,43.17339],[-2.62896,43.17339],[-2.62888,43.17339],[-2.62803,43.17337],[-2.62802,43.17337],[-2.62786,43.17336],[-2.62773,43.17334],[-2.62767,43.17331],[-2.62757,43.17326],[-2.62752,43.17323],[-2.62746,43.17321]]}},{"type":"Feature","properties":{"id":43558360,"highway":"residential","superficie":"asphalt"},"geometry":{"type":"LineString","coordinates":[[-2.62736,43.17334],[-2.62741,43.17333],[-2.62744,43.17331],[-2.62746,43.17328],[-2.62747,43.17324],[-2.62746,43.17321],[-2.62745,43.17318],[-2.62742,43.17316],[-2.62739,43.17315],[-2.62735,43.17314],[-2.62732,43.17314],[-2.62729,43.17315],[-2.62725,43.17316],[-2.62721,43.17319],[-2.62719,43.17322],[-2.62719,43.17325],[-2.6272,43.17329],[-2.62723,43.17332],[-2.62727,43.17334],[-2.62732,43.17335],[-2.62736,43.17334]]}},{"type":"Feature","properties":{"id":43558361,"highway":"residential","nombre":"Murueta Torre","oneway":"yes","superficie":"asphalt"},"geometry":{"type":"LineString","coordinates":[[-2.62731,43.17183],[-2.62731,43.17189],[-2.62731,43.17196],[-2.62731,43.17222],[-2.6273,43.17293],[-2.6273,43.17298],[-2.62729,43.17315]]}},{"type":"Feature","properties":{"id":43558362,"highway":"residential","nombre":"Txibitena etxaldea","oneway":"yes"},"geometry":{"type":"LineString","coordinates":[[-2.62356,43.17146],[-2.62356,43.17134],[-2.62357,43.17127],[-2.6236,43.17122],[-2.6239,43.17083],[-2.62396,43.17077],[-2.62401,43.17073]]}},{"type":"Feature","properties":{"id":43558363,"highway":"residential","nombre":"Untzillatz kalea","oneway":"yes"},"geometry":{"type":"LineString","coordinates":[[-2.62665,43.17014],[-2.62649,43.17011],[-2.62574,43.17006],[-2.62558,43.17006],[-2.62541,43.17004],[-2.62451,43.16999]]}},{"type":"Feature","properties":{"id":43558364,"highway":"residential","nombre":"Gallanda","oneway":"yes"},"geometry":{"type":"LineString","coordinates":[[-2.62401,43.17073],[-2.62419,43.17075],[-2.62436,43.17076],[-2.62471,43.17078],[-2.62532,43.17082],[-2.62549,43.17083],[-2.62564,43.17084],[-2.62571,43.17085],[-2.62685,43.17091],[-2.62699,43.17092]]}},{"type":"Feature","properties":{"id":43558365,"highway":"residential"},"geometry":{"type":"LineString","coordinates":[[-2.62436,43.17076],[-2.62435,43.17085],[-2.62433,43.1712],[-2.62432,43.17137]]}},{"type":"Feature","properties":{"id":43558366,"highway":"residential","oneway":"yes"},"geometry":{"type":"LineString","coordinates":[[-2.63349,43.17113],[-2.63357,43.17134],[-2.63361,43.17154],[-2.6336,43.17164]]}},{"type":"Feature","properties":{"id":43597395,"highway":"cycleway"},"geometry":{"type":"LineString","coordinates":[[-2.62803,43.16958],[-2.62803,43.16954],[-2.62796,43.16948],[-2.62802,43.1688],[-2.628,43.16878],[-2.62799,43.16877]]}},{"type":"Feature","properties":{"id":44027139,"highway":"residential"},"geometry":{"type":"LineString","coordinates":[[-2.63859,43.17176],[-2.63861,43.17177],[-2.63864,43.17178],[-2.63867,43.17177],[-2.63869,43.17177],[-2.63872,43.17175],[-2.63873,43.17173],[-2.63874,43.17171],[-2.63874,43.17169],[-2.63873,43.17167]]}},{"type":"Feature","properties":{"id":44027140,"highway":"residential","nombre":"Sasikoa kalea","oneway":"no"},"geometry":{"type":"LineString","coordinates":[[-2.63855,43.17167],[-2.63843,43.17163],[-2.63692,43.1712],[-2.63682,43.17115],[-2.63647,43.17099],[-2.63602,43.17076],[-2.63594,43.17072],[-2.63584,43.17066],[-2.63582,43.17065],[-2.6354,43.17044]]}},{"type":"Feature","properties":{"id":44027141,"highway":"residential","nombre":"Alluitz kalea","oneway":"yes"},"geometry":{"type":"LineString","coordinates":[[-2.63873,43.17167],[-2.63876,43.17159],[-2.63904,43.17119],[-2.63913,43.17106],[-2.6394,43.17065],[-2.63944,43.17059],[-2.63963,43.17032],[-2.63971,43.17021],[-2.63995,43.16986],[-2.63995,43.16985],[-2.64,43.16979],[-2.6401,43.1697],[-2.64015,43.16966],[-2.64023,43.16962]]}},{"type":"Feature","properties":{"id":44027143,"highway":"residential","nombre":"Alluitz kalea","oneway":"no"},"geometry":{"type":"LineString","coordinates":[[-2.63793,43.17277],[-2.63794,43.1727],[-2.63798,43.17261],[-2.63851,43.17187],[-2.63859,43.17176]]}},{"type":"Feature","properties":{"id":44027144,"highway":"residential","nombre":"Ambrosio Meabe","oneway":"yes","superficie":"asphalt"},"geometry":{"type":"LineString","coordinates":[[-2.63818,43.1729],[-2.6383,43.1729],[-2.63835,43.1729],[-2.64044,43.17277],[-2.64048,43.17275],[-2.64051,43.17271],[-2.6405,43.17253],[-2.6405,43.17246]]}},{"type":"Feature","properties":{"id":44027145,"highway":"residential"},"geometry":{"type":"LineString","coordinates":[[-2.64244,43.17233],[-2.64243,43.17231],[-2.64242,43.17229],[-2.64241,43.17229],[-2.64238,43.17227],[-2.64235,43.17226],[-2.64231,43.17227],[-2.6423,43.17227],[-2.64228,43.17228],[-2.64225,43.17229],[-2.64223,43.17232],[-2.64222,43.17234],[-2.64223,43.17237],[-2.64225,43.17239],[-2.64227,43.17241],[-2.6423,43.17242],[-2.64234,43.17243],[-2.64237,43.17242],[-2.64241,43.17241],[-2.64243,43.17239],[-2.64244,43.17236],[-2.64244,43.17233]]}},{"type":"Feature","properties":{"id":44027146,"highway":"residential","nombre":"Zabalarra kalea","oneway":"no"},"geometry":{"type":"LineString","coordinates":[[-2.6423,43.17207],[-2.64221,43.17187],[-2.64215,43.17177],[-2.64211,43.17167],[-2.64209,43.17159],[-2.64211,43.17153],[-2.64219,43.17139]]}},{"type":"Feature","properties":{"id":44027147,"highway":"residential","nombre":"Estanislao Labairu kalea","oneway":"yes","superficie":"asphalt"},"geometry":{"type":"LineString","coordinates":[[-2.63913,43.17106],[-2.63926,43.1711],[-2.64192,43.17181],[-2.64201,43.17184],[-2.64221,43.17187]]}},{"type":"Feature","properties":{"id":44027148,"highway":"residential","nombre":"Askatasun etorbidea","oneway":"yes"},"geometry":{"type":"LineString","coordinates":[[-2.63421,43.1688],[-2.63422,43.16882],[-2.63425,43.16885],[-2.63428,43.16886],[-2.63435,43.16887],[-2.63523,43.16898],[-2.63604,43.16907],[-2.6361,43.16908],[-2.63686,43.16917],[-2.637,43.16919],[-2.6387,43.16938],[-2.63886,43.1694],[-2.6389,43.1694],[-2.63902,43.16942],[-2.63968,43.1695],[-2.63972,43.1695],[-2.63978,43.16951],[-2.63988,43.16952],[-2.63999,43.16954]]}},{"type":"Feature","properties":{"id":44027149,"highway":"secondary"},"geometry":{"type":"LineString","coordinates":[[-2.64051,43.16871],[-2.64047,43.16873],[-2.64043,43.16875],[-2.64041,43.16878],[-2.6404,43.16882],[-2.64041,43.16885],[-2.64041,43.16886],[-2.64042,43.16888]]}},{"type":"Feature","properties":{"id":44027151,"highway":"residential","oneway":"yes"},"geometry":{"type":"LineString","coordinates":[[-2.64058,43.16951],[-2.64048,43.16942],[-2.64043,43.16936],[-2.64041,43.1693],[-2.64041,43.1692]]}},{"type":"Feature","properties":{"id":44028328,"highway":"residential","nombre":"Francisco Ibarra","oneway":"yes"},"geometry":{"type":"LineString","coordinates":[[-2.63387,43.17269],[-2.63387,43.17277],[-2.63387,43.17282],[-2.63396,43.17335],[-2.63402,43.1737],[-2.63409,43.17405]]}},{"type":"Feature","properties":{"id":44028329,"highway":"residential","nombre":"Juan de Olazaran","oneway":"yes"},"geometry":{"type":"LineString","coordinates":[[-2.63422,43.17471],[-2.63417,43.17472],[-2.63334,43.17481],[-2.63323,43.1748],[-2.63318,43.17477],[-2.63312,43.17472],[-2.63302,43.17425],[-2.63303,43.17421],[-2.63306,43.17417],[-2.63347,43.17379],[-2.63351,43.17376],[-2.63357,43.17374],[-2.63367,43.17372],[-2.6339,43.1737],[-2.63402,43.1737]]}},{"type":"Feature","properties":{"id":44028330,"highway":"residential","nombre":"Saibigain kalea","oneway":"yes","superficie":"asphalt"},"geometry":{"type":"LineString","coordinates":[[-2.63594,43.17072],[-2.63588,43.17078],[-2.63551,43.17115],[-2.63533,43.17133],[-2.63525,43.17142],[-2.63496,43.17172]]}},{"type":"Feature","properties":{"id":44028331,"highway":"residential","nombre":"Urkiola kalea","oneway":"yes"},"geometry":{"type":"LineString","coordinates":[[-2.63525,43.17142],[-2.63539,43.17149],[-2.63652,43.17195]]}},{"type":"Feature","properties":{"id":44028332,"highway":"residential","nombre":"Anboto kalea","oneway":"yes"},"geometry":{"type":"LineString","coordinates":[[-2.63551,43.17115],[-2.63565,43.1712],[-2.63669,43.17163]]}},{"type":"Feature","properties":{"id":44028333,"highway":"residential","oneway":"yes"},"geometry":{"type":"LineString","coordinates":[[-2.63632,43.1723],[-2.63638,43.17221],[-2.63652,43.17195],[-2.63669,43.17163],[-2.63687,43.17127],[-2.63692,43.1712]]}},{"type":"Feature","properties":{"id":44028335,"highway":"residential","nombre":"Aramotz taldea","oneway":"yes"},"geometry":{"type":"LineString","coordinates":[[-2.64323,43.17094],[-2.64334,43.17096],[-2.64366,43.171],[-2.64375,43.17101],[-2.64432,43.17108]]}},{"type":"Feature","properties":{"id":44028336,"highway":"residential","nombre":"Aramotz taldea","oneway":"yes"},"geometry":{"type":"LineString","coordinates":[[-2.64344,43.16993],[-2.64342,43.17002],[-2.6434,43.17016],[-2.64339,43.17019],[-2.64334,43.17038],[-2.64333,43.17042],[-2.64328,43.17065],[-2.64327,43.17066],[-2.64327,43.17068],[-2.64324,43.17087],[-2.64323,43.17094]]}},{"type":"Feature","properties":{"id":44028337,"highway":"residential","nombre":"Martxoaren 8ko kalea","oneway":"yes"},"geometry":{"type":"LineString","coordinates":[[-2.64323,43.17094],[-2.64308,43.17092],[-2.64246,43.17085],[-2.64234,43.17083]]}},{"type":"Feature","properties":{"id":44028338,"highway":"residential","nombre":"Aramotz taldea","oneway":"yes"},"geometry":{"type":"LineString","coordinates":[[-2.64432,43.17108],[-2.64437,43.17083],[-2.64441,43.17063],[-2.64439,43.17053],[-2.64424,43.17029],[-2.64415,43.17019],[-2.6441,43.17013],[-2.64409,43.17002]]}},{"type":"Feature","properties":{"id":44028339,"highway":"residential","nombre":"Martxoaren 8ko kalea","oneway":"yes"},"geometry":{"type":"LineString","coordinates":[[-2.64307,43.17163],[-2.6431,43.17153],[-2.64311,43.17148],[-2.64315,43.1713],[-2.64319,43.17108],[-2.64321,43.17101],[-2.64323,43.17094]]}},{"type":"Feature","properties":{"id":44028340,"highway":"tertiary","nombre":"Askatasun etorbidea"},"geometry":{"type":"LineString","coordinates":[[-2.64409,43.17002],[-2.64372,43.16997],[-2.64344,43.16993],[-2.64336,43.16992],[-2.64283,43.16986],[-2.64273,43.16983],[-2.64267,43.1698],[-2.64266,43.1698]]}},{"type":"Feature","properties":{"id":44028341,"highway":"residential","nombre":"Oiz kalea","oneway":"yes"},"geometry":{"type":"LineString","coordinates":[[-2.63213,43.17166],[-2.63214,43.17161],[-2.63213,43.17155],[-2.63187,43.17102],[-2.63185,43.17096],[-2.6317,43.17065],[-2.63157,43.17037],[-2.63155,43.17033],[-2.63155,43.17029],[-2.6316,43.1702],[-2.63168,43.17011],[-2.63172,43.17007],[-2.63177,43.17006],[-2.63207,43.17003],[-2.63214,43.17002],[-2.63229,43.17],[-2.63248,43.16996],[-2.63259,43.16996],[-2.63266,43.16997]]}},{"type":"Feature","properties":{"id":44028342,"highway":"residential","oneway":"yes"},"geometry":{"type":"LineString","coordinates":[[-2.63186,43.17173],[-2.6319,43.17171],[-2.63197,43.17171],[-2.63203,43.17171],[-2.63207,43.17171],[-2.6321,43.17169],[-2.63213,43.17166]]}},{"type":"Feature","properties":{"id":44028343,"highway":"residential","nombre":"Mikeldi","oneway":"yes"},"geometry":{"type":"LineString","coordinates":[[-2.63387,43.17269],[-2.63391,43.17269],[-2.63394,43.17268],[-2.63399,43.17266],[-2.63478,43.17185],[-2.63486,43.17177]]}},{"type":"Feature","properties":{"id":44028344,"highway":"residential","nombre":"Juan Antonio Abasolo kalea","oneway":"yes"},"geometry":{"type":"LineString","coordinates":[[-2.63362,43.17112],[-2.63366,43.17109],[-2.63424,43.17083],[-2.63435,43.17078],[-2.63518,43.17046],[-2.63521,43.17045]]}},{"type":"Feature","properties":{"id":44028345,"highway":"residential","nombre":"Tronperri kalea","oneway":"yes"},"geometry":{"type":"LineString","coordinates":[[-2.63415,43.16983],[-2.63398,43.16987],[-2.63389,43.16993],[-2.63386,43.17002],[-2.63419,43.17054],[-2.63429,43.17068],[-2.63429,43.17069],[-2.63435,43.17078]]}},{"type":"Feature","properties":{"id":44028346,"highway":"residential","nombre":"Tronperri kalea","oneway":"yes"},"geometry":{"type":"LineString","coordinates":[[-2.63369,43.16975],[-2.63382,43.16995],[-2.63386,43.17002]]}},{"type":"Feature","properties":{"id":44028347,"highway":"residential","oneway":"yes"},"geometry":{"type":"LineString","coordinates":[[-2.63402,43.1737],[-2.63408,43.17374],[-2.63415,43.17377],[-2.63423,43.17376],[-2.6343,43.17376]]}},{"type":"Feature","properties":{"id":44028348,"highway":"residential","nombre":"Francisco Ibarra","oneway":"no"},"geometry":{"type":"LineString","coordinates":[[-2.63409,43.17405],[-2.63414,43.17427],[-2.63415,43.17434],[-2.63422,43.17471],[-2.63426,43.17486],[-2.63426,43.17488]]}},{"type":"Feature","properties":{"id":44028350,"highway":"residential","nombre":"Fray Juan de Zumarraga kalea","oneway":"yes"},"geometry":{"type":"LineString","coordinates":[[-2.63486,43.1717],[-2.63455,43.17156],[-2.63378,43.17125]]}},{"type":"Feature","properties":{"id":44028351,"highway":"residential","nombre":"San Agustinalde kalea","oneway":"yes"},"geometry":{"type":"LineString","coordinates":[[-2.633,43.16647],[-2.63298,43.1666],[-2.63296,43.16669],[-2.63283,43.16706],[-2.63282,43.16709],[-2.63252,43.16786],[-2.63238,43.1682],[-2.63236,43.1683]]}},{"type":"Feature","properties":{"id":44028352,"highway":"residential","nombre":"Lehendakari José Antonio Agirre","oneway":"yes"},"geometry":{"type":"LineString","coordinates":[[-2.63409,43.17405],[-2.63415,43.17394],[-2.6343,43.17376],[-2.63438,43.17367],[-2.63485,43.17311],[-2.63493,43.17301],[-2.63521,43.17267],[-2.63565,43.17214],[-2.63573,43.17205]]}},{"type":"Feature","properties":{"id":44631611,"highway":"residential","nombre":"Eguzkitza auzoa","oneway":"no"},"geometry":{"type":"LineString","coordinates":[[-2.62889,43.16072],[-2.62871,43.16067],[-2.62775,43.1605],[-2.62705,43.16036]]}},{"type":"Feature","properties":{"id":45773200,"highway":"pedestrian","nombre":"Uribarri kalea"},"geometry":{"type":"LineString","coordinates":[[-2.63136,43.16955],[-2.6315,43.16904],[-2.63169,43.16847],[-2.63169,43.16844]]}},{"type":"Feature","properties":{"id":46138979,"highway":"secondary","oneway":"yes"},"geometry":{"type":"LineString","coordinates":[[-2.64071,43.16883],[-2.64076,43.16875]]}},{"type":"Feature","properties":{"id":46139012,"highway":"residential"},"geometry":{"type":"LineString","coordinates":[[-2.62971,43.16288],[-2.62911,43.16277],[-2.62904,43.16276]]}},{"type":"Feature","properties":{"id":46925848,"highway":"residential","nombre":"Francisco Ibarra","oneway":"yes"},"geometry":{"type":"LineString","coordinates":[[-2.63356,43.17179],[-2.63358,43.17192],[-2.63371,43.17258],[-2.63373,43.17261],[-2.63375,43.17263],[-2.63378,43.17266],[-2.63387,43.17269]]}},{"type":"Feature","properties":{"id":46925849,"highway":"residential"},"geometry":{"type":"LineString","coordinates":[[-2.63387,43.17282],[-2.63368,43.17283],[-2.63366,43.17283],[-2.63315,43.17283]]}},{"type":"Feature","properties":{"id":46928195,"highway":"residential"},"geometry":{"type":"LineString","coordinates":[[-2.63808,43.173],[-2.63819,43.17309],[-2.63823,43.17312],[-2.6383,43.17321]]}},{"type":"Feature","properties":{"id":47203429,"highway":"secondary","oneway":"yes","superficie":"asphalt"},"geometry":{"type":"LineString","coordinates":[[-2.62491,43.16909],[-2.62502,43.16909],[-2.62534,43.16905],[-2.62536,43.16905],[-2.62553,43.16903],[-2.62557,43.16902],[-2.6258,43.16902]]}},{"type":"Feature","properties":{"id":47577816,"highway":"residential","nombre":"Estrada de Matxinestarta","oneway":"yes"},"geometry":{"type":"LineString","coordinates":[[-2.62939,43.16958],[-2.62938,43.16967],[-2.62937,43.16975],[-2.6293,43.17008],[-2.62919,43.17011],[-2.62797,43.17003],[-2.62787,43.17002],[-2.6278,43.17001],[-2.6277,43.17001],[-2.62669,43.16996]]}},{"type":"Feature","properties":{"id":47577817,"highway":"residential","nombre":"Ibaizabal etxaldea","oneway":"no"},"geometry":{"type":"LineString","coordinates":[[-2.62777,43.1703],[-2.62779,43.1703],[-2.62784,43.1703],[-2.62798,43.1703],[-2.62857,43.17031],[-2.62906,43.17032],[-2.62915,43.17032]]}},{"type":"Feature","properties":{"id":47577839,"highway":"residential"},"geometry":{"type":"LineString","coordinates":[[-2.63686,43.16917],[-2.63689,43.16914],[-2.6369,43.16908]]}},{"type":"Feature","properties":{"id":47577889,"highway":"pedestrian","nombre":"Kanpatorrosteta kalea"},"geometry":{"type":"LineString","coordinates":[[-2.63169,43.16844],[-2.63129,43.1683],[-2.6308,43.1682],[-2.63073,43.16818],[-2.63069,43.16818],[-2.63066,43.16811],[-2.6305,43.16808],[-2.62971,43.16793]]}},{"type":"Feature","properties":{"id":47577924,"highway":"living_street","nombre":"Pablo Pedro Astarloa kalea","oneway":"yes"},"geometry":{"type":"LineString","coordinates":[[-2.62939,43.16958],[-2.6294,43.16955],[-2.62944,43.16943],[-2.62944,43.16939],[-2.62971,43.16844],[-2.62976,43.16824],[-2.62978,43.16818],[-2.62978,43.16812],[-2.62976,43.16805],[-2.62971,43.16799],[-2.62963,43.16794]]}},{"type":"Feature","properties":{"id":47577925,"highway":"residential","nombre":"Juan Mari Altuna kalea","oneway":"yes"},"geometry":{"type":"LineString","coordinates":[[-2.62797,43.16869],[-2.62797,43.16877],[-2.62789,43.16948],[-2.62788,43.1696]]}},{"type":"Feature","properties":{"id":52501175,"highway":"residential","nombre":"Arriluzea kalea","oneway":"yes"},"geometry":{"type":"LineString","coordinates":[[-2.63029,43.162],[-2.63039,43.16198]]}},{"type":"Feature","properties":{"id":52501177,"highway":"residential","nombre":"Arriluzea kalea","oneway":"yes"},"geometry":{"type":"LineString","coordinates":[[-2.6288,43.16162],[-2.62897,43.16163],[-2.62905,43.16165],[-2.62913,43.16168],[-2.62943,43.1618],[-2.62977,43.1619],[-2.6299,43.16193],[-2.62994,43.16194],[-2.63,43.16197]]}},{"type":"Feature","properties":{"id":52501600,"highway":"residential","nombre":"Gorosti kalea"},"geometry":{"type":"LineString","coordinates":[[-2.62597,43.16199],[-2.62595,43.16207],[-2.62578,43.16266],[-2.62562,43.16323],[-2.6256,43.16329]]}},{"type":"Feature","properties":{"id":52501601,"highway":"residential","nombre":"Lizar kalea"},"geometry":{"type":"LineString","coordinates":[[-2.6265,43.16207],[-2.6263,43.16274],[-2.62613,43.16331]]}},{"type":"Feature","properties":{"id":52501602,"highway":"residential","nombre":"Astigar kalea"},"geometry":{"type":"LineString","coordinates":[[-2.62694,43.16215],[-2.62674,43.1628],[-2.62657,43.16337]]}},{"type":"Feature","properties":{"id":52501603,"highway":"residential","nombre":"Urki kalea"},"geometry":{"type":"LineString","coordinates":[[-2.62538,43.16189],[-2.62535,43.16202],[-2.62519,43.16256],[-2.625,43.16319],[-2.6247,43.16422],[-2.6245,43.16488],[-2.62448,43.16494]]}},{"type":"Feature","properties":{"id":52508235,"highway":"footway"},"geometry":{"type":"LineString","coordinates":[[-2.63105,43.16277],[-2.63101,43.16271],[-2.63094,43.16265],[-2.63074,43.16255],[-2.63074,43.16255],[-2.63067,43.1625],[-2.63061,43.16245],[-2.63058,43.16241],[-2.63053,43.16231],[-2.6305,43.16221],[-2.63048,43.16213],[-2.63048,43.16209],[-2.63047,43.16205],[-2.63047,43.16202]]}},{"type":"Feature","properties":{"id":52508236,"highway":"footway"},"geometry":{"type":"LineString","coordinates":[[-2.63044,43.16273],[-2.63047,43.16273],[-2.63097,43.16276],[-2.63105,43.16277],[-2.63117,43.16275],[-2.63123,43.16274],[-2.63132,43.16271],[-2.63145,43.16266],[-2.63153,43.16259]]}},{"type":"Feature","properties":{"id":52508239,"highway":"residential","nombre":"Santikurutz auzoa"},"geometry":{"type":"LineString","coordinates":[[-2.62793,43.16404],[-2.62795,43.1639],[-2.6282,43.16304],[-2.6284,43.16237],[-2.62843,43.16227],[-2.62856,43.1618]]}},{"type":"Feature","properties":{"id":52508240,"highway":"residential","oneway":"yes"},"geometry":{"type":"LineString","coordinates":[[-2.62862,43.1613],[-2.62848,43.16129],[-2.62838,43.16127],[-2.62834,43.16126],[-2.62649,43.16044],[-2.62603,43.16024],[-2.6258,43.16014],[-2.62567,43.16008],[-2.62544,43.15998],[-2.62528,43.15992],[-2.62516,43.15988],[-2.62507,43.15985],[-2.6249,43.15979]]}},{"type":"Feature","properties":{"id":52508241,"highway":"living_street","nombre":"Mugarra auzoa","oneway":"yes"},"geometry":{"type":"LineString","coordinates":[[-2.62945,43.16371],[-2.63084,43.16392]]}},{"type":"Feature","properties":{"id":52508319,"highway":"residential","nombre":"Larrasoloeta kalea","oneway":"no"},"geometry":{"type":"LineString","coordinates":[[-2.62728,43.16569],[-2.62723,43.1658],[-2.62722,43.16583],[-2.62694,43.1665],[-2.62688,43.16661],[-2.62685,43.16668],[-2.62678,43.16684],[-2.62662,43.1672],[-2.62653,43.16743],[-2.62646,43.16758],[-2.62644,43.16764]]}},{"type":"Feature","properties":{"id":52508320,"highway":"residential","nombre":"Antso Estegiz zumardia"},"geometry":{"type":"LineString","coordinates":[[-2.62299,43.16551],[-2.62299,43.16548],[-2.62306,43.16511],[-2.62307,43.16505],[-2.62328,43.16428],[-2.62345,43.16413],[-2.62383,43.16419],[-2.62398,43.16422],[-2.62402,43.16425],[-2.62402,43.16429],[-2.6239,43.16471],[-2.62391,43.16477],[-2.62397,43.1648],[-2.62406,43.16483],[-2.62435,43.16491],[-2.62448,43.16494],[-2.6246,43.16497],[-2.62491,43.16505],[-2.62494,43.16505],[-2.62531,43.16515],[-2.62566,43.16525],[-2.62607,43.16537],[-2.62701,43.16561]]}},{"type":"Feature","properties":{"id":52508321,"highway":"residential","nombre":"Ezki kalea","oneway":"yes"},"geometry":{"type":"LineString","coordinates":[[-2.6247,43.16422],[-2.62482,43.16425],[-2.62764,43.16477]]}},{"type":"Feature","properties":{"id":52508322,"highway":"residential","oneway":"yes"},"geometry":{"type":"LineString","coordinates":[[-2.62768,43.16468],[-2.62776,43.16449],[-2.6278,43.16441],[-2.62784,43.16431],[-2.62793,43.16424]]}},{"type":"Feature","properties":{"id":52508323,"highway":"living_street","nombre":"Santikurutz auzoa"},"geometry":{"type":"LineString","coordinates":[[-2.62775,43.16431],[-2.62762,43.1643],[-2.62601,43.16403]]}},{"type":"Feature","properties":{"id":52508324,"highway":"residential","oneway":"yes"},"geometry":{"type":"LineString","coordinates":[[-2.62778,43.1642],[-2.62775,43.16431],[-2.62772,43.1644],[-2.6277,43.16448],[-2.6277,43.16451],[-2.62768,43.16468]]}},{"type":"Feature","properties":{"id":52508325,"highway":"residential"},"geometry":{"type":"LineString","coordinates":[[-2.62345,43.16413],[-2.62342,43.16407],[-2.62339,43.16398],[-2.62338,43.1639],[-2.62354,43.16336]]}},{"type":"Feature","properties":{"id":52510739,"highway":"residential","nombre":"Josemiel Barandiaran kalea","oneway":"yes"},"geometry":{"type":"LineString","coordinates":[[-2.63252,43.16786],[-2.63256,43.1679],[-2.63262,43.16791],[-2.63431,43.16801],[-2.63446,43.16802]]}},{"type":"Feature","properties":{"id":52510740,"highway":"pedestrian","nombre":"Pinondo kalea"},"geometry":{"type":"LineString","coordinates":[[-2.63253,43.1648],[-2.6325,43.16493],[-2.63236,43.16547],[-2.63233,43.16553],[-2.63229,43.16562],[-2.63224,43.1657]]}},{"type":"Feature","properties":{"id":52510741,"highway":"pedestrian","nombre":"Artekalea"},"geometry":{"type":"LineString","coordinates":[[-2.63205,43.16595],[-2.63181,43.16661],[-2.63173,43.16681],[-2.63136,43.16772]]}},{"type":"Feature","properties":{"id":52510742,"highway":"residential","nombre":"Antso Estegiz zumardia","oneway":"yes"},"geometry":{"type":"LineString","coordinates":[[-2.63026,43.16644],[-2.63021,43.16644],[-2.63014,43.16643],[-2.62868,43.16606],[-2.62863,43.16605],[-2.6286,43.16602],[-2.62858,43.166],[-2.62856,43.16599]]}},{"type":"Feature","properties":{"id":52566427,"highway":"pedestrian","nombre":"Azoka kalea"},"geometry":{"type":"LineString","coordinates":[[-2.6315,43.16904],[-2.63043,43.16888]]}},{"type":"Feature","properties":{"id":52566428,"highway":"residential","nombre":"Arandoñotorre kalea","oneway":"yes"},"geometry":{"type":"LineString","coordinates":[[-2.63029,43.16958],[-2.63031,43.16951],[-2.63042,43.169],[-2.63042,43.16894],[-2.63043,43.16888],[-2.63046,43.16874],[-2.63048,43.16862],[-2.63048,43.16857]]}},{"type":"Feature","properties":{"id":52566429,"highway":"residential","nombre":"Txatxiena kalea","oneway":"yes"},"geometry":{"type":"LineString","coordinates":[[-2.62838,43.16959],[-2.62839,43.16951],[-2.62846,43.1688],[-2.62845,43.16874],[-2.62841,43.16872],[-2.62834,43.16871],[-2.62797,43.16869]]}},{"type":"Feature","properties":{"id":52572586,"highway":"secondary","superficie":"asphalt"},"geometry":{"type":"LineString","coordinates":[[-2.62314,43.16926],[-2.62322,43.16925],[-2.62325,43.16925],[-2.62395,43.16918],[-2.62406,43.16917],[-2.62464,43.16911],[-2.62465,43.16911],[-2.62485,43.16909],[-2.62491,43.16909]]}},{"type":"Feature","properties":{"id":52579611,"highway":"residential","nombre":"Euskotren kalea","oneway":"yes"},"geometry":{"type":"LineString","coordinates":[[-2.62558,43.17006],[-2.62557,43.17018],[-2.62549,43.17083]]}},{"type":"Feature","properties":{"id":52579612,"highway":"residential","nombre":"Urko kalea","oneway":"yes"},"geometry":{"type":"LineString","coordinates":[[-2.62436,43.16998],[-2.6243,43.17008],[-2.62388,43.17062],[-2.62378,43.17073]]}},{"type":"Feature","properties":{"id":52579613,"highway":"residential","oneway":"yes"},"geometry":{"type":"LineString","coordinates":[[-2.62683,43.17025],[-2.62686,43.1702],[-2.62694,43.17016],[-2.62703,43.17015],[-2.62759,43.17018],[-2.62775,43.17019],[-2.62777,43.17019]]}},{"type":"Feature","properties":{"id":52579614,"highway":"residential","nombre":"Urko kalea","oneway":"yes"},"geometry":{"type":"LineString","coordinates":[[-2.62401,43.17073],[-2.62408,43.17064],[-2.62453,43.17009],[-2.62454,43.17007],[-2.62454,43.17005],[-2.62454,43.17003],[-2.62454,43.17001],[-2.62451,43.16999]]}},{"type":"Feature","properties":{"id":52579615,"highway":"residential","nombre":"Arriputzueta","oneway":"yes"},"geometry":{"type":"LineString","coordinates":[[-2.62311,43.16977],[-2.623,43.16973],[-2.62283,43.16967],[-2.62277,43.16963],[-2.62266,43.16968],[-2.62263,43.16975],[-2.62237,43.17044],[-2.62232,43.17056],[-2.62234,43.1706],[-2.62241,43.17064],[-2.62255,43.17065],[-2.62287,43.17067],[-2.62363,43.17071],[-2.62378,43.17073]]}},{"type":"Feature","properties":{"id":52579676,"highway":"cycleway"},"geometry":{"type":"LineString","coordinates":[[-2.62594,43.16834],[-2.6259,43.16831],[-2.62587,43.16829],[-2.62581,43.16826],[-2.62565,43.16822],[-2.62481,43.16804],[-2.62399,43.16786],[-2.62339,43.16772],[-2.62334,43.16772],[-2.6233,43.16771],[-2.62325,43.16769],[-2.62311,43.16766],[-2.62296,43.16763],[-2.62227,43.16749],[-2.6221,43.16746],[-2.62194,43.16742],[-2.62094,43.1672],[-2.62098,43.16711],[-2.62104,43.16696],[-2.62103,43.16692],[-2.62102,43.1669],[-2.621,43.16687],[-2.62099,43.16684],[-2.62095,43.1668],[-2.62094,43.16678],[-2.6209,43.16675],[-2.62082,43.16672],[-2.62068,43.16669],[-2.62061,43.16667]]}},{"type":"Feature","properties":{"id":52579677,"highway":"service","superficie":"asphalt"},"geometry":{"type":"LineString","coordinates":[[-2.62731,43.17222],[-2.62671,43.17222],[-2.62667,43.1722],[-2.62664,43.17216],[-2.62665,43.17195]]}},{"type":"Feature","properties":{"id":52581773,"highway":"primary","ref":"BI-623","superficie":"asphalt"},"geometry":{"type":"LineString","coordinates":[[-2.63379,43.16135],[-2.63436,43.16073],[-2.63491,43.16004],[-2.63563,43.15922],[-2.63603,43.15878],[-2.63623,43.15857],[-2.6365,43.15831],[-2.63667,43.15813],[-2.63701,43.15777],[-2.63743,43.15728],[-2.63769,43.15699]]}},{"type":"Feature","properties":{"id":52587228,"highway":"residential","nombre":"Sanrokebide kalea"},"geometry":{"type":"LineString","coordinates":[[-2.64005,43.16861],[-2.64,43.1686],[-2.63905,43.16849],[-2.63891,43.16845],[-2.63879,43.16841],[-2.63853,43.16831],[-2.63815,43.16814],[-2.63745,43.16785],[-2.63737,43.16782]]}},{"type":"Feature","properties":{"id":52587229,"highway":"residential","oneway":"yes"},"geometry":{"type":"LineString","coordinates":[[-2.64005,43.16861],[-2.64011,43.16865],[-2.64017,43.16868],[-2.64025,43.16873],[-2.64035,43.16881],[-2.64041,43.16885]]}},{"type":"Feature","properties":{"id":52705618,"highway":"residential","nombre":"Alluitz kalea","oneway":"yes"},"geometry":{"type":"LineString","coordinates":[[-2.64002,43.16957],[-2.64,43.16961],[-2.63999,43.16965],[-2.63998,43.16968],[-2.63995,43.16973],[-2.63993,43.16976],[-2.63988,43.16983],[-2.63971,43.17009],[-2.6394,43.17053],[-2.63937,43.17057],[-2.63926,43.17073],[-2.63915,43.1709],[-2.63897,43.17116],[-2.63869,43.17156],[-2.63864,43.17163]]}},{"type":"Feature","properties":{"id":52705619,"highway":"tertiary","nombre":"Askatasun etorbidea","oneway":"yes"},"geometry":{"type":"LineString","coordinates":[[-2.64025,43.16962],[-2.64037,43.1696],[-2.64046,43.16959],[-2.64056,43.1696],[-2.64061,43.1696],[-2.64148,43.1697],[-2.64236,43.1698],[-2.64244,43.16981],[-2.64248,43.16979]]}},{"type":"Feature","properties":{"id":52705620,"highway":"tertiary","nombre":"Askatasun etorbidea","oneway":"yes"},"geometry":{"type":"LineString","coordinates":[[-2.6425,43.16973],[-2.64248,43.16972],[-2.64238,43.1697],[-2.64185,43.16965],[-2.64149,43.16961],[-2.64058,43.16951],[-2.64038,43.16947],[-2.64032,43.16945]]}},{"type":"Feature","properties":{"id":52705621,"highway":"secondary","nombre":"Sanrokebide kalea","oneway":"no"},"geometry":{"type":"LineString","coordinates":[[-2.64079,43.16851],[-2.64095,43.16775]]}},{"type":"Feature","properties":{"id":52705622,"highway":"residential","nombre":"Jose Maria de Iparragirre kalea","oneway":"yes"},"geometry":{"type":"LineString","coordinates":[[-2.63905,43.16849],[-2.63902,43.16861],[-2.63898,43.1688],[-2.63894,43.169],[-2.63892,43.16909],[-2.63889,43.16926],[-2.63888,43.16931],[-2.63887,43.16936],[-2.63886,43.1694]]}},{"type":"Feature","properties":{"id":52705623,"highway":"secondary","oneway":"yes"},"geometry":{"type":"LineString","coordinates":[[-2.64079,43.16851],[-2.64076,43.16856],[-2.64072,43.1686],[-2.64068,43.16864],[-2.64062,43.16867],[-2.6406,43.16869],[-2.64059,43.16871]]}},{"type":"Feature","properties":{"id":52705625,"highway":"residential","nombre":"Martxoaren 8ko kalea","oneway":"yes"},"geometry":{"type":"LineString","coordinates":[[-2.64219,43.17139],[-2.64235,43.17143],[-2.64264,43.17151],[-2.64271,43.17153],[-2.64307,43.17163],[-2.64349,43.17173],[-2.64397,43.17187],[-2.64407,43.17186],[-2.64414,43.17182],[-2.64424,43.17149],[-2.64429,43.17128],[-2.64432,43.17108]]}},{"type":"Feature","properties":{"id":52720679,"highway":"residential"},"geometry":{"type":"LineString","coordinates":[[-2.63493,43.17301],[-2.63502,43.17305],[-2.63552,43.17324],[-2.6361,43.17346]]}},{"type":"Feature","properties":{"id":52720684,"highway":"residential"},"geometry":{"type":"LineString","coordinates":[[-2.63414,43.17427],[-2.6343,43.17425],[-2.63448,43.17424],[-2.63465,43.1742],[-2.63477,43.17415],[-2.63486,43.17409],[-2.63508,43.17382]]}},{"type":"Feature","properties":{"id":52720950,"highway":"residential"},"geometry":{"type":"LineString","coordinates":[[-2.63137,43.17192],[-2.63137,43.17228]]}},{"type":"Feature","properties":{"id":52720952,"highway":"residential"},"geometry":{"type":"LineString","coordinates":[[-2.63058,43.17172],[-2.63058,43.17178],[-2.63058,43.17183],[-2.63058,43.17184],[-2.63058,43.17187],[-2.63057,43.17218]]}},{"type":"Feature","properties":{"id":52720953,"highway":"residential"},"geometry":{"type":"LineString","coordinates":[[-2.629,43.1717],[-2.629,43.17176],[-2.629,43.17181],[-2.629,43.17186],[-2.62901,43.17228]]}},{"type":"Feature","properties":{"id":52736211,"highway":"residential","nombre":"San Frantzisko kalea","oneway":"yes"},"geometry":{"type":"LineString","coordinates":[[-2.62771,43.16516],[-2.62879,43.16539],[-2.62944,43.16552],[-2.62959,43.16555],[-2.63056,43.16576],[-2.63062,43.16579]]}},{"type":"Feature","properties":{"id":52736212,"highway":"residential","nombre":"Antso Estegiz zumardia"},"geometry":{"type":"LineString","coordinates":[[-2.62607,43.16537],[-2.62609,43.16531],[-2.62626,43.16482]]}},{"type":"Feature","properties":{"id":52736213,"highway":"residential","nombre":"Intxaurrondo kalea","oneway":"yes"},"geometry":{"type":"LineString","coordinates":[[-2.63095,43.16425],[-2.63099,43.1644],[-2.631,43.16444],[-2.63104,43.16472],[-2.63105,43.16485],[-2.63106,43.16502],[-2.63106,43.16511],[-2.63105,43.16532],[-2.63102,43.16539]]}},{"type":"Feature","properties":{"id":52736214,"highway":"pedestrian","nombre":"Gorosti kalea"},"geometry":{"type":"LineString","coordinates":[[-2.62573,43.16325],[-2.62613,43.16331],[-2.62657,43.16337],[-2.627,43.16344]]}},{"type":"Feature","properties":{"id":52736215,"highway":"residential","nombre":"Antso Estegiz zumardia"},"geometry":{"type":"LineString","coordinates":[[-2.62548,43.16469],[-2.62532,43.16511],[-2.62531,43.16515]]}},{"type":"Feature","properties":{"id":52736216,"highway":"service"},"geometry":{"type":"LineString","coordinates":[[-2.63089,43.16413],[-2.63092,43.16412],[-2.63096,43.16412],[-2.63132,43.16406],[-2.63162,43.16402],[-2.63165,43.16399],[-2.63162,43.16387],[-2.6316,43.16386],[-2.63127,43.16391],[-2.63092,43.16396],[-2.63088,43.16397],[-2.63085,43.16397]]}},{"type":"Feature","properties":{"id":52736217,"highway":"residential","nombre":"Laubideta kalea","oneway":"no"},"geometry":{"type":"LineString","coordinates":[[-2.63164,43.16421],[-2.63157,43.16421],[-2.63149,43.16422],[-2.63113,43.16424],[-2.63095,43.16425],[-2.63074,43.16426],[-2.62949,43.16434],[-2.62945,43.16434],[-2.62933,43.16435],[-2.62919,43.16434],[-2.62917,43.16434],[-2.629,43.16431],[-2.62826,43.16418]]}},{"type":"Feature","properties":{"id":52736220,"highway":"residential","nombre":"Hagin kalea"},"geometry":{"type":"LineString","coordinates":[[-2.62718,43.16218],[-2.62722,43.16206],[-2.62725,43.16196],[-2.62739,43.16148],[-2.62748,43.16115],[-2.62749,43.1611],[-2.62751,43.16104]]}},{"type":"Feature","properties":{"id":52736221,"highway":"pedestrian","nombre":"Balbino Garritaonan plaza"},"geometry":{"type":"LineString","coordinates":[[-2.63119,43.16573],[-2.63135,43.16553],[-2.63143,43.16546],[-2.63137,43.16544],[-2.6313,43.16542],[-2.63122,43.16548],[-2.63108,43.16541],[-2.6311,43.16535],[-2.63108,43.16534],[-2.63107,43.16534],[-2.63104,43.1654],[-2.63097,43.16545],[-2.63078,43.16557],[-2.63081,43.16558],[-2.63086,43.1656],[-2.631,43.16564],[-2.63102,43.16567],[-2.63106,43.16568],[-2.63119,43.16573]]}},{"type":"Feature","properties":{"id":52736222,"highway":"pedestrian","nombre":"Zeharkalea"},"geometry":{"type":"LineString","coordinates":[[-2.63258,43.16702],[-2.6325,43.167],[-2.63228,43.16694],[-2.63223,43.16693],[-2.63205,43.16689],[-2.63199,43.16688],[-2.63173,43.16681],[-2.63124,43.16671],[-2.63061,43.16655],[-2.63026,43.16644]]}},{"type":"Feature","properties":{"id":52736223,"highway":"pedestrian","nombre":"Andra Mari kalea","oneway":"yes","superficie":"asphalt"},"geometry":{"type":"LineString","coordinates":[[-2.632,43.16821],[-2.63184,43.16817],[-2.63177,43.16814],[-2.63171,43.16809],[-2.63165,43.16787],[-2.6316,43.16779],[-2.63155,43.16776],[-2.63136,43.16772],[-2.63103,43.16766],[-2.63097,43.16767],[-2.63087,43.1677],[-2.63082,43.16773],[-2.63078,43.16776],[-2.63065,43.16779],[-2.63034,43.16783],[-2.62971,43.16793]]}},{"type":"Feature","properties":{"id":52736224,"highway":"pedestrian","nombre":"Zeharkalea","puente":"yes"},"geometry":{"type":"LineString","coordinates":[[-2.6327,43.16705],[-2.63258,43.16702]]}},{"type":"Feature","properties":{"id":52736225,"highway":"pedestrian","nombre":"Andra Mari kalea"},"geometry":{"type":"LineString","coordinates":[[-2.63236,43.1683],[-2.63208,43.16823]]}},{"type":"Feature","properties":{"id":52736226,"highway":"residential","nombre":"Santa Susana","oneway":"yes"},"geometry":{"type":"LineString","coordinates":[[-2.62688,43.16661],[-2.62695,43.16662],[-2.62798,43.16684],[-2.62809,43.16687],[-2.62816,43.16687]]}},{"type":"Feature","properties":{"id":52736227,"highway":"service"},"geometry":{"type":"LineString","coordinates":[[-2.62816,43.16687],[-2.62838,43.16692],[-2.62842,43.16692],[-2.62846,43.16687],[-2.62854,43.16669]]}},{"type":"Feature","properties":{"id":52736228,"highway":"residential","nombre":"Erretentxu kalea","oneway":"yes"},"geometry":{"type":"LineString","coordinates":[[-2.62816,43.16687],[-2.62819,43.16684],[-2.62822,43.16679],[-2.62828,43.16663],[-2.62852,43.16611],[-2.62855,43.16606],[-2.62856,43.16603],[-2.62856,43.16599]]}},{"type":"Feature","properties":{"id":52736299,"highway":"cycleway","oneway":"no","superficie":"paved"},"geometry":{"type":"LineString","coordinates":[[-2.6312,43.17348],[-2.63121,43.17355],[-2.63121,43.17362],[-2.6312,43.17381],[-2.63122,43.17392],[-2.63132,43.17409],[-2.63131,43.17415],[-2.63126,43.17422],[-2.63118,43.17428],[-2.6307,43.17449],[-2.63057,43.17453],[-2.63044,43.17454],[-2.62998,43.17454],[-2.62986,43.17454],[-2.62906,43.17452],[-2.62894,43.17451],[-2.62874,43.17448],[-2.62858,43.17442],[-2.6283,43.17431],[-2.62821,43.17426],[-2.62769,43.17389],[-2.62746,43.17371],[-2.62725,43.17351],[-2.62713,43.1734],[-2.62699,43.17331],[-2.62509,43.17257],[-2.62479,43.17247],[-2.62461,43.17243],[-2.62425,43.1724],[-2.62393,43.17238],[-2.62376,43.17236],[-2.62366,43.17231],[-2.62361,43.17227],[-2.62358,43.1722],[-2.62356,43.17183],[-2.62355,43.17169]]}},{"type":"Feature","properties":{"id":52736422,"highway":"service"},"geometry":{"type":"LineString","coordinates":[[-2.65624,43.15723],[-2.65626,43.15729],[-2.65625,43.1574],[-2.65622,43.15749],[-2.6561,43.15761],[-2.65606,43.15769],[-2.65604,43.15777],[-2.65605,43.15794],[-2.65601,43.15803],[-2.65595,43.15809],[-2.65582,43.15815],[-2.65561,43.15829],[-2.6555,43.15838],[-2.65539,43.15854],[-2.65512,43.1588],[-2.65494,43.15897],[-2.65489,43.15906],[-2.65472,43.15923],[-2.65454,43.15939],[-2.65445,43.15947],[-2.65407,43.15976],[-2.65384,43.15995],[-2.65367,43.16007],[-2.65309,43.16048]]}},{"type":"Feature","properties":{"id":54690857,"highway":"secondary","oneway":"yes","superficie":"asphalt"},"geometry":{"type":"LineString","coordinates":[[-2.64106,43.16725],[-2.64126,43.16699],[-2.64138,43.16685]]}},{"type":"Feature","properties":{"id":54690862,"highway":"primary","ref":"BI-623","oneway":"yes","superficie":"asphalt"},"geometry":{"type":"LineString","coordinates":[[-2.64093,43.16652],[-2.64077,43.16651],[-2.64044,43.16651],[-2.64011,43.16645],[-2.63969,43.16638],[-2.63919,43.16627],[-2.6385,43.1661],[-2.63792,43.16592],[-2.63755,43.16577],[-2.63699,43.16554],[-2.63629,43.16523],[-2.63478,43.16454],[-2.63451,43.16439],[-2.63435,43.16427],[-2.63416,43.16412],[-2.63406,43.16401],[-2.63395,43.16386],[-2.63383,43.16366]]}},{"type":"Feature","properties":{"id":54690865,"highway":"residential","nombre":"Ermodo kalea","oneway":"yes"},"geometry":{"type":"LineString","coordinates":[[-2.63249,43.16954],[-2.63251,43.1696],[-2.63255,43.16971],[-2.63262,43.16985],[-2.63266,43.16997],[-2.63269,43.17003],[-2.63289,43.17046],[-2.63304,43.17075],[-2.63309,43.17082],[-2.63311,43.17086],[-2.63318,43.17092],[-2.63345,43.1711],[-2.63345,43.17111],[-2.63349,43.17113]]}},{"type":"Feature","properties":{"id":54690866,"highway":"residential","nombre":"Zumalakarregi kalea","oneway":"yes","superficie":"asphalt"},"geometry":{"type":"LineString","coordinates":[[-2.63236,43.1683],[-2.63237,43.16853],[-2.63239,43.169],[-2.63245,43.16942],[-2.63245,43.16945],[-2.63249,43.16954]]}},{"type":"Feature","properties":{"id":72146129,"highway":"tertiary_link","oneway":"yes"},"geometry":{"type":"LineString","coordinates":[[-2.64539,43.16987],[-2.64538,43.16983],[-2.64538,43.16952]]}},{"type":"Feature","properties":{"id":72146132,"highway":"tertiary","nombre":"Askatasun etorbidea"},"geometry":{"type":"LineString","coordinates":[[-2.64478,43.17026],[-2.64466,43.17018],[-2.64451,43.17011],[-2.64434,43.17006],[-2.64422,43.17004],[-2.64409,43.17002]]}},{"type":"Feature","properties":{"id":72231338,"highway":"residential"},"geometry":{"type":"LineString","coordinates":[[-2.63753,43.15638],[-2.6375,43.15624],[-2.63747,43.15615]]}},{"type":"Feature","properties":{"id":72231339,"highway":"residential","nombre":"Tabira kalea","oneway":"no"},"geometry":{"type":"LineString","coordinates":[[-2.63165,43.16181],[-2.63165,43.16175],[-2.63167,43.16166],[-2.6319,43.16124],[-2.63196,43.16113],[-2.63224,43.1606]]}},{"type":"Feature","properties":{"id":72231358,"highway":"residential"},"geometry":{"type":"LineString","coordinates":[[-2.63736,43.15639],[-2.63732,43.15647]]}},{"type":"Feature","properties":{"id":72231359,"highway":"residential"},"geometry":{"type":"LineString","coordinates":[[-2.63674,43.15599],[-2.6367,43.156],[-2.63658,43.15598],[-2.63642,43.15595],[-2.63625,43.15593],[-2.63612,43.15591],[-2.63594,43.15584],[-2.63588,43.1558]]}},{"type":"Feature","properties":{"id":72231363,"highway":"residential"},"geometry":{"type":"LineString","coordinates":[[-2.63565,43.15646],[-2.63579,43.15645],[-2.63597,43.15649]]}},{"type":"Feature","properties":{"id":72231364,"highway":"residential","nombre":"Galtzareta kalea"},"geometry":{"type":"LineString","coordinates":[[-2.63511,43.16694],[-2.63485,43.16686],[-2.63418,43.16674],[-2.63404,43.16671],[-2.63378,43.16666]]}},{"type":"Feature","properties":{"id":72478737,"highway":"track"},"geometry":{"type":"LineString","coordinates":[[-2.67412,43.16967],[-2.67426,43.16968],[-2.67558,43.1696],[-2.67608,43.16957],[-2.67636,43.16952],[-2.67663,43.16945],[-2.67673,43.16943],[-2.67678,43.16947],[-2.67679,43.16952],[-2.67629,43.16995],[-2.67606,43.17013],[-2.67602,43.17021],[-2.67607,43.17031],[-2.67638,43.17054]]}},{"type":"Feature","properties":{"id":83180037,"highway":"primary","ref":"BI-623","oneway":"yes","puente":"yes","superficie":"asphalt"},"geometry":{"type":"LineString","coordinates":[[-2.64435,43.16745],[-2.64456,43.16761]]}},{"type":"Feature","properties":{"id":83180041,"highway":"primary","nombre":"San Roke auzunea","ref":"BI-623","oneway":"yes","superficie":"asphalt"},"geometry":{"type":"LineString","coordinates":[[-2.64448,43.16743],[-2.64428,43.1673],[-2.64401,43.16716],[-2.64367,43.16702],[-2.64327,43.1669],[-2.64274,43.16679],[-2.64203,43.1667],[-2.6418,43.16667],[-2.64166,43.16663],[-2.64148,43.16656]]}},{"type":"Feature","properties":{"id":83180048,"highway":"primary","nombre":"San Roke auzunea","ref":"BI-623","oneway":"yes","puente":"yes","superficie":"asphalt"},"geometry":{"type":"LineString","coordinates":[[-2.64467,43.16759],[-2.64448,43.16743]]}},{"type":"Feature","properties":{"id":83180077,"highway":"primary","ref":"BI-623","oneway":"yes","superficie":"asphalt"},"geometry":{"type":"LineString","coordinates":[[-2.64456,43.16761],[-2.64476,43.16778],[-2.64497,43.16802],[-2.64514,43.16833],[-2.64526,43.16863],[-2.6453,43.16886],[-2.6453,43.16908],[-2.64523,43.16949],[-2.64516,43.16978],[-2.64514,43.16986]]}},{"type":"Feature","properties":{"id":83180088,"highway":"secondary","oneway":"yes","superficie":"asphalt"},"geometry":{"type":"LineString","coordinates":[[-2.64097,43.16683],[-2.64102,43.16692],[-2.64106,43.16711],[-2.64106,43.16725]]}},{"type":"Feature","properties":{"id":88119404,"highway":"residential","nombre":"Faustebide kalea","oneway":"yes"},"geometry":{"type":"LineString","coordinates":[[-2.62105,43.16792],[-2.62108,43.16797],[-2.62113,43.16805],[-2.62115,43.16813],[-2.62115,43.16822],[-2.62114,43.16828],[-2.62115,43.1683],[-2.62116,43.16832],[-2.62117,43.16835],[-2.62123,43.16839],[-2.62171,43.16861],[-2.62195,43.16874],[-2.62203,43.16878],[-2.62221,43.16887],[-2.6223,43.1689],[-2.6224,43.16892],[-2.62254,43.16895],[-2.62268,43.16897]]}},{"type":"Feature","properties":{"id":88119406,"highway":"residential","nombre":"Astolabide kalea","oneway":"yes"},"geometry":{"type":"LineString","coordinates":[[-2.62003,43.16739],[-2.62003,43.16739],[-2.62012,43.16725],[-2.62017,43.16719],[-2.62025,43.16716],[-2.62047,43.16716]]}},{"type":"Feature","properties":{"id":88119407,"highway":"residential","oneway":"yes"},"geometry":{"type":"LineString","coordinates":[[-2.62268,43.16897],[-2.6227,43.16895],[-2.62274,43.16892],[-2.62277,43.16888],[-2.62278,43.16886],[-2.62279,43.16885],[-2.62281,43.16882]]}},{"type":"Feature","properties":{"id":88119409,"highway":"residential","nombre":"Zirarmendieta kalea","oneway":"yes"},"geometry":{"type":"LineString","coordinates":[[-2.62323,43.16772],[-2.62333,43.16774],[-2.62338,43.16775],[-2.62397,43.16788],[-2.62426,43.16794],[-2.62431,43.16797],[-2.62435,43.16799],[-2.62472,43.16807],[-2.62474,43.16807],[-2.62528,43.16819],[-2.62541,43.16819],[-2.62572,43.16826],[-2.62581,43.16829],[-2.62586,43.16833],[-2.62589,43.16835],[-2.62589,43.16836],[-2.62592,43.1684],[-2.62594,43.16844],[-2.62596,43.1685]]}},{"type":"Feature","properties":{"id":93356117,"highway":"footway"},"geometry":{"type":"LineString","coordinates":[[-2.63161,43.17067],[-2.63152,43.1707]]}},{"type":"Feature","properties":{"id":93356119,"highway":"footway","puente":"yes"},"geometry":{"type":"LineString","coordinates":[[-2.63152,43.1707],[-2.6313,43.17078]]}},{"type":"Feature","properties":{"id":93356122,"highway":"tertiary","oneway":"yes"},"geometry":{"type":"LineString","coordinates":[[-2.64031,43.16944],[-2.64033,43.16937],[-2.64041,43.1692],[-2.64045,43.16915],[-2.64056,43.169],[-2.6406,43.16896],[-2.64064,43.16892]]}},{"type":"Feature","properties":{"id":93356123,"highway":"tertiary","oneway":"yes"},"geometry":{"type":"LineString","coordinates":[[-2.64042,43.16888],[-2.64042,43.16895],[-2.64042,43.169],[-2.64041,43.16905],[-2.6404,43.16909],[-2.64039,43.16912],[-2.64032,43.16922],[-2.64023,43.16929],[-2.64017,43.16934],[-2.64009,43.16939]]}},{"type":"Feature","properties":{"id":93356128,"highway":"residential"},"geometry":{"type":"LineString","coordinates":[[-2.62923,43.17036],[-2.62927,43.17035],[-2.6293,43.17034],[-2.62931,43.17032],[-2.62931,43.17031],[-2.62931,43.17028],[-2.62929,43.17026],[-2.62924,43.17025],[-2.6292,43.17025],[-2.62917,43.17027],[-2.62915,43.17029],[-2.62915,43.17032],[-2.62916,43.17034],[-2.62919,43.17035],[-2.62923,43.17036]]}},{"type":"Feature","properties":{"id":93356129,"highway":"living_street","nombre":"Ibaizabal auzunea"},"geometry":{"type":"LineString","coordinates":[[-2.62931,43.17031],[-2.62936,43.17031],[-2.63004,43.17024],[-2.63026,43.17022],[-2.6303,43.17022],[-2.63033,43.17022],[-2.63035,43.17022],[-2.63043,43.17021],[-2.63048,43.17021],[-2.63087,43.17021]]}},{"type":"Feature","properties":{"id":93356131,"highway":"residential","nombre":"Oiñiturri","oneway":"yes"},"geometry":{"type":"LineString","coordinates":[[-2.63431,43.16843],[-2.63434,43.16843],[-2.6344,43.16844],[-2.63577,43.16861],[-2.63685,43.16873],[-2.63696,43.16873]]}},{"type":"Feature","properties":{"id":99626150,"highway":"cycleway","tunel":"yes"},"geometry":{"type":"LineString","coordinates":[[-2.62036,43.16655],[-2.6202,43.16648]]}},{"type":"Feature","properties":{"id":99626152,"highway":"cycleway"},"geometry":{"type":"LineString","coordinates":[[-2.6202,43.16648],[-2.6201,43.16644],[-2.61987,43.16636],[-2.61942,43.16613],[-2.6192,43.16597],[-2.61902,43.16579],[-2.6189,43.16563],[-2.61878,43.16548],[-2.61866,43.16531],[-2.61857,43.16515],[-2.61849,43.16496],[-2.61826,43.16456],[-2.61814,43.16437],[-2.61808,43.16427],[-2.618,43.16417],[-2.61747,43.16368],[-2.61692,43.16319],[-2.61672,43.16299],[-2.61659,43.16284],[-2.61638,43.16256],[-2.61629,43.16241],[-2.61612,43.16223]]}},{"type":"Feature","properties":{"id":111547886,"highway":"residential","nombre":"Eulena kalea","superficie":"asphalt"},"geometry":{"type":"LineString","coordinates":[[-2.61669,43.16117],[-2.61668,43.16115]]}},{"type":"Feature","properties":{"id":113311156,"highway":"residential","nombre":"Sasikoa kalea","oneway":"yes","superficie":"asphalt"},"geometry":{"type":"LineString","coordinates":[[-2.6354,43.17044],[-2.63519,43.17033]]}},{"type":"Feature","properties":{"id":113311402,"highway":"residential","nombre":"Landako etorbidea","oneway":"yes"},"geometry":{"type":"LineString","coordinates":[[-2.63535,43.1719],[-2.63524,43.17183],[-2.63496,43.17172],[-2.63486,43.1717]]}},{"type":"Feature","properties":{"id":121176076,"highway":"track","superficie":"ground"},"geometry":{"type":"LineString","coordinates":[[-2.6339,43.15466],[-2.63416,43.15451],[-2.63422,43.15442],[-2.63421,43.15427],[-2.63434,43.15409],[-2.63468,43.15384],[-2.63515,43.15342],[-2.63518,43.15331],[-2.63507,43.15326],[-2.63467,43.15326],[-2.63444,43.15314],[-2.63421,43.15287],[-2.63415,43.15276],[-2.63415,43.15266]]}},{"type":"Feature","properties":{"id":121176082,"highway":"unclassified"},"geometry":{"type":"LineString","coordinates":[[-2.63008,43.16107],[-2.63018,43.16094],[-2.6303,43.16062],[-2.63053,43.16031],[-2.6312,43.15927],[-2.63137,43.15897],[-2.63146,43.15877],[-2.6315,43.15853],[-2.63142,43.15812],[-2.63124,43.1578],[-2.6312,43.15755],[-2.63122,43.15726],[-2.63122,43.157],[-2.63131,43.15689],[-2.63202,43.1564],[-2.63227,43.15615],[-2.63249,43.15548],[-2.63254,43.15521],[-2.63258,43.15514],[-2.63266,43.15505]]}},{"type":"Feature","properties":{"id":121176093,"highway":"track","superficie":"ground"},"geometry":{"type":"LineString","coordinates":[[-2.63682,43.15073],[-2.63682,43.15073],[-2.63679,43.15074],[-2.63676,43.15076],[-2.63673,43.15076],[-2.63663,43.15077],[-2.63653,43.15077],[-2.6364,43.15078],[-2.63628,43.15079],[-2.63613,43.15079],[-2.63597,43.15079],[-2.63581,43.15079],[-2.6357,43.15079],[-2.6356,43.1508],[-2.6355,43.15082],[-2.63539,43.15085],[-2.63529,43.15089],[-2.63514,43.15097],[-2.6349,43.1511],[-2.63478,43.15115],[-2.63466,43.1512],[-2.63452,43.15125],[-2.63439,43.15131],[-2.63432,43.15134],[-2.63425,43.15138],[-2.6342,43.15142],[-2.63417,43.15146],[-2.63415,43.1515],[-2.63414,43.15154],[-2.63416,43.15162],[-2.63418,43.1517],[-2.63421,43.15176],[-2.63443,43.15214],[-2.63446,43.1522],[-2.63448,43.15224],[-2.63449,43.1523],[-2.6345,43.15236],[-2.63449,43.15241],[-2.63447,43.15248],[-2.63445,43.15253],[-2.63441,43.15256],[-2.63434,43.1526],[-2.63424,43.15264],[-2.63415,43.15266],[-2.63393,43.15264],[-2.63319,43.15251],[-2.63271,43.15235],[-2.63187,43.15217],[-2.63166,43.15214],[-2.63104,43.1521],[-2.63053,43.15202],[-2.63039,43.15203],[-2.6303,43.15209],[-2.63024,43.1522],[-2.63017,43.15321],[-2.63004,43.15348],[-2.63003,43.15382],[-2.62984,43.15421],[-2.62972,43.15437],[-2.62937,43.15473],[-2.62929,43.15473]]}},{"type":"Feature","properties":{"id":121176103,"highway":"unclassified","nombre":"Eguzkitza auzoa","superficie":"concrete"},"geometry":{"type":"LineString","coordinates":[[-2.63015,43.14706],[-2.63008,43.14712],[-2.63007,43.14722],[-2.63005,43.14737],[-2.63016,43.14773],[-2.63023,43.14807],[-2.63025,43.14833],[-2.63035,43.14858],[-2.63035,43.1487],[-2.63032,43.1488],[-2.63004,43.14928],[-2.63,43.14936],[-2.62959,43.15026],[-2.62958,43.15041],[-2.62967,43.15084],[-2.62965,43.15115],[-2.6296,43.15138],[-2.62956,43.15179],[-2.62958,43.152],[-2.62976,43.15243],[-2.62978,43.15258],[-2.62976,43.15272],[-2.62969,43.15294],[-2.62964,43.15311],[-2.62962,43.15331],[-2.62962,43.15354],[-2.62965,43.15371],[-2.62963,43.15391],[-2.62959,43.15406],[-2.62945,43.15438],[-2.62939,43.15458],[-2.62929,43.15473],[-2.62893,43.15502],[-2.62858,43.15527],[-2.62821,43.15547],[-2.62787,43.15562],[-2.62768,43.15565],[-2.62709,43.15559],[-2.62703,43.15559],[-2.62697,43.15563],[-2.62695,43.15568],[-2.62702,43.15583],[-2.62705,43.15591],[-2.62705,43.15595],[-2.62696,43.15619],[-2.62693,43.15632],[-2.62694,43.15649],[-2.62702,43.15672],[-2.62699,43.15685],[-2.62666,43.15724],[-2.62647,43.15748],[-2.62628,43.15778],[-2.62593,43.15834],[-2.62584,43.15847],[-2.62573,43.15862],[-2.62572,43.15867]]}},{"type":"Feature","properties":{"id":121176123,"highway":"track","superficie":"ground"},"geometry":{"type":"LineString","coordinates":[[-2.63855,43.15167],[-2.63855,43.15168],[-2.63852,43.15172],[-2.6385,43.15174],[-2.63846,43.15176],[-2.63837,43.15181],[-2.63819,43.15189],[-2.63783,43.15202],[-2.63718,43.1523],[-2.63698,43.15239],[-2.63687,43.15245],[-2.6368,43.1525],[-2.63678,43.15253],[-2.63677,43.15259],[-2.63678,43.15265],[-2.63686,43.15279],[-2.63691,43.15289],[-2.63698,43.15301],[-2.63701,43.15309],[-2.63703,43.15319],[-2.63703,43.15328],[-2.63702,43.15336],[-2.63699,43.15341],[-2.63694,43.15346],[-2.63685,43.15352],[-2.63675,43.15355],[-2.63657,43.15359],[-2.63649,43.15362],[-2.63644,43.15365],[-2.6364,43.15367],[-2.63638,43.15372],[-2.63633,43.15384],[-2.63631,43.15387],[-2.63628,43.15391],[-2.63625,43.15394],[-2.63543,43.15435],[-2.63532,43.1544],[-2.63521,43.15445],[-2.63471,43.15463],[-2.63461,43.15465],[-2.63451,43.15466],[-2.63439,43.15468],[-2.6342,43.15468],[-2.63407,43.15467],[-2.63396,43.15466],[-2.6339,43.15466],[-2.63376,43.15462],[-2.6335,43.15448],[-2.63346,43.15446],[-2.63342,43.15444],[-2.63319,43.15435],[-2.63313,43.15438],[-2.63315,43.15443]]}},{"type":"Feature","properties":{"id":140268511,"highway":"primary","ref":"BI-623","superficie":"asphalt"},"geometry":{"type":"LineString","coordinates":[[-2.64148,43.16656],[-2.64142,43.16649],[-2.64133,43.16645],[-2.64122,43.16642],[-2.64111,43.16643],[-2.64101,43.16646],[-2.64093,43.16652]]}},{"type":"Feature","properties":{"id":140268518,"highway":"primary","ref":"BI-623","oneway":"yes","superficie":"asphalt"},"geometry":{"type":"LineString","coordinates":[[-2.64143,43.16681],[-2.64174,43.16678],[-2.64201,43.1668]]}},{"type":"Feature","properties":{"id":154980836,"highway":"service"},"geometry":{"type":"LineString","coordinates":[[-2.62664,43.16783],[-2.62655,43.16802]]}},{"type":"Feature","properties":{"id":154980837,"highway":"service"},"geometry":{"type":"LineString","coordinates":[[-2.6264,43.16774],[-2.62655,43.16777],[-2.62659,43.16779],[-2.62664,43.16783],[-2.62673,43.16791],[-2.62666,43.16808]]}},{"type":"Feature","properties":{"id":155013364,"highway":"primary","ref":"BI-732","oneway":"yes","superficie":"asphalt"},"geometry":{"type":"LineString","coordinates":[[-2.62009,43.1628],[-2.62037,43.16296],[-2.62049,43.16307],[-2.62067,43.16326]]}},{"type":"Feature","properties":{"id":155138216,"highway":"residential","nombre":"Martxoaren 8ko kalea","oneway":"yes"},"geometry":{"type":"LineString","coordinates":[[-2.64219,43.17139],[-2.64209,43.17136],[-2.64134,43.17117],[-2.6412,43.17113],[-2.64116,43.17112],[-2.64049,43.17095],[-2.64032,43.1709],[-2.63947,43.17067],[-2.6394,43.17065]]}},{"type":"Feature","properties":{"id":155138217,"highway":"cycleway"},"geometry":{"type":"LineString","coordinates":[[-2.63972,43.16946],[-2.63968,43.16946],[-2.63903,43.16938],[-2.63887,43.16936],[-2.6387,43.16934],[-2.63834,43.1693],[-2.63782,43.16924],[-2.63701,43.16915],[-2.63698,43.16915],[-2.63689,43.16914],[-2.63655,43.1691],[-2.63559,43.16899],[-2.63436,43.16885],[-2.63433,43.16884],[-2.63427,43.16881],[-2.63425,43.16879],[-2.63424,43.16873],[-2.63424,43.1687],[-2.63434,43.16843],[-2.63459,43.16771],[-2.63466,43.16763],[-2.63475,43.16753],[-2.63475,43.16753],[-2.63473,43.16751],[-2.63465,43.16748],[-2.63462,43.16747],[-2.63395,43.16733],[-2.63288,43.16709],[-2.63286,43.16707],[-2.63283,43.16706]]}},{"type":"Feature","properties":{"id":155284502,"highway":"footway"},"geometry":{"type":"LineString","coordinates":[[-2.6282,43.16304],[-2.62812,43.16302],[-2.62805,43.16301],[-2.62802,43.16301],[-2.6276,43.16294],[-2.62717,43.16287],[-2.62674,43.1628],[-2.6263,43.16274],[-2.6259,43.16268],[-2.62582,43.16266]]}},{"type":"Feature","properties":{"id":155319726,"highway":"residential","nombre":"Sanrokebide kalea","oneway":"yes"},"geometry":{"type":"LineString","coordinates":[[-2.64068,43.16889],[-2.64078,43.16885],[-2.64085,43.16883],[-2.6409,43.16881],[-2.64099,43.16881],[-2.64112,43.16882],[-2.64158,43.16887],[-2.64196,43.1689],[-2.64254,43.16896],[-2.64258,43.16897],[-2.64262,43.16898],[-2.64265,43.169],[-2.64266,43.16903]]}},{"type":"Feature","properties":{"id":178448019,"highway":"residential","nombre":"Sanagustinalde kalea","oneway":"no"},"geometry":{"type":"LineString","coordinates":[[-2.63296,43.16617],[-2.63293,43.1658],[-2.63291,43.16567],[-2.63289,43.16561],[-2.63284,43.16547],[-2.63258,43.16478],[-2.63255,43.16468],[-2.63254,43.16462],[-2.63247,43.16435]]}},{"type":"Feature","properties":{"id":192247301,"highway":"track"},"geometry":{"type":"LineString","coordinates":[[-2.67744,43.15702],[-2.67752,43.15709],[-2.67763,43.15717],[-2.67782,43.15725],[-2.67789,43.15732],[-2.67792,43.15743],[-2.67781,43.15754],[-2.67733,43.1578],[-2.6772,43.1579],[-2.67719,43.15797],[-2.67744,43.15849],[-2.67753,43.15891],[-2.67749,43.15911],[-2.67731,43.15944],[-2.67712,43.15962],[-2.67681,43.15982],[-2.6766,43.16002],[-2.67632,43.16015],[-2.67625,43.16021],[-2.6762,43.16028],[-2.6762,43.16036],[-2.67624,43.16045],[-2.67636,43.1606],[-2.67641,43.16071],[-2.6764,43.16102],[-2.67652,43.16129],[-2.67695,43.16179],[-2.67729,43.16241],[-2.67748,43.16264],[-2.67751,43.16275],[-2.67748,43.16283]]}},{"type":"Feature","properties":{"id":192247302,"highway":"track"},"geometry":{"type":"LineString","coordinates":[[-2.69449,43.15756],[-2.69431,43.15759],[-2.6939,43.15765],[-2.6937,43.1577],[-2.69356,43.15773],[-2.6934,43.15773],[-2.69324,43.15772],[-2.69277,43.15758],[-2.6926,43.15753],[-2.69218,43.15747],[-2.69174,43.15737]]}},{"type":"Feature","properties":{"id":192261720,"highway":"unclassified"},"geometry":{"type":"LineString","coordinates":[[-2.65807,43.15178],[-2.65794,43.15183],[-2.65756,43.15194],[-2.65735,43.15201],[-2.65722,43.15208],[-2.65713,43.15216],[-2.65708,43.15226],[-2.65703,43.15234],[-2.65696,43.15245],[-2.65687,43.15255],[-2.65655,43.1528],[-2.65636,43.15296],[-2.65623,43.15304],[-2.65619,43.15307],[-2.65604,43.15312],[-2.65589,43.15316],[-2.65584,43.15319],[-2.65578,43.15322],[-2.65573,43.15328],[-2.65571,43.15332],[-2.65571,43.15341],[-2.65569,43.15348],[-2.65566,43.15352],[-2.65555,43.15361],[-2.6555,43.15366],[-2.65539,43.15374],[-2.65531,43.15381],[-2.65524,43.15387],[-2.65516,43.15392],[-2.65509,43.15395],[-2.65484,43.15404],[-2.65468,43.1541],[-2.6545,43.15416],[-2.6544,43.15421],[-2.65435,43.15426],[-2.65433,43.1543],[-2.65432,43.15436],[-2.65429,43.15446],[-2.65426,43.15453],[-2.65422,43.15465],[-2.65419,43.15471],[-2.65405,43.15494],[-2.65398,43.15503],[-2.65395,43.15506],[-2.65391,43.15509],[-2.65381,43.15515],[-2.65357,43.15526],[-2.65322,43.15539],[-2.65274,43.15559],[-2.65261,43.15564]]}},{"type":"Feature","properties":{"id":194892892,"highway":"pedestrian","nombre":"Sanmartinpe Portalea kalea"},"geometry":{"type":"LineString","coordinates":[[-2.63154,43.16588],[-2.63104,43.16575]]}},{"type":"Feature","properties":{"id":194892893,"highway":"residential","nombre":"Monago Torre kalea","oneway":"yes"},"geometry":{"type":"LineString","coordinates":[[-2.63048,43.16857],[-2.63045,43.16856],[-2.63041,43.16855],[-2.62971,43.16844]]}},{"type":"Feature","properties":{"id":194892895,"highway":"pedestrian","nombre":"Barrenkalea"},"geometry":{"type":"LineString","coordinates":[[-2.6316,43.16779],[-2.63177,43.16781],[-2.63181,43.16781],[-2.63183,43.1678],[-2.63228,43.16694],[-2.63248,43.16608]]}},{"type":"Feature","properties":{"id":194892898,"highway":"residential","nombre":"Montevideo etorbidea","oneway":"yes"},"geometry":{"type":"LineString","coordinates":[[-2.62788,43.1696],[-2.62798,43.1696],[-2.62804,43.1696],[-2.62811,43.16959],[-2.62838,43.16959],[-2.62884,43.16958],[-2.62917,43.16957],[-2.62939,43.16958],[-2.62944,43.16959],[-2.62952,43.1696],[-2.63019,43.16958],[-2.63029,43.16958],[-2.6304,43.16958],[-2.63127,43.16955],[-2.63132,43.16955],[-2.63136,43.16955]]}},{"type":"Feature","properties":{"id":194895461,"highway":"residential","nombre":"Montevideo etorbidea","oneway":"yes","superficie":"asphalt"},"geometry":{"type":"LineString","coordinates":[[-2.63136,43.16955],[-2.63141,43.16955],[-2.63174,43.16953],[-2.63181,43.16953],[-2.63243,43.1695]]}},{"type":"Feature","properties":{"id":194895463,"highway":"residential","oneway":"yes"},"geometry":{"type":"LineString","coordinates":[[-2.63378,43.17125],[-2.63373,43.17121],[-2.63365,43.17116],[-2.63362,43.17112]]}},{"type":"Feature","properties":{"id":194895464,"highway":"residential","oneway":"yes"},"geometry":{"type":"LineString","coordinates":[[-2.63378,43.17125],[-2.63371,43.17124],[-2.63369,43.17123],[-2.63364,43.17124],[-2.63362,43.17124],[-2.63359,43.17128],[-2.63357,43.17134]]}},{"type":"Feature","properties":{"id":195587326,"highway":"residential","oneway":"yes"},"geometry":{"type":"LineString","coordinates":[[-2.62774,43.16962],[-2.62786,43.16972]]}},{"type":"Feature","properties":{"id":195587327,"highway":"residential","oneway":"yes"},"geometry":{"type":"LineString","coordinates":[[-2.62789,43.16948],[-2.62798,43.1696]]}},{"type":"Feature","properties":{"id":195587623,"highway":"pedestrian","nombre":"Andra Mari kalea","puente":"yes"},"geometry":{"type":"LineString","coordinates":[[-2.63208,43.16823],[-2.632,43.16821]]}},{"type":"Feature","properties":{"id":209687599,"highway":"service","nombre":"Eguzkitza auzoa"},"geometry":{"type":"LineString","coordinates":[[-2.63007,43.14722],[-2.63018,43.14728],[-2.63083,43.1479],[-2.63091,43.14797],[-2.63101,43.14802],[-2.63128,43.14813],[-2.63141,43.14819],[-2.63157,43.14826],[-2.63169,43.14826],[-2.63176,43.1483]]}},{"type":"Feature","properties":{"id":209687600,"highway":"service"},"geometry":{"type":"LineString","coordinates":[[-2.63156,43.14801],[-2.63141,43.14819]]}},{"type":"Feature","properties":{"id":209687607,"highway":"service"},"geometry":{"type":"LineString","coordinates":[[-2.63201,43.14825],[-2.63187,43.14836],[-2.63176,43.1483]]}},{"type":"Feature","properties":{"id":210117385,"highway":"unclassified"},"geometry":{"type":"LineString","coordinates":[[-2.62596,43.14991],[-2.62634,43.14993]]}},{"type":"Feature","properties":{"id":210117387,"highway":"service","nombre":"Eguzkitza auzoa"},"geometry":{"type":"LineString","coordinates":[[-2.62297,43.1541],[-2.62277,43.15396],[-2.62272,43.15398],[-2.62271,43.15403],[-2.62282,43.15422],[-2.62287,43.15439],[-2.62288,43.15464],[-2.62286,43.15473],[-2.62282,43.15476],[-2.62276,43.15477],[-2.62231,43.15467],[-2.62209,43.15461],[-2.62198,43.1546],[-2.62189,43.15461],[-2.62179,43.15467],[-2.62159,43.15483],[-2.62153,43.1549]]}},{"type":"Feature","properties":{"id":210117388,"highway":"unclassified","nombre":"Eguzkitza auzoa"},"geometry":{"type":"MultiLineString","coordinates":[[[-2.6241,43.15022],[-2.62399,43.15034],[-2.62383,43.15049],[-2.62342,43.15083],[-2.62334,43.15089]],[[-2.62311,43.15102],[-2.62292,43.15113],[-2.62273,43.15122],[-2.62238,43.15137],[-2.62223,43.15145],[-2.62199,43.15166],[-2.62191,43.15172],[-2.62174,43.1518],[-2.62165,43.15187],[-2.6211,43.15235],[-2.62093,43.15249],[-2.6208,43.15258],[-2.62071,43.15262],[-2.6206,43.15264],[-2.62033,43.15266],[-2.61989,43.15268],[-2.61973,43.15268],[-2.61929,43.15272],[-2.61904,43.15279],[-2.61889,43.15285],[-2.61871,43.15294],[-2.6185,43.15308]]]}},{"type":"Feature","properties":{"id":210117394,"highway":"service"},"geometry":{"type":"LineString","coordinates":[[-2.61833,43.15244],[-2.61841,43.15265],[-2.61823,43.15282],[-2.61822,43.15286],[-2.61831,43.15302],[-2.61835,43.15309]]}},{"type":"Feature","properties":{"id":210117395,"highway":"service"},"geometry":{"type":"LineString","coordinates":[[-2.62387,43.15135],[-2.62363,43.15146],[-2.62353,43.15145],[-2.62339,43.15131],[-2.62328,43.15124],[-2.62292,43.15113]]}},{"type":"Feature","properties":{"id":210117396,"highway":"service"},"geometry":{"type":"LineString","coordinates":[[-2.62293,43.15111],[-2.62292,43.15113]]}},{"type":"Feature","properties":{"id":210117397,"highway":"service"},"geometry":{"type":"LineString","coordinates":[[-2.62243,43.15259],[-2.62221,43.15268],[-2.62213,43.15274],[-2.62205,43.15284],[-2.62173,43.15314],[-2.62167,43.15317]]}},{"type":"Feature","properties":{"id":210117398,"highway":"service"},"geometry":{"type":"LineString","coordinates":[[-2.62187,43.15332],[-2.62167,43.15317]]}},{"type":"Feature","properties":{"id":210310970,"highway":"track"},"geometry":{"type":"LineString","coordinates":[[-2.63004,43.14928],[-2.63002,43.14925],[-2.62999,43.14919],[-2.62989,43.1488],[-2.62982,43.1487],[-2.62973,43.14866],[-2.62945,43.14857],[-2.62924,43.14845],[-2.62906,43.14826],[-2.6289,43.14824],[-2.62869,43.14824],[-2.62837,43.1482],[-2.62799,43.1482],[-2.62762,43.14812],[-2.62756,43.14811]]}},{"type":"Feature","properties":{"id":210516477,"highway":"service"},"geometry":{"type":"LineString","coordinates":[[-2.62811,43.15815],[-2.62636,43.15779],[-2.62628,43.15778]]}},{"type":"Feature","properties":{"id":210516481,"highway":"service","oneway":"yes"},"geometry":{"type":"LineString","coordinates":[[-2.62395,43.15685],[-2.62391,43.15693],[-2.62378,43.15709]]}},{"type":"Feature","properties":{"id":210516482,"highway":"service","oneway":"yes"},"geometry":{"type":"LineString","coordinates":[[-2.62378,43.15709],[-2.62391,43.15707],[-2.62411,43.15705],[-2.6242,43.15705]]}},{"type":"Feature","properties":{"id":210516488,"highway":"service"},"geometry":{"type":"LineString","coordinates":[[-2.62366,43.15732],[-2.62368,43.15719],[-2.62374,43.15715],[-2.62378,43.15709]]}},{"type":"Feature","properties":{"id":210516492,"highway":"service"},"geometry":{"type":"LineString","coordinates":[[-2.62496,43.15697],[-2.62507,43.15724],[-2.62524,43.15757],[-2.62537,43.15786],[-2.62561,43.1582],[-2.62569,43.15839],[-2.62573,43.15862]]}},{"type":"Feature","properties":{"id":210519259,"highway":"residential","nombre":"Eguzkitza auzoa"},"geometry":{"type":"LineString","coordinates":[[-2.62695,43.1604],[-2.62697,43.1604],[-2.627,43.1604],[-2.62702,43.16039],[-2.62704,43.16038],[-2.62705,43.16036],[-2.62705,43.16034],[-2.62705,43.16033],[-2.62704,43.16031],[-2.62702,43.1603],[-2.62699,43.16029],[-2.62697,43.16029],[-2.62694,43.1603],[-2.62692,43.16031],[-2.62691,43.16032],[-2.6269,43.16034],[-2.6269,43.16036],[-2.62691,43.16037],[-2.62692,43.16039],[-2.62695,43.1604]]}},{"type":"Feature","properties":{"id":210519261,"highway":"unclassified","nombre":"Eguzkitza auzoa","oneway":"no"},"geometry":{"type":"LineString","coordinates":[[-2.62694,43.1603],[-2.62693,43.16027],[-2.62675,43.15979],[-2.62654,43.15929],[-2.6265,43.15921],[-2.62646,43.15917],[-2.6259,43.1588],[-2.62572,43.15867]]}},{"type":"Feature","properties":{"id":210519264,"highway":"residential","nombre":"Zumar kalea","oneway":"yes"},"geometry":{"type":"LineString","coordinates":[[-2.62851,43.16154],[-2.62846,43.1616],[-2.62841,43.16178],[-2.62828,43.16224],[-2.62825,43.16235],[-2.62805,43.16301],[-2.62789,43.16359],[-2.62782,43.16381],[-2.6278,43.16389],[-2.62777,43.16402],[-2.62778,43.16408]]}},{"type":"Feature","properties":{"id":210519265,"highway":"residential","nombre":"Eguzkitza auzoa","oneway":"no"},"geometry":{"type":"LineString","coordinates":[[-2.62354,43.16336],[-2.62374,43.16266],[-2.62384,43.16236],[-2.62404,43.16178],[-2.62426,43.16136]]}},{"type":"Feature","properties":{"id":210519266,"highway":"residential","nombre":"Urki kalea"},"geometry":{"type":"LineString","coordinates":[[-2.62582,43.16042],[-2.6258,43.1605],[-2.62546,43.16164],[-2.62542,43.16175],[-2.62538,43.16189]]}},{"type":"Feature","properties":{"id":210519267,"highway":"service"},"geometry":{"type":"LineString","coordinates":[[-2.62787,43.1598],[-2.62784,43.15988],[-2.62761,43.16021]]}},{"type":"Feature","properties":{"id":210519268,"highway":"service"},"geometry":{"type":"LineString","coordinates":[[-2.62694,43.15907],[-2.62667,43.15902],[-2.62663,43.15903],[-2.62659,43.15906],[-2.6265,43.15921]]}},{"type":"Feature","properties":{"id":210519269,"highway":"service"},"geometry":{"type":"LineString","coordinates":[[-2.62851,43.16004],[-2.62842,43.15997],[-2.62804,43.15973],[-2.62798,43.15972],[-2.62793,43.15974],[-2.62787,43.1598],[-2.62766,43.15978],[-2.62712,43.15976],[-2.62687,43.15976],[-2.62675,43.15979]]}},{"type":"Feature","properties":{"id":211199553,"highway":"residential","nombre":"Astolabide kalea","oneway":"no","superficie":"asphalt"},"geometry":{"type":"LineString","coordinates":[[-2.61929,43.16289],[-2.61937,43.16286]]}},{"type":"Feature","properties":{"id":211199554,"highway":"residential","oneway":"no"},"geometry":{"type":"LineString","coordinates":[[-2.6195,43.16216],[-2.61888,43.16134],[-2.61883,43.1613],[-2.61879,43.16126],[-2.61875,43.16124],[-2.61871,43.16123],[-2.61867,43.16123],[-2.6186,43.16123],[-2.61854,43.16125]]}},{"type":"Feature","properties":{"id":211199555,"highway":"residential","nombre":"Astolabide kalea","oneway":"yes","superficie":"asphalt"},"geometry":{"type":"LineString","coordinates":[[-2.61937,43.16286],[-2.61945,43.16284],[-2.61956,43.16282],[-2.61967,43.16279],[-2.61975,43.1628],[-2.61988,43.16279],[-2.61998,43.16277]]}},{"type":"Feature","properties":{"id":211199556,"highway":"residential","oneway":"yes","superficie":"asphalt"},"geometry":{"type":"LineString","coordinates":[[-2.61978,43.16256],[-2.61969,43.16261],[-2.61963,43.16269],[-2.61951,43.16277],[-2.61937,43.16286]]}},{"type":"Feature","properties":{"id":211199557,"highway":"residential","oneway":"yes"},"geometry":{"type":"LineString","coordinates":[[-2.6195,43.16216],[-2.61964,43.16237],[-2.61965,43.16253],[-2.61957,43.16267],[-2.61946,43.16276],[-2.61933,43.16283],[-2.61929,43.16289]]}},{"type":"Feature","properties":{"id":211199559,"highway":"primary","ref":"BI-732","oneway":"yes","superficie":"asphalt"},"geometry":{"type":"LineString","coordinates":[[-2.62067,43.16326],[-2.62056,43.16303],[-2.62052,43.16297],[-2.62049,43.16289],[-2.62045,43.16275],[-2.62045,43.16268]]}},{"type":"Feature","properties":{"id":211199561,"highway":"residential","nombre":"Casimiro Astola kalea"},"geometry":{"type":"LineString","coordinates":[[-2.61846,43.16094],[-2.61846,43.16094],[-2.61846,43.16094]]}},{"type":"Feature","properties":{"id":211199566,"highway":"service"},"geometry":{"type":"LineString","coordinates":[[-2.62144,43.16233],[-2.6223,43.16196],[-2.62325,43.16156],[-2.62334,43.16152],[-2.62376,43.16207],[-2.62343,43.16222],[-2.62337,43.16248],[-2.62212,43.16301],[-2.62196,43.16309],[-2.62122,43.16303],[-2.62115,43.16303]]}},{"type":"Feature","properties":{"id":211199568,"highway":"residential"},"geometry":{"type":"LineString","coordinates":[[-2.62377,43.16614],[-2.62384,43.16617],[-2.62391,43.16618]]}},{"type":"Feature","properties":{"id":211199572,"highway":"service"},"geometry":{"type":"LineString","coordinates":[[-2.6223,43.16196],[-2.62226,43.16191],[-2.62222,43.16187]]}},{"type":"Feature","properties":{"id":211199575,"highway":"service"},"geometry":{"type":"LineString","coordinates":[[-2.62354,43.16336],[-2.62348,43.16335],[-2.62217,43.16307],[-2.62212,43.16301]]}},{"type":"Feature","properties":{"id":211199576,"highway":"service","superficie":"asphalt"},"geometry":{"type":"LineString","coordinates":[[-2.62115,43.16303],[-2.62117,43.16293],[-2.62092,43.1626]]}},{"type":"Feature","properties":{"id":211199580,"highway":"unclassified","nombre":"Eguzkitza auzoa","oneway":"yes"},"geometry":{"type":"LineString","coordinates":[[-2.62066,43.16255],[-2.62073,43.16248],[-2.62207,43.16193],[-2.62222,43.16187]]}},{"type":"Feature","properties":{"id":211199581,"highway":"residential","nombre":"Kurutziaga kalea"},"geometry":{"type":"LineString","coordinates":[[-2.62655,43.1685],[-2.6263,43.16862]]}},{"type":"Feature","properties":{"id":213578773,"highway":"residential","nombre":"Martxoaren 8ko kalea","oneway":"yes"},"geometry":{"type":"LineString","coordinates":[[-2.64366,43.171],[-2.64358,43.17135],[-2.64354,43.17152],[-2.64349,43.17173]]}},{"type":"Feature","properties":{"id":213578774,"highway":"residential","nombre":"Pagasarri kalea","oneway":"no"},"geometry":{"type":"LineString","coordinates":[[-2.64219,43.17139],[-2.64223,43.17131],[-2.64226,43.17121],[-2.64231,43.17098],[-2.64234,43.17083],[-2.64236,43.17074],[-2.64239,43.1706],[-2.64244,43.17034],[-2.64253,43.16993],[-2.64254,43.16986],[-2.64255,43.16984]]}},{"type":"Feature","properties":{"id":213578776,"highway":"footway"},"geometry":{"type":"LineString","coordinates":[[-2.63367,43.17372],[-2.63363,43.17354],[-2.63365,43.17333],[-2.63366,43.17324],[-2.63366,43.17313],[-2.63367,43.17303],[-2.63369,43.17298],[-2.63374,43.1729],[-2.63378,43.17286],[-2.63387,43.17282]]}},{"type":"Feature","properties":{"id":213578778,"highway":"residential"},"geometry":{"type":"LineString","coordinates":[[-2.63625,43.17343],[-2.63619,43.17343],[-2.63617,43.17344],[-2.63614,43.17344],[-2.6361,43.17346],[-2.63607,43.1735],[-2.63605,43.17353],[-2.63605,43.17358],[-2.63607,43.17361],[-2.63611,43.17364],[-2.63616,43.17366],[-2.63622,43.17367],[-2.63627,43.17366],[-2.63632,43.17364],[-2.63635,43.17361],[-2.63637,43.17358],[-2.63637,43.17354],[-2.63636,43.1735],[-2.63633,43.17347],[-2.63629,43.17345],[-2.63625,43.17343]]}},{"type":"Feature","properties":{"id":213578783,"highway":"footway"},"geometry":{"type":"LineString","coordinates":[[-2.63534,43.17431],[-2.63492,43.17412],[-2.63486,43.17409]]}},{"type":"Feature","properties":{"id":215123688,"highway":"service"},"geometry":{"type":"LineString","coordinates":[[-2.64587,43.1655],[-2.6458,43.16533],[-2.64579,43.16518],[-2.6458,43.16497],[-2.6458,43.16489],[-2.64576,43.1647],[-2.64566,43.16447],[-2.64508,43.16357],[-2.64502,43.16351],[-2.64491,43.16343],[-2.64486,43.1634],[-2.64478,43.16332],[-2.64476,43.16326],[-2.64476,43.16321],[-2.64478,43.16316],[-2.64485,43.16309],[-2.64493,43.16302],[-2.64504,43.16297],[-2.64516,43.16294],[-2.64529,43.16294],[-2.64537,43.16296],[-2.64548,43.16299],[-2.6456,43.16299],[-2.64571,43.16296],[-2.6458,43.16293],[-2.64624,43.16269],[-2.6463,43.16267],[-2.64636,43.16263],[-2.6464,43.16259],[-2.64694,43.16194],[-2.64702,43.16186],[-2.64722,43.16171],[-2.64745,43.16165]]}},{"type":"Feature","properties":{"id":215123690,"highway":"service"},"geometry":{"type":"LineString","coordinates":[[-2.6457,43.16677],[-2.64563,43.16689],[-2.64559,43.16702],[-2.64555,43.16716],[-2.6455,43.16721]]}},{"type":"Feature","properties":{"id":223143676,"highway":"path"},"geometry":{"type":"LineString","coordinates":[[-2.68439,43.15295],[-2.68447,43.15301],[-2.68453,43.15303],[-2.68465,43.15305],[-2.68476,43.15304],[-2.68478,43.15303],[-2.68482,43.15302],[-2.68483,43.153]]}},{"type":"Feature","properties":{"id":223145461,"highway":"path"},"geometry":{"type":"LineString","coordinates":[[-2.69039,43.15202],[-2.69049,43.15203],[-2.69063,43.15207],[-2.69077,43.15206],[-2.69081,43.15194],[-2.69081,43.15184],[-2.69088,43.15169],[-2.6909,43.1516],[-2.69077,43.15154],[-2.69056,43.1515],[-2.69048,43.15143],[-2.69055,43.15134],[-2.69048,43.15125],[-2.69026,43.15121],[-2.69014,43.15114],[-2.69013,43.15104],[-2.69025,43.15097],[-2.69025,43.15085],[-2.69022,43.15076]]}},{"type":"Feature","properties":{"id":224416623,"highway":"service","nombre":"Larrinagatxu"},"geometry":{"type":"MultiLineString","coordinates":[[[-2.65309,43.16048],[-2.65275,43.16068],[-2.65234,43.16091],[-2.65218,43.16101],[-2.65202,43.1611],[-2.65198,43.16113],[-2.65187,43.16122],[-2.65167,43.16143],[-2.65158,43.16153],[-2.65152,43.16166],[-2.65147,43.16184],[-2.65145,43.16193],[-2.6514,43.16201],[-2.65126,43.16219],[-2.65114,43.16231],[-2.65094,43.16244],[-2.65071,43.16252],[-2.65062,43.16256],[-2.65054,43.16263],[-2.6505,43.16269],[-2.65047,43.16276],[-2.65042,43.1631],[-2.65042,43.16311]],[[-2.6491,43.16426],[-2.64904,43.16431],[-2.64887,43.16439],[-2.64869,43.16447],[-2.64789,43.16461],[-2.64767,43.16461],[-2.64735,43.16456],[-2.64676,43.16457],[-2.64653,43.16461],[-2.64636,43.16469],[-2.64624,43.16481],[-2.64599,43.16519],[-2.64592,43.16535],[-2.64587,43.1655],[-2.64574,43.1659],[-2.64563,43.16629],[-2.64555,43.16656],[-2.64552,43.16674],[-2.6455,43.16701],[-2.6455,43.16721],[-2.6455,43.16736]]]}},{"type":"Feature","properties":{"id":224416625,"highway":"service"},"geometry":{"type":"LineString","coordinates":[[-2.65715,43.15657],[-2.65729,43.15673]]}},{"type":"Feature","properties":{"id":224416627,"highway":"service"},"geometry":{"type":"LineString","coordinates":[[-2.65507,43.16059],[-2.65498,43.16061],[-2.65485,43.16061],[-2.65477,43.16059],[-2.65468,43.16056],[-2.65459,43.16052],[-2.65453,43.16046],[-2.65455,43.1604],[-2.65461,43.16034],[-2.65477,43.16028],[-2.65494,43.16022],[-2.65501,43.16014],[-2.65505,43.16009],[-2.65508,43.16004],[-2.65505,43.15995],[-2.65497,43.15982],[-2.65498,43.15971],[-2.65506,43.1596],[-2.65536,43.15955],[-2.65539,43.15947],[-2.65538,43.15936],[-2.65523,43.15916],[-2.65523,43.1591],[-2.65528,43.15902],[-2.65534,43.15899],[-2.65539,43.15894],[-2.65538,43.15887],[-2.65534,43.15887],[-2.65517,43.15893],[-2.65489,43.15906]]}},{"type":"Feature","properties":{"id":224416628,"highway":"service"},"geometry":{"type":"LineString","coordinates":[[-2.65624,43.15723],[-2.65628,43.15722],[-2.65651,43.15712],[-2.65667,43.15707],[-2.65696,43.15696],[-2.65718,43.15685],[-2.65724,43.15679],[-2.65729,43.15673],[-2.65737,43.15663],[-2.65765,43.15645],[-2.65801,43.15623],[-2.65807,43.15619],[-2.6582,43.15607],[-2.65836,43.15597],[-2.65862,43.15578],[-2.65879,43.15565],[-2.65883,43.1556],[-2.65884,43.15554],[-2.65883,43.15549],[-2.65878,43.15547],[-2.65867,43.15547],[-2.6585,43.15552],[-2.65841,43.15554],[-2.65833,43.15553],[-2.65823,43.15552],[-2.65803,43.15546],[-2.65795,43.15541],[-2.65784,43.15532],[-2.65774,43.15523],[-2.65767,43.15515],[-2.65767,43.15511],[-2.65771,43.1551],[-2.6579,43.15512],[-2.65796,43.15512]]}},{"type":"Feature","properties":{"id":224416631,"highway":"service"},"geometry":{"type":"LineString","coordinates":[[-2.65057,43.15843],[-2.65062,43.15845],[-2.65086,43.1585],[-2.65116,43.15855],[-2.65151,43.15856],[-2.65171,43.15855],[-2.65234,43.15852],[-2.65242,43.15849],[-2.65246,43.15844],[-2.6525,43.15837],[-2.65257,43.15829],[-2.65267,43.15823],[-2.65277,43.1582],[-2.65292,43.15818],[-2.65335,43.15818],[-2.65349,43.15817],[-2.65377,43.15811],[-2.65399,43.15803],[-2.6542,43.15797],[-2.65451,43.15789],[-2.65458,43.15786],[-2.6546,43.15771],[-2.6546,43.15766],[-2.65441,43.15725],[-2.6544,43.15717],[-2.65444,43.15713],[-2.65458,43.1571],[-2.65469,43.15709],[-2.65507,43.1572],[-2.65518,43.15722],[-2.6553,43.15722],[-2.6556,43.15717],[-2.6558,43.15707],[-2.6559,43.157],[-2.656,43.15692],[-2.65608,43.15682],[-2.65616,43.15677],[-2.65624,43.15675],[-2.6563,43.15677],[-2.65632,43.15684],[-2.65631,43.15695],[-2.6563,43.157],[-2.65623,43.15716],[-2.65624,43.15723]]}},{"type":"Feature","properties":{"id":224416638,"highway":"unclassified"},"geometry":{"type":"LineString","coordinates":[[-2.65261,43.15564],[-2.65261,43.15564]]}},{"type":"Feature","properties":{"id":226450336,"highway":"residential","nombre":"Arriluzea kalea","oneway":"yes","puente":"yes"},"geometry":{"type":"LineString","coordinates":[[-2.63081,43.16194],[-2.63056,43.16192],[-2.63052,43.16192]]}},{"type":"Feature","properties":{"id":226450337,"highway":"residential","nombre":"Arriluzea kalea","oneway":"yes"},"geometry":{"type":"LineString","coordinates":[[-2.6308,43.162],[-2.63177,43.16205],[-2.6318,43.16205],[-2.63236,43.16209],[-2.63245,43.16209],[-2.63267,43.1621],[-2.63289,43.16212],[-2.63311,43.16216]]}},{"type":"Feature","properties":{"id":226450338,"highway":"pedestrian","puente":"yes"},"geometry":{"type":"LineString","coordinates":[[-2.63224,43.1657],[-2.63216,43.16576]]}},{"type":"Feature","properties":{"id":226450339,"highway":"pedestrian","nombre":"Goienkalea","izena_eu":"Goienkalea","nombre_es":"Goiencalle"},"geometry":{"type":"LineString","coordinates":[[-2.63157,43.16582],[-2.63154,43.16588],[-2.63148,43.16605],[-2.63146,43.16611],[-2.63125,43.16669],[-2.63124,43.16671],[-2.6309,43.16757],[-2.63087,43.1677]]}},{"type":"Feature","properties":{"id":226450340,"highway":"pedestrian","nombre":"Kalebarria"},"geometry":{"type":"LineString","coordinates":[[-2.63104,43.16575],[-2.63094,43.16592],[-2.63061,43.16655],[-2.6305,43.16684],[-2.63043,43.1671],[-2.63038,43.16731],[-2.63035,43.16754],[-2.63034,43.16783]]}},{"type":"Feature","properties":{"id":226450343,"highway":"footway"},"geometry":{"type":"LineString","coordinates":[[-2.63163,43.16251],[-2.63181,43.16248]]}},{"type":"Feature","properties":{"id":226450344,"highway":"pedestrian","nombre":"Bartolome Ertzilla kalea"},"geometry":{"type":"LineString","coordinates":[[-2.63148,43.16605],[-2.63094,43.16592]]}},{"type":"Feature","properties":{"id":226450345,"highway":"footway","puente":"yes"},"geometry":{"type":"LineString","coordinates":[[-2.63153,43.16259],[-2.63162,43.16251],[-2.63163,43.16251]]}},{"type":"Feature","properties":{"id":226450346,"highway":"pedestrian","nombre":"Santa Ana kalea"},"geometry":{"type":"LineString","coordinates":[[-2.63167,43.16565],[-2.63164,43.16555],[-2.63159,43.16551],[-2.63154,43.16549],[-2.6314,43.1654]]}},{"type":"Feature","properties":{"id":226453234,"highway":"residential","oneway":"yes"},"geometry":{"type":"LineString","coordinates":[[-2.62642,43.16936],[-2.62671,43.16942],[-2.62759,43.1696],[-2.62774,43.16962],[-2.62788,43.1696]]}},{"type":"Feature","properties":{"id":226558480,"highway":"residential","nombre":"Francisco Ibarra","oneway":"no","puente":"yes"},"geometry":{"type":"LineString","coordinates":[[-2.63426,43.17488],[-2.63429,43.17502]]}},{"type":"Feature","properties":{"id":226642832,"highway":"residential","nombre":"Landako etorbidea","oneway":"yes","superficie":"asphalt"},"geometry":{"type":"LineString","coordinates":[[-2.63191,43.17166],[-2.63175,43.17166],[-2.63165,43.17166]]}},{"type":"Feature","properties":{"id":226642833,"highway":"residential","nombre":"Landako etorbidea","oneway":"yes","superficie":"asphalt"},"geometry":{"type":"LineString","coordinates":[[-2.63166,43.17173],[-2.63175,43.17173],[-2.63178,43.17173],[-2.63186,43.17173],[-2.63196,43.17173]]}},{"type":"Feature","properties":{"id":226642834,"highway":"residential","nombre":"Landako etorbidea","oneway":"yes","superficie":"asphalt"},"geometry":{"type":"LineString","coordinates":[[-2.63196,43.17173],[-2.63218,43.17173],[-2.63229,43.17174]]}},{"type":"Feature","properties":{"id":226642835,"highway":"residential","nombre":"Landako etorbidea","oneway":"yes","superficie":"asphalt"},"geometry":{"type":"LineString","coordinates":[[-2.63165,43.17166],[-2.63163,43.17166],[-2.63154,43.17166],[-2.63124,43.17165],[-2.6312,43.17165],[-2.63113,43.17165],[-2.6311,43.17165],[-2.63031,43.17164],[-2.63017,43.17164],[-2.63012,43.17164],[-2.63007,43.17164],[-2.62921,43.17163],[-2.62894,43.17163],[-2.62862,43.17163],[-2.62853,43.17163],[-2.6279,43.17162],[-2.62785,43.17162],[-2.62772,43.17162],[-2.62765,43.17161]]}},{"type":"Feature","properties":{"id":244238807,"highway":"path"},"geometry":{"type":"LineString","coordinates":[[-2.69235,43.15245],[-2.6923,43.15245],[-2.69225,43.15245],[-2.69218,43.15248],[-2.69214,43.15249],[-2.6921,43.1525],[-2.69203,43.15252],[-2.692,43.15252],[-2.69192,43.15253]]}},{"type":"Feature","properties":{"id":244238816,"highway":"path"},"geometry":{"type":"LineString","coordinates":[[-2.6943,43.15242],[-2.69427,43.15243],[-2.69423,43.15243],[-2.69419,43.15244],[-2.69416,43.15244],[-2.69412,43.15245],[-2.69408,43.15247],[-2.69405,43.15248],[-2.69401,43.15249],[-2.69398,43.1525],[-2.69394,43.15251],[-2.69391,43.15253],[-2.69388,43.15255],[-2.69385,43.15256],[-2.69381,43.15258],[-2.69378,43.15258],[-2.69374,43.15258],[-2.6937,43.15259],[-2.69366,43.15259],[-2.69362,43.15259],[-2.69358,43.15259],[-2.69355,43.15259],[-2.69351,43.15259],[-2.69347,43.15259],[-2.69343,43.15259],[-2.69339,43.15259],[-2.69335,43.15259],[-2.69331,43.15259],[-2.69327,43.15259],[-2.69323,43.15259],[-2.69319,43.15259],[-2.69315,43.15259],[-2.69312,43.15259],[-2.69308,43.15258],[-2.69304,43.15257],[-2.693,43.15256],[-2.69296,43.15255],[-2.69292,43.15254],[-2.69288,43.15254],[-2.69285,43.15254],[-2.69281,43.15254],[-2.69277,43.15253],[-2.69273,43.15252],[-2.69269,43.15251],[-2.69266,43.1525],[-2.69262,43.15249],[-2.69258,43.15248],[-2.69255,43.15247],[-2.69251,43.15246],[-2.69248,43.15245],[-2.69244,43.15245],[-2.6924,43.15245],[-2.69235,43.15245]]}},{"type":"Feature","properties":{"id":244238826,"highway":"path"},"geometry":{"type":"LineString","coordinates":[[-2.69113,43.15229],[-2.69122,43.15223],[-2.69138,43.15218],[-2.69157,43.15213],[-2.69171,43.15206],[-2.69179,43.15199],[-2.6919,43.15191],[-2.692,43.15183],[-2.69214,43.15177],[-2.69219,43.15172],[-2.69225,43.15168],[-2.69228,43.15162],[-2.69236,43.15157],[-2.69245,43.1515],[-2.69258,43.15143],[-2.69276,43.15137],[-2.69291,43.15128],[-2.69301,43.1512],[-2.69308,43.15116],[-2.69322,43.1511],[-2.69335,43.15105],[-2.69343,43.15101],[-2.69354,43.15091],[-2.69362,43.15087],[-2.6937,43.15085],[-2.69377,43.15083]]}},{"type":"Feature","properties":{"id":244238827,"highway":"track"},"geometry":{"type":"LineString","coordinates":[[-2.69066,43.15228],[-2.69058,43.15235],[-2.69047,43.15242],[-2.69032,43.15251],[-2.69027,43.15255],[-2.69021,43.1526],[-2.69017,43.15265],[-2.69015,43.15269],[-2.69011,43.15273],[-2.6901,43.15277],[-2.69008,43.15281],[-2.69007,43.15284],[-2.69005,43.15287],[-2.69004,43.15289],[-2.69003,43.15291],[-2.69001,43.15294],[-2.68997,43.15298],[-2.68993,43.15303],[-2.68988,43.15308],[-2.68983,43.15312],[-2.68982,43.15314],[-2.68981,43.15316],[-2.68981,43.15316],[-2.68981,43.15319],[-2.68981,43.15322],[-2.68982,43.15324],[-2.68982,43.15327],[-2.68983,43.1533],[-2.68986,43.15338],[-2.68987,43.15341],[-2.68988,43.15344],[-2.68988,43.15347],[-2.68987,43.15349],[-2.68987,43.15352],[-2.68986,43.15354],[-2.68983,43.1536]]}},{"type":"Feature","properties":{"id":244238830,"highway":"track"},"geometry":{"type":"LineString","coordinates":[[-2.69066,43.15228],[-2.69068,43.1523],[-2.69071,43.15232],[-2.69073,43.15233],[-2.69076,43.15233],[-2.69077,43.15234],[-2.6908,43.15235],[-2.6908,43.15235],[-2.69084,43.15235],[-2.69088,43.15235],[-2.69091,43.15235],[-2.69092,43.15235],[-2.69094,43.15234],[-2.69096,43.15234],[-2.69105,43.1523],[-2.69106,43.1523],[-2.69109,43.1523],[-2.69113,43.15229],[-2.69117,43.15229],[-2.69121,43.15229],[-2.69124,43.15229],[-2.69131,43.1523],[-2.69132,43.1523],[-2.69136,43.15232],[-2.69141,43.15234],[-2.69143,43.15235],[-2.69147,43.15237],[-2.69151,43.1524],[-2.69153,43.15243],[-2.69156,43.15245],[-2.69159,43.15246],[-2.69163,43.15246],[-2.6917,43.15246],[-2.69177,43.15247],[-2.69184,43.15249],[-2.69188,43.15252],[-2.69192,43.15253]]}},{"type":"Feature","properties":{"id":244238836,"highway":"path"},"geometry":{"type":"LineString","coordinates":[[-2.69553,43.15497],[-2.69545,43.15496],[-2.69526,43.15494],[-2.69512,43.1549],[-2.69507,43.15482],[-2.69506,43.15471],[-2.69503,43.15464],[-2.69504,43.15456],[-2.69505,43.15452],[-2.69501,43.15448],[-2.69497,43.15445],[-2.69492,43.15439],[-2.69489,43.15433],[-2.6949,43.15429],[-2.6949,43.15427],[-2.69489,43.15421],[-2.69487,43.15417],[-2.69486,43.15413],[-2.69483,43.1541],[-2.69481,43.15407],[-2.69478,43.15404],[-2.69471,43.15399],[-2.69465,43.15395],[-2.6946,43.15395],[-2.69454,43.15388],[-2.69446,43.15382],[-2.69442,43.15378],[-2.69438,43.15378],[-2.69435,43.15375],[-2.69434,43.15373],[-2.6943,43.15371],[-2.69427,43.1537],[-2.69423,43.15368],[-2.6942,43.15367],[-2.69417,43.15365],[-2.69414,43.15364],[-2.69411,43.15361],[-2.69409,43.15359],[-2.69403,43.15353],[-2.69397,43.15346],[-2.69395,43.15343],[-2.69392,43.15341],[-2.6939,43.15339],[-2.69387,43.15337],[-2.69384,43.15335],[-2.69381,43.15333],[-2.69378,43.15331],[-2.69375,43.15329],[-2.69372,43.15327],[-2.6937,43.15325],[-2.69368,43.15323],[-2.69366,43.1532],[-2.69364,43.15318],[-2.69362,43.15316],[-2.69359,43.15314],[-2.69356,43.15312],[-2.69353,43.1531],[-2.69349,43.15308],[-2.69347,43.15306],[-2.69344,43.15304],[-2.69341,43.15302],[-2.69339,43.153],[-2.69336,43.15298],[-2.69332,43.15297],[-2.69329,43.15295],[-2.69326,43.15293],[-2.69323,43.15292],[-2.6932,43.1529],[-2.69316,43.15289],[-2.69306,43.15284],[-2.69293,43.1528],[-2.69288,43.15278],[-2.69285,43.15277],[-2.69281,43.15276],[-2.69278,43.15275],[-2.69274,43.15274],[-2.69271,43.15273],[-2.69267,43.15272],[-2.69264,43.1527],[-2.69261,43.15268],[-2.69258,43.15267],[-2.69255,43.15265],[-2.69253,43.15262],[-2.69251,43.1526],[-2.69249,43.15258],[-2.69247,43.15255],[-2.69245,43.15253],[-2.69242,43.15251],[-2.6924,43.15249],[-2.69235,43.15245]]}},{"type":"Feature","properties":{"id":267058225,"highway":"footway"},"geometry":{"type":"LineString","coordinates":[[-2.63932,43.17055],[-2.63872,43.17016],[-2.63864,43.17011],[-2.63788,43.16962],[-2.6378,43.16957]]}},{"type":"Feature","properties":{"id":267058228,"highway":"pedestrian"},"geometry":{"type":"LineString","coordinates":[[-2.63512,43.16924],[-2.63515,43.16902]]}},{"type":"Feature","properties":{"id":267058230,"highway":"residential"},"geometry":{"type":"LineString","coordinates":[[-2.63541,43.16931],[-2.63595,43.16936],[-2.63598,43.16937],[-2.63675,43.16945],[-2.63676,43.16943],[-2.63676,43.16941],[-2.63681,43.16922],[-2.63684,43.16919],[-2.63686,43.16917]]}},{"type":"Feature","properties":{"id":267058231,"highway":"pedestrian"},"geometry":{"type":"LineString","coordinates":[[-2.63683,43.16944],[-2.63682,43.16946],[-2.63743,43.16953],[-2.63764,43.16955],[-2.63771,43.16956],[-2.6378,43.16957],[-2.6389,43.1697]]}},{"type":"Feature","properties":{"id":303154225,"highway":"residential","nombre":"Ziritza kalea"},"geometry":{"type":"LineString","coordinates":[[-2.64179,43.16741],[-2.64186,43.16739],[-2.64274,43.16748],[-2.64291,43.1675],[-2.64314,43.16762],[-2.64322,43.1677],[-2.64324,43.16773]]}},{"type":"Feature","properties":{"id":303157528,"highway":"service","nombre":"Momotxo auzoa"},"geometry":{"type":"LineString","coordinates":[[-2.63933,43.16477],[-2.63915,43.16482],[-2.63824,43.16529],[-2.63762,43.16534],[-2.63718,43.16538],[-2.6371,43.16539],[-2.63699,43.16554]]}},{"type":"Feature","properties":{"id":303157743,"highway":"service","nombre":"Momotxo auzoa"},"geometry":{"type":"LineString","coordinates":[[-2.6371,43.16539],[-2.63699,43.16531],[-2.63541,43.16465],[-2.63515,43.16451],[-2.63502,43.16438],[-2.63475,43.16394],[-2.63463,43.16362],[-2.63455,43.16325],[-2.63459,43.16314],[-2.63462,43.16307],[-2.63581,43.16229],[-2.63602,43.16218],[-2.63611,43.16218],[-2.63624,43.16227]]}},{"type":"Feature","properties":{"id":303312973,"highway":"footway"},"geometry":{"type":"LineString","coordinates":[[-2.62231,43.17063],[-2.62214,43.17085]]}},{"type":"Feature","properties":{"id":306425641,"highway":"service"},"geometry":{"type":"LineString","coordinates":[[-2.62314,43.1609],[-2.62347,43.16102],[-2.62365,43.16112],[-2.62395,43.16125],[-2.62426,43.16136]]}},{"type":"Feature","properties":{"id":306427776,"highway":"residential"},"geometry":{"type":"LineString","coordinates":[[-2.63562,43.1671],[-2.63562,43.16705],[-2.63563,43.16701],[-2.63562,43.16684],[-2.63561,43.16669],[-2.63556,43.16654],[-2.63549,43.16639],[-2.63541,43.16627],[-2.63536,43.1662]]}},{"type":"Feature","properties":{"id":306427970,"highway":"residential"},"geometry":{"type":"LineString","coordinates":[[-2.63524,43.16608],[-2.63518,43.16606],[-2.63488,43.16585]]}},{"type":"Feature","properties":{"id":306428004,"highway":"residential"},"geometry":{"type":"LineString","coordinates":[[-2.63613,43.16545],[-2.63603,43.16541],[-2.63596,43.1654],[-2.63591,43.16542],[-2.63535,43.16608]]}},{"type":"Feature","properties":{"id":306428097,"highway":"residential","oneway":"yes"},"geometry":{"type":"LineString","coordinates":[[-2.63521,43.16618],[-2.63517,43.16623],[-2.63506,43.16627],[-2.63492,43.16629],[-2.63467,43.16629],[-2.63448,43.16627],[-2.63434,43.16625],[-2.63398,43.16616],[-2.63362,43.16605],[-2.63344,43.166],[-2.63331,43.16595],[-2.63317,43.16588],[-2.63306,43.16579],[-2.63299,43.16573],[-2.63291,43.16567]]}},{"type":"Feature","properties":{"id":306428099,"highway":"residential","oneway":"yes"},"geometry":{"type":"LineString","coordinates":[[-2.63442,43.16564],[-2.63419,43.1657],[-2.63407,43.16574],[-2.63398,43.16579],[-2.63362,43.16605]]}},{"type":"Feature","properties":{"id":326817600,"highway":"footway"},"geometry":{"type":"LineString","coordinates":[[-2.64348,43.17132],[-2.64321,43.17129]]}},{"type":"Feature","properties":{"id":326817601,"highway":"service"},"geometry":{"type":"LineString","coordinates":[[-2.64271,43.17153],[-2.64273,43.1715],[-2.64274,43.17149],[-2.64276,43.17147],[-2.64297,43.17149]]}},{"type":"Feature","properties":{"id":326817603,"highway":"footway"},"geometry":{"type":"LineString","coordinates":[[-2.6431,43.17107],[-2.64283,43.17104],[-2.6427,43.17103],[-2.64244,43.17099]]}},{"type":"Feature","properties":{"id":326817604,"highway":"footway"},"geometry":{"type":"LineString","coordinates":[[-2.64285,43.17096],[-2.64283,43.17104],[-2.64279,43.17121],[-2.64274,43.17144]]}},{"type":"Feature","properties":{"id":326817605,"highway":"footway"},"geometry":{"type":"LineString","coordinates":[[-2.64301,43.17146],[-2.64274,43.17144],[-2.64267,43.17143],[-2.64262,43.17142],[-2.64235,43.17139]]}},{"type":"Feature","properties":{"id":326817606,"highway":"footway"},"geometry":{"type":"LineString","coordinates":[[-2.64262,43.17142],[-2.64266,43.17119],[-2.6427,43.17103],[-2.64272,43.17094]]}},{"type":"Feature","properties":{"id":326817607,"highway":"footway"},"geometry":{"type":"LineString","coordinates":[[-2.64266,43.17119],[-2.64279,43.17121]]}},{"type":"Feature","properties":{"id":326817609,"highway":"footway"},"geometry":{"type":"LineString","coordinates":[[-2.642,43.17126],[-2.64198,43.1712],[-2.64196,43.17117],[-2.64195,43.17114],[-2.64196,43.17109],[-2.64197,43.17105],[-2.64196,43.17101],[-2.64195,43.17098],[-2.64195,43.17096],[-2.64195,43.17092],[-2.64194,43.1709],[-2.64193,43.17087],[-2.64191,43.1708],[-2.64187,43.1706]]}},{"type":"Feature","properties":{"id":326817611,"highway":"footway"},"geometry":{"type":"LineString","coordinates":[[-2.64136,43.17108],[-2.64141,43.17085],[-2.64147,43.17057],[-2.64148,43.17053],[-2.64149,43.17047],[-2.6415,43.17042],[-2.64151,43.17038],[-2.64153,43.1703],[-2.64159,43.17002],[-2.64164,43.16977]]}},{"type":"Feature","properties":{"id":326817618,"highway":"footway"},"geometry":{"type":"LineString","coordinates":[[-2.6415,43.17042],[-2.64149,43.1704],[-2.64146,43.17039],[-2.64143,43.17039],[-2.64139,43.17039],[-2.64137,43.1704],[-2.64132,43.1704],[-2.64099,43.17036],[-2.64075,43.17033],[-2.64072,43.17033],[-2.64059,43.17031],[-2.64052,43.1703],[-2.64046,43.1703],[-2.6402,43.17027],[-2.64008,43.17025],[-2.63984,43.17022],[-2.63971,43.17021]]}},{"type":"Feature","properties":{"id":326817619,"highway":"pedestrian","nombre":"Askatasun etorbidea"},"geometry":{"type":"LineString","coordinates":[[-2.64137,43.1704],[-2.64142,43.17032],[-2.64144,43.17023],[-2.64154,43.16976],[-2.64154,43.16974],[-2.64147,43.16973]]}},{"type":"Feature","properties":{"id":326817620,"highway":"footway"},"geometry":{"type":"LineString","coordinates":[[-2.64148,43.17053],[-2.64145,43.17054],[-2.64143,43.17054],[-2.64141,43.17054],[-2.64138,43.17054],[-2.64135,43.17053],[-2.64133,43.17052],[-2.6413,43.17051],[-2.64097,43.17047],[-2.64059,43.17043],[-2.64055,43.17045],[-2.6405,43.17045],[-2.64045,43.17043],[-2.64041,43.17041],[-2.64006,43.17037],[-2.63969,43.17032],[-2.63963,43.17032]]}},{"type":"Feature","properties":{"id":326817621,"highway":"footway"},"geometry":{"type":"LineString","coordinates":[[-2.64099,43.17036],[-2.64097,43.17047]]}},{"type":"Feature","properties":{"id":326817622,"highway":"footway"},"geometry":{"type":"LineString","coordinates":[[-2.64137,43.1704],[-2.64133,43.17042],[-2.64132,43.17043],[-2.64131,43.17046],[-2.64131,43.17048],[-2.64132,43.1705],[-2.64133,43.17052]]}},{"type":"Feature","properties":{"id":326817624,"highway":"footway"},"geometry":{"type":"LineString","coordinates":[[-2.64006,43.17037],[-2.64008,43.17025]]}},{"type":"Feature","properties":{"id":326817625,"highway":"footway"},"geometry":{"type":"LineString","coordinates":[[-2.64133,43.17052],[-2.64127,43.17082],[-2.64122,43.17104],[-2.64122,43.17105]]}},{"type":"Feature","properties":{"id":326817626,"highway":"footway"},"geometry":{"type":"LineString","coordinates":[[-2.64059,43.17043],[-2.64055,43.17066],[-2.64051,43.17086]]}},{"type":"Feature","properties":{"id":326817627,"highway":"footway"},"geometry":{"type":"LineString","coordinates":[[-2.64041,43.17041],[-2.64037,43.17064],[-2.64034,43.17082]]}},{"type":"Feature","properties":{"id":326817628,"highway":"footway"},"geometry":{"type":"LineString","coordinates":[[-2.64055,43.17066],[-2.64037,43.17064]]}},{"type":"Feature","properties":{"id":326817634,"highway":"service"},"geometry":{"type":"LineString","coordinates":[[-2.6434,43.17016],[-2.64328,43.17017],[-2.64324,43.1702],[-2.6432,43.17036]]}},{"type":"Feature","properties":{"id":326817635,"highway":"service"},"geometry":{"type":"LineString","coordinates":[[-2.64319,43.17046],[-2.64315,43.1706],[-2.64317,43.17063],[-2.64328,43.17065]]}},{"type":"Feature","properties":{"id":326817640,"highway":"footway"},"geometry":{"type":"LineString","coordinates":[[-2.64336,43.16992],[-2.64337,43.16989],[-2.64332,43.16988],[-2.64334,43.16975],[-2.64332,43.1697],[-2.64325,43.16961],[-2.64314,43.16943],[-2.6431,43.16935],[-2.64305,43.16922],[-2.64301,43.16908],[-2.64299,43.16893],[-2.64302,43.16891],[-2.64305,43.1689],[-2.64312,43.1689],[-2.64322,43.16889],[-2.64335,43.16888],[-2.64342,43.16888],[-2.64347,43.1689],[-2.64351,43.16893],[-2.64357,43.16901],[-2.64362,43.16908],[-2.6438,43.16925],[-2.64386,43.16928],[-2.6439,43.16928],[-2.64396,43.16927],[-2.64416,43.16921],[-2.64424,43.1692],[-2.64431,43.1692],[-2.6444,43.16921],[-2.64447,43.16924],[-2.64453,43.16928],[-2.64458,43.16933],[-2.64461,43.16941],[-2.64464,43.16947],[-2.64471,43.16958],[-2.64479,43.16967],[-2.64479,43.16971],[-2.6448,43.16975],[-2.6448,43.16979],[-2.64477,43.16981],[-2.64474,43.16983],[-2.64457,43.16988],[-2.64445,43.16995],[-2.64438,43.17],[-2.64434,43.17006],[-2.64429,43.17009],[-2.64426,43.17011],[-2.64415,43.17019]]}},{"type":"Feature","properties":{"id":326817645,"highway":"residential","oneway":"yes"},"geometry":{"type":"LineString","coordinates":[[-2.64076,43.16875],[-2.64064,43.16872]]}},{"type":"Feature","properties":{"id":326817646,"highway":"service","nombre":"San Roke"},"geometry":{"type":"LineString","coordinates":[[-2.64707,43.16705],[-2.64715,43.16703]]}},{"type":"Feature","properties":{"id":326817647,"highway":"residential","oneway":"yes"},"geometry":{"type":"LineString","coordinates":[[-2.64099,43.16875],[-2.64093,43.16873],[-2.64089,43.16871],[-2.64085,43.16869],[-2.64082,43.16865],[-2.64081,43.16863],[-2.64079,43.16859]]}},{"type":"Feature","properties":{"id":326817648,"highway":"pedestrian"},"geometry":{"type":"LineString","coordinates":[[-2.64196,43.16893],[-2.64184,43.16959]]}},{"type":"Feature","properties":{"id":334606405,"highway":"residential","nombre":"Sanrokebide kalea","oneway":"yes"},"geometry":{"type":"LineString","coordinates":[[-2.64276,43.16905],[-2.64274,43.169],[-2.6427,43.16895],[-2.64265,43.16893],[-2.64255,43.16891],[-2.64197,43.16885],[-2.6415,43.16881]]}},{"type":"Feature","properties":{"id":334606408,"highway":"secondary","oneway":"yes"},"geometry":{"type":"LineString","coordinates":[[-2.64076,43.16875],[-2.64079,43.16859],[-2.64079,43.16851]]}},{"type":"Feature","properties":{"id":337189495,"highway":"track"},"geometry":{"type":"LineString","coordinates":[[-2.66302,43.15636],[-2.66298,43.15616],[-2.6629,43.15601],[-2.6628,43.1558],[-2.66268,43.15558],[-2.66269,43.1555],[-2.66276,43.15532],[-2.66296,43.15515],[-2.66305,43.15505],[-2.66306,43.155],[-2.66306,43.15491],[-2.66308,43.1548],[-2.66313,43.15472],[-2.66329,43.15461],[-2.66336,43.15449],[-2.66338,43.15437],[-2.66336,43.15426],[-2.66331,43.15411],[-2.66326,43.15398],[-2.66316,43.15387],[-2.66304,43.15383],[-2.66277,43.1538],[-2.66256,43.15377],[-2.66237,43.1537],[-2.66221,43.15361],[-2.66211,43.15353],[-2.66202,43.15339],[-2.66195,43.15322],[-2.66192,43.1531],[-2.66186,43.15304],[-2.66175,43.15303],[-2.66127,43.15307],[-2.66085,43.15309],[-2.66049,43.15308],[-2.66014,43.15306],[-2.65982,43.153],[-2.65961,43.15294],[-2.65935,43.15281],[-2.65905,43.1526],[-2.65889,43.15246],[-2.65879,43.1523],[-2.65875,43.15221],[-2.65865,43.1521],[-2.65842,43.15195],[-2.65824,43.15185],[-2.65807,43.15178]]}},{"type":"Feature","properties":{"id":337189507,"highway":"track"},"geometry":{"type":"LineString","coordinates":[[-2.66726,43.15155],[-2.66731,43.15173],[-2.66727,43.15186],[-2.66705,43.15192],[-2.66676,43.15198],[-2.66643,43.15207],[-2.6663,43.15212],[-2.66616,43.1522],[-2.66613,43.15229],[-2.66616,43.15243],[-2.66616,43.15256],[-2.6662,43.15273],[-2.66619,43.15285],[-2.66613,43.15292],[-2.66601,43.15295],[-2.66576,43.153],[-2.66556,43.15302],[-2.66545,43.15309],[-2.66547,43.15321],[-2.66569,43.1534],[-2.66593,43.15364],[-2.66632,43.1544],[-2.66664,43.15483],[-2.66667,43.15494],[-2.66656,43.15506],[-2.66626,43.15507],[-2.66555,43.15519],[-2.66489,43.15529],[-2.66443,43.1554],[-2.66385,43.15555],[-2.66363,43.15564],[-2.66343,43.1557],[-2.66316,43.15583],[-2.66307,43.15599],[-2.66304,43.15619],[-2.66302,43.15636]]}},{"type":"Feature","properties":{"id":342690881,"highway":"track"},"geometry":{"type":"LineString","coordinates":[[-2.69174,43.15737],[-2.69159,43.15734],[-2.69153,43.15733],[-2.69129,43.15726],[-2.69112,43.15722],[-2.69099,43.15721],[-2.69068,43.1572],[-2.69047,43.15719],[-2.6903,43.15718],[-2.69008,43.15712],[-2.68972,43.15703],[-2.68926,43.15694],[-2.68913,43.15693],[-2.68898,43.15692],[-2.68889,43.15692],[-2.68876,43.1569],[-2.68866,43.15688],[-2.68855,43.15687],[-2.68837,43.15688],[-2.68796,43.15696],[-2.68765,43.15702],[-2.68739,43.1571],[-2.6872,43.15721],[-2.68715,43.15733],[-2.68714,43.15735],[-2.68712,43.15747],[-2.68716,43.15766],[-2.6872,43.15781],[-2.68722,43.15797],[-2.68723,43.15814],[-2.68721,43.1583],[-2.68717,43.1584],[-2.68713,43.1585],[-2.68703,43.1586],[-2.68688,43.1587],[-2.68673,43.15878],[-2.68654,43.15885],[-2.68638,43.15891],[-2.68624,43.15896],[-2.68612,43.15899],[-2.68596,43.15899],[-2.68572,43.159],[-2.68556,43.15902],[-2.68525,43.15908],[-2.68477,43.15917],[-2.68447,43.15923],[-2.68431,43.15927],[-2.68414,43.15935],[-2.68406,43.15942],[-2.68401,43.15949],[-2.68399,43.15958],[-2.68405,43.15971],[-2.68408,43.15979],[-2.68411,43.15986],[-2.68412,43.15996],[-2.68412,43.16007],[-2.68407,43.16017],[-2.68401,43.16024],[-2.68389,43.16034],[-2.68366,43.16051],[-2.68355,43.16057],[-2.68347,43.16062],[-2.68329,43.16067],[-2.68308,43.16074],[-2.68295,43.16079],[-2.68279,43.16088],[-2.68269,43.16092],[-2.68254,43.16098],[-2.68236,43.16104],[-2.6822,43.1611],[-2.68192,43.16124],[-2.68183,43.16129],[-2.6817,43.16144],[-2.68164,43.1615],[-2.68146,43.1616],[-2.68115,43.16178],[-2.68081,43.16201],[-2.68061,43.1621],[-2.6804,43.16216],[-2.68014,43.1622],[-2.67996,43.16227],[-2.67975,43.16238],[-2.67904,43.16286],[-2.67884,43.16298],[-2.67866,43.1631],[-2.67785,43.16366],[-2.67759,43.16379],[-2.67745,43.16384],[-2.6773,43.16387],[-2.67706,43.16392],[-2.67682,43.16396],[-2.67603,43.16421],[-2.67578,43.16433],[-2.67536,43.16461],[-2.67534,43.16468],[-2.67534,43.16471],[-2.67531,43.1653],[-2.67521,43.16562],[-2.67517,43.16579],[-2.67516,43.16597],[-2.67524,43.1665],[-2.67525,43.16661],[-2.67527,43.16676],[-2.67521,43.16694],[-2.67506,43.16728],[-2.67499,43.16747],[-2.67501,43.16762],[-2.67508,43.1677],[-2.6754,43.16793],[-2.67546,43.16799],[-2.67549,43.16806],[-2.67548,43.16812],[-2.67547,43.16819],[-2.67542,43.16827],[-2.6746,43.16898],[-2.67444,43.16919],[-2.67433,43.16942],[-2.67425,43.16958],[-2.67412,43.16965]]}},{"type":"Feature","properties":{"id":342693861,"highway":"track"},"geometry":{"type":"LineString","coordinates":[[-2.67425,43.16958],[-2.67447,43.16955],[-2.67471,43.16944],[-2.67495,43.16935],[-2.67518,43.16928],[-2.67556,43.16921],[-2.67592,43.16915],[-2.67614,43.16908],[-2.67631,43.16898],[-2.67654,43.16881],[-2.67664,43.16871],[-2.67687,43.16857],[-2.67728,43.16835],[-2.67743,43.16826],[-2.67757,43.16823],[-2.67788,43.16819],[-2.67801,43.16816],[-2.67818,43.16807],[-2.67849,43.16784],[-2.67862,43.16772],[-2.67869,43.16762],[-2.67877,43.16746],[-2.6789,43.16736],[-2.67909,43.16734],[-2.67934,43.16733],[-2.67957,43.1673],[-2.67985,43.16724],[-2.68036,43.16718],[-2.68054,43.16717],[-2.68075,43.16716],[-2.68088,43.1671],[-2.68095,43.16703],[-2.68108,43.16673],[-2.68117,43.16653],[-2.68127,43.16618],[-2.68134,43.16602],[-2.68141,43.16589],[-2.68149,43.16581],[-2.68165,43.16572],[-2.68184,43.16563],[-2.68199,43.16564],[-2.68218,43.1657],[-2.68225,43.16574],[-2.68238,43.16574],[-2.68258,43.1657],[-2.68273,43.16553],[-2.68288,43.16535],[-2.68303,43.16519],[-2.68311,43.16505],[-2.6832,43.16494],[-2.68332,43.1648],[-2.68333,43.16472],[-2.68333,43.16463],[-2.68331,43.16447],[-2.68333,43.16437],[-2.68341,43.1643],[-2.68372,43.16418],[-2.68391,43.16414],[-2.68405,43.16407],[-2.68415,43.16398],[-2.68434,43.16377],[-2.68449,43.16366],[-2.68454,43.16365],[-2.68457,43.16364],[-2.68464,43.16365],[-2.68467,43.16379],[-2.68468,43.16416],[-2.68485,43.16458],[-2.68493,43.16468],[-2.68506,43.16482],[-2.68526,43.16497],[-2.68533,43.16511],[-2.68527,43.16534],[-2.68535,43.16557],[-2.68569,43.16584],[-2.68583,43.16592],[-2.68598,43.16603],[-2.68612,43.16631],[-2.68623,43.16654],[-2.68633,43.16672],[-2.68636,43.16679],[-2.68653,43.16685],[-2.68669,43.16684],[-2.68678,43.16676],[-2.68684,43.16667],[-2.68688,43.16655]]}},{"type":"Feature","properties":{"id":355528940,"highway":"path"},"geometry":{"type":"LineString","coordinates":[[-2.6872,43.15721],[-2.68718,43.15716],[-2.68716,43.15706],[-2.68715,43.15702],[-2.68717,43.15693],[-2.6872,43.15688],[-2.68724,43.15684],[-2.68722,43.15675],[-2.68725,43.15665],[-2.6873,43.15656],[-2.68737,43.15645],[-2.68743,43.15632],[-2.68743,43.15624],[-2.68736,43.15615],[-2.68735,43.15608],[-2.68728,43.15597],[-2.6873,43.15588],[-2.68726,43.15576],[-2.68709,43.15553],[-2.68701,43.15535],[-2.68687,43.15529],[-2.68671,43.1552],[-2.68669,43.15513],[-2.68689,43.15507],[-2.68705,43.15502],[-2.68716,43.15489],[-2.68732,43.1548],[-2.68745,43.1547],[-2.68751,43.1546],[-2.6876,43.15445],[-2.68778,43.1542],[-2.68788,43.1541],[-2.68791,43.15402],[-2.68793,43.15387],[-2.6881,43.15369],[-2.68813,43.15361],[-2.68828,43.15352],[-2.68846,43.15339],[-2.68849,43.1533],[-2.68851,43.15323],[-2.68851,43.15313],[-2.68855,43.15303],[-2.68857,43.15294],[-2.68855,43.15291],[-2.68855,43.15288],[-2.68847,43.1528],[-2.68841,43.15274],[-2.6884,43.15264],[-2.68829,43.15258]]}},{"type":"Feature","properties":{"id":355529065,"highway":"path"},"geometry":{"type":"LineString","coordinates":[[-2.68846,43.15339],[-2.6884,43.15352],[-2.68843,43.15358],[-2.68843,43.15373],[-2.68846,43.15383],[-2.6885,43.15395],[-2.6885,43.15408],[-2.68849,43.15418],[-2.6885,43.15426],[-2.68848,43.15437],[-2.68844,43.15446],[-2.68845,43.15457],[-2.68843,43.15465],[-2.68847,43.15474],[-2.68853,43.15478],[-2.68869,43.15493],[-2.6887,43.15499],[-2.68877,43.15506],[-2.68882,43.15508],[-2.68888,43.15509],[-2.68898,43.15514],[-2.6891,43.15515],[-2.68918,43.15518],[-2.68928,43.15519],[-2.68938,43.15521],[-2.68944,43.15526],[-2.6895,43.15528],[-2.68959,43.15527],[-2.68974,43.1553],[-2.68995,43.1554],[-2.69003,43.15546],[-2.69011,43.1555],[-2.6902,43.15555],[-2.69026,43.1556],[-2.69021,43.15563],[-2.69016,43.15564],[-2.69025,43.15569],[-2.6904,43.15578],[-2.69051,43.15583],[-2.69069,43.15595],[-2.69079,43.15603],[-2.69081,43.15611],[-2.69095,43.15622],[-2.69107,43.15637],[-2.69109,43.15653],[-2.69108,43.1566],[-2.69107,43.15668],[-2.69111,43.15674],[-2.69117,43.15682],[-2.69129,43.15692],[-2.69143,43.15705],[-2.69153,43.1572],[-2.69159,43.15728],[-2.69159,43.15734]]}},{"type":"Feature","properties":{"id":355529066,"highway":"path"},"geometry":{"type":"LineString","coordinates":[[-2.68941,43.15183],[-2.68949,43.15187],[-2.68961,43.15189],[-2.68975,43.15196],[-2.68985,43.15204],[-2.69002,43.1521],[-2.69014,43.15218],[-2.69023,43.15229],[-2.69018,43.1524],[-2.69014,43.15248],[-2.69008,43.15256],[-2.69005,43.15264],[-2.69006,43.15275],[-2.68997,43.15279],[-2.68979,43.15287],[-2.68956,43.15291],[-2.68934,43.15296],[-2.68901,43.15307],[-2.68868,43.15311],[-2.68857,43.15316],[-2.68851,43.15323]]}},{"type":"Feature","properties":{"id":355529409,"highway":"track"},"geometry":{"type":"LineString","coordinates":[[-2.69198,43.15872],[-2.69166,43.15863],[-2.69153,43.15851],[-2.69128,43.15846],[-2.69116,43.15842],[-2.69101,43.15837],[-2.69084,43.15822],[-2.69081,43.1581],[-2.69076,43.15789],[-2.69058,43.15767],[-2.69048,43.15766],[-2.69022,43.15764],[-2.68988,43.15745],[-2.68963,43.1573],[-2.68937,43.15703],[-2.68926,43.15694]]}},{"type":"Feature","properties":{"id":355529410,"highway":"track"},"geometry":{"type":"LineString","coordinates":[[-2.69116,43.15842],[-2.69136,43.15856],[-2.69145,43.15881],[-2.69151,43.15897],[-2.69151,43.15903],[-2.6917,43.15931],[-2.6917,43.15952],[-2.6918,43.1594],[-2.69183,43.15936],[-2.69196,43.15905],[-2.69211,43.15892],[-2.69236,43.15884]]}},{"type":"Feature","properties":{"id":355529412,"highway":"path"},"geometry":{"type":"LineString","coordinates":[[-2.6914,43.16084],[-2.69115,43.16107],[-2.69088,43.16119],[-2.69075,43.16127],[-2.69054,43.16148],[-2.69035,43.16158],[-2.69021,43.1617],[-2.69018,43.16185],[-2.69028,43.16207],[-2.69037,43.16222]]}},{"type":"Feature","properties":{"id":355529413,"highway":"track"},"geometry":{"type":"LineString","coordinates":[[-2.6917,43.15952],[-2.6914,43.15986],[-2.69109,43.16022],[-2.69129,43.16078],[-2.6914,43.16084],[-2.69145,43.16087],[-2.6918,43.1609],[-2.6922,43.16092],[-2.69251,43.16086],[-2.69257,43.16078],[-2.69244,43.16055],[-2.69178,43.15974],[-2.69183,43.15965],[-2.6918,43.1594]]}},{"type":"Feature","properties":{"id":355529415,"highway":"path"},"geometry":{"type":"LineString","coordinates":[[-2.69143,43.15808],[-2.69139,43.15814],[-2.69126,43.15815],[-2.69117,43.15813],[-2.69088,43.15813],[-2.69081,43.1581]]}},{"type":"Feature","properties":{"id":355529416,"highway":"track"},"geometry":{"type":"LineString","coordinates":[[-2.69159,43.15734],[-2.69165,43.15742],[-2.69177,43.15746],[-2.69213,43.15758],[-2.69247,43.15775],[-2.69303,43.15804],[-2.69336,43.15821],[-2.6934,43.15832],[-2.69325,43.15846],[-2.69295,43.1586],[-2.69256,43.15873],[-2.69236,43.15884],[-2.69198,43.15872],[-2.69183,43.15857],[-2.69178,43.15833],[-2.69171,43.15821],[-2.69143,43.15808],[-2.69142,43.15804],[-2.69169,43.15792],[-2.69183,43.15778],[-2.69196,43.15771],[-2.69177,43.15746]]}},{"type":"Feature","properties":{"id":355529915,"highway":"track"},"geometry":{"type":"LineString","coordinates":[[-2.67692,43.15669],[-2.6766,43.1568],[-2.67639,43.15688],[-2.67632,43.15693],[-2.67631,43.15698],[-2.67634,43.15704],[-2.67643,43.15718]]}},{"type":"Feature","properties":{"id":355530013,"highway":"track"},"geometry":{"type":"LineString","coordinates":[[-2.65889,43.15246],[-2.65903,43.15275],[-2.65929,43.15309],[-2.65951,43.15343]]}},{"type":"Feature","properties":{"id":355530425,"highway":"path"},"geometry":{"type":"LineString","coordinates":[[-2.6531,43.15393],[-2.6533,43.15381],[-2.65362,43.15364],[-2.6541,43.15337],[-2.65451,43.15302],[-2.65475,43.15276],[-2.65501,43.15259],[-2.65531,43.15237],[-2.65562,43.15221],[-2.65584,43.15201],[-2.65597,43.15181],[-2.65602,43.15164]]}},{"type":"Feature","properties":{"id":370549367,"highway":"residential","nombre":"Astolabide kalea","superficie":"asphalt"},"geometry":{"type":"LineString","coordinates":[[-2.61771,43.16357],[-2.61776,43.1636],[-2.61783,43.16362],[-2.6179,43.16362],[-2.61797,43.16361],[-2.61802,43.16358],[-2.61806,43.16354],[-2.61807,43.16349],[-2.61807,43.16348],[-2.61807,43.16345],[-2.61805,43.1634],[-2.61801,43.16336],[-2.61798,43.16335],[-2.61795,43.16334],[-2.61789,43.16333],[-2.61784,43.16333],[-2.61782,43.16333],[-2.61776,43.16335],[-2.61771,43.16338],[-2.6177,43.1634],[-2.61768,43.16343],[-2.61766,43.16348],[-2.61768,43.16353],[-2.61771,43.16357]]}},{"type":"Feature","properties":{"id":370549368,"highway":"service","oneway":"yes","superficie":"asphalt"},"geometry":{"type":"LineString","coordinates":[[-2.62057,43.16465],[-2.62063,43.16455],[-2.62066,43.16441],[-2.62067,43.16424],[-2.62065,43.1641],[-2.62062,43.16395],[-2.62058,43.16382],[-2.6205,43.16368],[-2.62044,43.16355],[-2.62035,43.16343],[-2.62026,43.16332]]}},{"type":"Feature","properties":{"id":370549369,"highway":"service","oneway":"yes","superficie":"asphalt"},"geometry":{"type":"LineString","coordinates":[[-2.61918,43.16312],[-2.61913,43.16314],[-2.61922,43.16327],[-2.61932,43.1634],[-2.61941,43.16352],[-2.6195,43.16363],[-2.61959,43.16375],[-2.61968,43.16386],[-2.61977,43.16398],[-2.61987,43.16411],[-2.61996,43.16422],[-2.62005,43.16434],[-2.62014,43.16445],[-2.62023,43.16458],[-2.62033,43.16471]]}},{"type":"Feature","properties":{"id":370549370,"highway":"service","oneway":"yes","superficie":"asphalt"},"geometry":{"type":"LineString","coordinates":[[-2.62014,43.16445],[-2.62067,43.16424]]}},{"type":"Feature","properties":{"id":370549371,"highway":"service","oneway":"yes","superficie":"asphalt"},"geometry":{"type":"LineString","coordinates":[[-2.62026,43.16332],[-2.6195,43.16363]]}},{"type":"Feature","properties":{"id":370549372,"highway":"service","oneway":"yes","superficie":"asphalt"},"geometry":{"type":"LineString","coordinates":[[-2.62065,43.1641],[-2.62005,43.16434]]}},{"type":"Feature","properties":{"id":370549373,"highway":"service","oneway":"yes","superficie":"asphalt"},"geometry":{"type":"LineString","coordinates":[[-2.61941,43.16352],[-2.62016,43.16321]]}},{"type":"Feature","properties":{"id":370549374,"highway":"service","oneway":"yes","superficie":"asphalt"},"geometry":{"type":"LineString","coordinates":[[-2.61996,43.16422],[-2.62062,43.16395]]}},{"type":"Feature","properties":{"id":370549375,"highway":"service","oneway":"yes","superficie":"asphalt"},"geometry":{"type":"LineString","coordinates":[[-2.62044,43.16355],[-2.61968,43.16386]]}},{"type":"Feature","properties":{"id":370549376,"highway":"unclassified"},"geometry":{"type":"LineString","coordinates":[[-2.61907,43.16299],[-2.61918,43.16312]]}},{"type":"Feature","properties":{"id":370549377,"highway":"service","oneway":"yes","superficie":"asphalt"},"geometry":{"type":"LineString","coordinates":[[-2.61959,43.16375],[-2.62035,43.16343]]}},{"type":"Feature","properties":{"id":370549378,"highway":"service","oneway":"yes","superficie":"asphalt"},"geometry":{"type":"LineString","coordinates":[[-2.62008,43.16309],[-2.61932,43.1634]]}},{"type":"Feature","properties":{"id":370549379,"highway":"service","oneway":"yes","superficie":"asphalt"},"geometry":{"type":"LineString","coordinates":[[-2.62058,43.16382],[-2.61987,43.16411]]}},{"type":"Feature","properties":{"id":370549380,"highway":"service","oneway":"yes","superficie":"asphalt"},"geometry":{"type":"LineString","coordinates":[[-2.61977,43.16398],[-2.6205,43.16368]]}},{"type":"Feature","properties":{"id":370549381,"highway":"service","oneway":"yes","superficie":"asphalt"},"geometry":{"type":"LineString","coordinates":[[-2.61922,43.16327],[-2.61989,43.163]]}},{"type":"Feature","properties":{"id":370549382,"highway":"service","oneway":"yes","superficie":"asphalt"},"geometry":{"type":"LineString","coordinates":[[-2.62066,43.16441],[-2.62023,43.16458]]}},{"type":"Feature","properties":{"id":370549383,"highway":"service","oneway":"yes","superficie":"asphalt"},"geometry":{"type":"LineString","coordinates":[[-2.62048,43.16474],[-2.62064,43.16475],[-2.62072,43.16477],[-2.62078,43.16479],[-2.62082,43.16481]]}},{"type":"Feature","properties":{"id":370549384,"highway":"service","superficie":"asphalt"},"geometry":{"type":"LineString","coordinates":[[-2.62035,43.16476],[-2.62023,43.16482],[-2.62007,43.16488],[-2.62,43.16496],[-2.61997,43.16513]]}},{"type":"Feature","properties":{"id":370549385,"highway":"service","oneway":"yes","superficie":"asphalt"},"geometry":{"type":"LineString","coordinates":[[-2.62035,43.16476],[-2.62041,43.16476],[-2.62048,43.16474],[-2.62052,43.16471],[-2.62057,43.16465]]}},{"type":"Feature","properties":{"id":370549386,"highway":"service","oneway":"yes","superficie":"asphalt"},"geometry":{"type":"LineString","coordinates":[[-2.62026,43.16332],[-2.62016,43.16321],[-2.62008,43.16309],[-2.61989,43.163],[-2.61976,43.16296],[-2.61964,43.16295],[-2.61953,43.16298],[-2.61918,43.16312]]}},{"type":"Feature","properties":{"id":370549387,"highway":"service","oneway":"yes","superficie":"asphalt"},"geometry":{"type":"LineString","coordinates":[[-2.62084,43.16468],[-2.62077,43.16471],[-2.62072,43.16472],[-2.62066,43.16471],[-2.62059,43.16468],[-2.62057,43.16465],[-2.62052,43.16463],[-2.62047,43.16464],[-2.62033,43.16471]]}},{"type":"Feature","properties":{"id":370552673,"highway":"residential","nombre":"Ebanisto Bustintza 'Kirikiño'","oneway":"yes"},"geometry":{"type":"LineString","coordinates":[[-2.6207,43.16717],[-2.62069,43.1672],[-2.62069,43.16723],[-2.6207,43.16726],[-2.62073,43.16727],[-2.62077,43.16728],[-2.6208,43.16728],[-2.62083,43.16727],[-2.62085,43.16726],[-2.62087,43.16724],[-2.62087,43.1672],[-2.62085,43.16717],[-2.62081,43.16715],[-2.62077,43.16715],[-2.62073,43.16715],[-2.6207,43.16717]]}},{"type":"Feature","properties":{"id":370552675,"highway":"residential","nombre":"Zirarmendieta kalea","oneway":"yes"},"geometry":{"type":"LineString","coordinates":[[-2.62064,43.16766],[-2.62082,43.16768],[-2.62087,43.1677]]}},{"type":"Feature","properties":{"id":370552678,"highway":"residential","nombre":"Ebaristo Bustintza Kirikiño kalea","oneway":"yes"},"geometry":{"type":"LineString","coordinates":[[-2.62305,43.16813],[-2.62289,43.1681],[-2.62195,43.16789],[-2.62109,43.16771],[-2.62104,43.1677],[-2.62099,43.16772],[-2.62095,43.16773],[-2.62091,43.16777]]}},{"type":"Feature","properties":{"id":370552679,"highway":"residential","nombre":"Astolabide kalea"},"geometry":{"type":"LineString","coordinates":[[-2.62047,43.16716],[-2.62069,43.1672]]}},{"type":"Feature","properties":{"id":370552680,"highway":"residential","nombre":"Zirarmendieta kalea"},"geometry":{"type":"LineString","coordinates":[[-2.62064,43.16766],[-2.62065,43.16762],[-2.62076,43.16732],[-2.62077,43.16728]]}},{"type":"Feature","properties":{"id":370552681,"highway":"unclassified","nombre":"Astolabide kalea","oneway":"yes"},"geometry":{"type":"LineString","coordinates":[[-2.62018,43.16627],[-2.62011,43.1663],[-2.62003,43.16632],[-2.61997,43.16632],[-2.61993,43.16631],[-2.61946,43.16607],[-2.61919,43.16586],[-2.61904,43.16568],[-2.61899,43.1656],[-2.61891,43.16548],[-2.6189,43.16546],[-2.61879,43.16526],[-2.61877,43.16516],[-2.61884,43.16504],[-2.61895,43.16498],[-2.61911,43.16489]]}},{"type":"Feature","properties":{"id":370552683,"highway":"service"},"geometry":{"type":"LineString","coordinates":[[-2.61911,43.16489],[-2.61919,43.16477]]}},{"type":"Feature","properties":{"id":370552684,"highway":"service","superficie":"asphalt"},"geometry":{"type":"LineString","coordinates":[[-2.62065,43.16762],[-2.62047,43.16758]]}},{"type":"Feature","properties":{"id":370552686,"highway":"residential"},"geometry":{"type":"LineString","coordinates":[[-2.62049,43.16801],[-2.62064,43.16766]]}},{"type":"Feature","properties":{"id":370552687,"highway":"service","oneway":"yes","superficie":"asphalt"},"geometry":{"type":"LineString","coordinates":[[-2.62033,43.16471],[-2.62035,43.16476]]}},{"type":"Feature","properties":{"id":370552689,"highway":"service"},"geometry":{"type":"LineString","coordinates":[[-2.62,43.16496],[-2.61934,43.1648],[-2.61919,43.16477]]}},{"type":"Feature","properties":{"id":370552690,"highway":"service","oneway":"yes","superficie":"asphalt"},"geometry":{"type":"LineString","coordinates":[[-2.62047,43.16758],[-2.62055,43.16735],[-2.62037,43.1673],[-2.62027,43.16755],[-2.62047,43.16758]]}},{"type":"Feature","properties":{"id":370552691,"highway":"residential","nombre":"Astolabide kalea","oneway":"yes"},"geometry":{"type":"LineString","coordinates":[[-2.62047,43.16716],[-2.62033,43.16709],[-2.62029,43.16705],[-2.62026,43.16699],[-2.62026,43.16695]]}},{"type":"Feature","properties":{"id":370552693,"highway":"service"},"geometry":{"type":"LineString","coordinates":[[-2.61919,43.16477],[-2.61906,43.16469],[-2.61893,43.1646],[-2.61886,43.16452],[-2.61873,43.16436],[-2.61821,43.16367],[-2.61823,43.16361],[-2.61827,43.1635],[-2.61913,43.16314]]}},{"type":"Feature","properties":{"id":375234893,"highway":"unclassified"},"geometry":{"type":"LineString","coordinates":[[-2.63266,43.15505],[-2.63279,43.1549]]}},{"type":"Feature","properties":{"id":375234895,"highway":"unclassified"},"geometry":{"type":"LineString","coordinates":[[-2.63333,43.15464],[-2.63345,43.1548],[-2.63361,43.15499],[-2.63375,43.15516],[-2.6339,43.15523],[-2.63409,43.15532],[-2.6342,43.15542],[-2.63425,43.15557],[-2.6343,43.15578],[-2.63436,43.15588],[-2.6345,43.15598],[-2.63485,43.15614],[-2.63515,43.15623]]}},{"type":"Feature","properties":{"id":396876675,"highway":"service"},"geometry":{"type":"LineString","coordinates":[[-2.63732,43.15647],[-2.63723,43.15652],[-2.63714,43.15652],[-2.63691,43.1565],[-2.63669,43.15648],[-2.63652,43.15644],[-2.63633,43.1564],[-2.63623,43.1564],[-2.63614,43.1564],[-2.63597,43.15649],[-2.63697,43.1569],[-2.63709,43.15672],[-2.63713,43.15667],[-2.63714,43.15664],[-2.63721,43.15659],[-2.6373,43.15655],[-2.63732,43.15652],[-2.63732,43.15647]]}},{"type":"Feature","properties":{"id":396876677,"highway":"service","oneway":"yes"},"geometry":{"type":"LineString","coordinates":[[-2.63713,43.15667],[-2.63669,43.15648]]}},{"type":"Feature","properties":{"id":396876678,"highway":"service","oneway":"yes"},"geometry":{"type":"LineString","coordinates":[[-2.63697,43.1569],[-2.63716,43.15698],[-2.6373,43.1568],[-2.63734,43.1567],[-2.63732,43.15661],[-2.6373,43.15655]]}},{"type":"Feature","properties":{"id":396876680,"highway":"service","oneway":"yes"},"geometry":{"type":"LineString","coordinates":[[-2.6375,43.15624],[-2.63735,43.15623],[-2.63728,43.15621],[-2.63712,43.15618],[-2.63698,43.15616],[-2.63684,43.15614],[-2.63674,43.15611],[-2.63669,43.15609],[-2.63656,43.15606],[-2.63643,43.15604],[-2.63632,43.15603],[-2.63624,43.15603],[-2.6362,43.15606],[-2.63619,43.15611],[-2.63621,43.15614],[-2.6363,43.15615],[-2.63656,43.15618],[-2.63662,43.15618],[-2.63675,43.1562],[-2.63694,43.15624],[-2.63707,43.15625],[-2.63716,43.15625],[-2.63729,43.15625],[-2.63735,43.15623]]}},{"type":"Feature","properties":{"id":396876681,"highway":"service","oneway":"yes"},"geometry":{"type":"LineString","coordinates":[[-2.63662,43.15618],[-2.63669,43.15609]]}},{"type":"Feature","properties":{"id":396886332,"highway":"service"},"geometry":{"type":"LineString","coordinates":[[-2.63623,43.15857],[-2.63634,43.1586],[-2.63641,43.15861],[-2.63648,43.15858],[-2.63664,43.15848],[-2.63672,43.15845],[-2.6368,43.15845],[-2.63685,43.15847],[-2.63686,43.15853],[-2.63684,43.1588],[-2.63683,43.15902],[-2.6368,43.15919],[-2.63677,43.15931],[-2.63677,43.15936],[-2.63678,43.15939],[-2.63681,43.15941],[-2.63704,43.15946],[-2.63709,43.15948],[-2.63719,43.15953],[-2.63722,43.15958],[-2.63724,43.15967],[-2.63724,43.15975],[-2.6373,43.15982],[-2.63739,43.15985],[-2.63753,43.15987],[-2.63776,43.15994],[-2.63786,43.15997],[-2.63795,43.16008],[-2.638,43.16015],[-2.63804,43.16021],[-2.63806,43.16026],[-2.63807,43.16031],[-2.63806,43.16033],[-2.63805,43.16036],[-2.63787,43.16046]]}},{"type":"Feature","properties":{"id":396886333,"highway":"track"},"geometry":{"type":"LineString","coordinates":[[-2.63602,43.16218],[-2.63616,43.16212],[-2.63651,43.16194],[-2.63656,43.1619],[-2.63658,43.16187],[-2.63659,43.16174],[-2.63661,43.16161],[-2.63667,43.16147],[-2.63675,43.16136],[-2.63694,43.16115]]}},{"type":"Feature","properties":{"id":396886334,"highway":"track"},"geometry":{"type":"LineString","coordinates":[[-2.65901,43.16274],[-2.65866,43.16274],[-2.65845,43.16272],[-2.65824,43.16264],[-2.65809,43.16254],[-2.65806,43.16253],[-2.65793,43.1624],[-2.6578,43.16228],[-2.65771,43.16221],[-2.65765,43.16212],[-2.65763,43.16198],[-2.65759,43.16186],[-2.65753,43.16174],[-2.6575,43.1616],[-2.65752,43.16139],[-2.6575,43.16124],[-2.65743,43.16109],[-2.65736,43.16092],[-2.6573,43.16079],[-2.65727,43.16067],[-2.65728,43.16053],[-2.65728,43.16036],[-2.65726,43.16023],[-2.65718,43.16008],[-2.65706,43.15993],[-2.65697,43.15984],[-2.65692,43.15971],[-2.65691,43.15958],[-2.65693,43.15944],[-2.65705,43.1592],[-2.65712,43.15915],[-2.65721,43.15912],[-2.65735,43.15909],[-2.65807,43.15901],[-2.65825,43.15897],[-2.6584,43.15889],[-2.65846,43.15883],[-2.65846,43.15871],[-2.6584,43.15858],[-2.65827,43.15844],[-2.65819,43.15834],[-2.65813,43.15823],[-2.65812,43.15816],[-2.65812,43.15808],[-2.6581,43.15801],[-2.658,43.15794],[-2.6578,43.15789],[-2.65771,43.15786]]}},{"type":"Feature","properties":{"id":396886335,"highway":"track"},"geometry":{"type":"LineString","coordinates":[[-2.65771,43.15786],[-2.65762,43.15776],[-2.65755,43.15765],[-2.6575,43.15754],[-2.65748,43.15741],[-2.6575,43.15732],[-2.6576,43.15718],[-2.65777,43.15701],[-2.65788,43.15692],[-2.65808,43.1567],[-2.65803,43.15666],[-2.65796,43.15667],[-2.65764,43.15687],[-2.65749,43.15699],[-2.65705,43.15714],[-2.65663,43.15735],[-2.65636,43.15744],[-2.65625,43.1574]]}},{"type":"Feature","properties":{"id":396886336,"highway":"track"},"geometry":{"type":"LineString","coordinates":[[-2.6578,43.15789],[-2.65783,43.15772],[-2.65788,43.15757],[-2.658,43.1574],[-2.65822,43.15722],[-2.65834,43.1571],[-2.65845,43.15703],[-2.65856,43.15701],[-2.65875,43.15701],[-2.65893,43.15702],[-2.65913,43.15702],[-2.6593,43.15703],[-2.65949,43.15707],[-2.65966,43.15709],[-2.65992,43.15711],[-2.66023,43.15712],[-2.66039,43.15709],[-2.66047,43.15703],[-2.66049,43.15697],[-2.66046,43.15689],[-2.66037,43.15679],[-2.66032,43.1567],[-2.6603,43.15665],[-2.66031,43.15661],[-2.66034,43.1566],[-2.6604,43.1566],[-2.66043,43.15665],[-2.66051,43.15674],[-2.6606,43.15684],[-2.66069,43.15691],[-2.66074,43.15696],[-2.66075,43.15704],[-2.66072,43.15724],[-2.66071,43.15734],[-2.66061,43.15746],[-2.6605,43.15753],[-2.66037,43.15759],[-2.66016,43.15762],[-2.66008,43.15765],[-2.65999,43.15768],[-2.65997,43.15775],[-2.66,43.15785],[-2.66012,43.158],[-2.66022,43.15817],[-2.66027,43.15835],[-2.66042,43.15885],[-2.66048,43.15906],[-2.66061,43.15927],[-2.66078,43.15936],[-2.66116,43.15935]]}},{"type":"Feature","properties":{"id":396886341,"highway":"track"},"geometry":{"type":"LineString","coordinates":[[-2.66878,43.16433],[-2.66853,43.16422],[-2.66828,43.16409],[-2.6679,43.16395],[-2.66762,43.16386],[-2.66741,43.16377],[-2.66731,43.1637]]}},{"type":"Feature","properties":{"id":402872002,"highway":"footway"},"geometry":{"type":"LineString","coordinates":[[-2.62919,43.17011],[-2.62919,43.17015],[-2.62919,43.17022]]}},{"type":"Feature","properties":{"id":402872227,"highway":"service","superficie":"sett"},"geometry":{"type":"LineString","coordinates":[[-2.63102,43.16995],[-2.63109,43.16995],[-2.63113,43.16994],[-2.63115,43.16994],[-2.63119,43.16991],[-2.63126,43.16958],[-2.63127,43.16955]]}},{"type":"Feature","properties":{"id":415591035,"highway":"pedestrian","nombre":"Geltoki kalea","superficie":"paving_stones"},"geometry":{"type":"LineString","coordinates":[[-2.63357,43.16972],[-2.63354,43.1696],[-2.63352,43.16953],[-2.63347,43.16933],[-2.63343,43.16924],[-2.63343,43.16915],[-2.63344,43.16909],[-2.63348,43.16904],[-2.63353,43.16901],[-2.63354,43.169],[-2.63362,43.16896],[-2.6337,43.16893],[-2.6338,43.16892],[-2.63413,43.16887],[-2.63415,43.16887]]}},{"type":"Feature","properties":{"id":456960340,"highway":"residential","nombre":"Pago kalea"},"geometry":{"type":"LineString","coordinates":[[-2.62738,43.16221],[-2.62717,43.16287],[-2.627,43.16344]]}},{"type":"Feature","properties":{"id":456960341,"highway":"residential","nombre":"Haritz kalea"},"geometry":{"type":"LineString","coordinates":[[-2.62781,43.16228],[-2.6276,43.16294],[-2.62743,43.16351]]}},{"type":"Feature","properties":{"id":456961462,"highway":"residential","nombre":"Undatorre kalea","oneway":"yes","superficie":"asphalt"},"geometry":{"type":"LineString","coordinates":[[-2.62295,43.16767],[-2.62296,43.16763],[-2.62298,43.1676],[-2.62309,43.16731],[-2.62313,43.16721],[-2.62232,43.16704],[-2.62225,43.16702],[-2.62219,43.16701],[-2.62208,43.16699],[-2.62202,43.16697],[-2.62184,43.16693],[-2.62179,43.16692],[-2.62165,43.16689],[-2.62149,43.16687],[-2.62127,43.16682],[-2.62117,43.16682],[-2.6211,43.16683],[-2.62104,43.16685],[-2.621,43.16687]]}},{"type":"Feature","properties":{"id":456961466,"highway":"residential","nombre":"Ramón Rubial kalea","oneway":"yes"},"geometry":{"type":"LineString","coordinates":[[-2.62379,43.16635],[-2.62376,43.16637],[-2.62374,43.16641],[-2.62345,43.16718],[-2.62342,43.16724],[-2.62339,43.16725],[-2.62337,43.16725],[-2.62334,43.16725]]}},{"type":"Feature","properties":{"id":456961467,"highway":"residential","nombre":"Montorreta kalea","oneway":"yes"},"geometry":{"type":"LineString","coordinates":[[-2.6238,43.16632],[-2.62391,43.16618]]}},{"type":"Feature","properties":{"id":456961468,"highway":"residential","oneway":"yes"},"geometry":{"type":"LineString","coordinates":[[-2.62334,43.16725],[-2.6233,43.16725],[-2.62313,43.16721]]}},{"type":"Feature","properties":{"id":456961471,"highway":"residential","nombre":"Bernardo Gabiola kalea","oneway":"yes"},"geometry":{"type":"LineString","coordinates":[[-2.62305,43.16813],[-2.62319,43.1678],[-2.62323,43.16772]]}},{"type":"Feature","properties":{"id":456961472,"highway":"residential","nombre":"Bernardo Gabiola kalea","oneway":"no"},"geometry":{"type":"LineString","coordinates":[[-2.62281,43.16882],[-2.62284,43.16872],[-2.62305,43.16813]]}},{"type":"Feature","properties":{"id":456961796,"highway":"residential","nombre":"Bernardo Gabiola kalea"},"geometry":{"type":"LineString","coordinates":[[-2.62284,43.16872],[-2.6228,43.16871],[-2.62227,43.1686]]}},{"type":"Feature","properties":{"id":456962096,"highway":"cycleway","oneway":"no"},"geometry":{"type":"LineString","coordinates":[[-2.6206,43.16666],[-2.62058,43.16662],[-2.62056,43.16659],[-2.62059,43.16654],[-2.62062,43.16647],[-2.62089,43.16602],[-2.62116,43.16561],[-2.62121,43.16557],[-2.62125,43.16555],[-2.62129,43.16554],[-2.62135,43.16554],[-2.62142,43.16554],[-2.62143,43.16555],[-2.62191,43.16565],[-2.62219,43.16571],[-2.62224,43.16571],[-2.62228,43.16571],[-2.62236,43.16573],[-2.62243,43.16575],[-2.62251,43.16577],[-2.6226,43.1658],[-2.62268,43.16582],[-2.6228,43.16584],[-2.62345,43.16598],[-2.62348,43.16599],[-2.62352,43.16601],[-2.62357,43.16605],[-2.62361,43.16609],[-2.62367,43.16615],[-2.6237,43.16619],[-2.62371,43.16623],[-2.62372,43.1663],[-2.62375,43.16631],[-2.6238,43.16632],[-2.62385,43.16633],[-2.62384,43.16634],[-2.62383,43.16637],[-2.62383,43.16641],[-2.62384,43.16644],[-2.62386,43.16647],[-2.62394,43.16655]]}},{"type":"Feature","properties":{"id":456962665,"highway":"footway"},"geometry":{"type":"LineString","coordinates":[[-2.62299,43.16551],[-2.62311,43.16558],[-2.62318,43.16559],[-2.62325,43.16559],[-2.62331,43.16559],[-2.62338,43.16562],[-2.62348,43.16566],[-2.62352,43.16567],[-2.62357,43.16565],[-2.62364,43.16562],[-2.62368,43.16557],[-2.62371,43.1655],[-2.62374,43.16549],[-2.62377,43.16549],[-2.62379,43.16551],[-2.6238,43.16554],[-2.62378,43.1656],[-2.62379,43.16562],[-2.62383,43.16563],[-2.62386,43.16563],[-2.62388,43.16563],[-2.62393,43.16566],[-2.62398,43.16569]]}},{"type":"Feature","properties":{"id":456962666,"highway":"track"},"geometry":{"type":"LineString","coordinates":[[-2.62306,43.16511],[-2.62316,43.1652],[-2.62325,43.16527],[-2.62336,43.16533],[-2.62346,43.16539],[-2.62352,43.16541],[-2.62347,43.16546],[-2.6234,43.16548],[-2.62324,43.16547],[-2.62307,43.16548],[-2.62299,43.16548]]}},{"type":"Feature","properties":{"id":456962667,"highway":"track"},"geometry":{"type":"LineString","coordinates":[[-2.62352,43.16541],[-2.62374,43.16537],[-2.62391,43.16534],[-2.62397,43.16533],[-2.6241,43.16528],[-2.62417,43.16527],[-2.62423,43.16527],[-2.62432,43.16531],[-2.62439,43.16532],[-2.62444,43.16532],[-2.62453,43.16532],[-2.62468,43.16532],[-2.62475,43.1653],[-2.62481,43.16524],[-2.62491,43.16505]]}},{"type":"Feature","properties":{"id":456962668,"highway":"track"},"geometry":{"type":"LineString","coordinates":[[-2.62475,43.1653],[-2.62468,43.16541],[-2.62464,43.16552],[-2.62458,43.16563],[-2.62448,43.16567]]}},{"type":"Feature","properties":{"id":456962669,"highway":"living_street","nombre":"Komentukalea","oneway":"yes","superficie":"asphalt"},"geometry":{"type":"LineString","coordinates":[[-2.63026,43.16644],[-2.63022,43.16656],[-2.62996,43.16718],[-2.6299,43.16731],[-2.62984,43.16743],[-2.62962,43.1679],[-2.62963,43.16794]]}},{"type":"Feature","properties":{"id":462994970,"highway":"residential","nombre":"Landako etorbidea","oneway":"yes","superficie":"asphalt"},"geometry":{"type":"LineString","coordinates":[[-2.63308,43.17167],[-2.63297,43.17167],[-2.63284,43.17167],[-2.63213,43.17166],[-2.63191,43.17166]]}},{"type":"Feature","properties":{"id":462994971,"highway":"residential","nombre":"Landako etorbidea","oneway":"yes"},"geometry":{"type":"LineString","coordinates":[[-2.63369,43.17175],[-2.63385,43.17175],[-2.63457,43.17175],[-2.63486,43.17177],[-2.63504,43.17181],[-2.63521,43.17187],[-2.63535,43.1719]]}},{"type":"Feature","properties":{"id":462994972,"highway":"residential","nombre":"Francisco Ibarra","oneway":"yes"},"geometry":{"type":"LineString","coordinates":[[-2.63367,43.17177],[-2.6337,43.17191],[-2.63383,43.17257],[-2.63384,43.1726],[-2.63387,43.17269]]}},{"type":"Feature","properties":{"id":462995062,"highway":"residential","nombre":"Murueta Torre","oneway":"yes","superficie":"asphalt"},"geometry":{"type":"LineString","coordinates":[[-2.62739,43.17315],[-2.62738,43.17311],[-2.62738,43.17298],[-2.62738,43.17293],[-2.62738,43.17195],[-2.62739,43.17189],[-2.6274,43.17184]]}},{"type":"Feature","properties":{"id":462996992,"highway":"residential","nombre":"Zumar kalea","oneway":"yes"},"geometry":{"type":"LineString","coordinates":[[-2.62582,43.16042],[-2.62589,43.16038],[-2.62598,43.16037]]}},{"type":"Feature","properties":{"id":466902193,"highway":"track"},"geometry":{"type":"LineString","coordinates":[[-2.6901,43.15277],[-2.69006,43.15275]]}},{"type":"Feature","properties":{"id":466902194,"highway":"path"},"geometry":{"type":"LineString","coordinates":[[-2.68983,43.1536],[-2.68974,43.15364],[-2.68948,43.15366],[-2.68936,43.15368],[-2.68928,43.15373],[-2.68919,43.15383],[-2.68914,43.15388],[-2.68912,43.15401],[-2.68906,43.15432],[-2.68905,43.15443],[-2.68898,43.15449],[-2.68895,43.1546],[-2.68888,43.15463],[-2.68878,43.15461],[-2.68872,43.15457],[-2.68869,43.15454],[-2.68861,43.15455],[-2.68853,43.15459],[-2.68848,43.15457],[-2.68845,43.15457]]}},{"type":"Feature","properties":{"id":466935989,"highway":"path"},"geometry":{"type":"LineString","coordinates":[[-2.68813,43.15361],[-2.68821,43.15346],[-2.68821,43.15339],[-2.6881,43.1533],[-2.68803,43.15327],[-2.68791,43.15321],[-2.68777,43.15318],[-2.68769,43.15314]]}},{"type":"Feature","properties":{"id":466939291,"highway":"residential","oneway":"no"},"geometry":{"type":"LineString","coordinates":[[-2.63187,43.17102],[-2.63197,43.17099],[-2.63204,43.17098],[-2.63213,43.17097],[-2.6322,43.17097]]}},{"type":"Feature","properties":{"id":466939293,"highway":"residential","oneway":"yes"},"geometry":{"type":"LineString","coordinates":[[-2.6322,43.17097],[-2.63224,43.17099],[-2.63231,43.171],[-2.63235,43.17099],[-2.63237,43.17098],[-2.63238,43.17096],[-2.63237,43.17093],[-2.63233,43.17091],[-2.63227,43.17092],[-2.63223,43.17094],[-2.6322,43.17097]]}},{"type":"Feature","properties":{"id":469656236,"highway":"service","nombre":"Eguzkitza auzoa","oneway":"no"},"geometry":{"type":"LineString","coordinates":[[-2.62523,43.15968],[-2.6253,43.15978],[-2.62541,43.15981],[-2.62554,43.15986],[-2.62575,43.15997],[-2.62623,43.16016],[-2.62681,43.16034],[-2.6269,43.16034]]}},{"type":"Feature","properties":{"id":469656237,"highway":"track","oneway":"no"},"geometry":{"type":"LineString","coordinates":[[-2.62426,43.16136],[-2.62435,43.16116],[-2.62442,43.16103],[-2.62452,43.16092],[-2.62472,43.16055],[-2.62486,43.16034],[-2.62489,43.16028]]}},{"type":"Feature","properties":{"id":469656238,"highway":"residential","oneway":"yes"},"geometry":{"type":"LineString","coordinates":[[-2.62477,43.15999],[-2.62496,43.15998],[-2.62502,43.15998],[-2.62508,43.16],[-2.62512,43.16001],[-2.62519,43.16003],[-2.62533,43.16008],[-2.62556,43.16017],[-2.62571,43.16024],[-2.62577,43.16027],[-2.62585,43.16031],[-2.62598,43.16037],[-2.6264,43.16055],[-2.62751,43.16104],[-2.62824,43.16137],[-2.62835,43.16142],[-2.62841,43.16147],[-2.62849,43.16149]]}},{"type":"Feature","properties":{"id":469656239,"highway":"residential","oneway":"yes"},"geometry":{"type":"LineString","coordinates":[[-2.62577,43.16027],[-2.6258,43.16032],[-2.62581,43.16036],[-2.62581,43.1604],[-2.62582,43.16042]]}},{"type":"Feature","properties":{"id":469656240,"highway":"secondary"},"geometry":{"type":"LineString","coordinates":[[-2.62465,43.16002],[-2.62471,43.16001],[-2.62477,43.15999],[-2.62482,43.15996],[-2.62486,43.15993],[-2.62489,43.15989],[-2.6249,43.15984],[-2.6249,43.15979],[-2.62489,43.15974],[-2.62486,43.1597],[-2.62481,43.15966],[-2.62474,43.15963],[-2.62467,43.15961],[-2.62459,43.15961],[-2.62452,43.15962],[-2.62447,43.15964],[-2.62442,43.15967],[-2.62438,43.1597],[-2.62435,43.15975],[-2.62434,43.15979],[-2.62434,43.15984],[-2.62435,43.15988],[-2.62438,43.15993],[-2.62442,43.15996],[-2.62447,43.15999],[-2.62453,43.16001],[-2.62459,43.16002],[-2.62465,43.16002]]}},{"type":"Feature","properties":{"id":469656241,"highway":"unclassified","nombre":"Eguzkitza auzoa"},"geometry":{"type":"LineString","coordinates":[[-2.62474,43.15945],[-2.62476,43.15938],[-2.6251,43.15826],[-2.62513,43.15814]]}},{"type":"Feature","properties":{"id":469656242,"highway":"residential","oneway":"yes"},"geometry":{"type":"LineString","coordinates":[[-2.62481,43.15966],[-2.62477,43.15959],[-2.62475,43.1595],[-2.62474,43.15945]]}},{"type":"Feature","properties":{"id":469656243,"highway":"residential","oneway":"yes"},"geometry":{"type":"LineString","coordinates":[[-2.62474,43.15945],[-2.62472,43.15949],[-2.62466,43.15955],[-2.62459,43.15961]]}},{"type":"Feature","properties":{"id":469656245,"highway":"footway"},"geometry":{"type":"LineString","coordinates":[[-2.62489,43.16028],[-2.62493,43.16021],[-2.62495,43.16016],[-2.62497,43.16011],[-2.62497,43.16008],[-2.62496,43.16006],[-2.62492,43.16005],[-2.62489,43.16004],[-2.62486,43.16003],[-2.62486,43.16002],[-2.62493,43.16],[-2.62507,43.16003],[-2.62508,43.16],[-2.62511,43.15994],[-2.62516,43.15988],[-2.62518,43.15985]]}},{"type":"Feature","properties":{"id":469656246,"highway":"unclassified","nombre":"Eguzkitza auzoa","oneway":"no"},"geometry":{"type":"LineString","coordinates":[[-2.62518,43.15795],[-2.62518,43.15791],[-2.62502,43.15757],[-2.62496,43.15752],[-2.62448,43.15723],[-2.6242,43.15705],[-2.62406,43.15696],[-2.62395,43.15685],[-2.62368,43.15661],[-2.62353,43.15647],[-2.62342,43.15634],[-2.62306,43.15581],[-2.62259,43.15543],[-2.62239,43.15528],[-2.62181,43.15501],[-2.62153,43.1549],[-2.62125,43.1548],[-2.62105,43.1547],[-2.62088,43.15462],[-2.62064,43.15448],[-2.62026,43.15421],[-2.61993,43.15401],[-2.61966,43.15387],[-2.61936,43.15371],[-2.61917,43.15359],[-2.619,43.15348],[-2.61861,43.15314],[-2.61855,43.1531],[-2.6185,43.15308],[-2.61841,43.15307],[-2.61835,43.15309],[-2.61809,43.15333],[-2.61789,43.15348],[-2.61756,43.15374],[-2.61742,43.15387],[-2.61733,43.15398],[-2.61724,43.15403],[-2.61713,43.15407]]}},{"type":"Feature","properties":{"id":469656247,"highway":"unclassified","nombre":"Eguzkitza auzoa","oneway":"yes"},"geometry":{"type":"LineString","coordinates":[[-2.62533,43.15818],[-2.62561,43.15855],[-2.62566,43.15861],[-2.62572,43.15867]]}},{"type":"Feature","properties":{"id":469656256,"highway":"service"},"geometry":{"type":"LineString","coordinates":[[-2.62895,43.162],[-2.629,43.16187],[-2.62909,43.16172],[-2.62913,43.16168]]}},{"type":"Feature","properties":{"id":469656257,"highway":"footway"},"geometry":{"type":"LineString","coordinates":[[-2.6293,43.16162],[-2.62943,43.16124],[-2.62953,43.16092]]}},{"type":"Feature","properties":{"id":469656258,"highway":"footway"},"geometry":{"type":"LineString","coordinates":[[-2.62943,43.16124],[-2.62909,43.16118],[-2.62891,43.16126]]}},{"type":"Feature","properties":{"id":469656263,"highway":"residential","nombre":"Arriluzea kalea","oneway":"yes","puente":"yes"},"geometry":{"type":"LineString","coordinates":[[-2.63053,43.16198],[-2.63067,43.16199],[-2.6308,43.162]]}},{"type":"Feature","properties":{"id":469656264,"highway":"residential","nombre":"Arriluzea kalea","oneway":"yes"},"geometry":{"type":"LineString","coordinates":[[-2.6304,43.1619],[-2.6303,43.16187]]}},{"type":"Feature","properties":{"id":469656269,"highway":"cycleway"},"geometry":{"type":"LineString","coordinates":[[-2.63507,43.1568],[-2.63495,43.15694],[-2.63402,43.15756],[-2.63391,43.15763],[-2.63386,43.15772],[-2.63363,43.15811],[-2.63341,43.15851],[-2.6332,43.1589],[-2.63295,43.15936],[-2.63274,43.15975],[-2.63251,43.16016],[-2.63228,43.16059],[-2.63227,43.16061],[-2.63224,43.1606]]}},{"type":"Feature","properties":{"id":469656270,"highway":"cycleway","puente":"yes"},"geometry":{"type":"LineString","coordinates":[[-2.63071,43.16164],[-2.63051,43.1617]]}},{"type":"Feature","properties":{"id":469656271,"highway":"cycleway"},"geometry":{"type":"LineString","coordinates":[[-2.63051,43.1617],[-2.63049,43.16174],[-2.63046,43.16177],[-2.63045,43.16179],[-2.63044,43.16182],[-2.63044,43.16187],[-2.63043,43.16188],[-2.63043,43.16191],[-2.63043,43.16198],[-2.63042,43.16202],[-2.63042,43.16203],[-2.63041,43.16206],[-2.63039,43.16209],[-2.63037,43.16211],[-2.63033,43.16212],[-2.63028,43.16212],[-2.63025,43.16212],[-2.63025,43.16215],[-2.63025,43.16218],[-2.63025,43.16228],[-2.63026,43.16236],[-2.63026,43.16241],[-2.63028,43.16254],[-2.63029,43.16259],[-2.63029,43.16261],[-2.63027,43.16262],[-2.63024,43.16263],[-2.63019,43.16262],[-2.62999,43.16259],[-2.62995,43.16258],[-2.62991,43.16257],[-2.62988,43.16258],[-2.62986,43.1626],[-2.62979,43.16282],[-2.62979,43.16283],[-2.62976,43.16289],[-2.62974,43.16291],[-2.62973,43.16293],[-2.6297,43.16303],[-2.62967,43.16311],[-2.62967,43.16313],[-2.62967,43.16316],[-2.6297,43.16318],[-2.62973,43.1632],[-2.62975,43.16322],[-2.62972,43.1633],[-2.62963,43.16357],[-2.62962,43.16361],[-2.62962,43.16363],[-2.62963,43.16366],[-2.62966,43.16368],[-2.62969,43.16371],[-2.62973,43.16373],[-2.62977,43.16374],[-2.62982,43.16375],[-2.63083,43.1639],[-2.63087,43.1639],[-2.63088,43.16395],[-2.63088,43.16397],[-2.63092,43.16412],[-2.63095,43.16417],[-2.63095,43.16419],[-2.63096,43.1642],[-2.63097,43.16421],[-2.63099,43.16421],[-2.63113,43.1642],[-2.63113,43.16424],[-2.63113,43.16428],[-2.63121,43.16428],[-2.63149,43.16426],[-2.63154,43.16426],[-2.63157,43.16421]]}},{"type":"Feature","properties":{"id":481811929,"highway":"residential","nombre":"Larrasoloeta kalea","oneway":"no"},"geometry":{"type":"LineString","coordinates":[[-2.62644,43.16764],[-2.6264,43.16774],[-2.62636,43.16785],[-2.6263,43.168],[-2.62615,43.1683],[-2.62614,43.16831],[-2.62609,43.16837]]}},{"type":"Feature","properties":{"id":481811930,"highway":"service"},"geometry":{"type":"LineString","coordinates":[[-2.62828,43.16663],[-2.62819,43.16664],[-2.62803,43.1666],[-2.62815,43.16628]]}},{"type":"Feature","properties":{"id":481816609,"highway":"service"},"geometry":{"type":"LineString","coordinates":[[-2.62888,43.17339],[-2.62887,43.17352],[-2.62919,43.17353]]}},{"type":"Feature","properties":{"id":481817265,"highway":"service"},"geometry":{"type":"LineString","coordinates":[[-2.62793,43.17279],[-2.62755,43.17282],[-2.6275,43.17282]]}},{"type":"Feature","properties":{"id":481817266,"highway":"pedestrian"},"geometry":{"type":"LineString","coordinates":[[-2.62907,43.17186],[-2.62906,43.17233],[-2.62904,43.17233],[-2.62904,43.17269],[-2.62903,43.17316],[-2.62903,43.17334]]}},{"type":"Feature","properties":{"id":481817332,"highway":"pedestrian","nombre":"Muruetatorre"},"geometry":{"type":"LineString","coordinates":[[-2.62904,43.17269],[-2.62942,43.17269],[-2.62984,43.1727],[-2.62993,43.1727],[-2.63056,43.1727]]}},{"type":"Feature","properties":{"id":481817333,"highway":"pedestrian","nombre":"Muruetatorre"},"geometry":{"type":"LineString","coordinates":[[-2.63056,43.1727],[-2.63108,43.17271],[-2.63144,43.17271]]}},{"type":"Feature","properties":{"id":481817979,"highway":"residential","oneway":"yes"},"geometry":{"type":"LineString","coordinates":[[-2.62652,43.16957],[-2.62656,43.1695],[-2.62661,43.16945],[-2.62671,43.16942]]}},{"type":"Feature","properties":{"id":481818208,"highway":"footway"},"geometry":{"type":"LineString","coordinates":[[-2.63124,43.17228],[-2.63124,43.1721],[-2.63124,43.17186],[-2.63124,43.17183]]}},{"type":"Feature","properties":{"id":481818210,"highway":"footway"},"geometry":{"type":"LineString","coordinates":[[-2.62934,43.1704],[-2.6296,43.17041],[-2.62964,43.17041],[-2.6299,43.1704],[-2.62992,43.17036],[-2.62995,43.17031],[-2.62998,43.17028],[-2.63004,43.17024]]}},{"type":"Feature","properties":{"id":481819376,"highway":"residential","nombre":"Juan de Olazaran"},"geometry":{"type":"LineString","coordinates":[[-2.63351,43.17376],[-2.63346,43.17375],[-2.63322,43.17377],[-2.63259,43.17384],[-2.63206,43.17391]]}},{"type":"Feature","properties":{"id":481819377,"highway":"footway","superficie":"paving_stones"},"geometry":{"type":"LineString","coordinates":[[-2.63369,43.17298],[-2.63332,43.17313],[-2.6322,43.17356],[-2.63191,43.17369],[-2.63183,43.17376],[-2.6318,43.17383],[-2.63183,43.1739],[-2.63188,43.17395],[-2.63196,43.17398],[-2.63216,43.17399],[-2.63253,43.17399],[-2.63271,43.17409],[-2.63281,43.1741],[-2.63306,43.17417]]}},{"type":"Feature","properties":{"id":481819378,"highway":"footway"},"geometry":{"type":"LineString","coordinates":[[-2.63281,43.1741],[-2.63287,43.17433],[-2.6331,43.17482],[-2.63319,43.17487],[-2.63331,43.17493],[-2.6342,43.17486],[-2.63426,43.17486],[-2.63433,43.17485],[-2.63438,43.17484],[-2.63464,43.17473],[-2.63462,43.17466],[-2.6349,43.17461],[-2.63534,43.17431],[-2.63572,43.17404],[-2.63575,43.17402],[-2.636,43.17393],[-2.63617,43.17374],[-2.63627,43.17373],[-2.6363,43.17371],[-2.63636,43.17368],[-2.63641,43.17363],[-2.63643,43.1736],[-2.63644,43.17357],[-2.63643,43.17354],[-2.63641,43.1735],[-2.63635,43.17345],[-2.63629,43.17341],[-2.63624,43.17341],[-2.63616,43.17341]]}},{"type":"Feature","properties":{"id":488049928,"highway":"primary","ref":"BI-623","oneway":"yes","superficie":"asphalt"},"geometry":{"type":"LineString","coordinates":[[-2.63371,43.16181],[-2.63371,43.16169],[-2.63373,43.16154],[-2.63376,43.16144],[-2.63379,43.16135]]}},{"type":"Feature","properties":{"id":488049929,"highway":"primary","ref":"BI-623","oneway":"yes","superficie":"asphalt"},"geometry":{"type":"LineString","coordinates":[[-2.63379,43.16135],[-2.63361,43.16151],[-2.63349,43.16159],[-2.63333,43.16168]]}},{"type":"Feature","properties":{"id":488049930,"highway":"primary","superficie":"asphalt"},"geometry":{"type":"LineString","coordinates":[[-2.63365,43.16217],[-2.63372,43.16211],[-2.63376,43.16204],[-2.63377,43.16196],[-2.63375,43.16188],[-2.63371,43.16181]]}},{"type":"Feature","properties":{"id":488049931,"highway":"residential","nombre":"Arriluzea kalea","oneway":"yes"},"geometry":{"type":"LineString","coordinates":[[-2.63305,43.16182],[-2.63279,43.16195],[-2.63264,43.16201],[-2.63255,43.16202],[-2.63247,43.16202],[-2.63181,43.16199]]}},{"type":"Feature","properties":{"id":488049932,"highway":"primary","ref":"BI-623","superficie":"asphalt"},"geometry":{"type":"LineString","coordinates":[[-2.63802,43.15682],[-2.63809,43.15681],[-2.63817,43.15679],[-2.63823,43.15675],[-2.63827,43.1567],[-2.6383,43.15665],[-2.6383,43.15659],[-2.63828,43.15653]]}},{"type":"Feature","properties":{"id":488050383,"highway":"residential","nombre":"Tabira kalea","oneway":"yes"},"geometry":{"type":"LineString","coordinates":[[-2.63189,43.16218],[-2.63199,43.16213],[-2.63212,43.1621],[-2.63225,43.16211],[-2.63236,43.16209]]}},{"type":"Feature","properties":{"id":488050384,"highway":"footway"},"geometry":{"type":"LineString","coordinates":[[-2.63189,43.16218],[-2.6318,43.1621],[-2.6318,43.16205],[-2.63181,43.16199]]}},{"type":"Feature","properties":{"id":488050385,"highway":"primary","ref":"BI-623","superficie":"asphalt"},"geometry":{"type":"LineString","coordinates":[[-2.63828,43.15653],[-2.63824,43.15648],[-2.63818,43.15644],[-2.63811,43.15641],[-2.63803,43.1564]]}},{"type":"Feature","properties":{"id":488050386,"highway":"primary","ref":"BI-623","oneway":"yes","superficie":"asphalt"},"geometry":{"type":"LineString","coordinates":[[-2.63317,43.1622],[-2.63332,43.16235],[-2.63338,43.16244],[-2.63344,43.16256],[-2.63348,43.16276]]}},{"type":"Feature","properties":{"id":488051973,"highway":"residential","nombre":"Landako etorbidea","oneway":"yes"},"geometry":{"type":"LineString","coordinates":[[-2.63486,43.1717],[-2.63456,43.17169],[-2.63386,43.17168],[-2.63369,43.17168]]}},{"type":"Feature","properties":{"id":488051974,"highway":"residential","nombre":"Juan Antonio Abasolo","oneway":"yes"},"geometry":{"type":"LineString","coordinates":[[-2.63349,43.17113],[-2.63362,43.17112]]}},{"type":"Feature","properties":{"id":490049182,"highway":"service"},"geometry":{"type":"LineString","coordinates":[[-2.62564,43.17084],[-2.62564,43.17086],[-2.62563,43.17092],[-2.62562,43.17101],[-2.62562,43.17105],[-2.6256,43.17117]]}},{"type":"Feature","properties":{"id":490049183,"highway":"service"},"geometry":{"type":"LineString","coordinates":[[-2.62562,43.17101],[-2.62557,43.17106],[-2.62545,43.17115]]}},{"type":"Feature","properties":{"id":490054295,"highway":"residential","nombre":"Herriko Gudarien kalea","oneway":"yes"},"geometry":{"type":"LineString","coordinates":[[-2.63485,43.16686],[-2.63492,43.16692],[-2.63499,43.16699],[-2.63503,43.16709]]}},{"type":"Feature","properties":{"id":490054297,"highway":"residential","oneway":"yes"},"geometry":{"type":"LineString","coordinates":[[-2.63525,43.16698],[-2.63513,43.16702],[-2.63507,43.16705],[-2.63506,43.16706],[-2.63503,43.16709]]}},{"type":"Feature","properties":{"id":490054300,"highway":"residential"},"geometry":{"type":"LineString","coordinates":[[-2.63529,43.16622],[-2.63533,43.16622],[-2.63536,43.1662],[-2.63538,43.16619],[-2.6354,43.16617],[-2.6354,43.16614],[-2.6354,43.16612],[-2.63538,43.16609],[-2.63535,43.16608],[-2.63533,43.16607],[-2.6353,43.16607],[-2.63527,43.16607],[-2.63524,43.16608],[-2.63522,43.16609],[-2.6352,43.16611],[-2.6352,43.16614],[-2.6352,43.16616],[-2.63521,43.16618],[-2.63523,43.1662],[-2.63526,43.16621],[-2.63529,43.16622]]}},{"type":"Feature","properties":{"id":490054302,"highway":"service"},"geometry":{"type":"LineString","coordinates":[[-2.63617,43.16732],[-2.63621,43.16727],[-2.63664,43.16676],[-2.6367,43.16668],[-2.63678,43.1666],[-2.63701,43.16642],[-2.63724,43.16626],[-2.63741,43.16613],[-2.63747,43.16605],[-2.63744,43.16599],[-2.6373,43.16588],[-2.63707,43.16578]]}},{"type":"Feature","properties":{"id":490054303,"highway":"footway","puente":"yes"},"geometry":{"type":"LineString","coordinates":[[-2.63734,43.16588],[-2.63756,43.16597],[-2.63779,43.1657],[-2.63809,43.16574],[-2.6381,43.16572],[-2.63789,43.16563]]}},{"type":"Feature","properties":{"id":490054304,"highway":"service"},"geometry":{"type":"LineString","coordinates":[[-2.63824,43.16529],[-2.63807,43.16542],[-2.63799,43.1655],[-2.63793,43.16556],[-2.63787,43.16563]]}},{"type":"Feature","properties":{"id":490054305,"highway":"service"},"geometry":{"type":"LineString","coordinates":[[-2.63799,43.1655],[-2.63812,43.16563],[-2.63829,43.16575],[-2.63853,43.16587],[-2.63867,43.16591],[-2.6393,43.16608],[-2.63987,43.16626],[-2.64026,43.16636],[-2.6405,43.16639],[-2.64061,43.16639],[-2.64068,43.16637],[-2.64097,43.16622],[-2.64106,43.16619],[-2.64122,43.16618],[-2.64131,43.16615],[-2.64147,43.16606]]}},{"type":"Feature","properties":{"id":490054589,"highway":"residential","nombre":"Zabale","oneway":"yes"},"geometry":{"type":"LineString","coordinates":[[-2.6369,43.16908],[-2.63692,43.16902],[-2.63696,43.16873],[-2.63696,43.16871],[-2.63697,43.16866],[-2.63698,43.16864],[-2.63706,43.16824],[-2.63712,43.16795],[-2.63713,43.16792],[-2.63714,43.1679]]}},{"type":"Feature","properties":{"id":490054591,"highway":"residential","oneway":"yes"},"geometry":{"type":"LineString","coordinates":[[-2.63714,43.1679],[-2.63715,43.16779],[-2.63715,43.16777],[-2.63715,43.16773]]}},{"type":"Feature","properties":{"id":490054594,"highway":"residential","oneway":"yes"},"geometry":{"type":"LineString","coordinates":[[-2.63714,43.1679],[-2.63716,43.16787],[-2.6372,43.16785],[-2.6373,43.16783],[-2.63737,43.16782]]}},{"type":"Feature","properties":{"id":490059743,"highway":"service"},"geometry":{"type":"LineString","coordinates":[[-2.6416,43.1684],[-2.64145,43.16838],[-2.64137,43.16837],[-2.64132,43.16861],[-2.64114,43.1686],[-2.64119,43.16835],[-2.64123,43.1681]]}},{"type":"Feature","properties":{"id":490059744,"highway":"service"},"geometry":{"type":"LineString","coordinates":[[-2.64137,43.16837],[-2.64119,43.16835]]}},{"type":"Feature","properties":{"id":490059745,"highway":"service"},"geometry":{"type":"LineString","coordinates":[[-2.64137,43.16837],[-2.64141,43.16812],[-2.64123,43.1681]]}},{"type":"Feature","properties":{"id":490867058,"highway":"service"},"geometry":{"type":"LineString","coordinates":[[-2.6294,43.16955],[-2.62937,43.16951],[-2.62936,43.16947],[-2.62938,43.16941],[-2.62939,43.16935],[-2.62938,43.1693],[-2.62933,43.16928]]}},{"type":"Feature","properties":{"id":492120924,"highway":"footway"},"geometry":{"type":"LineString","coordinates":[[-2.62416,43.16421],[-2.62423,43.16396],[-2.6243,43.16369],[-2.62445,43.16316],[-2.62448,43.16305],[-2.62464,43.16247],[-2.6248,43.162],[-2.6248,43.16195],[-2.62479,43.16192]]}},{"type":"Feature","properties":{"id":492120925,"highway":"footway"},"geometry":{"type":"LineString","coordinates":[[-2.62384,43.16415],[-2.62399,43.16364],[-2.62414,43.16311],[-2.62417,43.163],[-2.62434,43.16242],[-2.62446,43.16202]]}},{"type":"Feature","properties":{"id":492120926,"highway":"footway"},"geometry":{"type":"LineString","coordinates":[[-2.62356,43.16408],[-2.62369,43.16359],[-2.62383,43.16307],[-2.62386,43.16295],[-2.62403,43.16237],[-2.62417,43.16187],[-2.62422,43.16184]]}},{"type":"Feature","properties":{"id":492120927,"highway":"footway"},"geometry":{"type":"LineString","coordinates":[[-2.62437,43.162],[-2.62446,43.16202],[-2.62455,43.16202],[-2.62465,43.16201],[-2.62473,43.16197],[-2.62479,43.16192],[-2.62483,43.16185],[-2.62484,43.16178],[-2.62481,43.1617],[-2.62476,43.16164],[-2.62468,43.1616],[-2.62458,43.16157],[-2.62448,43.16157],[-2.62438,43.16159],[-2.6243,43.16163],[-2.62424,43.16169],[-2.62421,43.16176],[-2.62422,43.16184],[-2.62425,43.1619],[-2.6243,43.16196],[-2.62437,43.162]]}},{"type":"Feature","properties":{"id":492123065,"highway":"residential","nombre":"Gasteiz errepidea","oneway":"yes"},"geometry":{"type":"LineString","coordinates":[[-2.63245,43.16209],[-2.6326,43.16213],[-2.63273,43.16217],[-2.63285,43.16223],[-2.63293,43.1623],[-2.63297,43.16237],[-2.63298,43.16242],[-2.63299,43.16251],[-2.63296,43.16261],[-2.63284,43.16299],[-2.63281,43.1631],[-2.63262,43.16392],[-2.6326,43.16398],[-2.6325,43.16409]]}},{"type":"Feature","properties":{"id":492123068,"highway":"residential","nombre":"Tabira kalea","oneway":"yes"},"geometry":{"type":"LineString","coordinates":[[-2.63224,43.1606],[-2.63258,43.15995],[-2.63288,43.15942],[-2.63346,43.15838],[-2.63387,43.15763],[-2.63397,43.15754],[-2.63489,43.15694],[-2.63507,43.1568],[-2.63514,43.15672],[-2.63526,43.15664],[-2.63565,43.15646],[-2.63582,43.15637],[-2.63602,43.1563],[-2.63627,43.15629],[-2.63672,43.15635],[-2.63704,43.15639],[-2.63736,43.15639]]}},{"type":"Feature","properties":{"id":492123069,"highway":"cycleway"},"geometry":{"type":"LineString","coordinates":[[-2.63224,43.1606],[-2.63217,43.16058],[-2.63215,43.16058],[-2.63214,43.16059],[-2.63207,43.16074],[-2.63204,43.16081],[-2.63192,43.16109],[-2.63187,43.16111],[-2.63183,43.16113],[-2.63178,43.16117],[-2.63175,43.16117],[-2.63152,43.16109],[-2.6315,43.16109],[-2.63148,43.1611],[-2.63146,43.16112],[-2.63145,43.16113],[-2.63143,43.16113],[-2.63132,43.1611],[-2.63128,43.1611],[-2.63102,43.16133],[-2.6309,43.16143],[-2.63077,43.16154],[-2.63071,43.16164]]}},{"type":"Feature","properties":{"id":492123071,"highway":"residential","nombre":"Sanagustinalde kalea","oneway":"no"},"geometry":{"type":"LineString","coordinates":[[-2.63247,43.16435],[-2.63246,43.16427]]}},{"type":"Feature","properties":{"id":492123072,"highway":"residential","nombre":"Tabira kalea","oneway":"yes"},"geometry":{"type":"LineString","coordinates":[[-2.6324,43.16408],[-2.63238,43.16399],[-2.63211,43.16322],[-2.63193,43.16273],[-2.63186,43.16251],[-2.63185,43.16248],[-2.63182,43.16239],[-2.63182,43.16237],[-2.63181,43.1623],[-2.63184,43.16224],[-2.63188,43.1622],[-2.63189,43.16218]]}},{"type":"Feature","properties":{"id":492123073,"highway":"residential","nombre":"Laubideta kalea"},"geometry":{"type":"LineString","coordinates":[[-2.63229,43.16417],[-2.63224,43.16417],[-2.63208,43.16418],[-2.63187,43.16419]]}},{"type":"Feature","properties":{"id":492123074,"highway":"residential","nombre":"Laubideta kalea","puente":"yes"},"geometry":{"type":"LineString","coordinates":[[-2.63187,43.16419],[-2.63164,43.16421]]}},{"type":"Feature","properties":{"id":492123075,"highway":"residential"},"geometry":{"type":"LineString","coordinates":[[-2.6324,43.16408],[-2.63236,43.16409],[-2.63232,43.16411],[-2.6323,43.16414],[-2.63229,43.16417],[-2.6323,43.1642],[-2.63231,43.16423],[-2.63234,43.16425],[-2.63238,43.16427],[-2.63242,43.16428],[-2.63246,43.16427]]}},{"type":"Feature","properties":{"id":492123076,"highway":"residential","nombre":"Eguzkitza auzoa","oneway":"no"},"geometry":{"type":"LineString","coordinates":[[-2.62889,43.16072],[-2.62885,43.16085],[-2.62877,43.16112],[-2.62874,43.16124],[-2.62873,43.16129]]}},{"type":"Feature","properties":{"id":492125709,"highway":"residential","oneway":"yes"},"geometry":{"type":"LineString","coordinates":[[-2.62378,43.17073],[-2.62371,43.17083],[-2.6235,43.1711],[-2.62342,43.17127],[-2.62339,43.17135],[-2.62337,43.17144],[-2.62336,43.17151]]}},{"type":"Feature","properties":{"id":492128106,"highway":"footway"},"geometry":{"type":"LineString","coordinates":[[-2.62551,43.16194],[-2.62547,43.16204],[-2.62531,43.16258],[-2.62512,43.16321],[-2.6251,43.16328],[-2.6251,43.16329],[-2.62496,43.16378],[-2.62483,43.16421]]}},{"type":"Feature","properties":{"id":492128107,"highway":"footway"},"geometry":{"type":"LineString","coordinates":[[-2.62494,43.16318],[-2.6249,43.16317],[-2.62491,43.16313],[-2.62448,43.16305],[-2.62417,43.163],[-2.62386,43.16295]]}},{"type":"Feature","properties":{"id":492128108,"highway":"footway"},"geometry":{"type":"LineString","coordinates":[[-2.62652,43.16041],[-2.62583,43.1601],[-2.6255,43.15995],[-2.62529,43.15988],[-2.62518,43.15985],[-2.62502,43.15979],[-2.62497,43.15973],[-2.62492,43.15966],[-2.62484,43.15958],[-2.62482,43.15954],[-2.62481,43.1595],[-2.62481,43.15945],[-2.62482,43.15939],[-2.62487,43.15926],[-2.62518,43.15815]]}},{"type":"Feature","properties":{"id":492128111,"highway":"service"},"geometry":{"type":"LineString","coordinates":[[-2.62962,43.16315],[-2.62952,43.16313],[-2.62921,43.16308],[-2.62903,43.16305],[-2.62901,43.16307],[-2.62896,43.16321],[-2.62898,43.16324],[-2.62909,43.16326],[-2.62914,43.16325],[-2.62916,43.16323],[-2.62921,43.16308]]}},{"type":"Feature","properties":{"id":492128112,"highway":"service"},"geometry":{"type":"LineString","coordinates":[[-2.63064,43.16327],[-2.63055,43.16327],[-2.63049,43.16326],[-2.63045,43.16325],[-2.63041,43.16325],[-2.63038,43.16324],[-2.63011,43.16319],[-2.62967,43.16311],[-2.62963,43.1631]]}},{"type":"Feature","properties":{"id":492128113,"highway":"living_street","oneway":"yes"},"geometry":{"type":"LineString","coordinates":[[-2.6305,43.16301],[-2.63044,43.163],[-2.63042,43.163],[-2.63032,43.16299],[-2.62976,43.16289],[-2.62971,43.16288]]}},{"type":"Feature","properties":{"id":492130123,"highway":"residential","nombre":"Antso Estegiz zumardia","oneway":"yes"},"geometry":{"type":"LineString","coordinates":[[-2.62856,43.16599],[-2.62854,43.16598],[-2.6285,43.16598],[-2.62841,43.16599],[-2.62836,43.16599],[-2.62743,43.16574],[-2.62728,43.16569]]}},{"type":"Feature","properties":{"id":492130124,"highway":"residential","nombre":"Erretentxu kalea","oneway":"no"},"geometry":{"type":"LineString","coordinates":[[-2.62856,43.16599],[-2.62857,43.16596],[-2.62878,43.16543],[-2.62879,43.16539]]}},{"type":"Feature","properties":{"id":493839928,"highway":"footway"},"geometry":{"type":"LineString","coordinates":[[-2.63583,43.1706],[-2.63615,43.16992],[-2.63623,43.16989],[-2.63632,43.16989],[-2.63641,43.16986],[-2.63646,43.16983],[-2.63661,43.16958],[-2.63667,43.16954],[-2.6367,43.16953],[-2.63671,43.16952],[-2.63673,43.16949],[-2.63675,43.16945]]}},{"type":"Feature","properties":{"id":494232724,"highway":"tertiary"},"geometry":{"type":"LineString","coordinates":[[-2.64265,43.16973],[-2.64263,43.16972],[-2.64261,43.16971],[-2.64259,43.16971],[-2.64257,43.16971],[-2.64255,43.16971],[-2.64253,43.16971],[-2.64252,43.16972],[-2.6425,43.16973],[-2.64249,43.16974],[-2.64248,43.16976],[-2.64248,43.16978],[-2.64248,43.16979],[-2.64249,43.16981],[-2.64251,43.16982],[-2.64253,43.16983],[-2.64255,43.16984],[-2.64257,43.16984],[-2.6426,43.16984],[-2.64262,43.16983],[-2.64264,43.16981],[-2.64266,43.1698],[-2.64266,43.16978],[-2.64266,43.16976],[-2.64266,43.16975],[-2.64265,43.16973]]}},{"type":"Feature","properties":{"id":498313842,"highway":"track"},"geometry":{"type":"MultiLineString","coordinates":[[[-2.65565,43.16382],[-2.65541,43.1639],[-2.65532,43.16396]],[[-2.65444,43.16433],[-2.65416,43.16437],[-2.6539,43.16434],[-2.65365,43.1643],[-2.65348,43.16421],[-2.65321,43.16409],[-2.65293,43.16407],[-2.65271,43.16407],[-2.65263,43.16408]]]}},{"type":"Feature","properties":{"id":498313843,"highway":"track"},"geometry":{"type":"LineString","coordinates":[[-2.66324,43.16504],[-2.66322,43.1649],[-2.66323,43.16475]]}},{"type":"Feature","properties":{"id":498313844,"highway":"track"},"geometry":{"type":"LineString","coordinates":[[-2.65884,43.16281],[-2.65926,43.1628],[-2.65954,43.16284],[-2.6596,43.16284],[-2.6601,43.16292],[-2.66061,43.16299],[-2.6609,43.16298],[-2.66107,43.16294],[-2.66126,43.16285],[-2.66146,43.16274],[-2.66157,43.16265],[-2.66163,43.16257],[-2.66165,43.16236],[-2.66172,43.16229],[-2.66184,43.16225],[-2.66193,43.16222],[-2.66218,43.1622],[-2.6624,43.16215],[-2.66263,43.16206],[-2.66285,43.16195],[-2.66292,43.16189],[-2.66304,43.16175],[-2.66317,43.16166],[-2.6633,43.16161],[-2.66341,43.16161],[-2.66353,43.16162],[-2.66365,43.16167],[-2.66381,43.16174],[-2.66392,43.16175],[-2.66403,43.16172],[-2.66443,43.16157],[-2.66455,43.1615],[-2.66463,43.16139],[-2.66475,43.16125],[-2.66487,43.16122],[-2.66513,43.16124],[-2.66528,43.16128],[-2.66532,43.16133],[-2.66532,43.16136],[-2.66526,43.16139],[-2.66504,43.16147],[-2.665,43.16151],[-2.66485,43.16176],[-2.66466,43.16188],[-2.66459,43.16202],[-2.66457,43.16223],[-2.66449,43.16236],[-2.66442,43.16241],[-2.66428,43.16244],[-2.66411,43.16244],[-2.66401,43.16248],[-2.66381,43.16266],[-2.66373,43.16275],[-2.66365,43.16288],[-2.66354,43.16296],[-2.66346,43.16302],[-2.66343,43.16311],[-2.66344,43.1632],[-2.66351,43.16336],[-2.66357,43.16348],[-2.66357,43.16355],[-2.66352,43.16368],[-2.66337,43.16382],[-2.66331,43.16402],[-2.66328,43.16413],[-2.66318,43.16439],[-2.66315,43.16454],[-2.66318,43.16466],[-2.66321,43.1647],[-2.66323,43.16475],[-2.66331,43.1647],[-2.66338,43.16463],[-2.66354,43.16422],[-2.66356,43.16399],[-2.6637,43.16367],[-2.66388,43.16337],[-2.66391,43.16317],[-2.66403,43.16305],[-2.66429,43.16287],[-2.66463,43.16268],[-2.66477,43.16261],[-2.66515,43.16238],[-2.66587,43.16197],[-2.66616,43.1618],[-2.66686,43.16151],[-2.66716,43.1613],[-2.66745,43.1612],[-2.66786,43.16113],[-2.66801,43.16108],[-2.66854,43.16099],[-2.66886,43.161],[-2.6691,43.16107],[-2.66932,43.16121],[-2.66948,43.16129],[-2.66971,43.16133],[-2.66987,43.16135],[-2.67005,43.16138],[-2.67023,43.16142],[-2.67039,43.16149],[-2.67048,43.16154],[-2.67054,43.16159],[-2.67113,43.1619],[-2.67162,43.16201],[-2.67196,43.16205],[-2.67211,43.16206],[-2.67239,43.16209]]}},{"type":"Feature","properties":{"id":498313845,"highway":"path"},"geometry":{"type":"LineString","coordinates":[[-2.66107,43.16114],[-2.66112,43.1611],[-2.66113,43.16097],[-2.66116,43.16081],[-2.66114,43.16071],[-2.66115,43.16055],[-2.66114,43.16047],[-2.66114,43.16038],[-2.66116,43.16032],[-2.66121,43.16026],[-2.66129,43.16019],[-2.66139,43.16013],[-2.66169,43.16],[-2.66186,43.15992],[-2.66199,43.15985],[-2.66206,43.15982],[-2.66217,43.15979],[-2.6626,43.15968],[-2.66286,43.1596],[-2.66286,43.15958]]}},{"type":"Feature","properties":{"id":498313847,"highway":"track"},"geometry":{"type":"MultiLineString","coordinates":[[[-2.6773,43.16387],[-2.67732,43.1639],[-2.6776,43.1639],[-2.6782,43.16378],[-2.67905,43.16365],[-2.67962,43.1635],[-2.67988,43.1634],[-2.68036,43.16317],[-2.68063,43.1631],[-2.68103,43.16304],[-2.68121,43.16301],[-2.68149,43.16289],[-2.68206,43.1627],[-2.68239,43.16246],[-2.6829,43.16232],[-2.68338,43.16222],[-2.68347,43.16217],[-2.68358,43.16198],[-2.68371,43.16192],[-2.68447,43.16179],[-2.68486,43.16166],[-2.68536,43.16164],[-2.6856,43.16159],[-2.68575,43.16136],[-2.68584,43.16132],[-2.68598,43.16131],[-2.68606,43.16119],[-2.68617,43.16114],[-2.68644,43.16112],[-2.68667,43.16105],[-2.68683,43.16089],[-2.68696,43.16093],[-2.68705,43.161],[-2.68706,43.16113],[-2.68695,43.16145],[-2.68695,43.16159],[-2.68704,43.16178],[-2.68704,43.16211],[-2.68707,43.16233],[-2.68713,43.16244],[-2.68735,43.16259],[-2.68755,43.1628],[-2.68759,43.16293],[-2.68758,43.16305],[-2.68748,43.1632],[-2.68746,43.16337],[-2.68753,43.16352],[-2.68768,43.16369],[-2.68775,43.16412],[-2.6877,43.16434],[-2.68783,43.16473],[-2.68798,43.16494],[-2.6886,43.16538],[-2.68873,43.16547],[-2.68895,43.1655],[-2.6891,43.1654],[-2.69011,43.16513],[-2.69034,43.16476],[-2.69115,43.16444],[-2.69225,43.16448],[-2.69226,43.16448]],[[-2.69261,43.16423],[-2.69263,43.16373],[-2.69286,43.16352],[-2.69311,43.16349]]]}},{"type":"Feature","properties":{"id":498313911,"highway":"track"},"geometry":{"type":"LineString","coordinates":[[-2.63122,43.157],[-2.63117,43.15694],[-2.63117,43.15688],[-2.63126,43.15669],[-2.63137,43.15648],[-2.63138,43.15638],[-2.63127,43.15623],[-2.63115,43.15611],[-2.63095,43.15602],[-2.63072,43.15588],[-2.63059,43.15578],[-2.63049,43.15576],[-2.63036,43.15578],[-2.62994,43.15587],[-2.62985,43.15591],[-2.6298,43.15594],[-2.62971,43.15594],[-2.62962,43.1559],[-2.62957,43.15587],[-2.62953,43.15581],[-2.62947,43.1554],[-2.6294,43.1552],[-2.62934,43.1551],[-2.62928,43.15506],[-2.62921,43.15505],[-2.62896,43.15515],[-2.62881,43.15521],[-2.62869,43.15526],[-2.62858,43.15527]]}},{"type":"Feature","properties":{"id":498313918,"highway":"service"},"geometry":{"type":"LineString","coordinates":[[-2.65761,43.15161],[-2.65775,43.15166],[-2.65807,43.15178]]}},{"type":"Feature","properties":{"id":499646081,"highway":"cycleway"},"geometry":{"type":"LineString","coordinates":[[-2.62061,43.16667],[-2.6206,43.16666],[-2.62046,43.1666],[-2.62036,43.16655]]}},{"type":"Feature","properties":{"id":499646083,"highway":"service","nombre":"Undatorre kalea"},"geometry":{"type":"LineString","coordinates":[[-2.62192,43.16712],[-2.62167,43.16707],[-2.62165,43.16707],[-2.62149,43.16703],[-2.62147,43.16702],[-2.62145,43.167],[-2.62146,43.16694],[-2.62149,43.16687]]}},{"type":"Feature","properties":{"id":499646085,"highway":"residential","nombre":"Montevideo etorbidea","oneway":"yes"},"geometry":{"type":"LineString","coordinates":[[-2.63243,43.1695],[-2.63249,43.16954]]}},{"type":"Feature","properties":{"id":505030768,"highway":"service"},"geometry":{"type":"LineString","coordinates":[[-2.62328,43.16701],[-2.62328,43.16707],[-2.62328,43.16711],[-2.6233,43.16713],[-2.62334,43.16715],[-2.6234,43.16716],[-2.62345,43.16718]]}},{"type":"Feature","properties":{"id":505031224,"highway":"service"},"geometry":{"type":"LineString","coordinates":[[-2.62238,43.16688],[-2.62237,43.16692],[-2.62237,43.16692],[-2.62234,43.16698],[-2.62232,43.16704]]}},{"type":"Feature","properties":{"id":535008392,"highway":"unclassified"},"geometry":{"type":"LineString","coordinates":[[-2.63545,43.15635],[-2.63555,43.1564],[-2.63565,43.15646]]}},{"type":"Feature","properties":{"id":535008393,"highway":"unclassified","puente":"yes"},"geometry":{"type":"LineString","coordinates":[[-2.63515,43.15623],[-2.63545,43.15635]]}},{"type":"Feature","properties":{"id":535008394,"highway":"footway"},"geometry":{"type":"LineString","coordinates":[[-2.63789,43.16563],[-2.63787,43.16563]]}},{"type":"Feature","properties":{"id":535008395,"highway":"footway"},"geometry":{"type":"LineString","coordinates":[[-2.6373,43.16588],[-2.63734,43.16588]]}},{"type":"Feature","properties":{"id":558913327,"highway":"residential","nombre":"Olleria kalea","oneway":"yes","superficie":"asphalt"},"geometry":{"type":"LineString","coordinates":[[-2.62591,43.16904],[-2.62603,43.16907],[-2.62612,43.16912],[-2.62618,43.16917],[-2.62628,43.16927],[-2.62628,43.16928],[-2.62632,43.16939],[-2.6266,43.17003],[-2.62665,43.17014],[-2.62699,43.17092],[-2.62705,43.17103],[-2.62718,43.17132],[-2.62722,43.1714],[-2.62723,43.17147],[-2.62722,43.17151]]}},{"type":"Feature","properties":{"id":558922374,"highway":"pedestrian","nombre":"Madalenoste kalea","superficie":"paved"},"geometry":{"type":"LineString","coordinates":[[-2.63303,43.17163],[-2.6331,43.17154],[-2.63342,43.17113]]}},{"type":"Feature","properties":{"id":561032312,"highway":"service"},"geometry":{"type":"LineString","coordinates":[[-2.63853,43.16831],[-2.63858,43.16825],[-2.63863,43.16816],[-2.63865,43.1681],[-2.63869,43.16802],[-2.63874,43.16792],[-2.63881,43.1678],[-2.6389,43.16772]]}},{"type":"Feature","properties":{"id":562326937,"highway":"residential"},"geometry":{"type":"LineString","coordinates":[[-2.63808,43.173],[-2.63812,43.17299],[-2.63815,43.17296],[-2.63817,43.17293],[-2.63818,43.1729],[-2.63818,43.17286],[-2.63816,43.17283],[-2.63813,43.1728],[-2.63809,43.17277],[-2.63804,43.17276],[-2.63798,43.17276],[-2.63793,43.17277]]}},{"type":"Feature","properties":{"id":562892971,"highway":"service"},"geometry":{"type":"LineString","coordinates":[[-2.62484,43.15034],[-2.62495,43.15024],[-2.62498,43.15014],[-2.62492,43.15009]]}},{"type":"Feature","properties":{"id":562895738,"highway":"track","superficie":"ground"},"geometry":{"type":"LineString","coordinates":[[-2.63315,43.15443],[-2.63322,43.15448],[-2.63333,43.15464]]}},{"type":"Feature","properties":{"id":562895740,"highway":"service"},"geometry":{"type":"LineString","coordinates":[[-2.63827,43.1567],[-2.6384,43.15676],[-2.63845,43.15684],[-2.63842,43.15694],[-2.63812,43.15712],[-2.63805,43.15716],[-2.63802,43.15723],[-2.63804,43.15729],[-2.63813,43.15734],[-2.63819,43.15736],[-2.63849,43.15731],[-2.63875,43.15722],[-2.63882,43.15721],[-2.63893,43.15721],[-2.63907,43.15726],[-2.63914,43.15735],[-2.63912,43.15743],[-2.63897,43.15755]]}},{"type":"Feature","properties":{"id":595071780,"highway":"footway"},"geometry":{"type":"LineString","coordinates":[[-2.62368,43.16643],[-2.62328,43.16635],[-2.62318,43.16634],[-2.62308,43.16635],[-2.62299,43.16634],[-2.62291,43.16631],[-2.62284,43.16629],[-2.62275,43.16629],[-2.62267,43.16626],[-2.62261,43.16621],[-2.62258,43.16618]]}},{"type":"Feature","properties":{"id":595071783,"highway":"footway"},"geometry":{"type":"LineString","coordinates":[[-2.62318,43.16634],[-2.62306,43.1664],[-2.62301,43.16646],[-2.623,43.16651],[-2.62301,43.16656],[-2.62303,43.16659],[-2.62302,43.16663],[-2.62299,43.16667],[-2.62292,43.16668],[-2.62287,43.16668],[-2.62281,43.16666],[-2.62274,43.16662],[-2.62264,43.1666],[-2.62256,43.16661],[-2.62246,43.16663],[-2.62242,43.16665],[-2.62239,43.16668]]}},{"type":"Feature","properties":{"id":595071788,"highway":"footway"},"geometry":{"type":"LineString","coordinates":[[-2.62264,43.1666],[-2.62251,43.16643],[-2.62251,43.16637]]}},{"type":"Feature","properties":{"id":595071793,"highway":"residential","nombre":"Pinondo kalea","oneway":"yes"},"geometry":{"type":"LineString","coordinates":[[-2.63488,43.16585],[-2.635,43.16574],[-2.63517,43.16555],[-2.63519,43.16547],[-2.63518,43.16541],[-2.63513,43.16536],[-2.63507,43.16533],[-2.63489,43.16528],[-2.63477,43.16523],[-2.63468,43.16518],[-2.63456,43.16509],[-2.6345,43.16502],[-2.63441,43.16491],[-2.63438,43.16484],[-2.63434,43.16476],[-2.63427,43.16471],[-2.63421,43.16466],[-2.63413,43.16464],[-2.63404,43.16464],[-2.63396,43.16465],[-2.6339,43.16469],[-2.63384,43.16474],[-2.63382,43.16479],[-2.63381,43.16486],[-2.63385,43.16494],[-2.63393,43.165],[-2.634,43.16506],[-2.63407,43.16512],[-2.63414,43.16519],[-2.63424,43.16532],[-2.63433,43.16546],[-2.63439,43.16558],[-2.63442,43.16564],[-2.63449,43.16576],[-2.63455,43.16583],[-2.63463,43.16587],[-2.63472,43.16589],[-2.63481,43.16589],[-2.63488,43.16585]]}},{"type":"Feature","properties":{"id":595071812,"highway":"footway"},"geometry":{"type":"LineString","coordinates":[[-2.61737,43.16298],[-2.61725,43.16307],[-2.61721,43.16308],[-2.61695,43.16318],[-2.61692,43.16319]]}},{"type":"Feature","properties":{"id":595071815,"highway":"footway"},"geometry":{"type":"LineString","coordinates":[[-2.61753,43.1632],[-2.61747,43.1632],[-2.61725,43.16307]]}},{"type":"Feature","properties":{"id":595071817,"highway":"footway"},"geometry":{"type":"LineString","coordinates":[[-2.61721,43.16308],[-2.61747,43.16359],[-2.61747,43.16368]]}},{"type":"Feature","properties":{"id":607152169,"highway":"footway"},"geometry":{"type":"LineString","coordinates":[[-2.64059,43.17043],[-2.64061,43.17041],[-2.64061,43.17038],[-2.64061,43.17034],[-2.64059,43.17031]]}},{"type":"Feature","properties":{"id":607152170,"highway":"footway"},"geometry":{"type":"LineString","coordinates":[[-2.64041,43.17041],[-2.6404,43.17038],[-2.64041,43.17035],[-2.64042,43.17032],[-2.64046,43.1703]]}},{"type":"Feature","properties":{"id":626130554,"highway":"primary","ref":"BI-623","superficie":"asphalt"},"geometry":{"type":"LineString","coordinates":[[-2.63829,43.15633],[-2.63835,43.15626]]}},{"type":"Feature","properties":{"id":626136897,"highway":"primary","ref":"BI-623","oneway":"yes","superficie":"asphalt"},"geometry":{"type":"LineString","coordinates":[[-2.63348,43.16276],[-2.63358,43.16321],[-2.63364,43.16346],[-2.63371,43.16363],[-2.63379,43.16377],[-2.63391,43.16394],[-2.63404,43.16409],[-2.63424,43.16428],[-2.6344,43.16441],[-2.63466,43.16456],[-2.63504,43.16474],[-2.63631,43.16531],[-2.63684,43.16553],[-2.63751,43.16581]]}},{"type":"Feature","properties":{"id":626136898,"highway":"primary","ref":"BI-623","oneway":"yes","superficie":"asphalt"},"geometry":{"type":"LineString","coordinates":[[-2.63383,43.16366],[-2.63376,43.16353],[-2.63371,43.16337],[-2.63365,43.16313],[-2.63356,43.16274],[-2.63354,43.1626],[-2.63354,43.16248],[-2.63356,43.16238],[-2.63359,43.16227],[-2.63365,43.16217]]}},{"type":"Feature","properties":{"id":626136899,"highway":"primary","ref":"BI-623","oneway":"yes","superficie":"asphalt"},"geometry":{"type":"LineString","coordinates":[[-2.63751,43.16581],[-2.6379,43.16596],[-2.63848,43.16616],[-2.63915,43.16636],[-2.63962,43.16647],[-2.63999,43.16655]]}},{"type":"Feature","properties":{"id":626136900,"highway":"primary","ref":"BI-623","oneway":"yes","superficie":"asphalt"},"geometry":{"type":"LineString","coordinates":[[-2.63999,43.16655],[-2.64041,43.16663],[-2.64063,43.16667],[-2.64076,43.1667],[-2.64089,43.16674]]}},{"type":"Feature","properties":{"id":626136901,"highway":"primary","ref":"BI-623","oneway":"yes","superficie":"asphalt"},"geometry":{"type":"LineString","coordinates":[[-2.64201,43.1668],[-2.64268,43.16689],[-2.64312,43.16696],[-2.64356,43.16707],[-2.64397,43.16723],[-2.6442,43.16736],[-2.64435,43.16745]]}},{"type":"Feature","properties":{"id":629832190,"highway":"secondary","superficie":"asphalt"},"geometry":{"type":"LineString","coordinates":[[-2.6258,43.16902],[-2.62585,43.16903],[-2.62591,43.16904]]}},{"type":"Feature","properties":{"id":629832191,"highway":"secondary","superficie":"asphalt"},"geometry":{"type":"LineString","coordinates":[[-2.62571,43.16875],[-2.62567,43.1688],[-2.62566,43.16886],[-2.62568,43.16893],[-2.62573,43.16898],[-2.6258,43.16902]]}},{"type":"Feature","properties":{"id":629832192,"highway":"secondary","superficie":"asphalt"},"geometry":{"type":"LineString","coordinates":[[-2.62591,43.16904],[-2.626,43.16903],[-2.62607,43.16901],[-2.62613,43.16897],[-2.62617,43.16891],[-2.62618,43.16885]]}},{"type":"Feature","properties":{"id":629832196,"highway":"residential","nombre":"Landako etorbidea","oneway":"yes","superficie":"asphalt"},"geometry":{"type":"LineString","coordinates":[[-2.63316,43.17174],[-2.63333,43.17175],[-2.63351,43.17175]]}},{"type":"Feature","properties":{"id":629832197,"highway":"residential","nombre":"Landako etorbidea","oneway":"yes","superficie":"asphalt"},"geometry":{"type":"LineString","coordinates":[[-2.63351,43.17167],[-2.63334,43.17167],[-2.63308,43.17167]]}},{"type":"Feature","properties":{"id":630169857,"highway":"primary","superficie":"asphalt"},"geometry":{"type":"LineString","coordinates":[[-2.63305,43.16182],[-2.633,43.16191],[-2.633,43.162],[-2.63303,43.16209],[-2.63311,43.16216]]}},{"type":"Feature","properties":{"id":630169862,"highway":"primary","superficie":"asphalt"},"geometry":{"type":"LineString","coordinates":[[-2.63333,43.16168],[-2.63322,43.16171],[-2.63312,43.16176],[-2.63305,43.16182]]}},{"type":"Feature","properties":{"id":630169866,"highway":"primary","superficie":"asphalt"},"geometry":{"type":"LineString","coordinates":[[-2.63371,43.16181],[-2.63365,43.16176],[-2.63358,43.16172],[-2.6335,43.1617],[-2.63342,43.16168],[-2.63333,43.16168]]}},{"type":"Feature","properties":{"id":630169871,"highway":"primary","ref":"BI-623","superficie":"asphalt"},"geometry":{"type":"LineString","coordinates":[[-2.63784,43.15644],[-2.6378,43.15647],[-2.63777,43.1565],[-2.63774,43.15654],[-2.63773,43.15658],[-2.63773,43.15663],[-2.63774,43.15668],[-2.63777,43.15672]]}},{"type":"Feature","properties":{"id":630169877,"highway":"secondary","superficie":"asphalt"},"geometry":{"type":"LineString","coordinates":[[-2.62618,43.16885],[-2.62618,43.16882],[-2.62616,43.16878],[-2.62613,43.16874],[-2.62609,43.1687],[-2.62607,43.1687]]}},{"type":"Feature","properties":{"id":630169880,"highway":"secondary","superficie":"asphalt"},"geometry":{"type":"LineString","coordinates":[[-2.62579,43.16869],[-2.62574,43.16872],[-2.62571,43.16875]]}},{"type":"Feature","properties":{"id":630169883,"highway":"residential"},"geometry":{"type":"LineString","coordinates":[[-2.62778,43.1642],[-2.62781,43.16422],[-2.62785,43.16423],[-2.62789,43.16424],[-2.62793,43.16424]]}},{"type":"Feature","properties":{"id":630169886,"highway":"residential"},"geometry":{"type":"LineString","coordinates":[[-2.62793,43.16404],[-2.62788,43.16404],[-2.62784,43.16404],[-2.6278,43.16406],[-2.62778,43.16408],[-2.62776,43.16411],[-2.62775,43.16414],[-2.62776,43.16417],[-2.62778,43.1642]]}},{"type":"Feature","properties":{"id":630169898,"highway":"residential","nombre":"Arriluzea kalea"},"geometry":{"type":"LineString","coordinates":[[-2.63,43.16197],[-2.63002,43.162],[-2.63005,43.16202],[-2.63008,43.16204],[-2.63013,43.16205],[-2.63017,43.16205],[-2.63021,43.16204],[-2.63025,43.16202],[-2.63029,43.162]]}},{"type":"Feature","properties":{"id":630169904,"highway":"residential","superficie":"asphalt"},"geometry":{"type":"LineString","coordinates":[[-2.63351,43.17175],[-2.63352,43.17176],[-2.63354,43.17178],[-2.63356,43.17179],[-2.6336,43.17179],[-2.63363,43.17179],[-2.63367,43.17177],[-2.63369,43.17175]]}},{"type":"Feature","properties":{"id":630169908,"highway":"residential"},"geometry":{"type":"LineString","coordinates":[[-2.63783,43.17287],[-2.63783,43.17291],[-2.63784,43.17295],[-2.63788,43.17298],[-2.63792,43.173],[-2.63797,43.17302],[-2.63803,43.17302],[-2.63808,43.173]]}},{"type":"Feature","properties":{"id":630169910,"highway":"residential","puente":"yes"},"geometry":{"type":"LineString","coordinates":[[-2.6383,43.17321],[-2.63836,43.17332],[-2.63837,43.17333]]}},{"type":"Feature","properties":{"id":630921940,"highway":"path"},"geometry":{"type":"LineString","coordinates":[[-2.69505,43.15452],[-2.69516,43.15448]]}},{"type":"Feature","properties":{"id":631302474,"highway":"residential"},"geometry":{"type":"LineString","coordinates":[[-2.63793,43.17277],[-2.63788,43.17279],[-2.63784,43.17283],[-2.63783,43.17287]]}},{"type":"Feature","properties":{"id":631302475,"highway":"residential"},"geometry":{"type":"LineString","coordinates":[[-2.63873,43.17167],[-2.63871,43.17165],[-2.63869,43.17164],[-2.63866,43.17163],[-2.63864,43.17163]]}},{"type":"Feature","properties":{"id":631302476,"highway":"residential"},"geometry":{"type":"LineString","coordinates":[[-2.63864,43.17163],[-2.6386,43.17164],[-2.63857,43.17165],[-2.63855,43.17167],[-2.63854,43.17169],[-2.63854,43.17171],[-2.63855,43.17173],[-2.63856,43.17175],[-2.63859,43.17176]]}},{"type":"Feature","properties":{"id":631302477,"highway":"tertiary"},"geometry":{"type":"LineString","coordinates":[[-2.64009,43.16939],[-2.64005,43.16941],[-2.64002,43.16944],[-2.64,43.16947],[-2.63999,43.1695],[-2.63999,43.16954]]}},{"type":"Feature","properties":{"id":631302479,"highway":"tertiary"},"geometry":{"type":"LineString","coordinates":[[-2.64031,43.16944],[-2.64028,43.16941],[-2.64024,43.16939],[-2.64019,43.16938],[-2.64013,43.16938],[-2.64009,43.16939]]}},{"type":"Feature","properties":{"id":631302480,"highway":"tertiary"},"geometry":{"type":"LineString","coordinates":[[-2.63999,43.16954],[-2.64001,43.16957],[-2.64002,43.16957],[-2.64004,43.16959],[-2.64008,43.16962],[-2.64013,43.16963],[-2.64018,43.16963],[-2.64023,43.16962]]}},{"type":"Feature","properties":{"id":631302482,"highway":"secondary"},"geometry":{"type":"LineString","coordinates":[[-2.64071,43.16883],[-2.64071,43.1688],[-2.6407,43.16877],[-2.64067,43.16874],[-2.64064,43.16872]]}},{"type":"Feature","properties":{"id":631302483,"highway":"secondary"},"geometry":{"type":"LineString","coordinates":[[-2.64064,43.16892],[-2.64068,43.16889],[-2.6407,43.16886],[-2.64071,43.16883]]}},{"type":"Feature","properties":{"id":631302484,"highway":"secondary"},"geometry":{"type":"LineString","coordinates":[[-2.64042,43.16888],[-2.64045,43.1689],[-2.64049,43.16892],[-2.64054,43.16893],[-2.64059,43.16893],[-2.64064,43.16892]]}},{"type":"Feature","properties":{"id":631302486,"highway":"primary","ref":"BI-623","superficie":"asphalt"},"geometry":{"type":"LineString","coordinates":[[-2.64089,43.16674],[-2.64092,43.16679],[-2.64097,43.16683]]}},{"type":"Feature","properties":{"id":631302488,"highway":"primary","ref":"BI-623","superficie":"asphalt"},"geometry":{"type":"LineString","coordinates":[[-2.64093,43.16652],[-2.64088,43.16659],[-2.64087,43.16667],[-2.64089,43.16674]]}},{"type":"Feature","properties":{"id":631302489,"highway":"primary","ref":"BI-623","superficie":"asphalt"},"geometry":{"type":"LineString","coordinates":[[-2.64097,43.16683],[-2.64106,43.16688],[-2.64117,43.1669],[-2.64128,43.16689],[-2.64138,43.16685],[-2.64143,43.16681]]}},{"type":"Feature","properties":{"id":631302490,"highway":"primary","superficie":"asphalt"},"geometry":{"type":"LineString","coordinates":[[-2.63311,43.16216],[-2.63317,43.1622]]}},{"type":"Feature","properties":{"id":631312288,"highway":"primary","superficie":"asphalt"},"geometry":{"type":"LineString","coordinates":[[-2.63317,43.1622],[-2.63329,43.16224],[-2.63342,43.16225],[-2.63354,43.16222],[-2.63365,43.16217]]}},{"type":"Feature","properties":{"id":631312289,"highway":"primary","ref":"BI-623","superficie":"asphalt"},"geometry":{"type":"LineString","coordinates":[[-2.64143,43.16681],[-2.6415,43.16674],[-2.64151,43.16665],[-2.64148,43.16656]]}},{"type":"Feature","properties":{"id":631777459,"highway":"primary","ref":"BI-623","oneway":"yes","superficie":"asphalt"},"geometry":{"type":"LineString","coordinates":[[-2.64529,43.16987],[-2.64534,43.16969],[-2.64538,43.16952],[-2.64542,43.16907]]}},{"type":"Feature","properties":{"id":631777460,"highway":"primary","nombre":"San Roke auzunea","ref":"BI-623","oneway":"yes","superficie":"asphalt"},"geometry":{"type":"LineString","coordinates":[[-2.64542,43.16907],[-2.64541,43.16886],[-2.64536,43.16862],[-2.64524,43.1683],[-2.64505,43.16798],[-2.64484,43.16773],[-2.64467,43.16759]]}},{"type":"Feature","properties":{"id":631777461,"highway":"secondary","nombre":"Sanrokebide kalea","oneway":"no"},"geometry":{"type":"LineString","coordinates":[[-2.64095,43.16775],[-2.64101,43.1675],[-2.64106,43.16725]]}},{"type":"Feature","properties":{"id":643745265,"highway":"path"},"geometry":{"type":"LineString","coordinates":[[-2.69022,43.15191],[-2.69007,43.15194],[-2.68999,43.15195],[-2.68994,43.15195],[-2.68986,43.15195],[-2.6898,43.15195],[-2.68975,43.15196]]}},{"type":"Feature","properties":{"id":649567804,"highway":"path"},"geometry":{"type":"LineString","coordinates":[[-2.69476,43.15395],[-2.69472,43.15396],[-2.69465,43.15395]]}},{"type":"Feature","properties":{"id":649567805,"highway":"path"},"geometry":{"type":"LineString","coordinates":[[-2.69512,43.1549],[-2.69518,43.15503],[-2.69521,43.15522],[-2.69524,43.15539],[-2.69525,43.15556],[-2.69527,43.1557],[-2.69529,43.15583],[-2.69538,43.15598],[-2.69546,43.15613],[-2.69549,43.15629],[-2.69551,43.15641],[-2.69555,43.15648]]}},{"type":"Feature","properties":{"id":650181524,"highway":"service"},"geometry":{"type":"LineString","coordinates":[[-2.62167,43.15317],[-2.62121,43.15297],[-2.62104,43.15295],[-2.62072,43.15294],[-2.62036,43.15287],[-2.62008,43.15276],[-2.61991,43.1527],[-2.61989,43.15268]]}},{"type":"Feature","properties":{"id":650204966,"highway":"service"},"geometry":{"type":"LineString","coordinates":[[-2.62705,43.15591],[-2.62711,43.15598],[-2.62714,43.1561],[-2.6272,43.15641],[-2.62722,43.15647],[-2.6273,43.15652],[-2.62778,43.15687],[-2.62879,43.15773],[-2.62896,43.15785],[-2.62943,43.15794],[-2.62934,43.15829],[-2.62928,43.15841],[-2.62885,43.1584],[-2.62811,43.15815]]}},{"type":"Feature","properties":{"id":650209061,"highway":"footway"},"geometry":{"type":"LineString","coordinates":[[-2.62849,43.16228],[-2.62854,43.16232],[-2.62857,43.16237],[-2.62859,43.16239],[-2.62862,43.16239],[-2.62864,43.16237],[-2.62874,43.16225],[-2.62885,43.16216],[-2.62892,43.16213],[-2.62896,43.16214],[-2.62898,43.16218],[-2.62898,43.16224],[-2.62895,43.16244],[-2.62895,43.16251],[-2.62897,43.16257],[-2.629,43.16261],[-2.62906,43.16265],[-2.62905,43.16271],[-2.62904,43.16272]]}},{"type":"Feature","properties":{"id":650209063,"highway":"footway"},"geometry":{"type":"LineString","coordinates":[[-2.62906,43.16265],[-2.62931,43.16194],[-2.62936,43.16184],[-2.62915,43.16175],[-2.62909,43.16172],[-2.62901,43.16168]]}},{"type":"Feature","properties":{"id":654273705,"highway":"footway"},"geometry":{"type":"LineString","coordinates":[[-2.64299,43.16893],[-2.64298,43.16891],[-2.64294,43.16889],[-2.64286,43.16886],[-2.64278,43.16886],[-2.64256,43.16884]]}},{"type":"Feature","properties":{"id":654273706,"highway":"footway"},"geometry":{"type":"LineString","coordinates":[[-2.64256,43.16884],[-2.64198,43.16878],[-2.6416,43.16874],[-2.64161,43.1687]]}},{"type":"Feature","properties":{"id":672503763,"highway":"residential","superficie":"asphalt"},"geometry":{"type":"LineString","coordinates":[[-2.63369,43.17175],[-2.6337,43.17173],[-2.6337,43.1717],[-2.63369,43.17168]]}},{"type":"Feature","properties":{"id":672503764,"highway":"residential","superficie":"asphalt"},"geometry":{"type":"LineString","coordinates":[[-2.63351,43.17167],[-2.6335,43.1717],[-2.6335,43.17172],[-2.63351,43.17175]]}},{"type":"Feature","properties":{"id":672503765,"highway":"residential","superficie":"asphalt"},"geometry":{"type":"LineString","coordinates":[[-2.63369,43.17168],[-2.63367,43.17166],[-2.63363,43.17165],[-2.6336,43.17164],[-2.63357,43.17165],[-2.63353,43.17166],[-2.63351,43.17167]]}},{"type":"Feature","properties":{"id":674763564,"highway":"track"},"geometry":{"type":"LineString","coordinates":[[-2.69192,43.15253],[-2.69191,43.15257],[-2.69191,43.15262],[-2.69191,43.15266],[-2.69191,43.15272]]}},{"type":"Feature","properties":{"id":674763585,"highway":"track"},"geometry":{"type":"LineString","coordinates":[[-2.68913,43.15178],[-2.68916,43.15178],[-2.68928,43.15181],[-2.68936,43.15182],[-2.68941,43.15183],[-2.68946,43.15182],[-2.68952,43.15182],[-2.68956,43.1518],[-2.6896,43.15179],[-2.68963,43.15178],[-2.68968,43.15174],[-2.6897,43.15174],[-2.68974,43.15173],[-2.68973,43.15173],[-2.68977,43.15173],[-2.68979,43.15174],[-2.68981,43.15174],[-2.68983,43.15175],[-2.68988,43.1518],[-2.68994,43.15183],[-2.69,43.15185],[-2.69009,43.15187],[-2.69016,43.15189],[-2.69022,43.15191],[-2.69026,43.15193],[-2.69031,43.15196],[-2.69034,43.15197],[-2.69039,43.15202]]}},{"type":"Feature","properties":{"id":674768940,"highway":"track"},"geometry":{"type":"LineString","coordinates":[[-2.69039,43.15202],[-2.69046,43.15209],[-2.69054,43.15216],[-2.69061,43.15225],[-2.69066,43.15228]]}},{"type":"Feature","properties":{"id":688751277,"highway":"path"},"geometry":{"type":"LineString","coordinates":[[-2.64309,43.16514],[-2.64288,43.16505],[-2.64275,43.16499],[-2.64266,43.16495],[-2.64264,43.16491],[-2.64268,43.16482],[-2.64269,43.16475],[-2.64267,43.16466],[-2.64259,43.16459],[-2.64246,43.16451],[-2.64236,43.16439],[-2.64209,43.16422],[-2.64185,43.16411],[-2.64165,43.16397],[-2.64147,43.16381],[-2.64133,43.16371],[-2.64125,43.16364],[-2.64123,43.16358],[-2.64122,43.16352]]}},{"type":"Feature","properties":{"id":688751278,"highway":"service"},"geometry":{"type":"LineString","coordinates":[[-2.64479,43.16351],[-2.64463,43.16363],[-2.64414,43.16407],[-2.64368,43.16458],[-2.64322,43.16511],[-2.64315,43.16513],[-2.64309,43.16514]]}},{"type":"Feature","properties":{"id":688751279,"highway":"service"},"geometry":{"type":"LineString","coordinates":[[-2.64491,43.16343],[-2.64479,43.16351]]}},{"type":"Feature","properties":{"id":688751280,"highway":"service"},"geometry":{"type":"LineString","coordinates":[[-2.64309,43.16514],[-2.64306,43.16518],[-2.64306,43.16523],[-2.64312,43.16526],[-2.6432,43.16525],[-2.64326,43.16522],[-2.64326,43.16517],[-2.64322,43.16511]]}},{"type":"Feature","properties":{"id":688751281,"highway":"path"},"geometry":{"type":"LineString","coordinates":[[-2.64411,43.16289],[-2.6444,43.16308],[-2.64461,43.16324],[-2.64474,43.16338],[-2.64479,43.16351]]}},{"type":"Feature","properties":{"id":688751284,"highway":"track"},"geometry":{"type":"LineString","coordinates":[[-2.64223,43.16315],[-2.64209,43.1632],[-2.64171,43.1633],[-2.64149,43.16335],[-2.64139,43.16339],[-2.64122,43.16352],[-2.64116,43.16353],[-2.64087,43.16337]]}},{"type":"Feature","properties":{"id":688751296,"highway":"path"},"geometry":{"type":"LineString","coordinates":[[-2.65351,43.15228],[-2.65352,43.1523],[-2.65353,43.15237],[-2.65351,43.15243],[-2.65349,43.15247]]}},{"type":"Feature","properties":{"id":688751298,"highway":"path"},"geometry":{"type":"MultiLineString","coordinates":[[[-2.65456,43.15167],[-2.65451,43.15168],[-2.65439,43.15167]],[[-2.65398,43.15168],[-2.65364,43.1517],[-2.65359,43.15174],[-2.65356,43.15186]]]}},{"type":"Feature","properties":{"id":688751304,"highway":"track"},"geometry":{"type":"LineString","coordinates":[[-2.66676,43.15107],[-2.66678,43.15109],[-2.66691,43.15118],[-2.66699,43.15124]]}},{"type":"Feature","properties":{"id":688751306,"highway":"track"},"geometry":{"type":"LineString","coordinates":[[-2.66699,43.15124],[-2.66712,43.15139],[-2.66726,43.15155]]}},{"type":"Feature","properties":{"id":688751307,"highway":"path"},"geometry":{"type":"LineString","coordinates":[[-2.66699,43.15124],[-2.6669,43.15134],[-2.66679,43.15148],[-2.66662,43.15159],[-2.6661,43.15183],[-2.66607,43.1519],[-2.66598,43.15209],[-2.66592,43.15222],[-2.66576,43.15233],[-2.66565,43.15235],[-2.66531,43.15218],[-2.66513,43.15211],[-2.66495,43.15212],[-2.66463,43.15202],[-2.66452,43.15201],[-2.66422,43.15203],[-2.66415,43.15203],[-2.66411,43.15195],[-2.66408,43.15191],[-2.66406,43.15189],[-2.66402,43.15186],[-2.66394,43.1518],[-2.66388,43.15176],[-2.66378,43.15168],[-2.66377,43.15167],[-2.66375,43.15167],[-2.66373,43.15167],[-2.66372,43.15168],[-2.6637,43.1517],[-2.6637,43.15172],[-2.66369,43.15174],[-2.66367,43.15175],[-2.66365,43.15175],[-2.66361,43.15174],[-2.66344,43.15172],[-2.66327,43.1517],[-2.6632,43.15169],[-2.66314,43.15167],[-2.6631,43.15166],[-2.66307,43.15166],[-2.66304,43.15167],[-2.66299,43.15168],[-2.66295,43.1517],[-2.66289,43.15172],[-2.66282,43.15173],[-2.66269,43.15174],[-2.6625,43.15159]]}},{"type":"Feature","properties":{"id":688751308,"highway":"track"},"geometry":{"type":"LineString","coordinates":[[-2.66116,43.15935],[-2.6612,43.15929],[-2.66123,43.15919],[-2.66114,43.15894],[-2.66105,43.15868],[-2.66103,43.15856],[-2.66109,43.15845],[-2.66121,43.15831],[-2.66173,43.15798],[-2.66188,43.15788],[-2.662,43.15776],[-2.66208,43.15762],[-2.6622,43.15727],[-2.66225,43.15718],[-2.66239,43.1571],[-2.66277,43.15685],[-2.66288,43.15675],[-2.66299,43.15661],[-2.66303,43.15648],[-2.66302,43.15636]]}},{"type":"Feature","properties":{"id":688751309,"highway":"service","nombre":"San Roke"},"geometry":{"type":"LineString","coordinates":[[-2.66116,43.15935],[-2.66122,43.15938],[-2.6613,43.15943],[-2.66149,43.15947],[-2.66155,43.15948],[-2.66258,43.1596],[-2.66273,43.1596],[-2.66286,43.15958],[-2.66303,43.15951],[-2.66315,43.15945],[-2.66328,43.15934],[-2.66346,43.15913],[-2.66366,43.15896],[-2.66384,43.15886],[-2.66411,43.15875],[-2.66483,43.15854],[-2.66545,43.15843],[-2.6656,43.15838],[-2.66568,43.15833],[-2.66572,43.1582],[-2.66577,43.15819],[-2.66596,43.15816],[-2.6661,43.1581],[-2.66641,43.15804],[-2.66653,43.158],[-2.66665,43.15793],[-2.66671,43.15787],[-2.66676,43.15779],[-2.66677,43.15769],[-2.66674,43.15748],[-2.6666,43.15716],[-2.66657,43.15698],[-2.6666,43.1568],[-2.66669,43.15666],[-2.6668,43.15657],[-2.66696,43.15654],[-2.66777,43.15654],[-2.66818,43.15652],[-2.66829,43.15648],[-2.66855,43.15631],[-2.66907,43.15617],[-2.66917,43.15609],[-2.6692,43.156],[-2.6692,43.1559],[-2.66939,43.15517],[-2.66962,43.15506],[-2.66987,43.15505],[-2.67041,43.15529],[-2.67122,43.15576],[-2.67147,43.15594],[-2.67157,43.15599],[-2.67165,43.15601],[-2.67201,43.15608],[-2.67223,43.15612],[-2.6723,43.15612],[-2.6726,43.15612],[-2.67301,43.15605],[-2.67314,43.15605],[-2.67329,43.1561],[-2.67339,43.1562],[-2.67348,43.15624],[-2.67367,43.1563],[-2.6743,43.15641],[-2.67452,43.15644],[-2.67508,43.15644],[-2.67519,43.15646],[-2.67549,43.15659],[-2.67562,43.15662],[-2.67586,43.15662],[-2.67604,43.1566],[-2.67653,43.15666],[-2.67692,43.15669],[-2.67711,43.1567],[-2.67722,43.15688],[-2.67734,43.15693],[-2.67736,43.15695],[-2.67744,43.15702]]}},{"type":"Feature","properties":{"id":688751310,"highway":"track"},"geometry":{"type":"LineString","coordinates":[[-2.67748,43.16283],[-2.67744,43.1629],[-2.67732,43.16307],[-2.67726,43.16319],[-2.67721,43.16326],[-2.67705,43.16336],[-2.67687,43.16347],[-2.67663,43.16355],[-2.67648,43.16361],[-2.67608,43.16383],[-2.67595,43.16391],[-2.67583,43.16406],[-2.67571,43.16425],[-2.6755,43.16444],[-2.6754,43.16454],[-2.67536,43.16461]]}},{"type":"Feature","properties":{"id":688751311,"highway":"track"},"geometry":{"type":"LineString","coordinates":[[-2.67748,43.16283],[-2.67748,43.1629],[-2.67743,43.16307],[-2.67741,43.16312],[-2.67744,43.1632],[-2.67746,43.16328],[-2.67745,43.16336],[-2.67737,43.16348],[-2.67734,43.16373],[-2.6773,43.16387]]}},{"type":"Feature","properties":{"id":689202081,"highway":"unclassified"},"geometry":{"type":"LineString","coordinates":[[-2.63279,43.1549],[-2.633,43.15471],[-2.63312,43.15463],[-2.63322,43.15462],[-2.63333,43.15464]]}},{"type":"Feature","properties":{"id":689202082,"highway":"residential","nombre":"Arriluzea kalea"},"geometry":{"type":"LineString","coordinates":[[-2.6303,43.16187],[-2.63027,43.16185],[-2.63024,43.16183],[-2.6302,43.16181]]}},{"type":"Feature","properties":{"id":689202083,"highway":"residential"},"geometry":{"type":"LineString","coordinates":[[-2.63246,43.16427],[-2.6325,43.16426],[-2.63254,43.16424],[-2.63256,43.16421],[-2.63256,43.16418],[-2.63255,43.16414],[-2.63253,43.16412],[-2.6325,43.16409],[-2.63247,43.16408],[-2.63243,43.16408],[-2.6324,43.16408]]}},{"type":"Feature","properties":{"id":689202085,"highway":"secondary"},"geometry":{"type":"LineString","coordinates":[[-2.64056,43.16871],[-2.64051,43.16871]]}},{"type":"Feature","properties":{"id":689202086,"highway":"secondary"},"geometry":{"type":"LineString","coordinates":[[-2.64064,43.16872],[-2.64061,43.16871],[-2.64059,43.16871],[-2.64056,43.16871]]}},{"type":"Feature","properties":{"id":689202087,"highway":"residential","nombre":"Sanrokebide kalea","oneway":"yes"},"geometry":{"type":"LineString","coordinates":[[-2.6415,43.16881],[-2.64099,43.16875],[-2.64078,43.16875],[-2.64076,43.16875]]}},{"type":"Feature","properties":{"id":689202088,"highway":"residential","nombre":"Bustintza kalea"},"geometry":{"type":"LineString","coordinates":[[-2.6415,43.16881],[-2.64151,43.16877],[-2.64154,43.16869],[-2.64157,43.16856]]}},{"type":"Feature","properties":{"id":689202092,"highway":"service","nombre":"San Roke"},"geometry":{"type":"LineString","coordinates":[[-2.65869,43.16286],[-2.65884,43.16281],[-2.65901,43.16274],[-2.65911,43.1627],[-2.6592,43.16267],[-2.65955,43.16253],[-2.65979,43.16242],[-2.66003,43.16229],[-2.66015,43.16221],[-2.66023,43.16212],[-2.66036,43.16185],[-2.66044,43.16176],[-2.66065,43.16159],[-2.66098,43.16136],[-2.66103,43.1613],[-2.66107,43.16122],[-2.66107,43.16114],[-2.66106,43.16105],[-2.66103,43.16096],[-2.66099,43.16081],[-2.6609,43.16041],[-2.66092,43.1602],[-2.66092,43.15998],[-2.66095,43.1596],[-2.66104,43.15944],[-2.66116,43.15935]]}},{"type":"Feature","properties":{"id":692788520,"highway":"residential","nombre":"Arriluzea kalea"},"geometry":{"type":"LineString","coordinates":[[-2.63003,43.16184],[-2.63,43.16187],[-2.62999,43.1619],[-2.62999,43.16194],[-2.63,43.16197]]}},{"type":"Feature","properties":{"id":692788521,"highway":"residential","nombre":"Arriluzea kalea"},"geometry":{"type":"LineString","coordinates":[[-2.63029,43.162],[-2.63031,43.16197],[-2.63032,43.16194],[-2.63031,43.1619],[-2.6303,43.16187]]}},{"type":"Feature","properties":{"id":692788522,"highway":"residential","nombre":"Arriluzea kalea"},"geometry":{"type":"LineString","coordinates":[[-2.6302,43.16181],[-2.63015,43.16181],[-2.63011,43.16181],[-2.63007,43.16182],[-2.63003,43.16184]]}},{"type":"Feature","properties":{"id":746603895,"highway":"service"},"geometry":{"type":"LineString","coordinates":[[-2.62287,43.17067],[-2.62286,43.17074],[-2.62285,43.17078],[-2.62283,43.17081],[-2.62281,43.17082],[-2.62275,43.17082],[-2.62248,43.17081]]}},{"type":"Feature","properties":{"id":779507693,"highway":"path"},"geometry":{"type":"LineString","coordinates":[[-2.6546,43.15771],[-2.65453,43.1577],[-2.65438,43.15751],[-2.65417,43.15733],[-2.65399,43.15719],[-2.65384,43.15701],[-2.65379,43.15684],[-2.65387,43.15675],[-2.65409,43.15672],[-2.65437,43.15652],[-2.65458,43.1563],[-2.65491,43.1562],[-2.65519,43.15599],[-2.6553,43.15587],[-2.65534,43.15562],[-2.65552,43.15521],[-2.65545,43.15518],[-2.65501,43.15546],[-2.65438,43.15579],[-2.65404,43.15593],[-2.65368,43.15609],[-2.65349,43.15625],[-2.65287,43.15647],[-2.65286,43.15667],[-2.653,43.15694],[-2.65292,43.15728],[-2.65247,43.15756],[-2.65222,43.15767],[-2.65174,43.1578],[-2.65118,43.15794],[-2.6511,43.15795]]}},{"type":"Feature","properties":{"id":849829419,"highway":"path"},"geometry":{"type":"LineString","coordinates":[[-2.66412,43.15322],[-2.66374,43.15283],[-2.66339,43.15253],[-2.66319,43.1523],[-2.66301,43.15202],[-2.66282,43.15181],[-2.66269,43.15174]]}},{"type":"Feature","properties":{"id":849829420,"highway":"path"},"geometry":{"type":"LineString","coordinates":[[-2.66385,43.15555],[-2.66399,43.15529],[-2.664,43.155],[-2.66408,43.15489],[-2.66456,43.15494],[-2.66462,43.15489],[-2.66445,43.15464],[-2.66436,43.15432],[-2.66432,43.15381],[-2.66417,43.15341],[-2.66412,43.15322],[-2.66411,43.15309],[-2.66386,43.15241],[-2.66378,43.15191],[-2.66375,43.15167]]}},{"type":"Feature","properties":{"id":849829421,"highway":"track"},"geometry":{"type":"LineString","coordinates":[[-2.66515,43.15299],[-2.66471,43.15293],[-2.66441,43.15296],[-2.66411,43.15309]]}},{"type":"Feature","properties":{"id":849829422,"highway":"path"},"geometry":{"type":"LineString","coordinates":[[-2.66572,43.1582],[-2.66562,43.15813],[-2.66562,43.15794],[-2.66524,43.15791],[-2.66505,43.15787],[-2.66557,43.15748],[-2.66536,43.15738],[-2.66516,43.15737],[-2.6646,43.15755],[-2.66402,43.15778],[-2.66375,43.15772],[-2.66355,43.15751],[-2.6633,43.15718],[-2.6631,43.15678],[-2.66299,43.15661]]}},{"type":"Feature","properties":{"id":849829423,"highway":"path","nombre":"Monegros Bonus"},"geometry":{"type":"LineString","coordinates":[[-2.6685,43.15387],[-2.66834,43.15417],[-2.66779,43.15463],[-2.66767,43.15505],[-2.66774,43.15537],[-2.66766,43.15546],[-2.66749,43.15544],[-2.66737,43.15533],[-2.66703,43.15544],[-2.66677,43.15543],[-2.66623,43.15553],[-2.66589,43.15563],[-2.66545,43.15562],[-2.66517,43.15573],[-2.66517,43.15586],[-2.66528,43.15611],[-2.66558,43.15652],[-2.66563,43.15678],[-2.66561,43.157],[-2.66536,43.15738]]}},{"type":"Feature","properties":{"id":849829424,"highway":"track"},"geometry":{"type":"LineString","coordinates":[[-2.66545,43.15309],[-2.66515,43.15299],[-2.66467,43.15255],[-2.66425,43.15219],[-2.66415,43.15203]]}},{"type":"Feature","properties":{"id":849831441,"highway":"track"},"geometry":{"type":"LineString","coordinates":[[-2.6782,43.16378],[-2.67829,43.16383],[-2.67842,43.16405],[-2.67827,43.16416],[-2.6775,43.16443],[-2.67736,43.16454],[-2.67708,43.16476],[-2.6769,43.16482],[-2.6766,43.16485],[-2.67649,43.16494],[-2.67652,43.16509],[-2.67642,43.16519],[-2.67618,43.16526],[-2.67581,43.16545],[-2.67575,43.16558],[-2.67558,43.1657],[-2.67552,43.16614],[-2.6755,43.1663],[-2.6756,43.16646],[-2.67555,43.16659],[-2.67525,43.16661]]}},{"type":"Feature","properties":{"id":849831443,"highway":"path"},"geometry":{"type":"LineString","coordinates":[[-2.68525,43.15908],[-2.68446,43.15895],[-2.68377,43.15897],[-2.68348,43.15908],[-2.68329,43.15938],[-2.68322,43.15948],[-2.68289,43.15979],[-2.68248,43.15992],[-2.68199,43.15996],[-2.68162,43.15989],[-2.68148,43.15978],[-2.68145,43.15965],[-2.68144,43.15947]]}},{"type":"Feature","properties":{"id":849831444,"highway":"track"},"geometry":{"type":"LineString","coordinates":[[-2.68103,43.16304],[-2.6808,43.16276],[-2.68061,43.16275],[-2.67971,43.16298],[-2.67884,43.16298]]}},{"type":"Feature","properties":{"id":849831445,"highway":"path"},"geometry":{"type":"LineString","coordinates":[[-2.68537,43.15807],[-2.68498,43.15799],[-2.68489,43.15799],[-2.68477,43.15801],[-2.68468,43.158],[-2.68455,43.15797],[-2.6845,43.15799],[-2.68434,43.15798],[-2.68425,43.15798],[-2.6842,43.15799],[-2.68415,43.15801],[-2.68409,43.15802],[-2.68401,43.15802],[-2.6839,43.15804],[-2.6838,43.15805],[-2.68374,43.15806],[-2.68357,43.15811],[-2.68347,43.15818],[-2.68327,43.15825],[-2.68316,43.15828],[-2.68301,43.15831],[-2.68295,43.15834],[-2.68289,43.15841],[-2.68279,43.15848],[-2.68274,43.15855],[-2.68271,43.15863],[-2.68267,43.15875],[-2.68261,43.1588],[-2.68256,43.1589],[-2.68231,43.15894],[-2.68212,43.15901],[-2.68164,43.15932],[-2.68144,43.15947],[-2.68128,43.15959],[-2.68085,43.1595],[-2.68073,43.15964],[-2.6807,43.15968],[-2.6806,43.15992],[-2.67983,43.16019],[-2.67959,43.16054],[-2.67952,43.16063],[-2.67944,43.16075],[-2.67941,43.16089],[-2.67938,43.16107],[-2.67934,43.16127],[-2.67926,43.1615],[-2.67918,43.16198],[-2.67885,43.1624],[-2.67884,43.16298]]}},{"type":"Feature","properties":{"id":849831446,"highway":"track"},"geometry":{"type":"LineString","coordinates":[[-2.67781,43.15754],[-2.67831,43.1576],[-2.67865,43.15756],[-2.67914,43.15733],[-2.67912,43.15731],[-2.67904,43.15718],[-2.67873,43.15697],[-2.67882,43.15687],[-2.67904,43.15688],[-2.67929,43.15693],[-2.68012,43.15691],[-2.68059,43.15698],[-2.68089,43.15714],[-2.68082,43.15733],[-2.68021,43.15754],[-2.67958,43.15776],[-2.67943,43.15786],[-2.67935,43.15803],[-2.67936,43.15812],[-2.6795,43.15822],[-2.67967,43.15836],[-2.67968,43.15844],[-2.67929,43.15869],[-2.67923,43.15874]]}},{"type":"Feature","properties":{"id":849831447,"highway":"track"},"geometry":{"type":"LineString","coordinates":[[-2.66939,43.15517],[-2.6695,43.15538],[-2.66954,43.15616],[-2.66936,43.15635],[-2.66889,43.15655],[-2.66877,43.15683],[-2.66836,43.15695],[-2.66793,43.15709],[-2.66736,43.15705],[-2.66725,43.15713],[-2.66715,43.15759],[-2.66701,43.15787],[-2.66679,43.15809],[-2.66664,43.15812],[-2.66641,43.15804]]}},{"type":"Feature","properties":{"id":849831448,"highway":"path"},"geometry":{"type":"MultiLineString","coordinates":[[[-2.66426,43.15156],[-2.66419,43.15157]],[[-2.66404,43.1516],[-2.664,43.15162],[-2.66396,43.15165],[-2.66393,43.15169],[-2.66388,43.15176]]]}},{"type":"Feature","properties":{"id":849831449,"highway":"path"},"geometry":{"type":"LineString","coordinates":[[-2.6685,43.15387],[-2.66883,43.15399],[-2.66935,43.15413],[-2.66978,43.15439],[-2.67075,43.15494],[-2.67105,43.15517],[-2.67132,43.15549],[-2.6716,43.15557],[-2.67201,43.15608]]}},{"type":"Feature","properties":{"id":849831452,"highway":"track"},"geometry":{"type":"LineString","coordinates":[[-2.66426,43.15165],[-2.66426,43.15156],[-2.66426,43.15155]]}},{"type":"Feature","properties":{"id":849831453,"highway":"track"},"geometry":{"type":"LineString","coordinates":[[-2.66607,43.1519],[-2.66574,43.15172],[-2.6654,43.15164],[-2.66525,43.15163],[-2.66513,43.15157],[-2.66507,43.15144]]}},{"type":"Feature","properties":{"id":849831454,"highway":"track"},"geometry":{"type":"LineString","coordinates":[[-2.66575,43.15127],[-2.66507,43.15144],[-2.66426,43.15165],[-2.6642,43.15179],[-2.66418,43.15184],[-2.66416,43.15188],[-2.66416,43.15195],[-2.66415,43.15203]]}},{"type":"Feature","properties":{"id":849831455,"highway":"track"},"geometry":{"type":"LineString","coordinates":[[-2.6584,43.15858],[-2.65841,43.15837],[-2.65861,43.15816],[-2.65861,43.15808],[-2.65842,43.1578],[-2.6584,43.15757],[-2.65832,43.15751],[-2.65788,43.15757]]}},{"type":"Feature","properties":{"id":849831456,"highway":"track"},"geometry":{"type":"LineString","coordinates":[[-2.66029,43.16035],[-2.66007,43.16008],[-2.65998,43.15998]]}},{"type":"Feature","properties":{"id":849831457,"highway":"track"},"geometry":{"type":"LineString","coordinates":[[-2.66038,43.15982],[-2.65998,43.15998],[-2.6599,43.16002],[-2.6596,43.16031],[-2.65944,43.16061],[-2.65937,43.16085]]}},{"type":"Feature","properties":{"id":849831458,"highway":"track"},"geometry":{"type":"LineString","coordinates":[[-2.66055,43.15969],[-2.66029,43.16035],[-2.66038,43.16073],[-2.66035,43.16085],[-2.65988,43.16137],[-2.65939,43.16162],[-2.65913,43.16174]]}},{"type":"Feature","properties":{"id":849831459,"highway":"track"},"geometry":{"type":"LineString","coordinates":[[-2.66068,43.15959],[-2.66055,43.15969],[-2.66038,43.15982],[-2.66007,43.16008],[-2.6598,43.1603],[-2.65954,43.16059],[-2.65937,43.16085],[-2.65931,43.16094],[-2.65924,43.16142],[-2.65913,43.16174],[-2.65858,43.16198],[-2.65839,43.16209]]}},{"type":"Feature","properties":{"id":849831460,"highway":"track"},"geometry":{"type":"LineString","coordinates":[[-2.66104,43.15944],[-2.66068,43.15959],[-2.66021,43.15965],[-2.65983,43.15981],[-2.65953,43.15999],[-2.65927,43.16007],[-2.65884,43.16012],[-2.65873,43.16018],[-2.65854,43.16024],[-2.65833,43.16043],[-2.65824,43.16058],[-2.65817,43.16102],[-2.65825,43.16117],[-2.65825,43.16126],[-2.65817,43.1614],[-2.65816,43.16154],[-2.65835,43.1618],[-2.65841,43.16204],[-2.65839,43.16209],[-2.65835,43.16219],[-2.65827,43.16231],[-2.65815,43.16245],[-2.65809,43.16254]]}},{"type":"Feature","properties":{"id":849831461,"highway":"track"},"geometry":{"type":"LineString","coordinates":[[-2.66355,43.15751],[-2.6631,43.15787],[-2.66274,43.15809],[-2.66213,43.15868],[-2.66123,43.15919]]}},{"type":"Feature","properties":{"id":849831462,"highway":"path"},"geometry":{"type":"LineString","coordinates":[[-2.66343,43.1557],[-2.66338,43.15563],[-2.66327,43.15557],[-2.66292,43.1556],[-2.66269,43.1555],[-2.66242,43.1555],[-2.66208,43.15537],[-2.66211,43.15523],[-2.6623,43.15503],[-2.66254,43.15471],[-2.66249,43.15446],[-2.66243,43.15441],[-2.66232,43.15455],[-2.66205,43.15467],[-2.66181,43.15498],[-2.66162,43.15507],[-2.66136,43.15495],[-2.66118,43.15498],[-2.6611,43.15509],[-2.66103,43.15586],[-2.66135,43.15646],[-2.6615,43.15661],[-2.66145,43.15677],[-2.66133,43.15701],[-2.66128,43.15742],[-2.66084,43.1579],[-2.66061,43.15806],[-2.66063,43.15874],[-2.66048,43.15906]]}},{"type":"Feature","properties":{"id":887059906,"highway":"path","nombre":"Camino de Santa Lucia","superficie":"earth"},"geometry":{"type":"LineString","coordinates":[[-2.6872,43.15721],[-2.68713,43.15718],[-2.68685,43.15725],[-2.68657,43.15724],[-2.68631,43.15717],[-2.68597,43.1571],[-2.6855,43.15711],[-2.68513,43.15715],[-2.68479,43.15694],[-2.6827,43.15704],[-2.68175,43.15713],[-2.68089,43.15714]]}},{"type":"Feature","properties":{"id":887059907,"highway":"path","nombre":"Camino de Santa Lucia","superficie":"earth"},"geometry":{"type":"LineString","coordinates":[[-2.68021,43.15754],[-2.68017,43.15745],[-2.6801,43.15738],[-2.67941,43.15749],[-2.67934,43.1575],[-2.67924,43.15739],[-2.67912,43.15731]]}},{"type":"Feature","properties":{"id":887059908,"highway":"path","nombre":"Camino de Santa Lucia","superficie":"earth"},"geometry":{"type":"LineString","coordinates":[[-2.67873,43.15697],[-2.67854,43.15691],[-2.6783,43.15683],[-2.67791,43.15674],[-2.67739,43.15661],[-2.67737,43.15666],[-2.67736,43.15695]]}},{"type":"Feature","properties":{"id":897517690,"highway":"cycleway"},"geometry":{"type":"LineString","coordinates":[[-2.62811,43.1718],[-2.629,43.17181],[-2.62907,43.17181],[-2.62998,43.17182],[-2.63058,43.17183],[-2.63124,43.17183]]}},{"type":"Feature","properties":{"id":897517691,"highway":"cycleway"},"geometry":{"type":"LineString","coordinates":[[-2.62094,43.1672],[-2.62092,43.16725],[-2.62091,43.1673],[-2.62081,43.16756],[-2.62084,43.16761],[-2.62082,43.16768]]}},{"type":"Feature","properties":{"id":899134111,"highway":"footway"},"geometry":{"type":"LineString","coordinates":[[-2.6299,43.1704],[-2.62992,43.1705],[-2.63006,43.17063],[-2.63009,43.17065],[-2.63027,43.1707]]}},{"type":"Feature","properties":{"id":899134112,"highway":"footway"},"geometry":{"type":"LineString","coordinates":[[-2.63027,43.17053],[-2.63015,43.17058],[-2.63006,43.17063]]}},{"type":"Feature","properties":{"id":899134113,"highway":"footway"},"geometry":{"type":"LineString","coordinates":[[-2.6299,43.17091],[-2.6299,43.17086],[-2.62995,43.17076],[-2.63001,43.17068],[-2.63003,43.17067],[-2.63009,43.17065]]}},{"type":"Feature","properties":{"id":899134114,"highway":"footway"},"geometry":{"type":"LineString","coordinates":[[-2.6296,43.17065],[-2.63003,43.17067]]}},{"type":"Feature","properties":{"id":899134115,"highway":"footway"},"geometry":{"type":"LineString","coordinates":[[-2.63023,43.17143],[-2.63008,43.17135],[-2.63,43.1713],[-2.62997,43.17123],[-2.62989,43.17105]]}},{"type":"Feature","properties":{"id":899134116,"highway":"footway"},"geometry":{"type":"LineString","coordinates":[[-2.63023,43.1712],[-2.62997,43.17123],[-2.62962,43.17129]]}},{"type":"Feature","properties":{"id":903767824,"highway":"residential","superficie":"asphalt"},"geometry":{"type":"LineString","coordinates":[[-2.62764,43.17172],[-2.62766,43.17167],[-2.62765,43.17161]]}},{"type":"Feature","properties":{"id":903767825,"highway":"residential","superficie":"asphalt"},"geometry":{"type":"LineString","coordinates":[[-2.62738,43.17146],[-2.62732,43.17147],[-2.62727,43.17149],[-2.62722,43.17151]]}},{"type":"Feature","properties":{"id":903767826,"highway":"residential","superficie":"asphalt"},"geometry":{"type":"LineString","coordinates":[[-2.62765,43.17161],[-2.62763,43.17156],[-2.62758,43.17152],[-2.62753,43.17149],[-2.62746,43.17147],[-2.62738,43.17146]]}},{"type":"Feature","properties":{"id":904405613,"highway":"residential","nombre":"Landako etorbidea","oneway":"yes","superficie":"asphalt"},"geometry":{"type":"LineString","coordinates":[[-2.63229,43.17174],[-2.63316,43.17174]]}},{"type":"Feature","properties":{"id":904417713,"highway":"residential"},"geometry":{"type":"LineString","coordinates":[[-2.62873,43.16163],[-2.6288,43.16162]]}},{"type":"Feature","properties":{"id":904417714,"highway":"residential"},"geometry":{"type":"LineString","coordinates":[[-2.62856,43.16159],[-2.62859,43.1616],[-2.62865,43.16162]]}},{"type":"Feature","properties":{"id":904417715,"highway":"residential"},"geometry":{"type":"LineString","coordinates":[[-2.6288,43.16162],[-2.62886,43.1616],[-2.6289,43.16157],[-2.62893,43.16154],[-2.62895,43.1615],[-2.62896,43.16145]]}},{"type":"Feature","properties":{"id":904417721,"highway":"service"},"geometry":{"type":"MultiLineString","coordinates":[[[-2.61721,43.15771],[-2.61724,43.15768],[-2.61723,43.15763],[-2.61716,43.15755]],[[-2.61709,43.15732],[-2.6179,43.15701],[-2.61839,43.15679],[-2.61849,43.15678],[-2.61892,43.15738],[-2.61909,43.15771],[-2.61943,43.15811]]]}},{"type":"Feature","properties":{"id":904417730,"highway":"primary","ref":"BI-732","superficie":"asphalt"},"geometry":{"type":"LineString","coordinates":[[-2.62045,43.16268],[-2.62049,43.16262],[-2.62051,43.16256],[-2.62051,43.16248],[-2.62048,43.16241],[-2.62043,43.16235],[-2.62035,43.1623],[-2.62025,43.16227]]}},{"type":"Feature","properties":{"id":904417731,"highway":"primary","ref":"BI-732","oneway":"yes","superficie":"asphalt"},"geometry":{"type":"LineString","coordinates":[[-2.62025,43.16227],[-2.6201,43.16222],[-2.61997,43.16216],[-2.61985,43.16209],[-2.61975,43.162],[-2.61965,43.1619]]}},{"type":"Feature","properties":{"id":904417732,"highway":"primary","ref":"BI-732","oneway":"yes","superficie":"asphalt"},"geometry":{"type":"LineString","coordinates":[[-2.61965,43.1619],[-2.61972,43.162],[-2.61977,43.16209],[-2.61981,43.16219],[-2.61983,43.16232],[-2.61982,43.1624]]}},{"type":"Feature","properties":{"id":904420080,"highway":"primary","ref":"BI-732","superficie":"asphalt"},"geometry":{"type":"LineString","coordinates":[[-2.62009,43.1628],[-2.6202,43.1628],[-2.6203,43.16278],[-2.62038,43.16274],[-2.62045,43.16268]]}},{"type":"Feature","properties":{"id":904420081,"highway":"primary","ref":"BI-732","superficie":"asphalt"},"geometry":{"type":"LineString","coordinates":[[-2.62025,43.16227],[-2.62012,43.16226],[-2.62,43.16228],[-2.61989,43.16233],[-2.61982,43.1624]]}},{"type":"Feature","properties":{"id":1008732801,"highway":"cycleway","superficie":"paving_stones"},"geometry":{"type":"LineString","coordinates":[[-2.63752,43.17284],[-2.63699,43.17262],[-2.63676,43.17253]]}},{"type":"Feature","properties":{"id":1008732802,"highway":"cycleway","puente":"yes"},"geometry":{"type":"LineString","coordinates":[[-2.63845,43.17333],[-2.63841,43.17326],[-2.63837,43.17319]]}},{"type":"Feature","properties":{"id":1008732803,"highway":"cycleway"},"geometry":{"type":"LineString","coordinates":[[-2.63837,43.17319],[-2.63836,43.17317],[-2.63832,43.17312],[-2.63824,43.17306],[-2.63822,43.17304],[-2.63827,43.17299],[-2.6383,43.17294],[-2.6383,43.17292]]}},{"type":"Feature","properties":{"id":1008732804,"highway":"cycleway","superficie":"asphalt"},"geometry":{"type":"LineString","coordinates":[[-2.6383,43.17292],[-2.6383,43.1729],[-2.63829,43.17288]]}},{"type":"Feature","properties":{"id":1008732805,"highway":"cycleway"},"geometry":{"type":"LineString","coordinates":[[-2.63829,43.17288],[-2.63828,43.17283],[-2.63826,43.1728],[-2.638,43.1727],[-2.63799,43.17267],[-2.638,43.17266],[-2.63802,43.17263]]}},{"type":"Feature","properties":{"id":1008732806,"highway":"cycleway","superficie":"asphalt"},"geometry":{"type":"LineString","coordinates":[[-2.63802,43.17263],[-2.63798,43.17261],[-2.63793,43.17259]]}},{"type":"Feature","properties":{"id":1008732807,"highway":"cycleway"},"geometry":{"type":"LineString","coordinates":[[-2.63793,43.17259],[-2.6379,43.17263],[-2.63787,43.17268],[-2.63784,43.17273],[-2.6378,43.17277],[-2.63775,43.17279],[-2.63768,43.17278],[-2.63759,43.17275]]}},{"type":"Feature","properties":{"id":1008732808,"highway":"cycleway","superficie":"asphalt"},"geometry":{"type":"LineString","coordinates":[[-2.63759,43.17275],[-2.63756,43.1728],[-2.63752,43.17284]]}},{"type":"Feature","properties":{"id":1009144840,"highway":"cycleway","superficie":"asphalt"},"geometry":{"type":"LineString","coordinates":[[-2.63642,43.17239],[-2.63646,43.17235]]}},{"type":"Feature","properties":{"id":1015991096,"highway":"cycleway"},"geometry":{"type":"LineString","coordinates":[[-2.63676,43.17253],[-2.63673,43.17256],[-2.6363,43.17311],[-2.63628,43.1731],[-2.6359,43.17294],[-2.63579,43.17294],[-2.63557,43.17286],[-2.6354,43.17287],[-2.63512,43.17299],[-2.63505,43.17302]]}},{"type":"Feature","properties":{"id":1015991097,"highway":"cycleway","superficie":"paved"},"geometry":{"type":"LineString","coordinates":[[-2.635,43.17308],[-2.63493,43.17314]]}},{"type":"Feature","properties":{"id":1015991098,"highway":"cycleway"},"geometry":{"type":"LineString","coordinates":[[-2.63284,43.17287],[-2.63155,43.17347],[-2.63152,43.17348],[-2.63148,43.17348],[-2.63142,43.17349],[-2.63136,43.17351],[-2.63121,43.17355]]}},{"type":"Feature","properties":{"id":1015991099,"highway":"cycleway","superficie":"asphalt"},"geometry":{"type":"LineString","coordinates":[[-2.63493,43.17314],[-2.63485,43.17311],[-2.63478,43.17307]]}},{"type":"Feature","properties":{"id":1015991100,"highway":"cycleway","tunel":"building_passage"},"geometry":{"type":"LineString","coordinates":[[-2.63478,43.17307],[-2.63463,43.173]]}},{"type":"Feature","properties":{"id":1015991101,"highway":"cycleway"},"geometry":{"type":"LineString","coordinates":[[-2.63463,43.173],[-2.63446,43.17289],[-2.63435,43.1728],[-2.63418,43.17273]]}},{"type":"Feature","properties":{"id":1015991103,"highway":"cycleway","superficie":"asphalt"},"geometry":{"type":"LineString","coordinates":[[-2.63404,43.17268],[-2.63399,43.17266],[-2.63394,43.17264]]}},{"type":"Feature","properties":{"id":1015991105,"highway":"cycleway"},"geometry":{"type":"LineString","coordinates":[[-2.63394,43.17264],[-2.63392,43.17263],[-2.63385,43.1726]]}},{"type":"Feature","properties":{"id":1015991106,"highway":"cycleway","superficie":"asphalt"},"geometry":{"type":"LineString","coordinates":[[-2.63385,43.1726],[-2.63384,43.1726],[-2.6338,43.1726]]}},{"type":"Feature","properties":{"id":1015991107,"highway":"cycleway"},"geometry":{"type":"LineString","coordinates":[[-2.6338,43.1726],[-2.63376,43.17261]]}},{"type":"Feature","properties":{"id":1015991108,"highway":"cycleway","superficie":"asphalt"},"geometry":{"type":"LineString","coordinates":[[-2.63376,43.17261],[-2.63373,43.17261],[-2.63367,43.17262]]}},{"type":"Feature","properties":{"id":1015991109,"highway":"cycleway"},"geometry":{"type":"LineString","coordinates":[[-2.63367,43.17262],[-2.63364,43.17262],[-2.63365,43.17276],[-2.63366,43.1728]]}},{"type":"Feature","properties":{"id":1015991110,"highway":"cycleway","superficie":"asphalt"},"geometry":{"type":"LineString","coordinates":[[-2.63366,43.1728],[-2.63366,43.17283],[-2.63366,43.17288]]}},{"type":"Feature","properties":{"id":1015991111,"highway":"cycleway","superficie":"asphalt"},"geometry":{"type":"LineString","coordinates":[[-2.63505,43.17302],[-2.63502,43.17305]]}},{"type":"Feature","properties":{"id":1015991112,"highway":"cycleway","superficie":"asphalt"},"geometry":{"type":"LineString","coordinates":[[-2.63502,43.17305],[-2.635,43.17308]]}},{"type":"Feature","properties":{"id":1015991113,"highway":"cycleway"},"geometry":{"type":"LineString","coordinates":[[-2.63284,43.17287],[-2.63279,43.17283],[-2.63275,43.1728]]}},{"type":"Feature","properties":{"id":1015991114,"highway":"pedestrian","nombre":"Muruetatorre","superficie":"paved"},"geometry":{"type":"LineString","coordinates":[[-2.63269,43.17277],[-2.63144,43.17275]]}},{"type":"Feature","properties":{"id":1015991115,"highway":"cycleway","superficie":"paved"},"geometry":{"type":"LineString","coordinates":[[-2.63275,43.1728],[-2.63269,43.17277]]}},{"type":"Feature","properties":{"id":1015991128,"highway":"cycleway"},"geometry":{"type":"LineString","coordinates":[[-2.62785,43.17178],[-2.62798,43.17178],[-2.62803,43.1718]]}},{"type":"Feature","properties":{"id":1015991129,"highway":"cycleway","superficie":"paved"},"geometry":{"type":"LineString","coordinates":[[-2.62803,43.1718],[-2.62811,43.1718]]}},{"type":"Feature","properties":{"id":1015991130,"highway":"cycleway"},"geometry":{"type":"LineString","coordinates":[[-2.62741,43.17298],[-2.62749,43.17299],[-2.6275,43.17282],[-2.62751,43.17193],[-2.62751,43.1719],[-2.62758,43.17187],[-2.62765,43.17182],[-2.6277,43.17179],[-2.62777,43.17178],[-2.62785,43.17178]]}},{"type":"Feature","properties":{"id":1015991131,"highway":"cycleway"},"geometry":{"type":"LineString","coordinates":[[-2.62785,43.17167],[-2.62785,43.17165]]}},{"type":"Feature","properties":{"id":1015991132,"highway":"cycleway","superficie":"asphalt"},"geometry":{"type":"LineString","coordinates":[[-2.62785,43.17165],[-2.62785,43.17162],[-2.62784,43.1716]]}},{"type":"Feature","properties":{"id":1015991133,"highway":"cycleway","superficie":"asphalt"},"geometry":{"type":"LineString","coordinates":[[-2.62785,43.17172],[-2.62785,43.17169],[-2.62785,43.17167]]}},{"type":"Feature","properties":{"id":1015991134,"highway":"cycleway"},"geometry":{"type":"LineString","coordinates":[[-2.62699,43.17331],[-2.62701,43.17325],[-2.62706,43.1732],[-2.62711,43.17316],[-2.62717,43.17313],[-2.6272,43.17309],[-2.62721,43.17302],[-2.62724,43.173],[-2.62727,43.17298]]}},{"type":"Feature","properties":{"id":1015991135,"highway":"cycleway"},"geometry":{"type":"LineString","coordinates":[[-2.62727,43.17298],[-2.6273,43.17298],[-2.62732,43.17298]]}},{"type":"Feature","properties":{"id":1015991136,"highway":"cycleway"},"geometry":{"type":"LineString","coordinates":[[-2.62732,43.17298],[-2.62734,43.17298]]}},{"type":"Feature","properties":{"id":1015991137,"highway":"cycleway","superficie":"asphalt"},"geometry":{"type":"LineString","coordinates":[[-2.62734,43.17298],[-2.62738,43.17298],[-2.62741,43.17298]]}},{"type":"Feature","properties":{"id":1015991138,"highway":"cycleway"},"geometry":{"type":"LineString","coordinates":[[-2.62784,43.1716],[-2.62783,43.17158],[-2.62782,43.17151],[-2.62782,43.17129],[-2.62782,43.17102],[-2.62782,43.17097],[-2.62782,43.17096],[-2.62786,43.17043],[-2.62786,43.17035],[-2.62784,43.1703],[-2.62784,43.17021],[-2.62784,43.17012],[-2.62785,43.17007],[-2.62786,43.17004]]}},{"type":"Feature","properties":{"id":1015991139,"highway":"cycleway","superficie":"asphalt"},"geometry":{"type":"LineString","coordinates":[[-2.62786,43.17004],[-2.62787,43.17002],[-2.62787,43.17]]}},{"type":"Feature","properties":{"id":1015991140,"highway":"cycleway"},"geometry":{"type":"LineString","coordinates":[[-2.62787,43.17],[-2.62787,43.16998],[-2.62793,43.16976],[-2.62801,43.1697],[-2.62805,43.16965],[-2.62804,43.16961]]}},{"type":"Feature","properties":{"id":1015991141,"highway":"cycleway","superficie":"asphalt"},"geometry":{"type":"LineString","coordinates":[[-2.62804,43.16961],[-2.62804,43.1696],[-2.62803,43.16958]]}},{"type":"Feature","properties":{"id":1015991142,"highway":"cycleway"},"geometry":{"type":"LineString","coordinates":[[-2.62792,43.16876],[-2.62796,43.16833],[-2.62794,43.16828]]}},{"type":"Feature","properties":{"id":1015991143,"highway":"cycleway"},"geometry":{"type":"LineString","coordinates":[[-2.62799,43.16877],[-2.62797,43.16877],[-2.62792,43.16876]]}},{"type":"Feature","properties":{"id":1015991144,"highway":"cycleway","superficie":"asphalt"},"geometry":{"type":"LineString","coordinates":[[-2.62794,43.16828],[-2.62792,43.16823],[-2.62792,43.16818]]}},{"type":"Feature","properties":{"id":1015991145,"highway":"cycleway"},"geometry":{"type":"LineString","coordinates":[[-2.62963,43.16794],[-2.62943,43.16795],[-2.62792,43.16818]]}},{"type":"Feature","properties":{"id":1015991147,"highway":"pedestrian"},"geometry":{"type":"LineString","coordinates":[[-2.63144,43.17271],[-2.63144,43.17268],[-2.63144,43.17251],[-2.63124,43.17251],[-2.63124,43.17228]]}},{"type":"Feature","properties":{"id":1015991148,"highway":"cycleway"},"geometry":{"type":"LineString","coordinates":[[-2.63366,43.17288],[-2.63313,43.17287]]}},{"type":"Feature","properties":{"id":1015991149,"highway":"cycleway"},"geometry":{"type":"LineString","coordinates":[[-2.63676,43.17253],[-2.63642,43.17239]]}},{"type":"Feature","properties":{"id":1015991150,"highway":"cycleway","superficie":"asphalt"},"geometry":{"type":"LineString","coordinates":[[-2.63124,43.17175],[-2.63124,43.17172],[-2.63124,43.17165],[-2.63124,43.17162]]}},{"type":"Feature","properties":{"id":1015991151,"highway":"cycleway"},"geometry":{"type":"LineString","coordinates":[[-2.63124,43.17183],[-2.63124,43.17178],[-2.63124,43.17175]]}},{"type":"Feature","properties":{"id":1015991152,"highway":"cycleway"},"geometry":{"type":"LineString","coordinates":[[-2.62785,43.17178],[-2.62785,43.17172]]}},{"type":"Feature","properties":{"id":1015991153,"highway":"cycleway"},"geometry":{"type":"LineString","coordinates":[[-2.62792,43.16818],[-2.62702,43.16834],[-2.62694,43.16833],[-2.6268,43.16829]]}},{"type":"Feature","properties":{"id":1015991154,"highway":"cycleway","superficie":"asphalt"},"geometry":{"type":"LineString","coordinates":[[-2.6268,43.16829],[-2.62675,43.16829],[-2.62671,43.16829]]}},{"type":"Feature","properties":{"id":1032962606,"highway":"track"},"geometry":{"type":"LineString","coordinates":[[-2.66731,43.15173],[-2.66754,43.15148]]}},{"type":"Feature","properties":{"id":1032962607,"highway":"path","nombre":"Monegros Bonus"},"geometry":{"type":"LineString","coordinates":[[-2.66754,43.15148],[-2.66817,43.15142],[-2.66858,43.15158],[-2.66881,43.15194],[-2.66925,43.15221],[-2.66931,43.15241],[-2.66947,43.15259],[-2.66971,43.15273],[-2.66968,43.15286],[-2.66974,43.15294],[-2.66969,43.15313],[-2.66961,43.15319],[-2.66961,43.1534],[-2.66937,43.15345],[-2.66949,43.15361],[-2.66903,43.15366],[-2.6692,43.15387],[-2.66857,43.15382],[-2.6685,43.15387]]}},{"type":"Feature","properties":{"id":1060046425,"highway":"cycleway","oneway":"no"},"geometry":{"type":"LineString","coordinates":[[-2.62594,43.16834],[-2.62589,43.16836],[-2.62585,43.16838],[-2.62584,43.1684],[-2.62578,43.16855],[-2.62574,43.16864],[-2.62573,43.16865],[-2.62572,43.16867],[-2.62553,43.16879],[-2.62549,43.1688],[-2.62548,43.16882],[-2.62548,43.16883],[-2.6255,43.16885],[-2.62552,43.16887],[-2.62557,43.16899],[-2.62557,43.16902],[-2.62557,43.16907],[-2.62558,43.16908],[-2.62558,43.16911],[-2.62559,43.16914],[-2.62563,43.16917],[-2.62598,43.16923],[-2.62607,43.16926],[-2.6261,43.16932],[-2.62614,43.1694],[-2.62616,43.16944],[-2.62628,43.16971],[-2.62636,43.16985],[-2.62637,43.16988]]}},{"type":"Feature","properties":{"id":1109041152,"highway":"footway","superficie":"paved"},"geometry":{"type":"LineString","coordinates":[[-2.62386,43.16635],[-2.62388,43.1663],[-2.62392,43.16626],[-2.624,43.16623],[-2.62411,43.16619],[-2.62419,43.16614],[-2.62425,43.16609],[-2.62428,43.16599],[-2.62427,43.16591],[-2.62423,43.16585],[-2.62416,43.16579],[-2.62411,43.16573],[-2.62398,43.16569],[-2.62392,43.16572],[-2.62382,43.16573],[-2.62374,43.16576],[-2.62366,43.1658],[-2.6236,43.16582],[-2.62356,43.16582],[-2.62352,43.16582]]}},{"type":"Feature","properties":{"id":1109043680,"highway":"footway"},"geometry":{"type":"LineString","coordinates":[[-2.62288,43.16813],[-2.62295,43.16815],[-2.623,43.16818],[-2.62281,43.16868],[-2.6228,43.16871],[-2.62275,43.16881],[-2.62272,43.16889],[-2.62265,43.16893],[-2.6226,43.16892],[-2.62255,43.16891]]}},{"type":"Feature","properties":{"id":1109043976,"highway":"footway","superficie":"paved"},"geometry":{"type":"LineString","coordinates":[[-2.62266,43.16937],[-2.62269,43.16944],[-2.6229,43.16947]]}},{"type":"Feature","properties":{"id":1127989962,"highway":"path"},"geometry":{"type":"LineString","coordinates":[[-2.63754,43.15263],[-2.63752,43.15263],[-2.63746,43.15263],[-2.6374,43.15261],[-2.63718,43.1523]]}},{"type":"Feature","properties":{"id":1158286202,"highway":"pedestrian","nombre":"Intxaurrondo kalea"},"geometry":{"type":"LineString","coordinates":[[-2.63201,43.16485],[-2.63199,43.16486],[-2.63189,43.16488],[-2.63163,43.16493],[-2.63143,43.16496],[-2.63136,43.16497],[-2.63111,43.16502]]}},{"type":"Feature","properties":{"id":1158286203,"highway":"pedestrian"},"geometry":{"type":"LineString","coordinates":[[-2.63248,43.16466],[-2.63225,43.1647],[-2.63213,43.16478],[-2.6321,43.1648]]}},{"type":"Feature","properties":{"id":1158286204,"highway":"pedestrian","puente":"yes"},"geometry":{"type":"LineString","coordinates":[[-2.6321,43.1648],[-2.63201,43.16485]]}},{"type":"Feature","properties":{"id":1158286205,"highway":"pedestrian"},"geometry":{"type":"LineString","coordinates":[[-2.63143,43.16496],[-2.63153,43.16528]]}},{"type":"Feature","properties":{"id":1158286206,"highway":"pedestrian"},"geometry":{"type":"LineString","coordinates":[[-2.63189,43.16488],[-2.63185,43.16524]]}},{"type":"Feature","properties":{"id":1158286207,"highway":"footway"},"geometry":{"type":"LineString","coordinates":[[-2.63401,43.16677],[-2.634,43.16679],[-2.63399,43.16682],[-2.6339,43.16684],[-2.63384,43.16685],[-2.63374,43.16688],[-2.63359,43.16692],[-2.63354,43.16675],[-2.63379,43.1668],[-2.63387,43.16682],[-2.6339,43.16684]]}},{"type":"Feature","properties":{"id":1158286208,"highway":"footway"},"geometry":{"type":"LineString","coordinates":[[-2.63354,43.16675],[-2.63347,43.16673],[-2.63342,43.16676],[-2.63337,43.16681],[-2.63334,43.16684],[-2.63333,43.16686],[-2.63334,43.16689],[-2.63337,43.16691],[-2.63343,43.16691],[-2.63354,43.16693],[-2.63359,43.16692]]}},{"type":"Feature","properties":{"id":1158286209,"highway":"footway"},"geometry":{"type":"LineString","coordinates":[[-2.63347,43.16673],[-2.63327,43.16669],[-2.63328,43.16666],[-2.63329,43.16665]]}},{"type":"Feature","properties":{"id":1158286210,"highway":"footway"},"geometry":{"type":"LineString","coordinates":[[-2.63374,43.16688],[-2.63379,43.16701],[-2.63384,43.16713],[-2.63388,43.16715],[-2.63389,43.16717],[-2.63392,43.16721],[-2.63394,43.16727],[-2.63395,43.16733]]}},{"type":"Feature","properties":{"id":1158286211,"highway":"footway"},"geometry":{"type":"LineString","coordinates":[[-2.63379,43.16701],[-2.63383,43.16699],[-2.6339,43.16695],[-2.63397,43.16692],[-2.63403,43.16694],[-2.63411,43.16698],[-2.634,43.16709],[-2.63392,43.16713],[-2.63388,43.16715]]}},{"type":"Feature","properties":{"id":1158286212,"highway":"footway"},"geometry":{"type":"LineString","coordinates":[[-2.63384,43.16713],[-2.63377,43.16715],[-2.63373,43.16718],[-2.63371,43.16719],[-2.63367,43.16718],[-2.63364,43.16718],[-2.63363,43.16716],[-2.63364,43.16712],[-2.63366,43.16708],[-2.63369,43.16705],[-2.63373,43.16703],[-2.63379,43.16701]]}},{"type":"Feature","properties":{"id":1158286214,"highway":"secondary","oneway":"yes","superficie":"asphalt"},"geometry":{"type":"LineString","coordinates":[[-2.62435,43.15975],[-2.62399,43.15978],[-2.62394,43.15979],[-2.62371,43.15983],[-2.62339,43.15994],[-2.6231,43.16007],[-2.62283,43.16022],[-2.6226,43.16043],[-2.62253,43.16051],[-2.6225,43.16054],[-2.62243,43.16065],[-2.62218,43.16102],[-2.62218,43.16103],[-2.6221,43.16116]]}},{"type":"Feature","properties":{"id":1158286215,"highway":"secondary","oneway":"yes","superficie":"asphalt"},"geometry":{"type":"LineString","coordinates":[[-2.6222,43.16131],[-2.62219,43.16127],[-2.62226,43.16113],[-2.6223,43.16106],[-2.62251,43.1607],[-2.62256,43.16064],[-2.62266,43.16052],[-2.62277,43.1604],[-2.62291,43.16029],[-2.62303,43.1602],[-2.62318,43.16012],[-2.62324,43.16008],[-2.62336,43.16003],[-2.62349,43.15998],[-2.62368,43.15993],[-2.62383,43.15991],[-2.62397,43.15988],[-2.62413,43.15986],[-2.62429,43.15986],[-2.62435,43.15988]]}},{"type":"Feature","properties":{"id":1163933471,"highway":"track"},"geometry":{"type":"LineString","coordinates":[[-2.65999,43.15768],[-2.65969,43.15762],[-2.65942,43.15752],[-2.65929,43.15747],[-2.65924,43.15747],[-2.65909,43.15744],[-2.65875,43.15746],[-2.65849,43.15747],[-2.65832,43.15751]]}},{"type":"Feature","properties":{"id":1163933472,"highway":"track"},"geometry":{"type":"LineString","coordinates":[[-2.65924,43.15747],[-2.65918,43.15767],[-2.65923,43.1578],[-2.65931,43.1579],[-2.65934,43.15809],[-2.65937,43.15825],[-2.65936,43.15833],[-2.65922,43.1584],[-2.65901,43.15854],[-2.65899,43.15865],[-2.65906,43.15885],[-2.65899,43.15916],[-2.6589,43.15932],[-2.65878,43.15938],[-2.65864,43.15942],[-2.65836,43.15945],[-2.658,43.15945],[-2.65777,43.1595],[-2.65753,43.15958],[-2.65743,43.15968],[-2.65734,43.1598],[-2.65732,43.15995],[-2.6574,43.16032],[-2.65742,43.16041],[-2.65742,43.16053],[-2.6574,43.16068],[-2.6573,43.16079]]}},{"type":"Feature","properties":{"id":1163933474,"highway":"track"},"geometry":{"type":"LineString","coordinates":[[-2.65842,43.15195],[-2.65852,43.15214],[-2.65853,43.15232],[-2.65843,43.15263],[-2.65829,43.15308],[-2.6582,43.15373],[-2.6582,43.1539],[-2.65823,43.15405],[-2.6585,43.15433],[-2.65859,43.15442],[-2.65883,43.15447]]}},{"type":"Feature","properties":{"id":1170977864,"highway":"service"},"geometry":{"type":"LineString","coordinates":[[-2.66577,43.15819],[-2.666,43.15819],[-2.66607,43.15821],[-2.66607,43.15825],[-2.66602,43.1583],[-2.66599,43.15834],[-2.66596,43.1584],[-2.66594,43.15846],[-2.66592,43.15854],[-2.66593,43.15856],[-2.66594,43.15858],[-2.66599,43.15857],[-2.66601,43.15855],[-2.66608,43.15849],[-2.66617,43.15845],[-2.66623,43.15843],[-2.66633,43.15843],[-2.66639,43.15846],[-2.66647,43.15853],[-2.66665,43.15877],[-2.66682,43.15895],[-2.66694,43.15902],[-2.66701,43.15907],[-2.66706,43.15914],[-2.66708,43.1592]]}},{"type":"Feature","properties":{"id":1170977866,"highway":"track"},"geometry":{"type":"LineString","coordinates":[[-2.66536,43.15738],[-2.66522,43.15743],[-2.66485,43.15758],[-2.66471,43.1577],[-2.66457,43.15785],[-2.6644,43.15798],[-2.66427,43.15802],[-2.66388,43.15819],[-2.66363,43.15828],[-2.66319,43.15842],[-2.66299,43.15853],[-2.6627,43.1587],[-2.66253,43.15886],[-2.66233,43.159],[-2.66196,43.15917],[-2.66175,43.15929],[-2.66162,43.15939],[-2.66149,43.15947]]}},{"type":"Feature","properties":{"id":1170977867,"highway":"track"},"geometry":{"type":"LineString","coordinates":[[-2.67433,43.16942],[-2.67417,43.16937],[-2.67409,43.16935]]}},{"type":"Feature","properties":{"id":1170977870,"highway":"path"},"geometry":{"type":"LineString","coordinates":[[-2.65954,43.16284],[-2.65968,43.1628],[-2.65979,43.16277],[-2.65996,43.16275],[-2.66006,43.16275],[-2.66021,43.16273],[-2.66033,43.16269],[-2.66054,43.16258],[-2.66064,43.16252],[-2.66072,43.16233],[-2.66078,43.16217],[-2.66081,43.16209],[-2.66097,43.16202],[-2.66124,43.16192],[-2.66183,43.16171],[-2.66201,43.16164],[-2.66208,43.16156],[-2.66216,43.16142],[-2.66218,43.16109],[-2.66222,43.161],[-2.66225,43.16096],[-2.66231,43.16094],[-2.66241,43.16094],[-2.6632,43.16105],[-2.6634,43.16105],[-2.66346,43.16104],[-2.66357,43.16099],[-2.6636,43.16085],[-2.66365,43.16072],[-2.66381,43.16064],[-2.66434,43.16053],[-2.66461,43.1605],[-2.66451,43.16037],[-2.66444,43.16031],[-2.6644,43.16027],[-2.66434,43.16019],[-2.66414,43.16002],[-2.66402,43.1599],[-2.66389,43.1598],[-2.66376,43.15969],[-2.66366,43.15965],[-2.66361,43.15963],[-2.66349,43.15964],[-2.66334,43.15964],[-2.66298,43.15962],[-2.66286,43.1596]]}},{"type":"Feature","properties":{"id":1170977873,"highway":"track"},"geometry":{"type":"LineString","coordinates":[[-2.6723,43.15612],[-2.67245,43.15619],[-2.67265,43.15632],[-2.67287,43.15644],[-2.67295,43.15649],[-2.67296,43.15653],[-2.67297,43.1566],[-2.67295,43.15668],[-2.67295,43.15686],[-2.67295,43.15694],[-2.67301,43.15716],[-2.67308,43.15729],[-2.67322,43.15748]]}},{"type":"Feature","properties":{"id":1170977874,"highway":"track"},"geometry":{"type":"LineString","coordinates":[[-2.67165,43.15601],[-2.6717,43.15605],[-2.67175,43.15612],[-2.6719,43.15622],[-2.67219,43.15643]]}},{"type":"Feature","properties":{"id":1170977876,"highway":"path"},"geometry":{"type":"LineString","coordinates":[[-2.68714,43.15735],[-2.68705,43.15734],[-2.68689,43.1574],[-2.6868,43.15744],[-2.68669,43.15749],[-2.68663,43.15753],[-2.68653,43.15758],[-2.68638,43.15762],[-2.68627,43.15764],[-2.68616,43.15766],[-2.68597,43.15766],[-2.68586,43.15766],[-2.68568,43.15768],[-2.68553,43.15769],[-2.68539,43.1577],[-2.68509,43.15773],[-2.68495,43.15773],[-2.68487,43.15773],[-2.68475,43.15776],[-2.68468,43.15779],[-2.68461,43.15781],[-2.68449,43.15785],[-2.68442,43.15787],[-2.68433,43.15789],[-2.68428,43.15791],[-2.68424,43.15795],[-2.6842,43.15799]]}},{"type":"Feature","properties":{"id":1170977888,"highway":"service"},"geometry":{"type":"LineString","coordinates":[[-2.65198,43.16113],[-2.65192,43.16107],[-2.65188,43.16075]]}},{"type":"Feature","properties":{"id":1170977889,"highway":"track"},"geometry":{"type":"MultiLineString","coordinates":[[[-2.65187,43.15724],[-2.65198,43.15725],[-2.65214,43.15725],[-2.65225,43.15724],[-2.65236,43.15721],[-2.65247,43.15715]],[[-2.65247,43.15715],[-2.6525,43.15713],[-2.65256,43.15709],[-2.65259,43.15703],[-2.6526,43.15697],[-2.65262,43.15694],[-2.65266,43.15693],[-2.65273,43.15694],[-2.65277,43.15695],[-2.6528,43.15699],[-2.6528,43.15703],[-2.65277,43.15709],[-2.65272,43.15711],[-2.65266,43.15712],[-2.6526,43.15713],[-2.65255,43.15714],[-2.65247,43.15715]]]}},{"type":"Feature","properties":{"id":1191560179,"highway":"service","nombre":"Astola auzoa"},"geometry":{"type":"LineString","coordinates":[[-2.62191,43.15172],[-2.62187,43.15164],[-2.62188,43.15158]]}},{"type":"Feature","properties":{"id":1191561382,"highway":"service"},"geometry":{"type":"LineString","coordinates":[[-2.61966,43.15387],[-2.61989,43.15378],[-2.62046,43.15344]]}},{"type":"Feature","properties":{"id":1209785903,"highway":"track"},"geometry":{"type":"LineString","coordinates":[[-2.67054,43.16159],[-2.67052,43.16166],[-2.67043,43.16177],[-2.67025,43.16182],[-2.66999,43.16186],[-2.66986,43.1619],[-2.6698,43.16196],[-2.6698,43.16204],[-2.66985,43.16208],[-2.66994,43.16209],[-2.67036,43.16206],[-2.67077,43.16206],[-2.67128,43.16207],[-2.67165,43.16207],[-2.67196,43.16205]]}},{"type":"Feature","properties":{"id":1209785904,"highway":"path"},"geometry":{"type":"LineString","coordinates":[[-2.67534,43.16471],[-2.67479,43.16466],[-2.67389,43.16458],[-2.67353,43.16452],[-2.67292,43.16442],[-2.67253,43.16431],[-2.67181,43.16415],[-2.6713,43.16418],[-2.6711,43.16422],[-2.67076,43.16421],[-2.67049,43.16418],[-2.67027,43.16419],[-2.67024,43.1643],[-2.67031,43.16442],[-2.67043,43.16452],[-2.67055,43.16461]]}},{"type":"Feature","properties":{"id":1209785905,"highway":"track"},"geometry":{"type":"LineString","coordinates":[[-2.68134,43.16602],[-2.68144,43.16654],[-2.68147,43.16725],[-2.6814,43.16776],[-2.68101,43.16789],[-2.68041,43.16809],[-2.68015,43.16816],[-2.67989,43.16829],[-2.67968,43.16863],[-2.67964,43.16869],[-2.67958,43.16883],[-2.67981,43.16899],[-2.6799,43.16905],[-2.6799,43.16933],[-2.67981,43.16959],[-2.67986,43.16974],[-2.67986,43.1698],[-2.67972,43.16988],[-2.67943,43.16989],[-2.67903,43.16987],[-2.67897,43.16992],[-2.67899,43.16998],[-2.67915,43.17005],[-2.67963,43.1701],[-2.67999,43.17029],[-2.68029,43.17034]]}},{"type":"Feature","properties":{"id":1209785906,"highway":"path"},"geometry":{"type":"LineString","coordinates":[[-2.67968,43.16863],[-2.67943,43.16881],[-2.67932,43.169],[-2.67915,43.16913],[-2.67893,43.16915],[-2.67856,43.1692],[-2.67827,43.16924],[-2.67804,43.16924],[-2.67791,43.16929],[-2.67797,43.16958],[-2.67795,43.16983],[-2.6778,43.17015],[-2.67788,43.17034],[-2.67805,43.17047],[-2.67833,43.17056],[-2.67887,43.17064],[-2.67911,43.17077],[-2.67922,43.17093]]}},{"type":"Feature","properties":{"id":1209785910,"highway":"track"},"geometry":{"type":"LineString","coordinates":[[-2.68688,43.16655],[-2.68689,43.16652],[-2.68705,43.16622],[-2.68721,43.16592],[-2.68739,43.16577],[-2.68757,43.16581],[-2.68767,43.16579],[-2.68787,43.16572],[-2.68819,43.16557],[-2.68858,43.16547],[-2.68873,43.16547]]}},{"type":"Feature","properties":{"id":1209785911,"highway":"track"},"geometry":{"type":"LineString","coordinates":[[-2.68739,43.16577],[-2.68719,43.16564],[-2.68699,43.16544],[-2.6868,43.16533],[-2.68661,43.16526],[-2.68645,43.16529],[-2.6863,43.16533],[-2.6861,43.16537],[-2.686,43.16539],[-2.6858,43.1653],[-2.68572,43.1652],[-2.68566,43.16507],[-2.68545,43.16489],[-2.68532,43.16481],[-2.68518,43.16474],[-2.68493,43.16468]]}},{"type":"Feature","properties":{"id":1216188413,"highway":"residential","nombre":"Montorreta kalea","oneway":"no"},"geometry":{"type":"LineString","coordinates":[[-2.62379,43.16635],[-2.62379,43.16634],[-2.6238,43.16632]]}},{"type":"Feature","properties":{"id":1216188414,"highway":"residential","nombre":"Montorreta kalea","oneway":"yes"},"geometry":{"type":"LineString","coordinates":[[-2.62377,43.16614],[-2.6238,43.16632]]}},{"type":"Feature","properties":{"id":1216188415,"highway":"residential"},"geometry":{"type":"LineString","coordinates":[[-2.62409,43.16582],[-2.62401,43.16579],[-2.62393,43.16578],[-2.62385,43.16579],[-2.62377,43.16582],[-2.62371,43.16586],[-2.6237,43.16587],[-2.62367,43.16591],[-2.62365,43.16598],[-2.62367,43.16604],[-2.62371,43.1661],[-2.62377,43.16614]]}},{"type":"Feature","properties":{"id":1216188416,"highway":"residential"},"geometry":{"type":"LineString","coordinates":[[-2.62391,43.16618],[-2.624,43.16617],[-2.62407,43.16614],[-2.62414,43.1661],[-2.62418,43.16605],[-2.62419,43.16599],[-2.62418,43.16592],[-2.62415,43.16587],[-2.62409,43.16582]]}},{"type":"Feature","properties":{"id":1227986461,"highway":"service"},"geometry":{"type":"LineString","coordinates":[[-2.63815,43.16814],[-2.63806,43.16825],[-2.63803,43.16829],[-2.63794,43.16842],[-2.63787,43.16869],[-2.6378,43.16868]]}},{"type":"Feature","properties":{"id":1227986463,"highway":"pedestrian"},"geometry":{"type":"LineString","coordinates":[[-2.63707,43.1688],[-2.63723,43.16882],[-2.63842,43.16895],[-2.63846,43.16876],[-2.63847,43.16871],[-2.63828,43.16869],[-2.63831,43.1685],[-2.63845,43.16841]]}},{"type":"Feature","properties":{"id":1274844987,"highway":"path"},"geometry":{"type":"LineString","coordinates":[[-2.66678,43.15109],[-2.66678,43.15107],[-2.66678,43.15107]]}},{"type":"Feature","properties":{"id":1300253806,"highway":"residential","nombre":"Arriluzea kalea","oneway":"yes"},"geometry":{"type":"LineString","coordinates":[[-2.63039,43.16198],[-2.63043,43.16198],[-2.63048,43.16198],[-2.63053,43.16198]]}},{"type":"Feature","properties":{"id":1300253807,"highway":"residential","nombre":"Arriluzea kalea","oneway":"yes"},"geometry":{"type":"LineString","coordinates":[[-2.63052,43.16192],[-2.63048,43.16192],[-2.63043,43.16191],[-2.6304,43.1619]]}},{"type":"Feature","properties":{"id":1300254196,"highway":"residential","puente":"yes"},"geometry":{"type":"LineString","coordinates":[[-2.63315,43.17283],[-2.63288,43.17282]]}},{"type":"Feature","properties":{"id":1300254197,"highway":"residential"},"geometry":{"type":"LineString","coordinates":[[-2.63288,43.17282],[-2.63281,43.17281]]}},{"type":"Feature","properties":{"id":1310605193,"highway":"path"},"geometry":{"type":"LineString","coordinates":[[-2.67923,43.15874],[-2.67932,43.15883],[-2.67927,43.15893],[-2.67877,43.15933],[-2.67868,43.15957],[-2.67785,43.15986],[-2.6775,43.16029],[-2.67747,43.16081],[-2.6776,43.16124],[-2.67788,43.1617],[-2.67816,43.16181],[-2.67827,43.16219],[-2.67804,43.16264],[-2.67744,43.1632]]}},{"type":"Feature","properties":{"id":1310605194,"highway":"path"},"geometry":{"type":"LineString","coordinates":[[-2.67936,43.15812],[-2.67978,43.15817],[-2.67986,43.15818],[-2.68003,43.15819],[-2.68017,43.15817],[-2.68031,43.15819],[-2.68046,43.15828],[-2.6805,43.15837],[-2.68054,43.15854],[-2.68054,43.15874],[-2.68052,43.15888],[-2.68037,43.15909],[-2.68026,43.15927],[-2.68016,43.15941],[-2.67994,43.15993],[-2.67983,43.16019]]}},{"type":"Feature","properties":{"id":1310605195,"highway":"track"},"geometry":{"type":"LineString","coordinates":[[-2.67736,43.16454],[-2.67781,43.16481],[-2.67807,43.16504],[-2.67831,43.16541],[-2.67832,43.16556],[-2.67811,43.16558],[-2.67785,43.16561],[-2.67755,43.1657],[-2.67738,43.1658],[-2.6773,43.16595],[-2.67723,43.16626],[-2.67704,43.16664],[-2.67673,43.16679],[-2.67636,43.16679],[-2.67577,43.16679],[-2.67527,43.16676]]}},{"type":"Feature","properties":{"id":1315340206,"highway":"footway"},"geometry":{"type":"LineString","coordinates":[[-2.6342,43.17489],[-2.6342,43.17486],[-2.63417,43.17472]]}},{"type":"Feature","properties":{"id":1315340207,"highway":"footway","puente":"yes"},"geometry":{"type":"LineString","coordinates":[[-2.63423,43.17503],[-2.6342,43.17489]]}},{"type":"Feature","properties":{"id":1315340225,"highway":"service"},"geometry":{"type":"LineString","coordinates":[[-2.63634,43.17316],[-2.63618,43.17337],[-2.63616,43.17339],[-2.63616,43.17341],[-2.63617,43.17344]]}},{"type":"Feature","properties":{"id":1321382917,"highway":"residential","nombre":"Tabira kalea","oneway":"yes"},"geometry":{"type":"LineString","coordinates":[[-2.63784,43.15644],[-2.63765,43.15641]]}},{"type":"Feature","properties":{"id":1321386312,"highway":"residential","nombre":"Tabira kalea","oneway":"no"},"geometry":{"type":"LineString","coordinates":[[-2.63753,43.15638],[-2.63736,43.15639]]}},{"type":"Feature","properties":{"id":1321386495,"highway":"residential","oneway":"yes"},"geometry":{"type":"LineString","coordinates":[[-2.63765,43.15641],[-2.63774,43.15654]]}},{"type":"Feature","properties":{"id":1335801238,"highway":"cycleway","oneway":"no"},"geometry":{"type":"LineString","coordinates":[[-2.62608,43.16831],[-2.62609,43.16829],[-2.62612,43.16824],[-2.62621,43.16806],[-2.62622,43.16802],[-2.62622,43.168],[-2.62619,43.16797],[-2.62615,43.16794],[-2.62617,43.16791],[-2.62619,43.1679],[-2.62579,43.16766],[-2.62551,43.16749],[-2.62525,43.16733],[-2.62493,43.16714],[-2.62461,43.16694],[-2.6244,43.16682],[-2.62433,43.16678],[-2.62422,43.16672],[-2.62401,43.1666],[-2.62399,43.16658],[-2.62394,43.16655]]}},{"type":"Feature","properties":{"id":1335801239,"highway":"cycleway","oneway":"no"},"geometry":{"type":"LineString","coordinates":[[-2.62116,43.16561],[-2.62105,43.16557],[-2.62103,43.16555],[-2.62102,43.16554],[-2.62103,43.16551],[-2.62103,43.16549],[-2.62102,43.16546],[-2.62098,43.16542],[-2.62094,43.1654],[-2.62081,43.16536],[-2.62075,43.16537],[-2.62068,43.16539],[-2.62063,43.16542],[-2.62061,43.16543],[-2.62057,43.16544]]}},{"type":"Feature","properties":{"id":1352510299,"highway":"cycleway"},"geometry":{"type":"LineString","coordinates":[[-2.62637,43.16988],[-2.62628,43.16987],[-2.62601,43.16986],[-2.62541,43.16982],[-2.62467,43.16978],[-2.6245,43.16976],[-2.62447,43.16976],[-2.62437,43.16977],[-2.62431,43.16978],[-2.62426,43.16976],[-2.6242,43.16975],[-2.62412,43.16974],[-2.62398,43.16973],[-2.62381,43.1697],[-2.62367,43.16967],[-2.62337,43.1696],[-2.62326,43.16958],[-2.62314,43.16955],[-2.6231,43.16951],[-2.6231,43.1695],[-2.62309,43.16948],[-2.62309,43.16946],[-2.6231,43.16943],[-2.62311,43.16941],[-2.62312,43.16938],[-2.62315,43.16936],[-2.62319,43.16931],[-2.62321,43.16928],[-2.62322,43.16925],[-2.62321,43.16922],[-2.62318,43.16917],[-2.62315,43.16915],[-2.62311,43.16913],[-2.62304,43.16909],[-2.62299,43.16905],[-2.62294,43.169],[-2.62291,43.16894],[-2.6229,43.16891],[-2.6229,43.16888],[-2.6229,43.16886],[-2.6229,43.16884],[-2.62291,43.16881],[-2.62301,43.16856],[-2.62314,43.16823],[-2.62317,43.16815],[-2.62325,43.16795],[-2.62328,43.16787],[-2.62329,43.16785],[-2.62331,43.16782],[-2.62332,43.16782],[-2.62335,43.16781],[-2.62335,43.16781],[-2.62338,43.16775],[-2.62339,43.16772]]}},{"type":"Feature","properties":{"id":1352510300,"highway":"residential","oneway":"yes"},"geometry":{"type":"LineString","coordinates":[[-2.6229,43.16938],[-2.62293,43.16943],[-2.62293,43.16948],[-2.62293,43.16948],[-2.62288,43.16957],[-2.62277,43.16963]]}},{"type":"Feature","properties":{"id":1352510302,"highway":"footway","puente":"yes"},"geometry":{"type":"LineString","coordinates":[[-2.63436,43.17501],[-2.63435,43.17496],[-2.63434,43.17488]]}},{"type":"Feature","properties":{"id":1352510304,"highway":"footway"},"geometry":{"type":"LineString","coordinates":[[-2.63434,43.17488],[-2.63433,43.17485]]}},{"type":"Feature","properties":{"id":1352510305,"highway":"unclassified"},"geometry":{"type":"LineString","coordinates":[[-2.62513,43.15814],[-2.62516,43.15802],[-2.62518,43.15795]]}},{"type":"Feature","properties":{"id":1352523069,"highway":"unclassified","nombre":"Eguzkitza auzoa","oneway":"yes"},"geometry":{"type":"LineString","coordinates":[[-2.62513,43.15814],[-2.62518,43.15815],[-2.62523,43.15814],[-2.62528,43.15815],[-2.6253,43.15816],[-2.62533,43.15818]]}},{"type":"Feature","properties":{"id":1353205671,"highway":"residential","nombre":"Astolabide kalea","oneway":"yes"},"geometry":{"type":"LineString","coordinates":[[-2.62032,43.1652],[-2.62044,43.16524],[-2.6205,43.16528]]}},{"type":"Feature","properties":{"id":1353205672,"highway":"residential","nombre":"Astolabide kalea","oneway":"yes"},"geometry":{"type":"LineString","coordinates":[[-2.62056,43.16517],[-2.62048,43.16519],[-2.62041,43.16519],[-2.62032,43.1652]]}},{"type":"Feature","properties":{"id":1353205674,"highway":"service","nombre":"Eguzkitza auzoa"},"geometry":{"type":"LineString","coordinates":[[-2.62115,43.16303],[-2.62102,43.16302],[-2.62083,43.16282]]}},{"type":"Feature","properties":{"id":1353205676,"highway":"unclassified","oneway":"yes"},"geometry":{"type":"LineString","coordinates":[[-2.62071,43.16318],[-2.62062,43.16297],[-2.6206,43.16291],[-2.62059,43.16289],[-2.62059,43.16287],[-2.62059,43.16281]]}},{"type":"Feature","properties":{"id":1353205677,"highway":"unclassified","oneway":"yes"},"geometry":{"type":"LineString","coordinates":[[-2.62059,43.16281],[-2.6206,43.16266],[-2.62063,43.1626],[-2.62066,43.16255]]}},{"type":"Feature","properties":{"id":1353205678,"highway":"service","oneway":"yes"},"geometry":{"type":"LineString","coordinates":[[-2.62083,43.16282],[-2.6208,43.16274],[-2.62074,43.16267],[-2.62072,43.16263],[-2.62071,43.16259],[-2.62073,43.16248]]}},{"type":"Feature","properties":{"id":1353205680,"highway":"residential","nombre":"Aliendalde taldea","oneway":"yes","superficie":"asphalt"},"geometry":{"type":"LineString","coordinates":[[-2.61691,43.16143],[-2.61692,43.16155],[-2.61692,43.16158],[-2.61691,43.16162],[-2.61687,43.16168]]}},{"type":"Feature","properties":{"id":1353205681,"highway":"residential","nombre":"Aliendalde taldea","oneway":"yes","superficie":"asphalt"},"geometry":{"type":"LineString","coordinates":[[-2.61709,43.16168],[-2.61708,43.16165],[-2.61707,43.16162],[-2.61704,43.16158],[-2.61694,43.16146],[-2.61691,43.16143]]}},{"type":"Feature","properties":{"id":1353205682,"highway":"residential","nombre":"Aliendalde taldea","oneway":"yes"},"geometry":{"type":"LineString","coordinates":[[-2.61711,43.16185],[-2.61723,43.16181],[-2.61737,43.16175],[-2.61744,43.1617]]}},{"type":"Feature","properties":{"id":1353205683,"highway":"residential","nombre":"Aliendalde taldea","oneway":"yes"},"geometry":{"type":"LineString","coordinates":[[-2.61744,43.1617],[-2.61735,43.16172],[-2.61725,43.16172],[-2.61719,43.16171],[-2.61711,43.1617]]}},{"type":"Feature","properties":{"id":1353205684,"highway":"residential","nombre":"Aliendalde taldea","oneway":"yes","superficie":"asphalt"},"geometry":{"type":"LineString","coordinates":[[-2.6167,43.16194],[-2.61674,43.16206],[-2.61677,43.16212],[-2.61683,43.16219]]}},{"type":"Feature","properties":{"id":1353205685,"highway":"residential","nombre":"Aliendalde taldea","oneway":"yes","superficie":"asphalt"},"geometry":{"type":"LineString","coordinates":[[-2.61683,43.16219],[-2.61683,43.16214],[-2.61683,43.16209],[-2.61683,43.16208],[-2.61684,43.16204],[-2.61686,43.16199],[-2.6169,43.16193]]}},{"type":"Feature","properties":{"id":1353205689,"highway":"footway"},"geometry":{"type":"LineString","coordinates":[[-2.61613,43.16221],[-2.61618,43.16226],[-2.61627,43.16235],[-2.61645,43.1626],[-2.61668,43.16291],[-2.61695,43.16318]]}},{"type":"Feature","properties":{"id":1353205692,"highway":"service"},"geometry":{"type":"LineString","coordinates":[[-2.61806,43.15985],[-2.61819,43.15979],[-2.61882,43.15951],[-2.61909,43.15936],[-2.61923,43.15925],[-2.61938,43.15901]]}},{"type":"Feature","properties":{"id":1353511016,"highway":"service","nombre":"Astolabide kalea","oneway":"yes"},"geometry":{"type":"LineString","coordinates":[[-2.61767,43.16161],[-2.61801,43.16204],[-2.61831,43.16242],[-2.61835,43.16245],[-2.6184,43.16246],[-2.61843,43.16245],[-2.61845,43.16243],[-2.61845,43.16238],[-2.6178,43.16155]]}},{"type":"Feature","properties":{"id":1353511017,"highway":"service"},"geometry":{"type":"LineString","coordinates":[[-2.61801,43.16204],[-2.61727,43.16233]]}},{"type":"Feature","properties":{"id":1353919627,"highway":"residential","nombre":"Juan Mari Altuna kalea","oneway":"yes"},"geometry":{"type":"LineString","coordinates":[[-2.62797,43.16869],[-2.628,43.16838]]}},{"type":"Feature","properties":{"id":1354631394,"highway":"residential","nombre":"Arriluzea kalea","oneway":"yes"},"geometry":{"type":"LineString","coordinates":[[-2.63181,43.16199],[-2.63178,43.16199],[-2.63175,43.16199]]}},{"type":"Feature","properties":{"id":1354631395,"highway":"residential","oneway":"yes"},"geometry":{"type":"LineString","coordinates":[[-2.63165,43.16181],[-2.63165,43.16184],[-2.63163,43.16187],[-2.63157,43.16193],[-2.63151,43.16197]]}},{"type":"Feature","properties":{"id":1354631396,"highway":"residential","oneway":"yes"},"geometry":{"type":"LineString","coordinates":[[-2.63175,43.16199],[-2.63171,43.16196],[-2.6317,43.16192],[-2.63167,43.16186],[-2.63165,43.16181]]}},{"type":"Feature","properties":{"id":1354631397,"highway":"footway"},"geometry":{"type":"LineString","coordinates":[[-2.62953,43.16092],[-2.62905,43.16081]]}},{"type":"Feature","properties":{"id":1354631398,"highway":"footway"},"geometry":{"type":"LineString","coordinates":[[-2.62905,43.16081],[-2.62899,43.1608],[-2.62894,43.16081],[-2.62893,43.16082],[-2.6289,43.16086]]}},{"type":"Feature","properties":{"id":1354631399,"highway":"footway"},"geometry":{"type":"LineString","coordinates":[[-2.62915,43.16155],[-2.6291,43.16153],[-2.62906,43.16151],[-2.62904,43.16147],[-2.62902,43.16137],[-2.62896,43.1613],[-2.62891,43.16126],[-2.62886,43.16123],[-2.62884,43.16121],[-2.62883,43.16118],[-2.62883,43.16112]]}},{"type":"Feature","properties":{"id":1354631401,"highway":"cycleway"},"geometry":{"type":"LineString","coordinates":[[-2.63178,43.16199],[-2.63177,43.16205],[-2.63177,43.16211],[-2.63177,43.16216],[-2.63176,43.16223],[-2.63182,43.16237]]}},{"type":"Feature","properties":{"id":1354631402,"highway":"service"},"geometry":{"type":"LineString","coordinates":[[-2.63186,43.16251],[-2.63267,43.16258]]}},{"type":"Feature","properties":{"id":1354631403,"highway":"service"},"geometry":{"type":"LineString","coordinates":[[-2.63193,43.16273],[-2.63206,43.16274],[-2.63245,43.16276],[-2.63246,43.163],[-2.63273,43.16303],[-2.63283,43.16271],[-2.63246,43.16264],[-2.63245,43.16276]]}},{"type":"Feature","properties":{"id":1358615259,"highway":"primary","ref":"BI-623","oneway":"yes"},"geometry":{"type":"LineString","coordinates":[[-2.63829,43.15633],[-2.63823,43.15635],[-2.63816,43.15638],[-2.63803,43.1564]]}},{"type":"Feature","properties":{"id":1358615260,"highway":"primary","ref":"BI-623","oneway":"yes"},"geometry":{"type":"LineString","coordinates":[[-2.63828,43.15653],[-2.63828,43.15645],[-2.63829,43.15638],[-2.63829,43.15633]]}},{"type":"Feature","properties":{"id":1358615261,"highway":"residential","nombre":"Tabira kalea","oneway":"no"},"geometry":{"type":"LineString","coordinates":[[-2.63765,43.15641],[-2.63753,43.15638]]}},{"type":"Feature","properties":{"id":1358615262,"highway":"primary","ref":"BI-623","oneway":"yes"},"geometry":{"type":"LineString","coordinates":[[-2.63777,43.15672],[-2.63776,43.1568],[-2.63774,43.15689],[-2.63769,43.15699]]}},{"type":"Feature","properties":{"id":1358615263,"highway":"primary","ref":"BI-623","oneway":"yes"},"geometry":{"type":"LineString","coordinates":[[-2.63769,43.15699],[-2.6378,43.1569],[-2.63785,43.15688],[-2.63788,43.15687],[-2.63802,43.15682]]}},{"type":"Feature","properties":{"id":1360659900,"highway":"residential","oneway":"yes"},"geometry":{"type":"LineString","coordinates":[[-2.62067,43.16533],[-2.62078,43.16533],[-2.621,43.16538],[-2.62107,43.16542]]}},{"type":"Feature","properties":{"id":1360659901,"highway":"residential","nombre":"Montorreta kalea","oneway":"yes"},"geometry":{"type":"LineString","coordinates":[[-2.62121,43.16544],[-2.62124,43.16544],[-2.62126,43.16544],[-2.62129,43.16544],[-2.62134,43.16544],[-2.62137,43.16545],[-2.62142,43.16546],[-2.62147,43.16547],[-2.62238,43.16567],[-2.62264,43.16572],[-2.62349,43.1659],[-2.62353,43.16591],[-2.62355,43.16592],[-2.62359,43.16593],[-2.62361,43.16594],[-2.62365,43.16598]]}},{"type":"Feature","properties":{"id":1360659902,"highway":"residential","nombre":"Montorreta kalea","oneway":"yes"},"geometry":{"type":"LineString","coordinates":[[-2.6237,43.16587],[-2.62366,43.16587],[-2.62362,43.16587],[-2.62355,43.16586],[-2.62351,43.16585],[-2.62335,43.16582],[-2.62209,43.16555],[-2.62151,43.16543],[-2.62148,43.16542],[-2.6214,43.16541],[-2.62135,43.1654],[-2.62131,43.16538],[-2.62128,43.16536],[-2.62126,43.16535]]}},{"type":"Feature","properties":{"id":1360828194,"highway":"residential","nombre":"Aliendalde taldea","superficie":"asphalt"},"geometry":{"type":"LineString","coordinates":[[-2.61711,43.1617],[-2.61709,43.16168],[-2.61707,43.16167],[-2.61703,43.16165],[-2.61698,43.16165],[-2.61693,43.16166],[-2.61687,43.16168],[-2.61681,43.1617],[-2.61667,43.16177],[-2.61664,43.16179],[-2.61663,43.1618],[-2.61662,43.16182],[-2.61662,43.16183],[-2.61664,43.16188]]}},{"type":"Feature","properties":{"id":1373898506,"highway":"primary","ref":"BI-623","superficie":"asphalt"},"geometry":{"type":"LineString","coordinates":[[-2.6379,43.1568],[-2.63796,43.15682],[-2.63802,43.15682]]}},{"type":"Feature","properties":{"id":1373898507,"highway":"primary","ref":"BI-623","superficie":"asphalt"},"geometry":{"type":"LineString","coordinates":[[-2.63777,43.15672],[-2.63783,43.15677],[-2.6379,43.1568]]}},{"type":"Feature","properties":{"id":1373898508,"highway":"primary","ref":"BI-623","superficie":"asphalt"},"geometry":{"type":"LineString","coordinates":[[-2.63803,43.1564],[-2.63796,43.1564],[-2.6379,43.15642],[-2.63784,43.15644]]}},{"type":"Feature","properties":{"id":1373898509,"highway":"residential","nombre":"Arriluzea kalea","oneway":"yes"},"geometry":{"type":"LineString","coordinates":[[-2.63175,43.16199],[-2.63151,43.16197],[-2.63081,43.16194]]}},{"type":"Feature","properties":{"id":1378679178,"highway":"footway"},"geometry":{"type":"LineString","coordinates":[[-2.63417,43.16863],[-2.6338,43.16861],[-2.63304,43.16857],[-2.63268,43.16855],[-2.63255,43.16854]]}},{"type":"Feature","properties":{"id":1378679179,"highway":"footway"},"geometry":{"type":"LineString","coordinates":[[-2.63258,43.16943],[-2.63293,43.16939],[-2.63321,43.16935],[-2.63347,43.16933]]}},{"type":"Feature","properties":{"id":1378679180,"highway":"footway"},"geometry":{"type":"LineString","coordinates":[[-2.63258,43.16943],[-2.63257,43.1694],[-2.63256,43.16928],[-2.63253,43.16908],[-2.63254,43.16895],[-2.63254,43.16885],[-2.63254,43.1687],[-2.63255,43.16854]]}},{"type":"Feature","properties":{"id":1378679181,"highway":"footway"},"geometry":{"type":"LineString","coordinates":[[-2.63293,43.16939],[-2.63297,43.16931],[-2.63296,43.16925],[-2.6329,43.16914],[-2.63277,43.16911],[-2.6327,43.16908],[-2.63266,43.16904],[-2.63266,43.16899]]}},{"type":"Feature","properties":{"id":1378679182,"highway":"steps"},"geometry":{"type":"LineString","coordinates":[[-2.63266,43.16899],[-2.63254,43.16895]]}},{"type":"Feature","properties":{"id":1378679183,"highway":"footway"},"geometry":{"type":"LineString","coordinates":[[-2.63296,43.16925],[-2.63296,43.16913],[-2.63298,43.1691],[-2.633,43.16906],[-2.63294,43.16897],[-2.63289,43.16888],[-2.63284,43.1688],[-2.63276,43.16868],[-2.63268,43.16855]]}},{"type":"Feature","properties":{"id":1378679184,"highway":"footway"},"geometry":{"type":"LineString","coordinates":[[-2.63276,43.16868],[-2.63305,43.16869],[-2.63314,43.16869],[-2.63324,43.1687],[-2.63331,43.16871],[-2.63339,43.16873],[-2.63342,43.16875],[-2.63346,43.16878],[-2.63343,43.1688],[-2.63337,43.16876],[-2.63332,43.16874],[-2.63326,43.16873],[-2.63317,43.16873],[-2.63311,43.16874],[-2.63306,43.16877],[-2.63302,43.1688],[-2.633,43.16884],[-2.63298,43.16888],[-2.63298,43.16893]]}},{"type":"Feature","properties":{"id":1378679185,"highway":"footway"},"geometry":{"type":"LineString","coordinates":[[-2.63266,43.16899],[-2.63275,43.16895]]}},{"type":"Feature","properties":{"id":1378679186,"highway":"steps"},"geometry":{"type":"LineString","coordinates":[[-2.63275,43.16895],[-2.63289,43.16888]]}},{"type":"Feature","properties":{"id":1378679187,"highway":"footway"},"geometry":{"type":"LineString","coordinates":[[-2.63343,43.1688],[-2.63345,43.16882],[-2.63347,43.16884],[-2.63348,43.16886],[-2.63349,43.16889],[-2.63349,43.16891],[-2.63349,43.16894],[-2.63347,43.16897]]}},{"type":"Feature","properties":{"id":1378679189,"highway":"footway","puente":"yes"},"geometry":{"type":"LineString","coordinates":[[-2.63326,43.16873],[-2.63324,43.16891]]}},{"type":"Feature","properties":{"id":1378679190,"highway":"footway"},"geometry":{"type":"LineString","coordinates":[[-2.633,43.16906],[-2.63312,43.16906],[-2.63325,43.16907],[-2.63337,43.16908],[-2.63344,43.16909]]}},{"type":"Feature","properties":{"id":1378679192,"highway":"steps"},"geometry":{"type":"LineString","coordinates":[[-2.6337,43.16893],[-2.63371,43.16888]]}},{"type":"Feature","properties":{"id":1387344900,"highway":"residential","nombre":"Juan Antonio Abasolo kalea","oneway":"yes"},"geometry":{"type":"LineString","coordinates":[[-2.63521,43.17045],[-2.63531,43.17044],[-2.6354,43.17044]]}},{"type":"Feature","properties":{"id":1387344901,"highway":"residential","nombre":"Juan Antonio Abasolo kalea","oneway":"yes"},"geometry":{"type":"LineString","coordinates":[[-2.63521,43.17045],[-2.63522,43.17038],[-2.63519,43.17033]]}},{"type":"Feature","properties":{"id":1387344902,"highway":"residential","nombre":"Sasikoa kalea","oneway":"yes","superficie":"asphalt"},"geometry":{"type":"LineString","coordinates":[[-2.63519,43.17033],[-2.63514,43.17031],[-2.63503,43.17026],[-2.63467,43.17008],[-2.6342,43.16985],[-2.63415,43.16983],[-2.63394,43.16978],[-2.63377,43.16976],[-2.63369,43.16975],[-2.63357,43.16974],[-2.63344,43.16975],[-2.6333,43.16976],[-2.63312,43.1698],[-2.6329,43.16987],[-2.63275,43.16991],[-2.63271,43.16993],[-2.63266,43.16997]]}},{"type":"Feature","properties":{"id":1387344903,"highway":"footway"},"geometry":{"type":"LineString","coordinates":[[-2.63175,43.17163],[-2.63175,43.17166],[-2.63175,43.17173],[-2.63175,43.17176]]}},{"type":"Feature","properties":{"id":1387344904,"highway":"footway"},"geometry":{"type":"LineString","coordinates":[[-2.6312,43.17176],[-2.6312,43.17172],[-2.6312,43.17165],[-2.63121,43.17162]]}},{"type":"Feature","properties":{"id":1387344905,"highway":"footway"},"geometry":{"type":"LineString","coordinates":[[-2.63166,43.17178],[-2.63146,43.17178],[-2.63136,43.17178],[-2.6313,43.17178]]}},{"type":"Feature","properties":{"id":1387344906,"highway":"footway"},"geometry":{"type":"LineString","coordinates":[[-2.63125,43.17178],[-2.63124,43.17178],[-2.63121,43.17178]]}},{"type":"Feature","properties":{"id":1387344907,"highway":"footway"},"geometry":{"type":"LineString","coordinates":[[-2.6313,43.17178],[-2.63125,43.17178]]}},{"type":"Feature","properties":{"id":1387344908,"highway":"footway"},"geometry":{"type":"LineString","coordinates":[[-2.63121,43.17178],[-2.6312,43.17176]]}},{"type":"Feature","properties":{"id":1387344909,"highway":"footway"},"geometry":{"type":"LineString","coordinates":[[-2.63175,43.17176],[-2.63166,43.17178]]}},{"type":"Feature","properties":{"id":1387344910,"highway":"footway"},"geometry":{"type":"LineString","coordinates":[[-2.63007,43.17178],[-2.63007,43.17171],[-2.63007,43.17164],[-2.63007,43.1716]]}},{"type":"Feature","properties":{"id":1387344911,"highway":"footway"},"geometry":{"type":"LineString","coordinates":[[-2.62893,43.17176],[-2.62894,43.1717],[-2.62894,43.17163],[-2.62894,43.1716]]}},{"type":"Feature","properties":{"id":1387344912,"highway":"footway"},"geometry":{"type":"LineString","coordinates":[[-2.6279,43.17173],[-2.6279,43.17169],[-2.6279,43.17162],[-2.6279,43.17158]]}},{"type":"Feature","properties":{"id":1387347713,"highway":"footway"},"geometry":{"type":"LineString","coordinates":[[-2.6274,43.17137],[-2.62733,43.17138],[-2.62722,43.1714],[-2.62717,43.17141]]}},{"type":"Feature","properties":{"id":1387347714,"highway":"footway"},"geometry":{"type":"LineString","coordinates":[[-2.62698,43.17174],[-2.62698,43.17169],[-2.62698,43.17161],[-2.62697,43.17159]]}},{"type":"Feature","properties":{"id":1387347715,"highway":"footway"},"geometry":{"type":"LineString","coordinates":[[-2.62379,43.17171],[-2.62379,43.17165],[-2.62379,43.17157],[-2.62379,43.17153]]}},{"type":"Feature","properties":{"id":1387347716,"highway":"footway"},"geometry":{"type":"LineString","coordinates":[[-2.62365,43.17133],[-2.62356,43.17134],[-2.62351,43.17134],[-2.62342,43.17135],[-2.62339,43.17135],[-2.62333,43.17135]]}},{"type":"Feature","properties":{"id":1387347717,"highway":"service","oneway":"no"},"geometry":{"type":"LineString","coordinates":[[-2.62335,43.17163],[-2.6233,43.17163],[-2.62315,43.17163],[-2.62311,43.17164],[-2.6231,43.17164],[-2.62309,43.17165],[-2.62308,43.17179],[-2.62308,43.17201]]}},{"type":"Feature","properties":{"id":1387347718,"highway":"footway"},"geometry":{"type":"LineString","coordinates":[[-2.62506,43.17172],[-2.62506,43.17167],[-2.62506,43.1716],[-2.62506,43.17155]]}},{"type":"Feature","properties":{"id":1387347719,"highway":"pedestrian","nombre":"Monago Torre kalea","oneway":"no"},"geometry":{"type":"LineString","coordinates":[[-2.63048,43.16857],[-2.63067,43.1686],[-2.63119,43.16867]]}},{"type":"Feature","properties":{"id":1387347720,"highway":"residential","nombre":"Sanrokebide kalea"},"geometry":{"type":"LineString","coordinates":[[-2.63737,43.16782],[-2.63721,43.16775],[-2.63715,43.16773]]}},{"type":"Feature","properties":{"id":1387347721,"highway":"residential","nombre":"Galtzareta kalea"},"geometry":{"type":"LineString","coordinates":[[-2.63617,43.16732],[-2.63606,43.16728],[-2.63601,43.16726],[-2.63562,43.1671],[-2.6355,43.16706],[-2.63547,43.16705],[-2.63536,43.16701],[-2.63525,43.16698],[-2.63511,43.16694]]}},{"type":"Feature","properties":{"id":1387347722,"highway":"footway"},"geometry":{"type":"LineString","coordinates":[[-2.64256,43.16884],[-2.64255,43.16891],[-2.64254,43.16896],[-2.64253,43.16899]]}},{"type":"Feature","properties":{"id":1387347723,"highway":"footway"},"geometry":{"type":"LineString","coordinates":[[-2.64279,43.1691],[-2.64275,43.16909],[-2.64266,43.16908],[-2.64262,43.16908]]}},{"type":"Feature","properties":{"id":1387347724,"highway":"footway"},"geometry":{"type":"LineString","coordinates":[[-2.64198,43.16878],[-2.64197,43.16885],[-2.64196,43.1689],[-2.64196,43.16893]]}},{"type":"Feature","properties":{"id":1387347725,"highway":"footway"},"geometry":{"type":"LineString","coordinates":[[-2.64268,43.16963],[-2.64265,43.16962],[-2.64255,43.16961],[-2.6425,43.16961]]}},{"type":"Feature","properties":{"id":1387347726,"highway":"footway"},"geometry":{"type":"LineString","coordinates":[[-2.64235,43.16984],[-2.64236,43.1698],[-2.64237,43.16976],[-2.64238,43.1697],[-2.64239,43.16967]]}},{"type":"Feature","properties":{"id":1414229846,"highway":"residential","oneway":"yes"},"geometry":{"type":"LineString","coordinates":[[-2.63978,43.16951],[-2.63987,43.1696],[-2.63991,43.16967],[-2.63993,43.16974],[-2.63993,43.16976]]}},{"type":"Feature","properties":{"id":1467519869,"highway":"pedestrian","nombre":"Santanoste kalea"},"geometry":{"type":"LineString","coordinates":[[-2.6314,43.1654],[-2.63153,43.16528],[-2.63185,43.16524],[-2.63191,43.16525],[-2.63202,43.16562],[-2.6321,43.16573],[-2.63213,43.16576],[-2.63214,43.16577]]}},{"type":"Feature","properties":{"id":1480448937,"highway":"pedestrian","nombre":"Hegoalde hiribidea"},"geometry":{"type":"LineString","coordinates":[[-2.627,43.16191],[-2.6268,43.16187],[-2.62642,43.16182],[-2.62604,43.16175],[-2.62572,43.16169],[-2.62559,43.16166]]}},{"type":"Feature","properties":{"id":1480448938,"highway":"pedestrian","nombre":"Hegoalde hiribidea"},"geometry":{"type":"LineString","coordinates":[[-2.62637,43.1606],[-2.62604,43.16175]]}},{"type":"Feature","properties":{"id":1480448939,"highway":"pedestrian","nombre":"Hegoalde hiribidea"},"geometry":{"type":"LineString","coordinates":[[-2.6268,43.16187],[-2.62694,43.16141],[-2.62709,43.16092]]}},{"type":"Feature","properties":{"id":1480448940,"highway":"pedestrian","nombre":"Hegoalde hiribidea"},"geometry":{"type":"LineString","coordinates":[[-2.62642,43.16182],[-2.62655,43.16135],[-2.62672,43.16076]]}},{"type":"Feature","properties":{"id":1480448941,"highway":"service"},"geometry":{"type":"LineString","coordinates":[[-2.62739,43.16148],[-2.62732,43.16146],[-2.62698,43.16141]]}},{"type":"Feature","properties":{"id":1480448944,"highway":"pedestrian","nombre":"Haritz kalea"},"geometry":{"type":"LineString","coordinates":[[-2.627,43.16344],[-2.62743,43.16351],[-2.62784,43.16358]]}},{"type":"Feature","properties":{"id":1480448945,"highway":"service"},"geometry":{"type":"LineString","coordinates":[[-2.62782,43.16381],[-2.62778,43.16381],[-2.62702,43.16369]]}},{"type":"Feature","properties":{"id":1480448946,"highway":"living_street"},"geometry":{"type":"LineString","coordinates":[[-2.6277,43.16451],[-2.6271,43.16443],[-2.62672,43.16436],[-2.62637,43.16428]]}},{"type":"Feature","properties":{"id":1480448947,"highway":"residential","nombre":"Antso Estegiz zumardia"},"geometry":{"type":"LineString","coordinates":[[-2.62507,43.16462],[-2.62495,43.16501],[-2.62494,43.16505]]}},{"type":"Feature","properties":{"id":1480448948,"highway":"unclassified","nombre":"Mendiola auzoa","superficie":"concrete"},"geometry":{"type":"LineString","coordinates":[[-2.63018,43.14703],[-2.63015,43.14706]]}},{"type":"Feature","properties":{"id":1480448949,"highway":"unclassified","nombre":"Astola auzoa","oneway":"no"},"geometry":{"type":"LineString","coordinates":[[-2.61713,43.15407],[-2.61709,43.15407]]}},{"type":"Feature","properties":{"id":1480448951,"highway":"service"},"geometry":{"type":"LineString","coordinates":[[-2.61855,43.1531],[-2.61848,43.15328],[-2.61903,43.15375],[-2.61999,43.15439]]}},{"type":"Feature","properties":{"id":1480448952,"highway":"service"},"geometry":{"type":"LineString","coordinates":[[-2.61968,43.15468],[-2.61856,43.154],[-2.61836,43.15375],[-2.61816,43.15347],[-2.61801,43.15352],[-2.61789,43.15348]]}},{"type":"Feature","properties":{"id":1480448953,"highway":"residential","nombre":"Jesus Maria de Leizaola kalea","oneway":"yes"},"geometry":{"type":"LineString","coordinates":[[-2.62046,43.1666],[-2.62058,43.16636],[-2.62097,43.16571],[-2.62105,43.16557],[-2.62108,43.16552],[-2.62113,43.16545]]}},{"type":"Feature","properties":{"id":1480448954,"highway":"residential","nombre":"Astolabide kalea","oneway":"yes","superficie":"asphalt"},"geometry":{"type":"LineString","coordinates":[[-2.621,43.16687],[-2.62091,43.16695],[-2.62084,43.1671],[-2.62081,43.16715]]}},{"type":"Feature","properties":{"id":1480448955,"highway":"residential","nombre":"Aliendalde taldea","superficie":"asphalt"},"geometry":{"type":"LineString","coordinates":[[-2.61691,43.16143],[-2.61669,43.16117]]}},{"type":"Feature","properties":{"id":1480448956,"highway":"service"},"geometry":{"type":"LineString","coordinates":[[-2.61899,43.1656],[-2.6189,43.16563],[-2.6188,43.16568]]}},{"type":"Feature","properties":{"id":1480448957,"highway":"service"},"geometry":{"type":"LineString","coordinates":[[-2.6189,43.16546],[-2.61878,43.16548],[-2.61866,43.16549],[-2.61863,43.1655]]}},{"type":"Feature","properties":{"id":1480448958,"highway":"pedestrian","nombre":"Ebaristo Bustintza Kirikiño kalea"},"geometry":{"type":"LineString","coordinates":[[-2.62166,43.16804],[-2.62188,43.16809],[-2.62193,43.1681],[-2.62254,43.16822],[-2.62256,43.16823]]}},{"type":"Feature","properties":{"id":1480448959,"highway":"residential","nombre":"Ebaristo Bustintza Kirikiño kalea","oneway":"yes"},"geometry":{"type":"LineString","coordinates":[[-2.62087,43.1677],[-2.62091,43.16777],[-2.62096,43.16784],[-2.62105,43.16792]]}},{"type":"Feature","properties":{"id":1480448960,"highway":"pedestrian","nombre":"Bernardo Gabiola kalea"},"geometry":{"type":"LineString","coordinates":[[-2.62171,43.16861],[-2.62178,43.16855],[-2.62179,43.1685],[-2.62185,43.16833],[-2.62193,43.1681]]}},{"type":"Feature","properties":{"id":1480448961,"highway":"pedestrian","nombre":"Undatorre kalea"},"geometry":{"type":"LineString","coordinates":[[-2.62227,43.16698],[-2.62239,43.16668],[-2.62251,43.16637],[-2.62258,43.16618],[-2.6227,43.16585]]}},{"type":"Feature","properties":{"id":1480448962,"highway":"pedestrian","nombre":"Undatorre kalea"},"geometry":{"type":"LineString","coordinates":[[-2.62176,43.16686],[-2.62191,43.16649],[-2.62195,43.16641],[-2.62199,43.16637],[-2.62208,43.16624],[-2.62228,43.16573]]}},{"type":"Feature","properties":{"id":1497638251,"highway":"residential","nombre":"Arriputzueta","oneway":"yes"},"geometry":{"type":"LineString","coordinates":[[-2.62311,43.16977],[-2.62306,43.16971],[-2.62304,43.16964],[-2.62302,43.1696],[-2.62302,43.16955],[-2.62302,43.16949],[-2.62303,43.16947],[-2.62307,43.16937]]}},{"type":"Feature","properties":{"id":1497638252,"highway":"secondary","oneway":"yes","superficie":"asphalt"},"geometry":{"type":"LineString","coordinates":[[-2.62281,43.16924],[-2.62275,43.16929],[-2.62267,43.16932]]}},{"type":"Feature","properties":{"id":1497638253,"highway":"secondary","superficie":"asphalt"},"geometry":{"type":"LineString","coordinates":[[-2.62285,43.16935],[-2.6229,43.16938],[-2.62296,43.16939],[-2.62301,43.16939],[-2.62307,43.16937],[-2.62311,43.16934],[-2.62313,43.1693],[-2.62314,43.16926]]}},{"type":"Feature","properties":{"id":1497638254,"highway":"residential","nombre":"Arriputzueta","oneway":"yes"},"geometry":{"type":"LineString","coordinates":[[-2.62451,43.16999],[-2.62445,43.16998],[-2.62436,43.16998],[-2.62422,43.16996],[-2.62405,43.16995],[-2.62356,43.16991],[-2.62349,43.1699],[-2.62311,43.16977]]}},{"type":"Feature","properties":{"id":1497638255,"highway":"secondary","oneway":"yes","superficie":"asphalt"},"geometry":{"type":"LineString","coordinates":[[-2.62267,43.16934],[-2.62271,43.16934],[-2.62278,43.16934],[-2.62285,43.16935]]}},{"type":"Feature","properties":{"id":1497638256,"highway":"footway"},"geometry":{"type":"LineString","coordinates":[[-2.62266,43.16936],[-2.62266,43.16937]]}},{"type":"Feature","properties":{"id":1497916139,"highway":"residential","oneway":"yes"},"geometry":{"type":"LineString","coordinates":[[-2.62268,43.16897],[-2.62274,43.169],[-2.62279,43.16904],[-2.62283,43.16908],[-2.62287,43.16917]]}},{"type":"Feature","properties":{"id":1500783153,"highway":"service","nombre":"Askatasun etorbidea"},"geometry":{"type":"LineString","coordinates":[[-2.64372,43.16997],[-2.64375,43.16985],[-2.64367,43.16978],[-2.64355,43.16971],[-2.64344,43.16962],[-2.64334,43.16951],[-2.64328,43.1694],[-2.64327,43.1693]]}},{"type":"Feature","properties":{"id":1500783154,"highway":"residential","nombre":"Sanrokebide kalea"},"geometry":{"type":"LineString","coordinates":[[-2.63715,43.16773],[-2.63697,43.16765],[-2.63617,43.16732]]}},{"type":"Feature","properties":{"id":1500783155,"highway":"residential","nombre":"Ziritza kalea","oneway":"yes"},"geometry":{"type":"LineString","coordinates":[[-2.64266,43.16903],[-2.64266,43.16908],[-2.64255,43.16961],[-2.64255,43.16966],[-2.64255,43.16971]]}},{"type":"Feature","properties":{"id":1500783156,"highway":"residential","nombre":"Ziritza kalea"},"geometry":{"type":"LineString","coordinates":[[-2.64263,43.16972],[-2.64265,43.16962],[-2.64275,43.16909],[-2.64276,43.16905],[-2.64278,43.16886],[-2.64286,43.16833]]}},{"type":"Feature","properties":{"id":1500783158,"highway":"residential","nombre":"Bustintza kalea"},"geometry":{"type":"LineString","coordinates":[[-2.64157,43.16856],[-2.6416,43.1684],[-2.64165,43.16809],[-2.64177,43.16749],[-2.64179,43.16741]]}},{"type":"Feature","properties":{"id":1500783159,"highway":"service","nombre":"San Roke auzunea"},"geometry":{"type":"LineString","coordinates":[[-2.64283,43.16795],[-2.64324,43.16773],[-2.64348,43.16766],[-2.64363,43.16762],[-2.64382,43.1676],[-2.64422,43.16759],[-2.64438,43.16757],[-2.64516,43.16743],[-2.6455,43.16736],[-2.64624,43.16723],[-2.64682,43.1671],[-2.64707,43.16705]]}},{"type":"Feature","properties":{"id":1501137878,"highway":"service","oneway":"yes","superficie":"asphalt"},"geometry":{"type":"LineString","coordinates":[[-2.62632,43.16939],[-2.62614,43.1694],[-2.62613,43.1694],[-2.62606,43.1694],[-2.62601,43.1694],[-2.62602,43.16935],[-2.62537,43.16932],[-2.62537,43.16948],[-2.62539,43.16964],[-2.62599,43.16967],[-2.626,43.16952],[-2.62601,43.1694]]}},{"type":"Feature","properties":{"id":1501137879,"highway":"service","oneway":"yes","superficie":"asphalt"},"geometry":{"type":"LineString","coordinates":[[-2.62537,43.16948],[-2.626,43.16952]]}},{"type":"Feature","properties":{"id":1501137880,"highway":"service","oneway":"yes","superficie":"asphalt"},"geometry":{"type":"LineString","coordinates":[[-2.62537,43.16932],[-2.62536,43.16916],[-2.62536,43.1691],[-2.62536,43.16905]]}},{"type":"Feature","properties":{"id":1501137889,"highway":"pedestrian"},"geometry":{"type":"LineString","coordinates":[[-2.62317,43.16815],[-2.62376,43.16827],[-2.62454,43.16843],[-2.62459,43.16844],[-2.62568,43.16866],[-2.62572,43.16867]]}},{"type":"Feature","properties":{"id":1501137890,"highway":"pedestrian"},"geometry":{"type":"LineString","coordinates":[[-2.62463,43.16904],[-2.62457,43.1686],[-2.62454,43.16843]]}},{"type":"Feature","properties":{"id":1501137891,"highway":"pedestrian"},"geometry":{"type":"LineString","coordinates":[[-2.62376,43.16827],[-2.62441,43.16861],[-2.62457,43.1686]]}},{"type":"Feature","properties":{"id":1501137892,"highway":"pedestrian"},"geometry":{"type":"LineString","coordinates":[[-2.62459,43.16844],[-2.62473,43.1681]]}},{"type":"Feature","properties":{"id":1505607837,"highway":"path"},"geometry":{"type":"MultiLineString","coordinates":[[[-2.63656,43.1619],[-2.63669,43.16194],[-2.63686,43.16187],[-2.63702,43.1618],[-2.63711,43.16178],[-2.63733,43.16178],[-2.63749,43.16177],[-2.63761,43.16177],[-2.63774,43.16175],[-2.63777,43.16175],[-2.63784,43.16175],[-2.63792,43.16173],[-2.63798,43.16172],[-2.63803,43.16172],[-2.63809,43.16173],[-2.63813,43.16174],[-2.63816,43.16174],[-2.63821,43.16173],[-2.63875,43.16173],[-2.63876,43.16184],[-2.63881,43.16198],[-2.63892,43.16211],[-2.63904,43.16219],[-2.64079,43.16332]],[[-2.64082,43.16334],[-2.64087,43.16337]]]}},{"type":"Feature","properties":{"id":1527267129,"highway":"residential","nombre":"Sasikoa kalea","oneway":"no"},"geometry":{"type":"LineString","coordinates":[[-2.64199,43.17238],[-2.64189,43.17239],[-2.64184,43.17239]]}},{"type":"Feature","properties":{"id":1527267130,"highway":"residential","nombre":"Sasikoa kalea","oneway":"yes"},"geometry":{"type":"LineString","coordinates":[[-2.64225,43.17229],[-2.64212,43.17235],[-2.64205,43.17237],[-2.64199,43.17238]]}},{"type":"Feature","properties":{"id":1527267131,"highway":"residential","nombre":"Sasikoa kalea","oneway":"yes"},"geometry":{"type":"LineString","coordinates":[[-2.64199,43.17238],[-2.64208,43.17239],[-2.64214,43.1724],[-2.64227,43.17241]]}},{"type":"Feature","properties":{"id":1527267133,"highway":"residential","nombre":"Santa Apolonia poligonoa"},"geometry":{"type":"LineString","coordinates":[[-2.64241,43.17241],[-2.64254,43.17253],[-2.64264,43.17267],[-2.64266,43.17268],[-2.64275,43.17273],[-2.64295,43.17281],[-2.64325,43.1729],[-2.64342,43.17296],[-2.64357,43.17302],[-2.64384,43.17312],[-2.64403,43.17323]]}},{"type":"Feature","properties":{"id":1527267141,"highway":"cycleway"},"geometry":{"type":"LineString","coordinates":[[-2.64404,43.1732],[-2.64401,43.17318],[-2.64393,43.17314],[-2.64383,43.17309],[-2.64366,43.17302],[-2.64341,43.17293],[-2.64318,43.17286],[-2.64295,43.17278],[-2.64284,43.17274],[-2.64274,43.1727],[-2.64269,43.17267],[-2.64264,43.17267],[-2.64239,43.17268],[-2.64187,43.17271],[-2.64128,43.17275],[-2.64065,43.17278],[-2.64057,43.17279],[-2.64044,43.1728],[-2.64013,43.17283],[-2.63935,43.17287],[-2.6383,43.17294]]}},{"type":"Feature","properties":{"id":1527482551,"highway":"footway"},"geometry":{"type":"LineString","coordinates":[[-2.63802,43.17263],[-2.63805,43.17265],[-2.63812,43.17255],[-2.63818,43.17247],[-2.63859,43.1719]]}},{"type":"Feature","properties":{"id":1527482552,"highway":"footway"},"geometry":{"type":"LineString","coordinates":[[-2.63859,43.1719],[-2.63851,43.17187],[-2.63845,43.17185]]}},{"type":"Feature","properties":{"id":1527482553,"highway":"service"},"geometry":{"type":"LineString","coordinates":[[-2.64192,43.17181],[-2.64188,43.17188],[-2.64187,43.17194],[-2.64182,43.17218],[-2.64184,43.1722],[-2.64211,43.17219],[-2.64212,43.17217],[-2.64204,43.17198],[-2.64187,43.17194]]}},{"type":"Feature","properties":{"id":1527482555,"highway":"residential","nombre":"Zabalarra kalea","oneway":"no"},"geometry":{"type":"LineString","coordinates":[[-2.64232,43.17212],[-2.6423,43.17207]]}},{"type":"Feature","properties":{"id":1527482556,"highway":"residential","nombre":"Zabalarra kalea","oneway":"yes"},"geometry":{"type":"LineString","coordinates":[[-2.64232,43.17212],[-2.64233,43.1722],[-2.64231,43.17224],[-2.6423,43.17227]]}},{"type":"Feature","properties":{"id":1527482557,"highway":"residential","nombre":"Zabalarra kalea","oneway":"yes"},"geometry":{"type":"LineString","coordinates":[[-2.64242,43.17229],[-2.64237,43.17217],[-2.64232,43.17212]]}},{"type":"Feature","properties":{"id":1527482558,"highway":"footway"},"geometry":{"type":"LineString","coordinates":[[-2.64004,43.17138],[-2.6396,43.17199]]}},{"type":"Feature","properties":{"id":1527482559,"highway":"footway"},"geometry":{"type":"LineString","coordinates":[[-2.6396,43.17199],[-2.64009,43.17218],[-2.64005,43.17223]]}},{"type":"Feature","properties":{"id":1527482560,"highway":"footway"},"geometry":{"type":"LineString","coordinates":[[-2.64005,43.17223],[-2.64003,43.17225],[-2.64,43.17229]]}},{"type":"Feature","properties":{"id":1527482561,"highway":"footway"},"geometry":{"type":"LineString","coordinates":[[-2.64036,43.17244],[-2.64,43.17229],[-2.63989,43.17225],[-2.63976,43.17221],[-2.63966,43.17217],[-2.63885,43.17186],[-2.63877,43.17183],[-2.63871,43.17182],[-2.63865,43.17182],[-2.63862,43.17185],[-2.63859,43.1719]]}},{"type":"Feature","properties":{"id":1527482562,"highway":"footway"},"geometry":{"type":"LineString","coordinates":[[-2.64004,43.17138],[-2.63936,43.17119],[-2.63921,43.17117],[-2.63915,43.17118],[-2.63907,43.17126],[-2.63883,43.17162],[-2.63882,43.17166],[-2.63883,43.17169],[-2.63886,43.17171],[-2.63892,43.17175]]}},{"type":"Feature","properties":{"id":1527482563,"highway":"footway"},"geometry":{"type":"LineString","coordinates":[[-2.63927,43.17107],[-2.63926,43.1711],[-2.63921,43.17117]]}},{"type":"Feature","properties":{"id":1528216688,"highway":"footway"},"geometry":{"type":"LineString","coordinates":[[-2.63752,43.17284],[-2.63751,43.17287],[-2.6371,43.17271],[-2.63678,43.17258],[-2.63673,43.17256],[-2.6364,43.17242],[-2.63642,43.17239]]}},{"type":"Feature","properties":{"id":1528216689,"highway":"footway"},"geometry":{"type":"LineString","coordinates":[[-2.6371,43.17271],[-2.63651,43.17354],[-2.63644,43.17357]]}},{"type":"Feature","properties":{"id":1528216690,"highway":"footway"},"geometry":{"type":"LineString","coordinates":[[-2.6364,43.17242],[-2.63635,43.1724],[-2.63623,43.17235],[-2.63604,43.17227],[-2.63577,43.17216],[-2.63574,43.17216],[-2.63573,43.17217]]}},{"type":"Feature","properties":{"id":1528216691,"highway":"footway"},"geometry":{"type":"LineString","coordinates":[[-2.63573,43.17217],[-2.63565,43.17214],[-2.63559,43.17212]]}},{"type":"Feature","properties":{"id":1528216694,"highway":"service"},"geometry":{"type":"LineString","coordinates":[[-2.63639,43.17324],[-2.63631,43.17334],[-2.63618,43.17337]]}},{"type":"Feature","properties":{"id":1528216695,"highway":"service"},"geometry":{"type":"LineString","coordinates":[[-2.63547,43.17279],[-2.63527,43.1727],[-2.63521,43.17267]]}},{"type":"Feature","properties":{"id":1528216696,"highway":"footway"},"geometry":{"type":"LineString","coordinates":[[-2.63554,43.17321],[-2.63552,43.17324],[-2.63549,43.17328]]}},{"type":"Feature","properties":{"id":1528216697,"highway":"footway"},"geometry":{"type":"LineString","coordinates":[[-2.63572,43.17404],[-2.63531,43.17384],[-2.63492,43.17412]]}},{"type":"Feature","properties":{"id":1528216698,"highway":"footway"},"geometry":{"type":"LineString","coordinates":[[-2.63512,43.17299],[-2.63557,43.17317],[-2.63554,43.17321]]}},{"type":"Feature","properties":{"id":1528216709,"highway":"cycleway","tunel":"yes"},"geometry":{"type":"LineString","coordinates":[[-2.63418,43.17273],[-2.63404,43.17268]]}},{"type":"Feature","properties":{"id":1528216733,"highway":"footway"},"geometry":{"type":"LineString","coordinates":[[-2.62998,43.17454],[-2.62996,43.17466]]}},{"type":"Feature","properties":{"id":1528216734,"highway":"footway","puente":"yes"},"geometry":{"type":"LineString","coordinates":[[-2.62996,43.17466],[-2.62996,43.17468]]}},{"type":"Feature","properties":{"id":1529415652,"highway":"pedestrian"},"geometry":{"type":"LineString","coordinates":[[-2.63495,43.17029],[-2.63422,43.17053]]}},{"type":"Feature","properties":{"id":1529749988,"highway":"footway"},"geometry":{"type":"LineString","coordinates":[[-2.63334,43.17165],[-2.63334,43.17167],[-2.63333,43.17175],[-2.63333,43.1718]]}},{"type":"Feature","properties":{"id":1529749989,"highway":"footway"},"geometry":{"type":"LineString","coordinates":[[-2.63334,43.17165],[-2.63311,43.17165],[-2.6331,43.17163],[-2.63303,43.17163]]}},{"type":"Feature","properties":{"id":1529749990,"highway":"footway"},"geometry":{"type":"LineString","coordinates":[[-2.63348,43.17109],[-2.63345,43.17111],[-2.63342,43.17113]]}},{"type":"Feature","properties":{"id":1529749993,"highway":"service"},"geometry":{"type":"LineString","coordinates":[[-2.63257,43.17134],[-2.63237,43.17098]]}},{"type":"Feature","properties":{"id":1529749994,"highway":"footway"},"geometry":{"type":"LineString","coordinates":[[-2.63196,43.17097],[-2.63197,43.17099],[-2.63198,43.17102]]}},{"type":"Feature","properties":{"id":1529749996,"highway":"footway"},"geometry":{"type":"LineString","coordinates":[[-2.63342,43.17113],[-2.63314,43.17094],[-2.6331,43.17089],[-2.63304,43.1708],[-2.63298,43.1707]]}},{"type":"Feature","properties":{"id":1529749997,"highway":"pedestrian"},"geometry":{"type":"LineString","coordinates":[[-2.63314,43.17094],[-2.63288,43.17101],[-2.63279,43.17103],[-2.63266,43.17079]]}},{"type":"Feature","properties":{"id":1529749998,"highway":"footway"},"geometry":{"type":"LineString","coordinates":[[-2.63517,43.17028],[-2.63514,43.17031],[-2.63509,43.17036]]}},{"type":"Feature","properties":{"id":1529749999,"highway":"footway"},"geometry":{"type":"LineString","coordinates":[[-2.63509,43.17036],[-2.63495,43.17029]]}},{"type":"Feature","properties":{"id":1529750000,"highway":"footway"},"geometry":{"type":"LineString","coordinates":[[-2.63422,43.17053],[-2.63432,43.17068]]}},{"type":"Feature","properties":{"id":1529750001,"highway":"footway"},"geometry":{"type":"LineString","coordinates":[[-2.63432,43.17068],[-2.63429,43.17069],[-2.63424,43.1707]]}},{"type":"Feature","properties":{"id":1529750003,"highway":"footway"},"geometry":{"type":"LineString","coordinates":[[-2.63303,43.17163],[-2.63288,43.17163],[-2.6327,43.17163],[-2.63226,43.17162],[-2.63225,43.17162],[-2.63222,43.1716],[-2.63219,43.17155]]}},{"type":"Feature","properties":{"id":1529750004,"highway":"footway"},"geometry":{"type":"LineString","coordinates":[[-2.63219,43.17155],[-2.63213,43.17155],[-2.63207,43.17155]]}},{"type":"Feature","properties":{"id":1529750007,"highway":"pedestrian"},"geometry":{"type":"LineString","coordinates":[[-2.63298,43.1707],[-2.63266,43.17079],[-2.63235,43.17088]]}},{"type":"Feature","properties":{"id":1529750008,"highway":"service"},"geometry":{"type":"LineString","coordinates":[[-2.63216,43.17023],[-2.63209,43.17007],[-2.63207,43.17003]]}},{"type":"Feature","properties":{"id":1529750009,"highway":"footway"},"geometry":{"type":"LineString","coordinates":[[-2.63235,43.17088],[-2.63196,43.17097]]}},{"type":"Feature","properties":{"id":1529750010,"highway":"footway"},"geometry":{"type":"LineString","coordinates":[[-2.63196,43.17097],[-2.63193,43.17097],[-2.63191,43.17096],[-2.63189,43.17095],[-2.63188,43.17093],[-2.63174,43.17064],[-2.63161,43.17034]]}},{"type":"Feature","properties":{"id":1529750011,"highway":"footway"},"geometry":{"type":"LineString","coordinates":[[-2.63189,43.17095],[-2.63185,43.17096],[-2.6318,43.17098]]}},{"type":"Feature","properties":{"id":1529750012,"highway":"cycleway"},"geometry":{"type":"LineString","coordinates":[[-2.63287,43.17287],[-2.63284,43.17287]]}},{"type":"Feature","properties":{"id":1529750013,"highway":"cycleway","puente":"yes"},"geometry":{"type":"LineString","coordinates":[[-2.63313,43.17287],[-2.63287,43.17287]]}},{"type":"Feature","properties":{"id":1529750015,"highway":"footway"},"geometry":{"type":"LineString","coordinates":[[-2.63298,43.1707],[-2.63267,43.17006],[-2.63266,43.17004],[-2.63264,43.17001],[-2.63261,43.16999],[-2.63257,43.16998],[-2.63248,43.16999],[-2.63248,43.17],[-2.63217,43.17006],[-2.63213,43.17007],[-2.63209,43.17007],[-2.63204,43.17007],[-2.63201,43.17008],[-2.63199,43.17008],[-2.63176,43.17009],[-2.63174,43.1701],[-2.63172,43.17012]]}},{"type":"Feature","properties":{"id":1529750016,"highway":"footway"},"geometry":{"type":"LineString","coordinates":[[-2.63172,43.17012],[-2.63168,43.17011],[-2.63163,43.17009]]}},{"type":"Feature","properties":{"id":1529750017,"highway":"footway"},"geometry":{"type":"LineString","coordinates":[[-2.63273,43.17002],[-2.63269,43.17003],[-2.63266,43.17004]]}},{"type":"Feature","properties":{"id":1529750020,"highway":"footway"},"geometry":{"type":"LineString","coordinates":[[-2.63424,43.16864],[-2.63417,43.16863]]}},{"type":"Feature","properties":{"id":1529750021,"highway":"footway"},"geometry":{"type":"LineString","coordinates":[[-2.63257,43.1694],[-2.63248,43.16942]]}},{"type":"Feature","properties":{"id":1529750022,"highway":"footway"},"geometry":{"type":"LineString","coordinates":[[-2.63248,43.16942],[-2.63245,43.16942],[-2.63239,43.16942]]}},{"type":"Feature","properties":{"id":1530127687,"highway":"footway"},"geometry":{"type":"LineString","coordinates":[[-2.64348,43.17132],[-2.64344,43.17151]]}},{"type":"Feature","properties":{"id":1530127688,"highway":"footway"},"geometry":{"type":"LineString","coordinates":[[-2.64354,43.17152],[-2.64344,43.17151]]}},{"type":"Feature","properties":{"id":1530127689,"highway":"footway"},"geometry":{"type":"LineString","coordinates":[[-2.64315,43.17154],[-2.6431,43.17153],[-2.64305,43.17153]]}},{"type":"Feature","properties":{"id":1530127690,"highway":"footway"},"geometry":{"type":"LineString","coordinates":[[-2.64321,43.17129],[-2.64315,43.17154]]}},{"type":"Feature","properties":{"id":1530127691,"highway":"footway"},"geometry":{"type":"LineString","coordinates":[[-2.64285,43.17096],[-2.64272,43.17094],[-2.64248,43.17091],[-2.64246,43.17092],[-2.64245,43.17093],[-2.64244,43.17099]]}},{"type":"Feature","properties":{"id":1530127692,"highway":"footway"},"geometry":{"type":"LineString","coordinates":[[-2.64285,43.17096],[-2.64308,43.17099],[-2.6431,43.17099],[-2.64311,43.171],[-2.6431,43.17107],[-2.64301,43.17146]]}},{"type":"Feature","properties":{"id":1530127693,"highway":"footway"},"geometry":{"type":"LineString","coordinates":[[-2.64305,43.17153],[-2.643,43.17152]]}},{"type":"Feature","properties":{"id":1530127694,"highway":"footway"},"geometry":{"type":"LineString","coordinates":[[-2.64301,43.17146],[-2.643,43.17152],[-2.64299,43.17155],[-2.64297,43.17156],[-2.64293,43.17155],[-2.64273,43.1715],[-2.6427,43.17149],[-2.64236,43.17141],[-2.64235,43.1714],[-2.64235,43.17139],[-2.64235,43.17138],[-2.64236,43.17133],[-2.64239,43.17124],[-2.64244,43.17099]]}},{"type":"Feature","properties":{"id":1530127696,"highway":"footway"},"geometry":{"type":"LineString","coordinates":[[-2.64235,43.16984],[-2.64164,43.16977],[-2.64154,43.16976]]}},{"type":"Feature","properties":{"id":1530127697,"highway":"footway"},"geometry":{"type":"LineString","coordinates":[[-2.64261,43.16994],[-2.64253,43.16993],[-2.64245,43.16992]]}},{"type":"Feature","properties":{"id":1530127698,"highway":"footway"},"geometry":{"type":"LineString","coordinates":[[-2.64235,43.16984],[-2.6424,43.16985],[-2.64243,43.16987],[-2.64244,43.16989],[-2.64245,43.16992]]}},{"type":"Feature","properties":{"id":1530127700,"highway":"footway"},"geometry":{"type":"LineString","coordinates":[[-2.6415,43.16956],[-2.64158,43.16957],[-2.64184,43.16959]]}},{"type":"Feature","properties":{"id":1530127701,"highway":"footway"},"geometry":{"type":"LineString","coordinates":[[-2.64147,43.16973],[-2.64148,43.1697],[-2.64148,43.16966],[-2.64149,43.16965],[-2.64149,43.16961],[-2.6415,43.16956]]}},{"type":"Feature","properties":{"id":1530127702,"highway":"footway"},"geometry":{"type":"LineString","coordinates":[[-2.642,43.17126],[-2.64214,43.17129],[-2.64217,43.1713]]}},{"type":"Feature","properties":{"id":1530127703,"highway":"footway"},"geometry":{"type":"LineString","coordinates":[[-2.64229,43.17132],[-2.64223,43.17131],[-2.64217,43.1713]]}},{"type":"Feature","properties":{"id":1530127704,"highway":"footway"},"geometry":{"type":"LineString","coordinates":[[-2.64236,43.17133],[-2.64229,43.17132]]}},{"type":"Feature","properties":{"id":1530127705,"highway":"footway"},"geometry":{"type":"LineString","coordinates":[[-2.64243,43.16987],[-2.64205,43.17006],[-2.6418,43.17004],[-2.64159,43.17002]]}},{"type":"Feature","properties":{"id":1530127706,"highway":"footway"},"geometry":{"type":"LineString","coordinates":[[-2.6418,43.17004],[-2.64168,43.17054]]}},{"type":"Feature","properties":{"id":1530127707,"highway":"footway"},"geometry":{"type":"LineString","coordinates":[[-2.64149,43.17047],[-2.64168,43.17054],[-2.64177,43.17058],[-2.64187,43.1706],[-2.64227,43.17071]]}},{"type":"Feature","properties":{"id":1530127709,"highway":"footway"},"geometry":{"type":"LineString","coordinates":[[-2.64227,43.17071],[-2.64227,43.17073],[-2.64214,43.17129]]}},{"type":"Feature","properties":{"id":1530127710,"highway":"footway"},"geometry":{"type":"LineString","coordinates":[[-2.64245,43.16992],[-2.64227,43.17071]]}},{"type":"Feature","properties":{"id":1530127711,"highway":"footway"},"geometry":{"type":"LineString","coordinates":[[-2.64242,43.17075],[-2.64236,43.17074],[-2.64227,43.17073]]}},{"type":"Feature","properties":{"id":1530127712,"highway":"footway"},"geometry":{"type":"LineString","coordinates":[[-2.642,43.17126],[-2.64136,43.17108]]}},{"type":"Feature","properties":{"id":1530127713,"highway":"footway"},"geometry":{"type":"LineString","coordinates":[[-2.64136,43.17108],[-2.64122,43.17105]]}},{"type":"Feature","properties":{"id":1530127714,"highway":"cycleway"},"geometry":{"type":"LineString","coordinates":[[-2.63972,43.16946],[-2.63972,43.1695]]}},{"type":"Feature","properties":{"id":1530127715,"highway":"cycleway"},"geometry":{"type":"LineString","coordinates":[[-2.63972,43.16946],[-2.63973,43.1694]]}},{"type":"Feature","properties":{"id":1530127716,"highway":"cycleway"},"geometry":{"type":"LineString","coordinates":[[-2.63972,43.1695],[-2.63971,43.16953],[-2.63972,43.16955],[-2.63973,43.16957],[-2.63981,43.16962],[-2.63983,43.16965],[-2.63984,43.16967],[-2.63985,43.16971],[-2.63985,43.16974],[-2.63985,43.16976],[-2.63985,43.16978],[-2.63984,43.1698],[-2.63985,43.16981],[-2.63986,43.16982],[-2.63988,43.16983],[-2.63995,43.16985],[-2.63998,43.16986],[-2.64,43.16987],[-2.64002,43.16986],[-2.64008,43.16979],[-2.64019,43.16971],[-2.64023,43.16968],[-2.64033,43.16966],[-2.6404,43.16965],[-2.64052,43.16964],[-2.64058,43.16963],[-2.64059,43.16962],[-2.64061,43.16961],[-2.64061,43.1696],[-2.64062,43.16957],[-2.64064,43.16956],[-2.64148,43.16966],[-2.64153,43.16967],[-2.64237,43.16976]]}},{"type":"Feature","properties":{"id":1530127722,"highway":"footway"},"geometry":{"type":"LineString","coordinates":[[-2.64161,43.1687],[-2.64154,43.16869],[-2.64145,43.16868]]}},{"type":"Feature","properties":{"id":1530127723,"highway":"footway"},"geometry":{"type":"LineString","coordinates":[[-2.64087,43.16852],[-2.64079,43.16851],[-2.64072,43.16849]]}},{"type":"Feature","properties":{"id":1530127724,"highway":"footway"},"geometry":{"type":"LineString","coordinates":[[-2.64087,43.16852],[-2.64091,43.16854],[-2.64096,43.16857],[-2.64103,43.16862],[-2.64109,43.16863],[-2.64145,43.16868]]}},{"type":"Feature","properties":{"id":1530127725,"highway":"footway"},"geometry":{"type":"LineString","coordinates":[[-2.63273,43.17002],[-2.63272,43.16999],[-2.63273,43.16996],[-2.63274,43.16994],[-2.6328,43.16992],[-2.63295,43.16988],[-2.6331,43.16983],[-2.63319,43.1698],[-2.63323,43.16981],[-2.63355,43.16978],[-2.63357,43.16978]]}},{"type":"Feature","properties":{"id":1530127726,"highway":"footway"},"geometry":{"type":"LineString","coordinates":[[-2.63273,43.16996],[-2.63271,43.16993],[-2.63269,43.16989]]}},{"type":"Feature","properties":{"id":1530127727,"highway":"footway"},"geometry":{"type":"LineString","coordinates":[[-2.63357,43.16972],[-2.63357,43.16974],[-2.63357,43.16978]]}},{"type":"Feature","properties":{"id":1530127728,"highway":"footway"},"geometry":{"type":"LineString","coordinates":[[-2.63357,43.16972],[-2.63336,43.16972],[-2.63322,43.16974],[-2.63279,43.16986],[-2.63269,43.16989],[-2.63268,43.16988],[-2.63265,43.16982],[-2.63251,43.16951],[-2.63248,43.16942]]}},{"type":"Feature","properties":{"id":1530127729,"highway":"footway"},"geometry":{"type":"LineString","coordinates":[[-2.63354,43.1696],[-2.63317,43.16966],[-2.63265,43.16982]]}},{"type":"Feature","properties":{"id":1530394380,"highway":"footway"},"geometry":{"type":"LineString","coordinates":[[-2.63948,43.17061],[-2.63944,43.17059],[-2.63937,43.17057],[-2.63932,43.17055]]}},{"type":"Feature","properties":{"id":1530394381,"highway":"living_street","superficie":"sett"},"geometry":{"type":"LineString","coordinates":[[-2.6389,43.1694],[-2.63889,43.16945],[-2.63886,43.1696],[-2.63887,43.16962],[-2.63891,43.16964],[-2.63899,43.16969],[-2.63916,43.1698]]}},{"type":"Feature","properties":{"id":1530394382,"highway":"living_street","superficie":"sett"},"geometry":{"type":"LineString","coordinates":[[-2.63886,43.1696],[-2.63884,43.16961],[-2.63883,43.16961],[-2.6388,43.16962],[-2.63876,43.16962]]}},{"type":"Feature","properties":{"id":1530394383,"highway":"footway"},"geometry":{"type":"LineString","coordinates":[[-2.63587,43.17063],[-2.63584,43.17066],[-2.6358,43.1707]]}},{"type":"Feature","properties":{"id":1530394384,"highway":"footway"},"geometry":{"type":"LineString","coordinates":[[-2.63587,43.17063],[-2.63584,43.17062],[-2.63583,43.1706],[-2.63517,43.17028]]}},{"type":"Feature","properties":{"id":1530394387,"highway":"service"},"geometry":{"type":"LineString","coordinates":[[-2.63926,43.17073],[-2.6386,43.17056]]}},{"type":"Feature","properties":{"id":1530394389,"highway":"footway"},"geometry":{"type":"LineString","coordinates":[[-2.63675,43.16921],[-2.63681,43.16922],[-2.63688,43.16922]]}},{"type":"Feature","properties":{"id":1530394390,"highway":"footway"},"geometry":{"type":"LineString","coordinates":[[-2.63688,43.16922],[-2.637,43.16924],[-2.63748,43.16929],[-2.63776,43.16932],[-2.63822,43.16937],[-2.63868,43.16942],[-2.63889,43.16945],[-2.63902,43.16946]]}},{"type":"Feature","properties":{"id":1530394391,"highway":"footway"},"geometry":{"type":"LineString","coordinates":[[-2.63872,43.16929],[-2.6387,43.16934],[-2.6387,43.16938],[-2.63868,43.16942]]}},{"type":"Feature","properties":{"id":1530394394,"highway":"footway"},"geometry":{"type":"LineString","coordinates":[[-2.63683,43.16944],[-2.63676,43.16943],[-2.63669,43.16942]]}},{"type":"Feature","properties":{"id":1530394395,"highway":"residential","oneway":"yes"},"geometry":{"type":"LineString","coordinates":[[-2.63604,43.16907],[-2.63602,43.16913],[-2.63598,43.16937]]}},{"type":"Feature","properties":{"id":1530561367,"highway":"footway"},"geometry":{"type":"LineString","coordinates":[[-2.63595,43.16933],[-2.63595,43.16936],[-2.63594,43.16941]]}},{"type":"Feature","properties":{"id":1530561370,"highway":"footway"},"geometry":{"type":"LineString","coordinates":[[-2.63675,43.16921],[-2.63609,43.16913],[-2.63607,43.16913]]}},{"type":"Feature","properties":{"id":1530561371,"highway":"footway"},"geometry":{"type":"LineString","coordinates":[[-2.63607,43.16913],[-2.63602,43.16913],[-2.636,43.16913]]}},{"type":"Feature","properties":{"id":1530561372,"highway":"footway"},"geometry":{"type":"LineString","coordinates":[[-2.636,43.16913],[-2.63599,43.16912],[-2.63515,43.16902],[-2.63433,43.16893]]}},{"type":"Feature","properties":{"id":1530561373,"highway":"footway"},"geometry":{"type":"LineString","coordinates":[[-2.63438,43.16877],[-2.63438,43.16879],[-2.63436,43.16885],[-2.63435,43.16887],[-2.63433,43.16893]]}},{"type":"Feature","properties":{"id":1530561374,"highway":"footway"},"geometry":{"type":"LineString","coordinates":[[-2.63433,43.16893],[-2.63426,43.16891],[-2.63416,43.16888],[-2.63415,43.16887],[-2.63412,43.16885],[-2.63409,43.16883],[-2.6341,43.16878],[-2.63417,43.16863]]}},{"type":"Feature","properties":{"id":1530561375,"highway":"steps"},"geometry":{"type":"LineString","coordinates":[[-2.63606,43.16977],[-2.63597,43.16969]]}},{"type":"Feature","properties":{"id":1530561376,"highway":"steps"},"geometry":{"type":"LineString","coordinates":[[-2.63602,43.1698],[-2.63592,43.16971]]}},{"type":"Feature","properties":{"id":1530561377,"highway":"pedestrian"},"geometry":{"type":"LineString","coordinates":[[-2.63512,43.16924],[-2.63512,43.16925],[-2.63504,43.16924],[-2.6349,43.16922],[-2.63405,43.16912]]}},{"type":"Feature","properties":{"id":1530561378,"highway":"pedestrian"},"geometry":{"type":"LineString","coordinates":[[-2.63413,43.16887],[-2.63405,43.16912]]}},{"type":"Feature","properties":{"id":1530561379,"highway":"pedestrian"},"geometry":{"type":"LineString","coordinates":[[-2.63405,43.16912],[-2.63366,43.16905],[-2.63353,43.16901]]}},{"type":"Feature","properties":{"id":1530561380,"highway":"footway"},"geometry":{"type":"LineString","coordinates":[[-2.63595,43.16933],[-2.63536,43.16926]]}},{"type":"Feature","properties":{"id":1530561381,"highway":"pedestrian"},"geometry":{"type":"LineString","coordinates":[[-2.63536,43.16926],[-2.63512,43.16924]]}},{"type":"Feature","properties":{"id":1530857612,"highway":"footway"},"geometry":{"type":"LineString","coordinates":[[-2.63172,43.17012],[-2.63161,43.17032],[-2.63161,43.17034]]}},{"type":"Feature","properties":{"id":1530857613,"highway":"footway"},"geometry":{"type":"LineString","coordinates":[[-2.63207,43.17155],[-2.63206,43.17159],[-2.63204,43.1716],[-2.63201,43.17162],[-2.63195,43.17163],[-2.63175,43.17163],[-2.63124,43.17162],[-2.63121,43.17162]]}},{"type":"Feature","properties":{"id":1530857614,"highway":"service","oneway":"yes"},"geometry":{"type":"LineString","coordinates":[[-2.6311,43.17165],[-2.631,43.17162],[-2.63094,43.17161],[-2.63086,43.17161],[-2.63069,43.17161]]}},{"type":"Feature","properties":{"id":1530857615,"highway":"service","oneway":"yes"},"geometry":{"type":"LineString","coordinates":[[-2.63049,43.17161],[-2.6303,43.1716],[-2.63027,43.17161],[-2.63017,43.17164]]}},{"type":"Feature","properties":{"id":1530857616,"highway":"footway"},"geometry":{"type":"LineString","coordinates":[[-2.63174,43.17064],[-2.6317,43.17065],[-2.63161,43.17067]]}},{"type":"Feature","properties":{"id":1530857620,"highway":"footway"},"geometry":{"type":"LineString","coordinates":[[-2.63121,43.17162],[-2.63117,43.1716],[-2.63115,43.17159],[-2.6311,43.17158],[-2.63077,43.17157],[-2.6304,43.17156],[-2.63023,43.17156],[-2.63022,43.17156],[-2.63015,43.17156],[-2.6301,43.17157],[-2.63007,43.1716]]}},{"type":"Feature","properties":{"id":1530857625,"highway":"footway"},"geometry":{"type":"LineString","coordinates":[[-2.63126,43.16958],[-2.63043,43.16961],[-2.6304,43.16961]]}},{"type":"Feature","properties":{"id":1530857626,"highway":"footway"},"geometry":{"type":"LineString","coordinates":[[-2.6304,43.16961],[-2.6304,43.16958]]}},{"type":"Feature","properties":{"id":1530857627,"highway":"pedestrian"},"geometry":{"type":"LineString","coordinates":[[-2.63048,43.17021],[-2.63047,43.17009],[-2.63046,43.16989],[-2.63043,43.16961]]}},{"type":"Feature","properties":{"id":1530857629,"highway":"service"},"geometry":{"type":"LineString","coordinates":[[-2.62923,43.17036],[-2.62923,43.1704],[-2.62923,43.17071]]}},{"type":"Feature","properties":{"id":1530857630,"highway":"footway"},"geometry":{"type":"LineString","coordinates":[[-2.62906,43.17027],[-2.62906,43.17032],[-2.62906,43.17037]]}},{"type":"Feature","properties":{"id":1530857631,"highway":"footway"},"geometry":{"type":"LineString","coordinates":[[-2.62906,43.17037],[-2.62911,43.17039],[-2.62914,43.17039],[-2.62917,43.1704],[-2.62923,43.1704],[-2.62926,43.17041],[-2.6293,43.1704],[-2.62934,43.1704]]}},{"type":"Feature","properties":{"id":1530857632,"highway":"footway"},"geometry":{"type":"LineString","coordinates":[[-2.6296,43.17041],[-2.6296,43.17065],[-2.6296,43.17085],[-2.6296,43.17088],[-2.6296,43.1709],[-2.6296,43.17104],[-2.62959,43.17107],[-2.62958,43.17159]]}},{"type":"Feature","properties":{"id":1530857636,"highway":"footway"},"geometry":{"type":"LineString","coordinates":[[-2.63007,43.1716],[-2.62958,43.17159]]}},{"type":"Feature","properties":{"id":1530857637,"highway":"service"},"geometry":{"type":"LineString","coordinates":[[-2.62833,43.17096],[-2.62787,43.17096],[-2.62782,43.17096],[-2.62773,43.17095],[-2.62767,43.17092]]}},{"type":"Feature","properties":{"id":1530857638,"highway":"footway"},"geometry":{"type":"LineString","coordinates":[[-2.62919,43.17022],[-2.62914,43.17023],[-2.6291,43.17025],[-2.62906,43.17027]]}},{"type":"Feature","properties":{"id":1530857641,"highway":"footway"},"geometry":{"type":"LineString","coordinates":[[-2.62906,43.17037],[-2.62904,43.17039],[-2.629,43.17039],[-2.62866,43.17039],[-2.62846,43.17039],[-2.62798,43.17038]]}},{"type":"Feature","properties":{"id":1530857642,"highway":"footway"},"geometry":{"type":"LineString","coordinates":[[-2.62798,43.17025],[-2.62798,43.1703],[-2.62798,43.17038]]}},{"type":"Feature","properties":{"id":1532012973,"highway":"pedestrian"},"geometry":{"type":"LineString","coordinates":[[-2.63185,43.16899],[-2.63173,43.16937],[-2.63182,43.16938],[-2.63181,43.16953]]}},{"type":"Feature","properties":{"id":1532012974,"highway":"cycleway"},"geometry":{"type":"LineString","coordinates":[[-2.62671,43.16829],[-2.62664,43.16831],[-2.62645,43.16837],[-2.62637,43.16837],[-2.62614,43.16831],[-2.62608,43.16831],[-2.62604,43.1683],[-2.62599,43.16832],[-2.62594,43.16834]]}},{"type":"Feature","properties":{"id":1532012976,"highway":"cycleway"},"geometry":{"type":"LineString","coordinates":[[-2.63188,43.1622],[-2.63177,43.16211]]}},{"type":"Feature","properties":{"id":1532403490,"highway":"footway"},"geometry":{"type":"LineString","coordinates":[[-2.63048,43.16862],[-2.63043,43.16861]]}},{"type":"Feature","properties":{"id":1532403493,"highway":"footway","tunel":"yes"},"geometry":{"type":"LineString","coordinates":[[-2.63048,43.16842],[-2.63046,43.16853]]}},{"type":"Feature","properties":{"id":1532403494,"highway":"footway"},"geometry":{"type":"LineString","coordinates":[[-2.63046,43.16853],[-2.63045,43.16854]]}},{"type":"Feature","properties":{"id":1532403495,"highway":"footway"},"geometry":{"type":"LineString","coordinates":[[-2.63045,43.16854],[-2.63045,43.16856]]}},{"type":"Feature","properties":{"id":1532403497,"highway":"pedestrian","nombre":"Uribarri kalea"},"geometry":{"type":"LineString","coordinates":[[-2.63169,43.16844],[-2.63181,43.16822],[-2.63184,43.16817]]}},{"type":"Feature","properties":{"id":1532403498,"highway":"pedestrian"},"geometry":{"type":"LineString","coordinates":[[-2.63082,43.16773],[-2.63085,43.16783],[-2.63084,43.16789],[-2.63073,43.16818]]}},{"type":"Feature","properties":{"id":1532670663,"highway":"service"},"geometry":{"type":"LineString","coordinates":[[-2.62884,43.16946],[-2.62884,43.16958]]}},{"type":"Feature","properties":{"id":1532670666,"highway":"footway"},"geometry":{"type":"LineString","coordinates":[[-2.628,43.16838],[-2.62803,43.16838]]}},{"type":"Feature","properties":{"id":1532670667,"highway":"footway"},"geometry":{"type":"LineString","coordinates":[[-2.62803,43.16838],[-2.62803,43.16831]]}},{"type":"Feature","properties":{"id":1532670668,"highway":"living_street","nombre":"Juan Mari Altuna kalea","oneway":"yes"},"geometry":{"type":"LineString","coordinates":[[-2.628,43.16838],[-2.62801,43.16821]]}},{"type":"Feature","properties":{"id":1532670669,"highway":"residential","nombre":"Kurutziaga kalea","oneway":"yes"},"geometry":{"type":"LineString","coordinates":[[-2.62788,43.16823],[-2.62701,43.16837],[-2.62695,43.16837]]}},{"type":"Feature","properties":{"id":1532670670,"highway":"living_street","nombre":"Kurutziaga kalea","oneway":"yes"},"geometry":{"type":"LineString","coordinates":[[-2.62813,43.1682],[-2.62809,43.1682],[-2.62801,43.16821],[-2.62792,43.16823],[-2.62788,43.16823]]}},{"type":"Feature","properties":{"id":1532670671,"highway":"residential","nombre":"Kurutziaga kalea","oneway":"yes"},"geometry":{"type":"LineString","coordinates":[[-2.62695,43.16837],[-2.62689,43.16835],[-2.62683,43.16834],[-2.62675,43.16831]]}},{"type":"Feature","properties":{"id":1532670672,"highway":"residential","nombre":"Kurutziaga kalea","oneway":"yes"},"geometry":{"type":"LineString","coordinates":[[-2.62695,43.16837],[-2.62684,43.16838],[-2.62675,43.16838]]}},{"type":"Feature","properties":{"id":1533555577,"highway":"residential","nombre":"Kurutziaga kalea","oneway":"yes"},"geometry":{"type":"LineString","coordinates":[[-2.62675,43.16838],[-2.62667,43.16841],[-2.62661,43.16844],[-2.62655,43.1685]]}},{"type":"Feature","properties":{"id":1533555578,"highway":"residential","nombre":"Kurutziaga kalea","oneway":"yes"},"geometry":{"type":"LineString","coordinates":[[-2.62675,43.16838],[-2.62674,43.16839],[-2.62673,43.16841],[-2.6267,43.16844],[-2.62668,43.16845],[-2.62662,43.16848],[-2.62655,43.1685]]}},{"type":"Feature","properties":{"id":1533555579,"highway":"footway"},"geometry":{"type":"LineString","coordinates":[[-2.62677,43.16825],[-2.62673,43.16826],[-2.62669,43.16827]]}},{"type":"Feature","properties":{"id":1533555580,"highway":"footway"},"geometry":{"type":"LineString","coordinates":[[-2.62669,43.16827],[-2.62656,43.16831],[-2.62655,43.16831],[-2.62652,43.16833],[-2.62646,43.16835],[-2.62641,43.16835],[-2.62638,43.16834],[-2.62625,43.16832],[-2.6262,43.16831]]}},{"type":"Feature","properties":{"id":1533555581,"highway":"footway"},"geometry":{"type":"LineString","coordinates":[[-2.6262,43.16831],[-2.62615,43.1683],[-2.62609,43.16829],[-2.62607,43.16828]]}},{"type":"Feature","properties":{"id":1533555582,"highway":"footway"},"geometry":{"type":"LineString","coordinates":[[-2.62643,43.16807],[-2.62641,43.16809]]}},{"type":"Feature","properties":{"id":1533555583,"highway":"footway"},"geometry":{"type":"LineString","coordinates":[[-2.62641,43.16809],[-2.62638,43.16812],[-2.62635,43.16814],[-2.62631,43.16821],[-2.62625,43.16832]]}},{"type":"Feature","properties":{"id":1533555584,"highway":"footway"},"geometry":{"type":"LineString","coordinates":[[-2.62656,43.16831],[-2.62655,43.16825],[-2.62651,43.1682],[-2.62643,43.16815],[-2.62638,43.16812]]}},{"type":"Feature","properties":{"id":1533555585,"highway":"residential","nombre":"Kurutziaga kalea","oneway":"yes"},"geometry":{"type":"LineString","coordinates":[[-2.6263,43.16862],[-2.62617,43.16866],[-2.62615,43.16867],[-2.62613,43.16868],[-2.62611,43.16869],[-2.62609,43.1687]]}},{"type":"Feature","properties":{"id":1533555586,"highway":"residential","nombre":"Kurutziaga kalea","oneway":"yes"},"geometry":{"type":"LineString","coordinates":[[-2.62618,43.16882],[-2.6262,43.16874],[-2.62623,43.1687],[-2.62624,43.16868],[-2.6263,43.16862]]}},{"type":"Feature","properties":{"id":1533555587,"highway":"service"},"geometry":{"type":"LineString","coordinates":[[-2.62617,43.16866],[-2.6262,43.16868],[-2.62623,43.1687],[-2.62624,43.1687],[-2.62627,43.16872],[-2.62628,43.16872],[-2.62631,43.16874],[-2.6264,43.1688],[-2.62643,43.16881],[-2.62655,43.16888],[-2.62668,43.16895],[-2.62674,43.16897]]}},{"type":"Feature","properties":{"id":1533555588,"highway":"service"},"geometry":{"type":"LineString","coordinates":[[-2.62643,43.16881],[-2.62654,43.16903],[-2.62659,43.16913],[-2.62659,43.16915],[-2.62658,43.16917],[-2.62656,43.16919],[-2.62651,43.16921]]}},{"type":"Feature","properties":{"id":1533555594,"highway":"residential","nombre":"Ramón Rubial kalea","oneway":"yes"},"geometry":{"type":"LineString","coordinates":[[-2.62323,43.16772],[-2.62325,43.16769],[-2.62325,43.16767],[-2.62328,43.16761],[-2.62334,43.16743],[-2.62338,43.16734],[-2.62339,43.1673],[-2.62337,43.16725]]}},{"type":"Feature","properties":{"id":1533555595,"highway":"footway"},"geometry":{"type":"LineString","coordinates":[[-2.62329,43.16768],[-2.62325,43.16767],[-2.62322,43.16766]]}},{"type":"Feature","properties":{"id":1533555596,"highway":"footway"},"geometry":{"type":"LineString","coordinates":[[-2.62372,43.16632],[-2.62368,43.16643],[-2.62341,43.16713],[-2.6234,43.16716],[-2.62337,43.16722],[-2.62334,43.16722],[-2.62331,43.16722]]}},{"type":"Feature","properties":{"id":1533555597,"highway":"footway"},"geometry":{"type":"LineString","coordinates":[[-2.62331,43.16722],[-2.6233,43.16725],[-2.62329,43.16727]]}},{"type":"Feature","properties":{"id":1533555598,"highway":"pedestrian","nombre":"Nafarroa plaza"},"geometry":{"type":"LineString","coordinates":[[-2.62232,43.16719],[-2.62231,43.16722],[-2.6223,43.16725],[-2.62225,43.16737],[-2.62232,43.16738],[-2.62229,43.16744],[-2.62227,43.16749],[-2.62225,43.16754],[-2.62224,43.16759],[-2.62221,43.16767],[-2.62215,43.16766],[-2.62214,43.16768],[-2.6221,43.16778],[-2.6221,43.1678],[-2.62214,43.16781],[-2.62216,43.16781],[-2.62213,43.16788],[-2.62179,43.16781],[-2.62182,43.16774],[-2.62188,43.16776],[-2.62189,43.16774],[-2.62192,43.16765],[-2.62194,43.16761],[-2.62187,43.16759],[-2.6219,43.16753],[-2.6219,43.16752],[-2.62192,43.16747],[-2.62194,43.16742],[-2.62196,43.16737],[-2.62198,43.16732],[-2.62205,43.16733],[-2.6221,43.1672],[-2.62211,43.16718],[-2.62212,43.16715],[-2.62232,43.16719]]}},{"type":"Feature","properties":{"id":1533581168,"highway":"service"},"geometry":{"type":"LineString","coordinates":[[-2.63398,43.16579],[-2.63394,43.16573],[-2.63392,43.16571],[-2.63359,43.16508]]}},{"type":"Feature","properties":{"id":1533581172,"highway":"service"},"geometry":{"type":"LineString","coordinates":[[-2.63418,43.16674],[-2.6342,43.16668],[-2.63421,43.16666],[-2.63422,43.16665],[-2.63425,43.16665],[-2.6347,43.16674],[-2.63478,43.16675],[-2.63483,43.16675],[-2.63488,43.16674],[-2.63491,43.16672],[-2.63492,43.1667],[-2.63493,43.16659],[-2.63493,43.16642]]}},{"type":"Feature","properties":{"id":1533581173,"highway":"service"},"geometry":{"type":"LineString","coordinates":[[-2.63422,43.16665],[-2.63418,43.16664],[-2.63364,43.16653],[-2.63359,43.16651],[-2.63356,43.16649],[-2.63357,43.16645],[-2.63371,43.16623]]}},{"type":"Feature","properties":{"id":1533581174,"highway":"service"},"geometry":{"type":"LineString","coordinates":[[-2.63418,43.16664],[-2.63428,43.16636]]}},{"type":"Feature","properties":{"id":1535155925,"highway":"pedestrian","nombre":"Santa Ana plaza"},"geometry":{"type":"LineString","coordinates":[[-2.63214,43.16583],[-2.63209,43.16592],[-2.63208,43.16594],[-2.63207,43.16596],[-2.63205,43.16595],[-2.63202,43.16594],[-2.63159,43.16582],[-2.63157,43.16582],[-2.63155,43.16581],[-2.63158,43.16574],[-2.63165,43.16564],[-2.63167,43.16565],[-2.63169,43.16565],[-2.63175,43.16567],[-2.632,43.16563],[-2.63202,43.16562],[-2.63206,43.16562],[-2.63212,43.1657],[-2.6321,43.16573],[-2.63207,43.16575],[-2.63211,43.1658],[-2.63214,43.16583]]}},{"type":"Feature","properties":{"id":1535155926,"highway":"pedestrian","nombre":"Goienkalea","izena_eu":"Goienkalea","nombre_es":"Goiencalle"},"geometry":{"type":"LineString","coordinates":[[-2.63216,43.16576],[-2.63214,43.16577],[-2.63211,43.1658]]}},{"type":"Feature","properties":{"id":1535155927,"highway":"pedestrian","nombre":"Lariztorre kalea"},"geometry":{"type":"LineString","coordinates":[[-2.63248,43.16608],[-2.63208,43.16594]]}},{"type":"Feature","properties":{"id":1535155928,"highway":"pedestrian"},"geometry":{"type":"LineString","coordinates":[[-2.63106,43.16568],[-2.63104,43.16575]]}},{"type":"Feature","properties":{"id":1535155929,"highway":"pedestrian"},"geometry":{"type":"LineString","coordinates":[[-2.6314,43.1654],[-2.63137,43.16544]]}},{"type":"Feature","properties":{"id":1535155932,"highway":"footway"},"geometry":{"type":"LineString","coordinates":[[-2.63248,43.16466],[-2.63253,43.1648]]}},{"type":"Feature","properties":{"id":1535155933,"highway":"footway"},"geometry":{"type":"LineString","coordinates":[[-2.63263,43.16477],[-2.63258,43.16478],[-2.63253,43.1648]]}},{"type":"Feature","properties":{"id":1535155934,"highway":"footway"},"geometry":{"type":"LineString","coordinates":[[-2.63407,43.16665],[-2.63404,43.16671],[-2.63401,43.16677]]}},{"type":"Feature","properties":{"id":1535155935,"highway":"footway"},"geometry":{"type":"LineString","coordinates":[[-2.63329,43.16665],[-2.63329,43.16661],[-2.63332,43.16656],[-2.63334,43.16652]]}},{"type":"Feature","properties":{"id":1535155936,"highway":"footway"},"geometry":{"type":"LineString","coordinates":[[-2.634,43.16679],[-2.63328,43.16666]]}},{"type":"Feature","properties":{"id":1535155937,"highway":"footway"},"geometry":{"type":"LineString","coordinates":[[-2.63294,43.1656],[-2.63289,43.16561],[-2.63284,43.16562]]}},{"type":"Feature","properties":{"id":1535155938,"highway":"footway"},"geometry":{"type":"LineString","coordinates":[[-2.63284,43.16562],[-2.63286,43.1657],[-2.63289,43.16595],[-2.63291,43.16635],[-2.63291,43.16647],[-2.63288,43.16666],[-2.63288,43.16667],[-2.63275,43.16707]]}},{"type":"Feature","properties":{"id":1535155939,"highway":"footway"},"geometry":{"type":"LineString","coordinates":[[-2.63302,43.1667],[-2.63296,43.16669],[-2.63288,43.16667]]}},{"type":"Feature","properties":{"id":1535155940,"highway":"footway"},"geometry":{"type":"LineString","coordinates":[[-2.63328,43.16666],[-2.63316,43.16664],[-2.63306,43.16665],[-2.63304,43.16667],[-2.63302,43.1667]]}},{"type":"Feature","properties":{"id":1535155942,"highway":"footway"},"geometry":{"type":"LineString","coordinates":[[-2.63284,43.16562],[-2.63282,43.16557],[-2.63264,43.16507],[-2.63258,43.16491],[-2.63253,43.1648]]}},{"type":"Feature","properties":{"id":1535155944,"highway":"footway"},"geometry":{"type":"LineString","coordinates":[[-2.63284,43.16562],[-2.63268,43.16546],[-2.63238,43.16563],[-2.63227,43.1657],[-2.63224,43.1657]]}},{"type":"Feature","properties":{"id":1535155945,"highway":"footway"},"geometry":{"type":"LineString","coordinates":[[-2.63407,43.16665],[-2.63335,43.1665],[-2.63334,43.16652],[-2.63329,43.16652],[-2.63319,43.1665],[-2.63312,43.16647],[-2.63307,43.16641],[-2.63304,43.1663],[-2.63301,43.16614],[-2.63299,43.16577]]}},{"type":"Feature","properties":{"id":1535155946,"highway":"footway"},"geometry":{"type":"LineString","coordinates":[[-2.63299,43.16577],[-2.63299,43.16573],[-2.63298,43.16568]]}},{"type":"Feature","properties":{"id":1535155947,"highway":"footway"},"geometry":{"type":"LineString","coordinates":[[-2.63298,43.16568],[-2.63296,43.16566],[-2.63294,43.1656]]}},{"type":"Feature","properties":{"id":1535155949,"highway":"residential","nombre":"Galtzareta kalea","oneway":"yes"},"geometry":{"type":"LineString","coordinates":[[-2.63303,43.16653],[-2.63305,43.16655],[-2.6331,43.16658],[-2.63329,43.16661],[-2.63357,43.16665],[-2.63378,43.16666]]}},{"type":"Feature","properties":{"id":1535155950,"highway":"residential","nombre":"Sanagustinalde kalea","oneway":"yes"},"geometry":{"type":"LineString","coordinates":[[-2.63296,43.16617],[-2.63296,43.16634],[-2.63299,43.16642],[-2.633,43.16646],[-2.633,43.16647]]}},{"type":"Feature","properties":{"id":1535155951,"highway":"residential","nombre":"Sanagustinalde kalea","oneway":"yes"},"geometry":{"type":"LineString","coordinates":[[-2.63303,43.16642],[-2.63296,43.16617]]}},{"type":"Feature","properties":{"id":1535155952,"highway":"residential","nombre":"Galtzareta kalea","oneway":"yes"},"geometry":{"type":"LineString","coordinates":[[-2.63378,43.16666],[-2.63357,43.1666],[-2.63332,43.16656],[-2.63315,43.16652],[-2.6331,43.1665],[-2.63305,43.16645],[-2.63303,43.16642]]}},{"type":"Feature","properties":{"id":1535155953,"highway":"residential","nombre":"Sanagustinalde kalea","oneway":"yes"},"geometry":{"type":"LineString","coordinates":[[-2.633,43.16647],[-2.63303,43.16653]]}},{"type":"Feature","properties":{"id":1535180558,"highway":"footway"},"geometry":{"type":"LineString","coordinates":[[-2.62946,43.16549],[-2.62944,43.16552],[-2.62943,43.16555]]}},{"type":"Feature","properties":{"id":1535180559,"highway":"footway"},"geometry":{"type":"LineString","coordinates":[[-2.62943,43.16555],[-2.62939,43.16555],[-2.62935,43.16554],[-2.62889,43.16543],[-2.62886,43.16543],[-2.62884,43.16545]]}},{"type":"Feature","properties":{"id":1535180560,"highway":"footway"},"geometry":{"type":"LineString","coordinates":[[-2.62884,43.16545],[-2.62878,43.16543],[-2.6287,43.16542]]}},{"type":"Feature","properties":{"id":1535180561,"highway":"footway"},"geometry":{"type":"LineString","coordinates":[[-2.62943,43.16555],[-2.62945,43.16556],[-2.62994,43.16566],[-2.63004,43.16569],[-2.63054,43.16579]]}},{"type":"Feature","properties":{"id":1535278607,"highway":"service"},"geometry":{"type":"LineString","coordinates":[[-2.62397,43.16788],[-2.62399,43.16786],[-2.62428,43.16706],[-2.62433,43.167],[-2.62436,43.167],[-2.62443,43.167],[-2.62456,43.16708],[-2.62458,43.16708],[-2.62461,43.16698]]}},{"type":"Feature","properties":{"id":1535278608,"highway":"footway"},"geometry":{"type":"LineString","coordinates":[[-2.62401,43.16657],[-2.62399,43.16658],[-2.62397,43.1666],[-2.62395,43.16663]]}},{"type":"Feature","properties":{"id":1535278609,"highway":"footway"},"geometry":{"type":"LineString","coordinates":[[-2.62395,43.16663],[-2.62391,43.1666],[-2.62389,43.1666],[-2.62387,43.1666],[-2.62384,43.1666],[-2.62382,43.16661],[-2.62339,43.1677]]}},{"type":"Feature","properties":{"id":1535278610,"highway":"footway"},"geometry":{"type":"LineString","coordinates":[[-2.62329,43.16768],[-2.62335,43.16769],[-2.62339,43.1677]]}},{"type":"Feature","properties":{"id":1535278611,"highway":"footway"},"geometry":{"type":"LineString","coordinates":[[-2.62335,43.16769],[-2.62334,43.16772],[-2.62333,43.16774],[-2.62332,43.16777]]}},{"type":"Feature","properties":{"id":1535278612,"highway":"footway"},"geometry":{"type":"LineString","coordinates":[[-2.62332,43.16777],[-2.62328,43.16778],[-2.62325,43.16779],[-2.62324,43.16781]]}},{"type":"Feature","properties":{"id":1535278613,"highway":"footway"},"geometry":{"type":"LineString","coordinates":[[-2.62324,43.16781],[-2.62319,43.1678],[-2.62314,43.16779]]}},{"type":"Feature","properties":{"id":1535278614,"highway":"footway"},"geometry":{"type":"LineString","coordinates":[[-2.62329,43.16727],[-2.62332,43.16728],[-2.62335,43.1673],[-2.62334,43.16733],[-2.62322,43.16766],[-2.62312,43.16764]]}},{"type":"Feature","properties":{"id":1535278615,"highway":"footway"},"geometry":{"type":"LineString","coordinates":[[-2.62312,43.16764],[-2.62311,43.16766],[-2.6231,43.16769],[-2.62308,43.16773]]}},{"type":"Feature","properties":{"id":1535611075,"highway":"footway"},"geometry":{"type":"LineString","coordinates":[[-2.62884,43.16545],[-2.62881,43.16552],[-2.62878,43.1656],[-2.62862,43.16597],[-2.62862,43.16599],[-2.62864,43.16601],[-2.62866,43.16603],[-2.62885,43.16608],[-2.62896,43.1661],[-2.62992,43.16634],[-2.63016,43.16639],[-2.63017,43.1664],[-2.6302,43.1664],[-2.63023,43.16639],[-2.63025,43.16636],[-2.63041,43.16608],[-2.63046,43.16596],[-2.63048,43.16593],[-2.63054,43.16582],[-2.63054,43.16579]]}},{"type":"Feature","properties":{"id":1535611076,"highway":"service"},"geometry":{"type":"LineString","coordinates":[[-2.63052,43.16597],[-2.63046,43.16596],[-2.63026,43.16591]]}},{"type":"Feature","properties":{"id":1535611077,"highway":"footway"},"geometry":{"type":"LineString","coordinates":[[-2.63048,43.16593],[-2.62999,43.16582]]}},{"type":"Feature","properties":{"id":1535611078,"highway":"footway"},"geometry":{"type":"LineString","coordinates":[[-2.63029,43.16638],[-2.63025,43.16636]]}},{"type":"Feature","properties":{"id":1535611079,"highway":"footway"},"geometry":{"type":"LineString","coordinates":[[-2.63016,43.16639],[-2.63014,43.16643],[-2.63012,43.16647]]}},{"type":"Feature","properties":{"id":1535611080,"highway":"footway"},"geometry":{"type":"LineString","coordinates":[[-2.63072,43.16572],[-2.63067,43.16571],[-2.63063,43.1657]]}},{"type":"Feature","properties":{"id":1535611081,"highway":"footway"},"geometry":{"type":"LineString","coordinates":[[-2.62862,43.16597],[-2.62857,43.16596],[-2.6285,43.16594]]}},{"type":"Feature","properties":{"id":1535611082,"highway":"residential","nombre":"Larrasoloeta kalea","oneway":"no"},"geometry":{"type":"LineString","coordinates":[[-2.62768,43.16468],[-2.62764,43.16477],[-2.62757,43.16497],[-2.62755,43.16504],[-2.62752,43.16513],[-2.62749,43.16521],[-2.62736,43.16551],[-2.62735,43.16554],[-2.62734,43.16557],[-2.62728,43.16569]]}},{"type":"Feature","properties":{"id":1535611083,"highway":"residential","nombre":"Antso Estegiz zumardia"},"geometry":{"type":"LineString","coordinates":[[-2.62701,43.16561],[-2.62706,43.16563]]}},{"type":"Feature","properties":{"id":1535611084,"highway":"residential","nombre":"Antso Estegiz zumardia","oneway":"yes"},"geometry":{"type":"LineString","coordinates":[[-2.62706,43.16563],[-2.62714,43.16568],[-2.62719,43.16572],[-2.62721,43.16576],[-2.62723,43.1658]]}},{"type":"Feature","properties":{"id":1535611085,"highway":"residential","nombre":"Antso Estegiz zumardia","oneway":"yes"},"geometry":{"type":"LineString","coordinates":[[-2.62734,43.16557],[-2.62725,43.1656],[-2.62721,43.16562],[-2.6272,43.16562],[-2.62712,43.16562],[-2.62706,43.16563]]}},{"type":"Feature","properties":{"id":1535611087,"highway":"residential","nombre":"San Frantzisko kalea","oneway":"yes"},"geometry":{"type":"LineString","coordinates":[[-2.62755,43.16504],[-2.62756,43.16506],[-2.62762,43.16511],[-2.62771,43.16516]]}},{"type":"Feature","properties":{"id":1535611088,"highway":"residential","nombre":"San Frantzisko kalea","oneway":"yes"},"geometry":{"type":"LineString","coordinates":[[-2.62749,43.16521],[-2.62755,43.16518],[-2.62761,43.16516],[-2.62771,43.16516]]}},{"type":"Feature","properties":{"id":1535611089,"highway":"footway"},"geometry":{"type":"LineString","coordinates":[[-2.62819,43.16664],[-2.62821,43.16659]]}},{"type":"Feature","properties":{"id":1535611090,"highway":"footway"},"geometry":{"type":"LineString","coordinates":[[-2.62821,43.16659],[-2.62819,43.16657],[-2.62826,43.16641],[-2.62835,43.16621],[-2.62839,43.16621],[-2.62844,43.16609]]}},{"type":"Feature","properties":{"id":1535611091,"highway":"footway"},"geometry":{"type":"LineString","coordinates":[[-2.62856,43.16612],[-2.62852,43.16611],[-2.62844,43.16609]]}},{"type":"Feature","properties":{"id":1535611093,"highway":"footway","puente":"yes"},"geometry":{"type":"LineString","coordinates":[[-2.62825,43.1664],[-2.62803,43.16637]]}},{"type":"Feature","properties":{"id":1535611094,"highway":"footway"},"geometry":{"type":"LineString","coordinates":[[-2.62826,43.16641],[-2.62825,43.1664]]}},{"type":"Feature","properties":{"id":1535611095,"highway":"residential","nombre":"Zubiaurre kalea","oneway":"yes"},"geometry":{"type":"LineString","coordinates":[[-2.62931,43.16413],[-2.62934,43.16407]]}},{"type":"Feature","properties":{"id":1535611096,"highway":"residential","nombre":"Zubiaurre kalea","oneway":"yes"},"geometry":{"type":"LineString","coordinates":[[-2.62919,43.16434],[-2.62925,43.1643],[-2.62928,43.16425],[-2.6293,43.16417],[-2.62931,43.16413]]}},{"type":"Feature","properties":{"id":1535611097,"highway":"residential","nombre":"Zubiaurre kalea","oneway":"yes"},"geometry":{"type":"LineString","coordinates":[[-2.62949,43.16434],[-2.6294,43.16429],[-2.62937,43.16427],[-2.62932,43.16421],[-2.6293,43.16417]]}},{"type":"Feature","properties":{"id":1535611098,"highway":"footway"},"geometry":{"type":"LineString","coordinates":[[-2.62713,43.16581],[-2.62722,43.16583],[-2.6273,43.16585]]}},{"type":"Feature","properties":{"id":1535611099,"highway":"footway"},"geometry":{"type":"LineString","coordinates":[[-2.6273,43.16585],[-2.62726,43.16594],[-2.62709,43.16635],[-2.62708,43.16637],[-2.62705,43.16639],[-2.627,43.16651],[-2.62697,43.16658]]}},{"type":"Feature","properties":{"id":1535611100,"highway":"footway"},"geometry":{"type":"LineString","coordinates":[[-2.627,43.16651],[-2.62694,43.1665],[-2.62685,43.16648]]}},{"type":"Feature","properties":{"id":1535841509,"highway":"footway"},"geometry":{"type":"LineString","coordinates":[[-2.62726,43.16594],[-2.62733,43.16596]]}},{"type":"Feature","properties":{"id":1535841510,"highway":"steps"},"geometry":{"type":"LineString","coordinates":[[-2.62733,43.16596],[-2.62731,43.166],[-2.62741,43.16603],[-2.62744,43.16595]]}},{"type":"Feature","properties":{"id":1535841511,"highway":"footway"},"geometry":{"type":"LineString","coordinates":[[-2.62835,43.16621],[-2.62831,43.1662],[-2.62827,43.16627],[-2.62824,43.16627],[-2.62823,43.16615],[-2.62744,43.16595]]}},{"type":"Feature","properties":{"id":1535841515,"highway":"footway"},"geometry":{"type":"LineString","coordinates":[[-2.63289,43.16711],[-2.63282,43.16709],[-2.63275,43.16708]]}},{"type":"Feature","properties":{"id":1535841516,"highway":"footway"},"geometry":{"type":"LineString","coordinates":[[-2.63275,43.16707],[-2.63275,43.16708],[-2.63274,43.16711],[-2.63272,43.16712],[-2.63253,43.16758]]}},{"type":"Feature","properties":{"id":1535841517,"highway":"pedestrian","nombre":"Bruno Maurizio Zabala kalea"},"geometry":{"type":"LineString","coordinates":[[-2.63289,43.16711],[-2.63399,43.16735],[-2.6346,43.16748],[-2.63462,43.16747],[-2.63467,43.16745],[-2.63473,43.16746]]}},{"type":"Feature","properties":{"id":1535841518,"highway":"footway"},"geometry":{"type":"LineString","coordinates":[[-2.63473,43.16746],[-2.63477,43.16747],[-2.6348,43.16749]]}},{"type":"Feature","properties":{"id":1535841519,"highway":"pedestrian","nombre":"Bruno Maurizio Zabala kalea"},"geometry":{"type":"LineString","coordinates":[[-2.6348,43.16749],[-2.63501,43.1675],[-2.63509,43.16749],[-2.63564,43.1674],[-2.63597,43.16735],[-2.63601,43.16734]]}},{"type":"Feature","properties":{"id":1535841520,"highway":"footway"},"geometry":{"type":"LineString","coordinates":[[-2.6361,43.16723],[-2.63606,43.16728],[-2.63601,43.16734]]}},{"type":"Feature","properties":{"id":1535841521,"highway":"cycleway"},"geometry":{"type":"LineString","coordinates":[[-2.63475,43.16753],[-2.6348,43.16749],[-2.63484,43.16748],[-2.63491,43.16747],[-2.63507,43.16747],[-2.63547,43.1674],[-2.63595,43.16733],[-2.63596,43.16731],[-2.63601,43.16726]]}},{"type":"Feature","properties":{"id":1535841525,"highway":"pedestrian"},"geometry":{"type":"LineString","coordinates":[[-2.63509,43.16749],[-2.63485,43.16845]]}},{"type":"Feature","properties":{"id":1535841527,"highway":"footway"},"geometry":{"type":"LineString","coordinates":[[-2.63439,43.16847],[-2.6344,43.16844],[-2.63441,43.1684]]}},{"type":"Feature","properties":{"id":1535841528,"highway":"footway"},"geometry":{"type":"LineString","coordinates":[[-2.63441,43.1684],[-2.63485,43.16845]]}},{"type":"Feature","properties":{"id":1535841529,"highway":"footway"},"geometry":{"type":"LineString","coordinates":[[-2.63485,43.16845],[-2.6358,43.16857],[-2.63626,43.16863],[-2.63685,43.1687]]}},{"type":"Feature","properties":{"id":1535841530,"highway":"footway"},"geometry":{"type":"LineString","coordinates":[[-2.63685,43.1687],[-2.63685,43.16873],[-2.63684,43.16875]]}},{"type":"Feature","properties":{"id":1535841531,"highway":"footway"},"geometry":{"type":"LineString","coordinates":[[-2.63685,43.1687],[-2.63689,43.1687],[-2.6369,43.16869],[-2.63691,43.16867],[-2.63693,43.16858],[-2.637,43.16823],[-2.63703,43.16808],[-2.63706,43.16791]]}},{"type":"Feature","properties":{"id":1535841532,"highway":"footway"},"geometry":{"type":"LineString","coordinates":[[-2.63706,43.16791],[-2.63713,43.16792],[-2.63719,43.16793]]}},{"type":"Feature","properties":{"id":1535841533,"highway":"footway"},"geometry":{"type":"LineString","coordinates":[[-2.63719,43.16793],[-2.6372,43.16792],[-2.63722,43.1679],[-2.63725,43.1679],[-2.63729,43.16791],[-2.63741,43.16795],[-2.63742,43.16799],[-2.63806,43.16825],[-2.63812,43.16827],[-2.63845,43.16841],[-2.63856,43.16846],[-2.63881,43.16854],[-2.63886,43.16852],[-2.63893,43.16854],[-2.63896,43.16859],[-2.63897,43.1686],[-2.63898,43.16862],[-2.63894,43.16864],[-2.63893,43.16868],[-2.63891,43.16879],[-2.63883,43.16922],[-2.63882,43.16924],[-2.6388,43.16925],[-2.63878,43.16925],[-2.63872,43.16925]]}},{"type":"Feature","properties":{"id":1535841534,"highway":"footway"},"geometry":{"type":"LineString","coordinates":[[-2.63706,43.16791],[-2.63706,43.16785],[-2.63702,43.1678],[-2.63699,43.16778],[-2.63695,43.16774],[-2.63692,43.16772]]}},{"type":"Feature","properties":{"id":1535841535,"highway":"footway"},"geometry":{"type":"LineString","coordinates":[[-2.637,43.1676],[-2.63697,43.16765],[-2.63692,43.16772]]}},{"type":"Feature","properties":{"id":1535841536,"highway":"footway"},"geometry":{"type":"LineString","coordinates":[[-2.63692,43.16772],[-2.63597,43.16735],[-2.63596,43.16731],[-2.63563,43.1672],[-2.63555,43.16715],[-2.63549,43.16712],[-2.63526,43.16704],[-2.63521,43.16704],[-2.63518,43.16705],[-2.63514,43.16709],[-2.63509,43.16716]]}},{"type":"Feature","properties":{"id":1535841537,"highway":"footway"},"geometry":{"type":"LineString","coordinates":[[-2.63509,43.16716],[-2.63502,43.16715],[-2.63497,43.16714]]}},{"type":"Feature","properties":{"id":1535841538,"highway":"footway"},"geometry":{"type":"LineString","coordinates":[[-2.63497,43.16714],[-2.63496,43.16706],[-2.63492,43.167],[-2.63485,43.16696],[-2.63482,43.16694],[-2.6348,43.16693]]}},{"type":"Feature","properties":{"id":1535841539,"highway":"footway"},"geometry":{"type":"LineString","coordinates":[[-2.634,43.16679],[-2.63474,43.16694],[-2.6348,43.16693]]}},{"type":"Feature","properties":{"id":1535841540,"highway":"footway"},"geometry":{"type":"LineString","coordinates":[[-2.63487,43.16681],[-2.63485,43.16686],[-2.63482,43.16694]]}},{"type":"Feature","properties":{"id":1537209700,"highway":"cycleway"},"geometry":{"type":"LineString","coordinates":[[-2.63712,43.16795],[-2.63708,43.16794]]}},{"type":"Feature","properties":{"id":1537209701,"highway":"cycleway"},"geometry":{"type":"LineString","coordinates":[[-2.63708,43.16794],[-2.63702,43.16824],[-2.63698,43.16841],[-2.63694,43.16863],[-2.63694,43.16864]]}},{"type":"Feature","properties":{"id":1537209702,"highway":"cycleway"},"geometry":{"type":"LineString","coordinates":[[-2.63694,43.16864],[-2.63698,43.16864],[-2.63701,43.16865]]}},{"type":"Feature","properties":{"id":1537209703,"highway":"cycleway"},"geometry":{"type":"LineString","coordinates":[[-2.63701,43.16865],[-2.63702,43.16865],[-2.63703,43.16866],[-2.63704,43.16868],[-2.63703,43.16872],[-2.63697,43.16901],[-2.63697,43.16902],[-2.63697,43.16903],[-2.63698,43.16905],[-2.63699,43.16906],[-2.63699,43.16908]]}},{"type":"Feature","properties":{"id":1537209704,"highway":"cycleway"},"geometry":{"type":"LineString","coordinates":[[-2.63699,43.16908],[-2.63699,43.1691],[-2.63698,43.16911]]}},{"type":"Feature","properties":{"id":1537209705,"highway":"cycleway"},"geometry":{"type":"LineString","coordinates":[[-2.63698,43.16911],[-2.63698,43.16915]]}},{"type":"Feature","properties":{"id":1537209707,"highway":"service"},"geometry":{"type":"LineString","coordinates":[[-2.63696,43.16871],[-2.63703,43.16872],[-2.6372,43.16874]]}},{"type":"Feature","properties":{"id":1537209708,"highway":"footway"},"geometry":{"type":"LineString","coordinates":[[-2.63707,43.1688],[-2.63701,43.16903],[-2.63701,43.16904],[-2.63702,43.16905],[-2.63703,43.16905]]}},{"type":"Feature","properties":{"id":1537209709,"highway":"footway"},"geometry":{"type":"LineString","coordinates":[[-2.63703,43.16905],[-2.63702,43.1691]]}},{"type":"Feature","properties":{"id":1537209710,"highway":"footway"},"geometry":{"type":"LineString","coordinates":[[-2.63701,43.16903],[-2.63697,43.16902],[-2.63692,43.16902],[-2.63686,43.16901]]}},{"type":"Feature","properties":{"id":1537209711,"highway":"footway"},"geometry":{"type":"LineString","coordinates":[[-2.63702,43.16912],[-2.63701,43.16915],[-2.63701,43.16917]]}},{"type":"Feature","properties":{"id":1537209712,"highway":"footway"},"geometry":{"type":"LineString","coordinates":[[-2.63702,43.1691],[-2.63702,43.16911],[-2.63702,43.16912]]}},{"type":"Feature","properties":{"id":1537209713,"highway":"footway"},"geometry":{"type":"LineString","coordinates":[[-2.63701,43.16917],[-2.637,43.16919],[-2.637,43.16921]]}},{"type":"Feature","properties":{"id":1537209714,"highway":"footway"},"geometry":{"type":"LineString","coordinates":[[-2.637,43.16921],[-2.637,43.16924]]}},{"type":"Feature","properties":{"id":1537209715,"highway":"footway"},"geometry":{"type":"LineString","coordinates":[[-2.63684,43.16875],[-2.63688,43.16877],[-2.6369,43.16879],[-2.63686,43.16901]]}},{"type":"Feature","properties":{"id":1537209716,"highway":"footway"},"geometry":{"type":"LineString","coordinates":[[-2.63894,43.1684],[-2.63891,43.16845],[-2.63886,43.16852]]}},{"type":"Feature","properties":{"id":1537209717,"highway":"footway"},"geometry":{"type":"LineString","coordinates":[[-2.63872,43.16929],[-2.63872,43.16925]]}},{"type":"Feature","properties":{"id":1537448855,"highway":"footway"},"geometry":{"type":"LineString","coordinates":[[-2.63909,43.16861],[-2.63902,43.16861],[-2.63897,43.1686]]}},{"type":"Feature","properties":{"id":1537448856,"highway":"footway","tunel":"yes"},"geometry":{"type":"LineString","coordinates":[[-2.63879,43.16878],[-2.63867,43.16877],[-2.63867,43.16878]]}},{"type":"Feature","properties":{"id":1537448857,"highway":"footway"},"geometry":{"type":"LineString","coordinates":[[-2.63891,43.16879],[-2.63879,43.16878]]}},{"type":"Feature","properties":{"id":1537448859,"highway":"service"},"geometry":{"type":"LineString","coordinates":[[-2.63926,43.16904],[-2.63902,43.16901],[-2.63894,43.169]]}},{"type":"Feature","properties":{"id":1537448862,"highway":"footway"},"geometry":{"type":"LineString","coordinates":[[-2.64049,43.16916],[-2.64045,43.16915],[-2.64039,43.16912],[-2.64034,43.1691]]}},{"type":"Feature","properties":{"id":1537448863,"highway":"footway"},"geometry":{"type":"LineString","coordinates":[[-2.64034,43.1691],[-2.64024,43.16907]]}},{"type":"Feature","properties":{"id":1537448864,"highway":"footway"},"geometry":{"type":"LineString","coordinates":[[-2.63967,43.16953],[-2.63968,43.1695],[-2.63968,43.16946],[-2.63969,43.1694],[-2.6397,43.16936]]}},{"type":"Feature","properties":{"id":1537448865,"highway":"footway"},"geometry":{"type":"LineString","coordinates":[[-2.64024,43.16907],[-2.64019,43.16918],[-2.64012,43.16925],[-2.64005,43.16928],[-2.63997,43.16931],[-2.63988,43.16933],[-2.63984,43.16934],[-2.63983,43.16937],[-2.6397,43.16936]]}},{"type":"Feature","properties":{"id":1537448866,"highway":"footway"},"geometry":{"type":"LineString","coordinates":[[-2.63988,43.16933],[-2.6399,43.1692],[-2.63991,43.16916],[-2.63987,43.16915]]}},{"type":"Feature","properties":{"id":1537448867,"highway":"footway"},"geometry":{"type":"LineString","coordinates":[[-2.64024,43.16907],[-2.64025,43.169],[-2.64024,43.16893],[-2.64021,43.16886],[-2.64014,43.16879],[-2.64005,43.16872],[-2.63998,43.16869],[-2.63998,43.16866]]}},{"type":"Feature","properties":{"id":1537448868,"highway":"footway"},"geometry":{"type":"LineString","coordinates":[[-2.63905,43.16929],[-2.63904,43.16933],[-2.63903,43.16938],[-2.63902,43.16942],[-2.63902,43.16946]]}},{"type":"Feature","properties":{"id":1537448869,"highway":"footway"},"geometry":{"type":"LineString","coordinates":[[-2.63896,43.16927],[-2.63889,43.16926],[-2.6388,43.16925]]}},{"type":"Feature","properties":{"id":1537448870,"highway":"footway"},"geometry":{"type":"LineString","coordinates":[[-2.63905,43.16929],[-2.639,43.16929],[-2.63896,43.16927]]}},{"type":"Feature","properties":{"id":1537448871,"highway":"footway"},"geometry":{"type":"LineString","coordinates":[[-2.63896,43.16927],[-2.63896,43.16925],[-2.63898,43.16924],[-2.63902,43.16904],[-2.63902,43.16901],[-2.63904,43.16891],[-2.63905,43.16885],[-2.63909,43.16861]]}},{"type":"Feature","properties":{"id":1537448872,"highway":"footway"},"geometry":{"type":"LineString","coordinates":[[-2.64001,43.16856],[-2.64,43.1686],[-2.63998,43.16866]]}},{"type":"Feature","properties":{"id":1537448873,"highway":"footway"},"geometry":{"type":"LineString","coordinates":[[-2.63998,43.16866],[-2.63986,43.16864],[-2.63983,43.16867],[-2.63915,43.16859],[-2.63912,43.16859],[-2.6391,43.16859],[-2.6391,43.1686],[-2.63909,43.16861]]}},{"type":"Feature","properties":{"id":1537448874,"highway":"footway"},"geometry":{"type":"LineString","coordinates":[[-2.64001,43.16856],[-2.63997,43.16854],[-2.63932,43.16847],[-2.63916,43.16845],[-2.63906,43.16843],[-2.63899,43.16841],[-2.63894,43.1684]]}},{"type":"Feature","properties":{"id":1537448875,"highway":"footway"},"geometry":{"type":"LineString","coordinates":[[-2.6397,43.16936],[-2.63905,43.16929]]}},{"type":"Feature","properties":{"id":1537448876,"highway":"footway"},"geometry":{"type":"LineString","coordinates":[[-2.63692,43.16772],[-2.63691,43.16777],[-2.63676,43.16775],[-2.63677,43.16772],[-2.63649,43.16769]]}},{"type":"Feature","properties":{"id":1537448878,"highway":"service"},"geometry":{"type":"LineString","coordinates":[[-2.63706,43.16824],[-2.63702,43.16824],[-2.637,43.16823],[-2.63676,43.16821]]}},{"type":"Feature","properties":{"id":1537448879,"highway":"steps"},"geometry":{"type":"LineString","coordinates":[[-2.63632,43.16832],[-2.63632,43.16835]]}},{"type":"Feature","properties":{"id":1537448881,"highway":"steps"},"geometry":{"type":"LineString","coordinates":[[-2.63626,43.16863],[-2.63627,43.16862],[-2.63627,43.1686]]}},{"type":"Feature","properties":{"id":1537448882,"highway":"footway"},"geometry":{"type":"LineString","coordinates":[[-2.63699,43.16778],[-2.63695,43.16777],[-2.63691,43.16777]]}},{"type":"Feature","properties":{"id":1537448883,"highway":"footway"},"geometry":{"type":"LineString","coordinates":[[-2.63695,43.16777],[-2.63692,43.16793]]}},{"type":"Feature","properties":{"id":1537448885,"highway":"steps"},"geometry":{"type":"LineString","coordinates":[[-2.63703,43.16808],[-2.63698,43.16807]]}},{"type":"Feature","properties":{"id":1537448886,"highway":"footway"},"geometry":{"type":"LineString","coordinates":[[-2.6361,43.16723],[-2.63621,43.16727],[-2.637,43.1676]]}},{"type":"Feature","properties":{"id":1537448887,"highway":"footway"},"geometry":{"type":"LineString","coordinates":[[-2.63863,43.16827],[-2.63858,43.16825],[-2.63853,43.16823]]}},{"type":"Feature","properties":{"id":1537448888,"highway":"footway"},"geometry":{"type":"LineString","coordinates":[[-2.63853,43.16823],[-2.637,43.1676]]}},{"type":"Feature","properties":{"id":1537448889,"highway":"footway"},"geometry":{"type":"LineString","coordinates":[[-2.63863,43.16827],[-2.63873,43.16831],[-2.63894,43.1684]]}},{"type":"Feature","properties":{"id":1537448890,"highway":"footway"},"geometry":{"type":"LineString","coordinates":[[-2.64072,43.16849],[-2.6407,43.16855],[-2.64067,43.16859],[-2.64066,43.1686],[-2.6406,43.16862],[-2.64052,43.16862],[-2.64001,43.16856]]}},{"type":"Feature","properties":{"id":1537448891,"highway":"footway"},"geometry":{"type":"LineString","coordinates":[[-2.63742,43.16799],[-2.6374,43.16802],[-2.63723,43.16882]]}},{"type":"Feature","properties":{"id":1537448893,"highway":"service"},"geometry":{"type":"LineString","coordinates":[[-2.62903,43.16305],[-2.62897,43.163],[-2.62904,43.16276]]}},{"type":"Feature","properties":{"id":1537448894,"highway":"footway"},"geometry":{"type":"LineString","coordinates":[[-2.62904,43.16272],[-2.62911,43.16274],[-2.62914,43.16271],[-2.62934,43.16274],[-2.62964,43.1628],[-2.62968,43.16279],[-2.62969,43.16278],[-2.6297,43.16275]]}},{"type":"Feature","properties":{"id":1537448895,"highway":"footway"},"geometry":{"type":"LineString","coordinates":[[-2.62911,43.16277],[-2.62911,43.16274]]}},{"type":"Feature","properties":{"id":1537448896,"highway":"footway"},"geometry":{"type":"LineString","coordinates":[[-2.63047,43.16202],[-2.63048,43.16198],[-2.63048,43.16192],[-2.63048,43.16189]]}},{"type":"Feature","properties":{"id":1537448897,"highway":"footway"},"geometry":{"type":"LineString","coordinates":[[-2.62776,43.16045],[-2.62775,43.1605],[-2.62774,43.16053]]}},{"type":"Feature","properties":{"id":1537448900,"highway":"service"},"geometry":{"type":"LineString","coordinates":[[-2.62729,43.16029],[-2.62711,43.16025],[-2.62704,43.16025],[-2.62701,43.16025],[-2.62693,43.16027]]}},{"type":"Feature","properties":{"id":1537448901,"highway":"footway"},"geometry":{"type":"LineString","coordinates":[[-2.62828,43.16224],[-2.62843,43.16227],[-2.62849,43.16228]]}},{"type":"Feature","properties":{"id":1539702552,"highway":"footway"},"geometry":{"type":"LineString","coordinates":[[-2.62771,43.16516],[-2.62773,43.16511]]}},{"type":"Feature","properties":{"id":1539702553,"highway":"footway"},"geometry":{"type":"LineString","coordinates":[[-2.62773,43.16511],[-2.62768,43.1651],[-2.62765,43.16508],[-2.62764,43.16505],[-2.62766,43.16499]]}},{"type":"Feature","properties":{"id":1539702554,"highway":"footway"},"geometry":{"type":"LineString","coordinates":[[-2.62766,43.16499],[-2.62757,43.16497],[-2.6275,43.16496]]}},{"type":"Feature","properties":{"id":1539702555,"highway":"footway"},"geometry":{"type":"LineString","coordinates":[[-2.62481,43.16428],[-2.62475,43.16449],[-2.62473,43.16456],[-2.62463,43.1649],[-2.62462,43.16493]]}},{"type":"Feature","properties":{"id":1539702556,"highway":"footway"},"geometry":{"type":"LineString","coordinates":[[-2.62483,43.16421],[-2.62482,43.16425],[-2.62481,43.16428]]}},{"type":"Feature","properties":{"id":1541039911,"highway":"footway"},"geometry":{"type":"LineString","coordinates":[[-2.6275,43.16496],[-2.62735,43.16493],[-2.62709,43.16488],[-2.62705,43.16488]]}},{"type":"Feature","properties":{"id":1541039912,"highway":"residential","nombre":"Antso Estegiz zumardia"},"geometry":{"type":"LineString","coordinates":[[-2.62566,43.16525],[-2.62568,43.16521],[-2.62569,43.16519],[-2.62585,43.16475]]}},{"type":"Feature","properties":{"id":1541039913,"highway":"footway"},"geometry":{"type":"LineString","coordinates":[[-2.62741,43.16555],[-2.62735,43.16554],[-2.62729,43.16553]]}},{"type":"Feature","properties":{"id":1541039914,"highway":"footway"},"geometry":{"type":"LineString","coordinates":[[-2.6275,43.16496],[-2.6275,43.16499],[-2.62748,43.16499],[-2.6273,43.1655],[-2.62729,43.16553]]}},{"type":"Feature","properties":{"id":1541039915,"highway":"steps"},"geometry":{"type":"LineString","coordinates":[[-2.62705,43.16488],[-2.62685,43.16484],[-2.62663,43.1648],[-2.62639,43.16475]]}},{"type":"Feature","properties":{"id":1541039916,"highway":"footway"},"geometry":{"type":"LineString","coordinates":[[-2.62639,43.16475],[-2.62636,43.16484],[-2.62626,43.16482],[-2.62585,43.16475],[-2.62548,43.16469],[-2.62546,43.16469],[-2.62507,43.16462],[-2.62473,43.16456]]}},{"type":"Feature","properties":{"id":1541039917,"highway":"living_street"},"geometry":{"type":"LineString","coordinates":[[-2.62736,43.16551],[-2.6273,43.1655],[-2.62716,43.16547],[-2.62689,43.16543],[-2.62666,43.16538]]}},{"type":"Feature","properties":{"id":1541039918,"highway":"steps"},"geometry":{"type":"LineString","coordinates":[[-2.62666,43.16538],[-2.62643,43.16534],[-2.62622,43.1653]]}},{"type":"Feature","properties":{"id":1541039919,"highway":"footway"},"geometry":{"type":"LineString","coordinates":[[-2.62685,43.16484],[-2.62666,43.16538]]}},{"type":"Feature","properties":{"id":1541039920,"highway":"footway"},"geometry":{"type":"LineString","coordinates":[[-2.62709,43.16488],[-2.62689,43.16543]]}},{"type":"Feature","properties":{"id":1541039921,"highway":"footway"},"geometry":{"type":"LineString","coordinates":[[-2.62735,43.16493],[-2.62716,43.16547]]}},{"type":"Feature","properties":{"id":1541039922,"highway":"footway"},"geometry":{"type":"LineString","coordinates":[[-2.62663,43.1648],[-2.62643,43.16534]]}},{"type":"Feature","properties":{"id":1541039923,"highway":"footway"},"geometry":{"type":"LineString","coordinates":[[-2.62622,43.1653],[-2.62619,43.16531],[-2.62616,43.16532],[-2.62613,43.16532],[-2.62609,43.16531],[-2.62577,43.16523],[-2.62568,43.16521],[-2.62532,43.16511],[-2.62525,43.16509],[-2.62495,43.16501],[-2.62462,43.16493]]}},{"type":"Feature","properties":{"id":1541039924,"highway":"footway"},"geometry":{"type":"LineString","coordinates":[[-2.62462,43.16493],[-2.6246,43.16497],[-2.62458,43.16501]]}},{"type":"Feature","properties":{"id":1541039925,"highway":"footway"},"geometry":{"type":"LineString","coordinates":[[-2.62456,43.16489],[-2.6245,43.16488],[-2.62444,43.16486]]}},{"type":"Feature","properties":{"id":1541039926,"highway":"footway"},"geometry":{"type":"LineString","coordinates":[[-2.62512,43.16321],[-2.62506,43.1632]]}},{"type":"Feature","properties":{"id":1541039927,"highway":"footway"},"geometry":{"type":"LineString","coordinates":[[-2.62506,43.1632],[-2.625,43.16319],[-2.62494,43.16318]]}},{"type":"Feature","properties":{"id":1541039928,"highway":"footway"},"geometry":{"type":"LineString","coordinates":[[-2.62786,43.16442],[-2.6278,43.16441],[-2.62772,43.1644],[-2.62767,43.16439]]}},{"type":"Feature","properties":{"id":1541039930,"highway":"footway"},"geometry":{"type":"LineString","coordinates":[[-2.62573,43.16325],[-2.62571,43.1633],[-2.62569,43.16333],[-2.62566,43.16334],[-2.62563,43.16336],[-2.62561,43.16336],[-2.62556,43.16336],[-2.6251,43.16329]]}},{"type":"Feature","properties":{"id":1541039931,"highway":"footway"},"geometry":{"type":"LineString","coordinates":[[-2.62515,43.16255],[-2.62464,43.16247]]}},{"type":"Feature","properties":{"id":1541039932,"highway":"footway"},"geometry":{"type":"LineString","coordinates":[[-2.62582,43.16266],[-2.62578,43.16266],[-2.62573,43.16265]]}},{"type":"Feature","properties":{"id":1541039933,"highway":"footway"},"geometry":{"type":"LineString","coordinates":[[-2.62573,43.16265],[-2.62531,43.16258],[-2.62526,43.16257]]}},{"type":"Feature","properties":{"id":1541039934,"highway":"footway"},"geometry":{"type":"LineString","coordinates":[[-2.62526,43.16257],[-2.62519,43.16256],[-2.62515,43.16255]]}},{"type":"Feature","properties":{"id":1541039935,"highway":"footway"},"geometry":{"type":"LineString","coordinates":[[-2.6259,43.16268],[-2.62573,43.16325]]}},{"type":"Feature","properties":{"id":1541039936,"highway":"footway"},"geometry":{"type":"LineString","coordinates":[[-2.62774,43.16053],[-2.62769,43.16052],[-2.62765,43.16055],[-2.62754,43.16059],[-2.62733,43.16064],[-2.62726,43.16064],[-2.62719,43.16064],[-2.62704,43.1606],[-2.62694,43.1606],[-2.62652,43.16041]]}},{"type":"Feature","properties":{"id":1541039937,"highway":"footway"},"geometry":{"type":"LineString","coordinates":[[-2.62744,43.16114],[-2.62745,43.16108],[-2.62743,43.16106],[-2.62709,43.16092],[-2.62672,43.16076],[-2.62637,43.1606]]}},{"type":"Feature","properties":{"id":1541039938,"highway":"footway"},"geometry":{"type":"LineString","coordinates":[[-2.62463,43.1649],[-2.62456,43.16489]]}},{"type":"Feature","properties":{"id":1541039939,"highway":"footway"},"geometry":{"type":"LineString","coordinates":[[-2.62444,43.16486],[-2.62407,43.16477],[-2.62406,43.16477],[-2.62404,43.16475],[-2.6241,43.16449],[-2.62417,43.16423],[-2.62416,43.16421],[-2.62413,43.1642],[-2.62384,43.16415],[-2.62376,43.16414],[-2.62361,43.16411],[-2.62356,43.16408],[-2.62353,43.16406],[-2.6235,43.16403],[-2.62348,43.164],[-2.62346,43.16394]]}},{"type":"Feature","properties":{"id":1541039940,"highway":"footway"},"geometry":{"type":"LineString","coordinates":[[-2.6235,43.16403],[-2.62342,43.16407],[-2.62333,43.16412]]}},{"type":"Feature","properties":{"id":1541039941,"highway":"footway"},"geometry":{"type":"LineString","coordinates":[[-2.62464,43.16247],[-2.62434,43.16242],[-2.62403,43.16237]]}},{"type":"Feature","properties":{"id":1541039942,"highway":"footway"},"geometry":{"type":"LineString","coordinates":[[-2.6249,43.16317],[-2.62488,43.16323],[-2.62445,43.16316],[-2.62414,43.16311],[-2.62383,43.16307]]}},{"type":"Feature","properties":{"id":1541039943,"highway":"footway"},"geometry":{"type":"LineString","coordinates":[[-2.62476,43.16376],[-2.6243,43.16369],[-2.62399,43.16364],[-2.62369,43.16359]]}},{"type":"Feature","properties":{"id":1541039944,"highway":"footway"},"geometry":{"type":"LineString","coordinates":[[-2.62494,43.16318],[-2.62492,43.16325],[-2.62476,43.16376]]}},{"type":"Feature","properties":{"id":1541039945,"highway":"footway"},"geometry":{"type":"LineString","coordinates":[[-2.62476,43.16376],[-2.62469,43.16403]]}},{"type":"Feature","properties":{"id":1541039946,"highway":"footway"},"geometry":{"type":"LineString","coordinates":[[-2.62469,43.16403],[-2.62423,43.16396]]}},{"type":"Feature","properties":{"id":1541039947,"highway":"footway"},"geometry":{"type":"LineString","coordinates":[[-2.62469,43.16403],[-2.62461,43.16429],[-2.62453,43.16455]]}},{"type":"Feature","properties":{"id":1541039948,"highway":"footway"},"geometry":{"type":"LineString","coordinates":[[-2.62453,43.16455],[-2.6241,43.16449]]}},{"type":"Feature","properties":{"id":1541039949,"highway":"footway"},"geometry":{"type":"LineString","coordinates":[[-2.62453,43.16455],[-2.62444,43.16486]]}},{"type":"Feature","properties":{"id":1541039950,"highway":"footway"},"geometry":{"type":"LineString","coordinates":[[-2.62461,43.16429],[-2.62417,43.16423]]}},{"type":"Feature","properties":{"id":1541039951,"highway":"residential","nombre":"Santikurutz auzoa","oneway":"yes"},"geometry":{"type":"LineString","coordinates":[[-2.62856,43.16159],[-2.62857,43.1617],[-2.62857,43.16174],[-2.62856,43.1618]]}},{"type":"Feature","properties":{"id":1541039952,"highway":"residential","nombre":"Santikurutz auzoa","oneway":"yes"},"geometry":{"type":"LineString","coordinates":[[-2.62856,43.1618],[-2.62864,43.1617],[-2.62869,43.16166],[-2.62873,43.16163]]}},{"type":"Feature","properties":{"id":1541039953,"highway":"footway"},"geometry":{"type":"LineString","coordinates":[[-2.6289,43.16086],[-2.62885,43.16085]]}},{"type":"Feature","properties":{"id":1541039954,"highway":"footway"},"geometry":{"type":"LineString","coordinates":[[-2.62883,43.16112],[-2.62877,43.16112]]}},{"type":"Feature","properties":{"id":1541039955,"highway":"footway"},"geometry":{"type":"LineString","coordinates":[[-2.62883,43.16112],[-2.62884,43.1611],[-2.62886,43.1611],[-2.62892,43.16087],[-2.6289,43.16086]]}},{"type":"Feature","properties":{"id":1541039956,"highway":"footway"},"geometry":{"type":"LineString","coordinates":[[-2.62901,43.16168],[-2.62905,43.16165],[-2.6291,43.16159],[-2.62915,43.16155]]}},{"type":"Feature","properties":{"id":1541039957,"highway":"footway"},"geometry":{"type":"LineString","coordinates":[[-2.62915,43.16155],[-2.62923,43.16159],[-2.6293,43.16162]]}},{"type":"Feature","properties":{"id":1541039958,"highway":"residential"},"geometry":{"type":"LineString","coordinates":[[-2.62865,43.16162],[-2.62873,43.16163]]}},{"type":"Feature","properties":{"id":1541039959,"highway":"residential"},"geometry":{"type":"LineString","coordinates":[[-2.62851,43.16154],[-2.62854,43.16157],[-2.62856,43.16159]]}},{"type":"Feature","properties":{"id":1541039960,"highway":"footway"},"geometry":{"type":"LineString","coordinates":[[-2.62836,43.16122],[-2.62834,43.16126],[-2.62829,43.16131],[-2.62824,43.16137],[-2.62821,43.1614]]}},{"type":"Feature","properties":{"id":1541039961,"highway":"footway"},"geometry":{"type":"LineString","coordinates":[[-2.62821,43.1614],[-2.62833,43.16146],[-2.62838,43.16151],[-2.6284,43.16157],[-2.62841,43.16165],[-2.62833,43.16191],[-2.62822,43.16228],[-2.62821,43.1623],[-2.62819,43.1623]]}},{"type":"Feature","properties":{"id":1541039962,"highway":"footway"},"geometry":{"type":"LineString","coordinates":[[-2.62819,43.1623],[-2.62818,43.16234],[-2.62817,43.16238]]}},{"type":"Feature","properties":{"id":1541039963,"highway":"pedestrian"},"geometry":{"type":"LineString","coordinates":[[-2.62799,43.16131],[-2.62783,43.16183],[-2.62772,43.16223]]}},{"type":"Feature","properties":{"id":1541039964,"highway":"footway"},"geometry":{"type":"LineString","coordinates":[[-2.62819,43.1623],[-2.62814,43.1623],[-2.62772,43.16223]]}},{"type":"Feature","properties":{"id":1541039965,"highway":"steps"},"geometry":{"type":"LineString","coordinates":[[-2.62814,43.16188],[-2.62783,43.16183]]}},{"type":"Feature","properties":{"id":1541039966,"highway":"footway"},"geometry":{"type":"LineString","coordinates":[[-2.62821,43.1614],[-2.62799,43.16131]]}},{"type":"Feature","properties":{"id":1541039967,"highway":"footway"},"geometry":{"type":"LineString","coordinates":[[-2.62833,43.16191],[-2.62814,43.16188]]}},{"type":"Feature","properties":{"id":1541039968,"highway":"service"},"geometry":{"type":"LineString","coordinates":[[-2.6274,43.16221],[-2.6274,43.16218],[-2.62739,43.16208]]}},{"type":"Feature","properties":{"id":1541039969,"highway":"steps","nombre":"Hegoalde hiribidea"},"geometry":{"type":"LineString","coordinates":[[-2.6272,43.16194],[-2.62705,43.16191],[-2.627,43.16191]]}},{"type":"Feature","properties":{"id":1541039970,"highway":"footway"},"geometry":{"type":"LineString","coordinates":[[-2.6272,43.16194],[-2.62717,43.16205]]}},{"type":"Feature","properties":{"id":1541039971,"highway":"footway"},"geometry":{"type":"LineString","coordinates":[[-2.62727,43.16207],[-2.62722,43.16206],[-2.62717,43.16205]]}},{"type":"Feature","properties":{"id":1541039972,"highway":"footway"},"geometry":{"type":"LineString","coordinates":[[-2.62772,43.16223],[-2.6274,43.16218],[-2.6273,43.16217],[-2.62727,43.16216],[-2.62725,43.16214],[-2.62725,43.16213],[-2.62727,43.16207]]}},{"type":"Feature","properties":{"id":1541039973,"highway":"footway"},"geometry":{"type":"LineString","coordinates":[[-2.62744,43.16114],[-2.62748,43.16115],[-2.62753,43.16115]]}},{"type":"Feature","properties":{"id":1541039974,"highway":"footway"},"geometry":{"type":"LineString","coordinates":[[-2.62652,43.16041],[-2.62649,43.16044],[-2.62645,43.1605],[-2.6264,43.16055],[-2.62637,43.1606]]}},{"type":"Feature","properties":{"id":1541039975,"highway":"footway"},"geometry":{"type":"LineString","coordinates":[[-2.62637,43.1606],[-2.62629,43.16065],[-2.62621,43.16068],[-2.62614,43.16074],[-2.62606,43.16094],[-2.62602,43.16099],[-2.62597,43.16104],[-2.62591,43.1611],[-2.62585,43.16112],[-2.62579,43.16113],[-2.62574,43.16113]]}},{"type":"Feature","properties":{"id":1541039976,"highway":"footway"},"geometry":{"type":"LineString","coordinates":[[-2.62591,43.16052],[-2.6258,43.1605],[-2.62573,43.16049]]}},{"type":"Feature","properties":{"id":1541039977,"highway":"footway"},"geometry":{"type":"LineString","coordinates":[[-2.62591,43.16052],[-2.62574,43.16113]]}},{"type":"Feature","properties":{"id":1541039979,"highway":"service"},"geometry":{"type":"LineString","coordinates":[[-2.63038,43.16324],[-2.63044,43.16304],[-2.63044,43.163]]}},{"type":"Feature","properties":{"id":1541039980,"highway":"service"},"geometry":{"type":"LineString","coordinates":[[-2.63132,43.16406],[-2.63127,43.16391]]}},{"type":"Feature","properties":{"id":1541039981,"highway":"footway"},"geometry":{"type":"LineString","coordinates":[[-2.63487,43.16681],[-2.6342,43.16668],[-2.63407,43.16665]]}},{"type":"Feature","properties":{"id":1541039982,"highway":"footway"},"geometry":{"type":"LineString","coordinates":[[-2.63567,43.16702],[-2.63563,43.16701],[-2.63557,43.16698]]}},{"type":"Feature","properties":{"id":1541039983,"highway":"footway"},"geometry":{"type":"LineString","coordinates":[[-2.63557,43.16698],[-2.63533,43.16689],[-2.63513,43.16685],[-2.63487,43.16681]]}},{"type":"Feature","properties":{"id":1541039984,"highway":"footway"},"geometry":{"type":"LineString","coordinates":[[-2.6361,43.16723],[-2.6361,43.16721],[-2.63571,43.16705],[-2.63569,43.16704],[-2.63567,43.16702]]}},{"type":"Feature","properties":{"id":1541039985,"highway":"footway"},"geometry":{"type":"LineString","coordinates":[[-2.6425,43.16961],[-2.6425,43.16963],[-2.64249,43.16964],[-2.64248,43.16966],[-2.64246,43.16967],[-2.64243,43.16967],[-2.64239,43.16967]]}},{"type":"Feature","properties":{"id":1541039986,"highway":"footway"},"geometry":{"type":"LineString","coordinates":[[-2.64184,43.16959],[-2.64237,43.16965],[-2.64239,43.16967]]}},{"type":"Feature","properties":{"id":1541434609,"highway":"footway","superficie":"paved"},"geometry":{"type":"LineString","coordinates":[[-2.62352,43.16582],[-2.62351,43.16585],[-2.6235,43.16588],[-2.62349,43.1659],[-2.62348,43.16594]]}},{"type":"Feature","properties":{"id":1541434610,"highway":"cycleway"},"geometry":{"type":"LineString","coordinates":[[-2.62348,43.16599],[-2.62351,43.16595],[-2.62353,43.16591],[-2.62354,43.16589],[-2.62355,43.16586],[-2.62356,43.16582]]}},{"type":"Feature","properties":{"id":1541434611,"highway":"footway","superficie":"paved"},"geometry":{"type":"LineString","coordinates":[[-2.62372,43.16632],[-2.62379,43.16634],[-2.62384,43.16634],[-2.62386,43.16635]]}},{"type":"Feature","properties":{"id":1541434612,"highway":"footway"},"geometry":{"type":"LineString","coordinates":[[-2.62372,43.16632],[-2.62369,43.16632],[-2.6237,43.16627],[-2.62368,43.16622],[-2.62365,43.16618],[-2.62357,43.16609],[-2.62352,43.16605],[-2.62348,43.16603],[-2.62343,43.16601],[-2.62337,43.16599],[-2.6227,43.16585]]}},{"type":"Feature","properties":{"id":1541434613,"highway":"footway"},"geometry":{"type":"LineString","coordinates":[[-2.62348,43.16594],[-2.62345,43.16598],[-2.62343,43.16601]]}},{"type":"Feature","properties":{"id":1541434615,"highway":"footway"},"geometry":{"type":"LineString","coordinates":[[-2.6221,43.16694],[-2.62208,43.16699],[-2.62206,43.16702]]}},{"type":"Feature","properties":{"id":1541434616,"highway":"footway"},"geometry":{"type":"LineString","coordinates":[[-2.62227,43.16698],[-2.6221,43.16694]]}},{"type":"Feature","properties":{"id":1541434617,"highway":"footway"},"geometry":{"type":"LineString","coordinates":[[-2.6221,43.16694],[-2.62186,43.16688],[-2.62176,43.16686]]}},{"type":"Feature","properties":{"id":1541434618,"highway":"service"},"geometry":{"type":"LineString","coordinates":[[-2.62238,43.16567],[-2.62236,43.16573],[-2.62235,43.16575],[-2.62233,43.16581]]}},{"type":"Feature","properties":{"id":1541434619,"highway":"footway"},"geometry":{"type":"LineString","coordinates":[[-2.6227,43.16585],[-2.62249,43.1658],[-2.62244,43.16578],[-2.6224,43.16576],[-2.62235,43.16575],[-2.62228,43.16573]]}},{"type":"Feature","properties":{"id":1541434620,"highway":"footway"},"geometry":{"type":"LineString","coordinates":[[-2.62331,43.16722],[-2.6233,43.16718],[-2.62238,43.16699],[-2.62234,43.16698],[-2.62231,43.16697],[-2.62229,43.16698],[-2.62227,43.16698]]}},{"type":"Feature","properties":{"id":1541434622,"highway":"footway"},"geometry":{"type":"LineString","coordinates":[[-2.62228,43.16573],[-2.62221,43.16574],[-2.62156,43.1656],[-2.62147,43.16558],[-2.62142,43.16557],[-2.62138,43.16556],[-2.62132,43.16556],[-2.62126,43.16557],[-2.6212,43.1656],[-2.62115,43.16567],[-2.62087,43.16611],[-2.6206,43.16658],[-2.6206,43.1666],[-2.62061,43.16663],[-2.62067,43.16667],[-2.62092,43.16674],[-2.62096,43.16677],[-2.62099,43.1668],[-2.62101,43.16682]]}},{"type":"Feature","properties":{"id":1541434623,"highway":"pedestrian"},"geometry":{"type":"LineString","coordinates":[[-2.62156,43.1656],[-2.62155,43.16563],[-2.6218,43.16572],[-2.62174,43.16587],[-2.62146,43.16632],[-2.62129,43.16663],[-2.62121,43.16679]]}},{"type":"Feature","properties":{"id":1541434624,"highway":"footway"},"geometry":{"type":"LineString","coordinates":[[-2.62176,43.16686],[-2.62144,43.1668],[-2.62138,43.16681],[-2.6213,43.1668],[-2.62121,43.16679],[-2.62115,43.16679],[-2.62109,43.1668],[-2.62106,43.1668],[-2.62101,43.16682]]}},{"type":"Feature","properties":{"id":1541434625,"highway":"footway"},"geometry":{"type":"LineString","coordinates":[[-2.62101,43.16682],[-2.62104,43.16685],[-2.62107,43.16688]]}},{"type":"Feature","properties":{"id":1541434632,"highway":"footway"},"geometry":{"type":"LineString","coordinates":[[-2.62552,43.169],[-2.62547,43.16889]]}},{"type":"Feature","properties":{"id":1541434633,"highway":"footway"},"geometry":{"type":"LineString","coordinates":[[-2.62552,43.169],[-2.62553,43.16903],[-2.62554,43.16909]]}},{"type":"Feature","properties":{"id":1541434634,"highway":"footway"},"geometry":{"type":"LineString","coordinates":[[-2.62547,43.16889],[-2.62546,43.16887],[-2.62543,43.16884]]}},{"type":"Feature","properties":{"id":1541434635,"highway":"footway"},"geometry":{"type":"LineString","coordinates":[[-2.62543,43.16884],[-2.62543,43.16882],[-2.62546,43.1688],[-2.6256,43.16872],[-2.62566,43.16868],[-2.62568,43.16866],[-2.6257,43.16865],[-2.62574,43.16858],[-2.62576,43.16854],[-2.62578,43.16855],[-2.62587,43.16857]]}},{"type":"Feature","properties":{"id":1541434636,"highway":"footway"},"geometry":{"type":"LineString","coordinates":[[-2.62587,43.16857],[-2.6259,43.16858],[-2.62594,43.1686]]}},{"type":"Feature","properties":{"id":1541434637,"highway":"footway"},"geometry":{"type":"LineString","coordinates":[[-2.62594,43.1686],[-2.62598,43.16861],[-2.62606,43.16861]]}},{"type":"Feature","properties":{"id":1541434638,"highway":"footway"},"geometry":{"type":"LineString","coordinates":[[-2.62606,43.16861],[-2.62609,43.16861],[-2.62611,43.1686]]}},{"type":"Feature","properties":{"id":1541434639,"highway":"footway"},"geometry":{"type":"LineString","coordinates":[[-2.62611,43.1686],[-2.62613,43.1686],[-2.62613,43.16858],[-2.62611,43.16854],[-2.62612,43.16848],[-2.62617,43.16838],[-2.6262,43.16834],[-2.6264,43.16838],[-2.62642,43.16839],[-2.62646,43.16842],[-2.6265,43.16847]]}},{"type":"Feature","properties":{"id":1541434640,"highway":"footway"},"geometry":{"type":"LineString","coordinates":[[-2.62473,43.16804],[-2.62472,43.16807],[-2.62471,43.1681]]}},{"type":"Feature","properties":{"id":1541434641,"highway":"footway"},"geometry":{"type":"LineString","coordinates":[[-2.62471,43.1681],[-2.62473,43.1681],[-2.62481,43.16812],[-2.62483,43.16815],[-2.62527,43.16825],[-2.6258,43.16837],[-2.62584,43.16835]]}},{"type":"Feature","properties":{"id":1541434642,"highway":"footway"},"geometry":{"type":"LineString","coordinates":[[-2.62584,43.16835],[-2.62586,43.16833],[-2.62589,43.16832],[-2.6259,43.16831],[-2.62592,43.1683]]}},{"type":"Feature","properties":{"id":1541434643,"highway":"footway"},"geometry":{"type":"LineString","coordinates":[[-2.6258,43.16837],[-2.62581,43.16839],[-2.62581,43.16841],[-2.62576,43.16854]]}},{"type":"Feature","properties":{"id":1541434644,"highway":"footway"},"geometry":{"type":"LineString","coordinates":[[-2.62543,43.16882],[-2.62531,43.16888],[-2.62521,43.16894],[-2.62514,43.16897],[-2.62506,43.16899],[-2.62496,43.169],[-2.62463,43.16904]]}},{"type":"Feature","properties":{"id":1541434645,"highway":"footway"},"geometry":{"type":"LineString","coordinates":[[-2.62463,43.16904],[-2.62464,43.16908]]}},{"type":"Feature","properties":{"id":1541434646,"highway":"footway"},"geometry":{"type":"LineString","coordinates":[[-2.62464,43.16908],[-2.62465,43.16911],[-2.62466,43.16916]]}},{"type":"Feature","properties":{"id":1541434647,"highway":"footway"},"geometry":{"type":"LineString","coordinates":[[-2.62554,43.16909],[-2.6254,43.16909],[-2.62536,43.1691],[-2.62522,43.16911],[-2.6252,43.16911],[-2.62493,43.16914],[-2.62472,43.16916],[-2.62466,43.16916]]}},{"type":"Feature","properties":{"id":1541434648,"highway":"footway"},"geometry":{"type":"LineString","coordinates":[[-2.6264,43.16924],[-2.62637,43.16924],[-2.62635,43.16925]]}},{"type":"Feature","properties":{"id":1541434649,"highway":"footway"},"geometry":{"type":"LineString","coordinates":[[-2.62635,43.16925],[-2.62632,43.16926]]}},{"type":"Feature","properties":{"id":1541434650,"highway":"footway"},"geometry":{"type":"LineString","coordinates":[[-2.62632,43.16926],[-2.62628,43.16927],[-2.62623,43.16929]]}},{"type":"Feature","properties":{"id":1541434651,"highway":"footway"},"geometry":{"type":"LineString","coordinates":[[-2.62623,43.16929],[-2.62621,43.16929],[-2.62618,43.16929],[-2.62615,43.16927],[-2.62608,43.16921],[-2.62598,43.16916],[-2.62586,43.16912],[-2.62575,43.1691],[-2.62568,43.16908],[-2.62563,43.16908],[-2.62558,43.16908],[-2.62554,43.16909]]}},{"type":"Feature","properties":{"id":1541434664,"highway":"service"},"geometry":{"type":"LineString","coordinates":[[-2.62191,43.16675],[-2.62186,43.16688],[-2.62184,43.16693]]}},{"type":"Feature","properties":{"id":1541434665,"highway":"footway"},"geometry":{"type":"LineString","coordinates":[[-2.62574,43.16113],[-2.62559,43.16166],[-2.62553,43.16189]]}},{"type":"Feature","properties":{"id":1541434666,"highway":"footway"},"geometry":{"type":"LineString","coordinates":[[-2.62553,43.16189],[-2.62552,43.16192],[-2.62551,43.16194]]}},{"type":"Feature","properties":{"id":1541434667,"highway":"footway"},"geometry":{"type":"LineString","coordinates":[[-2.62547,43.16204],[-2.62539,43.16202]]}},{"type":"Feature","properties":{"id":1541434668,"highway":"footway"},"geometry":{"type":"LineString","coordinates":[[-2.62539,43.16202],[-2.62535,43.16202],[-2.62531,43.16201]]}},{"type":"Feature","properties":{"id":1541434669,"highway":"footway"},"geometry":{"type":"LineString","coordinates":[[-2.62531,43.16201],[-2.62526,43.162]]}},{"type":"Feature","properties":{"id":1541434670,"highway":"path"},"geometry":{"type":"LineString","coordinates":[[-2.62526,43.162],[-2.62523,43.16199],[-2.62516,43.16198],[-2.6249,43.16195],[-2.62486,43.16194],[-2.6248,43.16195]]}},{"type":"Feature","properties":{"id":1541434671,"highway":"footway"},"geometry":{"type":"LineString","coordinates":[[-2.62784,43.16358],[-2.62778,43.16381],[-2.62776,43.16388]]}},{"type":"Feature","properties":{"id":1541434672,"highway":"footway"},"geometry":{"type":"LineString","coordinates":[[-2.62776,43.16388],[-2.6278,43.16389],[-2.62784,43.16389]]}},{"type":"Feature","properties":{"id":1541434673,"highway":"footway"},"geometry":{"type":"LineString","coordinates":[[-2.62784,43.16389],[-2.62787,43.16389],[-2.62792,43.1639]]}},{"type":"Feature","properties":{"id":1541434674,"highway":"footway"},"geometry":{"type":"LineString","coordinates":[[-2.62792,43.1639],[-2.62795,43.1639],[-2.628,43.16391]]}},{"type":"Feature","properties":{"id":1541434675,"highway":"footway"},"geometry":{"type":"LineString","coordinates":[[-2.628,43.16391],[-2.62804,43.16391],[-2.62804,43.16396],[-2.62805,43.16399],[-2.62808,43.16403],[-2.62811,43.16406],[-2.62812,43.16409],[-2.62816,43.1641],[-2.62822,43.16411],[-2.62827,43.16412]]}},{"type":"Feature","properties":{"id":1541434676,"highway":"residential","nombre":"Laubideta kalea","oneway":"yes"},"geometry":{"type":"LineString","coordinates":[[-2.628,43.16421],[-2.62813,43.16419],[-2.62826,43.16418]]}},{"type":"Feature","properties":{"id":1541434677,"highway":"residential","nombre":"Laubideta kalea","oneway":"yes"},"geometry":{"type":"LineString","coordinates":[[-2.62826,43.16418],[-2.62813,43.16413],[-2.62806,43.16409],[-2.628,43.16407]]}},{"type":"Feature","properties":{"id":1541434678,"highway":"footway"},"geometry":{"type":"LineString","coordinates":[[-2.62827,43.16412],[-2.62826,43.16418],[-2.62823,43.16424]]}},{"type":"Feature","properties":{"id":1541434679,"highway":"footway"},"geometry":{"type":"LineString","coordinates":[[-2.62812,43.16302],[-2.62787,43.16389]]}},{"type":"Feature","properties":{"id":1541434680,"highway":"footway"},"geometry":{"type":"LineString","coordinates":[[-2.62817,43.16238],[-2.62818,43.1624],[-2.62819,43.16242],[-2.62802,43.16301],[-2.62801,43.16304],[-2.62784,43.16358]]}},{"type":"Feature","properties":{"id":1541435415,"highway":"footway"},"geometry":{"type":"LineString","coordinates":[[-2.6265,43.16847],[-2.62655,43.1685],[-2.6266,43.16853]]}},{"type":"Feature","properties":{"id":1541435416,"highway":"footway"},"geometry":{"type":"LineString","coordinates":[[-2.6264,43.16924],[-2.62645,43.16923],[-2.6263,43.16893],[-2.62626,43.16883],[-2.62625,43.16878],[-2.62625,43.16875],[-2.62627,43.16872],[-2.62627,43.16871],[-2.62631,43.16867],[-2.62637,43.16864],[-2.62654,43.16855],[-2.6266,43.16853]]}},{"type":"Feature","properties":{"id":1543332758,"highway":"service"},"geometry":{"type":"LineString","coordinates":[[-2.62921,43.17163],[-2.62921,43.1716],[-2.62922,43.17121]]}},{"type":"Feature","properties":{"id":1543332759,"highway":"footway"},"geometry":{"type":"LineString","coordinates":[[-2.62958,43.17159],[-2.62928,43.17159],[-2.62926,43.17159],[-2.62925,43.1716],[-2.62921,43.1716],[-2.62894,43.1716]]}},{"type":"Feature","properties":{"id":1543332760,"highway":"footway"},"geometry":{"type":"LineString","coordinates":[[-2.62894,43.1716],[-2.62893,43.17158],[-2.62863,43.17158],[-2.62844,43.17158],[-2.6279,43.17158]]}},{"type":"Feature","properties":{"id":1543332763,"highway":"footway"},"geometry":{"type":"LineString","coordinates":[[-2.6279,43.17158],[-2.62789,43.17157],[-2.62788,43.17155],[-2.62788,43.17152],[-2.62788,43.17129],[-2.62788,43.17105],[-2.62788,43.17102]]}},{"type":"Feature","properties":{"id":1543332764,"highway":"footway"},"geometry":{"type":"LineString","coordinates":[[-2.6279,43.17158],[-2.62783,43.17158],[-2.62772,43.17157],[-2.6276,43.17148],[-2.62748,43.17141],[-2.62742,43.17139],[-2.6274,43.17137],[-2.62737,43.17129],[-2.62732,43.17114],[-2.62733,43.17109],[-2.62754,43.17101],[-2.62782,43.17102],[-2.62788,43.17102]]}},{"type":"Feature","properties":{"id":1543332765,"highway":"footway"},"geometry":{"type":"LineString","coordinates":[[-2.62788,43.17102],[-2.62845,43.17103]]}},{"type":"Feature","properties":{"id":1543332766,"highway":"footway"},"geometry":{"type":"LineString","coordinates":[[-2.62788,43.17102],[-2.62787,43.17096],[-2.62787,43.17091],[-2.62787,43.17086],[-2.62788,43.17041],[-2.62789,43.17039],[-2.62791,43.17038],[-2.62798,43.17038]]}},{"type":"Feature","properties":{"id":1543332767,"highway":"footway"},"geometry":{"type":"LineString","coordinates":[[-2.62845,43.17091],[-2.62787,43.17091]]}},{"type":"Feature","properties":{"id":1543332768,"highway":"footway"},"geometry":{"type":"LineString","coordinates":[[-2.62929,43.17088],[-2.6293,43.1704]]}},{"type":"Feature","properties":{"id":1543332769,"highway":"footway"},"geometry":{"type":"LineString","coordinates":[[-2.62914,43.17088],[-2.62914,43.17039]]}},{"type":"Feature","properties":{"id":1543332770,"highway":"footway"},"geometry":{"type":"LineString","coordinates":[[-2.62928,43.17159],[-2.62929,43.17119]]}},{"type":"Feature","properties":{"id":1543332771,"highway":"residential","nombre":"Landako etorbidea","oneway":"yes","superficie":"asphalt"},"geometry":{"type":"LineString","coordinates":[[-2.63139,43.17173],[-2.63166,43.17173]]}},{"type":"Feature","properties":{"id":1543332772,"highway":"residential","nombre":"Murueta Torre","oneway":"yes"},"geometry":{"type":"LineString","coordinates":[[-2.63163,43.17166],[-2.63156,43.17168],[-2.63145,43.17169],[-2.63143,43.1717],[-2.63139,43.17173]]}},{"type":"Feature","properties":{"id":1543332773,"highway":"residential","nombre":"Murueta Torre","oneway":"yes"},"geometry":{"type":"LineString","coordinates":[[-2.63139,43.17173],[-2.63137,43.17174],[-2.63136,43.17175],[-2.63136,43.17178],[-2.63136,43.1718],[-2.63139,43.17182],[-2.63144,43.17183],[-2.63147,43.17184],[-2.6315,43.17185],[-2.63167,43.17189],[-2.6317,43.17189],[-2.63173,43.17189],[-2.63178,43.17189]]}},{"type":"Feature","properties":{"id":1543332774,"highway":"residential","oneway":"yes"},"geometry":{"type":"LineString","coordinates":[[-2.63136,43.1718],[-2.63136,43.17185],[-2.63137,43.17192]]}},{"type":"Feature","properties":{"id":1543332775,"highway":"residential","oneway":"yes"},"geometry":{"type":"LineString","coordinates":[[-2.63137,43.17192],[-2.63139,43.17189],[-2.63141,43.17187],[-2.63143,43.17186],[-2.63147,43.17184]]}},{"type":"Feature","properties":{"id":1543332776,"highway":"service","oneway":"yes"},"geometry":{"type":"LineString","coordinates":[[-2.63192,43.17193],[-2.63199,43.17203],[-2.63202,43.17205],[-2.63203,43.17207]]}},{"type":"Feature","properties":{"id":1543332777,"highway":"service"},"geometry":{"type":"LineString","coordinates":[[-2.63203,43.17207],[-2.63204,43.17208],[-2.63204,43.1721],[-2.63204,43.17211],[-2.63203,43.17213]]}},{"type":"Feature","properties":{"id":1543332778,"highway":"service","oneway":"yes"},"geometry":{"type":"LineString","coordinates":[[-2.63203,43.17207],[-2.63205,43.17204],[-2.63208,43.17201],[-2.63211,43.17199],[-2.63216,43.17197]]}},{"type":"Feature","properties":{"id":1543332779,"highway":"service"},"geometry":{"type":"LineString","coordinates":[[-2.63057,43.17218],[-2.63061,43.1722],[-2.63062,43.17221],[-2.63063,43.17223],[-2.63062,43.17236]]}},{"type":"Feature","properties":{"id":1543332780,"highway":"footway"},"geometry":{"type":"LineString","coordinates":[[-2.63007,43.17178],[-2.62907,43.17176],[-2.629,43.17176],[-2.62895,43.17176],[-2.62893,43.17176],[-2.62806,43.17175],[-2.62803,43.17173],[-2.6279,43.17173]]}},{"type":"Feature","properties":{"id":1543332781,"highway":"footway"},"geometry":{"type":"LineString","coordinates":[[-2.62379,43.17153],[-2.62375,43.1715],[-2.62372,43.17147],[-2.62369,43.17144],[-2.62367,43.17141],[-2.62366,43.17138],[-2.62365,43.17136],[-2.62365,43.17133]]}},{"type":"Feature","properties":{"id":1543332782,"highway":"footway"},"geometry":{"type":"LineString","coordinates":[[-2.62717,43.17141],[-2.62717,43.17145],[-2.62716,43.17148],[-2.62715,43.17152],[-2.62711,43.17155],[-2.62707,43.17157],[-2.62703,43.17158],[-2.627,43.17159],[-2.62697,43.17159]]}},{"type":"Feature","properties":{"id":1543332783,"highway":"footway"},"geometry":{"type":"LineString","coordinates":[[-2.62506,43.17172],[-2.62698,43.17174]]}},{"type":"Feature","properties":{"id":1543332784,"highway":"footway"},"geometry":{"type":"LineString","coordinates":[[-2.62788,43.17129],[-2.62782,43.17129],[-2.62737,43.17129]]}},{"type":"Feature","properties":{"id":1543332791,"highway":"footway"},"geometry":{"type":"LineString","coordinates":[[-2.62649,43.17008],[-2.62649,43.17011],[-2.62648,43.17015]]}},{"type":"Feature","properties":{"id":1543332792,"highway":"footway"},"geometry":{"type":"LineString","coordinates":[[-2.62575,43.17002],[-2.62574,43.17006],[-2.62574,43.17011]]}},{"type":"Feature","properties":{"id":1543332793,"highway":"footway"},"geometry":{"type":"LineString","coordinates":[[-2.62648,43.17015],[-2.62611,43.17013],[-2.62574,43.17011]]}},{"type":"Feature","properties":{"id":1543332794,"highway":"footway"},"geometry":{"type":"LineString","coordinates":[[-2.62649,43.17008],[-2.62648,43.17007],[-2.62575,43.17002]]}},{"type":"Feature","properties":{"id":1543332795,"highway":"footway"},"geometry":{"type":"LineString","coordinates":[[-2.62611,43.17013],[-2.62611,43.17015]]}},{"type":"Feature","properties":{"id":1543332796,"highway":"footway","tunel":"yes"},"geometry":{"type":"LineString","coordinates":[[-2.62611,43.17015],[-2.6261,43.17028]]}},{"type":"Feature","properties":{"id":1543332797,"highway":"footway"},"geometry":{"type":"LineString","coordinates":[[-2.6261,43.17028],[-2.62613,43.17048],[-2.62614,43.17055],[-2.62614,43.17062],[-2.62614,43.17066]]}},{"type":"Feature","properties":{"id":1543332798,"highway":"footway"},"geometry":{"type":"LineString","coordinates":[[-2.62613,43.17048],[-2.62639,43.17048],[-2.62642,43.17047],[-2.62644,43.17046]]}},{"type":"Feature","properties":{"id":1543332799,"highway":"footway","tunel":"yes"},"geometry":{"type":"LineString","coordinates":[[-2.62644,43.17046],[-2.62663,43.1704]]}},{"type":"Feature","properties":{"id":1543332800,"highway":"footway"},"geometry":{"type":"LineString","coordinates":[[-2.62663,43.1704],[-2.62666,43.17039]]}},{"type":"Feature","properties":{"id":1543332801,"highway":"footway"},"geometry":{"type":"LineString","coordinates":[[-2.62613,43.17048],[-2.62587,43.17049],[-2.62576,43.17048]]}},{"type":"Feature","properties":{"id":1543332802,"highway":"footway","tunel":"yes"},"geometry":{"type":"LineString","coordinates":[[-2.62576,43.17048],[-2.62562,43.17047]]}},{"type":"Feature","properties":{"id":1543332803,"highway":"footway"},"geometry":{"type":"LineString","coordinates":[[-2.62562,43.17047],[-2.6256,43.17047]]}},{"type":"Feature","properties":{"id":1543332804,"highway":"footway"},"geometry":{"type":"LineString","coordinates":[[-2.62574,43.17011],[-2.6257,43.17011],[-2.62566,43.17013],[-2.62563,43.17017],[-2.6256,43.17047],[-2.62556,43.17077],[-2.62557,43.17078],[-2.62558,43.17079],[-2.6256,43.1708],[-2.62565,43.17081],[-2.62569,43.17081],[-2.62583,43.17082],[-2.62613,43.17084],[-2.62629,43.17085],[-2.62675,43.17088],[-2.6268,43.17087],[-2.62683,43.17084],[-2.62684,43.17081],[-2.62683,43.17076],[-2.62666,43.17039]]}},{"type":"Feature","properties":{"id":1543332805,"highway":"footway"},"geometry":{"type":"LineString","coordinates":[[-2.62648,43.17015],[-2.62654,43.17017],[-2.62657,43.17018],[-2.62666,43.17039]]}},{"type":"Feature","properties":{"id":1543332806,"highway":"footway"},"geometry":{"type":"LineString","coordinates":[[-2.62642,43.17047],[-2.62651,43.17068],[-2.62614,43.17066],[-2.62584,43.17064]]}},{"type":"Feature","properties":{"id":1543332807,"highway":"footway","tunel":"yes"},"geometry":{"type":"LineString","coordinates":[[-2.62614,43.17069],[-2.62613,43.17081]]}},{"type":"Feature","properties":{"id":1543332808,"highway":"footway"},"geometry":{"type":"LineString","coordinates":[[-2.62614,43.17066],[-2.62614,43.17069]]}},{"type":"Feature","properties":{"id":1543332809,"highway":"footway"},"geometry":{"type":"LineString","coordinates":[[-2.62584,43.17064],[-2.62584,43.17067]]}},{"type":"Feature","properties":{"id":1543332810,"highway":"footway","tunel":"yes"},"geometry":{"type":"LineString","coordinates":[[-2.62584,43.17067],[-2.62583,43.1708]]}},{"type":"Feature","properties":{"id":1543332811,"highway":"footway"},"geometry":{"type":"LineString","coordinates":[[-2.62613,43.17081],[-2.62613,43.17084]]}},{"type":"Feature","properties":{"id":1543332812,"highway":"footway"},"geometry":{"type":"LineString","coordinates":[[-2.62583,43.1708],[-2.62583,43.17082]]}},{"type":"Feature","properties":{"id":1543332813,"highway":"cycleway"},"geometry":{"type":"LineString","coordinates":[[-2.62361,43.17227],[-2.62348,43.1722],[-2.62331,43.17217],[-2.62309,43.17215],[-2.62276,43.17214],[-2.62256,43.17213],[-2.62246,43.17213],[-2.62226,43.17212],[-2.62224,43.17211],[-2.62224,43.17204],[-2.62223,43.17179],[-2.62223,43.17149],[-2.62223,43.17136],[-2.62225,43.17088],[-2.62226,43.17082],[-2.6223,43.17072],[-2.62236,43.17066]]}},{"type":"Feature","properties":{"id":1543332814,"highway":"footway"},"geometry":{"type":"LineString","coordinates":[[-2.62255,43.17062],[-2.62255,43.17065],[-2.62254,43.17069]]}},{"type":"Feature","properties":{"id":1543332815,"highway":"footway"},"geometry":{"type":"LineString","coordinates":[[-2.62254,43.17069],[-2.62242,43.17068],[-2.62239,43.17068],[-2.62236,43.17066]]}},{"type":"Feature","properties":{"id":1543332816,"highway":"footway"},"geometry":{"type":"LineString","coordinates":[[-2.62236,43.17066],[-2.62231,43.17063]]}},{"type":"Feature","properties":{"id":1543332817,"highway":"footway"},"geometry":{"type":"LineString","coordinates":[[-2.62306,43.1695],[-2.62302,43.16949],[-2.62293,43.16948],[-2.6229,43.16947]]}},{"type":"Feature","properties":{"id":1543332818,"highway":"footway"},"geometry":{"type":"LineString","coordinates":[[-2.6264,43.16985],[-2.62636,43.16985],[-2.62556,43.16981],[-2.62467,43.16975],[-2.62447,43.16974],[-2.62442,43.16974],[-2.62416,43.16972],[-2.62396,43.1697],[-2.62381,43.16968],[-2.62363,43.16964],[-2.62337,43.16958],[-2.62319,43.16953],[-2.62317,43.16952],[-2.62315,43.16951],[-2.62314,43.1695],[-2.6231,43.1695],[-2.62306,43.1695]]}},{"type":"Feature","properties":{"id":1543332819,"highway":"service"},"geometry":{"type":"LineString","coordinates":[[-2.623,43.16973],[-2.62299,43.16997]]}},{"type":"Feature","properties":{"id":1543332820,"highway":"service"},"geometry":{"type":"LineString","coordinates":[[-2.62433,43.1712],[-2.62427,43.1712],[-2.62404,43.17118]]}},{"type":"Feature","properties":{"id":1543332821,"highway":"footway"},"geometry":{"type":"LineString","coordinates":[[-2.62333,43.17135],[-2.6233,43.17146],[-2.62329,43.17147],[-2.62327,43.17148],[-2.62325,43.1715],[-2.6232,43.17151],[-2.62318,43.17152],[-2.62316,43.17153],[-2.62316,43.17155],[-2.62315,43.17159]]}},{"type":"Feature","properties":{"id":1543332822,"highway":"footway"},"geometry":{"type":"LineString","coordinates":[[-2.62315,43.17159],[-2.62315,43.17163]]}},{"type":"Feature","properties":{"id":1543332824,"highway":"footway"},"geometry":{"type":"LineString","coordinates":[[-2.62506,43.17172],[-2.62379,43.17171]]}},{"type":"Feature","properties":{"id":1543332825,"highway":"footway"},"geometry":{"type":"LineString","coordinates":[[-2.62506,43.17155],[-2.6243,43.17154],[-2.62393,43.17154],[-2.62386,43.17153],[-2.62379,43.17153]]}},{"type":"Feature","properties":{"id":1544769593,"highway":"service"},"geometry":{"type":"LineString","coordinates":[[-2.63151,43.1644],[-2.63149,43.16443],[-2.63147,43.16452],[-2.63147,43.16456],[-2.63146,43.16458],[-2.63146,43.16461],[-2.63147,43.16463],[-2.6315,43.16485]]}},{"type":"Feature","properties":{"id":1544769594,"highway":"service"},"geometry":{"type":"LineString","coordinates":[[-2.63149,43.16422],[-2.63149,43.16426],[-2.6315,43.16429]]}},{"type":"Feature","properties":{"id":1544769595,"highway":"service","tunel":"yes"},"geometry":{"type":"LineString","coordinates":[[-2.6315,43.16429],[-2.63151,43.1644]]}},{"type":"Feature","properties":{"id":1544769596,"highway":"footway"},"geometry":{"type":"LineString","coordinates":[[-2.63106,43.16439],[-2.63102,43.16439],[-2.63099,43.1644],[-2.63096,43.1644]]}},{"type":"Feature","properties":{"id":1544769597,"highway":"footway"},"geometry":{"type":"LineString","coordinates":[[-2.63106,43.16439],[-2.63109,43.16465],[-2.63111,43.16485],[-2.63111,43.16502]]}},{"type":"Feature","properties":{"id":1544769598,"highway":"footway"},"geometry":{"type":"LineString","coordinates":[[-2.63111,43.16502],[-2.63111,43.16525],[-2.6311,43.16529],[-2.63108,43.16534]]}},{"type":"Feature","properties":{"id":1544769599,"highway":"footway"},"geometry":{"type":"LineString","coordinates":[[-2.63111,43.16485],[-2.63109,43.16485],[-2.63105,43.16485],[-2.63102,43.16485]]}},{"type":"Feature","properties":{"id":1544769600,"highway":"footway"},"geometry":{"type":"LineString","coordinates":[[-2.63147,43.16463],[-2.63109,43.16465]]}},{"type":"Feature","properties":{"id":1544769601,"highway":"service"},"geometry":{"type":"LineString","coordinates":[[-2.63146,43.16458],[-2.6313,43.16459]]}},{"type":"Feature","properties":{"id":1544769602,"highway":"footway"},"geometry":{"type":"LineString","coordinates":[[-2.63208,43.16413],[-2.63208,43.16418],[-2.63209,43.16423]]}},{"type":"Feature","properties":{"id":1544769603,"highway":"footway"},"geometry":{"type":"LineString","coordinates":[[-2.63164,43.16416],[-2.63119,43.16419],[-2.63116,43.16417],[-2.63099,43.16418],[-2.63098,43.16417],[-2.63095,43.16417],[-2.6309,43.16417]]}},{"type":"Feature","properties":{"id":1544769604,"highway":"footway"},"geometry":{"type":"LineString","coordinates":[[-2.63208,43.16413],[-2.6319,43.16414],[-2.63186,43.16414]]}},{"type":"Feature","properties":{"id":1544769605,"highway":"footway","puente":"yes"},"geometry":{"type":"LineString","coordinates":[[-2.63186,43.16414],[-2.63164,43.16416]]}},{"type":"Feature","properties":{"id":1544769606,"highway":"steps"},"geometry":{"type":"LineString","coordinates":[[-2.6319,43.16414],[-2.63189,43.1641]]}},{"type":"Feature","properties":{"id":1544769607,"highway":"footway"},"geometry":{"type":"LineString","coordinates":[[-2.63189,43.1641],[-2.63179,43.16352],[-2.63181,43.16329],[-2.63183,43.16325],[-2.63186,43.16323],[-2.63205,43.16319]]}},{"type":"Feature","properties":{"id":1544769608,"highway":"footway"},"geometry":{"type":"LineString","coordinates":[[-2.63214,43.16321],[-2.63211,43.16322],[-2.63207,43.16322]]}},{"type":"Feature","properties":{"id":1544769609,"highway":"footway"},"geometry":{"type":"LineString","coordinates":[[-2.63207,43.16322],[-2.63205,43.16319]]}},{"type":"Feature","properties":{"id":1544769610,"highway":"footway"},"geometry":{"type":"LineString","coordinates":[[-2.63181,43.16248],[-2.63189,43.16271],[-2.63198,43.163],[-2.63205,43.16319]]}},{"type":"Feature","properties":{"id":1544769611,"highway":"footway"},"geometry":{"type":"LineString","coordinates":[[-2.63162,43.16251],[-2.63152,43.16249],[-2.63132,43.16246],[-2.63126,43.16246],[-2.63097,43.16247],[-2.63081,43.16245],[-2.63072,43.16239],[-2.63067,43.16233],[-2.63065,43.16223],[-2.63069,43.16209],[-2.63074,43.16176],[-2.63078,43.16163]]}},{"type":"Feature","properties":{"id":1544769613,"highway":"footway"},"geometry":{"type":"LineString","coordinates":[[-2.63081,43.16558],[-2.63072,43.16572]]}},{"type":"Feature","properties":{"id":1544769614,"highway":"footway"},"geometry":{"type":"LineString","coordinates":[[-2.62799,43.16131],[-2.62757,43.16113],[-2.62756,43.16112],[-2.62754,43.16113],[-2.62753,43.16115]]}},{"type":"Feature","properties":{"id":1544769615,"highway":"footway"},"geometry":{"type":"LineString","coordinates":[[-2.62753,43.16115],[-2.62749,43.16127],[-2.6275,43.16129],[-2.62756,43.1613],[-2.62737,43.16197],[-2.6273,43.16196],[-2.62729,43.16197],[-2.62727,43.16207]]}},{"type":"Feature","properties":{"id":1544769616,"highway":"footway"},"geometry":{"type":"LineString","coordinates":[[-2.62977,43.16281],[-2.62973,43.16281],[-2.62968,43.16279]]}},{"type":"Feature","properties":{"id":1544769617,"highway":"footway"},"geometry":{"type":"LineString","coordinates":[[-2.63047,43.16202],[-2.63042,43.16202],[-2.63039,43.16202],[-2.63036,43.16204],[-2.63034,43.16205],[-2.63033,43.16208],[-2.63033,43.16212],[-2.63033,43.16218],[-2.63034,43.16231],[-2.63038,43.16254],[-2.63041,43.16268],[-2.63044,43.16273]]}},{"type":"Feature","properties":{"id":1544769618,"highway":"footway"},"geometry":{"type":"LineString","coordinates":[[-2.63074,43.16255],[-2.63068,43.16262],[-2.63061,43.16268],[-2.63054,43.1627],[-2.63047,43.16273]]}},{"type":"Feature","properties":{"id":1544769619,"highway":"footway"},"geometry":{"type":"LineString","coordinates":[[-2.62977,43.16281],[-2.62979,43.16282],[-2.62983,43.16282]]}},{"type":"Feature","properties":{"id":1545143001,"highway":"service","oneway":"yes"},"geometry":{"type":"LineString","coordinates":[[-2.62059,43.16281],[-2.62063,43.16274],[-2.62065,43.16272],[-2.62068,43.16271],[-2.62071,43.16271],[-2.62073,43.16273],[-2.62079,43.16276],[-2.62083,43.16282]]}},{"type":"Feature","properties":{"id":1545143002,"highway":"unclassified"},"geometry":{"type":"LineString","coordinates":[[-2.62239,43.1618],[-2.62222,43.16187]]}},{"type":"Feature","properties":{"id":1545143003,"highway":"unclassified","oneway":"yes"},"geometry":{"type":"LineString","coordinates":[[-2.62207,43.16193],[-2.62205,43.1619],[-2.62205,43.16188],[-2.62207,43.16187],[-2.62211,43.16184],[-2.62228,43.16178],[-2.62232,43.16176],[-2.62233,43.16173],[-2.62234,43.16171]]}},{"type":"Feature","properties":{"id":1545143004,"highway":"footway"},"geometry":{"type":"LineString","coordinates":[[-2.62142,43.16557],[-2.62143,43.16555],[-2.62146,43.16549]]}},{"type":"Feature","properties":{"id":1545143005,"highway":"footway"},"geometry":{"type":"LineString","coordinates":[[-2.62146,43.16549],[-2.62147,43.16547],[-2.62148,43.16542],[-2.6215,43.16537]]}},{"type":"Feature","properties":{"id":1545143006,"highway":"footway"},"geometry":{"type":"LineString","coordinates":[[-2.6215,43.16537],[-2.62142,43.16534],[-2.62135,43.16528],[-2.62133,43.16521],[-2.62136,43.1651],[-2.62139,43.16494],[-2.62141,43.16476],[-2.6214,43.16446],[-2.62137,43.16424],[-2.62135,43.16418],[-2.62134,43.16413],[-2.62129,43.16398],[-2.62124,43.16384],[-2.62119,43.16374],[-2.62108,43.16354],[-2.62098,43.16338],[-2.62083,43.16315],[-2.6207,43.16295],[-2.62066,43.16288]]}},{"type":"Feature","properties":{"id":1545143007,"highway":"footway"},"geometry":{"type":"LineString","coordinates":[[-2.62066,43.16288],[-2.62059,43.16289]]}},{"type":"Feature","properties":{"id":1545143008,"highway":"service","oneway":"yes"},"geometry":{"type":"LineString","coordinates":[[-2.62307,43.16153],[-2.62255,43.16174],[-2.6225,43.16174],[-2.62244,43.16174],[-2.62237,43.16173],[-2.62234,43.16171]]}},{"type":"Feature","properties":{"id":1545143009,"highway":"service","oneway":"yes"},"geometry":{"type":"LineString","coordinates":[[-2.62325,43.16156],[-2.62319,43.16148],[-2.62307,43.16153]]}},{"type":"Feature","properties":{"id":1545143010,"highway":"unclassified","oneway":"yes"},"geometry":{"type":"LineString","coordinates":[[-2.62234,43.16171],[-2.62231,43.16168],[-2.6223,43.16166],[-2.62222,43.16157]]}},{"type":"Feature","properties":{"id":1545143011,"highway":"secondary","oneway":"yes","superficie":"asphalt"},"geometry":{"type":"LineString","coordinates":[[-2.62051,43.16256],[-2.62068,43.16238],[-2.62077,43.16232],[-2.62096,43.16223],[-2.621,43.16222],[-2.62139,43.16206],[-2.62149,43.16201],[-2.62164,43.16192],[-2.62168,43.1619],[-2.62177,43.16184],[-2.62182,43.16179],[-2.62185,43.16175],[-2.6219,43.16171],[-2.62196,43.16165]]}},{"type":"Feature","properties":{"id":1545143012,"highway":"secondary","oneway":"yes","superficie":"asphalt"},"geometry":{"type":"LineString","coordinates":[[-2.62177,43.16157],[-2.62176,43.16162],[-2.62169,43.16173],[-2.62159,43.16183],[-2.62145,43.16191],[-2.62131,43.16198],[-2.62113,43.16206],[-2.62099,43.16211],[-2.6209,43.16215],[-2.62076,43.1622],[-2.62059,43.16225],[-2.62035,43.1623]]}},{"type":"Feature","properties":{"id":1545143013,"highway":"footway"},"geometry":{"type":"LineString","coordinates":[[-2.62482,43.15939],[-2.62476,43.15938],[-2.62469,43.15937]]}},{"type":"Feature","properties":{"id":1545143014,"highway":"footway"},"geometry":{"type":"LineString","coordinates":[[-2.62469,43.15937],[-2.62464,43.15951],[-2.62462,43.15953],[-2.62459,43.15954],[-2.62453,43.15956],[-2.62444,43.15959],[-2.62436,43.15963],[-2.62433,43.15967],[-2.62432,43.15968],[-2.62429,43.1597],[-2.62427,43.1597],[-2.6242,43.15972],[-2.62396,43.15974],[-2.62393,43.15974],[-2.62367,43.1598],[-2.62351,43.15985],[-2.62323,43.15995],[-2.62296,43.16007],[-2.62274,43.16023],[-2.62258,43.16037],[-2.62246,43.16051],[-2.62224,43.16081],[-2.62213,43.16101],[-2.62206,43.16114],[-2.622,43.16117],[-2.62191,43.16119],[-2.62185,43.16121],[-2.62173,43.16126],[-2.62159,43.16128]]}},{"type":"Feature","properties":{"id":1545143015,"highway":"secondary","oneway":"yes","superficie":"asphalt"},"geometry":{"type":"LineString","coordinates":[[-2.6221,43.16116],[-2.62203,43.16123],[-2.622,43.16125]]}},{"type":"Feature","properties":{"id":1545143016,"highway":"secondary","oneway":"yes","superficie":"asphalt"},"geometry":{"type":"LineString","coordinates":[[-2.62221,43.16132],[-2.6222,43.16131],[-2.62217,43.16129],[-2.62212,43.16127],[-2.62207,43.16125],[-2.62202,43.16125],[-2.622,43.16125],[-2.62196,43.16125],[-2.62191,43.16125],[-2.62186,43.16127],[-2.62182,43.16129],[-2.62178,43.16132],[-2.62175,43.16136],[-2.62173,43.16139],[-2.62172,43.16143],[-2.62172,43.16147],[-2.62173,43.16151],[-2.62176,43.16155],[-2.62177,43.16157],[-2.62179,43.16158],[-2.62183,43.16161],[-2.62188,43.16163],[-2.62193,43.16165],[-2.62196,43.16165],[-2.62198,43.16165],[-2.62204,43.16165],[-2.62209,43.16164],[-2.62214,43.16162],[-2.62218,43.1616],[-2.62222,43.16157],[-2.62225,43.16154],[-2.62227,43.1615],[-2.62228,43.16146],[-2.62227,43.16142],[-2.62226,43.16138],[-2.62224,43.16135],[-2.62221,43.16132]]}},{"type":"Feature","properties":{"id":1545143017,"highway":"footway"},"geometry":{"type":"LineString","coordinates":[[-2.62237,43.16108],[-2.6223,43.16106],[-2.62218,43.16102],[-2.62213,43.16101]]}},{"type":"Feature","properties":{"id":1545143018,"highway":"footway"},"geometry":{"type":"LineString","coordinates":[[-2.62172,43.16193],[-2.62168,43.1619],[-2.62159,43.16183],[-2.62155,43.1618]]}},{"type":"Feature","properties":{"id":1545143019,"highway":"footway"},"geometry":{"type":"LineString","coordinates":[[-2.62235,43.16165],[-2.6223,43.16166],[-2.62225,43.16168]]}},{"type":"Feature","properties":{"id":1545143020,"highway":"footway"},"geometry":{"type":"LineString","coordinates":[[-2.62059,43.16289],[-2.62055,43.16289]]}},{"type":"Feature","properties":{"id":1545143021,"highway":"footway"},"geometry":{"type":"LineString","coordinates":[[-2.62055,43.16289],[-2.62055,43.16282],[-2.62055,43.16272],[-2.62058,43.16263],[-2.62061,43.16255],[-2.62066,43.16248],[-2.62073,43.16242],[-2.62076,43.16239],[-2.6208,43.16236],[-2.62093,43.1623],[-2.621,43.16228]]}},{"type":"Feature","properties":{"id":1545143022,"highway":"footway"},"geometry":{"type":"LineString","coordinates":[[-2.621,43.16228],[-2.62096,43.16223],[-2.6209,43.16215],[-2.62087,43.16211]]}},{"type":"Feature","properties":{"id":1545143023,"highway":"footway"},"geometry":{"type":"LineString","coordinates":[[-2.621,43.16228],[-2.62123,43.16218],[-2.62154,43.16204],[-2.62167,43.16196],[-2.62172,43.16193],[-2.62183,43.16183],[-2.62192,43.16176],[-2.62196,43.16174],[-2.62199,43.16173],[-2.62203,43.16172],[-2.62213,43.16169],[-2.62217,43.16167],[-2.62219,43.16167],[-2.62221,43.16166],[-2.62223,43.16167],[-2.62225,43.16168]]}},{"type":"Feature","properties":{"id":1545143024,"highway":"footway"},"geometry":{"type":"LineString","coordinates":[[-2.62398,43.15993],[-2.62397,43.15988],[-2.62394,43.15979],[-2.62393,43.15974]]}},{"type":"Feature","properties":{"id":1545143025,"highway":"footway"},"geometry":{"type":"LineString","coordinates":[[-2.62206,43.16702],[-2.62201,43.16706],[-2.62199,43.16705],[-2.62146,43.16694],[-2.62142,43.16693],[-2.62133,43.16692],[-2.62129,43.16691],[-2.62127,43.1669],[-2.62126,43.16689],[-2.62125,43.16687],[-2.62124,43.16686],[-2.62122,43.16685],[-2.62118,43.16685],[-2.62116,43.16686],[-2.62112,43.16686],[-2.62107,43.16688]]}},{"type":"Feature","properties":{"id":1545143026,"highway":"footway"},"geometry":{"type":"LineString","coordinates":[[-2.62142,43.16693],[-2.62138,43.16703],[-2.62163,43.1671],[-2.6216,43.16718],[-2.62192,43.16724],[-2.62196,43.16715],[-2.62199,43.16705]]}},{"type":"Feature","properties":{"id":1545143027,"highway":"footway"},"geometry":{"type":"LineString","coordinates":[[-2.62211,43.16718],[-2.62196,43.16715]]}},{"type":"Feature","properties":{"id":1545143029,"highway":"footway"},"geometry":{"type":"LineString","coordinates":[[-2.62241,43.16724],[-2.62231,43.16722]]}},{"type":"Feature","properties":{"id":1545143030,"highway":"footway"},"geometry":{"type":"LineString","coordinates":[[-2.62308,43.16773],[-2.62313,43.16774],[-2.62314,43.16779],[-2.62314,43.16784],[-2.62307,43.16801],[-2.62305,43.16806],[-2.62302,43.16808],[-2.62295,43.16808],[-2.6229,43.16807]]}},{"type":"Feature","properties":{"id":1545143031,"highway":"footway"},"geometry":{"type":"LineString","coordinates":[[-2.6229,43.16807],[-2.62289,43.1681],[-2.62288,43.16813]]}},{"type":"Feature","properties":{"id":1545143039,"highway":"footway","tunel":"yes"},"geometry":{"type":"LineString","coordinates":[[-2.62224,43.1677],[-2.62214,43.16768]]}},{"type":"Feature","properties":{"id":1545143040,"highway":"footway","tunel":"yes"},"geometry":{"type":"LineString","coordinates":[[-2.6222,43.1678],[-2.6221,43.16778]]}},{"type":"Feature","properties":{"id":1545143048,"highway":"footway","tunel":"yes"},"geometry":{"type":"LineString","coordinates":[[-2.62189,43.16774],[-2.62178,43.16772]]}},{"type":"Feature","properties":{"id":1545143049,"highway":"footway","tunel":"yes"},"geometry":{"type":"LineString","coordinates":[[-2.62192,43.16765],[-2.62182,43.16763]]}},{"type":"Feature","properties":{"id":1545143050,"highway":"residential","nombre":"Ebaristo Bustintza Kirikiño kalea"},"geometry":{"type":"LineString","coordinates":[[-2.62105,43.16792],[-2.62166,43.16804]]}},{"type":"Feature","properties":{"id":1545143054,"highway":"service","nombre":"Bernardo Gabiola kalea","oneway":"yes"},"geometry":{"type":"LineString","coordinates":[[-2.62227,43.1686],[-2.62225,43.1686],[-2.62187,43.16852],[-2.62185,43.1685],[-2.62188,43.16843],[-2.62192,43.16843],[-2.62227,43.1685],[-2.62228,43.16851],[-2.62225,43.1686]]}},{"type":"Feature","properties":{"id":1545143055,"highway":"cycleway"},"geometry":{"type":"LineString","coordinates":[[-2.6229,43.16888],[-2.62283,43.16887],[-2.62278,43.16886],[-2.62272,43.16885],[-2.62269,43.16884],[-2.62266,43.16884],[-2.62261,43.16885],[-2.62259,43.16886],[-2.62257,43.16887],[-2.62254,43.16888],[-2.62252,43.16889],[-2.62249,43.1689],[-2.6224,43.16892]]}},{"type":"Feature","properties":{"id":1545143056,"highway":"footway"},"geometry":{"type":"LineString","coordinates":[[-2.62294,43.16885],[-2.6229,43.16884],[-2.62281,43.16882],[-2.62275,43.16881]]}},{"type":"Feature","properties":{"id":1545143057,"highway":"footway"},"geometry":{"type":"LineString","coordinates":[[-2.62253,43.16897],[-2.62268,43.16902],[-2.62274,43.16919],[-2.62271,43.16926],[-2.6227,43.16927]]}},{"type":"Feature","properties":{"id":1545143058,"highway":"footway"},"geometry":{"type":"LineString","coordinates":[[-2.62255,43.16891],[-2.62254,43.16895],[-2.62253,43.16897]]}},{"type":"Feature","properties":{"id":1545143059,"highway":"footway"},"geometry":{"type":"LineString","coordinates":[[-2.62096,43.16784],[-2.62092,43.16785]]}},{"type":"Feature","properties":{"id":1545143060,"highway":"footway"},"geometry":{"type":"LineString","coordinates":[[-2.62092,43.16785],[-2.62085,43.16827],[-2.62106,43.16828],[-2.62108,43.16832],[-2.62111,43.16831]]}},{"type":"Feature","properties":{"id":1545143062,"highway":"footway"},"geometry":{"type":"LineString","coordinates":[[-2.62119,43.1683],[-2.62115,43.1683],[-2.62111,43.16831]]}},{"type":"Feature","properties":{"id":1545143063,"highway":"footway"},"geometry":{"type":"LineString","coordinates":[[-2.62193,43.16794],[-2.62191,43.16798]]}},{"type":"Feature","properties":{"id":1545143064,"highway":"footway","tunel":"yes"},"geometry":{"type":"LineString","coordinates":[[-2.62191,43.16798],[-2.62189,43.16806]]}},{"type":"Feature","properties":{"id":1545143065,"highway":"footway"},"geometry":{"type":"LineString","coordinates":[[-2.62189,43.16806],[-2.62188,43.16809]]}},{"type":"Feature","properties":{"id":1545143066,"highway":"footway"},"geometry":{"type":"LineString","coordinates":[[-2.62193,43.16794],[-2.62288,43.16813]]}},{"type":"Feature","properties":{"id":1545143067,"highway":"footway"},"geometry":{"type":"LineString","coordinates":[[-2.62193,43.16794],[-2.62107,43.16773],[-2.62104,43.16773],[-2.62102,43.16773],[-2.621,43.16774],[-2.62099,43.16775],[-2.62098,43.16776],[-2.62098,43.16777],[-2.62098,43.16779],[-2.62099,43.16783]]}},{"type":"Feature","properties":{"id":1545143068,"highway":"footway"},"geometry":{"type":"LineString","coordinates":[[-2.62096,43.16784],[-2.62099,43.16783]]}},{"type":"Feature","properties":{"id":1545143070,"highway":"footway"},"geometry":{"type":"LineString","coordinates":[[-2.62185,43.16833],[-2.62146,43.16824]]}},{"type":"Feature","properties":{"id":1545143071,"highway":"footway"},"geometry":{"type":"LineString","coordinates":[[-2.62298,43.1676],[-2.62302,43.1676]]}},{"type":"Feature","properties":{"id":1545143072,"highway":"footway"},"geometry":{"type":"LineString","coordinates":[[-2.62302,43.1676],[-2.62302,43.16762],[-2.62304,43.16762],[-2.62312,43.16764]]}},{"type":"Feature","properties":{"id":1545143073,"highway":"footway"},"geometry":{"type":"LineString","coordinates":[[-2.62329,43.16727],[-2.6232,43.16725],[-2.62318,43.16726],[-2.62316,43.16727],[-2.62302,43.1676]]}},{"type":"Feature","properties":{"id":1545143074,"highway":"residential","nombre":"Astolabide kalea","oneway":"no","superficie":"asphalt"},"geometry":{"type":"LineString","coordinates":[[-2.61897,43.16303],[-2.61907,43.16299],[-2.61929,43.16289]]}},{"type":"Feature","properties":{"id":1545143075,"highway":"residential","nombre":"Astolabide kalea","oneway":"yes","superficie":"asphalt"},"geometry":{"type":"LineString","coordinates":[[-2.61897,43.16303],[-2.61888,43.16304],[-2.61823,43.16332],[-2.61816,43.16333],[-2.61808,43.16334],[-2.61798,43.16335]]}},{"type":"Feature","properties":{"id":1545143076,"highway":"residential","nombre":"Aliendalde taldea","oneway":"yes","superficie":"asphalt"},"geometry":{"type":"LineString","coordinates":[[-2.61762,43.1632],[-2.61767,43.1633],[-2.61769,43.16335],[-2.6177,43.1634]]}},{"type":"Feature","properties":{"id":1545143077,"highway":"residential","nombre":"Aliendalde taldea","oneway":"yes","superficie":"asphalt"},"geometry":{"type":"LineString","coordinates":[[-2.61784,43.16333],[-2.61771,43.16326],[-2.61762,43.1632]]}},{"type":"Feature","properties":{"id":1545143078,"highway":"footway"},"geometry":{"type":"LineString","coordinates":[[-2.61766,43.16315],[-2.6176,43.16317],[-2.61753,43.1632]]}},{"type":"Feature","properties":{"id":1545143079,"highway":"service","oneway":"yes"},"geometry":{"type":"LineString","coordinates":[[-2.61945,43.16284],[-2.61973,43.16283],[-2.61987,43.16285],[-2.62003,43.1629],[-2.62014,43.16296],[-2.62024,43.16303],[-2.62035,43.16317],[-2.62063,43.16355],[-2.62073,43.16373],[-2.62081,43.16398],[-2.62087,43.16416]]}},{"type":"Feature","properties":{"id":1545143082,"highway":"service"},"geometry":{"type":"LineString","coordinates":[[-2.62126,43.16419],[-2.62135,43.16418],[-2.62139,43.16418],[-2.62143,43.16419],[-2.62149,43.16422],[-2.62159,43.16435],[-2.62193,43.1648],[-2.62231,43.16527]]}},{"type":"Feature","properties":{"id":1545143084,"highway":"footway"},"geometry":{"type":"LineString","coordinates":[[-2.62159,43.16128],[-2.62159,43.16131],[-2.62158,43.16136],[-2.62154,43.1614],[-2.62153,43.16141]]}},{"type":"Feature","properties":{"id":1545143085,"highway":"footway"},"geometry":{"type":"LineString","coordinates":[[-2.62155,43.1618],[-2.62162,43.16174],[-2.62165,43.1617],[-2.62167,43.16165],[-2.62168,43.16162],[-2.62167,43.16156],[-2.62164,43.16152],[-2.62161,43.16148],[-2.62159,43.16146],[-2.62153,43.16141]]}},{"type":"Feature","properties":{"id":1545143086,"highway":"footway"},"geometry":{"type":"LineString","coordinates":[[-2.62155,43.1618],[-2.62134,43.1619],[-2.6212,43.16197],[-2.62099,43.16206],[-2.62087,43.16211]]}},{"type":"Feature","properties":{"id":1545366708,"highway":"footway"},"geometry":{"type":"LineString","coordinates":[[-2.63071,43.16164],[-2.63075,43.16163],[-2.63078,43.16163],[-2.6316,43.16164]]}},{"type":"Feature","properties":{"id":1545366709,"highway":"footway"},"geometry":{"type":"LineString","coordinates":[[-2.6316,43.16164],[-2.63162,43.16161],[-2.63169,43.16122],[-2.63162,43.1612],[-2.63078,43.16161],[-2.63075,43.16163]]}},{"type":"Feature","properties":{"id":1545366710,"highway":"footway"},"geometry":{"type":"LineString","coordinates":[[-2.63194,43.16125],[-2.6319,43.16124],[-2.63186,43.16122]]}},{"type":"Feature","properties":{"id":1545366711,"highway":"footway"},"geometry":{"type":"LineString","coordinates":[[-2.63186,43.16122],[-2.63162,43.16165],[-2.63161,43.1617],[-2.6316,43.16176],[-2.6316,43.16181]]}},{"type":"Feature","properties":{"id":1545366712,"highway":"footway"},"geometry":{"type":"LineString","coordinates":[[-2.6317,43.16181],[-2.63165,43.16181],[-2.6316,43.16181]]}},{"type":"Feature","properties":{"id":1545366713,"highway":"footway"},"geometry":{"type":"LineString","coordinates":[[-2.63162,43.16165],[-2.6316,43.16164]]}},{"type":"Feature","properties":{"id":1545366714,"highway":"footway"},"geometry":{"type":"LineString","coordinates":[[-2.63051,43.1617],[-2.63044,43.16173],[-2.6304,43.16173],[-2.63032,43.16173]]}},{"type":"Feature","properties":{"id":1545366715,"highway":"footway"},"geometry":{"type":"LineString","coordinates":[[-2.63031,43.16176],[-2.63022,43.16174],[-2.63015,43.16173]]}},{"type":"Feature","properties":{"id":1545366716,"highway":"footway"},"geometry":{"type":"LineString","coordinates":[[-2.63031,43.16176],[-2.63032,43.16173],[-2.63034,43.16169],[-2.63038,43.16155]]}},{"type":"Feature","properties":{"id":1545366717,"highway":"footway"},"geometry":{"type":"LineString","coordinates":[[-2.63048,43.16189],[-2.63043,43.16188],[-2.63041,43.16188],[-2.63039,43.16187],[-2.63038,43.16185],[-2.63036,43.16182],[-2.63033,43.16181],[-2.63031,43.16179],[-2.63031,43.16177],[-2.63031,43.16176]]}},{"type":"Feature","properties":{"id":1545366718,"highway":"footway"},"geometry":{"type":"LineString","coordinates":[[-2.63018,43.16106],[-2.63013,43.1611],[-2.63008,43.16114]]}},{"type":"Feature","properties":{"id":1545366719,"highway":"footway"},"geometry":{"type":"LineString","coordinates":[[-2.63008,43.16114],[-2.63017,43.16125],[-2.63021,43.1613],[-2.63019,43.16133],[-2.63021,43.1614],[-2.63021,43.16145],[-2.63021,43.16149],[-2.63019,43.16157],[-2.63015,43.16173]]}},{"type":"Feature","properties":{"id":1545366720,"highway":"footway"},"geometry":{"type":"LineString","coordinates":[[-2.63015,43.16173],[-2.63013,43.16175],[-2.6301,43.16176],[-2.63005,43.16177],[-2.63002,43.16179],[-2.62999,43.16181],[-2.62996,43.16181],[-2.62991,43.1618],[-2.62961,43.16173],[-2.62939,43.16166],[-2.6293,43.16162]]}},{"type":"Feature","properties":{"id":1545366721,"highway":"footway"},"geometry":{"type":"LineString","coordinates":[[-2.63008,43.16114],[-2.62998,43.16109],[-2.62981,43.16101],[-2.6296,43.16095],[-2.62953,43.16092]]}},{"type":"Feature","properties":{"id":1545366722,"highway":"footway"},"geometry":{"type":"LineString","coordinates":[[-2.62905,43.16081],[-2.62907,43.16076]]}},{"type":"Feature","properties":{"id":1545366723,"highway":"footway"},"geometry":{"type":"LineString","coordinates":[[-2.63018,43.16106],[-2.6303,43.16122],[-2.63036,43.16132],[-2.63039,43.1614],[-2.63039,43.16149],[-2.63038,43.16155]]}},{"type":"Feature","properties":{"id":1547704602,"highway":"footway"},"geometry":{"type":"LineString","coordinates":[[-2.62446,43.16995],[-2.62445,43.16998],[-2.62444,43.17002]]}},{"type":"Feature","properties":{"id":1547704603,"highway":"footway"},"geometry":{"type":"LineString","coordinates":[[-2.62446,43.16995],[-2.62446,43.16986],[-2.62447,43.16976],[-2.62447,43.16974]]}},{"type":"Feature","properties":{"id":1547704604,"highway":"footway"},"geometry":{"type":"LineString","coordinates":[[-2.62416,43.17067],[-2.62408,43.17064],[-2.624,43.17061]]}},{"type":"Feature","properties":{"id":1547704605,"highway":"footway"},"geometry":{"type":"LineString","coordinates":[[-2.62397,43.17065],[-2.62388,43.17062],[-2.62384,43.1706]]}},{"type":"Feature","properties":{"id":1547704606,"highway":"footway"},"geometry":{"type":"LineString","coordinates":[[-2.62457,43.1701],[-2.62453,43.17009],[-2.62445,43.17007]]}},{"type":"Feature","properties":{"id":1547704607,"highway":"footway"},"geometry":{"type":"LineString","coordinates":[[-2.62441,43.17012],[-2.6243,43.17008],[-2.62426,43.17007]]}},{"type":"Feature","properties":{"id":1547704608,"highway":"footway"},"geometry":{"type":"LineString","coordinates":[[-2.62444,43.17002],[-2.62445,43.17007],[-2.62441,43.17012],[-2.624,43.17061],[-2.62397,43.17065]]}},{"type":"Feature","properties":{"id":1547704610,"highway":"footway"},"geometry":{"type":"LineString","coordinates":[[-2.62384,43.1706],[-2.62381,43.17064],[-2.62376,43.17069],[-2.62375,43.1707],[-2.62363,43.17069]]}},{"type":"Feature","properties":{"id":1547704611,"highway":"footway"},"geometry":{"type":"LineString","coordinates":[[-2.62363,43.17075],[-2.62363,43.17071],[-2.62363,43.17069]]}},{"type":"Feature","properties":{"id":1547704612,"highway":"footway"},"geometry":{"type":"LineString","coordinates":[[-2.62405,43.16992],[-2.62405,43.16995],[-2.62404,43.16998]]}},{"type":"Feature","properties":{"id":1547704613,"highway":"footway"},"geometry":{"type":"LineString","coordinates":[[-2.62446,43.16995],[-2.62421,43.16992],[-2.62419,43.16993],[-2.62405,43.16992]]}},{"type":"Feature","properties":{"id":1547704614,"highway":"footway"},"geometry":{"type":"LineString","coordinates":[[-2.62404,43.16998],[-2.62421,43.17],[-2.62424,43.17],[-2.62426,43.17002],[-2.62427,43.17005],[-2.62426,43.17007]]}},{"type":"Feature","properties":{"id":1547704615,"highway":"footway"},"geometry":{"type":"LineString","coordinates":[[-2.62404,43.16998],[-2.62348,43.16993],[-2.62342,43.16991],[-2.62317,43.16982]]}},{"type":"Feature","properties":{"id":1547704616,"highway":"footway"},"geometry":{"type":"LineString","coordinates":[[-2.62404,43.16998],[-2.62392,43.17001],[-2.62377,43.17045],[-2.62374,43.17046],[-2.62373,43.17048],[-2.62373,43.1705],[-2.62377,43.1706],[-2.62379,43.17062],[-2.62381,43.17064]]}},{"type":"Feature","properties":{"id":1547704617,"highway":"footway"},"geometry":{"type":"LineString","coordinates":[[-2.62457,43.1701],[-2.62436,43.17038],[-2.62416,43.17066],[-2.62416,43.17067],[-2.62418,43.1707],[-2.6242,43.17071],[-2.62534,43.17079],[-2.6254,43.17077],[-2.62543,43.17073],[-2.62547,43.17044],[-2.6255,43.17018],[-2.62548,43.17013],[-2.62545,43.17009],[-2.6247,43.17005],[-2.6246,43.17008],[-2.62457,43.1701]]}},{"type":"Feature","properties":{"id":1547704618,"highway":"footway"},"geometry":{"type":"LineString","coordinates":[[-2.62547,43.17044],[-2.62545,43.17044]]}},{"type":"Feature","properties":{"id":1547704619,"highway":"footway","tunel":"yes"},"geometry":{"type":"LineString","coordinates":[[-2.62545,43.17044],[-2.62524,43.17043]]}},{"type":"Feature","properties":{"id":1547704620,"highway":"footway"},"geometry":{"type":"LineString","coordinates":[[-2.62524,43.17043],[-2.62454,43.17039]]}},{"type":"Feature","properties":{"id":1547704621,"highway":"footway","tunel":"yes"},"geometry":{"type":"LineString","coordinates":[[-2.62454,43.17039],[-2.62439,43.17038]]}},{"type":"Feature","properties":{"id":1547704622,"highway":"footway"},"geometry":{"type":"LineString","coordinates":[[-2.62439,43.17038],[-2.62436,43.17038]]}},{"type":"Feature","properties":{"id":1547704623,"highway":"service"},"geometry":{"type":"LineString","coordinates":[[-2.62471,43.17078],[-2.62471,43.17101]]}},{"type":"Feature","properties":{"id":1547704624,"highway":"footway"},"geometry":{"type":"LineString","coordinates":[[-2.62607,43.16828],[-2.62604,43.16828],[-2.62599,43.16829],[-2.62592,43.1683]]}},{"type":"Feature","properties":{"id":1547704631,"highway":"footway"},"geometry":{"type":"LineString","coordinates":[[-2.62907,43.17186],[-2.62944,43.17186],[-2.62995,43.17186],[-2.63054,43.17187],[-2.63054,43.17184],[-2.63058,43.17184],[-2.63061,43.17184],[-2.63062,43.17186],[-2.63068,43.17186],[-2.63089,43.17186],[-2.63124,43.17186]]}},{"type":"Feature","properties":{"id":1547704632,"highway":"footway"},"geometry":{"type":"LineString","coordinates":[[-2.62944,43.17186],[-2.62944,43.17187]]}},{"type":"Feature","properties":{"id":1547704633,"highway":"footway","tunel":"yes"},"geometry":{"type":"LineString","coordinates":[[-2.62944,43.17187],[-2.62944,43.172]]}},{"type":"Feature","properties":{"id":1547704634,"highway":"footway"},"geometry":{"type":"LineString","coordinates":[[-2.62944,43.172],[-2.62943,43.17256]]}},{"type":"Feature","properties":{"id":1547704635,"highway":"footway","tunel":"yes"},"geometry":{"type":"LineString","coordinates":[[-2.62943,43.17256],[-2.62943,43.17267]]}},{"type":"Feature","properties":{"id":1547704636,"highway":"footway"},"geometry":{"type":"LineString","coordinates":[[-2.62943,43.17267],[-2.62942,43.17269]]}},{"type":"Feature","properties":{"id":1554867235,"highway":"secondary","superficie":"asphalt"},"geometry":{"type":"LineString","coordinates":[[-2.62281,43.16924],[-2.62281,43.16928],[-2.62282,43.16932],[-2.62285,43.16935]]}},{"type":"Feature","properties":{"id":1554867236,"highway":"secondary","superficie":"asphalt"},"geometry":{"type":"LineString","coordinates":[[-2.62314,43.16926],[-2.62313,43.16922],[-2.6231,43.16919],[-2.62306,43.16917],[-2.62302,43.16915],[-2.62296,43.16915],[-2.62291,43.16915],[-2.62287,43.16917],[-2.62283,43.1692],[-2.62281,43.16924]]}},{"type":"Feature","properties":{"id":1555322053,"highway":"pedestrian"},"geometry":{"type":"LineString","coordinates":[[-2.62995,43.17186],[-2.62994,43.17235],[-2.62993,43.1727]]}},{"type":"Feature","properties":{"id":1555322055,"highway":"cycleway","oneway":"no","superficie":"paved"},"geometry":{"type":"LineString","coordinates":[[-2.6312,43.17342],[-2.6312,43.17348]]}},{"type":"Feature","properties":{"id":1555322057,"highway":"service"},"geometry":{"type":"LineString","coordinates":[[-2.62988,43.17341],[-2.62988,43.17311]]}},{"type":"Feature","properties":{"id":1555322062,"highway":"footway"},"geometry":{"type":"LineString","coordinates":[[-2.62896,43.17343],[-2.62896,43.17339],[-2.62896,43.17333]]}},{"type":"Feature","properties":{"id":1555322063,"highway":"footway"},"geometry":{"type":"LineString","coordinates":[[-2.62903,43.17334],[-2.62896,43.17333],[-2.62808,43.17333],[-2.62802,43.17333]]}},{"type":"Feature","properties":{"id":1555322064,"highway":"footway"},"geometry":{"type":"LineString","coordinates":[[-2.62802,43.17342],[-2.62802,43.17337],[-2.62802,43.17333]]}},{"type":"Feature","properties":{"id":1555322066,"highway":"footway"},"geometry":{"type":"LineString","coordinates":[[-2.62907,43.17186],[-2.62907,43.17181],[-2.62907,43.17176]]}},{"type":"Feature","properties":{"id":1555322067,"highway":"pedestrian","nombre":"Muruetatorre"},"geometry":{"type":"LineString","coordinates":[[-2.63144,43.17275],[-2.63144,43.17271]]}},{"type":"Feature","properties":{"id":1555322068,"highway":"footway"},"geometry":{"type":"LineString","coordinates":[[-2.63056,43.1727],[-2.63055,43.17235],[-2.62994,43.17235]]}},{"type":"Feature","properties":{"id":1555322069,"highway":"footway"},"geometry":{"type":"LineString","coordinates":[[-2.63892,43.17175],[-2.63888,43.17182],[-2.63885,43.17186]]}},{"type":"Feature","properties":{"id":1555322070,"highway":"footway"},"geometry":{"type":"LineString","coordinates":[[-2.6396,43.17199],[-2.63903,43.17179],[-2.63892,43.17175]]}},{"type":"Feature","properties":{"id":1555322074,"highway":"footway","puente":"yes"},"geometry":{"type":"LineString","coordinates":[[-2.63233,43.17418],[-2.6323,43.1742],[-2.63226,43.17425]]}}]}
