{"type":"FeatureCollection","features":[{"type":"Feature","properties":{"id":9226980,"highway":"primary_link","oneway":"yes"},"geometry":{"type":"LineString","coordinates":[[-2.68373,43.30232],[-2.68397,43.30208]]}},{"type":"Feature","properties":{"id":13716077,"highway":"tertiary"},"geometry":{"type":"LineString","coordinates":[[-2.67719,43.3035],[-2.67717,43.30354],[-2.67716,43.30357],[-2.67716,43.30361],[-2.67718,43.30364],[-2.67721,43.30367],[-2.67725,43.30369],[-2.6773,43.3037]]}},{"type":"Feature","properties":{"id":18627749,"highway":"tertiary","nombre":"Juan Kaltzada kalea","izena_eu":"Juan Kaltzada kalea","nombre_es":"Calle Juan Calzada","oneway":"yes","superficie":"asphalt"},"geometry":{"type":"LineString","coordinates":[[-2.67785,43.31459],[-2.67785,43.31454],[-2.67791,43.31436],[-2.67811,43.31383],[-2.67813,43.31375],[-2.67816,43.31367],[-2.67823,43.31346],[-2.67835,43.31311],[-2.67858,43.31235],[-2.6786,43.31229],[-2.67874,43.31186],[-2.67879,43.31171]]}},{"type":"Feature","properties":{"id":18627753,"highway":"tertiary","nombre":"Iparragirre kalea","izena_eu":"Iparragirre kalea","nombre_es":"Calle Iparragirre","oneway":"yes","superficie":"asphalt"},"geometry":{"type":"LineString","coordinates":[[-2.6815,43.30589],[-2.68143,43.30591],[-2.68139,43.30593],[-2.68135,43.30593],[-2.68131,43.30594],[-2.68125,43.30595],[-2.68118,43.30596],[-2.68114,43.30597],[-2.68107,43.30599],[-2.68099,43.30603],[-2.68095,43.30605],[-2.68093,43.30608],[-2.68084,43.30622],[-2.6808,43.30627],[-2.68077,43.30631],[-2.68073,43.30636]]}},{"type":"Feature","properties":{"id":24013386,"highway":"pedestrian","nombre":"Barrenkalea","izena_eu":"Barrenkalea","nombre_es":"Calle Barrenkalea","superficie":"paving_stones"},"geometry":{"type":"LineString","coordinates":[[-2.67738,43.31482],[-2.67773,43.31545],[-2.67794,43.31582],[-2.67803,43.31597],[-2.67809,43.31607]]}},{"type":"Feature","properties":{"id":25342089,"highway":"residential","nombre":"Karmelo Etxegarai kalea","izena_eu":"Karmelo Etxegarai kalea","nombre_es":"Calle Karmelo Etxegarai","oneway":"yes","superficie":"paving_stones"},"geometry":{"type":"LineString","coordinates":[[-2.67901,43.3116],[-2.67902,43.31162],[-2.67898,43.31178],[-2.67899,43.31188],[-2.67903,43.31203],[-2.67909,43.31248],[-2.6791,43.31252],[-2.67916,43.31292],[-2.67923,43.31311]]}},{"type":"Feature","properties":{"id":25342212,"highway":"residential","nombre":"Enrike Amurrio kalea","izena_eu":"Enrike Amurrio kalea","nombre_es":"Calle Enrique Amurrio"},"geometry":{"type":"LineString","coordinates":[[-2.67903,43.31203],[-2.67913,43.31201],[-2.67931,43.31199],[-2.67985,43.31185],[-2.67989,43.31184],[-2.67991,43.31183],[-2.67994,43.31183]]}},{"type":"Feature","properties":{"id":25342214,"highway":"residential","nombre":"Santa Klara kalea","izena_eu":"Santa Klara kalea","nombre_es":"Calle Santa Clara"},"geometry":{"type":"LineString","coordinates":[[-2.67916,43.31292],[-2.67923,43.3129],[-2.67974,43.31273],[-2.67979,43.31271]]}},{"type":"Feature","properties":{"id":25342349,"highway":"tertiary","nombre":"Frai Martin Murua kalea","izena_eu":"Frai Martin Murua kalea","nombre_es":"Calle Frai Martin Murua","ref":"BI-3213","superficie":"asphalt"},"geometry":{"type":"LineString","coordinates":[[-2.68712,43.30938],[-2.68713,43.30946],[-2.68715,43.30954],[-2.68717,43.3096],[-2.68721,43.3097],[-2.68724,43.30984],[-2.68716,43.31006],[-2.68706,43.31031],[-2.68701,43.3104],[-2.68696,43.31044],[-2.68688,43.3105],[-2.68679,43.31053],[-2.68667,43.31056],[-2.68655,43.31057],[-2.68641,43.31058],[-2.68622,43.31058],[-2.68606,43.31057],[-2.68589,43.31056],[-2.6857,43.31053],[-2.68559,43.31052],[-2.68544,43.31052],[-2.68526,43.31053],[-2.68513,43.31056],[-2.68498,43.31058],[-2.68486,43.31059],[-2.68472,43.31062],[-2.68449,43.31062],[-2.68435,43.3106],[-2.68429,43.31058],[-2.68422,43.31055],[-2.68414,43.31052],[-2.68405,43.31047],[-2.68393,43.31041],[-2.68383,43.31039],[-2.68368,43.3104],[-2.6835,43.31043],[-2.68284,43.31062],[-2.68219,43.31076],[-2.68218,43.31076],[-2.68211,43.31078]]}},{"type":"Feature","properties":{"id":25342406,"highway":"residential","nombre":"Ubitarte kalea","izena_eu":"Ubitarte kalea","nombre_es":"Calle Ubitarte","oneway":"yes","superficie":"paving_stones"},"geometry":{"type":"LineString","coordinates":[[-2.67889,43.31138],[-2.67881,43.31136],[-2.67809,43.31117],[-2.67803,43.31115],[-2.67801,43.31115],[-2.67798,43.31114]]}},{"type":"Feature","properties":{"id":25342433,"highway":"residential","nombre":"Miguel de Unamuno kalea","izena_eu":"Miguel de Unamuno kalea","nombre_es":"Calle Miguel de Unamuno","oneway":"yes","superficie":"asphalt"},"geometry":{"type":"LineString","coordinates":[[-2.67775,43.31153],[-2.67785,43.31155],[-2.67872,43.31171],[-2.67875,43.31171],[-2.67879,43.31171]]}},{"type":"Feature","properties":{"id":25342495,"highway":"residential","nombre":"Alondegia kalea","izena_eu":"Alondegia kalea","nombre_es":"Calle Alondegia","oneway":"yes","superficie":"asphalt"},"geometry":{"type":"LineString","coordinates":[[-2.6786,43.31229],[-2.67855,43.31228],[-2.67773,43.31219]]}},{"type":"Feature","properties":{"id":25342496,"highway":"residential","nombre":"Allendesalazar kalea","izena_eu":"Allendesalazar kalea","nombre_es":"Callesllende Salazar","oneway":"yes","superficie":"asphalt"},"geometry":{"type":"LineString","coordinates":[[-2.67934,43.31356],[-2.67933,43.31378],[-2.67933,43.31387],[-2.67932,43.31393],[-2.67933,43.31411],[-2.67937,43.31423],[-2.67937,43.31424]]}},{"type":"Feature","properties":{"id":25342512,"highway":"residential","nombre":"Adolfo Urioste kalea","izena_eu":"Adolfo Urioste kalea","nombre_es":"Calle Adolfo Urioste","oneway":"yes","superficie":"asphalt"},"geometry":{"type":"LineString","coordinates":[[-2.67785,43.31459],[-2.67798,43.31453],[-2.67832,43.31438],[-2.67851,43.3143],[-2.67868,43.31426],[-2.6788,43.31425],[-2.6789,43.31425],[-2.67911,43.31425],[-2.67937,43.31424]]}},{"type":"Feature","properties":{"id":25342514,"highway":"pedestrian","nombre":"Industri kalea","izena_eu":"Industri kalea","nombre_es":"Calle Industria","superficie":"paving_stones"},"geometry":{"type":"LineString","coordinates":[[-2.67773,43.31219],[-2.67771,43.31225],[-2.67743,43.31338],[-2.6774,43.31348]]}},{"type":"Feature","properties":{"id":25342540,"highway":"pedestrian","nombre":"Pablo Picasso kalea","izena_eu":"Pablo Picasso kalea","nombre_es":"Calle Pablo Picasso","superficie":"paving_stones"},"geometry":{"type":"LineString","coordinates":[[-2.6774,43.31348],[-2.6774,43.31357],[-2.67744,43.31377],[-2.67751,43.31409],[-2.67754,43.31421],[-2.67761,43.31463]]}},{"type":"Feature","properties":{"id":25342564,"highway":"tertiary_link","oneway":"yes","superficie":"asphalt"},"geometry":{"type":"LineString","coordinates":[[-2.67878,43.31795],[-2.67885,43.3176],[-2.6789,43.3175]]}},{"type":"Feature","properties":{"id":25342574,"highway":"pedestrian","nombre":"Ciutat de Berga kalea","izena_eu":"Ciutat de Berga kalea"},"geometry":{"type":"LineString","coordinates":[[-2.67691,43.31347],[-2.67697,43.31348],[-2.677,43.31341],[-2.67715,43.31344],[-2.6774,43.31348]]}},{"type":"Feature","properties":{"id":25342611,"highway":"residential","nombre":"Adolfo Urioste kalea","izena_eu":"Adolfo Urioste kalea","nombre_es":"Calle Adolfo Urioste","oneway":"yes"},"geometry":{"type":"LineString","coordinates":[[-2.67655,43.3147],[-2.67667,43.31475],[-2.67691,43.31481],[-2.67715,43.31487],[-2.67725,43.31485],[-2.67737,43.3148],[-2.67762,43.31469],[-2.67775,43.31463],[-2.67781,43.3146],[-2.67785,43.31459]]}},{"type":"Feature","properties":{"id":25342690,"highway":"tertiary","ref":"BI-3213","superficie":"asphalt"},"geometry":{"type":"LineString","coordinates":[[-2.68712,43.30938],[-2.68713,43.30934],[-2.68714,43.30929],[-2.68717,43.30924],[-2.68718,43.30922],[-2.68721,43.30919],[-2.68726,43.30915]]}},{"type":"Feature","properties":{"id":41015671,"highway":"tertiary","nombre":"San Juan kalea","izena_eu":"San Juan kalea","nombre_es":"Calle San Juan","ref":"BI-4215","oneway":"yes","superficie":"asphalt"},"geometry":{"type":"LineString","coordinates":[[-2.67985,43.31549],[-2.67982,43.3155],[-2.67958,43.31559],[-2.6791,43.31575]]}},{"type":"Feature","properties":{"id":41015672,"highway":"pedestrian","nombre":"Ocho de Enero kalea","izena_eu":"Ocho de Enero kalea","nombre_es":"Calle Ocho de Enero","superficie":"paving_stones"},"geometry":{"type":"LineString","coordinates":[[-2.67716,43.3149],[-2.67725,43.3156],[-2.67731,43.31597],[-2.67731,43.316],[-2.67733,43.3161],[-2.6773,43.31611],[-2.67732,43.31622],[-2.67739,43.31636]]}},{"type":"Feature","properties":{"id":41015673,"highway":"residential","nombre":"Fernando Abaunza kalea","izena_eu":"Fernando Abaunza kalea","nombre_es":"Calle Fernando Abaunza","oneway":"yes","superficie":"asphalt"},"geometry":{"type":"LineString","coordinates":[[-2.67673,43.31612],[-2.67677,43.31615],[-2.6771,43.31648],[-2.67712,43.3165],[-2.67714,43.31652]]}},{"type":"Feature","properties":{"id":41015674,"highway":"pedestrian","nombre":"Elbira Iturri kalea","izena_eu":"Elbira Iturri kalea","nombre_es":"Calle Elbira Iturri","superficie":"paving_stones"},"geometry":{"type":"LineString","coordinates":[[-2.67667,43.31678],[-2.67628,43.31635]]}},{"type":"Feature","properties":{"id":41015676,"highway":"residential","nombre":"Zearreta kalea","izena_eu":"Zearreta kalea","oneway":"yes","superficie":"asphalt"},"geometry":{"type":"LineString","coordinates":[[-2.68142,43.31149],[-2.68143,43.31157],[-2.68144,43.31164],[-2.68149,43.31168],[-2.68154,43.31172],[-2.6816,43.31183]]}},{"type":"Feature","properties":{"id":41015677,"highway":"residential","nombre":"Iturburu kalea","izena_eu":"Iturburu kalea","nombre_es":"Calle Iturburu"},"geometry":{"type":"LineString","coordinates":[[-2.68181,43.31439],[-2.68181,43.31443],[-2.68181,43.31448],[-2.6818,43.31462],[-2.68176,43.31469],[-2.68173,43.31479],[-2.68173,43.31518],[-2.68174,43.31554],[-2.68166,43.31558],[-2.68128,43.31569],[-2.68108,43.31572],[-2.681,43.31568],[-2.68094,43.31563],[-2.68086,43.31555],[-2.68083,43.3155],[-2.68084,43.31534]]}},{"type":"Feature","properties":{"id":41015678,"highway":"tertiary","nombre":"Allendesalazar etorbidea","izena_eu":"Allendesalazar etorbidea","nombre_es":"Avenida Allendesalazar","ref":"BI-4215","oneway":"yes","superficie":"asphalt"},"geometry":{"type":"LineString","coordinates":[[-2.67953,43.31448],[-2.67963,43.31448],[-2.67975,43.31447],[-2.68002,43.31445],[-2.68024,43.31445],[-2.68055,43.31447],[-2.68069,43.31447],[-2.68077,43.31446],[-2.68121,43.31437],[-2.68133,43.31436],[-2.68146,43.31436],[-2.68181,43.31439]]}},{"type":"Feature","properties":{"id":41015679,"highway":"pedestrian","nombre":"Andra Mari kalea","izena_eu":"Andra Mari kalea","nombre_es":"Calle Santa María"},"geometry":{"type":"LineString","coordinates":[[-2.67725,43.3156],[-2.67773,43.31545],[-2.678,43.31536]]}},{"type":"Feature","properties":{"id":41015680,"highway":"pedestrian","tunel":"yes","superficie":"paving_stones"},"geometry":{"type":"LineString","coordinates":[[-2.678,43.31536],[-2.67825,43.31529]]}},{"type":"Feature","properties":{"id":41015682,"highway":"pedestrian","nombre":"Azokakalea","izena_eu":"Azokakalea","nombre_es":"Calle Azokakalea","superficie":"sett"},"geometry":{"type":"LineString","coordinates":[[-2.6791,43.31575],[-2.67887,43.31538],[-2.67878,43.31525],[-2.67871,43.31514]]}},{"type":"Feature","properties":{"id":41015684,"highway":"residential","nombre":"Iñigo Lopez de Haro kalea","izena_eu":"Iñigo Lopez de Haro kalea","nombre_es":"Calle Iñigo López de Haro","oneway":"yes","superficie":"asphalt"},"geometry":{"type":"LineString","coordinates":[[-2.6791,43.31575],[-2.67927,43.31599],[-2.67941,43.31621],[-2.67954,43.31636],[-2.67956,43.3164],[-2.67959,43.31643],[-2.67977,43.31666],[-2.68011,43.31714],[-2.68015,43.31719],[-2.68022,43.31729]]}},{"type":"Feature","properties":{"id":41015686,"highway":"pedestrian","nombre":"Urkieta kalea","izena_eu":"Urkieta kalea","nombre_es":"Calle Urkieta","superficie":"paving_stones"},"geometry":{"type":"LineString","coordinates":[[-2.67804,43.31665],[-2.67824,43.31669],[-2.67847,43.31672],[-2.67863,43.31673],[-2.67882,43.31671],[-2.67898,43.3167]]}},{"type":"Feature","properties":{"id":41017911,"highway":"residential","nombre":"Mestikabaso kalea","izena_eu":"Mestikabaso kalea"},"geometry":{"type":"LineString","coordinates":[[-2.68249,43.30933],[-2.68248,43.30936],[-2.68243,43.30942],[-2.6823,43.30973],[-2.68227,43.30981]]}},{"type":"Feature","properties":{"id":41017913,"highway":"tertiary","superficie":"asphalt"},"geometry":{"type":"LineString","coordinates":[[-2.68119,43.30575],[-2.6811,43.30571]]}},{"type":"Feature","properties":{"id":41017915,"highway":"tertiary","puente":"yes"},"geometry":{"type":"LineString","coordinates":[[-2.68104,43.30569],[-2.68043,43.30543],[-2.68028,43.30535],[-2.68018,43.30531],[-2.68005,43.30524]]}},{"type":"Feature","properties":{"id":41017916,"highway":"tertiary"},"geometry":{"type":"LineString","coordinates":[[-2.68005,43.30524],[-2.67984,43.30513],[-2.67974,43.30507],[-2.67959,43.30496],[-2.67939,43.30481],[-2.67938,43.30479]]}},{"type":"Feature","properties":{"id":41018746,"highway":"residential","nombre":"Mestikabaso kalea","izena_eu":"Mestikabaso kalea","oneway":"yes","superficie":"asphalt"},"geometry":{"type":"LineString","coordinates":[[-2.68266,43.30597],[-2.68266,43.3061],[-2.68262,43.30685],[-2.68262,43.30688],[-2.68262,43.30696],[-2.68261,43.30728]]}},{"type":"Feature","properties":{"id":41018751,"highway":"residential","nombre":"Mestikabaso kalea","izena_eu":"Mestikabaso kalea","oneway":"yes","superficie":"asphalt"},"geometry":{"type":"LineString","coordinates":[[-2.68261,43.30924],[-2.68261,43.30912],[-2.68264,43.3085],[-2.68265,43.30835]]}},{"type":"Feature","properties":{"id":41018755,"highway":"residential"},"geometry":{"type":"LineString","coordinates":[[-2.68249,43.30933],[-2.68252,43.30934],[-2.68254,43.30934],[-2.68257,43.30934],[-2.68259,43.30933],[-2.68261,43.30932],[-2.68262,43.3093],[-2.68263,43.30928],[-2.68262,43.30927],[-2.68262,43.30925],[-2.68261,43.30924]]}},{"type":"Feature","properties":{"id":41018761,"highway":"residential"},"geometry":{"type":"LineString","coordinates":[[-2.68246,43.30927],[-2.68244,43.30927],[-2.68236,43.30926],[-2.68205,43.30923],[-2.68153,43.30917],[-2.6812,43.30913],[-2.68112,43.30912],[-2.6809,43.30905],[-2.68061,43.30896],[-2.68007,43.30879],[-2.67996,43.30875]]}},{"type":"Feature","properties":{"id":41018765,"highway":"residential","nombre":"Juan Kaltzada kalea","izena_eu":"Juan Kaltzada kalea","nombre_es":"Calle Juan Calzada","oneway":"yes"},"geometry":{"type":"LineString","coordinates":[[-2.68036,43.30806],[-2.68029,43.30804],[-2.67989,43.30792],[-2.67983,43.30791],[-2.67978,43.30789]]}},{"type":"Feature","properties":{"id":41018767,"highway":"residential","nombre":"Juan Kaltzada kalea","izena_eu":"Juan Kaltzada kalea","nombre_es":"Calle Juan Calzada","oneway":"no"},"geometry":{"type":"LineString","coordinates":[[-2.68256,43.3084],[-2.68252,43.3084],[-2.68242,43.30841],[-2.68213,43.30845],[-2.68182,43.30846],[-2.68166,43.30844],[-2.68142,43.30838]]}},{"type":"Feature","properties":{"id":41018775,"highway":"residential","nombre":"Lurgorri kalea","izena_eu":"Lurgorri kalea","nombre_es":"Calle Lurgorri"},"geometry":{"type":"LineString","coordinates":[[-2.68366,43.30585],[-2.68365,43.30588],[-2.68359,43.30601],[-2.68361,43.30616],[-2.68362,43.3063],[-2.68363,43.30639],[-2.68364,43.30652],[-2.68368,43.30661],[-2.68376,43.30665],[-2.68385,43.30667],[-2.6839,43.30669]]}},{"type":"Feature","properties":{"id":41018782,"highway":"residential","oneway":"yes"},"geometry":{"type":"LineString","coordinates":[[-2.6809,43.30989],[-2.68094,43.30987],[-2.68096,43.30984],[-2.68099,43.30978],[-2.68101,43.30969],[-2.68105,43.3095],[-2.68112,43.30925],[-2.68113,43.30918],[-2.68112,43.30912]]}},{"type":"Feature","properties":{"id":46772452,"highway":"residential","nombre":"Errenteriko zubia","puente":"yes","superficie":"asphalt"},"geometry":{"type":"LineString","coordinates":[[-2.67535,43.31755],[-2.67559,43.31739]]}},{"type":"Feature","properties":{"id":48469352,"highway":"primary_link","oneway":"yes"},"geometry":{"type":"LineString","coordinates":[[-2.67717,43.30354],[-2.6771,43.30361],[-2.677,43.30371],[-2.67681,43.30386]]}},{"type":"Feature","properties":{"id":48469353,"highway":"tertiary","oneway":"yes"},"geometry":{"type":"LineString","coordinates":[[-2.67745,43.30367],[-2.67752,43.30365],[-2.67763,43.30364],[-2.67777,43.30363],[-2.67792,43.30364],[-2.67809,43.30367]]}},{"type":"Feature","properties":{"id":48469355,"highway":"tertiary","oneway":"yes"},"geometry":{"type":"LineString","coordinates":[[-2.67809,43.30367],[-2.67803,43.30365],[-2.67796,43.30361],[-2.67776,43.30355],[-2.67752,43.3035],[-2.67745,43.30349]]}},{"type":"Feature","properties":{"id":86595118,"highway":"tertiary","oneway":"no","superficie":"asphalt"},"geometry":{"type":"LineString","coordinates":[[-2.68373,43.30232],[-2.68325,43.30305],[-2.68287,43.30366],[-2.68278,43.3038],[-2.68266,43.304]]}},{"type":"Feature","properties":{"id":86595119,"highway":"primary_link","ref":"BI-635","oneway":"yes"},"geometry":{"type":"LineString","coordinates":[[-2.6842,43.30152],[-2.6839,43.30204]]}},{"type":"Feature","properties":{"id":86595120,"highway":"primary_link","oneway":"yes"},"geometry":{"type":"LineString","coordinates":[[-2.68599,43.2988],[-2.68589,43.29902],[-2.68573,43.29946],[-2.68563,43.29969],[-2.68555,43.29985],[-2.68545,43.30001],[-2.68534,43.30014],[-2.68519,43.3003],[-2.68477,43.3007],[-2.68461,43.30087],[-2.68448,43.30106],[-2.68437,43.30122],[-2.6842,43.30152]]}},{"type":"Feature","properties":{"id":93358572,"highway":"primary_link","oneway":"yes"},"geometry":{"type":"LineString","coordinates":[[-2.67681,43.30386],[-2.67702,43.30378],[-2.67721,43.30372],[-2.6773,43.3037]]}},{"type":"Feature","properties":{"id":93358576,"highway":"primary_link","oneway":"yes","superficie":"asphalt"},"geometry":{"type":"LineString","coordinates":[[-2.67778,43.30395],[-2.67766,43.30399],[-2.67759,43.30402],[-2.6773,43.30422],[-2.67699,43.30443],[-2.67693,43.30447],[-2.67683,43.30449],[-2.67673,43.30449],[-2.67669,43.30449]]}},{"type":"Feature","properties":{"id":93358582,"highway":"residential","oneway":"yes"},"geometry":{"type":"LineString","coordinates":[[-2.67951,43.30437],[-2.67954,43.30435],[-2.6798,43.30419],[-2.67986,43.30416],[-2.68053,43.30374],[-2.68064,43.30367],[-2.68076,43.3036],[-2.68114,43.30336],[-2.68216,43.30274],[-2.68221,43.30273],[-2.68227,43.30274],[-2.68267,43.30297],[-2.6827,43.30303],[-2.68269,43.30308],[-2.68208,43.30393],[-2.68171,43.30445],[-2.68135,43.30494],[-2.68134,43.30495],[-2.68131,43.30497],[-2.6813,43.30506],[-2.68102,43.30544],[-2.68097,43.30548],[-2.68089,43.30549],[-2.68079,43.30546],[-2.68033,43.30526],[-2.68019,43.30519],[-2.68003,43.3051],[-2.67993,43.30505],[-2.6798,43.30495],[-2.6796,43.30483],[-2.67937,43.30462],[-2.67936,43.30458],[-2.67936,43.30452],[-2.67944,43.30447],[-2.67947,43.30443],[-2.67951,43.30437]]}},{"type":"Feature","properties":{"id":93358583,"highway":"residential","nombre":"Txaporta auzunea","izena_eu":"Txaporta auzunea","nombre_es":"Barrio Txaporta","oneway":"yes"},"geometry":{"type":"LineString","coordinates":[[-2.68,43.30691],[-2.68024,43.30651],[-2.68025,43.30646],[-2.68022,43.3064],[-2.68015,43.30636],[-2.67961,43.3062],[-2.67861,43.3059],[-2.67814,43.30575],[-2.67803,43.30572]]}},{"type":"Feature","properties":{"id":93358585,"highway":"residential","nombre":"Bizkaia kalea","izena_eu":"Bizkaia kalea","oneway":"yes"},"geometry":{"type":"LineString","coordinates":[[-2.68533,43.30833],[-2.68531,43.30823],[-2.68521,43.30783],[-2.6852,43.30776],[-2.68518,43.3077],[-2.68509,43.3073],[-2.68507,43.30721],[-2.68505,43.30713],[-2.68497,43.30672],[-2.68484,43.30614],[-2.68479,43.3059],[-2.68476,43.30582],[-2.68476,43.30577],[-2.68473,43.30564],[-2.68464,43.30522],[-2.68461,43.30509],[-2.68458,43.30495],[-2.68456,43.30482],[-2.68453,43.30459],[-2.68449,43.30435],[-2.68448,43.30423]]}},{"type":"Feature","properties":{"id":93358587,"highway":"residential","oneway":"yes"},"geometry":{"type":"LineString","coordinates":[[-2.68053,43.30374],[-2.68087,43.30404],[-2.68107,43.30417],[-2.68126,43.30427],[-2.68151,43.30437],[-2.68161,43.30441],[-2.68171,43.30445]]}},{"type":"Feature","properties":{"id":93358591,"highway":"residential","nombre":"Goikoibarra kalea","izena_eu":"Goikoibarra kalea","nombre_es":"Calle Goikoibarra","oneway":"yes"},"geometry":{"type":"LineString","coordinates":[[-2.6778,43.30624],[-2.67795,43.30629],[-2.67996,43.3069],[-2.68,43.30691]]}},{"type":"Feature","properties":{"id":93358593,"highway":"primary","nombre":"Gernikako sahiesbidea","ref":"BI-635","oneway":"no","puente":"yes","superficie":"asphalt"},"geometry":{"type":"LineString","coordinates":[[-2.68286,43.30205],[-2.68326,43.30191],[-2.68359,43.30177],[-2.68386,43.30164],[-2.68413,43.30149],[-2.68442,43.30131],[-2.6846,43.30119],[-2.68483,43.30101]]}},{"type":"Feature","properties":{"id":93358598,"highway":"residential"},"geometry":{"type":"LineString","coordinates":[[-2.6857,43.31053],[-2.68564,43.31011],[-2.68552,43.30998],[-2.68537,43.30994]]}},{"type":"Feature","properties":{"id":93358600,"highway":"residential"},"geometry":{"type":"LineString","coordinates":[[-2.67768,43.30746],[-2.67776,43.30747],[-2.67946,43.30794]]}},{"type":"Feature","properties":{"id":93358601,"highway":"residential","oneway":"yes"},"geometry":{"type":"LineString","coordinates":[[-2.67986,43.30416],[-2.67995,43.3042],[-2.68007,43.30429],[-2.68047,43.30459],[-2.68076,43.30475],[-2.68126,43.30493],[-2.68131,43.30497]]}},{"type":"Feature","properties":{"id":93358604,"highway":"primary","nombre":"Gernikako sahiesbidea","ref":"BI-635","oneway":"no","superficie":"asphalt"},"geometry":{"type":"LineString","coordinates":[[-2.68483,43.30101],[-2.68514,43.30074],[-2.68527,43.30059],[-2.68537,43.30048],[-2.68555,43.30021],[-2.68568,43.29995],[-2.68579,43.29966],[-2.68586,43.29935],[-2.68599,43.2988]]}},{"type":"Feature","properties":{"id":93358610,"highway":"primary_link","oneway":"yes","superficie":"asphalt"},"geometry":{"type":"LineString","coordinates":[[-2.67669,43.30449],[-2.6766,43.30444],[-2.67654,43.30439],[-2.6765,43.30434],[-2.67648,43.30431],[-2.67647,43.30425],[-2.67646,43.30418]]}},{"type":"Feature","properties":{"id":93358611,"highway":"residential","nombre":"Goikoibarra kalea","izena_eu":"Goikoibarra kalea","nombre_es":"Calle Goikoibarra","oneway":"no"},"geometry":{"type":"LineString","coordinates":[[-2.67702,43.3124],[-2.6774,43.31174],[-2.67767,43.31123],[-2.67877,43.30924],[-2.67857,43.30919],[-2.67842,43.30915],[-2.67833,43.30913],[-2.67824,43.3091],[-2.6776,43.30822],[-2.67755,43.30816],[-2.67762,43.3081],[-2.67764,43.30803],[-2.67768,43.30746],[-2.6777,43.30724],[-2.67772,43.30704],[-2.67773,43.30687],[-2.67774,43.30659],[-2.67775,43.30649],[-2.67779,43.30629],[-2.6778,43.30624],[-2.67785,43.30611],[-2.6779,43.30598],[-2.67803,43.30572],[-2.6781,43.30559],[-2.67817,43.30549],[-2.67839,43.30521],[-2.67844,43.30516],[-2.67846,43.30515],[-2.67855,43.30506]]}},{"type":"Feature","properties":{"id":93358612,"highway":"residential"},"geometry":{"type":"LineString","coordinates":[[-2.67962,43.30762],[-2.67772,43.30704]]}},{"type":"Feature","properties":{"id":93358614,"highway":"residential","oneway":"yes"},"geometry":{"type":"LineString","coordinates":[[-2.68114,43.30336],[-2.68122,43.30342],[-2.68139,43.30356],[-2.68155,43.30369],[-2.68172,43.30378],[-2.682,43.30388],[-2.68208,43.30393]]}},{"type":"Feature","properties":{"id":93358617,"highway":"primary_link","oneway":"yes","superficie":"asphalt"},"geometry":{"type":"LineString","coordinates":[[-2.67646,43.30418],[-2.67643,43.30424],[-2.67643,43.30431],[-2.67645,43.3044],[-2.67649,43.30448],[-2.67655,43.30458]]}},{"type":"Feature","properties":{"id":93358620,"highway":"primary_link"},"geometry":{"type":"LineString","coordinates":[[-2.67646,43.30418],[-2.67648,43.30414],[-2.67651,43.30408],[-2.67663,43.30398],[-2.67681,43.30386]]}},{"type":"Feature","properties":{"id":93358621,"highway":"primary","nombre":"Gernikako sahiesbidea","izena_eu":"Gernikako sahiesbidea","ref":"BI-635","oneway":"no","puente":"yes","superficie":"asphalt"},"geometry":{"type":"LineString","coordinates":[[-2.67778,43.30395],[-2.67795,43.30384],[-2.67825,43.30366],[-2.67856,43.30348],[-2.679,43.30326]]}},{"type":"Feature","properties":{"id":93358622,"highway":"residential","nombre":"Mestikabaso kalea","izena_eu":"Mestikabaso kalea","nombre_es":"Calle Mestikabaso","oneway":"yes"},"geometry":{"type":"LineString","coordinates":[[-2.68261,43.30435],[-2.68262,43.30445],[-2.68264,43.30509],[-2.68265,43.30518]]}},{"type":"Feature","properties":{"id":93358623,"highway":"residential","nombre":"Iturriondo kalea","izena_eu":"Iturriondo kalea","nombre_es":"Calle Iturriondo"},"geometry":{"type":"LineString","coordinates":[[-2.68261,43.30932],[-2.68265,43.30934],[-2.68271,43.30938],[-2.68282,43.30947],[-2.68308,43.30964],[-2.68322,43.30969],[-2.68354,43.30976],[-2.68371,43.30978],[-2.68388,43.3098],[-2.68412,43.30982],[-2.68435,43.30984],[-2.68453,43.30985],[-2.68475,43.30987],[-2.68549,43.30986],[-2.68557,43.30986],[-2.6857,43.30988],[-2.68581,43.30992],[-2.68594,43.30999],[-2.68603,43.31009],[-2.68607,43.31018],[-2.68608,43.31033],[-2.68607,43.31046],[-2.68606,43.31057]]}},{"type":"Feature","properties":{"id":93358624,"highway":"residential","nombre":"Lurgorri kalea","izena_eu":"Lurgorri kalea","nombre_es":"Calle Lurgorri"},"geometry":{"type":"LineString","coordinates":[[-2.68599,43.30497],[-2.686,43.305],[-2.68601,43.30509],[-2.6861,43.30549],[-2.68611,43.30556],[-2.68608,43.30559]]}},{"type":"Feature","properties":{"id":93358625,"highway":"residential","nombre":"Mestikabaso kalea","izena_eu":"Mestikabaso kalea","nombre_es":"Calle Mestikabaso","oneway":"yes"},"geometry":{"type":"LineString","coordinates":[[-2.68274,43.30585],[-2.68274,43.30578],[-2.68272,43.30527],[-2.68271,43.30518]]}},{"type":"Feature","properties":{"id":93358627,"highway":"residential"},"geometry":{"type":"LineString","coordinates":[[-2.68414,43.31052],[-2.68417,43.31049],[-2.68423,43.31044],[-2.68428,43.31037],[-2.68444,43.31019],[-2.6845,43.31013],[-2.68451,43.31009],[-2.68452,43.31003],[-2.68452,43.30996],[-2.68452,43.30989],[-2.68453,43.30985]]}},{"type":"Feature","properties":{"id":93358628,"highway":"primary_link","oneway":"yes","superficie":"asphalt"},"geometry":{"type":"LineString","coordinates":[[-2.67655,43.30458],[-2.67662,43.30466],[-2.67666,43.30469],[-2.67674,43.30471],[-2.67681,43.30469]]}},{"type":"Feature","properties":{"id":93358629,"highway":"residential","nombre":"Nafarroa kalea","izena_eu":"Nafarroa kalea","oneway":"yes","superficie":"asphalt"},"geometry":{"type":"LineString","coordinates":[[-2.68277,43.3043],[-2.68283,43.30427],[-2.68294,43.30424]]}},{"type":"Feature","properties":{"id":93358631,"highway":"residential","nombre":"Nafarroa Behera kalea","izena_eu":"Nafarroa Behera kalea","superficie":"asphalt"},"geometry":{"type":"LineString","coordinates":[[-2.68709,43.30587],[-2.68741,43.30598],[-2.6875,43.30601],[-2.68766,43.30607],[-2.68771,43.30608],[-2.68776,43.30612],[-2.68777,43.30614],[-2.68778,43.30616],[-2.68777,43.30621],[-2.68772,43.30628],[-2.68769,43.30634],[-2.68753,43.30657],[-2.68739,43.30684],[-2.68732,43.30712],[-2.68731,43.30722],[-2.68727,43.30743],[-2.68723,43.30756],[-2.68721,43.30759],[-2.68715,43.30769],[-2.68705,43.3078],[-2.68695,43.3079],[-2.68681,43.308],[-2.68666,43.30809],[-2.68641,43.30818],[-2.68618,43.30823],[-2.68601,43.30826],[-2.68544,43.30832],[-2.68533,43.30833],[-2.68522,43.30834],[-2.68512,43.30835],[-2.68453,43.30837],[-2.68403,43.30837],[-2.68391,43.30837]]}},{"type":"Feature","properties":{"id":93358633,"highway":"primary","nombre":"Gernikako sahiesbidea","izena_eu":"Gernikako sahiesbidea","nombre_es":"Variante de Gernika","ref":"BI-635","oneway":"no","superficie":"asphalt"},"geometry":{"type":"LineString","coordinates":[[-2.679,43.30326],[-2.67961,43.30299],[-2.68006,43.30282],[-2.68069,43.30262],[-2.68112,43.30251],[-2.68242,43.30219],[-2.68286,43.30205]]}},{"type":"Feature","properties":{"id":93358634,"highway":"residential"},"geometry":{"type":"LineString","coordinates":[[-2.68813,43.30492],[-2.68808,43.30495],[-2.68799,43.30498],[-2.68774,43.30509],[-2.68755,43.30516],[-2.68721,43.3053]]}},{"type":"Feature","properties":{"id":93359862,"highway":"residential","nombre":"Agirreburu kalea","izena_eu":"Agirreburu kalea","nombre_es":"Calle Agirreburu","superficie":"asphalt"},"geometry":{"type":"LineString","coordinates":[[-2.68391,43.30837],[-2.68391,43.30841],[-2.68391,43.3085],[-2.6839,43.30868],[-2.68387,43.30903],[-2.68384,43.30918],[-2.68379,43.30943],[-2.68374,43.30966],[-2.68371,43.30978]]}},{"type":"Feature","properties":{"id":93359863,"highway":"residential","nombre":"Bekoibarra kalea","izena_eu":"Bekoibarra kalea"},"geometry":{"type":"LineString","coordinates":[[-2.67597,43.31364],[-2.67594,43.31364],[-2.67582,43.31364],[-2.67393,43.31375],[-2.6722,43.31381],[-2.6721,43.31379]]}},{"type":"Feature","properties":{"id":93359864,"highway":"residential","nombre":"Bekoibarra kalea","izena_eu":"Bekoibarra kalea","nombre_es":"Calle Bekoibarra","superficie":"asphalt"},"geometry":{"type":"LineString","coordinates":[[-2.67622,43.31323],[-2.6762,43.31326],[-2.67616,43.31332],[-2.67597,43.31364],[-2.67588,43.3138],[-2.67566,43.3142],[-2.6756,43.31432],[-2.67512,43.31518],[-2.67501,43.31549],[-2.67499,43.31557],[-2.67498,43.31587],[-2.67505,43.31627],[-2.67514,43.31648],[-2.67535,43.31672],[-2.67538,43.31675],[-2.67539,43.31678],[-2.67538,43.31681],[-2.67535,43.31683],[-2.6751,43.31708]]}},{"type":"Feature","properties":{"id":93359865,"highway":"residential"},"geometry":{"type":"LineString","coordinates":[[-2.67381,43.30945],[-2.67334,43.3104],[-2.67331,43.31045],[-2.6732,43.3107],[-2.67293,43.31128],[-2.67276,43.31175],[-2.67255,43.31237],[-2.67231,43.31305],[-2.67211,43.3137],[-2.6721,43.31379]]}},{"type":"Feature","properties":{"id":93359866,"highway":"residential"},"geometry":{"type":"LineString","coordinates":[[-2.6762,43.31315],[-2.67617,43.31312],[-2.67609,43.31307],[-2.67607,43.31306],[-2.67583,43.31292],[-2.6758,43.31291],[-2.67578,43.31291],[-2.67564,43.31291],[-2.67551,43.31292],[-2.67539,43.31293],[-2.67477,43.31295],[-2.67398,43.31299],[-2.67385,43.31299],[-2.67374,43.313],[-2.67271,43.31304],[-2.6725,43.31305],[-2.67243,43.31304],[-2.67237,43.31305],[-2.67231,43.31305]]}},{"type":"Feature","properties":{"id":93359867,"highway":"residential"},"geometry":{"type":"LineString","coordinates":[[-2.68263,43.30928],[-2.68267,43.30928],[-2.68275,43.30927],[-2.68288,43.30926],[-2.68296,43.30923],[-2.68304,43.3092],[-2.68311,43.30913],[-2.68319,43.30899]]}},{"type":"Feature","properties":{"id":93359868,"highway":"residential","nombre":"Esteban Zabala kalea","izena_eu":"Esteban Zabala kalea","nombre_es":"Calle Esteban de Zabala","oneway":"yes","superficie":"asphalt"},"geometry":{"type":"LineString","coordinates":[[-2.67897,43.30936],[-2.67908,43.30939],[-2.67926,43.30944],[-2.67948,43.30949],[-2.67954,43.3095]]}},{"type":"Feature","properties":{"id":93359870,"highway":"primary","nombre":"Gernikako sahiesbidea","izena_eu":"Gernikako sahiesbidea","nombre_es":"Variante de Gernika","ref":"BI-635","superficie":"asphalt"},"geometry":{"type":"LineString","coordinates":[[-2.67178,43.31357],[-2.67188,43.31333],[-2.67217,43.31249],[-2.67253,43.31153],[-2.67321,43.31],[-2.67372,43.30899],[-2.6739,43.30867],[-2.67427,43.30805],[-2.67459,43.30754],[-2.67491,43.30706],[-2.67527,43.30655]]}},{"type":"Feature","properties":{"id":93359871,"highway":"residential","superficie":"asphalt"},"geometry":{"type":"LineString","coordinates":[[-2.67636,43.31321],[-2.67637,43.3132],[-2.67637,43.31318],[-2.67636,43.31316],[-2.67635,43.31314],[-2.67633,43.31313],[-2.6763,43.31312],[-2.67628,43.31312],[-2.67625,43.31312],[-2.67622,43.31313],[-2.6762,43.31315],[-2.67619,43.31317],[-2.67619,43.31319],[-2.6762,43.31321],[-2.67622,43.31323]]}},{"type":"Feature","properties":{"id":93359872,"highway":"residential","oneway":"yes"},"geometry":{"type":"LineString","coordinates":[[-2.68112,43.30912],[-2.68115,43.30905],[-2.68129,43.30874],[-2.6814,43.30845],[-2.68142,43.30838]]}},{"type":"Feature","properties":{"id":93359873,"highway":"residential","oneway":"no"},"geometry":{"type":"LineString","coordinates":[[-2.67877,43.30924],[-2.6788,43.30925],[-2.67883,43.30926]]}},{"type":"Feature","properties":{"id":93359874,"highway":"service","nombre":"Errekaegala kalea","izena_eu":"Errekaegala kalea","nombre_es":"Calle Errekaegala"},"geometry":{"type":"LineString","coordinates":[[-2.67426,43.3232],[-2.67446,43.3228],[-2.67457,43.32258],[-2.67477,43.32215]]}},{"type":"Feature","properties":{"id":93359875,"highway":"residential","oneway":"no"},"geometry":{"type":"LineString","coordinates":[[-2.67393,43.31375],[-2.67392,43.31373],[-2.67392,43.31368],[-2.67386,43.31309],[-2.67386,43.31304],[-2.67385,43.31299]]}},{"type":"Feature","properties":{"id":93359876,"highway":"primary","nombre":"Gernikako sahiesbidea","izena_eu":"Gernikako sahiesbidea","nombre_es":"Variante de Gernika","ref":"BI-635","oneway":"no","puente":"yes","superficie":"asphalt"},"geometry":{"type":"LineString","coordinates":[[-2.67153,43.31404],[-2.67161,43.31391],[-2.67178,43.31357]]}},{"type":"Feature","properties":{"id":111626584,"highway":"tertiary","nombre":"Aita Luis Villasante kalea","izena_eu":"Aita Luis Villasante kalea","nombre_es":"Calle Aita Luis Villasante","ref":"BI-2224","oneway":"yes","superficie":"asphalt"},"geometry":{"type":"LineString","coordinates":[[-2.66723,43.31932],[-2.66706,43.31935],[-2.66695,43.31937],[-2.66686,43.31939],[-2.6668,43.3194],[-2.66675,43.31941]]}},{"type":"Feature","properties":{"id":111626588,"highway":"tertiary","ref":"BI-3215","superficie":"asphalt"},"geometry":{"type":"LineString","coordinates":[[-2.67797,43.32042],[-2.67791,43.32046],[-2.67787,43.32051],[-2.67785,43.32056],[-2.67785,43.32062],[-2.67789,43.32068],[-2.67793,43.32071],[-2.67798,43.32074],[-2.67804,43.32076],[-2.6781,43.32076],[-2.67816,43.32076],[-2.67822,43.32074],[-2.67827,43.32072],[-2.67831,43.32068],[-2.67834,43.32064],[-2.67835,43.32059],[-2.67835,43.32054],[-2.67833,43.32049],[-2.67829,43.32045],[-2.67822,43.32041],[-2.67814,43.32039],[-2.67805,43.3204],[-2.67797,43.32042]]}},{"type":"Feature","properties":{"id":111626590,"highway":"residential","nombre":"Urrengoerrota kalea","izena_eu":"Urrengoerrota kalea","nombre_es":"Calle Urrengoerrota"},"geometry":{"type":"LineString","coordinates":[[-2.67367,43.31812],[-2.67367,43.31809],[-2.67367,43.31808],[-2.67365,43.31804],[-2.67342,43.31783],[-2.67311,43.31756],[-2.67305,43.31747]]}},{"type":"Feature","properties":{"id":111626595,"highway":"residential","nombre":"Amaiur kalea","izena_eu":"Amaiur kalea","nombre_es":"Calle Amaiur","oneway":"yes"},"geometry":{"type":"LineString","coordinates":[[-2.6744,43.31874],[-2.67435,43.31876],[-2.67427,43.31879],[-2.6742,43.3188],[-2.67307,43.319],[-2.67298,43.31902],[-2.67291,43.31902],[-2.67285,43.31901]]}},{"type":"Feature","properties":{"id":111626598,"highway":"tertiary","ref":"BI-3215","oneway":"yes","superficie":"asphalt"},"geometry":{"type":"LineString","coordinates":[[-2.67839,43.32116],[-2.67839,43.32107],[-2.67838,43.32098],[-2.67836,43.32091],[-2.67835,43.32086],[-2.67834,43.3208],[-2.67833,43.32074],[-2.67833,43.32068],[-2.67834,43.32064]]}},{"type":"Feature","properties":{"id":111626608,"highway":"residential","nombre":"Mertzede kalea","izena_eu":"Mertzede kalea","nombre_es":"Calle Mertzede"},"geometry":{"type":"LineString","coordinates":[[-2.6744,43.31874],[-2.67469,43.31885],[-2.67478,43.31889],[-2.67501,43.319],[-2.67527,43.31912],[-2.67535,43.31917],[-2.67566,43.31931],[-2.67578,43.31936]]}},{"type":"Feature","properties":{"id":111626610,"highway":"primary","ref":"BI-635","oneway":"yes","superficie":"asphalt"},"geometry":{"type":"LineString","coordinates":[[-2.66747,43.31933],[-2.66747,43.31937]]}},{"type":"Feature","properties":{"id":111626611,"highway":"tertiary","nombre":"Zubigorri kalea","izena_eu":"Zubigorri kalea","nombre_es":"Calle Zubigorri","ref":"BI-3215","superficie":"asphalt"},"geometry":{"type":"LineString","coordinates":[[-2.67346,43.31983],[-2.67377,43.31981],[-2.674,43.31981],[-2.67432,43.31982]]}},{"type":"Feature","properties":{"id":111626612,"highway":"tertiary","ref":"BI-3215","superficie":"asphalt"},"geometry":{"type":"LineString","coordinates":[[-2.67243,43.31974],[-2.67241,43.31977],[-2.67239,43.3198],[-2.67239,43.31984],[-2.67239,43.31987],[-2.67241,43.31991],[-2.67245,43.31995],[-2.67251,43.31998],[-2.67257,43.32],[-2.67264,43.32],[-2.6727,43.31998],[-2.67276,43.31995],[-2.67278,43.31993],[-2.6728,43.31991],[-2.67281,43.31988],[-2.67282,43.31986],[-2.67282,43.31983],[-2.67281,43.31981],[-2.6728,43.31978],[-2.67279,43.31976],[-2.67276,43.31974],[-2.67274,43.31972],[-2.6727,43.3197],[-2.67267,43.31969],[-2.67263,43.31968]]}},{"type":"Feature","properties":{"id":111626613,"highway":"residential"},"geometry":{"type":"LineString","coordinates":[[-2.67594,43.31907],[-2.67553,43.31894],[-2.67544,43.31892]]}},{"type":"Feature","properties":{"id":111626616,"highway":"residential","nombre":"Uharte kalea","izena_eu":"Uharte kalea","nombre_es":"Calle Uharte"},"geometry":{"type":"LineString","coordinates":[[-2.67527,43.31912],[-2.67532,43.31906],[-2.67544,43.31892],[-2.676,43.3183],[-2.67612,43.31818]]}},{"type":"Feature","properties":{"id":111626617,"highway":"tertiary","oneway":"yes","superficie":"asphalt"},"geometry":{"type":"LineString","coordinates":[[-2.67263,43.31968],[-2.67257,43.31965],[-2.67253,43.31962],[-2.67249,43.31959],[-2.67245,43.31956],[-2.6724,43.31951]]}},{"type":"Feature","properties":{"id":111626618,"highway":"tertiary","ref":"BI-3215","superficie":"asphalt"},"geometry":{"type":"LineString","coordinates":[[-2.67179,43.32027],[-2.67156,43.3204],[-2.67132,43.32057],[-2.67112,43.32077],[-2.67093,43.32095],[-2.67067,43.3212],[-2.67056,43.32131],[-2.67047,43.32139],[-2.67014,43.32174]]}},{"type":"Feature","properties":{"id":127381950,"highway":"residential","superficie":"cobblestone"},"geometry":{"type":"LineString","coordinates":[[-2.68167,43.31259],[-2.68158,43.31261],[-2.68151,43.31266],[-2.68145,43.3127],[-2.68135,43.31274],[-2.68125,43.31278],[-2.68108,43.3128],[-2.68098,43.31279],[-2.68084,43.31281],[-2.68072,43.31284],[-2.68066,43.31286],[-2.68053,43.31291],[-2.68044,43.31295]]}},{"type":"Feature","properties":{"id":152833085,"highway":"residential","nombre":"Araba kalea","izena_eu":"Araba kalea"},"geometry":{"type":"LineString","coordinates":[[-2.68721,43.3053],[-2.68714,43.3052],[-2.68708,43.30513],[-2.68697,43.30506],[-2.68684,43.30499],[-2.68669,43.30495],[-2.68655,43.30493],[-2.6864,43.30493],[-2.68613,43.30495],[-2.68599,43.30497],[-2.68581,43.30498],[-2.68531,43.30503],[-2.68478,43.30508],[-2.68461,43.30509]]}},{"type":"Feature","properties":{"id":152833086,"highway":"residential","nombre":"Zuberoa kalea","izena_eu":"Zuberoa kalea"},"geometry":{"type":"LineString","coordinates":[[-2.68507,43.30721],[-2.6851,43.3072],[-2.68523,43.30718],[-2.68589,43.30712],[-2.68595,43.30711],[-2.68624,43.30708],[-2.68641,43.30704],[-2.68649,43.30698],[-2.68654,43.3069],[-2.6866,43.30668],[-2.68674,43.30639],[-2.68688,43.30618],[-2.68701,43.30598],[-2.68708,43.30588],[-2.68709,43.30587],[-2.68717,43.30575],[-2.6872,43.30572],[-2.68724,43.30562],[-2.68725,43.30552],[-2.68724,43.30541]]}},{"type":"Feature","properties":{"id":152833089,"highway":"residential","nombre":"Lurgorri kalea","izena_eu":"Lurgorri kalea","nombre_es":"Calle Lurgorri","oneway":"yes","superficie":"asphalt"},"geometry":{"type":"LineString","coordinates":[[-2.6818,43.30598],[-2.68207,43.30597],[-2.68248,43.30596],[-2.68257,43.30595],[-2.68263,43.30595]]}},{"type":"Feature","properties":{"id":152922382,"highway":"residential","nombre":"Ibarra kalea","izena_eu":"Ibarra kalea","nombre_es":"Calle Ibarra","oneway":"no","superficie":"asphalt"},"geometry":{"type":"LineString","coordinates":[[-2.67755,43.30816],[-2.67749,43.30814],[-2.67732,43.30813],[-2.67711,43.30812],[-2.67698,43.30814],[-2.67689,43.30816],[-2.67681,43.30821],[-2.67676,43.30826],[-2.67671,43.30831],[-2.67668,43.30837],[-2.67658,43.30866],[-2.67647,43.30894],[-2.67645,43.309],[-2.67639,43.30915],[-2.67629,43.30947],[-2.6761,43.31002],[-2.67609,43.31006],[-2.67602,43.31024],[-2.67589,43.31061],[-2.67584,43.31074],[-2.67583,43.31081],[-2.67574,43.31116],[-2.67574,43.31118],[-2.67575,43.31129],[-2.67576,43.31162],[-2.67579,43.31176],[-2.67581,43.31183],[-2.67587,43.31194],[-2.67596,43.31208],[-2.67616,43.31234],[-2.67619,43.31242],[-2.6762,43.31245],[-2.67624,43.31256],[-2.67629,43.3128],[-2.6763,43.31296],[-2.67629,43.313],[-2.67628,43.31308],[-2.67628,43.31312]]}},{"type":"Feature","properties":{"id":152922384,"highway":"tertiary_link","oneway":"yes","superficie":"asphalt"},"geometry":{"type":"LineString","coordinates":[[-2.68181,43.3055],[-2.68169,43.3056],[-2.6816,43.30565],[-2.68149,43.30569],[-2.68143,43.3057],[-2.68136,43.30571],[-2.6813,43.30572],[-2.68125,43.30572],[-2.68123,43.30572],[-2.68119,43.30572],[-2.6811,43.30571]]}},{"type":"Feature","properties":{"id":152922388,"highway":"tertiary_link","oneway":"yes","superficie":"asphalt"},"geometry":{"type":"LineString","coordinates":[[-2.6811,43.30571],[-2.68113,43.30574],[-2.68114,43.30576],[-2.68115,43.30579],[-2.68114,43.30582],[-2.68113,43.30584],[-2.68111,43.30588],[-2.68109,43.3059],[-2.68106,43.30592],[-2.68102,43.30594],[-2.68098,43.30596],[-2.68094,43.30598],[-2.68089,43.30602],[-2.68086,43.30605],[-2.6808,43.30615],[-2.68075,43.30628],[-2.68074,43.30631],[-2.68073,43.30636]]}},{"type":"Feature","properties":{"id":153001616,"highway":"tertiary","nombre":"Zubigorri kalea","izena_eu":"Zubigorri kalea","nombre_es":"Calle Zubigorri","ref":"BI-3215","oneway":"yes","superficie":"asphalt"},"geometry":{"type":"LineString","coordinates":[[-2.67736,43.32041],[-2.67744,43.32044],[-2.67752,43.32047],[-2.67759,43.3205],[-2.67769,43.32055],[-2.67776,43.32059],[-2.67778,43.3206],[-2.67783,43.32063],[-2.67789,43.32068]]}},{"type":"Feature","properties":{"id":153001621,"highway":"tertiary","nombre":"Zubigorri kalea","izena_eu":"Zubigorri kalea","nombre_es":"Calle Zubigorri","ref":"BI-3215","puente":"yes","superficie":"asphalt"},"geometry":{"type":"LineString","coordinates":[[-2.67432,43.31982],[-2.67464,43.31984],[-2.67495,43.31988],[-2.67537,43.31995],[-2.67578,43.32004],[-2.67589,43.32007],[-2.6765,43.32021],[-2.67702,43.32033],[-2.67705,43.32034]]}},{"type":"Feature","properties":{"id":153001623,"highway":"tertiary","nombre":"Artekalea","izena_eu":"Artekalea","nombre_es":"Calle Artekalea","oneway":"yes","superficie":"asphalt"},"geometry":{"type":"LineString","coordinates":[[-2.67862,43.31591],[-2.67853,43.31576],[-2.67834,43.31543]]}},{"type":"Feature","properties":{"id":153001635,"highway":"tertiary"},"geometry":{"type":"LineString","coordinates":[[-2.6782,43.30372],[-2.67815,43.3037],[-2.67809,43.30367]]}},{"type":"Feature","properties":{"id":153001636,"highway":"residential","oneway":"no","superficie":"asphalt"},"geometry":{"type":"LineString","coordinates":[[-2.67684,43.31757],[-2.6768,43.31767],[-2.67678,43.31778],[-2.67679,43.31783],[-2.6768,43.3179],[-2.67681,43.31796],[-2.67686,43.31815],[-2.67688,43.31833],[-2.6769,43.31888],[-2.67689,43.31981],[-2.6769,43.31986],[-2.67693,43.31989],[-2.67695,43.31991],[-2.67698,43.31992],[-2.67702,43.31992],[-2.67706,43.31993],[-2.6771,43.31993],[-2.67716,43.31992]]}},{"type":"Feature","properties":{"id":153001640,"highway":"residential","superficie":"asphalt"},"geometry":{"type":"LineString","coordinates":[[-2.67694,43.32003],[-2.67694,43.3201],[-2.67698,43.32126],[-2.67698,43.32166],[-2.67698,43.32169],[-2.67699,43.3218],[-2.67701,43.32185],[-2.67705,43.32189],[-2.6771,43.3219],[-2.67727,43.32191],[-2.67785,43.32195],[-2.67809,43.32197],[-2.67818,43.32197],[-2.67825,43.32198],[-2.6783,43.32198]]}},{"type":"Feature","properties":{"id":153094365,"highway":"pedestrian","nombre":"Nere Kabia kalea","izena_eu":"Nere Kabia kalea","nombre_es":"Calle Nere Kabia","superficie":"paving_stones"},"geometry":{"type":"LineString","coordinates":[[-2.67774,43.31795],[-2.67783,43.31733],[-2.67773,43.31732],[-2.67703,43.31717]]}},{"type":"Feature","properties":{"id":153094370,"highway":"residential","oneway":"yes","superficie":"asphalt"},"geometry":{"type":"LineString","coordinates":[[-2.67954,43.31636],[-2.67966,43.31631],[-2.67973,43.31628],[-2.67976,43.31625],[-2.67982,43.3162],[-2.67984,43.31618],[-2.67987,43.31616],[-2.68041,43.31609],[-2.68046,43.31608],[-2.68049,43.31608]]}},{"type":"Feature","properties":{"id":153269439,"highway":"residential","nombre":"Carlos Gangoiti kalea","izena_eu":"Carlos Gangoiti kalea","nombre_es":"Calle Carlos Gangoiti","oneway":"no","superficie":"asphalt"},"geometry":{"type":"LineString","coordinates":[[-2.67856,43.32002],[-2.6785,43.32001],[-2.67845,43.32001],[-2.67801,43.31998],[-2.67807,43.31955],[-2.67807,43.31952],[-2.67811,43.31927],[-2.6781,43.31925],[-2.67808,43.31923],[-2.67805,43.31923],[-2.67762,43.31919],[-2.6776,43.3192],[-2.67758,43.31921],[-2.67748,43.31983],[-2.67747,43.31991],[-2.67747,43.31994]]}},{"type":"Feature","properties":{"id":153269440,"highway":"service","nombre":"Pedro Elejalde kalea","izena_eu":"Pedro Elejalde kalea","nombre_es":"Calle Pedro de Elejalde","oneway":"no"},"geometry":{"type":"LineString","coordinates":[[-2.68043,43.32021],[-2.68039,43.32013],[-2.68039,43.32001],[-2.6804,43.31973],[-2.68041,43.3196],[-2.68042,43.31947],[-2.68041,43.31931],[-2.68036,43.31925]]}},{"type":"Feature","properties":{"id":153269441,"highway":"residential","nombre":"Txorraburu kalea","izena_eu":"Txorraburu kalea","nombre_es":"Calle Txorraburu","oneway":"yes","superficie":"asphalt"},"geometry":{"type":"LineString","coordinates":[[-2.68022,43.31729],[-2.68013,43.31728],[-2.68007,43.31728],[-2.68002,43.31729],[-2.67951,43.31733],[-2.67948,43.31733],[-2.67941,43.31734],[-2.67901,43.31731],[-2.67897,43.31731],[-2.67892,43.3173]]}},{"type":"Feature","properties":{"id":153269445,"highway":"service","oneway":"yes","superficie":"asphalt"},"geometry":{"type":"LineString","coordinates":[[-2.67731,43.31809],[-2.67719,43.3189],[-2.67712,43.31938],[-2.67706,43.3198],[-2.67707,43.31982],[-2.67709,43.31984],[-2.67721,43.31984],[-2.67724,43.31985],[-2.67732,43.3194],[-2.67738,43.31892],[-2.67748,43.31814],[-2.67747,43.31811],[-2.67744,43.3181],[-2.67731,43.31809]]}},{"type":"Feature","properties":{"id":153269447,"highway":"residential"},"geometry":{"type":"LineString","coordinates":[[-2.67723,43.31992],[-2.67723,43.31989],[-2.67724,43.31987],[-2.67724,43.31985]]}},{"type":"Feature","properties":{"id":153269448,"highway":"residential"},"geometry":{"type":"LineString","coordinates":[[-2.68023,43.31815],[-2.68012,43.31814],[-2.67949,43.31809],[-2.67895,43.31805],[-2.67887,43.31804]]}},{"type":"Feature","properties":{"id":153269449,"highway":"residential","superficie":"asphalt"},"geometry":{"type":"LineString","coordinates":[[-2.6769,43.31888],[-2.67693,43.31888],[-2.67695,43.31888],[-2.67701,43.31889]]}},{"type":"Feature","properties":{"id":153269450,"highway":"service","oneway":"yes","superficie":"asphalt"},"geometry":{"type":"LineString","coordinates":[[-2.67731,43.31809],[-2.67715,43.31809],[-2.67713,43.3181],[-2.67707,43.31844],[-2.67701,43.31884],[-2.67701,43.31889],[-2.67699,43.31934],[-2.67702,43.31936],[-2.67708,43.31937],[-2.67712,43.31938],[-2.67728,43.31939],[-2.67732,43.3194]]}},{"type":"Feature","properties":{"id":154244456,"highway":"primary_link","oneway":"yes"},"geometry":{"type":"LineString","coordinates":[[-2.66747,43.31937],[-2.66744,43.31943],[-2.66743,43.31949],[-2.66742,43.31959],[-2.66741,43.31977],[-2.66739,43.31984],[-2.66735,43.31991],[-2.66732,43.31994],[-2.66731,43.31997],[-2.6673,43.31999],[-2.6673,43.32001],[-2.6673,43.32003],[-2.66731,43.32006],[-2.66732,43.32009],[-2.66734,43.32011]]}},{"type":"Feature","properties":{"id":154244467,"highway":"cycleway"},"geometry":{"type":"LineString","coordinates":[[-2.67307,43.319],[-2.67328,43.31935],[-2.6734,43.31955],[-2.67343,43.31959],[-2.67348,43.31968],[-2.67353,43.31973],[-2.67379,43.31972],[-2.67429,43.31973],[-2.67431,43.31973]]}},{"type":"Feature","properties":{"id":154244468,"highway":"secondary_link","oneway":"yes","superficie":"asphalt"},"geometry":{"type":"LineString","coordinates":[[-2.66676,43.31989],[-2.66671,43.31985],[-2.66668,43.31982],[-2.66667,43.3198],[-2.66665,43.31977],[-2.66665,43.31975],[-2.66664,43.31972],[-2.66663,43.31969],[-2.66663,43.31968],[-2.66662,43.31962]]}},{"type":"Feature","properties":{"id":154244471,"highway":"residential","superficie":"asphalt"},"geometry":{"type":"LineString","coordinates":[[-2.66957,43.31928],[-2.6696,43.31939],[-2.66972,43.31964],[-2.66976,43.31974],[-2.66979,43.3198],[-2.66989,43.32],[-2.66992,43.32007],[-2.66994,43.32009],[-2.66999,43.3201],[-2.67074,43.31991]]}},{"type":"Feature","properties":{"id":154244472,"highway":"service"},"geometry":{"type":"LineString","coordinates":[[-2.67664,43.31998],[-2.67664,43.31947]]}},{"type":"Feature","properties":{"id":154244473,"highway":"cycleway","puente":"yes"},"geometry":{"type":"LineString","coordinates":[[-2.67431,43.31973],[-2.67499,43.3198],[-2.6754,43.31987],[-2.67594,43.31998],[-2.67652,43.32012],[-2.67703,43.32025],[-2.6774,43.32033]]}},{"type":"Feature","properties":{"id":154244476,"highway":"residential","nombre":"Lorategieta auzunea","izena_eu":"Lorategieta auzunea","nombre_es":"Barrio Lorategieta","oneway":"yes","superficie":"asphalt"},"geometry":{"type":"LineString","coordinates":[[-2.6687,43.31926],[-2.66869,43.31935],[-2.66864,43.31994],[-2.66866,43.31998],[-2.66872,43.31999],[-2.66892,43.32],[-2.66942,43.32001],[-2.66972,43.32003],[-2.66977,43.32003],[-2.66982,43.32002],[-2.66989,43.32]]}},{"type":"Feature","properties":{"id":154244477,"highway":"residential","nombre":"Lorategieta auzunea","izena_eu":"Lorategieta auzunea","nombre_es":"Barrio Lorategieta","oneway":"no","superficie":"asphalt"},"geometry":{"type":"LineString","coordinates":[[-2.66837,43.31925],[-2.66836,43.31931],[-2.66833,43.31978],[-2.66832,43.31984],[-2.66829,43.32035]]}},{"type":"Feature","properties":{"id":154244479,"highway":"cycleway"},"geometry":{"type":"LineString","coordinates":[[-2.6774,43.32033],[-2.67765,43.32036],[-2.67787,43.32035],[-2.67807,43.32033],[-2.67821,43.32031],[-2.67828,43.32029],[-2.67835,43.32025],[-2.67839,43.32022],[-2.67842,43.32017],[-2.67844,43.32005],[-2.67845,43.32001]]}},{"type":"Feature","properties":{"id":154244480,"highway":"residential","nombre":"San Bartolome kalea","izena_eu":"San Bartolome kalea","nombre_es":"Calle San Bartolomé","superficie":"asphalt"},"geometry":{"type":"LineString","coordinates":[[-2.67532,43.31757],[-2.67524,43.31762],[-2.67501,43.31779],[-2.67483,43.3179],[-2.67466,43.31798],[-2.6745,43.31804],[-2.67426,43.31812],[-2.67408,43.31819],[-2.67385,43.31828]]}},{"type":"Feature","properties":{"id":194104278,"highway":"footway","superficie":"paving_stones"},"geometry":{"type":"LineString","coordinates":[[-2.67933,43.31341],[-2.67928,43.31342]]}},{"type":"Feature","properties":{"id":194290081,"highway":"primary","ref":"BI-635","oneway":"no","superficie":"asphalt"},"geometry":{"type":"LineString","coordinates":[[-2.68599,43.2988],[-2.68615,43.29814]]}},{"type":"Feature","properties":{"id":194290083,"highway":"primary","ref":"BI-635","oneway":"no","superficie":"asphalt"},"geometry":{"type":"LineString","coordinates":[[-2.68615,43.29814],[-2.68625,43.29775],[-2.68632,43.29745]]}},{"type":"Feature","properties":{"id":195911939,"highway":"tertiary","oneway":"yes"},"geometry":{"type":"LineString","coordinates":[[-2.67718,43.30314],[-2.67717,43.30322],[-2.67719,43.30344],[-2.67719,43.3035]]}},{"type":"Feature","properties":{"id":195911946,"highway":"tertiary","oneway":"yes"},"geometry":{"type":"LineString","coordinates":[[-2.67738,43.30346],[-2.67733,43.30341],[-2.67725,43.30331],[-2.67721,43.3032],[-2.67718,43.30314]]}},{"type":"Feature","properties":{"id":195911950,"highway":"tertiary","puente":"yes"},"geometry":{"type":"LineString","coordinates":[[-2.67718,43.30314],[-2.67718,43.30312],[-2.67717,43.30302]]}},{"type":"Feature","properties":{"id":218664171,"highway":"residential","nombre":"Domingo Bernaola kalea","izena_eu":"Domingo Bernaola kalea","nombre_es":"Calle Domingo Bernaola","oneway":"yes","superficie":"asphalt"},"geometry":{"type":"LineString","coordinates":[[-2.67682,43.31607],[-2.67673,43.31612]]}},{"type":"Feature","properties":{"id":218664172,"highway":"residential","nombre":"San Roke kalea","izena_eu":"San Roke kalea","nombre_es":"Calle San Roque","oneway":"yes","superficie":"asphalt"},"geometry":{"type":"LineString","coordinates":[[-2.67618,43.3153],[-2.67632,43.31535],[-2.67696,43.31566],[-2.67697,43.31567]]}},{"type":"Feature","properties":{"id":218664183,"highway":"service"},"geometry":{"type":"LineString","coordinates":[[-2.67925,43.31022],[-2.67939,43.31025],[-2.67942,43.31035],[-2.67946,43.31043],[-2.67949,43.31049],[-2.67954,43.31054],[-2.67962,43.31062],[-2.67957,43.3108],[-2.67977,43.31083],[-2.67985,43.31063]]}},{"type":"Feature","properties":{"id":218664185,"highway":"service"},"geometry":{"type":"LineString","coordinates":[[-2.68717,43.30924],[-2.68703,43.30919],[-2.68693,43.30917],[-2.68682,43.30916],[-2.68674,43.30917],[-2.6867,43.30918],[-2.68661,43.3093],[-2.68658,43.30945],[-2.68677,43.30946],[-2.68681,43.30932],[-2.68686,43.30923],[-2.68693,43.30917]]}},{"type":"Feature","properties":{"id":218664186,"highway":"footway"},"geometry":{"type":"LineString","coordinates":[[-2.68088,43.31453],[-2.68093,43.31452],[-2.68097,43.31452],[-2.68101,43.31453],[-2.68105,43.31453],[-2.68109,43.31452],[-2.68114,43.31451],[-2.68118,43.3145],[-2.68122,43.3145],[-2.68128,43.31449],[-2.68132,43.31448],[-2.68135,43.31446],[-2.68141,43.31443]]}},{"type":"Feature","properties":{"id":218664187,"highway":"service","oneway":"yes"},"geometry":{"type":"LineString","coordinates":[[-2.67805,43.32132],[-2.67809,43.32131],[-2.67811,43.32129],[-2.67812,43.32119],[-2.67811,43.32117],[-2.67811,43.32115],[-2.678,43.32105],[-2.67792,43.32099],[-2.67765,43.3209],[-2.67758,43.32088],[-2.6773,43.32087],[-2.67727,43.32088],[-2.67727,43.321]]}},{"type":"Feature","properties":{"id":218664188,"highway":"service","oneway":"yes"},"geometry":{"type":"LineString","coordinates":[[-2.67811,43.32117],[-2.67726,43.32114]]}},{"type":"Feature","properties":{"id":218664189,"highway":"footway","superficie":"wood"},"geometry":{"type":"LineString","coordinates":[[-2.68082,43.31434],[-2.68084,43.31437]]}},{"type":"Feature","properties":{"id":218664190,"highway":"residential","puente":"yes"},"geometry":{"type":"LineString","coordinates":[[-2.67399,43.3165],[-2.67378,43.31673]]}},{"type":"Feature","properties":{"id":218664191,"highway":"service","oneway":"yes"},"geometry":{"type":"LineString","coordinates":[[-2.678,43.32105],[-2.67727,43.321]]}},{"type":"Feature","properties":{"id":218664192,"highway":"service"},"geometry":{"type":"LineString","coordinates":[[-2.67578,43.31936],[-2.67564,43.31961],[-2.67551,43.31983]]}},{"type":"Feature","properties":{"id":218664193,"highway":"service","oneway":"no"},"geometry":{"type":"LineString","coordinates":[[-2.67706,43.32126],[-2.67707,43.32126],[-2.67725,43.32127]]}},{"type":"Feature","properties":{"id":218664194,"highway":"footway","puente":"yes","superficie":"wood"},"geometry":{"type":"LineString","coordinates":[[-2.68084,43.31437],[-2.68088,43.31449]]}},{"type":"Feature","properties":{"id":218664195,"highway":"unclassified"},"geometry":{"type":"LineString","coordinates":[[-2.67979,43.32399],[-2.6798,43.32396],[-2.67978,43.32352],[-2.6798,43.32334],[-2.67981,43.3233],[-2.67981,43.32326],[-2.67984,43.3231],[-2.67985,43.32296],[-2.67985,43.32263],[-2.67983,43.32219],[-2.67981,43.32205],[-2.67987,43.3219],[-2.67992,43.3216],[-2.6799,43.32133],[-2.67993,43.32115],[-2.67999,43.32103],[-2.68011,43.32067],[-2.68015,43.32056],[-2.68015,43.32052],[-2.68012,43.32038],[-2.68015,43.32024],[-2.68017,43.32017],[-2.68025,43.32005],[-2.68033,43.31976]]}},{"type":"Feature","properties":{"id":218664196,"highway":"residential","nombre":"Zubialde kalea","izena_eu":"Zubialde kalea","nombre_es":"Calle Zubialde","oneway":"no"},"geometry":{"type":"LineString","coordinates":[[-2.67378,43.31673],[-2.67372,43.31679],[-2.6734,43.3171],[-2.67345,43.31729],[-2.67347,43.31736]]}},{"type":"Feature","properties":{"id":218664197,"highway":"residential"},"geometry":{"type":"LineString","coordinates":[[-2.67636,43.31321],[-2.67639,43.31323],[-2.6765,43.31329],[-2.67653,43.3133],[-2.67656,43.31331],[-2.6766,43.31332],[-2.67681,43.31337]]}},{"type":"Feature","properties":{"id":218664198,"highway":"pedestrian","superficie":"unhewn_cobblestone"},"geometry":{"type":"LineString","coordinates":[[-2.67956,43.31469],[-2.67952,43.3147],[-2.67914,43.31478],[-2.67907,43.3148],[-2.67904,43.31481],[-2.67862,43.31494],[-2.6786,43.31495]]}},{"type":"Feature","properties":{"id":218664199,"highway":"steps"},"geometry":{"type":"LineString","coordinates":[[-2.68173,43.31518],[-2.68167,43.31518],[-2.68055,43.31516],[-2.68042,43.31518],[-2.68026,43.31524],[-2.67992,43.31536],[-2.67989,43.31533],[-2.67983,43.31534]]}},{"type":"Feature","properties":{"id":218664200,"highway":"living_street","nombre":"Industria kalea","superficie":"compacted"},"geometry":{"type":"LineString","coordinates":[[-2.67926,43.30944],[-2.67906,43.30987],[-2.6789,43.31033],[-2.67876,43.3108]]}},{"type":"Feature","properties":{"id":218664201,"highway":"footway","superficie":"compacted"},"geometry":{"type":"LineString","coordinates":[[-2.67968,43.31435],[-2.67979,43.31437],[-2.67987,43.31436],[-2.68,43.31434],[-2.6801,43.31431],[-2.68013,43.31431],[-2.68027,43.31433],[-2.68065,43.31434],[-2.68082,43.31434],[-2.68093,43.31433],[-2.68142,43.31425],[-2.68151,43.31424],[-2.68156,43.31423],[-2.6816,43.31419],[-2.68162,43.31414],[-2.68163,43.31406],[-2.68162,43.314],[-2.6816,43.31394],[-2.68153,43.31386],[-2.68149,43.3138],[-2.68146,43.31372],[-2.68143,43.31372],[-2.68137,43.31376],[-2.68131,43.31382],[-2.6812,43.31391],[-2.68115,43.31392],[-2.68108,43.31393],[-2.68102,43.31392],[-2.68094,43.31389],[-2.68086,43.31382],[-2.68084,43.3138],[-2.68071,43.31363],[-2.6807,43.31359],[-2.6807,43.31354],[-2.68076,43.3134],[-2.68086,43.31335],[-2.68109,43.31331],[-2.68118,43.31334],[-2.6813,43.31338],[-2.68134,43.3134],[-2.6814,43.31344],[-2.68143,43.31347],[-2.68147,43.31349],[-2.68149,43.31354],[-2.6815,43.3136],[-2.68146,43.31372]]}},{"type":"Feature","properties":{"id":218664202,"highway":"residential","nombre":"Enrike Amurrio kalea","izena_eu":"Enrike Amurrio kalea","nombre_es":"Calle Enrique Amurrio","oneway":"yes"},"geometry":{"type":"LineString","coordinates":[[-2.6802,43.31218],[-2.67996,43.31187],[-2.67994,43.31183],[-2.67994,43.31179],[-2.68003,43.31157],[-2.68006,43.31151]]}},{"type":"Feature","properties":{"id":218664203,"highway":"service"},"geometry":{"type":"LineString","coordinates":[[-2.67977,43.31083],[-2.68006,43.31088],[-2.68021,43.3109],[-2.68037,43.3109],[-2.6806,43.3102]]}},{"type":"Feature","properties":{"id":218664204,"highway":"living_street","nombre":"Loizaga kalea","izena_eu":"Loizaga kalea","oneway":"yes"},"geometry":{"type":"LineString","coordinates":[[-2.67681,43.31337],[-2.67681,43.31342],[-2.67676,43.31351],[-2.67668,43.31364],[-2.67662,43.31376]]}},{"type":"Feature","properties":{"id":218664205,"highway":"residential","nombre":"Uharte kalea","izena_eu":"Uharte kalea","nombre_es":"Calle Uharte","oneway":"yes"},"geometry":{"type":"LineString","coordinates":[[-2.67296,43.31634],[-2.67285,43.31624],[-2.67271,43.31611]]}},{"type":"Feature","properties":{"id":218664206,"highway":"residential"},"geometry":{"type":"LineString","coordinates":[[-2.67477,43.31295],[-2.67477,43.31292],[-2.67477,43.31291],[-2.67475,43.31263],[-2.67538,43.3126],[-2.67549,43.3126],[-2.67562,43.31259]]}},{"type":"Feature","properties":{"id":218664207,"highway":"footway","superficie":"compacted"},"geometry":{"type":"LineString","coordinates":[[-2.68017,43.31357],[-2.68013,43.31367],[-2.68005,43.31379],[-2.67999,43.31387],[-2.67997,43.31389],[-2.67992,43.31396]]}},{"type":"Feature","properties":{"id":218664208,"highway":"footway"},"geometry":{"type":"LineString","coordinates":[[-2.68088,43.31449],[-2.68088,43.31453],[-2.68087,43.31457],[-2.68083,43.3147],[-2.68081,43.31476],[-2.68077,43.31479]]}},{"type":"Feature","properties":{"id":218664210,"highway":"service","superficie":"asphalt"},"geometry":{"type":"LineString","coordinates":[[-2.6783,43.32193],[-2.6784,43.32194],[-2.67843,43.32195],[-2.6785,43.32199],[-2.67852,43.32204],[-2.67853,43.32207],[-2.67854,43.3221],[-2.67858,43.32225],[-2.67869,43.32248],[-2.67903,43.32323],[-2.67908,43.32325],[-2.6791,43.32326],[-2.67946,43.32328],[-2.67981,43.3233]]}},{"type":"Feature","properties":{"id":218664211,"highway":"residential","nombre":"Euskal Herria kalea","izena_eu":"Euskal Herria kalea","nombre_es":"Calle Euskal Herria","oneway":"yes"},"geometry":{"type":"LineString","coordinates":[[-2.6791,43.31252],[-2.67916,43.31252],[-2.67931,43.31253],[-2.67937,43.31252],[-2.67971,43.31238],[-2.6802,43.31218],[-2.68073,43.31196],[-2.68096,43.31186],[-2.68098,43.31186],[-2.68108,43.3118],[-2.68109,43.31176],[-2.68108,43.31172],[-2.68107,43.3117]]}},{"type":"Feature","properties":{"id":218664212,"highway":"residential","oneway":"yes"},"geometry":{"type":"LineString","coordinates":[[-2.67697,43.31567],[-2.67699,43.31568],[-2.67706,43.31572],[-2.6771,43.31576],[-2.67712,43.31579],[-2.67713,43.31583],[-2.67712,43.31585],[-2.67711,43.31589],[-2.67707,43.31593],[-2.67703,43.31595],[-2.67699,43.31597],[-2.67696,43.31599],[-2.67694,43.31601],[-2.67682,43.31607]]}},{"type":"Feature","properties":{"id":218668427,"highway":"residential","oneway":"no"},"geometry":{"type":"LineString","coordinates":[[-2.67877,43.31869],[-2.67886,43.3187],[-2.67969,43.31875],[-2.67967,43.31906]]}},{"type":"Feature","properties":{"id":218668564,"highway":"residential","oneway":"yes"},"geometry":{"type":"LineString","coordinates":[[-2.67964,43.30933],[-2.67914,43.30918],[-2.67907,43.30917]]}},{"type":"Feature","properties":{"id":218668565,"highway":"pedestrian"},"geometry":{"type":"LineString","coordinates":[[-2.68013,43.30727],[-2.68072,43.30745]]}},{"type":"Feature","properties":{"id":218668566,"highway":"pedestrian"},"geometry":{"type":"LineString","coordinates":[[-2.68109,43.30687],[-2.68112,43.30688],[-2.68108,43.30695],[-2.68207,43.30729],[-2.68196,43.30748],[-2.68187,43.30764],[-2.68178,43.3078],[-2.68166,43.30801],[-2.68143,43.30837],[-2.68142,43.30838]]}},{"type":"Feature","properties":{"id":218668568,"highway":"residential","oneway":"no"},"geometry":{"type":"LineString","coordinates":[[-2.68061,43.30896],[-2.68062,43.30894],[-2.68065,43.3089],[-2.68077,43.30868],[-2.68081,43.3086]]}},{"type":"Feature","properties":{"id":218669160,"highway":"residential","nombre":"Errekazarra kalea","izena_eu":"Errekazarra kalea","nombre_es":"Calle Errekazarra","oneway":"yes"},"geometry":{"type":"LineString","coordinates":[[-2.67501,43.31737],[-2.67494,43.31742],[-2.67485,43.31746],[-2.6747,43.31745],[-2.67461,43.31743],[-2.67421,43.31736],[-2.67405,43.31734],[-2.67394,43.31734],[-2.67347,43.31736]]}},{"type":"Feature","properties":{"id":218669161,"highway":"residential","nombre":"Kalekotxu kalea","izena_eu":"Kalekotxu kalea","nombre_es":"Calle Kalekotxu"},"geometry":{"type":"LineString","coordinates":[[-2.67426,43.31812],[-2.6742,43.31802],[-2.67416,43.31791],[-2.67415,43.31779],[-2.67417,43.31767],[-2.6742,43.31744],[-2.67421,43.31736]]}},{"type":"Feature","properties":{"id":218669162,"highway":"residential","nombre":"Uharte kalea","izena_eu":"Uharte kalea","nombre_es":"Calle Uharte","oneway":"yes","superficie":"asphalt"},"geometry":{"type":"LineString","coordinates":[[-2.67578,43.31936],[-2.67594,43.31907],[-2.67605,43.31885],[-2.67614,43.31867],[-2.67618,43.31854],[-2.67618,43.31837],[-2.67617,43.31831],[-2.67615,43.31824],[-2.67612,43.31818],[-2.67608,43.31813],[-2.676,43.31801],[-2.67587,43.31787],[-2.67575,43.31777],[-2.67554,43.31767],[-2.67543,43.31762],[-2.67536,43.31759],[-2.67532,43.31757]]}},{"type":"Feature","properties":{"id":218729981,"highway":"residential"},"geometry":{"type":"LineString","coordinates":[[-2.67017,43.31963],[-2.66986,43.31971],[-2.66976,43.31974]]}},{"type":"Feature","properties":{"id":218729982,"highway":"service"},"geometry":{"type":"LineString","coordinates":[[-2.66811,43.31977],[-2.66829,43.31978],[-2.66833,43.31978]]}},{"type":"Feature","properties":{"id":218729983,"highway":"service","oneway":"yes"},"geometry":{"type":"LineString","coordinates":[[-2.66811,43.31977],[-2.66813,43.31942],[-2.66797,43.31942],[-2.66795,43.31979],[-2.66811,43.31979],[-2.66811,43.31977]]}},{"type":"Feature","properties":{"id":218729984,"highway":"service","oneway":"yes","superficie":"asphalt"},"geometry":{"type":"LineString","coordinates":[[-2.67255,43.31815],[-2.67182,43.31837],[-2.67186,43.31844],[-2.67232,43.3183],[-2.67229,43.31826],[-2.67257,43.31817]]}},{"type":"Feature","properties":{"id":218729985,"highway":"residential"},"geometry":{"type":"LineString","coordinates":[[-2.67279,43.31776],[-2.67267,43.31789],[-2.67263,43.31794],[-2.67254,43.31803]]}},{"type":"Feature","properties":{"id":229227048,"highway":"primary","nombre":"Gernikako sahiesbidea","izena_eu":"Gernikako sahiesbidea","nombre_es":"Variante de Gernika","ref":"BI-635","oneway":"no","superficie":"asphalt"},"geometry":{"type":"LineString","coordinates":[[-2.67683,43.3047],[-2.67722,43.30439]]}},{"type":"Feature","properties":{"id":229227049,"highway":"primary","nombre":"Gernikako sahiesbidea","ref":"BI-635","oneway":"no","superficie":"asphalt"},"geometry":{"type":"LineString","coordinates":[[-2.6758,43.30584],[-2.67639,43.30513],[-2.67665,43.30487]]}},{"type":"Feature","properties":{"id":232894940,"highway":"pedestrian","nombre":"Eriabarrena kalea","izena_eu":"Eriabarrena kalea","nombre_es":"Calle Eriabarrena","superficie":"paving_stones"},"geometry":{"type":"LineString","coordinates":[[-2.67807,43.31375],[-2.67781,43.31376],[-2.67763,43.31376]]}},{"type":"Feature","properties":{"id":232895291,"highway":"residential"},"geometry":{"type":"LineString","coordinates":[[-2.67562,43.31259],[-2.67562,43.31262],[-2.67564,43.31287],[-2.67564,43.31291]]}},{"type":"Feature","properties":{"id":232895292,"highway":"residential"},"geometry":{"type":"LineString","coordinates":[[-2.67539,43.31293],[-2.67539,43.31288],[-2.67538,43.31264],[-2.67538,43.3126]]}},{"type":"Feature","properties":{"id":236008669,"highway":"tertiary","ref":"BI-3213","superficie":"asphalt"},"geometry":{"type":"LineString","coordinates":[[-2.68835,43.30888],[-2.68847,43.30883],[-2.68862,43.30875],[-2.6888,43.30868],[-2.68895,43.30864],[-2.68905,43.30864],[-2.68919,43.30868],[-2.68926,43.30871],[-2.68955,43.30886],[-2.68986,43.30905],[-2.6901,43.30935]]}},{"type":"Feature","properties":{"id":236008671,"highway":"tertiary","ref":"BI-3213","superficie":"asphalt"},"geometry":{"type":"LineString","coordinates":[[-2.69554,43.30983],[-2.69585,43.30977],[-2.69606,43.30973],[-2.69677,43.30961],[-2.69697,43.30958],[-2.69706,43.30957],[-2.69716,43.30957],[-2.69724,43.30958],[-2.69732,43.30958],[-2.69741,43.3096],[-2.69751,43.30963],[-2.69755,43.30965],[-2.6976,43.30968],[-2.69767,43.30971],[-2.69776,43.30977],[-2.69787,43.30985],[-2.69799,43.30993],[-2.69805,43.30998],[-2.6982,43.31009]]}},{"type":"Feature","properties":{"id":236008672,"highway":"tertiary","ref":"BI-3213","superficie":"asphalt"},"geometry":{"type":"LineString","coordinates":[[-2.69275,43.31039],[-2.69284,43.31028],[-2.693,43.31007],[-2.69318,43.30986],[-2.69326,43.30977],[-2.6933,43.30973],[-2.69337,43.30968],[-2.69346,43.30963],[-2.69354,43.3096],[-2.69363,43.30958],[-2.69374,43.30956],[-2.69381,43.30956],[-2.69387,43.30956],[-2.69396,43.30956],[-2.69404,43.30958],[-2.69414,43.30961],[-2.69429,43.30969]]}},{"type":"Feature","properties":{"id":236008674,"highway":"tertiary","ref":"BI-3213","superficie":"asphalt"},"geometry":{"type":"LineString","coordinates":[[-2.70757,43.31576],[-2.70778,43.31578],[-2.7079,43.31579],[-2.70798,43.31579],[-2.70808,43.31578],[-2.70813,43.31576],[-2.70817,43.31573],[-2.70836,43.31556],[-2.7084,43.31553],[-2.70846,43.31551],[-2.70855,43.31549],[-2.70861,43.31549],[-2.70873,43.31549],[-2.70904,43.31558],[-2.70933,43.3157],[-2.70944,43.31575],[-2.70975,43.31591],[-2.70983,43.31594],[-2.70993,43.31599],[-2.71014,43.31607],[-2.71032,43.31611],[-2.71075,43.31616]]}},{"type":"Feature","properties":{"id":236008675,"highway":"tertiary","ref":"BI-3213","superficie":"asphalt"},"geometry":{"type":"LineString","coordinates":[[-2.69429,43.30969],[-2.69447,43.30982],[-2.69457,43.30987],[-2.69469,43.30991]]}},{"type":"Feature","properties":{"id":236008676,"highway":"tertiary","ref":"BI-3213","superficie":"asphalt"},"geometry":{"type":"LineString","coordinates":[[-2.70428,43.31279],[-2.70429,43.3128],[-2.70464,43.31296],[-2.70479,43.31306],[-2.70486,43.31315],[-2.7049,43.31325],[-2.7049,43.31336],[-2.70474,43.31385],[-2.70471,43.31404],[-2.70472,43.31417],[-2.70478,43.31438],[-2.70479,43.31449],[-2.70475,43.31488],[-2.70472,43.31495],[-2.70456,43.31529],[-2.70454,43.31535],[-2.70454,43.31541],[-2.70455,43.31548],[-2.70459,43.31564],[-2.70474,43.31602],[-2.70483,43.31619],[-2.70515,43.31671],[-2.70534,43.31708],[-2.7054,43.31723]]}},{"type":"Feature","properties":{"id":236008677,"highway":"tertiary","ref":"BI-3213","superficie":"asphalt"},"geometry":{"type":"LineString","coordinates":[[-2.7054,43.31723],[-2.70542,43.31731],[-2.70544,43.31744],[-2.70548,43.31784],[-2.70552,43.31793],[-2.70559,43.31798],[-2.70567,43.31801],[-2.70572,43.31801],[-2.70574,43.31801],[-2.70581,43.318],[-2.70589,43.31795],[-2.70625,43.31743],[-2.70627,43.31737],[-2.70628,43.31712],[-2.70633,43.31697],[-2.70646,43.31669],[-2.7065,43.31659],[-2.70652,43.31648],[-2.7065,43.31633],[-2.7065,43.31622],[-2.70653,43.31608],[-2.70656,43.31597],[-2.70663,43.31586],[-2.70667,43.31581],[-2.7067,43.31578],[-2.70676,43.31574],[-2.70687,43.31571],[-2.70728,43.31572],[-2.70757,43.31576]]}},{"type":"Feature","properties":{"id":236008678,"highway":"tertiary","ref":"BI-3213","superficie":"asphalt"},"geometry":{"type":"LineString","coordinates":[[-2.69051,43.30966],[-2.69057,43.30974],[-2.69062,43.30983],[-2.69067,43.3099],[-2.69073,43.30995],[-2.69082,43.31002],[-2.69096,43.3101],[-2.69117,43.31021],[-2.69126,43.31026],[-2.69133,43.31032],[-2.69139,43.31039],[-2.69144,43.31047],[-2.69151,43.31062],[-2.69157,43.31082],[-2.69162,43.31096],[-2.69164,43.31106],[-2.69165,43.31114],[-2.69166,43.31133],[-2.69165,43.3115],[-2.69166,43.31158],[-2.69168,43.31165],[-2.69173,43.31181],[-2.69182,43.31207],[-2.69188,43.31224],[-2.69191,43.3123],[-2.69196,43.31235],[-2.69204,43.31239],[-2.69209,43.3124],[-2.69218,43.31241],[-2.69223,43.31242],[-2.6923,43.31241],[-2.69235,43.3124],[-2.69241,43.31239],[-2.69248,43.31236],[-2.69254,43.3123],[-2.69257,43.31225],[-2.69257,43.31219],[-2.69257,43.31213],[-2.69252,43.31192],[-2.69246,43.31171],[-2.69244,43.31165],[-2.69243,43.31157],[-2.69243,43.31149],[-2.69245,43.31139],[-2.69247,43.3113],[-2.69251,43.31121],[-2.69254,43.31109],[-2.69256,43.31098],[-2.69257,43.3109],[-2.69258,43.31082],[-2.69258,43.31077],[-2.69259,43.3107],[-2.69262,43.31061],[-2.69265,43.31055],[-2.69269,43.31048],[-2.69275,43.3104],[-2.69275,43.31039]]}},{"type":"Feature","properties":{"id":236008679,"highway":"tertiary","ref":"BI-3213","superficie":"asphalt"},"geometry":{"type":"LineString","coordinates":[[-2.69469,43.30991],[-2.69482,43.30993],[-2.69497,43.30993],[-2.69514,43.3099],[-2.69539,43.30986],[-2.69554,43.30983]]}},{"type":"Feature","properties":{"id":236008680,"highway":"tertiary","ref":"BI-3213","superficie":"asphalt"},"geometry":{"type":"LineString","coordinates":[[-2.6901,43.30935],[-2.69018,43.30943],[-2.69021,43.30945],[-2.69029,43.3095],[-2.69046,43.30961],[-2.69051,43.30966]]}},{"type":"Feature","properties":{"id":236008682,"highway":"tertiary","ref":"BI-3213","superficie":"asphalt"},"geometry":{"type":"LineString","coordinates":[[-2.68726,43.30915],[-2.68738,43.3091],[-2.68755,43.30905],[-2.68776,43.309],[-2.68782,43.30899],[-2.68814,43.30892],[-2.68835,43.30888]]}},{"type":"Feature","properties":{"id":236008683,"highway":"tertiary","ref":"BI-3213","superficie":"asphalt"},"geometry":{"type":"LineString","coordinates":[[-2.6982,43.31009],[-2.69845,43.3103],[-2.69881,43.31059],[-2.69891,43.31071],[-2.69899,43.31083],[-2.69906,43.31104],[-2.69909,43.31109],[-2.69913,43.31113],[-2.69918,43.31116],[-2.69924,43.31119],[-2.69954,43.31125],[-2.69969,43.31131],[-2.69974,43.31135],[-2.69988,43.31148],[-2.69994,43.31154],[-2.69999,43.31163],[-2.70022,43.31219],[-2.70031,43.31235],[-2.70043,43.31251],[-2.7005,43.31256],[-2.70058,43.31257],[-2.70065,43.31258],[-2.70072,43.31257],[-2.70084,43.31253],[-2.70091,43.31248],[-2.70103,43.31227],[-2.7011,43.3122],[-2.70117,43.31214],[-2.70149,43.31195],[-2.70156,43.31188],[-2.70162,43.31181],[-2.70165,43.31174],[-2.70176,43.31139],[-2.70182,43.3113],[-2.70186,43.31127],[-2.70195,43.31123],[-2.70201,43.31122],[-2.70212,43.31122],[-2.70227,43.31126],[-2.70241,43.31132],[-2.70268,43.3115],[-2.70318,43.31191],[-2.70343,43.31214],[-2.70365,43.3124],[-2.70375,43.3125],[-2.70381,43.31256],[-2.70399,43.31266],[-2.70428,43.31279]]}},{"type":"Feature","properties":{"id":236328495,"highway":"tertiary","ref":"BI-4215"},"geometry":{"type":"LineString","coordinates":[[-2.68868,43.3132],[-2.68877,43.31313]]}},{"type":"Feature","properties":{"id":236328497,"highway":"tertiary","ref":"BI-4215"},"geometry":{"type":"LineString","coordinates":[[-2.6864,43.31603],[-2.6864,43.31599],[-2.6864,43.31596],[-2.68639,43.31593],[-2.68637,43.31587],[-2.68635,43.31583],[-2.68634,43.31578],[-2.68634,43.31574],[-2.68634,43.3157],[-2.68634,43.31567],[-2.68635,43.31565],[-2.68635,43.31563],[-2.68637,43.3156],[-2.68639,43.31557],[-2.68644,43.31553],[-2.6865,43.3155],[-2.68657,43.31548],[-2.68702,43.31539],[-2.68713,43.31537],[-2.6872,43.31535],[-2.68729,43.31532],[-2.68734,43.3153],[-2.6874,43.31527],[-2.68743,43.31524],[-2.68749,43.3152]]}},{"type":"Feature","properties":{"id":236328500,"highway":"tertiary","ref":"BI-4215"},"geometry":{"type":"LineString","coordinates":[[-2.68749,43.3152],[-2.6877,43.315],[-2.68774,43.31497],[-2.68778,43.31492],[-2.68782,43.31487],[-2.68785,43.31483],[-2.68789,43.31473],[-2.6879,43.31465],[-2.6879,43.31457],[-2.68791,43.31449],[-2.68791,43.31446],[-2.68791,43.31441],[-2.68791,43.31438],[-2.68789,43.31428],[-2.68787,43.31421],[-2.68784,43.31413],[-2.68782,43.31408],[-2.6878,43.31402],[-2.6878,43.31398],[-2.6878,43.31394],[-2.68781,43.3139],[-2.68783,43.31386],[-2.6879,43.31378],[-2.68796,43.31371],[-2.68808,43.31357],[-2.68814,43.31352],[-2.68821,43.31347],[-2.68851,43.31331],[-2.68858,43.31326],[-2.68864,43.31323],[-2.68868,43.3132]]}},{"type":"Feature","properties":{"id":236328501,"highway":"tertiary","nombre":"Allendesalazar etorbidea","izena_eu":"Allendesalazar etorbidea","ref":"BI-4215"},"geometry":{"type":"LineString","coordinates":[[-2.68249,43.31449],[-2.68237,43.31446],[-2.68231,43.31445],[-2.68222,43.31444],[-2.68195,43.31441],[-2.68181,43.31439]]}},{"type":"Feature","properties":{"id":236328502,"highway":"tertiary","ref":"BI-4215","superficie":"asphalt"},"geometry":{"type":"LineString","coordinates":[[-2.68249,43.31449],[-2.68256,43.31454],[-2.68263,43.31459],[-2.68277,43.3147],[-2.68287,43.31476],[-2.68292,43.3148],[-2.683,43.31484],[-2.68309,43.31488],[-2.68315,43.31492],[-2.68319,43.31496],[-2.6832,43.31499],[-2.6832,43.31502],[-2.6832,43.31505],[-2.68319,43.31507],[-2.68317,43.31509],[-2.68311,43.31513],[-2.68305,43.31516],[-2.68299,43.31518],[-2.68275,43.31525],[-2.68271,43.31526],[-2.68263,43.31528],[-2.68252,43.31532],[-2.68241,43.31535],[-2.6823,43.31539],[-2.68227,43.3154],[-2.68221,43.31543],[-2.68215,43.31546],[-2.68212,43.31549],[-2.6821,43.31551],[-2.68207,43.31554],[-2.68205,43.31557],[-2.68203,43.31561],[-2.68202,43.31564],[-2.68204,43.31583],[-2.68208,43.31598],[-2.6821,43.31609],[-2.68214,43.31631],[-2.68218,43.31647],[-2.68219,43.3165],[-2.68219,43.31652],[-2.68221,43.31657],[-2.68224,43.31659],[-2.68228,43.31662],[-2.68231,43.31662],[-2.68236,43.31663],[-2.6824,43.31662],[-2.68245,43.31661],[-2.6825,43.31658],[-2.68252,43.31656],[-2.68253,43.31653],[-2.68254,43.31649],[-2.68254,43.31647],[-2.68253,43.31644],[-2.6825,43.3164],[-2.68248,43.31636],[-2.68243,43.31626],[-2.68241,43.31623],[-2.68241,43.31621],[-2.6824,43.31618],[-2.6824,43.31616],[-2.68241,43.31614],[-2.68241,43.31612],[-2.68242,43.3161],[-2.68243,43.31608],[-2.68244,43.31607],[-2.68246,43.31604],[-2.68251,43.31601],[-2.68255,43.31598],[-2.68263,43.31594],[-2.68271,43.31593],[-2.68276,43.31592],[-2.68285,43.31591],[-2.6829,43.3159],[-2.68295,43.3159],[-2.68304,43.31591],[-2.68312,43.31593],[-2.68325,43.31598],[-2.68333,43.316],[-2.68338,43.31601],[-2.68345,43.31601],[-2.68352,43.31601],[-2.68368,43.316],[-2.68378,43.31599],[-2.68389,43.31598],[-2.68401,43.31597],[-2.68409,43.31596],[-2.68415,43.31596],[-2.68421,43.31596],[-2.68426,43.31597],[-2.68429,43.31597],[-2.68433,43.31598],[-2.68443,43.31601],[-2.68471,43.31609],[-2.68493,43.31615],[-2.68548,43.3163],[-2.68579,43.31638],[-2.68587,43.3164],[-2.68597,43.31641],[-2.68603,43.31641],[-2.68605,43.31641],[-2.6861,43.31641],[-2.68613,43.31641],[-2.68616,43.3164],[-2.68619,43.31639],[-2.68621,43.31638],[-2.68624,43.31636],[-2.68627,43.31635],[-2.68629,43.31633],[-2.68631,43.3163],[-2.68633,43.31627],[-2.68635,43.31623],[-2.68638,43.31617],[-2.68639,43.31613],[-2.6864,43.31609],[-2.6864,43.31606],[-2.6864,43.31603]]}},{"type":"Feature","properties":{"id":236328567,"highway":"unclassified"},"geometry":{"type":"LineString","coordinates":[[-2.68935,43.31025],[-2.68949,43.30968],[-2.6895,43.3096],[-2.68947,43.30954],[-2.68925,43.30931],[-2.68924,43.30926],[-2.68926,43.30923],[-2.68936,43.30921],[-2.68939,43.3092],[-2.68969,43.30917],[-2.68978,43.30918],[-2.6899,43.30921],[-2.6901,43.30935]]}},{"type":"Feature","properties":{"id":236328570,"highway":"unclassified"},"geometry":{"type":"LineString","coordinates":[[-2.70647,43.32204],[-2.7057,43.32195],[-2.70546,43.32192],[-2.70528,43.32189],[-2.70506,43.32177],[-2.7048,43.32162],[-2.70454,43.32139],[-2.70451,43.32136],[-2.70446,43.32132],[-2.70425,43.32111],[-2.70419,43.32102],[-2.70405,43.32081],[-2.70387,43.32058],[-2.70374,43.32027],[-2.70361,43.32002],[-2.70354,43.31981]]}},{"type":"Feature","properties":{"id":236328576,"highway":"track"},"geometry":{"type":"LineString","coordinates":[[-2.68797,43.31817],[-2.68805,43.31819],[-2.68823,43.31822],[-2.68825,43.31822],[-2.68829,43.31823],[-2.68832,43.31823],[-2.68834,43.31823],[-2.68839,43.31822],[-2.68841,43.31822],[-2.68843,43.31822],[-2.68847,43.31821],[-2.68858,43.31817],[-2.6887,43.31814],[-2.68889,43.31807],[-2.68906,43.318],[-2.68912,43.31798],[-2.68918,43.31797],[-2.6893,43.31796]]}},{"type":"Feature","properties":{"id":236328577,"highway":"service"},"geometry":{"type":"LineString","coordinates":[[-2.69862,43.31378],[-2.69861,43.31374],[-2.69861,43.31371],[-2.6986,43.3137],[-2.6986,43.31368],[-2.69859,43.31366],[-2.69857,43.31364],[-2.69853,43.31358],[-2.69851,43.31356],[-2.6985,43.31354],[-2.6985,43.31353],[-2.69849,43.31352],[-2.69849,43.3135],[-2.6985,43.31348],[-2.69854,43.31335],[-2.69854,43.31333],[-2.69854,43.3133]]}},{"type":"Feature","properties":{"id":236328581,"highway":"service"},"geometry":{"type":"LineString","coordinates":[[-2.69374,43.31255],[-2.69377,43.3122],[-2.69377,43.31212],[-2.69375,43.31203],[-2.69368,43.31186],[-2.69365,43.31169],[-2.69365,43.31158],[-2.69364,43.31123],[-2.69367,43.31101],[-2.69367,43.3109],[-2.69366,43.31081],[-2.69358,43.3105],[-2.69355,43.31041],[-2.69357,43.31034],[-2.6936,43.31028],[-2.69366,43.31025],[-2.69373,43.31023],[-2.69383,43.31024],[-2.6939,43.31024],[-2.69393,43.31022],[-2.69396,43.31016],[-2.69397,43.31011],[-2.69404,43.31004],[-2.69415,43.30996],[-2.6942,43.3099],[-2.69427,43.30978],[-2.69428,43.30974],[-2.69429,43.30969]]}},{"type":"Feature","properties":{"id":236328582,"highway":"service"},"geometry":{"type":"LineString","coordinates":[[-2.69366,43.31428],[-2.69373,43.3142],[-2.69384,43.31415],[-2.69399,43.31414],[-2.69421,43.31414],[-2.69438,43.31412],[-2.69445,43.31409],[-2.69452,43.31397],[-2.69461,43.31388],[-2.69481,43.31377],[-2.69486,43.3137],[-2.69487,43.31367],[-2.69483,43.31363],[-2.69465,43.3136],[-2.69444,43.31358],[-2.69423,43.31352],[-2.69414,43.31347],[-2.69406,43.3134],[-2.69397,43.31328],[-2.69389,43.31319],[-2.69378,43.31309],[-2.69374,43.31305],[-2.6937,43.31297],[-2.69368,43.3129],[-2.69368,43.3128],[-2.69374,43.31255]]}},{"type":"Feature","properties":{"id":236328583,"highway":"unclassified"},"geometry":{"type":"LineString","coordinates":[[-2.68926,43.31079],[-2.68935,43.31025]]}},{"type":"Feature","properties":{"id":236328584,"highway":"unclassified"},"geometry":{"type":"LineString","coordinates":[[-2.68877,43.31313],[-2.68871,43.31304],[-2.68867,43.313],[-2.68861,43.31296],[-2.68829,43.31296],[-2.68794,43.31297],[-2.68785,43.31297]]}},{"type":"Feature","properties":{"id":236328585,"highway":"service"},"geometry":{"type":"LineString","coordinates":[[-2.69814,43.31367],[-2.69813,43.31363],[-2.69812,43.31359],[-2.69812,43.31358],[-2.69813,43.31356],[-2.69814,43.31355],[-2.69818,43.31351],[-2.69821,43.31349],[-2.69821,43.31347],[-2.69823,43.31344],[-2.69825,43.31335],[-2.69826,43.31334],[-2.69827,43.31332],[-2.69829,43.31331],[-2.6983,43.3133],[-2.69832,43.3133],[-2.69834,43.3133],[-2.69847,43.31329],[-2.69848,43.31329],[-2.69854,43.3133]]}},{"type":"Feature","properties":{"id":236328587,"highway":"unclassified"},"geometry":{"type":"LineString","coordinates":[[-2.68881,43.31348],[-2.68895,43.31351],[-2.68902,43.31355],[-2.68918,43.31375],[-2.68922,43.31386],[-2.68928,43.31404],[-2.68932,43.31411],[-2.68943,43.31425],[-2.68954,43.31436],[-2.68968,43.31446],[-2.68994,43.31459],[-2.6901,43.31469],[-2.69026,43.31476],[-2.69037,43.3148],[-2.69043,43.31484],[-2.69047,43.31489],[-2.69048,43.31496],[-2.6905,43.31532],[-2.69053,43.31545],[-2.69055,43.31551],[-2.6907,43.31591],[-2.6909,43.31644],[-2.69092,43.31655],[-2.69091,43.31664],[-2.69085,43.31679],[-2.69073,43.31699],[-2.69061,43.31721],[-2.69036,43.31752]]}},{"type":"Feature","properties":{"id":236328589,"highway":"service"},"geometry":{"type":"LineString","coordinates":[[-2.69374,43.31255],[-2.69384,43.31272],[-2.694,43.31292],[-2.69426,43.31304],[-2.69448,43.31309],[-2.6947,43.31308],[-2.69526,43.31305],[-2.69547,43.31303],[-2.69598,43.31315],[-2.69622,43.31322],[-2.69649,43.31326],[-2.69689,43.31331],[-2.69744,43.31342],[-2.69782,43.31353],[-2.69809,43.31366],[-2.69814,43.31367],[-2.69818,43.31368],[-2.69838,43.31377],[-2.69847,43.31379],[-2.69861,43.31377],[-2.69862,43.31378],[-2.69903,43.31389],[-2.69932,43.314],[-2.69941,43.31402],[-2.69956,43.31403],[-2.69972,43.31404],[-2.69996,43.31408],[-2.70007,43.31408],[-2.70047,43.31406],[-2.7008,43.31402]]}},{"type":"Feature","properties":{"id":236328592,"highway":"unclassified"},"geometry":{"type":"LineString","coordinates":[[-2.69409,43.32112],[-2.69391,43.32114],[-2.69381,43.32113],[-2.69371,43.3211],[-2.69366,43.32106],[-2.69347,43.32086],[-2.69337,43.32072],[-2.6933,43.32062],[-2.69314,43.32039],[-2.69306,43.32005],[-2.69302,43.31993],[-2.69291,43.31973],[-2.69273,43.31944],[-2.69244,43.31921],[-2.69229,43.31914],[-2.69208,43.31911],[-2.69163,43.31916],[-2.69145,43.31915],[-2.69112,43.3191],[-2.69102,43.31905],[-2.69094,43.31899],[-2.69082,43.3189],[-2.69072,43.31877],[-2.69049,43.31842],[-2.69035,43.31823],[-2.69022,43.31806],[-2.6902,43.31799],[-2.69019,43.31792],[-2.69028,43.31766],[-2.69036,43.31752]]}},{"type":"Feature","properties":{"id":236328594,"highway":"residential"},"geometry":{"type":"LineString","coordinates":[[-2.68868,43.3132],[-2.68874,43.31328],[-2.68879,43.31342],[-2.68881,43.31348]]}},{"type":"Feature","properties":{"id":236328596,"highway":"service"},"geometry":{"type":"LineString","coordinates":[[-2.68881,43.31348],[-2.68875,43.31356],[-2.68865,43.31365]]}},{"type":"Feature","properties":{"id":236328598,"highway":"unclassified"},"geometry":{"type":"LineString","coordinates":[[-2.70354,43.31981],[-2.70371,43.32],[-2.70383,43.32014],[-2.70387,43.32016],[-2.70393,43.32017],[-2.70396,43.32014],[-2.70395,43.3201],[-2.70391,43.32001],[-2.70381,43.31962],[-2.70376,43.31945],[-2.70369,43.31929],[-2.70351,43.31897],[-2.70344,43.31885],[-2.7026,43.31754],[-2.70216,43.31688],[-2.70196,43.31656],[-2.70182,43.31632],[-2.70166,43.31607],[-2.70152,43.31584],[-2.70141,43.31566],[-2.70138,43.31561],[-2.70139,43.31553],[-2.70143,43.31551],[-2.70176,43.3154],[-2.70195,43.31539],[-2.70215,43.3154],[-2.70248,43.31548],[-2.70283,43.3156],[-2.70311,43.31575],[-2.70424,43.31643],[-2.70457,43.31669],[-2.70503,43.31708],[-2.70519,43.3172],[-2.70526,43.31724],[-2.7054,43.31723]]}},{"type":"Feature","properties":{"id":236328601,"highway":"unclassified"},"geometry":{"type":"LineString","coordinates":[[-2.70354,43.31981],[-2.70329,43.31942],[-2.70297,43.319],[-2.7029,43.31892],[-2.7025,43.31859],[-2.70222,43.31831],[-2.70211,43.31825],[-2.70201,43.31821],[-2.70191,43.3182],[-2.70178,43.3182]]}},{"type":"Feature","properties":{"id":236328603,"highway":"service"},"geometry":{"type":"LineString","coordinates":[[-2.68844,43.31129],[-2.68861,43.31124],[-2.68891,43.31107],[-2.68926,43.31079]]}},{"type":"Feature","properties":{"id":236328604,"highway":"service"},"geometry":{"type":"LineString","coordinates":[[-2.69664,43.30984],[-2.69601,43.30989],[-2.69569,43.30989],[-2.69554,43.30983]]}},{"type":"Feature","properties":{"id":236328605,"highway":"service"},"geometry":{"type":"LineString","coordinates":[[-2.68883,43.31818],[-2.68896,43.31813],[-2.68912,43.31806],[-2.6893,43.31796]]}},{"type":"Feature","properties":{"id":236328611,"highway":"service"},"geometry":{"type":"LineString","coordinates":[[-2.69854,43.3133],[-2.69863,43.31323],[-2.69864,43.31322],[-2.69868,43.31318],[-2.6987,43.31313],[-2.69872,43.3131],[-2.69873,43.31308],[-2.69875,43.31302],[-2.69875,43.31297],[-2.69875,43.31292],[-2.69874,43.31282],[-2.69873,43.31277],[-2.69872,43.31264],[-2.6987,43.31256],[-2.69869,43.31249],[-2.69868,43.31245],[-2.69867,43.31241],[-2.69866,43.31239],[-2.69865,43.31235],[-2.69863,43.31233],[-2.69859,43.31226],[-2.69852,43.31217],[-2.69851,43.31215],[-2.69849,43.31211],[-2.69849,43.3121],[-2.69848,43.31208],[-2.69847,43.31207],[-2.69847,43.31203],[-2.69847,43.31202],[-2.69848,43.31197],[-2.69848,43.31192],[-2.69849,43.31186],[-2.69849,43.31176],[-2.69851,43.31156],[-2.69851,43.31152],[-2.6985,43.31146],[-2.6985,43.31141],[-2.69849,43.31136],[-2.69848,43.31129],[-2.69845,43.31117],[-2.69844,43.31116],[-2.69841,43.31107],[-2.6984,43.31104],[-2.69837,43.31097],[-2.69831,43.31086],[-2.69825,43.31072],[-2.69814,43.31046],[-2.69808,43.31034],[-2.69802,43.3102],[-2.698,43.31013],[-2.69798,43.31008],[-2.69797,43.31003],[-2.69796,43.31002],[-2.69797,43.31001],[-2.69797,43.30999],[-2.69799,43.30993]]}},{"type":"Feature","properties":{"id":236328612,"highway":"unclassified"},"geometry":{"type":"LineString","coordinates":[[-2.70773,43.3222],[-2.70761,43.32214],[-2.7075,43.32209],[-2.70748,43.32209],[-2.70716,43.32207],[-2.70647,43.32204]]}},{"type":"Feature","properties":{"id":236328614,"highway":"service"},"geometry":{"type":"LineString","coordinates":[[-2.68879,43.31072],[-2.68873,43.31062],[-2.68879,43.31047],[-2.68895,43.3103],[-2.68919,43.31024],[-2.68935,43.31025]]}},{"type":"Feature","properties":{"id":236328617,"highway":"unclassified"},"geometry":{"type":"LineString","coordinates":[[-2.70748,43.32209],[-2.70759,43.32203],[-2.70782,43.32193]]}},{"type":"Feature","properties":{"id":236328632,"highway":"service"},"geometry":{"type":"LineString","coordinates":[[-2.6893,43.31796],[-2.68936,43.31795],[-2.68949,43.31793],[-2.68963,43.31788],[-2.68972,43.31784],[-2.68996,43.3177],[-2.69012,43.31762],[-2.69036,43.31752]]}},{"type":"Feature","properties":{"id":236475222,"highway":"primary_link","ref":"BI-635","oneway":"yes"},"geometry":{"type":"LineString","coordinates":[[-2.6839,43.30204],[-2.68373,43.30232]]}},{"type":"Feature","properties":{"id":236475224,"highway":"primary","ref":"BI-635","oneway":"yes","superficie":"asphalt"},"geometry":{"type":"LineString","coordinates":[[-2.68673,43.29594],[-2.68676,43.29578],[-2.68678,43.29571]]}},{"type":"Feature","properties":{"id":236475225,"highway":"primary","ref":"BI-635","oneway":"yes","superficie":"asphalt"},"geometry":{"type":"LineString","coordinates":[[-2.68638,43.29727],[-2.68646,43.29703],[-2.68655,43.29671],[-2.68658,43.29659],[-2.68667,43.29618],[-2.68673,43.29594]]}},{"type":"Feature","properties":{"id":236475226,"highway":"primary","ref":"BI-635","oneway":"yes","superficie":"asphalt"},"geometry":{"type":"LineString","coordinates":[[-2.68669,43.29572],[-2.6865,43.29654],[-2.68648,43.29661]]}},{"type":"Feature","properties":{"id":236475227,"highway":"residential","superficie":"asphalt"},"geometry":{"type":"LineString","coordinates":[[-2.68691,43.29603],[-2.68693,43.29602],[-2.68696,43.296],[-2.68697,43.29598],[-2.68698,43.29596],[-2.68698,43.29594],[-2.68697,43.29592],[-2.68695,43.2959],[-2.68692,43.29589],[-2.68688,43.29588],[-2.68685,43.29589],[-2.68683,43.2959],[-2.6868,43.29591],[-2.68679,43.29593],[-2.68678,43.29595],[-2.68678,43.29597],[-2.6868,43.29599],[-2.68682,43.29601],[-2.68684,43.29602],[-2.68688,43.29603],[-2.68691,43.29603]]}},{"type":"Feature","properties":{"id":236475228,"highway":"service"},"geometry":{"type":"LineString","coordinates":[[-2.69756,43.30818],[-2.69755,43.30825],[-2.69754,43.30833],[-2.69751,43.30838],[-2.69744,43.30842],[-2.69727,43.30849],[-2.69688,43.30864],[-2.69672,43.30867],[-2.6965,43.30867],[-2.69625,43.30868]]}},{"type":"Feature","properties":{"id":236475230,"highway":"primary_link","oneway":"yes","superficie":"asphalt"},"geometry":{"type":"LineString","coordinates":[[-2.68397,43.30208],[-2.68433,43.30165],[-2.6847,43.30132],[-2.68518,43.30089],[-2.68552,43.3005],[-2.68569,43.30022],[-2.68585,43.29987],[-2.68594,43.2996],[-2.686,43.29933],[-2.68608,43.29888],[-2.68614,43.2985],[-2.68615,43.29814]]}},{"type":"Feature","properties":{"id":236475231,"highway":"service"},"geometry":{"type":"LineString","coordinates":[[-2.69241,43.30594],[-2.69242,43.30591],[-2.69247,43.30583],[-2.69261,43.30577],[-2.6927,43.30576],[-2.69288,43.30578],[-2.69339,43.30581],[-2.69356,43.30582],[-2.69362,43.30578],[-2.69378,43.30523]]}},{"type":"Feature","properties":{"id":236475232,"highway":"service"},"geometry":{"type":"LineString","coordinates":[[-2.69212,43.30611],[-2.69224,43.30607],[-2.69227,43.30606],[-2.69231,43.30605],[-2.69234,43.30603],[-2.69238,43.306],[-2.6924,43.30597],[-2.69241,43.30596],[-2.69241,43.30596],[-2.69241,43.30595],[-2.69241,43.30594],[-2.69241,43.30594]]}},{"type":"Feature","properties":{"id":236475233,"highway":"track"},"geometry":{"type":"LineString","coordinates":[[-2.69398,43.30094],[-2.69395,43.30096],[-2.69395,43.30096],[-2.69402,43.30103],[-2.69403,43.30104],[-2.69407,43.3011],[-2.69417,43.30123],[-2.69421,43.30128],[-2.69428,43.30132],[-2.69432,43.30134],[-2.69456,43.30143],[-2.69467,43.30149],[-2.69481,43.30158],[-2.69485,43.30161],[-2.69509,43.30176],[-2.69522,43.30185],[-2.69537,43.30194],[-2.6954,43.30196]]}},{"type":"Feature","properties":{"id":236475234,"highway":"service"},"geometry":{"type":"LineString","coordinates":[[-2.69722,43.30918],[-2.69706,43.30919],[-2.69691,43.30918],[-2.69687,43.30915],[-2.69694,43.30911],[-2.69706,43.30905],[-2.69713,43.309],[-2.69715,43.30894],[-2.69706,43.30892],[-2.69687,43.30888],[-2.69658,43.3088],[-2.69637,43.30873],[-2.69625,43.30868]]}},{"type":"Feature","properties":{"id":236475235,"highway":"service"},"geometry":{"type":"LineString","coordinates":[[-2.71313,43.3091],[-2.71269,43.30917],[-2.71245,43.30919],[-2.71231,43.30918],[-2.71211,43.30914],[-2.71194,43.30909],[-2.71189,43.30908],[-2.71184,43.30906],[-2.71153,43.30896],[-2.71089,43.30871],[-2.71068,43.30866],[-2.71032,43.30857],[-2.70977,43.30848],[-2.70937,43.3084],[-2.70905,43.30836],[-2.70884,43.30838]]}},{"type":"Feature","properties":{"id":236475237,"highway":"service","puente":"yes"},"geometry":{"type":"LineString","coordinates":[[-2.69165,43.30971],[-2.69159,43.30977]]}},{"type":"Feature","properties":{"id":236475238,"highway":"unclassified"},"geometry":{"type":"LineString","coordinates":[[-2.70258,43.30843],[-2.70241,43.30838],[-2.70218,43.30829],[-2.70192,43.30817],[-2.70165,43.30807],[-2.70147,43.30796],[-2.70139,43.30789],[-2.70119,43.30781],[-2.70081,43.30769],[-2.70047,43.30756],[-2.70036,43.30754],[-2.70012,43.30752],[-2.69993,43.30748],[-2.69971,43.3074],[-2.69938,43.30727],[-2.6991,43.30713],[-2.69902,43.30708],[-2.69876,43.30698],[-2.69867,43.30694],[-2.69854,43.30686],[-2.69843,43.30679]]}},{"type":"Feature","properties":{"id":236475239,"highway":"service"},"geometry":{"type":"LineString","coordinates":[[-2.69564,43.30763],[-2.69559,43.3076],[-2.69553,43.30757],[-2.69543,43.30756],[-2.69525,43.30753],[-2.69514,43.30753],[-2.69507,43.30753],[-2.69498,43.30755],[-2.69489,43.30759],[-2.69483,43.30763],[-2.69476,43.30773],[-2.6947,43.30779],[-2.69461,43.30783],[-2.69452,43.30785],[-2.69436,43.30784],[-2.69424,43.30782],[-2.69402,43.30772],[-2.69377,43.30761],[-2.69349,43.30751],[-2.69341,43.3075],[-2.69332,43.3075],[-2.69324,43.30751],[-2.69307,43.30755],[-2.69281,43.30765],[-2.69267,43.30769],[-2.69256,43.30771],[-2.69249,43.30773]]}},{"type":"Feature","properties":{"id":236475240,"highway":"service","oneway":"yes"},"geometry":{"type":"LineString","coordinates":[[-2.6839,43.30204],[-2.68391,43.30205],[-2.68392,43.30206],[-2.68397,43.30208]]}},{"type":"Feature","properties":{"id":236475242,"highway":"service"},"geometry":{"type":"LineString","coordinates":[[-2.69165,43.30971],[-2.6917,43.30987]]}},{"type":"Feature","properties":{"id":236475243,"highway":"service"},"geometry":{"type":"LineString","coordinates":[[-2.69598,43.3077],[-2.69575,43.30763],[-2.69564,43.30763]]}},{"type":"Feature","properties":{"id":236475244,"highway":"service"},"geometry":{"type":"LineString","coordinates":[[-2.70242,43.30969],[-2.70211,43.3094]]}},{"type":"Feature","properties":{"id":236475245,"highway":"unclassified"},"geometry":{"type":"LineString","coordinates":[[-2.68637,43.29849],[-2.68637,43.29827],[-2.68638,43.29818]]}},{"type":"Feature","properties":{"id":236475246,"highway":"primary_link"},"geometry":{"type":"LineString","coordinates":[[-2.68678,43.29595],[-2.68675,43.29594],[-2.68673,43.29594]]}},{"type":"Feature","properties":{"id":236475247,"highway":"track"},"geometry":{"type":"LineString","coordinates":[[-2.68405,43.3021],[-2.68414,43.30211],[-2.68426,43.30214],[-2.68439,43.30219],[-2.68456,43.30227],[-2.68476,43.30233],[-2.68485,43.30238],[-2.68488,43.30242]]}},{"type":"Feature","properties":{"id":236475248,"highway":"service"},"geometry":{"type":"LineString","coordinates":[[-2.69249,43.30773],[-2.69247,43.30775],[-2.69244,43.30784],[-2.69242,43.30806],[-2.6924,43.3081],[-2.69235,43.30816],[-2.69229,43.3082],[-2.69221,43.30823],[-2.69211,43.30824],[-2.69189,43.30826],[-2.69178,43.30828],[-2.69171,43.30831],[-2.69166,43.30834],[-2.69162,43.30839],[-2.69161,43.30844],[-2.69161,43.3085],[-2.69164,43.30857],[-2.69172,43.30872],[-2.69174,43.30877],[-2.69175,43.30886],[-2.69174,43.30893],[-2.69169,43.30906],[-2.69165,43.30917],[-2.69163,43.30925],[-2.69162,43.30935],[-2.69163,43.30953],[-2.69165,43.30971]]}},{"type":"Feature","properties":{"id":236475249,"highway":"unclassified"},"geometry":{"type":"LineString","coordinates":[[-2.69843,43.30679],[-2.69828,43.30669],[-2.6979,43.30647],[-2.69753,43.30622],[-2.69724,43.30603],[-2.6972,43.30601],[-2.69705,43.3059],[-2.69681,43.3057],[-2.69657,43.30557],[-2.69641,43.30553],[-2.69622,43.3055],[-2.69604,43.3055],[-2.69586,43.30552],[-2.69553,43.30557],[-2.6953,43.3056],[-2.69512,43.30561],[-2.69501,43.30559],[-2.69491,43.30554],[-2.69471,43.30541],[-2.69458,43.30536],[-2.69439,43.30532],[-2.69378,43.30523]]}},{"type":"Feature","properties":{"id":236475250,"highway":"unclassified"},"geometry":{"type":"LineString","coordinates":[[-2.70211,43.3094],[-2.70175,43.30949],[-2.70161,43.30953],[-2.70149,43.30958],[-2.70139,43.30965],[-2.70129,43.30974],[-2.70113,43.30993],[-2.70094,43.31021],[-2.70075,43.31048],[-2.7007,43.31064],[-2.70067,43.31075],[-2.70044,43.31112],[-2.70039,43.31117],[-2.7003,43.31118],[-2.70015,43.31112],[-2.69993,43.31102],[-2.69965,43.31093],[-2.69954,43.31089],[-2.69943,43.31078],[-2.69935,43.3107],[-2.69849,43.31022],[-2.69832,43.31013],[-2.6982,43.31009]]}},{"type":"Feature","properties":{"id":236475251,"highway":"unclassified","superficie":"asphalt"},"geometry":{"type":"LineString","coordinates":[[-2.69378,43.30523],[-2.69356,43.30523],[-2.69335,43.30523],[-2.69323,43.30521]]}},{"type":"Feature","properties":{"id":236475252,"highway":"path"},"geometry":{"type":"LineString","coordinates":[[-2.68651,43.30011],[-2.68651,43.30008],[-2.68652,43.30004],[-2.68652,43.30001],[-2.68651,43.29982],[-2.6865,43.29976],[-2.68649,43.29963],[-2.68647,43.29952],[-2.68647,43.29949],[-2.68647,43.29948],[-2.68649,43.29941],[-2.6865,43.29937],[-2.6865,43.29936],[-2.68649,43.29933],[-2.68647,43.29929],[-2.68642,43.29923],[-2.68638,43.29916],[-2.68638,43.29915],[-2.68636,43.29911],[-2.68636,43.29908],[-2.68635,43.29901],[-2.68634,43.29889],[-2.6863,43.29851],[-2.68631,43.2983],[-2.68637,43.29827]]}},{"type":"Feature","properties":{"id":236475253,"highway":"service"},"geometry":{"type":"LineString","coordinates":[[-2.71007,43.30988],[-2.70984,43.30988],[-2.7097,43.30987],[-2.70956,43.30986],[-2.70942,43.30983],[-2.70927,43.30976],[-2.70919,43.3097],[-2.70912,43.30964],[-2.7091,43.30959],[-2.70914,43.30952],[-2.70928,43.30942],[-2.70947,43.30932],[-2.70962,43.30925],[-2.70979,43.30922],[-2.70989,43.30921],[-2.70995,43.30917],[-2.70995,43.30912],[-2.70993,43.30907],[-2.70984,43.30895],[-2.70976,43.30884],[-2.70967,43.30877],[-2.70959,43.30872],[-2.70948,43.30867],[-2.70938,43.30866],[-2.7093,43.30867],[-2.70902,43.30872],[-2.70891,43.30872],[-2.70881,43.30871],[-2.70875,43.30867],[-2.70872,43.30863],[-2.70874,43.30857],[-2.70882,43.30843],[-2.70884,43.30838]]}},{"type":"Feature","properties":{"id":236475257,"highway":"service"},"geometry":{"type":"LineString","coordinates":[[-2.70884,43.30838],[-2.70863,43.3084],[-2.70851,43.30844],[-2.70818,43.3086],[-2.70788,43.30872],[-2.70765,43.30881],[-2.70754,43.30883],[-2.70725,43.30886],[-2.707,43.30885],[-2.70675,43.30884],[-2.70664,43.30884],[-2.70648,43.30887],[-2.70636,43.30891],[-2.70609,43.30903],[-2.70568,43.30927],[-2.70555,43.30932],[-2.70542,43.30934],[-2.70529,43.30933],[-2.70515,43.30929],[-2.70497,43.30923],[-2.70464,43.30913],[-2.70453,43.30915],[-2.70442,43.3092],[-2.7044,43.30921],[-2.70429,43.30926],[-2.70419,43.30928],[-2.70412,43.30927],[-2.70393,43.30925],[-2.7035,43.30916],[-2.70324,43.30915]]}},{"type":"Feature","properties":{"id":236475260,"highway":"service"},"geometry":{"type":"LineString","coordinates":[[-2.69172,43.30872],[-2.69176,43.30871],[-2.69183,43.30868],[-2.69185,43.30867],[-2.69187,43.30867],[-2.69189,43.30867],[-2.6919,43.30868],[-2.69191,43.30868],[-2.69193,43.30868],[-2.69196,43.3087],[-2.692,43.30873],[-2.69203,43.30875],[-2.69204,43.30877],[-2.69205,43.30878],[-2.69206,43.3088],[-2.69207,43.30881],[-2.69208,43.30883],[-2.69209,43.30886],[-2.69209,43.30888],[-2.69209,43.3089],[-2.69209,43.30893],[-2.69208,43.30899],[-2.69204,43.30905],[-2.69198,43.30911],[-2.69194,43.30924],[-2.692,43.30925]]}},{"type":"Feature","properties":{"id":236475264,"highway":"path"},"geometry":{"type":"LineString","coordinates":[[-2.68436,43.30183],[-2.68435,43.30182],[-2.68434,43.30182],[-2.68433,43.3018],[-2.68434,43.30177],[-2.68436,43.30174],[-2.68442,43.30168],[-2.68448,43.30162],[-2.68457,43.30154],[-2.68471,43.30142],[-2.68488,43.30129],[-2.68502,43.30118],[-2.68514,43.30108],[-2.68519,43.30104],[-2.68527,43.30096],[-2.68534,43.3009],[-2.68545,43.30084],[-2.68547,43.3008],[-2.68548,43.30076],[-2.68551,43.3007],[-2.68554,43.30064],[-2.68555,43.30062],[-2.68562,43.30053],[-2.68565,43.30049],[-2.68567,43.30045],[-2.68571,43.30039],[-2.68577,43.30028],[-2.68587,43.30008]]}},{"type":"Feature","properties":{"id":236475266,"highway":"residential"},"geometry":{"type":"LineString","coordinates":[[-2.6855,43.31081],[-2.68533,43.31062],[-2.68526,43.31053]]}},{"type":"Feature","properties":{"id":236475267,"highway":"primary_link","oneway":"yes","superficie":"asphalt"},"geometry":{"type":"LineString","coordinates":[[-2.68685,43.29589],[-2.6868,43.29583],[-2.68676,43.29578]]}},{"type":"Feature","properties":{"id":236475268,"highway":"path","puente":"yes"},"geometry":{"type":"LineString","coordinates":[[-2.6844,43.30187],[-2.68437,43.30184],[-2.68436,43.30183]]}},{"type":"Feature","properties":{"id":236475269,"highway":"unclassified","puente":"yes"},"geometry":{"type":"LineString","coordinates":[[-2.70264,43.30848],[-2.70263,43.30847],[-2.70258,43.30843]]}},{"type":"Feature","properties":{"id":236475270,"highway":"service"},"geometry":{"type":"LineString","coordinates":[[-2.68972,43.30558],[-2.68986,43.30525],[-2.68997,43.30505]]}},{"type":"Feature","properties":{"id":236475271,"highway":"primary_link","oneway":"yes","superficie":"asphalt"},"geometry":{"type":"LineString","coordinates":[[-2.68674,43.29614],[-2.68678,43.29606],[-2.68682,43.29601]]}},{"type":"Feature","properties":{"id":236475272,"highway":"service","oneway":"yes"},"geometry":{"type":"LineString","coordinates":[[-2.68724,43.29614],[-2.68725,43.29606],[-2.68726,43.296]]}},{"type":"Feature","properties":{"id":236475273,"highway":"residential"},"geometry":{"type":"LineString","coordinates":[[-2.68486,43.31059],[-2.68509,43.31094],[-2.68518,43.31107]]}},{"type":"Feature","properties":{"id":236475274,"highway":"service"},"geometry":{"type":"LineString","coordinates":[[-2.69048,43.30517],[-2.69027,43.3051],[-2.68997,43.30505]]}},{"type":"Feature","properties":{"id":236475275,"highway":"unclassified"},"geometry":{"type":"LineString","coordinates":[[-2.68661,43.30014],[-2.68678,43.30026],[-2.68709,43.30042],[-2.68734,43.30047],[-2.68835,43.3006],[-2.68909,43.30069],[-2.6894,43.30073],[-2.68958,43.30072],[-2.68973,43.30068],[-2.6902,43.30043],[-2.69048,43.30032],[-2.69094,43.30002],[-2.6911,43.29993],[-2.69122,43.29991],[-2.69135,43.29994],[-2.69141,43.30001],[-2.69151,43.3001],[-2.69165,43.30016],[-2.69177,43.30023],[-2.6918,43.30025],[-2.6922,43.30054]]}},{"type":"Feature","properties":{"id":236475276,"highway":"service"},"geometry":{"type":"LineString","coordinates":[[-2.68637,43.29849],[-2.68648,43.29848],[-2.68665,43.29849],[-2.68706,43.29852],[-2.68761,43.29853],[-2.68821,43.2986],[-2.68834,43.29866],[-2.6884,43.29875],[-2.6884,43.29891],[-2.6884,43.29901],[-2.6885,43.29909],[-2.68877,43.29918],[-2.68889,43.29921],[-2.68901,43.29922],[-2.68909,43.29922],[-2.68915,43.29921],[-2.68919,43.2992],[-2.68926,43.29916],[-2.6894,43.29899],[-2.68944,43.29895],[-2.68953,43.29885],[-2.68959,43.29878],[-2.68973,43.29866],[-2.68978,43.29863],[-2.68984,43.29861],[-2.69012,43.29853],[-2.6903,43.29847],[-2.69048,43.29838],[-2.69055,43.29829],[-2.69067,43.29812],[-2.69076,43.29804],[-2.69087,43.29798],[-2.69099,43.29793],[-2.69115,43.29789],[-2.69144,43.29784],[-2.69163,43.29778],[-2.69171,43.29771],[-2.69185,43.29751]]}},{"type":"Feature","properties":{"id":236475277,"highway":"service"},"geometry":{"type":"LineString","coordinates":[[-2.69408,43.3009],[-2.69404,43.30089],[-2.69403,43.3009],[-2.69398,43.30094]]}},{"type":"Feature","properties":{"id":236475278,"highway":"primary_link","oneway":"yes","superficie":"asphalt"},"geometry":{"type":"LineString","coordinates":[[-2.68674,43.29572],[-2.6867,43.29588],[-2.68669,43.29591],[-2.68673,43.29594]]}},{"type":"Feature","properties":{"id":236475279,"highway":"path"},"geometry":{"type":"LineString","coordinates":[[-2.68587,43.30008],[-2.68632,43.30007],[-2.68651,43.30011],[-2.68661,43.30014]]}},{"type":"Feature","properties":{"id":236475280,"highway":"primary_link","oneway":"yes","superficie":"asphalt"},"geometry":{"type":"LineString","coordinates":[[-2.68673,43.29594],[-2.68667,43.29599],[-2.68658,43.29639],[-2.6865,43.29654]]}},{"type":"Feature","properties":{"id":236475281,"highway":"primary_link","oneway":"yes","superficie":"asphalt"},"geometry":{"type":"LineString","coordinates":[[-2.68655,43.29671],[-2.6866,43.29668],[-2.68674,43.29614],[-2.68681,43.29614],[-2.68685,43.29614]]}},{"type":"Feature","properties":{"id":236475282,"highway":"service"},"geometry":{"type":"LineString","coordinates":[[-2.6928,43.3073],[-2.69256,43.30738],[-2.6925,43.3074],[-2.69247,43.30744],[-2.69244,43.30749],[-2.69244,43.30755],[-2.69249,43.30773]]}},{"type":"Feature","properties":{"id":236475283,"highway":"unclassified"},"geometry":{"type":"LineString","coordinates":[[-2.70324,43.30915],[-2.7032,43.30917],[-2.70296,43.3092],[-2.70249,43.30929],[-2.70223,43.30936],[-2.70211,43.3094]]}},{"type":"Feature","properties":{"id":236475285,"highway":"path"},"geometry":{"type":"LineString","coordinates":[[-2.68405,43.3021],[-2.68416,43.30206],[-2.68437,43.30192],[-2.6844,43.30188],[-2.6844,43.30187]]}},{"type":"Feature","properties":{"id":236475286,"highway":"unclassified"},"geometry":{"type":"LineString","coordinates":[[-2.68661,43.30014],[-2.68659,43.30002],[-2.68659,43.29932],[-2.68646,43.29915],[-2.68645,43.29881],[-2.68637,43.29849]]}},{"type":"Feature","properties":{"id":236475287,"highway":"unclassified"},"geometry":{"type":"LineString","coordinates":[[-2.68287,43.30366],[-2.68296,43.30368],[-2.68302,43.30367],[-2.68309,43.30365],[-2.68353,43.30347],[-2.68359,43.30345]]}},{"type":"Feature","properties":{"id":236475288,"highway":"service"},"geometry":{"type":"LineString","coordinates":[[-2.68532,43.30266],[-2.68532,43.30266],[-2.68522,43.30271],[-2.68515,43.30275],[-2.68507,43.30278],[-2.68499,43.30281]]}},{"type":"Feature","properties":{"id":236475289,"highway":"living_street"},"geometry":{"type":"LineString","coordinates":[[-2.68359,43.30345],[-2.6836,43.30348],[-2.68375,43.30369],[-2.68378,43.30383],[-2.68378,43.30392],[-2.68375,43.30402],[-2.68365,43.30419],[-2.68366,43.30425]]}},{"type":"Feature","properties":{"id":236475290,"highway":"service","superficie":"asphalt"},"geometry":{"type":"LineString","coordinates":[[-2.68997,43.30505],[-2.69004,43.30489],[-2.69008,43.30477],[-2.69006,43.30463],[-2.69,43.30448],[-2.68993,43.30435]]}},{"type":"Feature","properties":{"id":236475291,"highway":"unclassified"},"geometry":{"type":"LineString","coordinates":[[-2.6922,43.30054],[-2.69223,43.3006],[-2.69225,43.30064],[-2.69225,43.30065],[-2.69225,43.30066],[-2.69226,43.30072],[-2.69227,43.30082],[-2.69229,43.30098],[-2.6923,43.30112],[-2.69231,43.30122],[-2.69231,43.30128],[-2.6923,43.30131],[-2.69229,43.30136],[-2.69229,43.30137],[-2.69226,43.30141],[-2.69223,43.30144],[-2.69219,43.30148],[-2.69217,43.30151],[-2.69216,43.30153],[-2.6921,43.3017],[-2.69208,43.30175],[-2.69204,43.30183],[-2.692,43.30191],[-2.69195,43.302],[-2.69189,43.3021],[-2.69181,43.30222],[-2.69172,43.30232],[-2.69171,43.30234],[-2.69166,43.30241],[-2.69161,43.30249],[-2.69158,43.30252],[-2.69157,43.30253],[-2.69155,43.30256],[-2.69146,43.30259],[-2.69143,43.3026],[-2.69138,43.30264],[-2.69135,43.3027],[-2.69135,43.30275],[-2.69135,43.30276],[-2.69136,43.30279],[-2.69137,43.30281],[-2.69138,43.30284],[-2.6914,43.30286],[-2.69142,43.30289],[-2.69146,43.30292],[-2.69154,43.30296],[-2.69154,43.30296],[-2.69162,43.30299],[-2.69175,43.30303],[-2.69178,43.30306],[-2.69179,43.30308],[-2.6918,43.30311],[-2.69181,43.30314],[-2.69181,43.30316],[-2.6918,43.30321],[-2.69179,43.30323],[-2.69176,43.30334],[-2.69172,43.30344],[-2.6917,43.30349],[-2.69167,43.30354],[-2.69164,43.30363],[-2.6916,43.30373],[-2.69157,43.30382],[-2.69157,43.30385]]}},{"type":"Feature","properties":{"id":236475292,"highway":"unclassified"},"geometry":{"type":"LineString","coordinates":[[-2.70324,43.30915],[-2.70324,43.30909],[-2.70322,43.30906],[-2.70316,43.30899],[-2.70306,43.30889],[-2.7029,43.30874],[-2.70276,43.3086],[-2.70264,43.30848]]}},{"type":"Feature","properties":{"id":236475293,"highway":"residential","nombre":"Amunaga industrialdea","izena_eu":"Amunaga industrialdea","nombre_es":"Polígono Industrial Amunaga","superficie":"asphalt"},"geometry":{"type":"LineString","coordinates":[[-2.68697,43.29592],[-2.68702,43.29591],[-2.68715,43.29589],[-2.68726,43.29586],[-2.68739,43.29586],[-2.6878,43.2959],[-2.68785,43.29594],[-2.68786,43.29601],[-2.68774,43.29651],[-2.6877,43.29664],[-2.68766,43.29673],[-2.68761,43.29682],[-2.68738,43.29716],[-2.68722,43.2974],[-2.68715,43.29755],[-2.68707,43.29783],[-2.687,43.2981],[-2.68694,43.29818],[-2.68688,43.29824],[-2.68679,43.29829],[-2.68669,43.2983],[-2.68658,43.2983],[-2.6865,43.29828],[-2.68643,43.29824],[-2.68638,43.29818],[-2.68637,43.29813],[-2.68637,43.29808],[-2.68644,43.29783],[-2.68665,43.29699],[-2.68669,43.29681],[-2.6868,43.29635],[-2.68685,43.29614],[-2.68688,43.29603]]}},{"type":"Feature","properties":{"id":236475294,"highway":"service","oneway":"yes"},"geometry":{"type":"LineString","coordinates":[[-2.68726,43.296],[-2.68727,43.29599],[-2.68727,43.29595],[-2.68726,43.29593],[-2.68724,43.29591],[-2.68722,43.2959],[-2.68715,43.29589]]}},{"type":"Feature","properties":{"id":236475295,"highway":"service","oneway":"yes"},"geometry":{"type":"LineString","coordinates":[[-2.68685,43.29614],[-2.6869,43.29615],[-2.68711,43.29617],[-2.68717,43.29618],[-2.68719,43.29618],[-2.68721,43.29617],[-2.68722,43.29616],[-2.68724,43.29614]]}},{"type":"Feature","properties":{"id":236475296,"highway":"residential"},"geometry":{"type":"LineString","coordinates":[[-2.68696,43.31044],[-2.68705,43.31048],[-2.68708,43.31051],[-2.68708,43.31055],[-2.68707,43.31059],[-2.68705,43.31064],[-2.68703,43.31073],[-2.68704,43.3108],[-2.68708,43.31087],[-2.68707,43.31095],[-2.68695,43.311]]}},{"type":"Feature","properties":{"id":236475297,"highway":"service"},"geometry":{"type":"LineString","coordinates":[[-2.69625,43.30868],[-2.69613,43.3086],[-2.69601,43.30853],[-2.69587,43.3084],[-2.69568,43.30821],[-2.69554,43.30803],[-2.69554,43.30796],[-2.69559,43.30778],[-2.69562,43.3077],[-2.69564,43.30763]]}},{"type":"Feature","properties":{"id":236475298,"highway":"unclassified","superficie":"asphalt"},"geometry":{"type":"LineString","coordinates":[[-2.68813,43.30492],[-2.68837,43.30485],[-2.68872,43.30477],[-2.68883,43.30474],[-2.68906,43.30469],[-2.68938,43.30459]]}},{"type":"Feature","properties":{"id":236475299,"highway":"service"},"geometry":{"type":"LineString","coordinates":[[-2.69756,43.30818],[-2.69758,43.30818],[-2.69772,43.30819]]}},{"type":"Feature","properties":{"id":236738796,"highway":"residential","oneway":"yes","superficie":"asphalt"},"geometry":{"type":"LineString","coordinates":[[-2.68171,43.31308],[-2.6818,43.31307],[-2.68264,43.31297],[-2.68287,43.31294]]}},{"type":"Feature","properties":{"id":236738797,"highway":"service"},"geometry":{"type":"LineString","coordinates":[[-2.68237,43.31446],[-2.6824,43.31444],[-2.68243,43.31443],[-2.68253,43.31433],[-2.68258,43.31429],[-2.68278,43.31416],[-2.68286,43.3141],[-2.68309,43.314],[-2.68309,43.31397],[-2.68307,43.31384],[-2.68304,43.31371],[-2.68303,43.31368],[-2.683,43.31359],[-2.68298,43.31352],[-2.68293,43.31344],[-2.68284,43.31338],[-2.68249,43.31351]]}},{"type":"Feature","properties":{"id":236738798,"highway":"service"},"geometry":{"type":"LineString","coordinates":[[-2.68251,43.31417],[-2.68272,43.31401],[-2.68307,43.31384]]}},{"type":"Feature","properties":{"id":236738799,"highway":"service"},"geometry":{"type":"LineString","coordinates":[[-2.68237,43.31405],[-2.6826,43.31389],[-2.68303,43.31368]]}},{"type":"Feature","properties":{"id":236738800,"highway":"service"},"geometry":{"type":"LineString","coordinates":[[-2.68227,43.3139],[-2.6825,43.31375],[-2.68298,43.31352]]}},{"type":"Feature","properties":{"id":236738802,"highway":"service"},"geometry":{"type":"LineString","coordinates":[[-2.68309,43.314],[-2.68314,43.31399],[-2.68319,43.31397],[-2.68331,43.31391],[-2.68338,43.31387],[-2.68345,43.31384],[-2.68353,43.3138],[-2.68363,43.31376],[-2.68408,43.31355],[-2.68415,43.31354],[-2.68425,43.31355],[-2.68466,43.31369],[-2.6855,43.31386],[-2.6855,43.31388],[-2.68495,43.31404]]}},{"type":"Feature","properties":{"id":236738803,"highway":"residential","oneway":"yes","superficie":"asphalt"},"geometry":{"type":"LineString","coordinates":[[-2.68303,43.31307],[-2.68313,43.31319],[-2.68314,43.31322],[-2.68303,43.31328],[-2.68284,43.31338]]}},{"type":"Feature","properties":{"id":236738804,"highway":"service"},"geometry":{"type":"LineString","coordinates":[[-2.68278,43.31416],[-2.68286,43.31417],[-2.68299,43.31411],[-2.68311,43.31411],[-2.68345,43.31421],[-2.68354,43.31421],[-2.6838,43.3141],[-2.68388,43.31408]]}},{"type":"Feature","properties":{"id":236738805,"highway":"residential"},"geometry":{"type":"LineString","coordinates":[[-2.68172,43.3132],[-2.68219,43.31332],[-2.68225,43.31335],[-2.68227,43.31336],[-2.68233,43.31346],[-2.68237,43.31349],[-2.68249,43.31351]]}},{"type":"Feature","properties":{"id":236738806,"highway":"service"},"geometry":{"type":"LineString","coordinates":[[-2.68225,43.31335],[-2.68236,43.31332]]}},{"type":"Feature","properties":{"id":236738807,"highway":"steps"},"geometry":{"type":"LineString","coordinates":[[-2.68236,43.31332],[-2.68272,43.31321],[-2.68303,43.31307]]}},{"type":"Feature","properties":{"id":236738808,"highway":"service"},"geometry":{"type":"LineString","coordinates":[[-2.68284,43.31338],[-2.68272,43.31321]]}},{"type":"Feature","properties":{"id":257696821,"highway":"service","nombre":"Errekaegala kalea","izena_eu":"Errekaegala kalea","nombre_es":"Calle Errekaegala","oneway":"no","superficie":"asphalt"},"geometry":{"type":"LineString","coordinates":[[-2.67654,43.3193],[-2.67666,43.3192]]}},{"type":"Feature","properties":{"id":257696822,"highway":"service","nombre":"Errekaegala kalea","izena_eu":"Errekaegala kalea","nombre_es":"Calle Errekaegala","puente":"yes"},"geometry":{"type":"LineString","coordinates":[[-2.67487,43.32197],[-2.67477,43.32215]]}},{"type":"Feature","properties":{"id":257696823,"highway":"service","nombre":"Errekaegala kalea","izena_eu":"Errekaegala kalea","nombre_es":"Calle Errekaegala","puente":"yes"},"geometry":{"type":"LineString","coordinates":[[-2.6763,43.31952],[-2.67614,43.31967]]}},{"type":"Feature","properties":{"id":257696824,"highway":"service","nombre":"Errekaegala kalea","izena_eu":"Errekaegala kalea","nombre_es":"Calle Errekaegala","tunel":"yes"},"geometry":{"type":"LineString","coordinates":[[-2.67592,43.31995],[-2.6758,43.32015]]}},{"type":"Feature","properties":{"id":257696825,"highway":"service","nombre":"Errekaegala kalea","izena_eu":"Errekaegala kalea","nombre_es":"Calle Errekaegala"},"geometry":{"type":"LineString","coordinates":[[-2.67487,43.32197],[-2.67493,43.32185],[-2.67505,43.3216],[-2.67537,43.32098],[-2.67568,43.32035],[-2.67569,43.32032],[-2.6758,43.32015]]}},{"type":"Feature","properties":{"id":257696826,"highway":"service","nombre":"Errekaegala kalea","izena_eu":"Errekaegala kalea","nombre_es":"Calle Errekaegala"},"geometry":{"type":"LineString","coordinates":[[-2.67592,43.31995],[-2.67597,43.31988],[-2.67604,43.3198],[-2.6761,43.31972],[-2.67614,43.31967]]}},{"type":"Feature","properties":{"id":257696828,"highway":"tertiary","ref":"BI-3215","puente":"yes","superficie":"asphalt"},"geometry":{"type":"LineString","coordinates":[[-2.6701,43.32178],[-2.67005,43.32183]]}},{"type":"Feature","properties":{"id":257696834,"highway":"primary","ref":"BI-635","oneway":"yes","puente":"yes","superficie":"asphalt"},"geometry":{"type":"LineString","coordinates":[[-2.66818,43.32104],[-2.66825,43.32115]]}},{"type":"Feature","properties":{"id":257696835,"highway":"primary","ref":"BI-635","oneway":"yes","puente":"yes","superficie":"asphalt"},"geometry":{"type":"LineString","coordinates":[[-2.6684,43.32121],[-2.66827,43.32101]]}},{"type":"Feature","properties":{"id":257696836,"highway":"primary","ref":"BI-635","oneway":"yes"},"geometry":{"type":"LineString","coordinates":[[-2.66759,43.31996],[-2.66761,43.31999],[-2.66762,43.32005]]}},{"type":"Feature","properties":{"id":257696837,"highway":"primary","nombre":"Gernikako sahiesbidea","izena_eu":"Gernikako sahiesbidea","nombre_es":"Variante de Gernika","ref":"BI-635","oneway":"yes","superficie":"asphalt"},"geometry":{"type":"LineString","coordinates":[[-2.66762,43.32005],[-2.66774,43.32032],[-2.6678,43.32042],[-2.66791,43.32063]]}},{"type":"Feature","properties":{"id":257696838,"highway":"primary","nombre":"Gernikako sahiesbidea","izena_eu":"Gernikako sahiesbidea","nombre_es":"Variante de Gernika","ref":"BI-635","oneway":"yes","superficie":"asphalt"},"geometry":{"type":"LineString","coordinates":[[-2.66825,43.32099],[-2.668,43.32059],[-2.66786,43.32032],[-2.66772,43.32004],[-2.66769,43.31995],[-2.66764,43.31982],[-2.66759,43.31967]]}},{"type":"Feature","properties":{"id":257696839,"highway":"primary_link","oneway":"yes","superficie":"asphalt"},"geometry":{"type":"LineString","coordinates":[[-2.66762,43.32005],[-2.66763,43.32002],[-2.66764,43.32],[-2.66764,43.31996],[-2.66763,43.31992],[-2.6676,43.31979],[-2.66759,43.31975],[-2.66759,43.31967]]}},{"type":"Feature","properties":{"id":257696840,"highway":"primary_link","oneway":"yes"},"geometry":{"type":"LineString","coordinates":[[-2.66759,43.31996],[-2.66754,43.31994],[-2.66749,43.31994],[-2.66743,43.31994],[-2.66737,43.31995],[-2.66731,43.31997],[-2.66726,43.31998],[-2.66718,43.31999],[-2.66711,43.32],[-2.66707,43.32],[-2.66702,43.31999],[-2.66697,43.31999],[-2.66691,43.31997]]}},{"type":"Feature","properties":{"id":257696841,"highway":"primary_link","oneway":"yes"},"geometry":{"type":"LineString","coordinates":[[-2.66691,43.31997],[-2.66702,43.32003],[-2.66707,43.32005],[-2.66712,43.32007],[-2.66718,43.32009],[-2.66724,43.32011],[-2.66729,43.32011],[-2.66734,43.32011]]}},{"type":"Feature","properties":{"id":280432567,"highway":"pedestrian","nombre":"Barrenkalebarrena","izena_eu":"Barrenkalebarrena","nombre_es":"Calle Barrenkalebarrena","superficie":"paving_stones"},"geometry":{"type":"LineString","coordinates":[[-2.67733,43.3161],[-2.67803,43.31597]]}},{"type":"Feature","properties":{"id":280432809,"highway":"pedestrian","nombre":"Askatasuna kalea","izena_eu":"Askatasuna kalea","nombre_es":"Calle Askatasuna"},"geometry":{"type":"LineString","coordinates":[[-2.67815,43.31084],[-2.67858,43.31093]]}},{"type":"Feature","properties":{"id":280434357,"highway":"pedestrian","superficie":"paving_stones"},"geometry":{"type":"LineString","coordinates":[[-2.67718,43.31722],[-2.67773,43.31733],[-2.67773,43.31732],[-2.67804,43.31665]]}},{"type":"Feature","properties":{"id":289997138,"highway":"steps"},"geometry":{"type":"LineString","coordinates":[[-2.6792,43.31343],[-2.67907,43.31346]]}},{"type":"Feature","properties":{"id":305707431,"highway":"service"},"geometry":{"type":"MultiLineString","coordinates":[[[-2.69844,43.3273],[-2.69868,43.32734],[-2.69887,43.32734],[-2.69894,43.32733]],[[-2.70001,43.32693],[-2.70001,43.3269],[-2.70003,43.32686],[-2.70008,43.32683],[-2.70015,43.32681],[-2.7002,43.3268]]]}},{"type":"Feature","properties":{"id":308125475,"highway":"footway","superficie":"compacted"},"geometry":{"type":"LineString","coordinates":[[-2.68102,43.31298],[-2.68111,43.31297],[-2.68122,43.31294],[-2.68134,43.31293],[-2.68147,43.31298],[-2.68152,43.31306],[-2.68149,43.31313],[-2.68143,43.31319],[-2.68147,43.31328],[-2.68148,43.31338],[-2.68143,43.31347]]}},{"type":"Feature","properties":{"id":308125476,"highway":"track"},"geometry":{"type":"LineString","coordinates":[[-2.67617,43.30588],[-2.67599,43.30604],[-2.67547,43.30664],[-2.6751,43.30712],[-2.67463,43.30785],[-2.67432,43.30836],[-2.6741,43.30883],[-2.67402,43.30907],[-2.67396,43.30926],[-2.67381,43.30945]]}},{"type":"Feature","properties":{"id":308125478,"highway":"service"},"geometry":{"type":"LineString","coordinates":[[-2.6864,43.31606],[-2.68649,43.31607],[-2.68653,43.3161],[-2.68651,43.31617],[-2.68647,43.31645],[-2.68645,43.31658],[-2.68643,43.31665],[-2.68636,43.3167],[-2.68637,43.31678],[-2.68648,43.31677]]}},{"type":"Feature","properties":{"id":308125480,"highway":"service"},"geometry":{"type":"LineString","coordinates":[[-2.68762,43.3094],[-2.68749,43.30946],[-2.68723,43.30956],[-2.68717,43.3096],[-2.68699,43.30961],[-2.68642,43.30966],[-2.68619,43.30964],[-2.68606,43.30959],[-2.68601,43.30957],[-2.68581,43.3095],[-2.68576,43.30947]]}},{"type":"Feature","properties":{"id":308125483,"highway":"service"},"geometry":{"type":"LineString","coordinates":[[-2.68918,43.30674],[-2.68929,43.30654],[-2.68929,43.30648],[-2.68925,43.30642],[-2.68908,43.30627],[-2.68894,43.30617],[-2.68872,43.30603],[-2.68854,43.30598],[-2.68827,43.30592],[-2.68816,43.30591],[-2.68806,43.30596],[-2.68777,43.30614]]}},{"type":"Feature","properties":{"id":308125485,"highway":"service"},"geometry":{"type":"LineString","coordinates":[[-2.68772,43.30628],[-2.68782,43.30633],[-2.68783,43.30638],[-2.68785,43.30649],[-2.68787,43.3067],[-2.68788,43.30678],[-2.68793,43.3069],[-2.688,43.30702],[-2.68811,43.30714],[-2.68792,43.30713],[-2.68788,43.30715],[-2.68786,43.30717]]}},{"type":"Feature","properties":{"id":308125487,"highway":"footway","superficie":"compacted"},"geometry":{"type":"LineString","coordinates":[[-2.68098,43.31279],[-2.68099,43.31286],[-2.68101,43.31292],[-2.68102,43.31298],[-2.68092,43.313],[-2.68081,43.31297],[-2.68074,43.31295],[-2.68068,43.31296],[-2.68066,43.31302],[-2.68071,43.31309],[-2.68079,43.31321],[-2.68109,43.31331]]}},{"type":"Feature","properties":{"id":308125489,"highway":"track"},"geometry":{"type":"LineString","coordinates":[[-2.67284,43.31035],[-2.67268,43.31039],[-2.67251,43.31049],[-2.6724,43.31057],[-2.67231,43.31062],[-2.67224,43.31047],[-2.67215,43.31039],[-2.67196,43.31034],[-2.67198,43.31021],[-2.6718,43.31021],[-2.67169,43.31025],[-2.67164,43.31033],[-2.67154,43.31083],[-2.67155,43.31105],[-2.67162,43.31124]]}},{"type":"Feature","properties":{"id":308125491,"highway":"cycleway","tunel":"yes"},"geometry":{"type":"LineString","coordinates":[[-2.67153,43.31382],[-2.67156,43.31385],[-2.6717,43.3139]]}},{"type":"Feature","properties":{"id":308125499,"highway":"track"},"geometry":{"type":"LineString","coordinates":[[-2.69337,43.32072],[-2.69327,43.32069],[-2.69319,43.32067],[-2.69308,43.32071],[-2.69287,43.32092],[-2.69276,43.32099],[-2.6926,43.3211],[-2.69216,43.32127],[-2.69182,43.32137],[-2.69163,43.32146],[-2.6915,43.32152],[-2.69139,43.32154],[-2.69131,43.32151],[-2.69126,43.32144],[-2.69119,43.3213],[-2.69098,43.32101],[-2.69084,43.32081],[-2.69061,43.32063],[-2.69035,43.32045],[-2.6903,43.32035],[-2.69029,43.3203],[-2.69031,43.32018],[-2.69025,43.32004]]}},{"type":"Feature","properties":{"id":308125502,"highway":"track"},"geometry":{"type":"LineString","coordinates":[[-2.68669,43.31184],[-2.6866,43.3118],[-2.68652,43.31177],[-2.68644,43.31175],[-2.68631,43.31179],[-2.68609,43.31186],[-2.68576,43.31192],[-2.68562,43.31192],[-2.68547,43.31195],[-2.68528,43.312],[-2.68498,43.31217],[-2.68485,43.31221],[-2.68472,43.31226],[-2.68441,43.31236],[-2.68425,43.31241]]}},{"type":"Feature","properties":{"id":308125505,"highway":"service"},"geometry":{"type":"LineString","coordinates":[[-2.69406,43.3214],[-2.69406,43.32153],[-2.69409,43.32173],[-2.69432,43.32208],[-2.69467,43.32232],[-2.69485,43.32243],[-2.69502,43.32262],[-2.69511,43.32283],[-2.69522,43.32314],[-2.69526,43.32337],[-2.69534,43.32352],[-2.69551,43.32371],[-2.69567,43.32379],[-2.69589,43.32389],[-2.6959,43.32398],[-2.69583,43.32416],[-2.69578,43.32426]]}},{"type":"Feature","properties":{"id":308125508,"highway":"service"},"geometry":{"type":"LineString","coordinates":[[-2.68317,43.31532],[-2.68283,43.3153],[-2.68275,43.31525]]}},{"type":"Feature","properties":{"id":308125510,"highway":"track"},"geometry":{"type":"LineString","coordinates":[[-2.692,43.30432],[-2.69239,43.3044],[-2.69274,43.30451]]}},{"type":"Feature","properties":{"id":308125512,"highway":"service","nombre":"Pedro Elejalde kalea","izena_eu":"Pedro Elejalde kalea","nombre_es":"Calle Pedro de Elejalde"},"geometry":{"type":"LineString","coordinates":[[-2.6802,43.31874],[-2.68041,43.31905],[-2.68072,43.3196],[-2.68096,43.31997]]}},{"type":"Feature","properties":{"id":308125520,"highway":"cycleway"},"geometry":{"type":"LineString","coordinates":[[-2.67718,43.30314],[-2.67709,43.30322],[-2.67701,43.30333],[-2.677,43.3035],[-2.67694,43.30363],[-2.67687,43.30368],[-2.67665,43.3038],[-2.67654,43.30386],[-2.67638,43.30399],[-2.67628,43.30416],[-2.67628,43.30434],[-2.67636,43.30478],[-2.6763,43.30492],[-2.676,43.30526],[-2.67558,43.30582],[-2.67537,43.30604],[-2.67513,43.30646],[-2.6749,43.30674],[-2.6745,43.30739],[-2.67423,43.3078],[-2.67397,43.30824],[-2.67374,43.30862],[-2.67337,43.30923],[-2.67324,43.30951],[-2.67322,43.30957],[-2.67318,43.30969],[-2.67309,43.30979],[-2.67284,43.31035],[-2.67283,43.31038],[-2.67266,43.31076],[-2.67249,43.31123],[-2.67227,43.31175],[-2.67204,43.31232],[-2.67193,43.31273],[-2.6718,43.31311],[-2.67166,43.31344],[-2.67153,43.31374],[-2.67153,43.31382]]}},{"type":"Feature","properties":{"id":308125524,"highway":"footway","superficie":"compacted"},"geometry":{"type":"LineString","coordinates":[[-2.68086,43.31382],[-2.68067,43.31392],[-2.68049,43.31402],[-2.68027,43.31414],[-2.68016,43.31419],[-2.68011,43.31427],[-2.6801,43.31431]]}},{"type":"Feature","properties":{"id":308125526,"highway":"cycleway"},"geometry":{"type":"LineString","coordinates":[[-2.6717,43.3139],[-2.67184,43.31395],[-2.67196,43.31395],[-2.67203,43.31392],[-2.67207,43.31388],[-2.6721,43.31379]]}},{"type":"Feature","properties":{"id":308125542,"highway":"track"},"geometry":{"type":"LineString","coordinates":[[-2.6919,43.30453],[-2.692,43.30432],[-2.69174,43.30417],[-2.69159,43.30399],[-2.69152,43.30388]]}},{"type":"Feature","properties":{"id":308125543,"highway":"service"},"geometry":{"type":"LineString","coordinates":[[-2.68979,43.30982],[-2.68974,43.30979],[-2.68968,43.30979],[-2.68957,43.3097],[-2.68949,43.30968]]}},{"type":"Feature","properties":{"id":308125545,"highway":"service"},"geometry":{"type":"LineString","coordinates":[[-2.69833,43.30952],[-2.69828,43.30963],[-2.69825,43.30985],[-2.69812,43.30992],[-2.69805,43.30998]]}},{"type":"Feature","properties":{"id":308125547,"highway":"service"},"geometry":{"type":"LineString","coordinates":[[-2.69805,43.30954],[-2.69788,43.30949],[-2.6978,43.30949],[-2.69767,43.30953],[-2.69759,43.30959],[-2.69755,43.30965]]}},{"type":"Feature","properties":{"id":308125549,"highway":"footway"},"geometry":{"type":"LineString","coordinates":[[-2.68247,43.31101],[-2.68262,43.31106],[-2.68276,43.31111],[-2.68317,43.31126],[-2.68337,43.31134]]}},{"type":"Feature","properties":{"id":308125551,"highway":"service"},"geometry":{"type":"LineString","coordinates":[[-2.68658,43.30945],[-2.68652,43.30951],[-2.68646,43.30954],[-2.68633,43.30956],[-2.68619,43.30957],[-2.68601,43.30957]]}},{"type":"Feature","properties":{"id":308125552,"highway":"residential"},"geometry":{"type":"LineString","coordinates":[[-2.68211,43.31078],[-2.68214,43.31086],[-2.68223,43.31094],[-2.68235,43.31103],[-2.68237,43.31104]]}},{"type":"Feature","properties":{"id":308125553,"highway":"service"},"geometry":{"type":"LineString","coordinates":[[-2.6825,43.31658],[-2.68251,43.31667],[-2.68251,43.31681],[-2.68257,43.31704],[-2.68263,43.31726],[-2.68271,43.31736],[-2.68283,43.31746],[-2.6829,43.31758],[-2.68291,43.31766],[-2.68284,43.318],[-2.68286,43.3181],[-2.68287,43.31814],[-2.68289,43.31819],[-2.68308,43.31838],[-2.68317,43.31851],[-2.68321,43.3186],[-2.68319,43.31874],[-2.68318,43.31886],[-2.68319,43.31898],[-2.68325,43.31907],[-2.68345,43.31942],[-2.68353,43.31952],[-2.68369,43.31963],[-2.6838,43.31975],[-2.68392,43.31992],[-2.68396,43.32004],[-2.68412,43.32025],[-2.68425,43.32036],[-2.68436,43.32039],[-2.68442,43.32042],[-2.6847,43.32053],[-2.68521,43.32092],[-2.68555,43.32102],[-2.68565,43.32125],[-2.68563,43.32135],[-2.68564,43.32143],[-2.68568,43.32153],[-2.68579,43.32163],[-2.6859,43.32169],[-2.68599,43.32171],[-2.68629,43.32169],[-2.68642,43.32167],[-2.68668,43.32169],[-2.68688,43.3217],[-2.68722,43.32168],[-2.68745,43.32167],[-2.68773,43.32168],[-2.688,43.32166],[-2.68829,43.32166],[-2.68857,43.32162],[-2.68913,43.3215],[-2.68931,43.32144],[-2.68948,43.32138],[-2.68966,43.32141],[-2.6898,43.32149],[-2.69007,43.32223],[-2.69022,43.32245],[-2.69041,43.32252],[-2.6907,43.32255],[-2.6911,43.32253],[-2.69125,43.32253],[-2.69144,43.32256],[-2.69155,43.32256],[-2.69178,43.32254],[-2.69205,43.32245],[-2.69248,43.32225],[-2.69277,43.32213],[-2.69295,43.32206],[-2.69319,43.32199],[-2.69339,43.32196],[-2.69348,43.32194],[-2.69356,43.3219],[-2.69365,43.32184],[-2.69371,43.32178],[-2.69376,43.32166],[-2.6938,43.32161],[-2.69392,43.3215],[-2.69406,43.3214]]}},{"type":"Feature","properties":{"id":308125554,"highway":"track"},"geometry":{"type":"LineString","coordinates":[[-2.67322,43.30957],[-2.6731,43.30957],[-2.67285,43.30964],[-2.67271,43.30965],[-2.67257,43.30964],[-2.67244,43.30959],[-2.67232,43.30954],[-2.67221,43.30953]]}},{"type":"Feature","properties":{"id":308125555,"highway":"track"},"geometry":{"type":"LineString","coordinates":[[-2.68102,43.32002],[-2.68099,43.31982],[-2.68096,43.31962],[-2.68099,43.31946],[-2.68105,43.31933],[-2.68105,43.31922],[-2.68102,43.3191],[-2.68073,43.31908]]}},{"type":"Feature","properties":{"id":308125556,"highway":"service"},"geometry":{"type":"LineString","coordinates":[[-2.69314,43.31305],[-2.69287,43.31327],[-2.69271,43.3133],[-2.69259,43.31325],[-2.69245,43.31318],[-2.69214,43.31298],[-2.69208,43.31289],[-2.69206,43.31272],[-2.69202,43.31253],[-2.69204,43.31239]]}},{"type":"Feature","properties":{"id":308125558,"highway":"service"},"geometry":{"type":"LineString","coordinates":[[-2.7042,43.32054],[-2.70424,43.32063],[-2.70436,43.32091],[-2.70443,43.32106],[-2.70448,43.32116],[-2.70453,43.32122],[-2.70453,43.32126],[-2.7045,43.32129],[-2.70446,43.32132]]}},{"type":"Feature","properties":{"id":308125559,"highway":"service"},"geometry":{"type":"LineString","coordinates":[[-2.6844,43.31905],[-2.68429,43.31939],[-2.68432,43.31991],[-2.6844,43.32028],[-2.68436,43.32039]]}},{"type":"Feature","properties":{"id":308184187,"highway":"residential","nombre":"Bizkaia kalea","izena_eu":"Bizkaia kalea","oneway":"yes"},"geometry":{"type":"LineString","coordinates":[[-2.68437,43.30423],[-2.68439,43.30436],[-2.6844,43.3045],[-2.68441,43.30455],[-2.68444,43.30476],[-2.68445,43.30482],[-2.68448,43.30496],[-2.68451,43.3051],[-2.68454,43.30523],[-2.68462,43.30566],[-2.68464,43.30573],[-2.68465,43.30578],[-2.68468,43.30591],[-2.68474,43.30616],[-2.68479,43.3064],[-2.68491,43.30695],[-2.68495,43.30714],[-2.68497,43.30722],[-2.685,43.30731],[-2.68509,43.30777],[-2.68519,43.30824],[-2.68522,43.30834]]}},{"type":"Feature","properties":{"id":308185679,"highway":"pedestrian","nombre":"Geltoki plaza","superficie":"paving_stones"},"geometry":{"type":"LineString","coordinates":[[-2.67618,43.31476],[-2.67623,43.31466],[-2.67611,43.31462]]}},{"type":"Feature","properties":{"id":308185680,"highway":"pedestrian","nombre":"Geltoki plaza","superficie":"paving_stones"},"geometry":{"type":"LineString","coordinates":[[-2.67641,43.31483],[-2.67646,43.31473],[-2.67648,43.31471],[-2.67651,43.31464],[-2.67653,43.31453]]}},{"type":"Feature","properties":{"id":308185681,"highway":"pedestrian","nombre":"Geltoki plaza","superficie":"paving_stones"},"geometry":{"type":"LineString","coordinates":[[-2.67641,43.31483],[-2.67618,43.31476],[-2.67605,43.31472],[-2.67611,43.31462],[-2.67615,43.31454],[-2.67621,43.31444]]}},{"type":"Feature","properties":{"id":308185682,"highway":"pedestrian","nombre":"Geltoki plaza","superficie":"paving_stones"},"geometry":{"type":"LineString","coordinates":[[-2.67623,43.31466],[-2.67633,43.31469],[-2.67646,43.31473]]}},{"type":"Feature","properties":{"id":308185683,"highway":"pedestrian","nombre":"Geltoki plaza","superficie":"paving_stones"},"geometry":{"type":"LineString","coordinates":[[-2.67633,43.31469],[-2.67638,43.3146],[-2.67651,43.31464]]}},{"type":"Feature","properties":{"id":308185684,"highway":"pedestrian","nombre":"Geltoki plaza","superficie":"paving_stones"},"geometry":{"type":"LineString","coordinates":[[-2.67638,43.3146],[-2.67615,43.31454]]}},{"type":"Feature","properties":{"id":308185685,"highway":"pedestrian","superficie":"paving_stones"},"geometry":{"type":"LineString","coordinates":[[-2.67641,43.31483],[-2.67639,43.31486],[-2.67644,43.31488]]}},{"type":"Feature","properties":{"id":308237692,"highway":"service","nombre":"Esteban Zabala kalea","izena_eu":"Esteban Zabala kalea","nombre_es":"Calle Esteban de Zabala"},"geometry":{"type":"LineString","coordinates":[[-2.6809,43.30989],[-2.68121,43.31],[-2.68152,43.31009],[-2.68192,43.3102]]}},{"type":"Feature","properties":{"id":308237693,"highway":"pedestrian"},"geometry":{"type":"LineString","coordinates":[[-2.68127,43.31105],[-2.68152,43.31009]]}},{"type":"Feature","properties":{"id":308237694,"highway":"pedestrian"},"geometry":{"type":"LineString","coordinates":[[-2.68095,43.311],[-2.68121,43.31]]}},{"type":"Feature","properties":{"id":308237695,"highway":"pedestrian"},"geometry":{"type":"LineString","coordinates":[[-2.68105,43.3095],[-2.68129,43.30952],[-2.68143,43.3095],[-2.6817,43.3096],[-2.68186,43.30959],[-2.68202,43.30966],[-2.6823,43.30973]]}},{"type":"Feature","properties":{"id":308237696,"highway":"pedestrian"},"geometry":{"type":"LineString","coordinates":[[-2.68101,43.30969],[-2.68107,43.3097],[-2.68123,43.30971],[-2.68137,43.30971],[-2.68164,43.30981],[-2.6818,43.30981],[-2.68195,43.30989],[-2.68221,43.30995]]}},{"type":"Feature","properties":{"id":308237697,"highway":"service"},"geometry":{"type":"LineString","coordinates":[[-2.68161,43.31109],[-2.68136,43.31106],[-2.68127,43.31105],[-2.68114,43.31103],[-2.68095,43.311],[-2.68091,43.311],[-2.68063,43.31094],[-2.68044,43.31091],[-2.68037,43.3109]]}},{"type":"Feature","properties":{"id":308268997,"highway":"residential","nombre":"Aita Luis Villasante kalea","izena_eu":"Aita Luis Villasante kalea","nombre_es":"Calle Aita Luis Villasante","superficie":"asphalt"},"geometry":{"type":"LineString","coordinates":[[-2.6715,43.32032],[-2.67145,43.32031],[-2.67126,43.3202],[-2.67082,43.31998],[-2.67077,43.31994],[-2.67074,43.31991],[-2.67072,43.31987],[-2.67071,43.31984],[-2.6706,43.31954],[-2.67057,43.31947],[-2.67051,43.31931],[-2.67049,43.31927],[-2.67048,43.31923]]}},{"type":"Feature","properties":{"id":308269003,"highway":"residential","nombre":"Aldape kalea","izena_eu":"Aldape kalea","nombre_es":"Calle Aldape","superficie":"asphalt"},"geometry":{"type":"LineString","coordinates":[[-2.67562,43.31737],[-2.67556,43.31734],[-2.67551,43.31731],[-2.6751,43.31708]]}},{"type":"Feature","properties":{"id":308269007,"highway":"tertiary","nombre":"Don Tello kalea","izena_eu":"Don Tello kalea","nombre_es":"Calle Don Tello","oneway":"yes","superficie":"asphalt"},"geometry":{"type":"LineString","coordinates":[[-2.67653,43.31474],[-2.67644,43.31488],[-2.67637,43.315],[-2.67622,43.31525],[-2.67618,43.3153],[-2.6761,43.31542],[-2.67595,43.31565],[-2.67592,43.31572],[-2.67588,43.31583],[-2.67586,43.31589],[-2.67583,43.31601],[-2.67582,43.31614],[-2.67584,43.31624],[-2.67586,43.31634],[-2.67589,43.31643],[-2.67594,43.31653],[-2.67604,43.31668],[-2.67619,43.31684],[-2.67625,43.31691],[-2.67631,43.31697]]}},{"type":"Feature","properties":{"id":308269010,"highway":"pedestrian","nombre":"Goienkalea","izena_eu":"Goienkalea","nombre_es":"Calle Goienkalea","superficie":"unhewn_cobblestone"},"geometry":{"type":"LineString","coordinates":[[-2.67881,43.31426],[-2.67904,43.31481],[-2.67908,43.31487],[-2.67932,43.31522],[-2.67958,43.31559]]}},{"type":"Feature","properties":{"id":308269011,"highway":"pedestrian"},"geometry":{"type":"LineString","coordinates":[[-2.67887,43.31538],[-2.67932,43.31522]]}},{"type":"Feature","properties":{"id":308372678,"highway":"residential","nombre":"Lorategieta auzunea","izena_eu":"Lorategieta auzunea","nombre_es":"Barrio Lorategieta","oneway":"yes"},"geometry":{"type":"LineString","coordinates":[[-2.66892,43.32],[-2.6689,43.32037],[-2.6689,43.32038],[-2.6689,43.3204],[-2.6689,43.32042]]}},{"type":"Feature","properties":{"id":308372679,"highway":"residential","nombre":"Lorategieta auzunea","izena_eu":"Lorategieta auzunea","nombre_es":"Barrio Lorategieta","oneway":"yes"},"geometry":{"type":"LineString","coordinates":[[-2.66942,43.32001],[-2.6694,43.32044]]}},{"type":"Feature","properties":{"id":308386625,"highway":"residential","nombre":"Portuzarra kalea","izena_eu":"Portuzarra kalea","nombre_es":"Calle Portuzarra","superficie":"asphalt"},"geometry":{"type":"LineString","coordinates":[[-2.67666,43.3192],[-2.67668,43.31916],[-2.67669,43.31912],[-2.67671,43.31903],[-2.67673,43.31838],[-2.67669,43.31811],[-2.6766,43.31792],[-2.6765,43.31781],[-2.67641,43.31776],[-2.67638,43.31774],[-2.67612,43.31762],[-2.6758,43.31747],[-2.67574,43.31745],[-2.67566,43.31739],[-2.67562,43.31737]]}},{"type":"Feature","properties":{"id":308386627,"highway":"pedestrian"},"geometry":{"type":"LineString","coordinates":[[-2.68162,43.30757],[-2.6811,43.30742],[-2.68079,43.30732]]}},{"type":"Feature","properties":{"id":308386628,"highway":"pedestrian"},"geometry":{"type":"LineString","coordinates":[[-2.68187,43.30764],[-2.68162,43.30757]]}},{"type":"Feature","properties":{"id":308386629,"highway":"pedestrian"},"geometry":{"type":"LineString","coordinates":[[-2.68166,43.30801],[-2.68058,43.30768]]}},{"type":"Feature","properties":{"id":308386630,"highway":"pedestrian","superficie":"asphalt"},"geometry":{"type":"LineString","coordinates":[[-2.68207,43.30729],[-2.68216,43.30729],[-2.68228,43.30708],[-2.68232,43.30703],[-2.68236,43.30699],[-2.68243,43.30696],[-2.68251,43.30695],[-2.68252,43.30685],[-2.6826,43.30685]]}},{"type":"Feature","properties":{"id":308411081,"highway":"tertiary","ref":"BI-2235","oneway":"no","superficie":"asphalt"},"geometry":{"type":"LineString","coordinates":[[-2.67855,43.32015],[-2.67853,43.32019],[-2.67849,43.32027],[-2.67844,43.32033],[-2.67832,43.32043],[-2.67829,43.32045]]}},{"type":"Feature","properties":{"id":308411084,"highway":"tertiary","nombre":"Carlos Gangoiti kalea","izena_eu":"Carlos Gangoiti kalea","nombre_es":"Calle Carlos Gangoiti","ref":"BI-3215","superficie":"asphalt"},"geometry":{"type":"LineString","coordinates":[[-2.67805,43.32389],[-2.67814,43.32329],[-2.67817,43.32304],[-2.6783,43.32198],[-2.6783,43.32193],[-2.67833,43.32177],[-2.67836,43.32158],[-2.67839,43.32143],[-2.6784,43.32133],[-2.6784,43.32123],[-2.67839,43.32116]]}},{"type":"Feature","properties":{"id":308411089,"highway":"residential"},"geometry":{"type":"LineString","coordinates":[[-2.68928,43.31265],[-2.68898,43.31293],[-2.68896,43.31294],[-2.68877,43.31313]]}},{"type":"Feature","properties":{"id":308552007,"highway":"tertiary","nombre":"Goikoibarra kalea","izena_eu":"Goikoibarra kalea","nombre_es":"Calle Goikoibarra","oneway":"yes"},"geometry":{"type":"LineString","coordinates":[[-2.67796,43.30428],[-2.67838,43.30465],[-2.67855,43.30481]]}},{"type":"Feature","properties":{"id":316948456,"highway":"residential","nombre":"Kortezubi bidea","izena_eu":"Kortezubi bidea","nombre_es":"Camino Kortezubi","oneway":"yes","superficie":"asphalt"},"geometry":{"type":"LineString","coordinates":[[-2.67238,43.31948],[-2.67241,43.31946],[-2.67285,43.31901],[-2.67308,43.31876],[-2.67327,43.31857],[-2.67332,43.31852]]}},{"type":"Feature","properties":{"id":317383293,"highway":"residential","nombre":"Lurgorri kalea","izena_eu":"Lurgorri kalea","nombre_es":"Calle Lurgorri","oneway":"yes","superficie":"asphalt"},"geometry":{"type":"LineString","coordinates":[[-2.68262,43.30588],[-2.68248,43.30589],[-2.68222,43.30591],[-2.68212,43.30589],[-2.68204,43.30587],[-2.68197,43.30584],[-2.6819,43.3058]]}},{"type":"Feature","properties":{"id":317383295,"highway":"residential"},"geometry":{"type":"LineString","coordinates":[[-2.6828,43.30593],[-2.6828,43.30591],[-2.68279,43.30589],[-2.68278,43.30587],[-2.68276,43.30586],[-2.68274,43.30585],[-2.68271,43.30585],[-2.68269,43.30585],[-2.68267,43.30585],[-2.68264,43.30587],[-2.68262,43.30588]]}},{"type":"Feature","properties":{"id":317383296,"highway":"service"},"geometry":{"type":"MultiLineString","coordinates":[[[-2.68096,43.31997],[-2.68102,43.32002],[-2.68105,43.32006],[-2.68132,43.32031],[-2.68134,43.32034],[-2.68155,43.32056],[-2.68174,43.32073],[-2.68187,43.32081],[-2.68213,43.32092],[-2.6824,43.32108],[-2.68242,43.32112],[-2.68242,43.3212],[-2.68241,43.3213],[-2.68244,43.3214],[-2.68249,43.32147],[-2.68256,43.32157],[-2.6828,43.32175],[-2.68286,43.32189],[-2.68287,43.32192],[-2.68288,43.32201],[-2.68285,43.32239],[-2.68285,43.32249],[-2.68289,43.32256],[-2.68298,43.32266],[-2.68312,43.32274],[-2.68388,43.32308],[-2.68409,43.32316],[-2.68418,43.32318]],[[-2.68452,43.32314],[-2.68453,43.32314],[-2.68452,43.32306],[-2.68433,43.32269]]]}},{"type":"Feature","properties":{"id":317383297,"highway":"living_street","nombre":"Geltoki plaza","oneway":"yes","superficie":"paving_stones"},"geometry":{"type":"LineString","coordinates":[[-2.67621,43.31444],[-2.67653,43.31453],[-2.6766,43.31455]]}},{"type":"Feature","properties":{"id":317383298,"highway":"residential","nombre":"Lurgorri kalea","izena_eu":"Lurgorri kalea","nombre_es":"Calle Lurgorri","oneway":"yes"},"geometry":{"type":"LineString","coordinates":[[-2.6828,43.30593],[-2.68293,43.3059],[-2.68294,43.3059],[-2.68306,43.30589],[-2.68314,43.30587]]}},{"type":"Feature","properties":{"id":317528301,"highway":"residential","oneway":"yes","superficie":"asphalt"},"geometry":{"type":"MultiLineString","coordinates":[[[-2.67347,43.31658],[-2.67341,43.31664],[-2.67327,43.31679],[-2.67284,43.31686],[-2.67257,43.3169],[-2.67257,43.3169]],[[-2.67257,43.31704],[-2.6727,43.31744],[-2.67273,43.31748]]]}},{"type":"Feature","properties":{"id":317656024,"highway":"service"},"geometry":{"type":"LineString","coordinates":[[-2.67807,43.31846],[-2.67793,43.31845],[-2.67757,43.31842]]}},{"type":"Feature","properties":{"id":317656025,"highway":"service"},"geometry":{"type":"LineString","coordinates":[[-2.67755,43.31865],[-2.67757,43.31842],[-2.67762,43.31804],[-2.67763,43.31797]]}},{"type":"Feature","properties":{"id":317656026,"highway":"service"},"geometry":{"type":"LineString","coordinates":[[-2.67157,43.31931],[-2.67222,43.3192],[-2.67201,43.31939]]}},{"type":"Feature","properties":{"id":317656027,"highway":"service"},"geometry":{"type":"LineString","coordinates":[[-2.67223,43.31951],[-2.67201,43.31939],[-2.67181,43.31959],[-2.67187,43.31965]]}},{"type":"Feature","properties":{"id":317656028,"highway":"footway"},"geometry":{"type":"LineString","coordinates":[[-2.67209,43.31925],[-2.67163,43.31971],[-2.67158,43.31976],[-2.67165,43.31979],[-2.67126,43.3202]]}},{"type":"Feature","properties":{"id":317656029,"highway":"footway"},"geometry":{"type":"LineString","coordinates":[[-2.67057,43.31947],[-2.67118,43.31937],[-2.67126,43.31942],[-2.67134,43.3194],[-2.67209,43.31925],[-2.67222,43.3192]]}},{"type":"Feature","properties":{"id":317658344,"highway":"residential"},"geometry":{"type":"LineString","coordinates":[[-2.67845,43.31956],[-2.67807,43.31952]]}},{"type":"Feature","properties":{"id":317658631,"highway":"tertiary_link","oneway":"yes","superficie":"asphalt"},"geometry":{"type":"LineString","coordinates":[[-2.67869,43.31804],[-2.67873,43.31808],[-2.67876,43.31811],[-2.67877,43.31817],[-2.67872,43.31853],[-2.67874,43.31863],[-2.67877,43.31869]]}},{"type":"Feature","properties":{"id":317678719,"highway":"service"},"geometry":{"type":"LineString","coordinates":[[-2.67993,43.32115],[-2.67988,43.32116],[-2.67987,43.32127],[-2.67982,43.32138],[-2.67972,43.32145],[-2.67943,43.3216],[-2.67928,43.32165],[-2.67911,43.32167],[-2.67901,43.32166],[-2.67865,43.32162],[-2.67836,43.32158]]}},{"type":"Feature","properties":{"id":317678720,"highway":"service"},"geometry":{"type":"LineString","coordinates":[[-2.6802,43.32176],[-2.68011,43.32175]]}},{"type":"Feature","properties":{"id":317678722,"highway":"service","superficie":"asphalt"},"geometry":{"type":"LineString","coordinates":[[-2.67956,43.32237],[-2.67954,43.32226],[-2.67938,43.32226],[-2.67933,43.32213],[-2.67853,43.32207]]}},{"type":"Feature","properties":{"id":317678723,"highway":"service"},"geometry":{"type":"LineString","coordinates":[[-2.67987,43.3219],[-2.68007,43.32177],[-2.68011,43.32175],[-2.68017,43.32171],[-2.68025,43.32161],[-2.68031,43.32159],[-2.68036,43.32159]]}},{"type":"Feature","properties":{"id":317678724,"highway":"residential"},"geometry":{"type":"LineString","coordinates":[[-2.67785,43.32195],[-2.67785,43.32188],[-2.67788,43.32159]]}},{"type":"Feature","properties":{"id":317840342,"highway":"tertiary","oneway":"yes"},"geometry":{"type":"LineString","coordinates":[[-2.68185,43.30573],[-2.68182,43.30565],[-2.68181,43.30561],[-2.68181,43.30557],[-2.68181,43.3055]]}},{"type":"Feature","properties":{"id":317840343,"highway":"tertiary","oneway":"yes"},"geometry":{"type":"LineString","coordinates":[[-2.68181,43.3055],[-2.68175,43.30562],[-2.68172,43.30565],[-2.68167,43.30569]]}},{"type":"Feature","properties":{"id":317908987,"highway":"unclassified","nombre":"Galtzada kalea","izena_eu":"Galtzada kalea","nombre_es":"Calle Galtzada"},"geometry":{"type":"LineString","coordinates":[[-2.68033,43.31976],[-2.68038,43.31952],[-2.68036,43.31925]]}},{"type":"Feature","properties":{"id":317908989,"highway":"service"},"geometry":{"type":"LineString","coordinates":[[-2.68132,43.32031],[-2.68127,43.3204],[-2.68116,43.32062]]}},{"type":"Feature","properties":{"id":317908990,"highway":"service"},"geometry":{"type":"LineString","coordinates":[[-2.68091,43.32077],[-2.68086,43.32095],[-2.68033,43.321],[-2.68026,43.32099],[-2.68023,43.32096],[-2.68021,43.32086],[-2.68024,43.32057],[-2.68019,43.32057],[-2.68015,43.32056]]}},{"type":"Feature","properties":{"id":317909889,"highway":"service","superficie":"asphalt"},"geometry":{"type":"LineString","coordinates":[[-2.67817,43.32304],[-2.67831,43.32303],[-2.67846,43.32305],[-2.67867,43.32318],[-2.67871,43.32328],[-2.67872,43.32332],[-2.67872,43.32334],[-2.67889,43.32336],[-2.67895,43.32336],[-2.679,43.32331],[-2.67904,43.32328],[-2.67908,43.32325]]}},{"type":"Feature","properties":{"id":317909890,"highway":"service"},"geometry":{"type":"LineString","coordinates":[[-2.70399,43.31266],[-2.70389,43.31271],[-2.7037,43.3127],[-2.70348,43.31263],[-2.70322,43.31248],[-2.70307,43.3124],[-2.70299,43.31236],[-2.70293,43.31234],[-2.70285,43.31232],[-2.70269,43.3123],[-2.70264,43.31231],[-2.70247,43.31252],[-2.70222,43.31265]]}},{"type":"Feature","properties":{"id":317909891,"highway":"service","superficie":"asphalt"},"geometry":{"type":"LineString","coordinates":[[-2.67942,43.32354],[-2.67946,43.32328]]}},{"type":"Feature","properties":{"id":317909892,"highway":"service","superficie":"asphalt"},"geometry":{"type":"LineString","coordinates":[[-2.67904,43.32328],[-2.67921,43.3233],[-2.6793,43.32331],[-2.67933,43.32332],[-2.67933,43.32334],[-2.67929,43.32356]]}},{"type":"Feature","properties":{"id":317909893,"highway":"service","superficie":"asphalt"},"geometry":{"type":"LineString","coordinates":[[-2.68081,43.32288],[-2.68081,43.32294],[-2.68076,43.32295],[-2.68065,43.32297],[-2.68044,43.323],[-2.68019,43.32309],[-2.67995,43.3232],[-2.67981,43.32326]]}},{"type":"Feature","properties":{"id":317946175,"highway":"residential"},"geometry":{"type":"LineString","coordinates":[[-2.67602,43.31024],[-2.67571,43.31019],[-2.67506,43.31014],[-2.67503,43.31011],[-2.67492,43.31012],[-2.67486,43.31014],[-2.67482,43.31019],[-2.67483,43.31024],[-2.67488,43.31031],[-2.67493,43.31034]]}},{"type":"Feature","properties":{"id":317946177,"highway":"path"},"geometry":{"type":"LineString","coordinates":[[-2.68072,43.31284],[-2.68063,43.31276],[-2.68054,43.31279],[-2.68046,43.31273],[-2.68045,43.31273],[-2.68038,43.31267],[-2.68032,43.31262],[-2.68074,43.31245],[-2.68086,43.31262],[-2.68066,43.31268],[-2.68045,43.31273]]}},{"type":"Feature","properties":{"id":317946179,"highway":"path"},"geometry":{"type":"LineString","coordinates":[[-2.68073,43.31196],[-2.68079,43.31204],[-2.68066,43.31213],[-2.68033,43.31231],[-2.68029,43.31235],[-2.68025,43.31244],[-2.6802,43.3125],[-2.67999,43.31259],[-2.67995,43.31258],[-2.67988,43.31254],[-2.67979,43.31256],[-2.67976,43.31252],[-2.67971,43.31238]]}},{"type":"Feature","properties":{"id":317946182,"highway":"residential"},"geometry":{"type":"LineString","coordinates":[[-2.67566,43.3142],[-2.67533,43.31409],[-2.67514,43.31405],[-2.67442,43.31411],[-2.67404,43.31421],[-2.67249,43.31445],[-2.67234,43.31452],[-2.67222,43.31456],[-2.67216,43.31464],[-2.67227,43.31488],[-2.67239,43.31499],[-2.67254,43.31506],[-2.67351,43.31491],[-2.67369,43.31488],[-2.67448,43.31478],[-2.67433,43.31433]]}},{"type":"Feature","properties":{"id":317946184,"highway":"path"},"geometry":{"type":"LineString","coordinates":[[-2.68151,43.31266],[-2.68098,43.31186]]}},{"type":"Feature","properties":{"id":317946186,"highway":"service"},"geometry":{"type":"LineString","coordinates":[[-2.67949,43.32017],[-2.67865,43.32011],[-2.67855,43.32011]]}},{"type":"Feature","properties":{"id":317946188,"highway":"service"},"geometry":{"type":"LineString","coordinates":[[-2.68058,43.31558],[-2.68026,43.31524]]}},{"type":"Feature","properties":{"id":317946190,"highway":"residential"},"geometry":{"type":"LineString","coordinates":[[-2.67398,43.31593],[-2.67377,43.31562]]}},{"type":"Feature","properties":{"id":317946191,"highway":"residential"},"geometry":{"type":"LineString","coordinates":[[-2.67338,43.31532],[-2.67327,43.31518],[-2.67351,43.31491]]}},{"type":"Feature","properties":{"id":317946193,"highway":"path"},"geometry":{"type":"LineString","coordinates":[[-2.67979,43.31256],[-2.67973,43.31264],[-2.67974,43.31273]]}},{"type":"Feature","properties":{"id":317946196,"highway":"residential"},"geometry":{"type":"LineString","coordinates":[[-2.67639,43.30915],[-2.67609,43.30909],[-2.67569,43.30908]]}},{"type":"Feature","properties":{"id":317946198,"highway":"service"},"geometry":{"type":"LineString","coordinates":[[-2.68066,43.31576],[-2.68044,43.31582],[-2.68028,43.31575],[-2.68021,43.31577]]}},{"type":"Feature","properties":{"id":317946199,"highway":"residential"},"geometry":{"type":"LineString","coordinates":[[-2.67589,43.31061],[-2.67566,43.31058],[-2.67497,43.31055],[-2.67479,43.31056]]}},{"type":"Feature","properties":{"id":317946201,"highway":"residential"},"geometry":{"type":"LineString","coordinates":[[-2.67658,43.30866],[-2.67615,43.30858],[-2.6761,43.30858],[-2.676,43.30885],[-2.67647,43.30894]]}},{"type":"Feature","properties":{"id":317946203,"highway":"service"},"geometry":{"type":"LineString","coordinates":[[-2.67951,43.32144],[-2.67947,43.32117],[-2.67979,43.32113],[-2.67988,43.32116]]}},{"type":"Feature","properties":{"id":317946204,"highway":"residential"},"geometry":{"type":"LineString","coordinates":[[-2.6761,43.31002],[-2.67712,43.31012],[-2.67745,43.30955],[-2.67761,43.30933]]}},{"type":"Feature","properties":{"id":317946206,"highway":"residential"},"geometry":{"type":"LineString","coordinates":[[-2.67574,43.31118],[-2.67569,43.31117],[-2.67555,43.31117],[-2.67524,43.31118]]}},{"type":"Feature","properties":{"id":317946208,"highway":"residential"},"geometry":{"type":"LineString","coordinates":[[-2.67745,43.30955],[-2.67745,43.3095],[-2.67744,43.30946],[-2.67741,43.30942]]}},{"type":"Feature","properties":{"id":317946210,"highway":"residential"},"geometry":{"type":"LineString","coordinates":[[-2.67234,43.31452],[-2.6723,43.31429],[-2.67243,43.31426],[-2.67258,43.3142],[-2.67301,43.31407]]}},{"type":"Feature","properties":{"id":317946211,"highway":"residential"},"geometry":{"type":"LineString","coordinates":[[-2.67501,43.31549],[-2.67487,43.31549],[-2.67377,43.31562],[-2.67357,43.31538],[-2.67309,43.31558]]}},{"type":"Feature","properties":{"id":317946212,"highway":"residential"},"geometry":{"type":"LineString","coordinates":[[-2.67475,43.31263],[-2.67405,43.31266],[-2.67279,43.31272],[-2.67269,43.31273],[-2.67262,43.31279],[-2.67253,43.31298],[-2.6725,43.31305]]}},{"type":"Feature","properties":{"id":317946214,"highway":"residential","nombre":"Nafarroa kalea","izena_eu":"Nafarroa kalea","oneway":"yes","superficie":"asphalt"},"geometry":{"type":"LineString","coordinates":[[-2.68294,43.30424],[-2.68288,43.30422],[-2.68277,43.3042]]}},{"type":"Feature","properties":{"id":317946215,"highway":"residential"},"geometry":{"type":"LineString","coordinates":[[-2.67596,43.31208],[-2.67588,43.3121],[-2.67559,43.3121],[-2.67501,43.3121],[-2.6746,43.31209],[-2.67442,43.31211],[-2.67431,43.31214],[-2.67418,43.31219]]}},{"type":"Feature","properties":{"id":317946216,"highway":"residential"},"geometry":{"type":"LineString","coordinates":[[-2.67609,43.31006],[-2.67586,43.30998],[-2.67558,43.30991],[-2.67506,43.30983],[-2.67467,43.30976],[-2.67443,43.3097],[-2.67421,43.30965]]}},{"type":"Feature","properties":{"id":317946217,"highway":"service"},"geometry":{"type":"LineString","coordinates":[[-2.67254,43.31803],[-2.67249,43.31801]]}},{"type":"Feature","properties":{"id":317946218,"highway":"residential"},"geometry":{"type":"LineString","coordinates":[[-2.67327,43.31518],[-2.67283,43.31534],[-2.6728,43.31536],[-2.67281,43.3154],[-2.67288,43.31552],[-2.67297,43.31571],[-2.67328,43.31602],[-2.67348,43.31621]]}},{"type":"Feature","properties":{"id":317946219,"highway":"residential"},"geometry":{"type":"LineString","coordinates":[[-2.67842,43.30915],[-2.67829,43.30919],[-2.67811,43.30923],[-2.6777,43.30929],[-2.67761,43.30933],[-2.67754,43.30938],[-2.67747,43.3094],[-2.67741,43.30942],[-2.67629,43.30947]]}},{"type":"Feature","properties":{"id":318356322,"highway":"footway","tunel":"yes"},"geometry":{"type":"LineString","coordinates":[[-2.67551,43.31983],[-2.67551,43.31985],[-2.67538,43.32007]]}},{"type":"Feature","properties":{"id":318356324,"highway":"footway"},"geometry":{"type":"LineString","coordinates":[[-2.67538,43.32007],[-2.67527,43.32034],[-2.67496,43.32093],[-2.67463,43.32156],[-2.67438,43.32209],[-2.67426,43.32232],[-2.67418,43.32237]]}},{"type":"Feature","properties":{"id":334818440,"highway":"residential","oneway":"yes","superficie":"asphalt"},"geometry":{"type":"LineString","coordinates":[[-2.68356,43.30837],[-2.6836,43.3073]]}},{"type":"Feature","properties":{"id":334818919,"highway":"service","superficie":"asphalt"},"geometry":{"type":"LineString","coordinates":[[-2.68403,43.30837],[-2.68404,43.30821]]}},{"type":"Feature","properties":{"id":334818920,"highway":"service"},"geometry":{"type":"LineString","coordinates":[[-2.68402,43.3073],[-2.68403,43.30748]]}},{"type":"Feature","properties":{"id":334818921,"highway":"residential"},"geometry":{"type":"LineString","coordinates":[[-2.68395,43.30731],[-2.68394,43.30718]]}},{"type":"Feature","properties":{"id":337346332,"highway":"track"},"geometry":{"type":"LineString","coordinates":[[-2.71067,43.30524],[-2.71056,43.30532],[-2.7104,43.30539],[-2.71031,43.30544],[-2.71032,43.30546]]}},{"type":"Feature","properties":{"id":337355715,"highway":"track"},"geometry":{"type":"LineString","coordinates":[[-2.71179,43.30584],[-2.71184,43.30573],[-2.71187,43.30554],[-2.71202,43.3054]]}},{"type":"Feature","properties":{"id":337355717,"highway":"path"},"geometry":{"type":"LineString","coordinates":[[-2.7175,43.30774],[-2.71751,43.30778]]}},{"type":"Feature","properties":{"id":338311064,"highway":"track"},"geometry":{"type":"LineString","coordinates":[[-2.6971,43.30398],[-2.697,43.30381],[-2.69694,43.30365],[-2.69692,43.30345]]}},{"type":"Feature","properties":{"id":338311065,"highway":"track"},"geometry":{"type":"LineString","coordinates":[[-2.69692,43.30345],[-2.69695,43.30332],[-2.69698,43.30318],[-2.69702,43.30306],[-2.69702,43.30291],[-2.69697,43.30279],[-2.69689,43.30266],[-2.69674,43.30253],[-2.69647,43.30238],[-2.69614,43.30227],[-2.69578,43.30216],[-2.69563,43.3021],[-2.6954,43.30196]]}},{"type":"Feature","properties":{"id":338447800,"highway":"track"},"geometry":{"type":"LineString","coordinates":[[-2.68547,43.3008],[-2.68556,43.30084],[-2.68566,43.30101],[-2.68574,43.30113],[-2.68579,43.30129],[-2.68579,43.30147],[-2.68577,43.30164],[-2.68574,43.30178],[-2.68573,43.30189],[-2.68571,43.30201],[-2.6857,43.30214],[-2.68569,43.30227],[-2.68574,43.30236],[-2.68579,43.30239]]}},{"type":"Feature","properties":{"id":338449033,"highway":"track"},"geometry":{"type":"LineString","coordinates":[[-2.69774,43.29964],[-2.69777,43.2997],[-2.69766,43.29992],[-2.69741,43.30027],[-2.69715,43.30064],[-2.69705,43.30074],[-2.69671,43.30092],[-2.69654,43.30103],[-2.6964,43.30119],[-2.69624,43.3014],[-2.69602,43.30166],[-2.69589,43.30174],[-2.69571,43.30183],[-2.69547,43.30191],[-2.6954,43.30196]]}},{"type":"Feature","properties":{"id":338949236,"highway":"path","superficie":"unpaved"},"geometry":{"type":"LineString","coordinates":[[-2.68425,43.31241],[-2.68457,43.31243],[-2.68507,43.31244],[-2.6855,43.31245],[-2.68588,43.31244],[-2.68609,43.31245],[-2.68615,43.31247],[-2.68618,43.31249],[-2.68621,43.31258],[-2.68629,43.31258],[-2.68641,43.31256],[-2.68671,43.3126],[-2.68718,43.3127],[-2.68771,43.31283]]}},{"type":"Feature","properties":{"id":338951294,"highway":"service"},"geometry":{"type":"LineString","coordinates":[[-2.70222,43.31265],[-2.70201,43.31279],[-2.70179,43.31292],[-2.70158,43.31309],[-2.7014,43.31332],[-2.70121,43.31351],[-2.70113,43.31364],[-2.70103,43.31389],[-2.70096,43.31397],[-2.7008,43.31402]]}},{"type":"Feature","properties":{"id":343494569,"highway":"footway","puente":"yes"},"geometry":{"type":"LineString","coordinates":[[-2.67406,43.32244],[-2.67418,43.32237]]}},{"type":"Feature","properties":{"id":346324764,"highway":"track"},"geometry":{"type":"LineString","coordinates":[[-2.67271,43.31611],[-2.67268,43.31607]]}},{"type":"Feature","properties":{"id":346577387,"highway":"track"},"geometry":{"type":"LineString","coordinates":[[-2.70647,43.32204],[-2.70643,43.32215],[-2.70645,43.32222],[-2.70651,43.3223],[-2.70678,43.32251],[-2.70694,43.32266],[-2.7071,43.32298],[-2.7072,43.32334],[-2.70734,43.32352],[-2.70756,43.32374],[-2.7077,43.32385]]}},{"type":"Feature","properties":{"id":348205554,"highway":"track"},"geometry":{"type":"LineString","coordinates":[[-2.68325,43.3018],[-2.68319,43.30176],[-2.68306,43.30177],[-2.68219,43.30202],[-2.68182,43.30212],[-2.68109,43.30231],[-2.68057,43.30246],[-2.68018,43.30258],[-2.67968,43.30273],[-2.67945,43.30284],[-2.6792,43.30295],[-2.67892,43.30308],[-2.67878,43.30319],[-2.67875,43.30327]]}},{"type":"Feature","properties":{"id":348205555,"highway":"track","tunel":"yes"},"geometry":{"type":"LineString","coordinates":[[-2.67875,43.30327],[-2.6788,43.30344]]}},{"type":"Feature","properties":{"id":348205556,"highway":"track"},"geometry":{"type":"LineString","coordinates":[[-2.6788,43.30344],[-2.67888,43.30347],[-2.679,43.30345],[-2.67917,43.30338],[-2.67939,43.30327],[-2.67966,43.30316],[-2.68005,43.30304],[-2.68036,43.30293],[-2.68056,43.30285],[-2.68076,43.30275],[-2.68099,43.3027],[-2.68128,43.30267],[-2.68162,43.30261],[-2.68174,43.30257],[-2.68194,43.30252],[-2.68218,43.30245],[-2.68252,43.30235],[-2.68285,43.30227],[-2.68308,43.30214],[-2.68326,43.30203],[-2.68338,43.30193]]}},{"type":"Feature","properties":{"id":348205558,"highway":"track","tunel":"yes"},"geometry":{"type":"LineString","coordinates":[[-2.68338,43.30193],[-2.68325,43.3018]]}},{"type":"Feature","properties":{"id":348205559,"highway":"track","puente":"yes"},"geometry":{"type":"LineString","coordinates":[[-2.68162,43.30261],[-2.6817,43.30271],[-2.68175,43.30278]]}},{"type":"Feature","properties":{"id":348205560,"highway":"track"},"geometry":{"type":"LineString","coordinates":[[-2.68325,43.30305],[-2.68319,43.30299],[-2.68311,43.30294],[-2.68304,43.3029]]}},{"type":"Feature","properties":{"id":348205561,"highway":"track"},"geometry":{"type":"LineString","coordinates":[[-2.68297,43.30287],[-2.68274,43.3028],[-2.68258,43.30275],[-2.68248,43.30271],[-2.68236,43.30265],[-2.68227,43.30263],[-2.68216,43.30263],[-2.682,43.30271],[-2.68182,43.30278],[-2.68175,43.30278]]}},{"type":"Feature","properties":{"id":348205562,"highway":"track","tunel":"yes"},"geometry":{"type":"LineString","coordinates":[[-2.68304,43.3029],[-2.68297,43.30287]]}},{"type":"Feature","properties":{"id":348354605,"highway":"footway"},"geometry":{"type":"LineString","coordinates":[[-2.67933,43.31387],[-2.67936,43.31388],[-2.6796,43.31386],[-2.67981,43.31386],[-2.67981,43.31402],[-2.6798,43.31412],[-2.67973,43.31423],[-2.67971,43.31429],[-2.6797,43.31431],[-2.67968,43.31435]]}},{"type":"Feature","properties":{"id":348355511,"highway":"footway","superficie":"concrete"},"geometry":{"type":"LineString","coordinates":[[-2.67832,43.31435],[-2.67832,43.31432],[-2.67839,43.31393]]}},{"type":"Feature","properties":{"id":348355512,"highway":"footway","superficie":"paving_stones"},"geometry":{"type":"LineString","coordinates":[[-2.6784,43.31385],[-2.67843,43.31352],[-2.67843,43.31349],[-2.67846,43.31319],[-2.67844,43.31314],[-2.67842,43.31313],[-2.67835,43.31311]]}},{"type":"Feature","properties":{"id":348355513,"highway":"tertiary","nombre":"Frai Martin Murua kalea","izena_eu":"Frai Martin Murua kalea","nombre_es":"Calle Frai Martin Murua","ref":"BI-3213","oneway":"yes","superficie":"asphalt"},"geometry":{"type":"LineString","coordinates":[[-2.68107,43.3117],[-2.681,43.3117],[-2.6809,43.3117],[-2.68073,43.31166],[-2.68026,43.31155],[-2.68015,43.31153],[-2.68009,43.31152],[-2.68006,43.31151],[-2.67976,43.31146],[-2.67967,43.31145],[-2.67957,43.31145],[-2.67944,43.31147],[-2.6792,43.31151],[-2.67907,43.31154]]}},{"type":"Feature","properties":{"id":348355514,"highway":"tertiary","nombre":"San Juan kalea","izena_eu":"San Juan kalea","nombre_es":"Calle San Juan","ref":"BI-4215","oneway":"no","superficie":"asphalt"},"geometry":{"type":"LineString","coordinates":[[-2.6791,43.31575],[-2.67904,43.31577],[-2.67873,43.31587],[-2.67867,43.31589],[-2.67862,43.31591]]}},{"type":"Feature","properties":{"id":352258262,"highway":"footway"},"geometry":{"type":"LineString","coordinates":[[-2.67844,43.32005],[-2.6777,43.32],[-2.67755,43.3201],[-2.67734,43.32027]]}},{"type":"Feature","properties":{"id":352258263,"highway":"footway","tunel":"yes"},"geometry":{"type":"LineString","coordinates":[[-2.67734,43.32027],[-2.67725,43.32048]]}},{"type":"Feature","properties":{"id":352258264,"highway":"footway","nombre":"Bidegorri"},"geometry":{"type":"LineString","coordinates":[[-2.67725,43.32048],[-2.67725,43.32055],[-2.67729,43.32061],[-2.67733,43.32064],[-2.67751,43.32071],[-2.67758,43.32074],[-2.6777,43.32082],[-2.67778,43.32087],[-2.67783,43.3209],[-2.67798,43.32096],[-2.67814,43.32108],[-2.67829,43.32117],[-2.67829,43.32121],[-2.67828,43.3213],[-2.67828,43.32135],[-2.67827,43.32142],[-2.67824,43.32154],[-2.67823,43.32165],[-2.67822,43.32177],[-2.67822,43.32183],[-2.6782,43.32188],[-2.67813,43.32191],[-2.6781,43.32191],[-2.67809,43.32197],[-2.67809,43.322],[-2.67817,43.32201],[-2.67819,43.32204],[-2.67818,43.32215],[-2.67815,43.32231],[-2.67814,43.32248],[-2.67811,43.32262],[-2.67808,43.32286],[-2.67804,43.3231],[-2.67803,43.32327],[-2.67799,43.32354],[-2.67796,43.32374],[-2.67794,43.32386],[-2.67794,43.32388]]}},{"type":"Feature","properties":{"id":352749851,"highway":"track"},"geometry":{"type":"LineString","coordinates":[[-2.68556,43.30084],[-2.68573,43.30087],[-2.68595,43.30092],[-2.68616,43.30098],[-2.68631,43.30102],[-2.68651,43.30111],[-2.68686,43.30132],[-2.68709,43.30146],[-2.68738,43.30164],[-2.68739,43.30167],[-2.68739,43.30172]]}},{"type":"Feature","properties":{"id":357196908,"highway":"track"},"geometry":{"type":"LineString","coordinates":[[-2.70454,43.32139],[-2.70457,43.32166],[-2.70456,43.32171],[-2.70452,43.32173],[-2.7044,43.32171],[-2.70415,43.32163],[-2.70403,43.3216],[-2.70399,43.3216],[-2.70391,43.32161],[-2.70384,43.3216],[-2.70366,43.32159],[-2.70347,43.32156],[-2.70317,43.32147],[-2.70304,43.32142],[-2.7026,43.32125],[-2.70249,43.3212],[-2.70225,43.32108],[-2.70216,43.32104],[-2.7019,43.32089],[-2.7018,43.32088],[-2.70161,43.32087],[-2.70139,43.32084],[-2.70116,43.3207],[-2.70102,43.32063],[-2.70096,43.32059]]}},{"type":"Feature","properties":{"id":357196909,"highway":"track"},"geometry":{"type":"LineString","coordinates":[[-2.70096,43.32059],[-2.70109,43.32057],[-2.70125,43.32054],[-2.70141,43.3205],[-2.70148,43.32046],[-2.70149,43.32043],[-2.70149,43.32041],[-2.70148,43.32031],[-2.70145,43.32023],[-2.70139,43.32012],[-2.70136,43.32],[-2.70135,43.31991],[-2.70135,43.31985],[-2.70132,43.31975],[-2.70129,43.3196],[-2.70128,43.31948],[-2.70131,43.31925],[-2.70136,43.3191],[-2.70146,43.31898],[-2.70156,43.31885],[-2.70165,43.31875],[-2.70173,43.31868],[-2.70184,43.31866],[-2.70201,43.31865],[-2.70216,43.31865],[-2.70233,43.31869],[-2.70258,43.31879],[-2.70277,43.31886],[-2.7029,43.31892]]}},{"type":"Feature","properties":{"id":357197499,"highway":"track"},"geometry":{"type":"LineString","coordinates":[[-2.69357,43.31433],[-2.69346,43.31436],[-2.69339,43.31449],[-2.69332,43.31468],[-2.69322,43.31485],[-2.69318,43.31505],[-2.69311,43.31542],[-2.69303,43.31554],[-2.69299,43.31551],[-2.6929,43.31541],[-2.69279,43.31533],[-2.6927,43.31527],[-2.69259,43.31514],[-2.69249,43.31498],[-2.69238,43.31486],[-2.69231,43.31475],[-2.69227,43.31468],[-2.69223,43.31461],[-2.69222,43.31453],[-2.69217,43.31444],[-2.69205,43.31431],[-2.69187,43.31414],[-2.69174,43.31405],[-2.69162,43.31397],[-2.69156,43.31393],[-2.69145,43.31392],[-2.69133,43.31392],[-2.69119,43.31395],[-2.69105,43.31395],[-2.6909,43.3139],[-2.69079,43.31385],[-2.6907,43.31377],[-2.69062,43.31368],[-2.69056,43.31362],[-2.69033,43.31355],[-2.69019,43.31354],[-2.69013,43.31353]]}},{"type":"Feature","properties":{"id":357198817,"highway":"track"},"geometry":{"type":"LineString","coordinates":[[-2.69366,43.31428],[-2.69363,43.31431],[-2.69357,43.31433],[-2.69355,43.3144],[-2.69357,43.31453],[-2.69357,43.31473],[-2.69354,43.3149],[-2.69356,43.31496],[-2.69362,43.31511],[-2.69373,43.31534],[-2.69386,43.31552],[-2.69394,43.31562],[-2.69401,43.31567],[-2.69412,43.3157],[-2.69424,43.31571],[-2.69438,43.31573],[-2.6945,43.31574],[-2.69461,43.31576],[-2.69469,43.3158],[-2.69472,43.31586],[-2.69477,43.31591],[-2.69481,43.31592],[-2.69487,43.3159]]}},{"type":"Feature","properties":{"id":358308697,"highway":"residential","nombre":"San Juan kalea","izena_eu":"San Juan kalea","nombre_es":"Calle San Juan","oneway":"yes","superficie":"asphalt"},"geometry":{"type":"LineString","coordinates":[[-2.67862,43.31591],[-2.67846,43.31596],[-2.6781,43.31609]]}},{"type":"Feature","properties":{"id":358308698,"highway":"residential","oneway":"yes","superficie":"asphalt"},"geometry":{"type":"LineString","coordinates":[[-2.68029,43.31736],[-2.68031,43.31741],[-2.68033,43.31749],[-2.68032,43.31759]]}},{"type":"Feature","properties":{"id":358308699,"highway":"residential","nombre":"Iñigo Lopez de Haro kalea","izena_eu":"Iñigo Lopez de Haro kalea","nombre_es":"Calle Iñigo López de Haro","oneway":"no","superficie":"asphalt"},"geometry":{"type":"LineString","coordinates":[[-2.68022,43.31729],[-2.68029,43.31736]]}},{"type":"Feature","properties":{"id":358308700,"highway":"residential","nombre":"Iñigo Lopez de Haro kalea","izena_eu":"Iñigo Lopez de Haro kalea","nombre_es":"Calle Iñigo López de Haro","oneway":"yes","superficie":"asphalt"},"geometry":{"type":"LineString","coordinates":[[-2.68044,43.31736],[-2.68034,43.31737],[-2.6803,43.31736],[-2.68029,43.31736]]}},{"type":"Feature","properties":{"id":358308701,"highway":"tertiary","nombre":"Frai Martin Murua kalea","izena_eu":"Frai Martin Murua kalea","nombre_es":"Calle Frai Martin Murua","ref":"BI-3213","oneway":"yes","superficie":"asphalt"},"geometry":{"type":"LineString","coordinates":[[-2.68142,43.31149],[-2.68129,43.31159],[-2.68122,43.31165],[-2.68112,43.31168],[-2.68107,43.3117]]}},{"type":"Feature","properties":{"id":358308739,"highway":"residential","nombre":"Goikoibarra kalea","izena_eu":"Goikoibarra kalea","nombre_es":"Calle Goikoibarra","oneway":"yes"},"geometry":{"type":"LineString","coordinates":[[-2.67855,43.30506],[-2.67863,43.305],[-2.67879,43.30486],[-2.67883,43.30483]]}},{"type":"Feature","properties":{"id":358308740,"highway":"residential","oneway":"yes"},"geometry":{"type":"LineString","coordinates":[[-2.67655,43.30598],[-2.67635,43.30597],[-2.67624,43.30595],[-2.67617,43.30588],[-2.67618,43.30582],[-2.67625,43.30571],[-2.6765,43.30543],[-2.67681,43.30511],[-2.67717,43.30477],[-2.67768,43.30432],[-2.67777,43.30426]]}},{"type":"Feature","properties":{"id":361810878,"highway":"residential","nombre":"Allendesalazar kalea","izena_eu":"Allendesalazar kalea","nombre_es":"Calle Allendesalazar","oneway":"yes","superficie":"asphalt"},"geometry":{"type":"LineString","coordinates":[[-2.67937,43.31424],[-2.67948,43.31432],[-2.67953,43.31448]]}},{"type":"Feature","properties":{"id":361810881,"highway":"tertiary","nombre":"Frai Martin Murua kalea","izena_eu":"Frai Martin Murua kalea","nombre_es":"Calle Frai Martin Murua","ref":"BI-3213","oneway":"yes","superficie":"asphalt"},"geometry":{"type":"LineString","coordinates":[[-2.68154,43.3113],[-2.68142,43.31149]]}},{"type":"Feature","properties":{"id":361810882,"highway":"tertiary","nombre":"Frai Martin Murua kalea","izena_eu":"Frai Martin Murua kalea","nombre_es":"Calle Frai Martin Murua","ref":"BI-3213","superficie":"asphalt"},"geometry":{"type":"LineString","coordinates":[[-2.68188,43.31083],[-2.68174,43.3109],[-2.68169,43.31095],[-2.68161,43.31109],[-2.68154,43.3113]]}},{"type":"Feature","properties":{"id":361810883,"highway":"residential","nombre":"Lurgorri kalea","izena_eu":"Lurgorri kalea","nombre_es":"Calle Lurgorri","oneway":"yes"},"geometry":{"type":"LineString","coordinates":[[-2.68314,43.30587],[-2.68293,43.30587],[-2.68285,43.30587],[-2.6828,43.30587],[-2.68278,43.30587]]}},{"type":"Feature","properties":{"id":361810884,"highway":"residential","nombre":"Lurgorri kalea","izena_eu":"Lurgorri kalea","nombre_es":"Calle Lurgorri"},"geometry":{"type":"LineString","coordinates":[[-2.68608,43.30559],[-2.68602,43.30562],[-2.68545,43.30568],[-2.68491,43.30575],[-2.68476,43.30577],[-2.68465,43.30578],[-2.68453,43.30579],[-2.68408,43.30584],[-2.68378,43.30585],[-2.68366,43.30585],[-2.68346,43.30585],[-2.68323,43.30585],[-2.68314,43.30587]]}},{"type":"Feature","properties":{"id":361810886,"highway":"tertiary","nombre":"San Bartolome kalea","izena_eu":"San Bartolome kalea","nombre_es":"Calle San Bartolomé","superficie":"asphalt"},"geometry":{"type":"LineString","coordinates":[[-2.67385,43.31828],[-2.67372,43.31835],[-2.67348,43.31846],[-2.6734,43.31849],[-2.67332,43.31852]]}},{"type":"Feature","properties":{"id":361810888,"highway":"pedestrian","nombre":"Santa Klara kalea","izena_eu":"Santa Klara kalea","nombre_es":"Calle Santa Clara","superficie":"paving_stones"},"geometry":{"type":"LineString","coordinates":[[-2.68017,43.31303],[-2.6802,43.31311],[-2.68021,43.31318],[-2.68022,43.31337],[-2.68018,43.31343],[-2.68015,43.31344],[-2.68006,43.31348],[-2.67985,43.31354],[-2.67965,43.31356],[-2.67944,43.31356],[-2.67934,43.31356]]}},{"type":"Feature","properties":{"id":361810889,"highway":"unclassified","superficie":"asphalt"},"geometry":{"type":"LineString","coordinates":[[-2.69183,43.30386],[-2.69177,43.30383],[-2.69166,43.30382],[-2.69157,43.30385],[-2.69152,43.30388],[-2.6914,43.30397],[-2.69131,43.30403],[-2.69123,43.30405],[-2.69095,43.30411],[-2.69065,43.30416]]}},{"type":"Feature","properties":{"id":361810893,"highway":"footway"},"geometry":{"type":"LineString","coordinates":[[-2.68044,43.31295],[-2.68017,43.31303]]}},{"type":"Feature","properties":{"id":361810900,"highway":"track","superficie":"gravel"},"geometry":{"type":"LineString","coordinates":[[-2.69474,43.30305],[-2.69468,43.30317],[-2.69468,43.30318],[-2.69465,43.30327],[-2.69464,43.30335],[-2.69463,43.30336],[-2.69461,43.30339],[-2.69458,43.3034],[-2.69456,43.30341],[-2.69455,43.30341],[-2.69453,43.30341],[-2.69451,43.30342],[-2.69449,43.30341],[-2.69447,43.30341],[-2.69446,43.3034],[-2.69439,43.30333],[-2.6943,43.3033],[-2.6942,43.30326],[-2.69412,43.30321],[-2.69406,43.30317]]}},{"type":"Feature","properties":{"id":361810901,"highway":"track"},"geometry":{"type":"LineString","coordinates":[[-2.7114,43.30614],[-2.71152,43.30617],[-2.71197,43.30618]]}},{"type":"Feature","properties":{"id":361810902,"highway":"path"},"geometry":{"type":"LineString","coordinates":[[-2.68044,43.31295],[-2.68039,43.31334],[-2.68029,43.31339],[-2.68018,43.31343]]}},{"type":"Feature","properties":{"id":361810903,"highway":"track"},"geometry":{"type":"LineString","coordinates":[[-2.6974,43.3041],[-2.69778,43.30407],[-2.69823,43.30407]]}},{"type":"Feature","properties":{"id":361810905,"highway":"residential","oneway":"yes","superficie":"asphalt"},"geometry":{"type":"LineString","coordinates":[[-2.6816,43.31183],[-2.6816,43.31167],[-2.68156,43.31154],[-2.68154,43.3113]]}},{"type":"Feature","properties":{"id":361810906,"highway":"pedestrian"},"geometry":{"type":"LineString","coordinates":[[-2.68608,43.30559],[-2.68637,43.30559],[-2.68651,43.3056],[-2.68692,43.30552],[-2.68716,43.30548],[-2.68724,43.30541]]}},{"type":"Feature","properties":{"id":361810907,"highway":"track"},"geometry":{"type":"LineString","coordinates":[[-2.70265,43.30451],[-2.70294,43.30462],[-2.70306,43.30468],[-2.70319,43.30477]]}},{"type":"Feature","properties":{"id":361810908,"highway":"track","superficie":"gravel"},"geometry":{"type":"LineString","coordinates":[[-2.69406,43.30317],[-2.69399,43.30311],[-2.69398,43.30309],[-2.6939,43.30301],[-2.69387,43.30299],[-2.69384,43.30297],[-2.69379,43.30297],[-2.69375,43.30297],[-2.69372,43.30299],[-2.69369,43.30302],[-2.69365,43.30306],[-2.69362,43.30309],[-2.69357,43.30319],[-2.69353,43.30328],[-2.69353,43.3033],[-2.69351,43.30335],[-2.69351,43.3034],[-2.69351,43.30342],[-2.69351,43.30349],[-2.6935,43.30351],[-2.6935,43.30353],[-2.69349,43.30354],[-2.69348,43.30356],[-2.69343,43.30357],[-2.69342,43.30358],[-2.69333,43.3036],[-2.69324,43.30362],[-2.69315,43.30365],[-2.69313,43.30366],[-2.69306,43.3037],[-2.69302,43.30376],[-2.69299,43.30379],[-2.69295,43.30384],[-2.69291,43.30386],[-2.69288,43.30388],[-2.69286,43.30389],[-2.69282,43.3039],[-2.69279,43.30391],[-2.69276,43.30391],[-2.69274,43.30391],[-2.69269,43.30391],[-2.69267,43.30391],[-2.69262,43.3039],[-2.69258,43.30389],[-2.69247,43.30385],[-2.69238,43.30382],[-2.69227,43.30379],[-2.69226,43.30379],[-2.6922,43.30378],[-2.69218,43.30378],[-2.69215,43.30378]]}},{"type":"Feature","properties":{"id":361810910,"highway":"track"},"geometry":{"type":"MultiLineString","coordinates":[[[-2.71762,43.3078],[-2.71751,43.30778],[-2.71743,43.30775],[-2.71721,43.30765],[-2.71689,43.30749],[-2.71671,43.30743],[-2.71657,43.30736],[-2.71642,43.30731],[-2.71622,43.30723],[-2.71596,43.3071],[-2.71581,43.30699],[-2.71562,43.30691],[-2.71548,43.30682],[-2.71539,43.30679],[-2.71495,43.30662],[-2.71381,43.30634],[-2.71339,43.3062],[-2.71308,43.3061],[-2.71284,43.30604],[-2.71261,43.30601],[-2.71246,43.30598],[-2.71209,43.30586],[-2.71191,43.30584],[-2.71179,43.30584],[-2.71165,43.30602],[-2.71147,43.30611],[-2.7114,43.30614],[-2.71135,43.30612],[-2.71124,43.30605],[-2.71106,43.30593],[-2.71093,43.3058],[-2.71085,43.30574],[-2.71069,43.30569],[-2.71055,43.30565],[-2.71041,43.30553],[-2.71032,43.30546],[-2.70965,43.30539],[-2.70936,43.30537],[-2.70917,43.30531],[-2.7088,43.30518],[-2.70767,43.30493],[-2.70698,43.30484],[-2.70686,43.30484],[-2.70657,43.30478],[-2.7065,43.30477],[-2.70598,43.30469]],[[-2.70417,43.30448],[-2.70406,43.30448],[-2.70388,43.30445]],[[-2.70368,43.30442],[-2.70273,43.3045],[-2.70265,43.30451],[-2.70229,43.30447],[-2.70198,43.30447],[-2.70154,43.30454],[-2.70139,43.30457],[-2.70119,43.30462],[-2.70064,43.30457],[-2.70032,43.30454],[-2.69997,43.30454],[-2.69974,43.30451],[-2.69914,43.3045],[-2.69877,43.30442],[-2.69853,43.30439],[-2.69796,43.30429],[-2.69762,43.30418],[-2.6974,43.3041],[-2.6973,43.30407],[-2.6971,43.30398],[-2.69664,43.30394],[-2.69649,43.30391],[-2.69639,43.30389],[-2.6962,43.30379],[-2.69605,43.30368],[-2.69587,43.30356],[-2.69573,43.3035],[-2.69545,43.30336],[-2.69525,43.30325],[-2.695,43.30318],[-2.69486,43.30313],[-2.69474,43.30305]]]}},{"type":"Feature","properties":{"id":361810911,"highway":"track","superficie":"asphalt"},"geometry":{"type":"LineString","coordinates":[[-2.69215,43.30378],[-2.69211,43.30378],[-2.69209,43.30379],[-2.69202,43.3038],[-2.69193,43.30383],[-2.69188,43.30384],[-2.69183,43.30386]]}},{"type":"Feature","properties":{"id":361810915,"highway":"residential","nombre":"Zearreta kalea","izena_eu":"Zearreta kalea"},"geometry":{"type":"LineString","coordinates":[[-2.6816,43.31183],[-2.68162,43.31188],[-2.68164,43.31202],[-2.68165,43.31215],[-2.68166,43.31251],[-2.68167,43.31259]]}},{"type":"Feature","properties":{"id":361810916,"highway":"residential","nombre":"Zearreta kalea","izena_eu":"Zearreta kalea"},"geometry":{"type":"LineString","coordinates":[[-2.68167,43.31259],[-2.68168,43.31281],[-2.6817,43.31299],[-2.68171,43.31305],[-2.68171,43.31308],[-2.68172,43.3132],[-2.68176,43.31371],[-2.68177,43.31386],[-2.68178,43.31395],[-2.68179,43.31407],[-2.68181,43.31435],[-2.68181,43.31439]]}},{"type":"Feature","properties":{"id":361810917,"highway":"residential","nombre":"Zuberoa kalea","izena_eu":"Zuberoa kalea"},"geometry":{"type":"LineString","coordinates":[[-2.68724,43.30541],[-2.68721,43.3053]]}},{"type":"Feature","properties":{"id":368957788,"highway":"track"},"geometry":{"type":"LineString","coordinates":[[-2.70889,43.30503],[-2.70905,43.30517],[-2.70917,43.30531]]}},{"type":"Feature","properties":{"id":368958459,"highway":"track"},"geometry":{"type":"LineString","coordinates":[[-2.70648,43.30475],[-2.7065,43.30477]]}},{"type":"Feature","properties":{"id":369873835,"highway":"track"},"geometry":{"type":"LineString","coordinates":[[-2.69035,43.32045],[-2.69004,43.32022],[-2.68984,43.32007],[-2.68972,43.31998],[-2.6896,43.31992],[-2.68957,43.31992],[-2.68951,43.31995],[-2.68937,43.32002],[-2.68921,43.32007],[-2.68913,43.32008],[-2.68903,43.32006],[-2.68867,43.31996],[-2.68852,43.31989],[-2.68844,43.31986],[-2.68818,43.31972],[-2.68804,43.31963],[-2.68794,43.31951],[-2.68787,43.31948],[-2.68775,43.31943],[-2.68755,43.31937],[-2.68754,43.31932],[-2.68756,43.31928],[-2.68764,43.31926],[-2.68784,43.31927],[-2.68802,43.31927],[-2.68826,43.31926],[-2.68849,43.31928],[-2.68868,43.31929],[-2.68884,43.31934],[-2.6891,43.31949],[-2.68925,43.3196],[-2.6894,43.3197],[-2.68948,43.31978],[-2.68954,43.31987],[-2.68957,43.31989],[-2.6896,43.31992]]}},{"type":"Feature","properties":{"id":371696155,"highway":"cycleway","nombre":"Bidegorria","superficie":"asphalt"},"geometry":{"type":"LineString","coordinates":[[-2.66604,43.31974],[-2.66596,43.31976]]}},{"type":"Feature","properties":{"id":375212581,"highway":"residential"},"geometry":{"type":"LineString","coordinates":[[-2.68049,43.3085],[-2.68081,43.3086]]}},{"type":"Feature","properties":{"id":375212583,"highway":"residential","nombre":"Mestikabaso kalea","izena_eu":"Mestikabaso kalea","oneway":"yes","superficie":"asphalt"},"geometry":{"type":"LineString","coordinates":[[-2.68265,43.30835],[-2.68266,43.30823],[-2.68266,43.30812],[-2.68269,43.30741],[-2.6827,43.30728]]}},{"type":"Feature","properties":{"id":375212584,"highway":"residential"},"geometry":{"type":"LineString","coordinates":[[-2.68258,43.30806],[-2.68247,43.30805],[-2.68246,43.30805],[-2.68221,43.30797],[-2.6822,43.30793],[-2.68196,43.30785]]}},{"type":"Feature","properties":{"id":375212585,"highway":"service","oneway":"yes","superficie":"asphalt"},"geometry":{"type":"LineString","coordinates":[[-2.68404,43.30821],[-2.68446,43.30821],[-2.68447,43.30806],[-2.68448,43.30791],[-2.68448,43.30777],[-2.68449,43.30762],[-2.68449,43.30747],[-2.68403,43.30748],[-2.68381,43.30749],[-2.6838,43.30764],[-2.6838,43.30778],[-2.6838,43.30791],[-2.68379,43.30805],[-2.68379,43.30821],[-2.68404,43.30821]]}},{"type":"Feature","properties":{"id":375212586,"highway":"service","oneway":"yes","superficie":"asphalt"},"geometry":{"type":"LineString","coordinates":[[-2.68447,43.30806],[-2.68379,43.30805]]}},{"type":"Feature","properties":{"id":375212587,"highway":"service","oneway":"yes","superficie":"asphalt"},"geometry":{"type":"LineString","coordinates":[[-2.68448,43.30791],[-2.6838,43.30791]]}},{"type":"Feature","properties":{"id":375212588,"highway":"service","oneway":"yes","superficie":"asphalt"},"geometry":{"type":"LineString","coordinates":[[-2.68448,43.30777],[-2.6838,43.30778]]}},{"type":"Feature","properties":{"id":375212589,"highway":"service","oneway":"yes","superficie":"asphalt"},"geometry":{"type":"LineString","coordinates":[[-2.68449,43.30762],[-2.6838,43.30764]]}},{"type":"Feature","properties":{"id":375212590,"highway":"residential","nombre":"Juan Kaltzada kalea","izena_eu":"Juan Kaltzada kalea","nombre_es":"Calle Juan Calzada","oneway":"no"},"geometry":{"type":"LineString","coordinates":[[-2.68142,43.30838],[-2.68137,43.30836],[-2.681,43.30825],[-2.68046,43.30809],[-2.68036,43.30806]]}},{"type":"Feature","properties":{"id":375213125,"highway":"service"},"geometry":{"type":"LineString","coordinates":[[-2.68009,43.31152],[-2.68013,43.31148],[-2.68014,43.31135],[-2.68012,43.31097],[-2.68014,43.31094],[-2.68027,43.31094],[-2.68037,43.31095],[-2.68055,43.31096],[-2.68067,43.31098],[-2.68062,43.31124],[-2.68063,43.3113],[-2.68067,43.31134]]}},{"type":"Feature","properties":{"id":375213126,"highway":"service"},"geometry":{"type":"LineString","coordinates":[[-2.68037,43.31095],[-2.68035,43.31124]]}},{"type":"Feature","properties":{"id":375213127,"highway":"service"},"geometry":{"type":"LineString","coordinates":[[-2.68067,43.31098],[-2.68082,43.31102]]}},{"type":"Feature","properties":{"id":375213473,"highway":"living_street","oneway":"yes"},"geometry":{"type":"LineString","coordinates":[[-2.67659,43.31381],[-2.67664,43.31386],[-2.6767,43.31396],[-2.67673,43.31408]]}},{"type":"Feature","properties":{"id":375213474,"highway":"living_street","nombre":"Loizaga kalea","izena_eu":"Loizaga kalea","oneway":"yes"},"geometry":{"type":"LineString","coordinates":[[-2.67659,43.31381],[-2.67654,43.31388],[-2.67621,43.31444]]}},{"type":"Feature","properties":{"id":375213836,"highway":"steps","superficie":"paving_stones"},"geometry":{"type":"LineString","coordinates":[[-2.6783,43.31386],[-2.67821,43.31384]]}},{"type":"Feature","properties":{"id":375229635,"highway":"track"},"geometry":{"type":"LineString","coordinates":[[-2.6976,43.29936],[-2.69756,43.29944],[-2.69774,43.29964]]}},{"type":"Feature","properties":{"id":375230988,"highway":"track"},"geometry":{"type":"LineString","coordinates":[[-2.71575,43.31139],[-2.7157,43.31133],[-2.71556,43.31125],[-2.71533,43.31114]]}},{"type":"Feature","properties":{"id":375230989,"highway":"track"},"geometry":{"type":"LineString","coordinates":[[-2.71554,43.31042],[-2.71537,43.31032],[-2.7151,43.31022],[-2.71475,43.31008],[-2.71447,43.30997],[-2.71413,43.30986],[-2.71378,43.30974],[-2.71357,43.30967],[-2.71352,43.30965],[-2.71342,43.30963],[-2.71321,43.30959],[-2.71281,43.30955],[-2.71251,43.30951],[-2.71227,43.30948],[-2.71217,43.30945],[-2.71205,43.30944],[-2.71188,43.30944],[-2.71173,43.3094],[-2.71163,43.30937],[-2.71147,43.30935],[-2.71131,43.30934],[-2.71121,43.30933],[-2.71106,43.3093],[-2.71096,43.30928],[-2.71054,43.30925],[-2.71026,43.30922],[-2.70995,43.30917]]}},{"type":"Feature","properties":{"id":375230990,"highway":"path"},"geometry":{"type":"LineString","coordinates":[[-2.71533,43.31114],[-2.71514,43.31106],[-2.71504,43.31101],[-2.71493,43.31091],[-2.7147,43.3107],[-2.71446,43.31049],[-2.71424,43.31031],[-2.71403,43.31011],[-2.71382,43.30993],[-2.71369,43.30981],[-2.71361,43.30974],[-2.71353,43.3097],[-2.71351,43.30967],[-2.71352,43.30965]]}},{"type":"Feature","properties":{"id":375230991,"highway":"track"},"geometry":{"type":"LineString","coordinates":[[-2.71533,43.31114],[-2.71501,43.31104],[-2.71456,43.31089],[-2.71413,43.31074],[-2.71385,43.31063],[-2.71358,43.31055],[-2.71345,43.31051],[-2.71335,43.31051],[-2.7133,43.31052],[-2.71305,43.31046],[-2.71279,43.3104],[-2.71214,43.31028],[-2.71135,43.31015],[-2.7109,43.31007],[-2.71049,43.31001],[-2.71028,43.31002],[-2.71011,43.31001],[-2.70984,43.30988]]}},{"type":"Feature","properties":{"id":375350953,"highway":"residential"},"geometry":{"type":"LineString","coordinates":[[-2.68081,43.3086],[-2.68121,43.30872],[-2.68129,43.30874]]}},{"type":"Feature","properties":{"id":375350954,"highway":"residential","oneway":"yes"},"geometry":{"type":"LineString","coordinates":[[-2.681,43.30825],[-2.68096,43.30833],[-2.68083,43.30856],[-2.68081,43.3086]]}},{"type":"Feature","properties":{"id":375350955,"highway":"pedestrian"},"geometry":{"type":"LineString","coordinates":[[-2.68049,43.3085],[-2.68015,43.30841]]}},{"type":"Feature","properties":{"id":375350956,"highway":"pedestrian"},"geometry":{"type":"LineString","coordinates":[[-2.68196,43.30748],[-2.68209,43.30752],[-2.68219,43.30755],[-2.68223,43.30757],[-2.68226,43.30758],[-2.68228,43.30762],[-2.6823,43.30766],[-2.68234,43.3077],[-2.6824,43.30772],[-2.68247,43.30775],[-2.68249,43.30775],[-2.68259,43.30775]]}},{"type":"Feature","properties":{"id":375350957,"highway":"steps","superficie":"paving_stones"},"geometry":{"type":"LineString","coordinates":[[-2.68196,43.30785],[-2.68178,43.3078]]}},{"type":"Feature","properties":{"id":378037419,"highway":"cycleway","oneway":"no"},"geometry":{"type":"LineString","coordinates":[[-2.67975,43.30787],[-2.67967,43.30787],[-2.67898,43.30915],[-2.67893,43.30923],[-2.67891,43.30929],[-2.67888,43.30934],[-2.67807,43.3108],[-2.67789,43.31111],[-2.67787,43.31114],[-2.67768,43.31149],[-2.67767,43.31151],[-2.67767,43.31153],[-2.6777,43.31156],[-2.67772,43.31159]]}},{"type":"Feature","properties":{"id":385588742,"highway":"residential","nombre":"Pedro Elejalde kalea","izena_eu":"Pedro Elejalde kalea","nombre_es":"Calle Pedro de Elejalde","oneway":"no","superficie":"asphalt"},"geometry":{"type":"LineString","coordinates":[[-2.68021,43.31577],[-2.68004,43.31561]]}},{"type":"Feature","properties":{"id":385588743,"highway":"residential","nombre":"Pedro Elejalde kalea","izena_eu":"Pedro Elejalde kalea","nombre_es":"Calle Pedro de Elejalde","oneway":"no","superficie":"asphalt"},"geometry":{"type":"LineString","coordinates":[[-2.68049,43.31608],[-2.68046,43.31604],[-2.68045,43.31601],[-2.68021,43.31577]]}},{"type":"Feature","properties":{"id":385588744,"highway":"residential","nombre":"Pedro Elejalde kalea","izena_eu":"Pedro Elejalde kalea","nombre_es":"Calle Pedro de Elejalde","oneway":"yes"},"geometry":{"type":"LineString","coordinates":[[-2.68049,43.31608],[-2.68051,43.31611],[-2.68052,43.31616],[-2.68054,43.31623],[-2.68057,43.31633],[-2.68057,43.31636],[-2.68061,43.31651],[-2.68061,43.31669],[-2.68062,43.31678],[-2.68062,43.31679],[-2.6806,43.3169],[-2.6806,43.3169],[-2.68058,43.31698],[-2.68056,43.31705],[-2.68047,43.31728],[-2.68044,43.31736]]}},{"type":"Feature","properties":{"id":385817658,"highway":"residential","nombre":"Pedro Elejalde kalea","izena_eu":"Pedro Elejalde kalea","nombre_es":"Calle Pedro de Elejalde","oneway":"yes"},"geometry":{"type":"LineString","coordinates":[[-2.68032,43.31759],[-2.68041,43.31741],[-2.68044,43.31736]]}},{"type":"Feature","properties":{"id":385817659,"highway":"residential","nombre":"Pedro Elejalde kalea","izena_eu":"Pedro Elejalde kalea","nombre_es":"Calle Pedro de Elejalde","oneway":"no"},"geometry":{"type":"LineString","coordinates":[[-2.68036,43.31925],[-2.6803,43.31902],[-2.68024,43.31888],[-2.6802,43.31874],[-2.6802,43.31867],[-2.6802,43.31853],[-2.68023,43.31815],[-2.68024,43.31807],[-2.68026,43.31783],[-2.6803,43.31766],[-2.68032,43.31759]]}},{"type":"Feature","properties":{"id":385818018,"highway":"service","puente":"yes"},"geometry":{"type":"LineString","coordinates":[[-2.67823,43.3239],[-2.67827,43.32386]]}},{"type":"Feature","properties":{"id":385818019,"highway":"service"},"geometry":{"type":"LineString","coordinates":[[-2.67827,43.32386],[-2.67864,43.32391]]}},{"type":"Feature","properties":{"id":385818336,"highway":"footway"},"geometry":{"type":"LineString","coordinates":[[-2.67493,43.32185],[-2.67498,43.32185],[-2.6751,43.32183],[-2.67525,43.32177],[-2.67537,43.3217],[-2.67568,43.32154]]}},{"type":"Feature","properties":{"id":385818337,"highway":"footway","tunel":"yes"},"geometry":{"type":"LineString","coordinates":[[-2.67644,43.32029],[-2.67657,43.32009]]}},{"type":"Feature","properties":{"id":385818338,"highway":"footway"},"geometry":{"type":"LineString","coordinates":[[-2.67657,43.32009],[-2.67654,43.32002],[-2.67654,43.31946],[-2.67653,43.31942]]}},{"type":"Feature","properties":{"id":385818339,"highway":"footway"},"geometry":{"type":"LineString","coordinates":[[-2.67586,43.32173],[-2.67588,43.32172],[-2.67597,43.3217],[-2.67618,43.32164],[-2.67642,43.32157],[-2.67651,43.32153],[-2.67663,43.32146],[-2.67665,43.32141],[-2.67667,43.32127],[-2.67667,43.32117],[-2.67665,43.32109],[-2.67665,43.32102],[-2.67666,43.32096],[-2.67667,43.32093],[-2.67655,43.32081],[-2.67647,43.3208],[-2.67636,43.3208],[-2.67627,43.32076],[-2.67619,43.3207],[-2.67614,43.32066],[-2.67613,43.32062],[-2.67612,43.32056],[-2.67615,43.32051],[-2.67619,43.32046],[-2.67627,43.32041],[-2.6764,43.32032],[-2.67644,43.32029]]}},{"type":"Feature","properties":{"id":385818340,"highway":"footway","puente":"yes","superficie":"wood"},"geometry":{"type":"LineString","coordinates":[[-2.67568,43.32154],[-2.6758,43.32167],[-2.67586,43.32173]]}},{"type":"Feature","properties":{"id":388190466,"highway":"tertiary","nombre":"Aita Luis Villasante kalea","izena_eu":"Aita Luis Villasante kalea","nombre_es":"Calle Aita Luis Villasante","ref":"BI-2224","superficie":"asphalt"},"geometry":{"type":"LineString","coordinates":[[-2.66837,43.31925],[-2.66854,43.31925],[-2.6687,43.31926],[-2.66957,43.31928],[-2.66975,43.31929],[-2.67004,43.31929],[-2.67029,43.31927],[-2.67048,43.31923],[-2.67073,43.31918],[-2.6713,43.31906],[-2.6716,43.319],[-2.67173,43.31898],[-2.672,43.31892],[-2.67205,43.31891]]}},{"type":"Feature","properties":{"id":388248426,"highway":"tertiary","nombre":"Allendesalazar kalea","izena_eu":"Allendesalazar kalea","nombre_es":"Calle Allendesalazar","ref":"BI-4215","oneway":"yes","superficie":"asphalt"},"geometry":{"type":"LineString","coordinates":[[-2.67953,43.31448],[-2.67955,43.31459],[-2.67955,43.31463],[-2.67956,43.31469]]}},{"type":"Feature","properties":{"id":407933527,"highway":"residential","nombre":"Domingo Bernaola kalea","izena_eu":"Domingo Bernaola kalea","nombre_es":"Calle Domingo Bernaola","oneway":"yes","superficie":"asphalt"},"geometry":{"type":"LineString","coordinates":[[-2.67673,43.31612],[-2.67628,43.31635],[-2.67609,43.31645],[-2.67598,43.31651],[-2.67594,43.31653]]}},{"type":"Feature","properties":{"id":407933528,"highway":"residential","oneway":"yes","superficie":"paving_stones"},"geometry":{"type":"LineString","coordinates":[[-2.67756,43.31631],[-2.67747,43.31631],[-2.6774,43.31628],[-2.67737,43.31624],[-2.67735,43.3162],[-2.67733,43.3161],[-2.6773,43.31601],[-2.67729,43.31598],[-2.67723,43.31597],[-2.67703,43.31595]]}},{"type":"Feature","properties":{"id":407933529,"highway":"residential","oneway":"yes"},"geometry":{"type":"LineString","coordinates":[[-2.67701,43.3131],[-2.67692,43.31315],[-2.67688,43.31323],[-2.67686,43.31327],[-2.67685,43.31332],[-2.67681,43.31337]]}},{"type":"Feature","properties":{"id":413347768,"highway":"track"},"geometry":{"type":"LineString","coordinates":[[-2.70173,43.31868],[-2.70155,43.31875],[-2.70119,43.3189],[-2.70092,43.31906],[-2.70073,43.31919],[-2.70063,43.31933],[-2.70052,43.31951],[-2.70043,43.31959],[-2.70022,43.31971],[-2.69994,43.31977],[-2.6997,43.31979],[-2.69941,43.31979],[-2.6991,43.31982],[-2.69887,43.31988],[-2.69863,43.31996],[-2.69847,43.32004],[-2.69831,43.32009],[-2.69816,43.32011],[-2.69808,43.32023],[-2.69795,43.3204],[-2.69786,43.32055],[-2.69767,43.32058],[-2.69744,43.32065],[-2.69726,43.32072],[-2.69718,43.32077],[-2.69694,43.32092],[-2.69684,43.32098],[-2.69657,43.32112],[-2.69631,43.32124],[-2.69605,43.32134],[-2.69552,43.32147],[-2.69513,43.32157],[-2.69492,43.32161],[-2.6948,43.32162],[-2.6946,43.32162],[-2.69448,43.32157],[-2.69435,43.32149],[-2.69423,43.32138],[-2.69413,43.32127]]}},{"type":"Feature","properties":{"id":413347769,"highway":"path","superficie":"unpaved"},"geometry":{"type":"LineString","coordinates":[[-2.68785,43.31297],[-2.68785,43.31289],[-2.68788,43.31281],[-2.68791,43.31277],[-2.68795,43.31274],[-2.68815,43.31264],[-2.68874,43.31241],[-2.68884,43.31237],[-2.68894,43.31237],[-2.68899,43.31239],[-2.68904,43.31245],[-2.68909,43.31253],[-2.68915,43.31258],[-2.68922,43.31261],[-2.68924,43.31263],[-2.68925,43.31263],[-2.68928,43.31265]]}},{"type":"Feature","properties":{"id":413348615,"highway":"residential"},"geometry":{"type":"LineString","coordinates":[[-2.68566,43.30601],[-2.68562,43.30604],[-2.68554,43.30605],[-2.68484,43.30614]]}},{"type":"Feature","properties":{"id":413348616,"highway":"residential"},"geometry":{"type":"LineString","coordinates":[[-2.68608,43.30559],[-2.68611,43.30564],[-2.68613,43.3057],[-2.68618,43.3059],[-2.68618,43.30592],[-2.68616,43.30594],[-2.68566,43.30601]]}},{"type":"Feature","properties":{"id":429334581,"highway":"residential"},"geometry":{"type":"LineString","coordinates":[[-2.67298,43.31902],[-2.67322,43.31946],[-2.67312,43.3195]]}},{"type":"Feature","properties":{"id":429334582,"highway":"tertiary","superficie":"asphalt"},"geometry":{"type":"LineString","coordinates":[[-2.67238,43.31948],[-2.6723,43.31935],[-2.67222,43.3192],[-2.6721,43.319],[-2.67207,43.31895],[-2.67205,43.31891]]}},{"type":"Feature","properties":{"id":429334583,"highway":"residential","nombre":"Kortezubi bidea","izena_eu":"Kortezubi bidea","nombre_es":"Camino Kortezubi"},"geometry":{"type":"LineString","coordinates":[[-2.67238,43.31948],[-2.6723,43.31955],[-2.67155,43.3203],[-2.67153,43.32031],[-2.6715,43.32032]]}},{"type":"Feature","properties":{"id":429336699,"highway":"tertiary","nombre":"Don Tello kalea","izena_eu":"Don Tello kalea","nombre_es":"Calle Don Tello","oneway":"yes","superficie":"asphalt"},"geometry":{"type":"LineString","coordinates":[[-2.67631,43.31697],[-2.67638,43.31705],[-2.67671,43.31741],[-2.67684,43.31757],[-2.67694,43.31769],[-2.67707,43.31785],[-2.6771,43.31788],[-2.67714,43.31791],[-2.67717,43.31793],[-2.67721,43.31794],[-2.67726,43.31795],[-2.67734,43.31796],[-2.67763,43.31797],[-2.67774,43.31798],[-2.67861,43.31804],[-2.67869,43.31804]]}},{"type":"Feature","properties":{"id":429336700,"highway":"residential","nombre":"San Juan kalea","izena_eu":"San Juan kalea","nombre_es":"Calle San Juan","oneway":"no","superficie":"asphalt"},"geometry":{"type":"LineString","coordinates":[[-2.67631,43.31697],[-2.67618,43.31703],[-2.67594,43.31716],[-2.67562,43.31737]]}},{"type":"Feature","properties":{"id":429844884,"highway":"tertiary","nombre":"Iparragirre kalea","izena_eu":"Iparragirre kalea","nombre_es":"Calle Iparragirre","oneway":"yes"},"geometry":{"type":"LineString","coordinates":[[-2.68013,43.30727],[-2.68006,43.30741],[-2.67992,43.30765]]}},{"type":"Feature","properties":{"id":429844887,"highway":"residential","oneway":"yes"},"geometry":{"type":"LineString","coordinates":[[-2.67681,43.31337],[-2.67693,43.31341]]}},{"type":"Feature","properties":{"id":429844889,"highway":"tertiary","nombre":"Iparragirre kalea","izena_eu":"Iparragirre kalea","nombre_es":"Calle Iparragirre","oneway":"yes"},"geometry":{"type":"LineString","coordinates":[[-2.67693,43.31341],[-2.67691,43.31347],[-2.6768,43.31386],[-2.67673,43.31408]]}},{"type":"Feature","properties":{"id":429844892,"highway":"residential","nombre":"San Juan kalea","izena_eu":"San Juan kalea","nombre_es":"Calle San Juan","oneway":"yes","superficie":"asphalt"},"geometry":{"type":"LineString","coordinates":[[-2.67717,43.31651],[-2.67714,43.31652],[-2.67667,43.31678],[-2.67641,43.31692],[-2.67634,43.31695],[-2.67631,43.31697]]}},{"type":"Feature","properties":{"id":429844897,"highway":"residential","nombre":"Lapurdi kalea","izena_eu":"Lapurdi kalea","nombre_es":"Calle Lapurdi"},"geometry":{"type":"LineString","coordinates":[[-2.6827,43.30728],[-2.68352,43.3073],[-2.6836,43.3073],[-2.68374,43.30731],[-2.68395,43.30731],[-2.68402,43.3073],[-2.68434,43.30729],[-2.68456,43.30727],[-2.68476,43.30725],[-2.68494,43.30722],[-2.68497,43.30722],[-2.68507,43.30721]]}},{"type":"Feature","properties":{"id":429844902,"highway":"residential","nombre":"Mestikabaso kalea","izena_eu":"Mestikabaso kalea","oneway":"yes","superficie":"asphalt"},"geometry":{"type":"LineString","coordinates":[[-2.6827,43.30728],[-2.6827,43.307],[-2.68271,43.30687],[-2.68271,43.30685],[-2.68272,43.30663],[-2.68275,43.30611],[-2.68275,43.306],[-2.68275,43.30597]]}},{"type":"Feature","properties":{"id":429844903,"highway":"residential","nombre":"Mestikabaso kalea","izena_eu":"Mestikabaso kalea","oneway":"yes"},"geometry":{"type":"LineString","coordinates":[[-2.68261,43.30728],[-2.6826,43.3074],[-2.68259,43.30775],[-2.68258,43.30806],[-2.68257,43.30823],[-2.68256,43.3084],[-2.68255,43.3085],[-2.68253,43.30911],[-2.68253,43.30919],[-2.68253,43.30922]]}},{"type":"Feature","properties":{"id":463862163,"highway":"service"},"geometry":{"type":"LineString","coordinates":[[-2.6878,43.2959],[-2.68789,43.29585],[-2.68792,43.29582],[-2.68803,43.29581],[-2.68843,43.29588],[-2.6886,43.29593],[-2.68877,43.296],[-2.68889,43.29608],[-2.68894,43.29613],[-2.68897,43.29616],[-2.689,43.29618],[-2.68903,43.2962],[-2.6896,43.29641],[-2.6898,43.29647],[-2.68992,43.29649],[-2.69033,43.2965],[-2.69079,43.29651],[-2.69088,43.29653],[-2.69095,43.29658],[-2.69121,43.29678],[-2.69127,43.2968],[-2.69133,43.29682],[-2.69157,43.29685]]}},{"type":"Feature","properties":{"id":473006738,"highway":"track"},"geometry":{"type":"LineString","coordinates":[[-2.67294,43.32586],[-2.67329,43.32595],[-2.67371,43.32606],[-2.67425,43.32617]]}},{"type":"Feature","properties":{"id":473006740,"highway":"service"},"geometry":{"type":"LineString","coordinates":[[-2.67446,43.3228],[-2.67448,43.32287],[-2.67448,43.32309],[-2.67449,43.32335],[-2.6745,43.32363],[-2.67449,43.32367]]}},{"type":"Feature","properties":{"id":473006741,"highway":"service"},"geometry":{"type":"LineString","coordinates":[[-2.67458,43.32373],[-2.67457,43.32371],[-2.67455,43.32369],[-2.67452,43.32367],[-2.67449,43.32367],[-2.67446,43.32367],[-2.67443,43.32368],[-2.67441,43.32369],[-2.67439,43.32371],[-2.67439,43.32373],[-2.67439,43.32375],[-2.6744,43.32377],[-2.67442,43.32379],[-2.67445,43.3238],[-2.67448,43.32381],[-2.67451,43.3238],[-2.67454,43.32379],[-2.67457,43.32378],[-2.67458,43.32375],[-2.67458,43.32373]]}},{"type":"Feature","properties":{"id":480189353,"highway":"residential","nombre":"Uharte kalea","izena_eu":"Uharte kalea","nombre_es":"Calle Uharte","oneway":"yes"},"geometry":{"type":"LineString","coordinates":[[-2.67271,43.31611],[-2.67264,43.31611],[-2.67262,43.31615],[-2.67265,43.31619],[-2.67296,43.31634]]}},{"type":"Feature","properties":{"id":480189354,"highway":"pedestrian","nombre":"Uharte kalea","izena_eu":"Uharte kalea","nombre_es":"Calle Uharte"},"geometry":{"type":"LineString","coordinates":[[-2.67378,43.31673],[-2.67501,43.31737]]}},{"type":"Feature","properties":{"id":480189355,"highway":"service","superficie":"asphalt"},"geometry":{"type":"LineString","coordinates":[[-2.672,43.31892],[-2.67198,43.31888],[-2.67183,43.31854],[-2.67179,43.31846],[-2.67175,43.31838]]}},{"type":"Feature","properties":{"id":480189356,"highway":"residential","nombre":"Lorategieta auzunea","izena_eu":"Lorategieta auzunea","nombre_es":"Barrio Lorategieta","oneway":"yes"},"geometry":{"type":"LineString","coordinates":[[-2.66829,43.32035],[-2.6683,43.32038],[-2.66835,43.3204],[-2.6689,43.32042],[-2.6694,43.32044],[-2.66985,43.32045],[-2.66989,43.32044],[-2.66991,43.32042],[-2.66994,43.32015],[-2.66994,43.32009]]}},{"type":"Feature","properties":{"id":480191836,"highway":"footway"},"geometry":{"type":"LineString","coordinates":[[-2.67278,43.31834],[-2.67259,43.31835],[-2.67275,43.31865],[-2.67292,43.3186],[-2.67295,43.31863]]}},{"type":"Feature","properties":{"id":480191838,"highway":"footway"},"geometry":{"type":"LineString","coordinates":[[-2.66832,43.31984],[-2.66823,43.31983],[-2.66823,43.31987],[-2.66806,43.31986],[-2.66808,43.31997],[-2.66803,43.31998],[-2.66799,43.32002],[-2.66801,43.32007],[-2.66805,43.32009],[-2.6681,43.32009],[-2.66812,43.32008],[-2.66815,43.32007],[-2.66817,43.32002],[-2.66814,43.31999],[-2.66808,43.31997]]}},{"type":"Feature","properties":{"id":480191839,"highway":"footway"},"geometry":{"type":"LineString","coordinates":[[-2.66812,43.32008],[-2.6682,43.32017],[-2.66818,43.32034],[-2.66821,43.32041],[-2.66833,43.32044],[-2.66835,43.3204]]}},{"type":"Feature","properties":{"id":480191841,"highway":"tertiary","nombre":"Aita Luis Villasante kalea","izena_eu":"Aita Luis Villasante kalea","nombre_es":"Calle Aita Luis Villasante","ref":"BI-2224","superficie":"asphalt"},"geometry":{"type":"MultiLineString","coordinates":[[[-2.66723,43.31932],[-2.66741,43.31929],[-2.66756,43.31927],[-2.66765,43.31926],[-2.66776,43.31925],[-2.66783,43.31925]],[[-2.66821,43.31925],[-2.66837,43.31925]]]}},{"type":"Feature","properties":{"id":480192867,"highway":"service"},"geometry":{"type":"LineString","coordinates":[[-2.6668,43.3194],[-2.6668,43.3194]]}},{"type":"Feature","properties":{"id":480193397,"highway":"track"},"geometry":{"type":"LineString","coordinates":[[-2.67538,43.32007],[-2.67507,43.32],[-2.67475,43.31996],[-2.67441,43.31994],[-2.67363,43.31994],[-2.67319,43.31997],[-2.67305,43.31999],[-2.67287,43.32006],[-2.67267,43.3201],[-2.67234,43.32016],[-2.67217,43.32021],[-2.6721,43.32026],[-2.67207,43.32032],[-2.67194,43.32077],[-2.67188,43.32096],[-2.67177,43.32119],[-2.67174,43.32131],[-2.67171,43.32147]]}},{"type":"Feature","properties":{"id":480193400,"highway":"service","superficie":"asphalt"},"geometry":{"type":"LineString","coordinates":[[-2.67254,43.31803],[-2.67251,43.31808],[-2.67255,43.31815],[-2.67257,43.31817],[-2.67259,43.31823]]}},{"type":"Feature","properties":{"id":480195906,"highway":"residential","oneway":"yes","superficie":"asphalt"},"geometry":{"type":"LineString","coordinates":[[-2.68422,43.31055],[-2.68414,43.31061],[-2.68373,43.31097],[-2.68346,43.31121],[-2.68337,43.31134]]}},{"type":"Feature","properties":{"id":480195908,"highway":"footway"},"geometry":{"type":"LineString","coordinates":[[-2.68317,43.31126],[-2.68341,43.3112],[-2.68343,43.3112]]}},{"type":"Feature","properties":{"id":480195910,"highway":"service"},"geometry":{"type":"LineString","coordinates":[[-2.68287,43.31294],[-2.68293,43.31293],[-2.683,43.31296],[-2.68308,43.31302],[-2.68313,43.31306],[-2.68322,43.31309],[-2.68332,43.31308],[-2.68336,43.313],[-2.68336,43.31295],[-2.68335,43.31287]]}},{"type":"Feature","properties":{"id":480195913,"highway":"residential","oneway":"yes","superficie":"asphalt"},"geometry":{"type":"LineString","coordinates":[[-2.68287,43.31294],[-2.68303,43.31307]]}},{"type":"Feature","properties":{"id":480196300,"highway":"residential"},"geometry":{"type":"LineString","coordinates":[[-2.68237,43.31104],[-2.68247,43.31101]]}},{"type":"Feature","properties":{"id":480196301,"highway":"living_street"},"geometry":{"type":"LineString","coordinates":[[-2.68526,43.31053],[-2.68513,43.31034],[-2.6851,43.31031],[-2.68504,43.31029],[-2.6849,43.31026],[-2.68444,43.31019]]}},{"type":"Feature","properties":{"id":480197224,"highway":"service"},"geometry":{"type":"LineString","coordinates":[[-2.68209,43.31022],[-2.68224,43.31025],[-2.68249,43.31028],[-2.68259,43.31027],[-2.68267,43.3102],[-2.68269,43.31014],[-2.68234,43.31005]]}},{"type":"Feature","properties":{"id":480197225,"highway":"service","oneway":"yes"},"geometry":{"type":"LineString","coordinates":[[-2.68227,43.30981],[-2.68267,43.30992],[-2.6827,43.30991],[-2.68277,43.30978],[-2.6828,43.30976],[-2.68291,43.30979],[-2.68295,43.30982],[-2.68294,43.30987],[-2.68284,43.31005],[-2.68276,43.31008],[-2.68221,43.30995]]}},{"type":"Feature","properties":{"id":480426935,"highway":"steps","superficie":"paving_stones"},"geometry":{"type":"LineString","coordinates":[[-2.67933,43.31387],[-2.67926,43.31391],[-2.67921,43.3139],[-2.6792,43.314],[-2.67917,43.314],[-2.67918,43.3139],[-2.67911,43.3139]]}},{"type":"Feature","properties":{"id":480426937,"highway":"footway","superficie":"concrete"},"geometry":{"type":"LineString","coordinates":[[-2.67911,43.3139],[-2.67902,43.3139],[-2.67862,43.3139],[-2.67856,43.31394],[-2.67852,43.31394],[-2.67839,43.31393]]}},{"type":"Feature","properties":{"id":488056419,"highway":"pedestrian","nombre":"Calle Pedro de Elejalde","superficie":"paving_stones"},"geometry":{"type":"LineString","coordinates":[[-2.67985,43.31549],[-2.67995,43.31554]]}},{"type":"Feature","properties":{"id":490433311,"highway":"service","nombre":"Carlos Gangoiti kalea","izena_eu":"Carlos Gangoiti kalea","nombre_es":"Calle Carlos Gangoiti","ref":"BI-2235","superficie":"asphalt"},"geometry":{"type":"LineString","coordinates":[[-2.6785,43.3207],[-2.67855,43.32036],[-2.67857,43.32022],[-2.67856,43.32019],[-2.67855,43.32015]]}},{"type":"Feature","properties":{"id":491117123,"highway":"tertiary","nombre":"Carlos Gangoiti kalea","izena_eu":"Carlos Gangoiti kalea","nombre_es":"Calle Carlos Gangoiti","ref":"BI-2235","oneway":"yes","superficie":"asphalt"},"geometry":{"type":"LineString","coordinates":[[-2.67877,43.31869],[-2.67878,43.31859],[-2.67887,43.31804],[-2.67888,43.31796]]}},{"type":"Feature","properties":{"id":493632598,"highway":"residential","nombre":"Goikoibarra kalea","izena_eu":"Goikoibarra kalea","nombre_es":"Calle Goikoibarra"},"geometry":{"type":"LineString","coordinates":[[-2.68,43.30691],[-2.67962,43.30762],[-2.67946,43.30794],[-2.6794,43.30804]]}},{"type":"Feature","properties":{"id":493634723,"highway":"residential","nombre":"Goikoibarra kalea","izena_eu":"Goikoibarra kalea","nombre_es":"Calle Goikoibarra","oneway":"yes"},"geometry":{"type":"LineString","coordinates":[[-2.67855,43.30481],[-2.67859,43.30485],[-2.67861,43.30487],[-2.67862,43.30491],[-2.67862,43.30495],[-2.67861,43.30497],[-2.67855,43.30506]]}},{"type":"Feature","properties":{"id":493634724,"highway":"tertiary","oneway":"yes"},"geometry":{"type":"LineString","coordinates":[[-2.67855,43.30481],[-2.6786,43.30484],[-2.67864,43.30485],[-2.67869,43.30486],[-2.67873,43.30486],[-2.67877,43.30485],[-2.67883,43.30483]]}},{"type":"Feature","properties":{"id":493634725,"highway":"tertiary","oneway":"yes"},"geometry":{"type":"LineString","coordinates":[[-2.6782,43.30372],[-2.67824,43.30377],[-2.67825,43.3038],[-2.67825,43.30385],[-2.67823,43.30391],[-2.67819,43.30394],[-2.67798,43.30409],[-2.67793,43.30414]]}},{"type":"Feature","properties":{"id":493634728,"highway":"tertiary","oneway":"no"},"geometry":{"type":"LineString","coordinates":[[-2.67915,43.30455],[-2.67911,43.30451],[-2.67909,43.30449],[-2.67908,43.30448],[-2.67901,43.30442],[-2.67844,43.3039],[-2.67837,43.30383],[-2.67828,43.30376],[-2.67825,43.30375],[-2.6782,43.30372]]}},{"type":"Feature","properties":{"id":493634729,"highway":"pedestrian"},"geometry":{"type":"LineString","coordinates":[[-2.67979,43.30518],[-2.67978,43.30523],[-2.67977,43.30535],[-2.6798,43.30542],[-2.67992,43.30554],[-2.67986,43.30565],[-2.67985,43.30569],[-2.67994,43.30572],[-2.68005,43.30579],[-2.68009,43.30582],[-2.68017,43.30593],[-2.68018,43.30599],[-2.68015,43.30604],[-2.68019,43.30612],[-2.68021,43.3062],[-2.68025,43.30638],[-2.68022,43.3064]]}},{"type":"Feature","properties":{"id":493634730,"highway":"pedestrian"},"geometry":{"type":"LineString","coordinates":[[-2.68015,43.30604],[-2.68004,43.3061],[-2.67995,43.30612],[-2.67984,43.30614],[-2.67969,43.30614],[-2.67965,43.30615],[-2.67961,43.3062]]}},{"type":"Feature","properties":{"id":493634731,"highway":"service","oneway":"yes"},"geometry":{"type":"LineString","coordinates":[[-2.67846,43.30515],[-2.67856,43.30517],[-2.67865,43.3052],[-2.67879,43.30524],[-2.67895,43.30529],[-2.67896,43.30532],[-2.679,43.30535],[-2.6791,43.30538],[-2.67927,43.30541],[-2.6795,43.30503],[-2.67937,43.30492],[-2.67924,43.30481],[-2.67918,43.30476],[-2.67914,43.30475],[-2.67908,43.30476],[-2.679,43.3048]]}},{"type":"Feature","properties":{"id":493634733,"highway":"service","oneway":"yes"},"geometry":{"type":"LineString","coordinates":[[-2.679,43.3048],[-2.67893,43.30484],[-2.67882,43.30493],[-2.67873,43.30503],[-2.6787,43.30507],[-2.67867,43.30509],[-2.6786,43.30509],[-2.67855,43.30506]]}},{"type":"Feature","properties":{"id":493634734,"highway":"service","oneway":"yes"},"geometry":{"type":"LineString","coordinates":[[-2.67937,43.30492],[-2.6791,43.30538]]}},{"type":"Feature","properties":{"id":493634735,"highway":"service","oneway":"yes"},"geometry":{"type":"LineString","coordinates":[[-2.67895,43.30529],[-2.67924,43.30481]]}},{"type":"Feature","properties":{"id":493634736,"highway":"service","oneway":"yes"},"geometry":{"type":"LineString","coordinates":[[-2.67927,43.30541],[-2.67936,43.30544],[-2.6794,43.30544],[-2.67942,43.30543],[-2.67961,43.30515],[-2.6796,43.30512],[-2.6795,43.30503]]}},{"type":"Feature","properties":{"id":493634738,"highway":"service","oneway":"yes"},"geometry":{"type":"LineString","coordinates":[[-2.67879,43.30524],[-2.67902,43.30485],[-2.679,43.3048]]}},{"type":"Feature","properties":{"id":493636745,"highway":"tertiary","nombre":"Goikoibarra kalea","izena_eu":"Goikoibarra kalea","nombre_es":"Calle Goikoibarra","oneway":"yes"},"geometry":{"type":"LineString","coordinates":[[-2.67883,43.30483],[-2.67901,43.30472],[-2.67907,43.30467],[-2.67911,43.30466],[-2.67915,43.30465]]}},{"type":"Feature","properties":{"id":493640450,"highway":"tertiary","oneway":"yes","superficie":"asphalt"},"geometry":{"type":"LineString","coordinates":[[-2.68119,43.30575],[-2.68133,43.30581],[-2.68141,43.30585],[-2.68149,43.30587]]}},{"type":"Feature","properties":{"id":493640451,"highway":"tertiary","oneway":"yes","superficie":"asphalt"},"geometry":{"type":"LineString","coordinates":[[-2.68155,43.30574],[-2.68148,43.30576],[-2.68143,43.30576],[-2.68135,43.30577],[-2.68129,43.30576],[-2.68119,43.30575]]}},{"type":"Feature","properties":{"id":493642315,"highway":"tertiary","nombre":"Iparragirre kalea","izena_eu":"Iparragirre kalea","nombre_es":"Calle Iparragirre","oneway":"yes","superficie":"asphalt"},"geometry":{"type":"LineString","coordinates":[[-2.67897,43.30936],[-2.67888,43.30952],[-2.67868,43.30987],[-2.67859,43.31004],[-2.67821,43.31074],[-2.67815,43.31084],[-2.67813,43.31087],[-2.67798,43.31114],[-2.67775,43.31153]]}},{"type":"Feature","properties":{"id":493642316,"highway":"tertiary","nombre":"Juan Kaltzada kalea","izena_eu":"Juan Kaltzada kalea","nombre_es":"Calle Juan Calzada","oneway":"yes","superficie":"asphalt"},"geometry":{"type":"LineString","coordinates":[[-2.67996,43.30875],[-2.68015,43.30841],[-2.6803,43.30817],[-2.68036,43.30806],[-2.68037,43.30805],[-2.68041,43.30798],[-2.68058,43.30768],[-2.68069,43.3075],[-2.68072,43.30745],[-2.68079,43.30732],[-2.68091,43.30711],[-2.68101,43.30694],[-2.68105,43.30686],[-2.68125,43.30656],[-2.68146,43.30623],[-2.68155,43.30611],[-2.68164,43.30603],[-2.68171,43.306]]}},{"type":"Feature","properties":{"id":493642317,"highway":"residential","nombre":"Esteban Zabala kalea","izena_eu":"Esteban Zabala kalea","nombre_es":"Calle Esteban de Zabala","oneway":"yes"},"geometry":{"type":"LineString","coordinates":[[-2.67954,43.3095],[-2.67963,43.30951],[-2.68085,43.30988],[-2.6809,43.30989]]}},{"type":"Feature","properties":{"id":493643963,"highway":"service","oneway":"yes","superficie":"asphalt"},"geometry":{"type":"LineString","coordinates":[[-2.67692,43.3119],[-2.67699,43.31178],[-2.67706,43.31166],[-2.67609,43.31137],[-2.67602,43.3115],[-2.67596,43.31162],[-2.67666,43.31183],[-2.67692,43.3119]]}},{"type":"Feature","properties":{"id":493643964,"highway":"service","oneway":"yes","superficie":"asphalt"},"geometry":{"type":"LineString","coordinates":[[-2.67699,43.31178],[-2.67602,43.3115]]}},{"type":"Feature","properties":{"id":493644522,"highway":"residential"},"geometry":{"type":"LineString","coordinates":[[-2.67584,43.31074],[-2.67718,43.3109]]}},{"type":"Feature","properties":{"id":493645220,"highway":"service","superficie":"asphalt"},"geometry":{"type":"LineString","coordinates":[[-2.67842,43.30915],[-2.67847,43.30906],[-2.67851,43.30899]]}},{"type":"Feature","properties":{"id":493645221,"highway":"service","oneway":"yes","superficie":"asphalt"},"geometry":{"type":"LineString","coordinates":[[-2.67851,43.30899],[-2.67854,43.30898],[-2.67865,43.30902],[-2.67881,43.30907],[-2.679,43.30874],[-2.67882,43.30868],[-2.67878,43.30871],[-2.67872,43.30871],[-2.67864,43.30872],[-2.67851,43.30894],[-2.67851,43.30899]]}},{"type":"Feature","properties":{"id":493645222,"highway":"service","superficie":"asphalt"},"geometry":{"type":"LineString","coordinates":[[-2.67865,43.30902],[-2.67879,43.30876],[-2.67878,43.30871]]}},{"type":"Feature","properties":{"id":530523428,"highway":"service"},"geometry":{"type":"LineString","coordinates":[[-2.6802,43.31867],[-2.68032,43.31879],[-2.68053,43.31897],[-2.68064,43.31905],[-2.68073,43.31908]]}},{"type":"Feature","properties":{"id":535019241,"highway":"residential","oneway":"yes","superficie":"asphalt"},"geometry":{"type":"LineString","coordinates":[[-2.68156,43.31154],[-2.6815,43.3115],[-2.68142,43.31149]]}},{"type":"Feature","properties":{"id":535019244,"highway":"pedestrian","nombre":"Santa Klara kalea","izena_eu":"Santa Klara kalea","nombre_es":"Calle Santa Clara"},"geometry":{"type":"LineString","coordinates":[[-2.67979,43.31271],[-2.67988,43.31277],[-2.67996,43.31283],[-2.68009,43.31293]]}},{"type":"Feature","properties":{"id":535019247,"highway":"pedestrian","nombre":"Santa Klara kalea","izena_eu":"Santa Klara kalea","nombre_es":"Calle Santa Clara","superficie":"paved"},"geometry":{"type":"LineString","coordinates":[[-2.68017,43.31303],[-2.68009,43.31293]]}},{"type":"Feature","properties":{"id":559176395,"highway":"track"},"geometry":{"type":"LineString","coordinates":[[-2.69053,43.31545],[-2.6905,43.31553],[-2.6905,43.3157],[-2.69055,43.31585],[-2.69056,43.31598],[-2.69056,43.31605],[-2.69052,43.31608],[-2.69046,43.31608],[-2.69026,43.31603],[-2.6901,43.31601],[-2.68997,43.31603],[-2.68979,43.31608],[-2.68959,43.31615],[-2.68939,43.31625],[-2.68924,43.31636],[-2.6891,43.31647],[-2.6889,43.31668]]}},{"type":"Feature","properties":{"id":559176396,"highway":"path"},"geometry":{"type":"LineString","coordinates":[[-2.68979,43.31608],[-2.68973,43.31618],[-2.68956,43.31644],[-2.68943,43.3167],[-2.6894,43.31681],[-2.68937,43.31692],[-2.68932,43.31707],[-2.68934,43.3172],[-2.68944,43.31735],[-2.68965,43.31752],[-2.68977,43.3176],[-2.68984,43.31764],[-2.68994,43.31767],[-2.68996,43.3177]]}},{"type":"Feature","properties":{"id":559176397,"highway":"path","superficie":"ground"},"geometry":{"type":"LineString","coordinates":[[-2.68847,43.31821],[-2.68851,43.31824],[-2.68869,43.31836],[-2.68893,43.31854],[-2.68913,43.31871],[-2.68924,43.31882]]}},{"type":"Feature","properties":{"id":559176398,"highway":"path","superficie":"ground"},"geometry":{"type":"LineString","coordinates":[[-2.68924,43.31882],[-2.68937,43.31897],[-2.68959,43.31921],[-2.68973,43.31938],[-2.6899,43.31959],[-2.68994,43.31967],[-2.68996,43.31971],[-2.68995,43.31974],[-2.68988,43.31979],[-2.68972,43.31984],[-2.68957,43.31989]]}},{"type":"Feature","properties":{"id":559176399,"highway":"track"},"geometry":{"type":"LineString","coordinates":[[-2.69276,43.32099],[-2.69287,43.32105],[-2.69297,43.32108],[-2.69307,43.3211],[-2.69339,43.32113],[-2.69371,43.32115],[-2.69381,43.32113]]}},{"type":"Feature","properties":{"id":559176400,"highway":"path"},"geometry":{"type":"LineString","coordinates":[[-2.69339,43.32196],[-2.69322,43.32204],[-2.693,43.32213],[-2.69287,43.3222],[-2.6926,43.32235],[-2.69247,43.32241],[-2.69221,43.32282],[-2.69147,43.32307],[-2.69122,43.32323]]}},{"type":"Feature","properties":{"id":559183195,"highway":"path"},"geometry":{"type":"LineString","coordinates":[[-2.70149,43.32043],[-2.70173,43.32038],[-2.70201,43.32034],[-2.70202,43.32028],[-2.70184,43.31866],[-2.70186,43.31859],[-2.70178,43.31824],[-2.70178,43.3182]]}},{"type":"Feature","properties":{"id":559183197,"highway":"unclassified"},"geometry":{"type":"LineString","coordinates":[[-2.70178,43.3182],[-2.70163,43.31821],[-2.70145,43.31825],[-2.70138,43.31827],[-2.70122,43.31831],[-2.70088,43.31842],[-2.70069,43.31849],[-2.70043,43.31861],[-2.70033,43.31866],[-2.70027,43.31871],[-2.70017,43.31882],[-2.69997,43.31904],[-2.69984,43.31907],[-2.69972,43.31908],[-2.69943,43.31907],[-2.69916,43.3191],[-2.69885,43.31913],[-2.69829,43.31922],[-2.69786,43.31933],[-2.69761,43.31941],[-2.6974,43.31958],[-2.69718,43.31975],[-2.6971,43.31979],[-2.69704,43.31982],[-2.69687,43.31987],[-2.69658,43.3199],[-2.69639,43.31993],[-2.69627,43.31997],[-2.69619,43.32003],[-2.69614,43.32008],[-2.69583,43.32046],[-2.6957,43.32061],[-2.69552,43.32074],[-2.69535,43.32082],[-2.69516,43.32085],[-2.69485,43.32091],[-2.69454,43.32103],[-2.6943,43.32109],[-2.69409,43.32112]]}},{"type":"Feature","properties":{"id":582010565,"highway":"track"},"geometry":{"type":"LineString","coordinates":[[-2.70175,43.32569],[-2.70205,43.32571],[-2.70247,43.32577],[-2.70252,43.3258],[-2.70255,43.32595],[-2.7026,43.32603],[-2.70289,43.32614],[-2.70326,43.3262],[-2.70364,43.32623],[-2.70396,43.32625],[-2.70441,43.32633],[-2.70485,43.32638],[-2.70506,43.32643],[-2.70533,43.32649],[-2.70565,43.32653],[-2.70577,43.32654],[-2.70582,43.32651],[-2.70577,43.32641],[-2.70558,43.32622],[-2.70539,43.32609],[-2.70526,43.32598],[-2.70513,43.3259],[-2.70514,43.32584],[-2.70532,43.32575],[-2.70551,43.32564],[-2.70569,43.32551],[-2.70577,43.32551],[-2.7059,43.32559],[-2.7061,43.32571],[-2.70625,43.32573],[-2.70654,43.32571],[-2.7068,43.32565],[-2.70728,43.32552],[-2.70754,43.32545],[-2.70755,43.32544]]}},{"type":"Feature","properties":{"id":592860026,"highway":"steps"},"geometry":{"type":"LineString","coordinates":[[-2.67921,43.3139],[-2.67921,43.31382],[-2.67919,43.31382],[-2.67918,43.3139]]}},{"type":"Feature","properties":{"id":592864312,"highway":"service","nombre":"Iturburu kalea"},"geometry":{"type":"LineString","coordinates":[[-2.68146,43.31436],[-2.68158,43.31484],[-2.68158,43.31501]]}},{"type":"Feature","properties":{"id":592864425,"highway":"footway"},"geometry":{"type":"LineString","coordinates":[[-2.68146,43.31436],[-2.68141,43.31443]]}},{"type":"Feature","properties":{"id":592864738,"highway":"footway"},"geometry":{"type":"LineString","coordinates":[[-2.68223,43.31384],[-2.68219,43.31385],[-2.6821,43.31389],[-2.6821,43.31395],[-2.68194,43.314],[-2.68192,43.31406],[-2.68179,43.31407]]}},{"type":"Feature","properties":{"id":592864753,"highway":"footway"},"geometry":{"type":"LineString","coordinates":[[-2.6821,43.31389],[-2.6821,43.31382],[-2.68193,43.31382],[-2.68193,43.3137],[-2.68176,43.31371]]}},{"type":"Feature","properties":{"id":592864762,"highway":"footway"},"geometry":{"type":"LineString","coordinates":[[-2.68193,43.31382],[-2.68194,43.314]]}},{"type":"Feature","properties":{"id":601761976,"highway":"path"},"geometry":{"type":"LineString","coordinates":[[-2.67184,43.31395],[-2.67174,43.31398],[-2.67166,43.31401]]}},{"type":"Feature","properties":{"id":601761977,"highway":"path","tunel":"yes"},"geometry":{"type":"LineString","coordinates":[[-2.67166,43.31401],[-2.67152,43.31404]]}},{"type":"Feature","properties":{"id":604249679,"highway":"service"},"geometry":{"type":"LineString","coordinates":[[-2.6922,43.30054],[-2.69221,43.30055],[-2.69242,43.30066],[-2.69254,43.30072],[-2.69276,43.30077],[-2.69278,43.30077],[-2.693,43.30078],[-2.69333,43.30081],[-2.6937,43.30088],[-2.69396,43.30094],[-2.69398,43.30094]]}},{"type":"Feature","properties":{"id":619587522,"highway":"track"},"geometry":{"type":"LineString","coordinates":[[-2.69481,43.31592],[-2.69462,43.31594],[-2.6942,43.31658],[-2.69431,43.31686],[-2.69455,43.31717],[-2.69552,43.31781],[-2.69534,43.31796],[-2.6946,43.31787],[-2.69411,43.31825],[-2.69375,43.31766],[-2.69354,43.31748],[-2.69339,43.31734],[-2.69327,43.31726],[-2.69314,43.31723],[-2.69287,43.31729],[-2.69264,43.31738],[-2.69237,43.31738],[-2.69213,43.31747],[-2.69203,43.31748],[-2.69193,43.31747],[-2.69184,43.31726],[-2.69201,43.31678],[-2.692,43.31659],[-2.69194,43.3164],[-2.69187,43.31626],[-2.69176,43.31612],[-2.69053,43.31545]]}},{"type":"Feature","properties":{"id":619587523,"highway":"track"},"geometry":{"type":"LineString","coordinates":[[-2.69622,43.31558],[-2.696,43.31557],[-2.69563,43.31578],[-2.69522,43.31572],[-2.69487,43.3159]]}},{"type":"Feature","properties":{"id":619587524,"highway":"track"},"geometry":{"type":"LineString","coordinates":[[-2.69946,43.31427],[-2.69928,43.31455],[-2.69907,43.31467],[-2.69886,43.31475],[-2.6987,43.31484],[-2.69844,43.31502],[-2.6981,43.31512],[-2.69773,43.31517]]}},{"type":"Feature","properties":{"id":619587525,"highway":"track"},"geometry":{"type":"LineString","coordinates":[[-2.69619,43.32003],[-2.69626,43.3198],[-2.69667,43.31954],[-2.69691,43.31934],[-2.69715,43.31904],[-2.69746,43.31876],[-2.69823,43.31829],[-2.69862,43.31805],[-2.69879,43.31786],[-2.69888,43.31763],[-2.69899,43.31755],[-2.6992,43.31745],[-2.69934,43.31726],[-2.69941,43.31694],[-2.69956,43.31661],[-2.69951,43.31637],[-2.69938,43.31622],[-2.69907,43.3161],[-2.69891,43.3159],[-2.69883,43.31577],[-2.69881,43.31565],[-2.69877,43.31555],[-2.69891,43.31543],[-2.69916,43.31532],[-2.69939,43.31508],[-2.69955,43.31482],[-2.6997,43.31468],[-2.69975,43.31454],[-2.69974,43.31451],[-2.69972,43.31442],[-2.69946,43.31427],[-2.69941,43.31402]]}},{"type":"Feature","properties":{"id":619587526,"highway":"track"},"geometry":{"type":"LineString","coordinates":[[-2.6966,43.32267],[-2.69652,43.3221],[-2.6968,43.3216],[-2.69726,43.32106],[-2.69786,43.32055]]}},{"type":"Feature","properties":{"id":619587527,"highway":"track"},"geometry":{"type":"LineString","coordinates":[[-2.69716,43.32414],[-2.69673,43.32409],[-2.69644,43.32394],[-2.69596,43.32328],[-2.69567,43.3227],[-2.69559,43.32253],[-2.69568,43.3222],[-2.69556,43.32207],[-2.69521,43.32205],[-2.69469,43.32191],[-2.69441,43.32169],[-2.69435,43.32149]]}},{"type":"Feature","properties":{"id":619587528,"highway":"track"},"geometry":{"type":"LineString","coordinates":[[-2.70391,43.32161],[-2.70381,43.32167],[-2.70372,43.3217],[-2.70365,43.32175],[-2.70336,43.32188],[-2.70314,43.32192],[-2.70294,43.32193],[-2.70276,43.32191],[-2.70258,43.32191],[-2.70223,43.32196],[-2.70194,43.32198],[-2.70175,43.32202],[-2.70089,43.32234],[-2.70014,43.32259],[-2.69999,43.32269],[-2.69965,43.3231],[-2.69941,43.32327]]}},{"type":"Feature","properties":{"id":619587529,"highway":"track"},"geometry":{"type":"LineString","coordinates":[[-2.70096,43.32059],[-2.70005,43.32087],[-2.69958,43.32094],[-2.69906,43.32115],[-2.69848,43.32141],[-2.69806,43.32167],[-2.69771,43.32197],[-2.69749,43.32226],[-2.69733,43.32253],[-2.69722,43.32267],[-2.69695,43.32237],[-2.6968,43.3224],[-2.6966,43.32267],[-2.69641,43.32305],[-2.69596,43.32328]]}},{"type":"Feature","properties":{"id":619587530,"highway":"track"},"geometry":{"type":"LineString","coordinates":[[-2.70096,43.32059],[-2.70056,43.3204],[-2.70014,43.32037],[-2.69989,43.32039],[-2.69907,43.32039],[-2.6985,43.32054],[-2.69824,43.3206],[-2.69786,43.32055]]}},{"type":"Feature","properties":{"id":622337525,"highway":"track","superficie":"gravel"},"geometry":{"type":"LineString","coordinates":[[-2.6954,43.30196],[-2.69541,43.30199],[-2.69541,43.30201],[-2.69541,43.30202],[-2.6954,43.30203],[-2.6954,43.30204],[-2.69539,43.30206],[-2.69537,43.30208],[-2.69535,43.30211],[-2.69528,43.30219],[-2.69515,43.30233],[-2.69507,43.30242],[-2.69506,43.30244],[-2.69499,43.30253],[-2.6949,43.30264],[-2.69489,43.30266],[-2.69482,43.30275],[-2.69478,43.30282],[-2.69478,43.30283],[-2.69477,43.30289],[-2.69477,43.30295],[-2.69477,43.30298],[-2.69474,43.30305]]}},{"type":"Feature","properties":{"id":622381502,"highway":"tertiary","ref":"BI-3224"},"geometry":{"type":"LineString","coordinates":[[-2.67276,43.31775],[-2.67279,43.31776],[-2.67316,43.31792],[-2.67367,43.31812],[-2.67376,43.31816],[-2.67381,43.3182],[-2.67384,43.31823],[-2.67385,43.31828]]}},{"type":"Feature","properties":{"id":625817008,"highway":"path"},"geometry":{"type":"LineString","coordinates":[[-2.7075,43.32209],[-2.70776,43.3221]]}},{"type":"Feature","properties":{"id":629469497,"highway":"track"},"geometry":{"type":"MultiLineString","coordinates":[[[-2.70486,43.30971],[-2.70497,43.30977],[-2.70514,43.3098],[-2.70547,43.30984],[-2.70571,43.30988],[-2.70584,43.30989],[-2.70593,43.30992],[-2.706,43.30995],[-2.70638,43.31014],[-2.7065,43.31019],[-2.70668,43.31026],[-2.70679,43.31032],[-2.70684,43.31038],[-2.70689,43.31052],[-2.70694,43.31064],[-2.70702,43.31074],[-2.70745,43.31127],[-2.70734,43.31129],[-2.70664,43.31128],[-2.70671,43.31139],[-2.70707,43.31166],[-2.7074,43.31186],[-2.70753,43.31222],[-2.70768,43.31233],[-2.70787,43.31247],[-2.70874,43.31274],[-2.70896,43.31295],[-2.70919,43.31312],[-2.70949,43.3134],[-2.70993,43.31375],[-2.71007,43.31403],[-2.71016,43.31406],[-2.71025,43.31407],[-2.71023,43.31415],[-2.71023,43.31425],[-2.71039,43.31467],[-2.7106,43.31488],[-2.71089,43.31507],[-2.71113,43.3153],[-2.71128,43.31556]],[[-2.71124,43.3156],[-2.71084,43.31553],[-2.71046,43.31544],[-2.70988,43.31529],[-2.70965,43.31523],[-2.70949,43.3152],[-2.70919,43.31518],[-2.70899,43.31513],[-2.70877,43.3151],[-2.70846,43.31509],[-2.70801,43.31508],[-2.70773,43.3151],[-2.70751,43.31515]]]}},{"type":"Feature","properties":{"id":629932121,"highway":"footway"},"geometry":{"type":"LineString","coordinates":[[-2.67586,43.32173],[-2.67605,43.3219],[-2.67631,43.3219]]}},{"type":"Feature","properties":{"id":629932122,"highway":"footway","puente":"yes"},"geometry":{"type":"LineString","coordinates":[[-2.67631,43.3219],[-2.67692,43.32191],[-2.67691,43.32166]]}},{"type":"Feature","properties":{"id":629932123,"highway":"footway"},"geometry":{"type":"LineString","coordinates":[[-2.67691,43.32166],[-2.67698,43.32166],[-2.67706,43.32166]]}},{"type":"Feature","properties":{"id":630269312,"highway":"footway"},"geometry":{"type":"LineString","coordinates":[[-2.6761,43.31972],[-2.67618,43.31977],[-2.67621,43.31983],[-2.67622,43.31992],[-2.6762,43.32],[-2.6761,43.32021],[-2.67604,43.32027],[-2.67592,43.32038],[-2.67585,43.32045],[-2.67577,43.32056],[-2.67576,43.32064],[-2.67577,43.32071],[-2.67581,43.32077],[-2.67593,43.32088],[-2.67613,43.321],[-2.67628,43.32109],[-2.67632,43.32115],[-2.67633,43.32122],[-2.67632,43.32127],[-2.67625,43.32132],[-2.67614,43.32135],[-2.67591,43.32143],[-2.67568,43.32154]]}},{"type":"Feature","properties":{"id":630269313,"highway":"path"},"geometry":{"type":"LineString","coordinates":[[-2.67568,43.32154],[-2.67566,43.32152],[-2.67561,43.32151],[-2.67553,43.32152],[-2.67545,43.32155],[-2.67534,43.3216],[-2.67519,43.32161],[-2.67505,43.3216]]}},{"type":"Feature","properties":{"id":630269314,"highway":"footway"},"geometry":{"type":"LineString","coordinates":[[-2.67569,43.32032],[-2.6761,43.32021]]}},{"type":"Feature","properties":{"id":647523529,"highway":"residential","nombre":"Uharte kalea","izena_eu":"Uharte kalea","nombre_es":"Calle Uharte","oneway":"yes"},"geometry":{"type":"LineString","coordinates":[[-2.67532,43.31757],[-2.67522,43.31751],[-2.67501,43.31737]]}},{"type":"Feature","properties":{"id":647523530,"highway":"residential","superficie":"asphalt"},"geometry":{"type":"LineString","coordinates":[[-2.67535,43.31755],[-2.67532,43.31757]]}},{"type":"Feature","properties":{"id":647523531,"highway":"residential","oneway":"no","superficie":"asphalt"},"geometry":{"type":"LineString","coordinates":[[-2.67562,43.31737],[-2.67559,43.31739]]}},{"type":"Feature","properties":{"id":647737411,"highway":"service"},"geometry":{"type":"LineString","coordinates":[[-2.70163,43.32658],[-2.70164,43.32658],[-2.70168,43.32649],[-2.70171,43.32641],[-2.70173,43.32628],[-2.70172,43.32615],[-2.7017,43.32596],[-2.70167,43.32576],[-2.70168,43.32572],[-2.70175,43.32569]]}},{"type":"Feature","properties":{"id":647737418,"highway":"footway"},"geometry":{"type":"LineString","coordinates":[[-2.67293,43.32588],[-2.67294,43.32586],[-2.67299,43.32577],[-2.67313,43.32549],[-2.67332,43.32509],[-2.67348,43.32476],[-2.67364,43.32441],[-2.67379,43.32408],[-2.67391,43.32384],[-2.67408,43.32354],[-2.67419,43.32334],[-2.67421,43.32328],[-2.67426,43.3232]]}},{"type":"Feature","properties":{"id":647737422,"highway":"tertiary","nombre":"Carlos Gangoiti kalea","izena_eu":"Carlos Gangoiti kalea","nombre_es":"Calle Carlos Gangoiti","ref":"BI-2235","oneway":"yes","superficie":"asphalt"},"geometry":{"type":"LineString","coordinates":[[-2.67898,43.3167],[-2.67898,43.3166],[-2.67896,43.31652],[-2.67893,43.31643],[-2.67883,43.31625],[-2.67871,43.31604],[-2.67862,43.31591]]}},{"type":"Feature","properties":{"id":647737423,"highway":"pedestrian","superficie":"paving_stones"},"geometry":{"type":"LineString","coordinates":[[-2.67871,43.31514],[-2.67829,43.31528],[-2.67825,43.31529]]}},{"type":"Feature","properties":{"id":647737424,"highway":"tertiary","nombre":"Artekalea","izena_eu":"Artekalea","nombre_es":"Calle Artekalea","oneway":"yes","superficie":"asphalt"},"geometry":{"type":"LineString","coordinates":[[-2.67825,43.31529],[-2.67798,43.31481]]}},{"type":"Feature","properties":{"id":647737425,"highway":"pedestrian","nombre":"Azokakalea","izena_eu":"Azokakalea","nombre_es":"Calle Azokakalea","superficie":"unhewn_cobblestone"},"geometry":{"type":"LineString","coordinates":[[-2.67871,43.31514],[-2.67865,43.31502],[-2.6786,43.31495]]}},{"type":"Feature","properties":{"id":647737426,"highway":"pedestrian","nombre":"Azokakalea","izena_eu":"Azokakalea","nombre_es":"Calle Azokakalea","superficie":"unhewn_cobblestone"},"geometry":{"type":"LineString","coordinates":[[-2.6786,43.31495],[-2.67833,43.31443],[-2.67832,43.3144]]}},{"type":"Feature","properties":{"id":647737427,"highway":"tertiary","nombre":"Allendesalazar kalea","izena_eu":"Allendesalazar kalea","nombre_es":"Calle Allendesalazar","ref":"BI-4215","oneway":"yes","superficie":"asphalt"},"geometry":{"type":"LineString","coordinates":[[-2.67956,43.31469],[-2.67958,43.31481],[-2.67961,43.31493],[-2.67968,43.31509],[-2.67983,43.31534],[-2.67986,43.31542],[-2.67987,43.31545],[-2.67985,43.31549]]}},{"type":"Feature","properties":{"id":647737428,"highway":"tertiary","nombre":"Frai Martin Murua kalea","izena_eu":"Frai Martin Murua kalea","nombre_es":"Calle Frai Martin Murua","ref":"BI-3213","superficie":"asphalt"},"geometry":{"type":"LineString","coordinates":[[-2.68211,43.31078],[-2.68188,43.31083]]}},{"type":"Feature","properties":{"id":647737429,"highway":"residential"},"geometry":{"type":"LineString","coordinates":[[-2.68237,43.31104],[-2.68253,43.31111],[-2.6826,43.31116],[-2.68269,43.31124]]}},{"type":"Feature","properties":{"id":647737430,"highway":"residential"},"geometry":{"type":"LineString","coordinates":[[-2.68247,43.31101],[-2.68363,43.31067],[-2.6835,43.31043]]}},{"type":"Feature","properties":{"id":647737432,"highway":"unclassified"},"geometry":{"type":"LineString","coordinates":[[-2.68785,43.31297],[-2.68779,43.31294],[-2.68771,43.31283]]}},{"type":"Feature","properties":{"id":647737433,"highway":"unclassified"},"geometry":{"type":"LineString","coordinates":[[-2.68771,43.31283],[-2.68769,43.31276],[-2.68769,43.31269],[-2.68771,43.31263],[-2.68777,43.31255],[-2.68794,43.31237],[-2.68838,43.31204],[-2.68858,43.31187],[-2.68895,43.31155],[-2.6891,43.31127],[-2.68924,43.31094],[-2.68926,43.31079]]}},{"type":"Feature","properties":{"id":647737434,"highway":"service"},"geometry":{"type":"LineString","coordinates":[[-2.69406,43.3214],[-2.6941,43.32136],[-2.69413,43.32127],[-2.69409,43.32112]]}},{"type":"Feature","properties":{"id":647741990,"highway":"track"},"geometry":{"type":"LineString","coordinates":[[-2.69941,43.32327],[-2.69915,43.32333],[-2.69884,43.32333],[-2.69859,43.32346],[-2.69852,43.3236],[-2.69835,43.32418],[-2.69825,43.32431],[-2.69804,43.32433],[-2.69755,43.32417],[-2.69728,43.32412],[-2.69716,43.32414],[-2.69704,43.32415],[-2.69686,43.32426],[-2.69657,43.32457]]}},{"type":"Feature","properties":{"id":647741991,"highway":"track"},"geometry":{"type":"LineString","coordinates":[[-2.69941,43.32327],[-2.69994,43.32323],[-2.70049,43.3229],[-2.70064,43.32286],[-2.70082,43.32287],[-2.70106,43.32289],[-2.70163,43.32318],[-2.7018,43.3232],[-2.70203,43.32323],[-2.70219,43.32332],[-2.70213,43.32336],[-2.70194,43.32337],[-2.70174,43.32349],[-2.70144,43.32356],[-2.70141,43.32361],[-2.70146,43.32367],[-2.70157,43.32373],[-2.70169,43.32408],[-2.70174,43.32432],[-2.70175,43.32453],[-2.70167,43.32496],[-2.70164,43.32514],[-2.70176,43.32553],[-2.70175,43.32569]]}},{"type":"Feature","properties":{"id":651249930,"highway":"track"},"geometry":{"type":"LineString","coordinates":[[-2.70452,43.32173],[-2.70459,43.32184],[-2.70462,43.32231],[-2.7048,43.3227],[-2.70485,43.32288],[-2.70523,43.32315],[-2.70529,43.32328],[-2.70522,43.32365],[-2.70527,43.32403],[-2.70533,43.3241],[-2.70544,43.32412],[-2.7057,43.32401],[-2.70588,43.32402],[-2.70601,43.32408],[-2.70621,43.32429],[-2.7063,43.32453],[-2.70625,43.32467],[-2.70597,43.32496],[-2.70563,43.32542],[-2.70551,43.32564]]}},{"type":"Feature","properties":{"id":651249931,"highway":"track"},"geometry":{"type":"LineString","coordinates":[[-2.70119,43.30462],[-2.70174,43.30493],[-2.70227,43.30517],[-2.70306,43.30542],[-2.70364,43.30556],[-2.7046,43.30572],[-2.70487,43.30607],[-2.70536,43.30616],[-2.7065,43.30628],[-2.70685,43.30654],[-2.70704,43.30672],[-2.70761,43.30683],[-2.70813,43.30686],[-2.70816,43.30693],[-2.70785,43.30711],[-2.70721,43.30741],[-2.70683,43.30744],[-2.70615,43.30738],[-2.70606,43.30727],[-2.70603,43.30708],[-2.70577,43.30684],[-2.70562,43.30686],[-2.70494,43.30717],[-2.70459,43.30734],[-2.70404,43.30781],[-2.70352,43.30798],[-2.70272,43.30804],[-2.70229,43.30801],[-2.7021,43.30799],[-2.7019,43.30782],[-2.70176,43.30782],[-2.70139,43.30789]]}},{"type":"Feature","properties":{"id":653132515,"highway":"primary","ref":"BI-635","oneway":"no","puente":"yes","superficie":"asphalt"},"geometry":{"type":"LineString","coordinates":[[-2.66747,43.31933],[-2.66746,43.31925]]}},{"type":"Feature","properties":{"id":653335817,"highway":"primary","nombre":"Gernikako sahiesbidea","ref":"BI-635","oneway":"yes","superficie":"asphalt"},"geometry":{"type":"LineString","coordinates":[[-2.66747,43.31937],[-2.66749,43.31958],[-2.66752,43.3197],[-2.66754,43.31979],[-2.66759,43.31996]]}},{"type":"Feature","properties":{"id":654211264,"highway":"service","oneway":"no"},"geometry":{"type":"LineString","coordinates":[[-2.67725,43.32127],[-2.67736,43.32128],[-2.67746,43.32128],[-2.67805,43.32132]]}},{"type":"Feature","properties":{"id":654211265,"highway":"service","oneway":"no","superficie":"asphalt"},"geometry":{"type":"LineString","coordinates":[[-2.67727,43.32191],[-2.67728,43.32187],[-2.67728,43.32185],[-2.67731,43.32177],[-2.67736,43.32165],[-2.67741,43.32152],[-2.67742,43.32148],[-2.67745,43.32139],[-2.67746,43.32131],[-2.67746,43.32128]]}},{"type":"Feature","properties":{"id":654211266,"highway":"service","oneway":"no","superficie":"asphalt"},"geometry":{"type":"LineString","coordinates":[[-2.67745,43.32139],[-2.67749,43.32139],[-2.67804,43.32142]]}},{"type":"Feature","properties":{"id":654211267,"highway":"service","oneway":"no","superficie":"asphalt"},"geometry":{"type":"LineString","coordinates":[[-2.67731,43.32177],[-2.67728,43.32177],[-2.6771,43.32176]]}},{"type":"Feature","properties":{"id":654211268,"highway":"service","oneway":"no","superficie":"asphalt"},"geometry":{"type":"LineString","coordinates":[[-2.67736,43.32165],[-2.67732,43.32164],[-2.6771,43.32163]]}},{"type":"Feature","properties":{"id":654211269,"highway":"service","oneway":"no","superficie":"asphalt"},"geometry":{"type":"LineString","coordinates":[[-2.67741,43.32152],[-2.67737,43.32152],[-2.67709,43.3215]]}},{"type":"Feature","properties":{"id":654211270,"highway":"service","oneway":"no","superficie":"asphalt"},"geometry":{"type":"LineString","coordinates":[[-2.67745,43.32139],[-2.67741,43.32139],[-2.67709,43.32137]]}},{"type":"Feature","properties":{"id":654211271,"highway":"service","oneway":"yes","superficie":"asphalt"},"geometry":{"type":"LineString","coordinates":[[-2.67741,43.32152],[-2.6779,43.32154],[-2.67794,43.32154],[-2.67799,43.32153],[-2.67803,43.3215],[-2.67804,43.32145],[-2.67804,43.32142]]}},{"type":"Feature","properties":{"id":654211272,"highway":"tertiary","nombre":"Carlos Gangoiti kalea","izena_eu":"Carlos Gangoiti kalea","nombre_es":"Calle Carlos Gangoiti","ref":"BI-2235","superficie":"asphalt"},"geometry":{"type":"LineString","coordinates":[[-2.67855,43.32015],[-2.67855,43.32011],[-2.67856,43.32002],[-2.67858,43.31993],[-2.67865,43.31938],[-2.67869,43.31914]]}},{"type":"Feature","properties":{"id":654211273,"highway":"service","superficie":"asphalt"},"geometry":{"type":"LineString","coordinates":[[-2.67701,43.31889],[-2.67704,43.31889],[-2.67715,43.3189],[-2.67719,43.3189],[-2.67723,43.31891],[-2.67735,43.31892],[-2.67738,43.31892]]}},{"type":"Feature","properties":{"id":654211274,"highway":"service","oneway":"yes","superficie":"asphalt"},"geometry":{"type":"LineString","coordinates":[[-2.67731,43.31809],[-2.67732,43.31801],[-2.67734,43.31796]]}},{"type":"Feature","properties":{"id":654211275,"highway":"residential","nombre":"Nafarroa kalea","izena_eu":"Nafarroa kalea"},"geometry":{"type":"LineString","coordinates":[[-2.68294,43.30424],[-2.68346,43.30425],[-2.68366,43.30425],[-2.68437,43.30423],[-2.68448,43.30423],[-2.68463,43.30422],[-2.68586,43.30417],[-2.68659,43.30415],[-2.6868,43.30415],[-2.68697,43.30416],[-2.68715,43.30419],[-2.68734,43.30426],[-2.68749,43.30432],[-2.68758,43.30437],[-2.68773,43.30446],[-2.68785,43.30455],[-2.68798,43.30469],[-2.68808,43.30482],[-2.68812,43.30488],[-2.68813,43.30492]]}},{"type":"Feature","properties":{"id":654212902,"highway":"residential","nombre":"Gipuzkoa kalea"},"geometry":{"type":"LineString","coordinates":[[-2.68461,43.30509],[-2.68451,43.3051],[-2.68433,43.30512],[-2.68362,43.30518],[-2.68347,43.30519],[-2.68333,43.30519],[-2.68309,43.30519],[-2.68283,43.30519],[-2.68271,43.30518]]}},{"type":"Feature","properties":{"id":654212903,"highway":"residential","nombre":"Eugenia Idoiaga Emaginaren kalea","izena_eu":"Eugenia Idoiaga Emaginaren kalea","nombre_es":"Calle Eugenia Idoiaga Emagina"},"geometry":{"type":"LineString","coordinates":[[-2.68346,43.30533],[-2.68347,43.30519],[-2.68347,43.3051],[-2.68351,43.3049],[-2.68354,43.30471],[-2.68357,43.30463],[-2.6836,43.30453],[-2.68364,43.30441],[-2.68366,43.30431],[-2.68366,43.30425]]}},{"type":"Feature","properties":{"id":671049120,"highway":"footway","superficie":"paving_stones"},"geometry":{"type":"LineString","coordinates":[[-2.66854,43.31925],[-2.66854,43.31925]]}},{"type":"Feature","properties":{"id":673462250,"highway":"path"},"geometry":{"type":"LineString","coordinates":[[-2.67331,43.31045],[-2.67368,43.31055],[-2.67409,43.31064],[-2.67425,43.31065],[-2.67479,43.31056]]}},{"type":"Feature","properties":{"id":680634025,"highway":"track"},"geometry":{"type":"LineString","coordinates":[[-2.70442,43.3092],[-2.70448,43.30928],[-2.70448,43.30933],[-2.70444,43.3094],[-2.70444,43.30946],[-2.7045,43.30952],[-2.70467,43.30959],[-2.70476,43.30964],[-2.70486,43.30971]]}},{"type":"Feature","properties":{"id":680634026,"highway":"path"},"geometry":{"type":"LineString","coordinates":[[-2.68232,43.32349],[-2.68211,43.32331],[-2.68196,43.32318],[-2.68172,43.32287],[-2.68142,43.32277],[-2.68128,43.3228],[-2.68111,43.32294],[-2.68094,43.32297],[-2.68076,43.32295]]}},{"type":"Feature","properties":{"id":682382066,"highway":"footway"},"geometry":{"type":"LineString","coordinates":[[-2.67605,43.3219],[-2.67605,43.32193],[-2.67605,43.32194],[-2.67539,43.32194],[-2.67537,43.32195],[-2.67536,43.32198],[-2.67536,43.3225],[-2.67534,43.32253]]}},{"type":"Feature","properties":{"id":682382067,"highway":"footway"},"geometry":{"type":"LineString","coordinates":[[-2.6753,43.32257],[-2.67527,43.3226],[-2.67477,43.3226],[-2.67465,43.32259],[-2.67457,43.32258]]}},{"type":"Feature","properties":{"id":682382068,"highway":"footway","tunel":"yes"},"geometry":{"type":"LineString","coordinates":[[-2.67534,43.32253],[-2.6753,43.32257]]}},{"type":"Feature","properties":{"id":682382069,"highway":"footway"},"geometry":{"type":"LineString","coordinates":[[-2.67527,43.3226],[-2.67529,43.32265],[-2.67549,43.32265],[-2.67664,43.32266],[-2.67664,43.32307]]}},{"type":"Feature","properties":{"id":682382070,"highway":"footway"},"geometry":{"type":"LineString","coordinates":[[-2.67534,43.32253],[-2.67665,43.32254]]}},{"type":"Feature","properties":{"id":682382071,"highway":"footway"},"geometry":{"type":"LineString","coordinates":[[-2.67457,43.32371],[-2.67465,43.32371],[-2.67489,43.32371],[-2.67494,43.32378]]}},{"type":"Feature","properties":{"id":682383267,"highway":"tertiary","oneway":"yes"},"geometry":{"type":"LineString","coordinates":[[-2.67793,43.30414],[-2.67793,43.30422],[-2.67796,43.30428]]}},{"type":"Feature","properties":{"id":682383268,"highway":"track"},"geometry":{"type":"LineString","coordinates":[[-2.68175,43.30278],[-2.68172,43.30283],[-2.68161,43.3029],[-2.68145,43.30297],[-2.68118,43.30319],[-2.68114,43.30336]]}},{"type":"Feature","properties":{"id":682384631,"highway":"unclassified","superficie":"asphalt"},"geometry":{"type":"LineString","coordinates":[[-2.68949,43.30455],[-2.68967,43.30444],[-2.68978,43.30439],[-2.68985,43.30436],[-2.68993,43.30435]]}},{"type":"Feature","properties":{"id":682384632,"highway":"unclassified","puente":"yes","superficie":"asphalt"},"geometry":{"type":"LineString","coordinates":[[-2.68938,43.30459],[-2.68949,43.30455]]}},{"type":"Feature","properties":{"id":682384633,"highway":"unclassified","puente":"yes","superficie":"asphalt"},"geometry":{"type":"LineString","coordinates":[[-2.69065,43.30416],[-2.69051,43.30418]]}},{"type":"Feature","properties":{"id":682384634,"highway":"unclassified","superficie":"asphalt"},"geometry":{"type":"LineString","coordinates":[[-2.69051,43.30418],[-2.69011,43.30427],[-2.69003,43.30431],[-2.68993,43.30435]]}},{"type":"Feature","properties":{"id":682384635,"highway":"unclassified","superficie":"asphalt"},"geometry":{"type":"LineString","coordinates":[[-2.69318,43.30518],[-2.69313,43.30512],[-2.69285,43.3047],[-2.69274,43.30451],[-2.69272,43.30448],[-2.69264,43.30439],[-2.69252,43.30428],[-2.6923,43.30415],[-2.69213,43.30407],[-2.69198,43.304],[-2.69183,43.30386]]}},{"type":"Feature","properties":{"id":682384636,"highway":"unclassified","puente":"yes","superficie":"asphalt"},"geometry":{"type":"LineString","coordinates":[[-2.69323,43.30521],[-2.69318,43.30518]]}},{"type":"Feature","properties":{"id":682384641,"highway":"service"},"geometry":{"type":"LineString","coordinates":[[-2.69159,43.30977],[-2.69156,43.30991],[-2.69151,43.30995],[-2.69146,43.30997],[-2.69143,43.30997],[-2.69138,43.30995],[-2.69127,43.30987],[-2.69121,43.30985],[-2.69104,43.30984],[-2.69091,43.30984],[-2.69083,43.30983],[-2.69078,43.30981],[-2.69072,43.30978],[-2.69067,43.30974],[-2.6906,43.30967],[-2.69051,43.30966]]}},{"type":"Feature","properties":{"id":690045733,"highway":"tertiary","superficie":"asphalt"},"geometry":{"type":"LineString","coordinates":[[-2.6818,43.30598],[-2.68185,43.30595],[-2.68188,43.30592],[-2.6819,43.30588],[-2.68191,43.30584],[-2.6819,43.3058]]}},{"type":"Feature","properties":{"id":692437976,"highway":"path"},"geometry":{"type":"LineString","coordinates":[[-2.67269,43.32178],[-2.67247,43.32173],[-2.67221,43.3217],[-2.67219,43.32168],[-2.67217,43.32163],[-2.67219,43.32151],[-2.67217,43.32148],[-2.67192,43.32149],[-2.67171,43.32147],[-2.67151,43.32147],[-2.67137,43.32146],[-2.67132,43.32142],[-2.67126,43.32141],[-2.6709,43.3214],[-2.67073,43.32137],[-2.67056,43.32131]]}},{"type":"Feature","properties":{"id":692491204,"highway":"path"},"geometry":{"type":"LineString","coordinates":[[-2.70202,43.32028],[-2.70247,43.32048],[-2.70271,43.32056],[-2.70355,43.32083],[-2.70402,43.32098],[-2.70419,43.32102]]}},{"type":"Feature","properties":{"id":692491205,"highway":"path"},"geometry":{"type":"LineString","coordinates":[[-2.70178,43.3182],[-2.70168,43.31769],[-2.7015,43.31691],[-2.70134,43.31637],[-2.70126,43.31624],[-2.7008,43.31573],[-2.70041,43.31529],[-2.70025,43.31502],[-2.70012,43.31489],[-2.7,43.31473],[-2.69986,43.31459],[-2.69974,43.31451]]}},{"type":"Feature","properties":{"id":692491206,"highway":"track"},"geometry":{"type":"LineString","coordinates":[[-2.69773,43.31517],[-2.69753,43.31532],[-2.69744,43.31546],[-2.69739,43.31563],[-2.69731,43.31569],[-2.6972,43.3158],[-2.6971,43.31577],[-2.69704,43.31576],[-2.69679,43.31568],[-2.69622,43.31558],[-2.69611,43.31549],[-2.69606,43.31526],[-2.69602,43.31522],[-2.69583,43.31518],[-2.69535,43.31507],[-2.69497,43.31491],[-2.69444,43.31464],[-2.69426,43.31457],[-2.69401,43.31444],[-2.69386,43.31438],[-2.69363,43.31431]]}},{"type":"Feature","properties":{"id":692491207,"highway":"path"},"geometry":{"type":"LineString","coordinates":[[-2.69827,43.31332],[-2.69811,43.31322],[-2.69785,43.31303],[-2.69772,43.31284],[-2.69749,43.31234],[-2.69742,43.31221],[-2.69706,43.31152],[-2.69696,43.31144],[-2.6968,43.31139],[-2.69651,43.31136],[-2.69633,43.31136],[-2.69625,43.3114],[-2.69608,43.3115],[-2.69598,43.31159]]}},{"type":"Feature","properties":{"id":692492656,"highway":"path"},"geometry":{"type":"LineString","coordinates":[[-2.68944,43.29895],[-2.6895,43.29893],[-2.68954,43.29893],[-2.68961,43.29894],[-2.68968,43.29897],[-2.68981,43.29904],[-2.68988,43.29909],[-2.68982,43.29912],[-2.68968,43.29916],[-2.68939,43.29921],[-2.6893,43.29922],[-2.68919,43.2992]]}},{"type":"Feature","properties":{"id":692492657,"highway":"path"},"geometry":{"type":"LineString","coordinates":[[-2.68739,43.30167],[-2.68765,43.30179],[-2.68788,43.30189],[-2.68811,43.30196],[-2.68824,43.30195],[-2.68837,43.30197],[-2.68855,43.30202],[-2.68868,43.30203],[-2.68881,43.30199],[-2.68892,43.30195],[-2.68902,43.30183],[-2.68902,43.30178]]}},{"type":"Feature","properties":{"id":726030156,"highway":"footway","superficie":"paving_stones"},"geometry":{"type":"LineString","coordinates":[[-2.6802,43.31311],[-2.68018,43.31311],[-2.68012,43.31313],[-2.68014,43.31316],[-2.68014,43.31317],[-2.68017,43.31322],[-2.68017,43.31327],[-2.68016,43.31339],[-2.68014,43.31342],[-2.68008,43.31344],[-2.68005,43.31346],[-2.67997,43.31348],[-2.67984,43.3135],[-2.67975,43.31352],[-2.67969,43.31351],[-2.67961,43.31347]]}},{"type":"Feature","properties":{"id":726030157,"highway":"footway","superficie":"sett"},"geometry":{"type":"LineString","coordinates":[[-2.68006,43.31336],[-2.68006,43.31337],[-2.68005,43.31338],[-2.68004,43.31339],[-2.68002,43.3134],[-2.68001,43.3134],[-2.67999,43.31339],[-2.67998,43.31339],[-2.67997,43.31338],[-2.67996,43.31337],[-2.67996,43.31336],[-2.67997,43.31334],[-2.67998,43.31333],[-2.67999,43.31333],[-2.68,43.31332],[-2.68002,43.31332],[-2.68004,43.31333],[-2.68005,43.31334],[-2.68006,43.31335],[-2.68006,43.31336]]}},{"type":"Feature","properties":{"id":726030158,"highway":"footway","superficie":"sett"},"geometry":{"type":"LineString","coordinates":[[-2.68004,43.31339],[-2.68008,43.31344]]}},{"type":"Feature","properties":{"id":726031653,"highway":"footway","superficie":"paving_stones"},"geometry":{"type":"LineString","coordinates":[[-2.68014,43.31316],[-2.67993,43.31328],[-2.67961,43.31347],[-2.67951,43.31352],[-2.67944,43.31356]]}},{"type":"Feature","properties":{"id":732293538,"highway":"footway"},"geometry":{"type":"LineString","coordinates":[[-2.68637,43.30559],[-2.68631,43.30548],[-2.68628,43.30542],[-2.68627,43.30537],[-2.68628,43.3053],[-2.68629,43.30524],[-2.68632,43.30519],[-2.68636,43.30516],[-2.68641,43.30513],[-2.68644,43.30512],[-2.6865,43.30511],[-2.68656,43.30512],[-2.68663,43.30513],[-2.6867,43.30516],[-2.68677,43.30521],[-2.68681,43.30527],[-2.68685,43.30531],[-2.68689,43.30538],[-2.68691,43.30544],[-2.68692,43.30552]]}},{"type":"Feature","properties":{"id":737240078,"highway":"tertiary"},"geometry":{"type":"LineString","coordinates":[[-2.67915,43.30455],[-2.67913,43.30456],[-2.67912,43.30457],[-2.67911,43.30459],[-2.67911,43.30461],[-2.67912,43.30463],[-2.67913,43.30464],[-2.67915,43.30465],[-2.67918,43.30466],[-2.67921,43.30466]]}},{"type":"Feature","properties":{"id":737240079,"highway":"residential","oneway":"yes"},"geometry":{"type":"LineString","coordinates":[[-2.67926,43.30456],[-2.67927,43.30455],[-2.67929,43.30452],[-2.67951,43.30437]]}},{"type":"Feature","properties":{"id":737240080,"highway":"residential","oneway":"yes"},"geometry":{"type":"LineString","coordinates":[[-2.6796,43.30483],[-2.67952,43.3048],[-2.67948,43.30478],[-2.67939,43.30474],[-2.67937,43.30473],[-2.67929,43.30468]]}},{"type":"Feature","properties":{"id":763421499,"highway":"service","oneway":"yes"},"geometry":{"type":"LineString","coordinates":[[-2.67844,43.30516],[-2.6784,43.30513],[-2.67825,43.30504],[-2.6782,43.30501],[-2.67818,43.30498],[-2.67818,43.30496],[-2.67821,43.30492]]}},{"type":"Feature","properties":{"id":763421500,"highway":"service","oneway":"yes","tunel":"yes"},"geometry":{"type":"LineString","coordinates":[[-2.67821,43.30492],[-2.67831,43.30483]]}},{"type":"Feature","properties":{"id":763421501,"highway":"service","oneway":"yes"},"geometry":{"type":"LineString","coordinates":[[-2.67831,43.30483],[-2.67831,43.3048],[-2.67828,43.30475],[-2.67828,43.30472],[-2.67838,43.30465]]}},{"type":"Feature","properties":{"id":763421502,"highway":"service","oneway":"yes"},"geometry":{"type":"LineString","coordinates":[[-2.6782,43.30501],[-2.67806,43.30493],[-2.67803,43.30493],[-2.678,43.30494],[-2.67789,43.30507],[-2.6779,43.3051],[-2.67796,43.30513]]}},{"type":"Feature","properties":{"id":763421503,"highway":"service","oneway":"yes","tunel":"yes"},"geometry":{"type":"LineString","coordinates":[[-2.67796,43.30513],[-2.67805,43.30516]]}},{"type":"Feature","properties":{"id":763421504,"highway":"service","oneway":"yes"},"geometry":{"type":"LineString","coordinates":[[-2.67805,43.30516],[-2.6781,43.30517],[-2.67814,43.30514],[-2.67825,43.30504]]}},{"type":"Feature","properties":{"id":763421967,"highway":"service","oneway":"yes"},"geometry":{"type":"LineString","coordinates":[[-2.68064,43.30367],[-2.68072,43.30369],[-2.68077,43.30371],[-2.68087,43.3038],[-2.68095,43.30387],[-2.681,43.30388],[-2.68102,43.30385],[-2.68122,43.30367],[-2.68131,43.30361],[-2.68139,43.30356]]}},{"type":"Feature","properties":{"id":767856415,"highway":"primary","nombre":"Gernikako sahiesbidea","izena_eu":"Gernikako sahiesbidea","nombre_es":"Variante de Gernika","ref":"BI-635","oneway":"yes","superficie":"asphalt"},"geometry":{"type":"LineString","coordinates":[[-2.66759,43.31967],[-2.66755,43.31953],[-2.66751,43.31943],[-2.66747,43.31933]]}},{"type":"Feature","properties":{"id":767856419,"highway":"primary","nombre":"Gernikako sahiesbidea","izena_eu":"Gernikako sahiesbidea","nombre_es":"Variante de Gernika","ref":"BI-635","superficie":"asphalt"},"geometry":{"type":"LineString","coordinates":[[-2.67527,43.30655],[-2.6758,43.30584]]}},{"type":"Feature","properties":{"id":778040534,"highway":"residential","oneway":"yes"},"geometry":{"type":"LineString","coordinates":[[-2.67777,43.30426],[-2.67783,43.30425],[-2.67789,43.30426],[-2.67796,43.30428]]}},{"type":"Feature","properties":{"id":778041669,"highway":"service"},"geometry":{"type":"LineString","coordinates":[[-2.6777,43.30724],[-2.67747,43.30723],[-2.67733,43.30722],[-2.67725,43.3072],[-2.6772,43.30716],[-2.67716,43.30709],[-2.6771,43.30704],[-2.67702,43.30699],[-2.67666,43.30693],[-2.67641,43.3069],[-2.67633,43.30687],[-2.67632,43.30679],[-2.67642,43.30647]]}},{"type":"Feature","properties":{"id":778041670,"highway":"service"},"geometry":{"type":"LineString","coordinates":[[-2.67689,43.30816],[-2.67686,43.30797],[-2.67684,43.30789],[-2.67679,43.30785],[-2.67624,43.30769]]}},{"type":"Feature","properties":{"id":778041671,"highway":"service"},"geometry":{"type":"LineString","coordinates":[[-2.67679,43.30785],[-2.67702,43.3074]]}},{"type":"Feature","properties":{"id":784250576,"highway":"steps"},"geometry":{"type":"LineString","coordinates":[[-2.67707,43.31183],[-2.67724,43.31192]]}},{"type":"Feature","properties":{"id":784250577,"highway":"pedestrian","puente":"yes"},"geometry":{"type":"LineString","coordinates":[[-2.67724,43.31192],[-2.67747,43.31199],[-2.67767,43.31162]]}},{"type":"Feature","properties":{"id":784250579,"highway":"footway"},"geometry":{"type":"LineString","coordinates":[[-2.67736,43.3122],[-2.67739,43.3122],[-2.67741,43.31221]]}},{"type":"Feature","properties":{"id":784252630,"highway":"pedestrian","puente":"yes"},"geometry":{"type":"LineString","coordinates":[[-2.67724,43.31192],[-2.67717,43.31197],[-2.67706,43.31191],[-2.67698,43.31199],[-2.6771,43.31205],[-2.67714,43.31197]]}},{"type":"Feature","properties":{"id":784260505,"highway":"residential","oneway":"yes","superficie":"asphalt"},"geometry":{"type":"LineString","coordinates":[[-2.67907,43.30917],[-2.67904,43.30917],[-2.67899,43.30921],[-2.67895,43.30923],[-2.67893,43.30923],[-2.6789,43.30925],[-2.67883,43.30926]]}},{"type":"Feature","properties":{"id":784260507,"highway":"residential","oneway":"yes","superficie":"asphalt"},"geometry":{"type":"LineString","coordinates":[[-2.67883,43.30926],[-2.67887,43.30928],[-2.67891,43.30929],[-2.67891,43.30929],[-2.67894,43.3093],[-2.67897,43.30936]]}},{"type":"Feature","properties":{"id":784260508,"highway":"residential","oneway":"yes","superficie":"asphalt"},"geometry":{"type":"LineString","coordinates":[[-2.67891,43.30929],[-2.67892,43.30932],[-2.67892,43.30934],[-2.67886,43.30945],[-2.67887,43.30949],[-2.67888,43.30952]]}},{"type":"Feature","properties":{"id":828048990,"highway":"residential","nombre":"Mestikabaso kalea","izena_eu":"Mestikabaso kalea","nombre_es":"Calle Mestikabaso","oneway":"yes"},"geometry":{"type":"LineString","coordinates":[[-2.68271,43.30518],[-2.68271,43.30509],[-2.6827,43.30445],[-2.6827,43.30439],[-2.6827,43.30434]]}},{"type":"Feature","properties":{"id":828048992,"highway":"residential","nombre":"Mestikabaso kalea","izena_eu":"Mestikabaso kalea","nombre_es":"Calle Mestikabaso","oneway":"yes"},"geometry":{"type":"LineString","coordinates":[[-2.68265,43.30518],[-2.68265,43.30527],[-2.68267,43.30578],[-2.68267,43.30583],[-2.68267,43.30585]]}},{"type":"Feature","properties":{"id":828048993,"highway":"residential","nombre":"Gipuzkoa kalea","oneway":"yes"},"geometry":{"type":"LineString","coordinates":[[-2.68201,43.30512],[-2.6821,43.30513],[-2.68252,43.30517],[-2.68265,43.30518]]}},{"type":"Feature","properties":{"id":828048995,"highway":"tertiary","nombre":"Arana kalea","oneway":"yes"},"geometry":{"type":"LineString","coordinates":[[-2.68239,43.3044],[-2.68247,43.30437],[-2.68251,43.30435],[-2.68255,43.30433]]}},{"type":"Feature","properties":{"id":828048996,"highway":"tertiary","oneway":"yes","superficie":"asphalt"},"geometry":{"type":"LineString","coordinates":[[-2.6827,43.30415],[-2.68268,43.30406],[-2.68266,43.304]]}},{"type":"Feature","properties":{"id":828048997,"highway":"living_street"},"geometry":{"type":"LineString","coordinates":[[-2.68488,43.30242],[-2.68487,43.30245],[-2.68482,43.30252],[-2.6848,43.30257],[-2.68482,43.30261],[-2.68488,43.30267],[-2.68495,43.30275],[-2.68499,43.30281],[-2.6848,43.30288],[-2.68455,43.30299],[-2.68449,43.30304],[-2.68436,43.30311],[-2.68401,43.30327],[-2.68363,43.30343],[-2.68359,43.30345]]}},{"type":"Feature","properties":{"id":895611657,"highway":"primary_link","superficie":"asphalt"},"geometry":{"type":"LineString","coordinates":[[-2.66676,43.31989],[-2.6668,43.31991],[-2.66685,43.31994],[-2.66691,43.31997]]}},{"type":"Feature","properties":{"id":895611658,"highway":"secondary","ref":"BI-2224","oneway":"yes","superficie":"asphalt"},"geometry":{"type":"LineString","coordinates":[[-2.6661,43.31964],[-2.66609,43.31965],[-2.66605,43.31967],[-2.66602,43.3197]]}},{"type":"Feature","properties":{"id":895611660,"highway":"primary_link","oneway":"yes","superficie":"asphalt"},"geometry":{"type":"LineString","coordinates":[[-2.66825,43.32099],[-2.66818,43.32093],[-2.66813,43.32086],[-2.66797,43.32062],[-2.66789,43.32048],[-2.66782,43.32035],[-2.66774,43.32019],[-2.66769,43.32007],[-2.66767,43.32003],[-2.66764,43.32],[-2.66761,43.31997],[-2.66759,43.31996]]}},{"type":"Feature","properties":{"id":895611663,"highway":"tertiary","nombre":"Zubigorri kalea","izena_eu":"Zubigorri kalea","nombre_es":"Calle Zubigorri","ref":"BI-3215","oneway":"yes","superficie":"asphalt"},"geometry":{"type":"LineString","coordinates":[[-2.67346,43.31983],[-2.67329,43.31984],[-2.67313,43.31983],[-2.67301,43.31982],[-2.67289,43.31979],[-2.67286,43.31978],[-2.67283,43.31978],[-2.67279,43.31976]]}},{"type":"Feature","properties":{"id":895611664,"highway":"tertiary","ref":"BI-3215","oneway":"yes","superficie":"asphalt"},"geometry":{"type":"LineString","coordinates":[[-2.67215,43.3201],[-2.67224,43.32007],[-2.67237,43.32004],[-2.67247,43.32001],[-2.67257,43.32]]}},{"type":"Feature","properties":{"id":895611665,"highway":"tertiary","superficie":"asphalt"},"geometry":{"type":"LineString","coordinates":[[-2.6724,43.31951],[-2.67238,43.31948]]}},{"type":"Feature","properties":{"id":899610077,"highway":"service"},"geometry":{"type":"LineString","coordinates":[[-2.68397,43.30208],[-2.68405,43.3021]]}},{"type":"Feature","properties":{"id":899610078,"highway":"living_street"},"geometry":{"type":"LineString","coordinates":[[-2.68353,43.30347],[-2.6835,43.30344],[-2.68335,43.30329]]}},{"type":"Feature","properties":{"id":899610079,"highway":"primary_link","oneway":"yes","superficie":"asphalt"},"geometry":{"type":"LineString","coordinates":[[-2.67669,43.30449],[-2.67665,43.3045],[-2.67661,43.30453],[-2.67657,43.30456],[-2.67655,43.30458]]}},{"type":"Feature","properties":{"id":899610080,"highway":"primary_link","oneway":"yes","superficie":"asphalt"},"geometry":{"type":"LineString","coordinates":[[-2.67665,43.30487],[-2.67675,43.30476],[-2.67679,43.30472],[-2.67681,43.30469]]}},{"type":"Feature","properties":{"id":899610082,"highway":"residential","oneway":"no"},"geometry":{"type":"LineString","coordinates":[[-2.67785,43.30611],[-2.67779,43.3061],[-2.67766,43.30608],[-2.67727,43.30603],[-2.67655,43.30598]]}},{"type":"Feature","properties":{"id":899610083,"highway":"tertiary","oneway":"yes"},"geometry":{"type":"LineString","coordinates":[[-2.67921,43.30466],[-2.67924,43.30468],[-2.67927,43.3047],[-2.67938,43.30479]]}},{"type":"Feature","properties":{"id":899610084,"highway":"footway"},"geometry":{"type":"LineString","coordinates":[[-2.67998,43.305],[-2.67993,43.30505],[-2.67984,43.30513],[-2.67979,43.30518]]}},{"type":"Feature","properties":{"id":913837864,"highway":"living_street","nombre":"Loizaga kalea","izena_eu":"Loizaga kalea","oneway":"yes"},"geometry":{"type":"LineString","coordinates":[[-2.67662,43.31376],[-2.67659,43.31381]]}},{"type":"Feature","properties":{"id":913837865,"highway":"tertiary","nombre":"Iparragirre kalea","izena_eu":"Iparragirre kalea","nombre_es":"Calle Iparragirre","oneway":"yes","superficie":"asphalt"},"geometry":{"type":"LineString","coordinates":[[-2.67742,43.31214],[-2.67739,43.3122],[-2.67723,43.31251],[-2.67715,43.31268],[-2.67701,43.3131]]}},{"type":"Feature","properties":{"id":913837866,"highway":"tertiary","superficie":"asphalt"},"geometry":{"type":"LineString","coordinates":[[-2.68185,43.30573],[-2.68179,43.3057],[-2.68173,43.30569],[-2.68167,43.30569]]}},{"type":"Feature","properties":{"id":913837867,"highway":"tertiary","superficie":"asphalt"},"geometry":{"type":"LineString","coordinates":[[-2.6815,43.30589],[-2.68152,43.30592],[-2.68157,43.30596],[-2.68163,43.30599],[-2.68171,43.306]]}},{"type":"Feature","properties":{"id":913837868,"highway":"tertiary","superficie":"asphalt"},"geometry":{"type":"LineString","coordinates":[[-2.68167,43.30569],[-2.68163,43.3057],[-2.68158,43.30572],[-2.68155,43.30574]]}},{"type":"Feature","properties":{"id":913847378,"highway":"tertiary","nombre":"Iparragirre kalea","izena_eu":"Iparragirre kalea","nombre_es":"Calle Iparragirre","oneway":"yes","superficie":"asphalt"},"geometry":{"type":"LineString","coordinates":[[-2.67673,43.31408],[-2.67662,43.3145],[-2.6766,43.31455],[-2.67655,43.3147],[-2.67653,43.31474]]}},{"type":"Feature","properties":{"id":917144866,"highway":"tertiary"},"geometry":{"type":"LineString","coordinates":[[-2.67745,43.30349],[-2.67742,43.30347],[-2.67738,43.30346]]}},{"type":"Feature","properties":{"id":917144867,"highway":"tertiary"},"geometry":{"type":"LineString","coordinates":[[-2.67927,43.30463],[-2.67928,43.30461],[-2.67928,43.3046],[-2.67927,43.30458],[-2.67926,43.30456]]}},{"type":"Feature","properties":{"id":917144868,"highway":"tertiary","oneway":"yes"},"geometry":{"type":"LineString","coordinates":[[-2.67938,43.30479],[-2.67929,43.30468],[-2.67928,43.30466],[-2.67927,43.30465],[-2.67927,43.30463]]}},{"type":"Feature","properties":{"id":917144869,"highway":"tertiary"},"geometry":{"type":"LineString","coordinates":[[-2.68149,43.30587],[-2.6815,43.30589]]}},{"type":"Feature","properties":{"id":978650901,"highway":"service","nombre":"Errekaegala kalea","izena_eu":"Errekaegala kalea","nombre_es":"Calle Errekaegala","oneway":"no","superficie":"asphalt"},"geometry":{"type":"LineString","coordinates":[[-2.6763,43.31952],[-2.67646,43.31937]]}},{"type":"Feature","properties":{"id":978650902,"highway":"service","nombre":"Errekaegala kalea","izena_eu":"Errekaegala kalea","nombre_es":"Calle Errekaegala","oneway":"yes","superficie":"asphalt"},"geometry":{"type":"LineString","coordinates":[[-2.67646,43.31937],[-2.67651,43.31941],[-2.67653,43.31942],[-2.67656,43.31942],[-2.67658,43.31941],[-2.6766,43.3194],[-2.67661,43.31939],[-2.67662,43.31938],[-2.67662,43.31937],[-2.67662,43.31936],[-2.67661,43.31934],[-2.6766,43.31933],[-2.67657,43.31932],[-2.67654,43.3193]]}},{"type":"Feature","properties":{"id":979874812,"highway":"service","oneway":"yes"},"geometry":{"type":"LineString","coordinates":[[-2.67666,43.31939],[-2.67662,43.31937]]}},{"type":"Feature","properties":{"id":979874813,"highway":"service","oneway":"yes"},"geometry":{"type":"LineString","coordinates":[[-2.67656,43.31942],[-2.67664,43.31947]]}},{"type":"Feature","properties":{"id":989846922,"highway":"service"},"geometry":{"type":"LineString","coordinates":[[-2.68918,43.31375],[-2.6894,43.31353],[-2.68949,43.31349],[-2.68958,43.31349]]}},{"type":"Feature","properties":{"id":989848015,"highway":"service"},"geometry":{"type":"LineString","coordinates":[[-2.68958,43.31349],[-2.68951,43.31344],[-2.68942,43.31338],[-2.68937,43.31335],[-2.68932,43.31327],[-2.68927,43.31317],[-2.68925,43.31312],[-2.68926,43.31301]]}},{"type":"Feature","properties":{"id":989848019,"highway":"service"},"geometry":{"type":"LineString","coordinates":[[-2.69013,43.31353],[-2.68987,43.31356],[-2.68971,43.31355],[-2.68958,43.31349]]}},{"type":"Feature","properties":{"id":989848328,"highway":"track"},"geometry":{"type":"LineString","coordinates":[[-2.69027,43.31199],[-2.69022,43.31208],[-2.69015,43.31218],[-2.69002,43.31236],[-2.68998,43.31249]]}},{"type":"Feature","properties":{"id":989848329,"highway":"service"},"geometry":{"type":"LineString","coordinates":[[-2.68998,43.31249],[-2.68995,43.31257],[-2.68989,43.31262],[-2.68985,43.31264],[-2.6898,43.31264],[-2.68932,43.31258],[-2.68929,43.31259],[-2.68929,43.3126],[-2.68928,43.31265]]}},{"type":"Feature","properties":{"id":1019250103,"highway":"footway"},"geometry":{"type":"LineString","coordinates":[[-2.68623,43.30814],[-2.68618,43.30795],[-2.68617,43.30788],[-2.68613,43.30771],[-2.68612,43.30765],[-2.6861,43.30759],[-2.68602,43.30718],[-2.68596,43.30719],[-2.68591,43.30719],[-2.686,43.3076],[-2.68603,43.30773],[-2.68606,43.30789],[-2.68608,43.30797],[-2.68612,43.30815],[-2.68617,43.30815],[-2.68623,43.30814]]}},{"type":"Feature","properties":{"id":1019250104,"highway":"footway"},"geometry":{"type":"LineString","coordinates":[[-2.68618,43.30823],[-2.68617,43.30815]]}},{"type":"Feature","properties":{"id":1019250105,"highway":"footway"},"geometry":{"type":"LineString","coordinates":[[-2.68596,43.30719],[-2.68595,43.30711]]}},{"type":"Feature","properties":{"id":1019250106,"highway":"footway"},"geometry":{"type":"LineString","coordinates":[[-2.68589,43.30712],[-2.68579,43.30663],[-2.68566,43.30601]]}},{"type":"Feature","properties":{"id":1019250107,"highway":"footway"},"geometry":{"type":"LineString","coordinates":[[-2.68579,43.30663],[-2.68497,43.30672]]}},{"type":"Feature","properties":{"id":1019250108,"highway":"residential"},"geometry":{"type":"LineString","coordinates":[[-2.68548,43.3058],[-2.68554,43.30605]]}},{"type":"Feature","properties":{"id":1019250109,"highway":"footway"},"geometry":{"type":"LineString","coordinates":[[-2.68548,43.3058],[-2.68546,43.30572]]}},{"type":"Feature","properties":{"id":1019250110,"highway":"footway"},"geometry":{"type":"LineString","coordinates":[[-2.68548,43.30557],[-2.68542,43.30557],[-2.68538,43.30558],[-2.68528,43.30509],[-2.68533,43.30509],[-2.68538,43.30508],[-2.68548,43.30557]]}},{"type":"Feature","properties":{"id":1019250111,"highway":"footway"},"geometry":{"type":"LineString","coordinates":[[-2.68544,43.30565],[-2.68542,43.30557]]}},{"type":"Feature","properties":{"id":1019250112,"highway":"footway"},"geometry":{"type":"LineString","coordinates":[[-2.68533,43.30509],[-2.68531,43.30503]]}},{"type":"Feature","properties":{"id":1019250115,"highway":"footway"},"geometry":{"type":"LineString","coordinates":[[-2.68774,43.30509],[-2.68745,43.30477],[-2.68727,43.30463],[-2.687,43.30453],[-2.68663,43.3045],[-2.68592,43.30453],[-2.68523,43.30456],[-2.68453,43.30459]]}},{"type":"Feature","properties":{"id":1019250116,"highway":"footway"},"geometry":{"type":"LineString","coordinates":[[-2.68531,43.30503],[-2.68526,43.30475],[-2.68523,43.30456]]}},{"type":"Feature","properties":{"id":1019250117,"highway":"footway"},"geometry":{"type":"LineString","coordinates":[[-2.68599,43.30497],[-2.68595,43.30469],[-2.68592,43.30453],[-2.68586,43.30417]]}},{"type":"Feature","properties":{"id":1019250118,"highway":"footway"},"geometry":{"type":"LineString","coordinates":[[-2.68691,43.30473],[-2.687,43.30453],[-2.68715,43.30419]]}},{"type":"Feature","properties":{"id":1019250119,"highway":"footway"},"geometry":{"type":"LineString","coordinates":[[-2.68755,43.30516],[-2.68731,43.30492],[-2.68691,43.30473],[-2.68689,43.30472],[-2.68668,43.30469],[-2.68648,43.30467],[-2.686,43.30469],[-2.68595,43.30469],[-2.68552,43.30473],[-2.68526,43.30475],[-2.68456,43.30482]]}},{"type":"Feature","properties":{"id":1019250121,"highway":"footway"},"geometry":{"type":"LineString","coordinates":[[-2.6844,43.30486],[-2.68397,43.3049],[-2.68356,43.30494],[-2.68357,43.30489],[-2.68357,43.30485],[-2.68396,43.30482],[-2.68439,43.30478],[-2.68439,43.30483],[-2.6844,43.30486]]}},{"type":"Feature","properties":{"id":1019250122,"highway":"footway"},"geometry":{"type":"LineString","coordinates":[[-2.68439,43.30483],[-2.68445,43.30482]]}},{"type":"Feature","properties":{"id":1019250123,"highway":"footway"},"geometry":{"type":"LineString","coordinates":[[-2.68357,43.30489],[-2.68351,43.3049]]}},{"type":"Feature","properties":{"id":1019250124,"highway":"footway"},"geometry":{"type":"LineString","coordinates":[[-2.68397,43.3049],[-2.68396,43.30482]]}},{"type":"Feature","properties":{"id":1019250128,"highway":"footway"},"geometry":{"type":"LineString","coordinates":[[-2.68476,43.30564],[-2.68473,43.30564],[-2.68462,43.30566],[-2.68459,43.30566]]}},{"type":"Feature","properties":{"id":1019250134,"highway":"footway"},"geometry":{"type":"LineString","coordinates":[[-2.6844,43.3045],[-2.68398,43.30451],[-2.6836,43.30453]]}},{"type":"Feature","properties":{"id":1019250135,"highway":"footway"},"geometry":{"type":"LineString","coordinates":[[-2.68441,43.30455],[-2.68398,43.30459],[-2.68357,43.30463]]}},{"type":"Feature","properties":{"id":1019250136,"highway":"footway"},"geometry":{"type":"LineString","coordinates":[[-2.68398,43.30459],[-2.68398,43.30451]]}},{"type":"Feature","properties":{"id":1019250139,"highway":"footway"},"geometry":{"type":"LineString","coordinates":[[-2.68595,43.30711],[-2.68592,43.30698],[-2.68589,43.30693],[-2.68585,43.30681],[-2.68585,43.30675],[-2.68585,43.30671],[-2.68585,43.30661],[-2.68588,43.30647],[-2.68592,43.30636],[-2.68595,43.30631],[-2.686,43.30627],[-2.68617,43.30617],[-2.68623,43.30611],[-2.68627,43.30606],[-2.68628,43.306],[-2.68627,43.30594],[-2.68616,43.30594]]}},{"type":"Feature","properties":{"id":1019250140,"highway":"footway"},"geometry":{"type":"LineString","coordinates":[[-2.68585,43.30671],[-2.68588,43.30661],[-2.68595,43.30648],[-2.6862,43.30627],[-2.68626,43.3062],[-2.68629,43.3061],[-2.68628,43.306]]}},{"type":"Feature","properties":{"id":1019250141,"highway":"footway"},"geometry":{"type":"LineString","coordinates":[[-2.68592,43.30698],[-2.68596,43.30693],[-2.68598,43.30689],[-2.68603,43.30683],[-2.68615,43.30674],[-2.68638,43.30657],[-2.68647,43.30649],[-2.68652,43.30642],[-2.68656,43.30633],[-2.68659,43.30626],[-2.6866,43.30617],[-2.68659,43.30615],[-2.68655,43.30591],[-2.68697,43.30585],[-2.68708,43.30588]]}},{"type":"Feature","properties":{"id":1019250142,"highway":"footway"},"geometry":{"type":"LineString","coordinates":[[-2.68596,43.30693],[-2.68595,43.30687],[-2.68596,43.30679],[-2.68601,43.30672],[-2.68607,43.30664],[-2.68629,43.30648],[-2.68642,43.30638],[-2.68649,43.30632],[-2.68654,43.30626],[-2.68659,43.30615]]}},{"type":"Feature","properties":{"id":1019250144,"highway":"footway"},"geometry":{"type":"LineString","coordinates":[[-2.68739,43.30684],[-2.68704,43.30677],[-2.68693,43.30675],[-2.68666,43.30669],[-2.6866,43.30668]]}},{"type":"Feature","properties":{"id":1019250145,"highway":"footway"},"geometry":{"type":"LineString","coordinates":[[-2.68613,43.30771],[-2.68603,43.30773],[-2.68521,43.30783]]}},{"type":"Feature","properties":{"id":1019250146,"highway":"footway"},"geometry":{"type":"LineString","coordinates":[[-2.6861,43.30759],[-2.686,43.3076],[-2.68518,43.3077]]}},{"type":"Feature","properties":{"id":1019250149,"highway":"footway"},"geometry":{"type":"LineString","coordinates":[[-2.68612,43.30765],[-2.68629,43.30759],[-2.68638,43.30753],[-2.68648,43.30744],[-2.6865,43.30739],[-2.68654,43.30733],[-2.68656,43.30724],[-2.68666,43.30669]]}},{"type":"Feature","properties":{"id":1019250150,"highway":"footway"},"geometry":{"type":"LineString","coordinates":[[-2.68721,43.30759],[-2.68686,43.30749],[-2.68677,43.30747],[-2.6865,43.30739]]}},{"type":"Feature","properties":{"id":1019250151,"highway":"footway"},"geometry":{"type":"LineString","coordinates":[[-2.68606,43.30789],[-2.68617,43.30788],[-2.6863,43.30784],[-2.68638,43.30781],[-2.6865,43.30774],[-2.68661,43.30765],[-2.68673,43.30754],[-2.68677,43.30747],[-2.68678,43.30743],[-2.68681,43.30737],[-2.68684,43.30715],[-2.68686,43.30697],[-2.68693,43.30675],[-2.68695,43.30671],[-2.68705,43.30649],[-2.68717,43.30629],[-2.68721,43.30623],[-2.68741,43.30598]]}},{"type":"Feature","properties":{"id":1019250152,"highway":"footway"},"geometry":{"type":"LineString","coordinates":[[-2.68608,43.30797],[-2.68618,43.30795],[-2.6863,43.30792],[-2.68644,43.30787],[-2.68656,43.30781],[-2.68667,43.30772],[-2.6867,43.3077],[-2.68675,43.30764],[-2.68684,43.30753],[-2.68686,43.30749],[-2.6869,43.30744],[-2.68692,43.30734],[-2.68695,43.3071],[-2.68704,43.30677],[-2.68711,43.3066],[-2.68717,43.30652],[-2.68733,43.30627],[-2.6875,43.30601]]}},{"type":"Feature","properties":{"id":1019250153,"highway":"footway"},"geometry":{"type":"LineString","coordinates":[[-2.68644,43.30787],[-2.68638,43.30781]]}},{"type":"Feature","properties":{"id":1019250154,"highway":"footway"},"geometry":{"type":"LineString","coordinates":[[-2.6867,43.3077],[-2.68661,43.30765]]}},{"type":"Feature","properties":{"id":1019250155,"highway":"footway"},"geometry":{"type":"LineString","coordinates":[[-2.68717,43.30652],[-2.68705,43.30649]]}},{"type":"Feature","properties":{"id":1019250156,"highway":"footway"},"geometry":{"type":"LineString","coordinates":[[-2.68733,43.30627],[-2.68721,43.30623]]}},{"type":"Feature","properties":{"id":1019250157,"highway":"residential","nombre":"Nafarroa Behera kalea","izena_eu":"Nafarroa Behera kalea","superficie":"asphalt"},"geometry":{"type":"LineString","coordinates":[[-2.68391,43.30837],[-2.68366,43.30837],[-2.68356,43.30837],[-2.68279,43.30835],[-2.68268,43.30835],[-2.68265,43.30835]]}},{"type":"Feature","properties":{"id":1019250158,"highway":"footway"},"geometry":{"type":"LineString","coordinates":[[-2.68265,43.30912],[-2.68261,43.30912],[-2.68253,43.30911],[-2.68249,43.30911]]}},{"type":"Feature","properties":{"id":1019250159,"highway":"footway"},"geometry":{"type":"LineString","coordinates":[[-2.68264,43.3085],[-2.68255,43.3085]]}},{"type":"Feature","properties":{"id":1019250160,"highway":"footway"},"geometry":{"type":"LineString","coordinates":[[-2.68266,43.30823],[-2.68257,43.30823]]}},{"type":"Feature","properties":{"id":1019250161,"highway":"footway"},"geometry":{"type":"LineString","coordinates":[[-2.68273,43.30741],[-2.68269,43.30741],[-2.6826,43.3074],[-2.68258,43.3074]]}},{"type":"Feature","properties":{"id":1019250162,"highway":"footway"},"geometry":{"type":"LineString","coordinates":[[-2.68356,43.3064],[-2.68275,43.30685]]}},{"type":"Feature","properties":{"id":1019250163,"highway":"footway"},"geometry":{"type":"LineString","coordinates":[[-2.68355,43.30616],[-2.68277,43.30663],[-2.68272,43.30663]]}},{"type":"Feature","properties":{"id":1019250164,"highway":"footway"},"geometry":{"type":"LineString","coordinates":[[-2.68385,43.30667],[-2.68391,43.30652],[-2.68386,43.30627],[-2.68379,43.30593],[-2.68378,43.30585]]}},{"type":"Feature","properties":{"id":1019250165,"highway":"footway"},"geometry":{"type":"LineString","coordinates":[[-2.68474,43.30616],[-2.68468,43.30617],[-2.68388,43.30626],[-2.68386,43.30627],[-2.6837,43.30628]]}},{"type":"Feature","properties":{"id":1019250166,"highway":"footway"},"geometry":{"type":"LineString","coordinates":[[-2.68275,43.30611],[-2.68266,43.3061]]}},{"type":"Feature","properties":{"id":1019250168,"highway":"footway"},"geometry":{"type":"LineString","coordinates":[[-2.68207,43.30597],[-2.68212,43.30589]]}},{"type":"Feature","properties":{"id":1019250169,"highway":"footway"},"geometry":{"type":"LineString","coordinates":[[-2.68272,43.30527],[-2.68265,43.30527]]}},{"type":"Feature","properties":{"id":1148753208,"highway":"tertiary","nombre":"Arana kalea","oneway":"no","superficie":"asphalt"},"geometry":{"type":"LineString","coordinates":[[-2.68201,43.30512],[-2.68185,43.30544],[-2.68181,43.3055]]}},{"type":"Feature","properties":{"id":1148753209,"highway":"residential","nombre":"Gipuzkoa kalea"},"geometry":{"type":"LineString","coordinates":[[-2.68201,43.30512],[-2.68188,43.30509],[-2.68166,43.30501]]}},{"type":"Feature","properties":{"id":1148753210,"highway":"tertiary","nombre":"Arana kalea","oneway":"no","superficie":"asphalt"},"geometry":{"type":"LineString","coordinates":[[-2.68239,43.3044],[-2.68237,43.30446],[-2.68229,43.30461],[-2.68201,43.30512]]}},{"type":"Feature","properties":{"id":1148753211,"highway":"residential"},"geometry":{"type":"LineString","coordinates":[[-2.68257,43.30415],[-2.68253,43.30417],[-2.68251,43.3042],[-2.68249,43.30423]]}},{"type":"Feature","properties":{"id":1148753212,"highway":"tertiary","nombre":"Arana kalea","oneway":"yes"},"geometry":{"type":"LineString","coordinates":[[-2.68249,43.30423],[-2.68245,43.30429],[-2.68239,43.3044]]}},{"type":"Feature","properties":{"id":1148753213,"highway":"tertiary","oneway":"yes","superficie":"asphalt"},"geometry":{"type":"LineString","coordinates":[[-2.68266,43.304],[-2.68259,43.30412],[-2.68257,43.30415]]}},{"type":"Feature","properties":{"id":1148753214,"highway":"residential","superficie":"asphalt"},"geometry":{"type":"LineString","coordinates":[[-2.68255,43.30433],[-2.6826,43.30435],[-2.68261,43.30435],[-2.68265,43.30435],[-2.6827,43.30434],[-2.68274,43.30433],[-2.68277,43.3043],[-2.68279,43.30426],[-2.68278,43.30423],[-2.68277,43.3042],[-2.68274,43.30417]]}},{"type":"Feature","properties":{"id":1148753215,"highway":"residential"},"geometry":{"type":"LineString","coordinates":[[-2.68274,43.30417],[-2.6827,43.30415]]}},{"type":"Feature","properties":{"id":1148753216,"highway":"residential"},"geometry":{"type":"LineString","coordinates":[[-2.68249,43.30423],[-2.6825,43.30427],[-2.68252,43.3043],[-2.68255,43.30433]]}},{"type":"Feature","properties":{"id":1148753217,"highway":"residential"},"geometry":{"type":"LineString","coordinates":[[-2.6827,43.30415],[-2.68266,43.30414],[-2.68261,43.30414],[-2.68257,43.30415]]}},{"type":"Feature","properties":{"id":1162040552,"highway":"residential","oneway":"yes","superficie":"asphalt"},"geometry":{"type":"LineString","coordinates":[[-2.68337,43.31134],[-2.68339,43.31147],[-2.68344,43.31159],[-2.68349,43.31161],[-2.68353,43.31161],[-2.68363,43.31155],[-2.68372,43.31149],[-2.68389,43.31135],[-2.68399,43.3113],[-2.68419,43.31122],[-2.68437,43.31115],[-2.68456,43.31112],[-2.68464,43.3111],[-2.6847,43.31105],[-2.68472,43.31099],[-2.68467,43.3109],[-2.68454,43.31073],[-2.68452,43.31069],[-2.68451,43.31067],[-2.68449,43.31062]]}},{"type":"Feature","properties":{"id":1164554956,"highway":"footway"},"geometry":{"type":"LineString","coordinates":[[-2.68343,43.31165],[-2.68345,43.31167],[-2.68348,43.31171],[-2.68349,43.31172],[-2.68365,43.31191],[-2.68376,43.31204],[-2.68378,43.31207]]}},{"type":"Feature","properties":{"id":1164555253,"highway":"steps","superficie":"paved"},"geometry":{"type":"LineString","coordinates":[[-2.68352,43.3117],[-2.68378,43.31203]]}},{"type":"Feature","properties":{"id":1164555571,"highway":"footway"},"geometry":{"type":"LineString","coordinates":[[-2.68378,43.31207],[-2.6837,43.31234],[-2.68369,43.31243],[-2.68369,43.31252],[-2.6837,43.31258],[-2.68373,43.31269],[-2.6838,43.3129],[-2.68381,43.31293],[-2.6838,43.31295]]}},{"type":"Feature","properties":{"id":1164555700,"highway":"steps"},"geometry":{"type":"LineString","coordinates":[[-2.68307,43.31333],[-2.6838,43.31295]]}},{"type":"Feature","properties":{"id":1164556129,"highway":"footway","superficie":"asphalt"},"geometry":{"type":"LineString","coordinates":[[-2.68378,43.31207],[-2.68384,43.31192],[-2.68388,43.31184],[-2.68393,43.31176],[-2.68416,43.31153],[-2.68436,43.31144],[-2.68451,43.31138],[-2.68469,43.31136],[-2.68507,43.31131],[-2.68561,43.31127],[-2.68583,43.31125],[-2.68592,43.31122],[-2.68597,43.3112],[-2.68602,43.31115],[-2.68605,43.31104]]}},{"type":"Feature","properties":{"id":1164556147,"highway":"steps"},"geometry":{"type":"LineString","coordinates":[[-2.68605,43.31104],[-2.68607,43.31063]]}},{"type":"Feature","properties":{"id":1164557067,"highway":"path","superficie":"unpaved"},"geometry":{"type":"LineString","coordinates":[[-2.68811,43.30714],[-2.68858,43.30758],[-2.689,43.30807],[-2.68922,43.30861]]}},{"type":"Feature","properties":{"id":1167307386,"highway":"path","superficie":"unpaved"},"geometry":{"type":"LineString","coordinates":[[-2.68425,43.31241],[-2.68417,43.31241],[-2.68413,43.31239],[-2.68404,43.31227],[-2.68381,43.31213],[-2.68378,43.31207]]}},{"type":"Feature","properties":{"id":1172017579,"highway":"steps","superficie":"paving_stones"},"geometry":{"type":"LineString","coordinates":[[-2.67763,43.31376],[-2.67757,43.31376]]}},{"type":"Feature","properties":{"id":1172017580,"highway":"steps"},"geometry":{"type":"LineString","coordinates":[[-2.67767,43.31409],[-2.67763,43.31409]]}},{"type":"Feature","properties":{"id":1172017581,"highway":"steps","superficie":"paving_stones"},"geometry":{"type":"LineString","coordinates":[[-2.67791,43.31408],[-2.67788,43.31408]]}},{"type":"Feature","properties":{"id":1172017582,"highway":"steps"},"geometry":{"type":"LineString","coordinates":[[-2.67968,43.31435],[-2.67967,43.31436],[-2.67963,43.31439]]}},{"type":"Feature","properties":{"id":1172017583,"highway":"steps","superficie":"paving_stones"},"geometry":{"type":"LineString","coordinates":[[-2.67869,43.3135],[-2.67849,43.3135]]}},{"type":"Feature","properties":{"id":1172017584,"highway":"steps","superficie":"paving_stones"},"geometry":{"type":"LineString","coordinates":[[-2.67838,43.31349],[-2.67834,43.31348]]}},{"type":"Feature","properties":{"id":1172017585,"highway":"steps"},"geometry":{"type":"LineString","coordinates":[[-2.67747,43.31199],[-2.67739,43.31211]]}},{"type":"Feature","properties":{"id":1181783682,"highway":"service"},"geometry":{"type":"LineString","coordinates":[[-2.67706,43.31166],[-2.67718,43.3117]]}},{"type":"Feature","properties":{"id":1184007858,"highway":"footway"},"geometry":{"type":"LineString","coordinates":[[-2.66988,43.32169],[-2.67008,43.32172],[-2.67049,43.32132],[-2.67119,43.32063],[-2.67153,43.32031]]}},{"type":"Feature","properties":{"id":1184007859,"highway":"footway","nombre":"gollita rente","puente":"yes","superficie":"paved"},"geometry":{"type":"LineString","coordinates":[[-2.6698,43.32176],[-2.66988,43.32169]]}},{"type":"Feature","properties":{"id":1184008243,"highway":"footway","nombre":"lora","superficie":"unpaved"},"geometry":{"type":"LineString","coordinates":[[-2.67049,43.32132],[-2.66984,43.32101],[-2.66985,43.32095],[-2.66982,43.32091],[-2.66981,43.32089],[-2.6698,43.32085],[-2.6698,43.32079],[-2.66985,43.32071],[-2.66988,43.32064],[-2.66991,43.32042]]}},{"type":"Feature","properties":{"id":1185985373,"highway":"service"},"geometry":{"type":"LineString","coordinates":[[-2.70138,43.31827],[-2.70138,43.3183],[-2.70138,43.31833],[-2.70135,43.31838],[-2.70131,43.31842],[-2.70121,43.31846],[-2.70112,43.3185]]}},{"type":"Feature","properties":{"id":1185985374,"highway":"track"},"geometry":{"type":"LineString","coordinates":[[-2.70365,43.3124],[-2.70388,43.3125],[-2.70415,43.31261],[-2.70432,43.31264],[-2.70489,43.31281],[-2.70541,43.31302],[-2.70566,43.31316],[-2.7057,43.31324],[-2.70571,43.31333],[-2.70566,43.31342],[-2.70546,43.31354],[-2.70532,43.31369],[-2.7053,43.31376],[-2.70531,43.3138],[-2.70543,43.31383],[-2.70551,43.31382],[-2.70557,43.3138],[-2.70576,43.3138],[-2.70593,43.31378],[-2.70619,43.31375],[-2.70656,43.31364],[-2.70667,43.31359],[-2.70693,43.31366],[-2.70715,43.31374],[-2.70735,43.31388],[-2.70743,43.314],[-2.70753,43.31415],[-2.70763,43.31423],[-2.70781,43.31431],[-2.70799,43.31439],[-2.70808,43.31446],[-2.70811,43.31455],[-2.70798,43.31464],[-2.70777,43.31474],[-2.7076,43.31475],[-2.70739,43.31473],[-2.70729,43.31475],[-2.70717,43.31479],[-2.70715,43.31485],[-2.70716,43.31493],[-2.70723,43.31498],[-2.70734,43.31504],[-2.7075,43.31511],[-2.70751,43.31515],[-2.70752,43.3152],[-2.70751,43.31529],[-2.70734,43.31558],[-2.70722,43.3156],[-2.70699,43.31561],[-2.70671,43.31561],[-2.70663,43.31563],[-2.70663,43.31574],[-2.70667,43.31581]]}},{"type":"Feature","properties":{"id":1185985375,"highway":"track"},"geometry":{"type":"LineString","coordinates":[[-2.70965,43.31523],[-2.70939,43.31511],[-2.70922,43.31502],[-2.70904,43.31487],[-2.70873,43.31473],[-2.70844,43.31459],[-2.70808,43.31446]]}},{"type":"Feature","properties":{"id":1185985376,"highway":"track"},"geometry":{"type":"LineString","coordinates":[[-2.71122,43.31562],[-2.71104,43.31563],[-2.71077,43.31566],[-2.71058,43.31569],[-2.7104,43.31574],[-2.71022,43.31577],[-2.70976,43.31575],[-2.70944,43.31575]]}},{"type":"Feature","properties":{"id":1192734441,"highway":"residential"},"geometry":{"type":"LineString","coordinates":[[-2.67562,43.31259],[-2.67597,43.31258],[-2.67612,43.31256],[-2.67624,43.31256]]}},{"type":"Feature","properties":{"id":1193407880,"highway":"footway"},"geometry":{"type":"LineString","coordinates":[[-2.68249,43.32147],[-2.68279,43.32103],[-2.68281,43.3209],[-2.68277,43.32081],[-2.68262,43.32065],[-2.68262,43.32035],[-2.68258,43.32008],[-2.68256,43.31975],[-2.68237,43.31936],[-2.68243,43.31915],[-2.68245,43.31888],[-2.68276,43.31847],[-2.68287,43.31814]]}},{"type":"Feature","properties":{"id":1193408037,"highway":"footway"},"geometry":{"type":"LineString","coordinates":[[-2.68287,43.32192],[-2.68276,43.32206],[-2.68268,43.32215],[-2.68262,43.32221],[-2.68238,43.3224],[-2.6823,43.32257],[-2.68234,43.32272],[-2.68232,43.32285],[-2.68227,43.323],[-2.68211,43.32331]]}},{"type":"Feature","properties":{"id":1205839426,"highway":"residential","nombre":"Pedro Elejalde kalea","izena_eu":"Pedro Elejalde kalea","nombre_es":"Calle Pedro de Elejalde","oneway":"no","superficie":"paving_stones"},"geometry":{"type":"LineString","coordinates":[[-2.68004,43.31561],[-2.67995,43.31554]]}},{"type":"Feature","properties":{"id":1213007647,"highway":"footway","superficie":"paving_stones"},"geometry":{"type":"LineString","coordinates":[[-2.6817,43.31429],[-2.68181,43.31439]]}},{"type":"Feature","properties":{"id":1213014167,"highway":"residential","nombre":"Mestikabaso kalea","izena_eu":"Mestikabaso kalea"},"geometry":{"type":"LineString","coordinates":[[-2.68221,43.30995],[-2.68209,43.31022],[-2.6819,43.31057],[-2.68185,43.31073],[-2.68188,43.31083]]}},{"type":"Feature","properties":{"id":1213014168,"highway":"residential","nombre":"Mestikabaso kalea","izena_eu":"Mestikabaso kalea"},"geometry":{"type":"LineString","coordinates":[[-2.68227,43.30981],[-2.68221,43.30995]]}},{"type":"Feature","properties":{"id":1221843808,"highway":"footway"},"geometry":{"type":"LineString","coordinates":[[-2.68343,43.3112],[-2.68346,43.31121],[-2.68349,43.31123]]}},{"type":"Feature","properties":{"id":1221843809,"highway":"footway","superficie":"paving_stones"},"geometry":{"type":"LineString","coordinates":[[-2.67928,43.31342],[-2.67923,43.31343],[-2.6792,43.31343]]}},{"type":"Feature","properties":{"id":1221843810,"highway":"footway","nombre":"Goienkalea","izena_eu":"Goienkalea","nombre_es":"Calle Goienkalea","superficie":"asphalt"},"geometry":{"type":"LineString","coordinates":[[-2.6788,43.31423],[-2.6788,43.31425],[-2.67881,43.31426]]}},{"type":"Feature","properties":{"id":1221843811,"highway":"footway","nombre":"Azokakalea","izena_eu":"Azokakalea","nombre_es":"Calle Azokakalea","superficie":"asphalt"},"geometry":{"type":"LineString","coordinates":[[-2.67832,43.3144],[-2.67832,43.31438],[-2.67832,43.31435]]}},{"type":"Feature","properties":{"id":1221849860,"highway":"footway","nombre":"Barrenkalea","izena_eu":"Barrenkalea","nombre_es":"Calle Barrenkalea"},"geometry":{"type":"LineString","coordinates":[[-2.67733,43.31475],[-2.67737,43.3148],[-2.67738,43.31482]]}},{"type":"Feature","properties":{"id":1221849861,"highway":"footway","nombre":"Ocho de Enero kalea","izena_eu":"Ocho de Enero kalea","nombre_es":"Calle Ocho de Enero","superficie":"paving_stones"},"geometry":{"type":"LineString","coordinates":[[-2.67715,43.31483],[-2.67715,43.31487],[-2.67716,43.3149]]}},{"type":"Feature","properties":{"id":1221849862,"highway":"footway","nombre":"Portu kalea","izena_eu":"Portu kalea","nombre_es":"Calle Portu","superficie":"paving_stones"},"geometry":{"type":"LineString","coordinates":[[-2.67739,43.31636],[-2.6774,43.31639],[-2.67742,43.31642]]}},{"type":"Feature","properties":{"id":1221849863,"highway":"pedestrian","superficie":"paving_stones"},"geometry":{"type":"LineString","coordinates":[[-2.67698,43.31731],[-2.67712,43.31734],[-2.67718,43.31722]]}},{"type":"Feature","properties":{"id":1221849864,"highway":"pedestrian","superficie":"paving_stones"},"geometry":{"type":"LineString","coordinates":[[-2.67738,43.31647],[-2.67703,43.31717],[-2.67698,43.31731]]}},{"type":"Feature","properties":{"id":1221849865,"highway":"footway","nombre":"Barrenkalea","izena_eu":"Barrenkalea","nombre_es":"Calle Barrenkalea","superficie":"paving_stones"},"geometry":{"type":"LineString","coordinates":[[-2.67809,43.31607],[-2.6781,43.31609],[-2.67811,43.3161]]}},{"type":"Feature","properties":{"id":1221849866,"highway":"pedestrian","superficie":"paving_stones"},"geometry":{"type":"LineString","coordinates":[[-2.67738,43.31647],[-2.67742,43.31642]]}},{"type":"Feature","properties":{"id":1221849867,"highway":"pedestrian","superficie":"paving_stones"},"geometry":{"type":"LineString","coordinates":[[-2.67698,43.31731],[-2.67689,43.31748]]}},{"type":"Feature","properties":{"id":1221849868,"highway":"footway","nombre":"Nere Kabia kalea","izena_eu":"Nere Kabia kalea","nombre_es":"Calle Nere Kabia"},"geometry":{"type":"LineString","coordinates":[[-2.67774,43.31801],[-2.67774,43.31798],[-2.67774,43.31795]]}},{"type":"Feature","properties":{"id":1221849869,"highway":"residential","oneway":"yes","superficie":"asphalt"},"geometry":{"type":"LineString","coordinates":[[-2.68015,43.31719],[-2.68013,43.31725],[-2.68007,43.31728]]}},{"type":"Feature","properties":{"id":1221849870,"highway":"residential","oneway":"yes"},"geometry":{"type":"LineString","coordinates":[[-2.67629,43.313],[-2.67621,43.31304],[-2.67615,43.31305],[-2.67609,43.31307]]}},{"type":"Feature","properties":{"id":1221849871,"highway":"service","oneway":"no"},"geometry":{"type":"LineString","coordinates":[[-2.6758,43.31291],[-2.6758,43.31287],[-2.6758,43.31265]]}},{"type":"Feature","properties":{"id":1221849872,"highway":"residential"},"geometry":{"type":"LineString","coordinates":[[-2.67385,43.31299],[-2.67385,43.31296],[-2.67385,43.3129],[-2.67384,43.31287]]}},{"type":"Feature","properties":{"id":1221852431,"highway":"footway"},"geometry":{"type":"LineString","coordinates":[[-2.68482,43.30589],[-2.68479,43.3059],[-2.68468,43.30591],[-2.68465,43.30591]]}},{"type":"Feature","properties":{"id":1221852432,"highway":"footway"},"geometry":{"type":"LineString","coordinates":[[-2.68546,43.30572],[-2.68545,43.30568],[-2.68544,43.30565]]}},{"type":"Feature","properties":{"id":1221871751,"highway":"footway"},"geometry":{"type":"LineString","coordinates":[[-2.6826,43.30685],[-2.68262,43.30685],[-2.68271,43.30685],[-2.68275,43.30685]]}},{"type":"Feature","properties":{"id":1221871752,"highway":"footway"},"geometry":{"type":"LineString","coordinates":[[-2.68046,43.3068],[-2.68042,43.30679]]}},{"type":"Feature","properties":{"id":1221871753,"highway":"pedestrian"},"geometry":{"type":"LineString","coordinates":[[-2.68046,43.3068],[-2.68088,43.30692],[-2.68093,43.30682],[-2.68102,43.30685]]}},{"type":"Feature","properties":{"id":1221871754,"highway":"footway"},"geometry":{"type":"LineString","coordinates":[[-2.68102,43.30685],[-2.68105,43.30686],[-2.68109,43.30687]]}},{"type":"Feature","properties":{"id":1221871755,"highway":"footway"},"geometry":{"type":"LineString","coordinates":[[-2.68248,43.30596],[-2.68248,43.30589],[-2.68248,43.30588]]}},{"type":"Feature","properties":{"id":1221871756,"highway":"footway"},"geometry":{"type":"LineString","coordinates":[[-2.68263,43.30578],[-2.68267,43.30578],[-2.68274,43.30578],[-2.68276,43.30578]]}},{"type":"Feature","properties":{"id":1221871757,"highway":"footway"},"geometry":{"type":"LineString","coordinates":[[-2.68293,43.3059],[-2.68293,43.30587],[-2.68293,43.30586]]}},{"type":"Feature","properties":{"id":1221871758,"highway":"footway"},"geometry":{"type":"LineString","coordinates":[[-2.68452,43.30524],[-2.68454,43.30523],[-2.68464,43.30522],[-2.68467,43.30522]]}},{"type":"Feature","properties":{"id":1221871759,"highway":"footway"},"geometry":{"type":"LineString","coordinates":[[-2.68445,43.30497],[-2.68448,43.30496],[-2.68458,43.30495],[-2.68461,43.30495]]}},{"type":"Feature","properties":{"id":1221871760,"highway":"footway"},"geometry":{"type":"LineString","coordinates":[[-2.68435,43.30436],[-2.68439,43.30436],[-2.68449,43.30435],[-2.68452,43.30435]]}},{"type":"Feature","properties":{"id":1221871761,"highway":"footway"},"geometry":{"type":"LineString","coordinates":[[-2.68497,43.30732],[-2.685,43.30731],[-2.68509,43.3073],[-2.68511,43.3073]]}},{"type":"Feature","properties":{"id":1221871762,"highway":"footway"},"geometry":{"type":"LineString","coordinates":[[-2.68493,43.30714],[-2.68495,43.30714],[-2.68505,43.30713],[-2.68508,43.30712]]}},{"type":"Feature","properties":{"id":1221871763,"highway":"footway"},"geometry":{"type":"LineString","coordinates":[[-2.68507,43.30778],[-2.68509,43.30777],[-2.6852,43.30776],[-2.68522,43.30776]]}},{"type":"Feature","properties":{"id":1221871764,"highway":"footway"},"geometry":{"type":"LineString","coordinates":[[-2.68516,43.30825],[-2.68519,43.30824],[-2.68531,43.30823],[-2.68534,43.30823]]}},{"type":"Feature","properties":{"id":1221871765,"highway":"footway"},"geometry":{"type":"LineString","coordinates":[[-2.6803,43.30803],[-2.6803,43.30804],[-2.68029,43.30804]]}},{"type":"Feature","properties":{"id":1221871766,"highway":"footway"},"geometry":{"type":"LineString","coordinates":[[-2.68048,43.30807],[-2.68047,43.30808],[-2.68046,43.30809]]}},{"type":"Feature","properties":{"id":1221871767,"highway":"footway"},"geometry":{"type":"LineString","coordinates":[[-2.6799,43.30791],[-2.6799,43.30791],[-2.67989,43.30792],[-2.67987,43.30795]]}},{"type":"Feature","properties":{"id":1222070336,"highway":"service"},"geometry":{"type":"LineString","coordinates":[[-2.67082,43.32127],[-2.67067,43.3212]]}},{"type":"Feature","properties":{"id":1231581877,"highway":"footway","nombre":"lora 2","superficie":"asphalt"},"geometry":{"type":"LineString","coordinates":[[-2.67017,43.31963],[-2.6706,43.31954]]}},{"type":"Feature","properties":{"id":1238421018,"highway":"footway","superficie":"asphalt"},"geometry":{"type":"LineString","coordinates":[[-2.67551,43.31985],[-2.67468,43.31971],[-2.67434,43.31969],[-2.67433,43.31968],[-2.6743,43.31964],[-2.67429,43.31973]]}},{"type":"Feature","properties":{"id":1238421124,"highway":"footway"},"geometry":{"type":"LineString","coordinates":[[-2.67468,43.31971],[-2.67479,43.31959],[-2.67492,43.31945],[-2.67505,43.31931],[-2.67521,43.31914]]}},{"type":"Feature","properties":{"id":1238423366,"highway":"footway","superficie":"asphalt"},"geometry":{"type":"LineString","coordinates":[[-2.67479,43.31959],[-2.67434,43.31955],[-2.67433,43.31968]]}},{"type":"Feature","properties":{"id":1238423780,"highway":"footway","nombre":"bariantepe3","superficie":"asphalt"},"geometry":{"type":"LineString","coordinates":[[-2.67434,43.31955],[-2.6734,43.31955]]}},{"type":"Feature","properties":{"id":1238423955,"highway":"footway","nombre":"bariantepe4","superficie":"asphalt"},"geometry":{"type":"LineString","coordinates":[[-2.67353,43.31973],[-2.67345,43.31975],[-2.6733,43.31977],[-2.67316,43.31977],[-2.67305,43.31976],[-2.67296,43.31973],[-2.67274,43.31963],[-2.67255,43.31956],[-2.67248,43.31951],[-2.67241,43.31946]]}},{"type":"Feature","properties":{"id":1238424223,"highway":"footway","nombre":"errenteri1","superficie":"asphalt"},"geometry":{"type":"LineString","coordinates":[[-2.67328,43.31935],[-2.67372,43.31931],[-2.67417,43.31933],[-2.67436,43.31931],[-2.67465,43.31933],[-2.67487,43.31933],[-2.67496,43.31933],[-2.67505,43.31931]]}},{"type":"Feature","properties":{"id":1238424346,"highway":"footway","nombre":"errenteri2","superficie":"asphalt"},"geometry":{"type":"LineString","coordinates":[[-2.67436,43.31931],[-2.6742,43.3188]]}},{"type":"Feature","properties":{"id":1245790731,"highway":"service"},"geometry":{"type":"LineString","coordinates":[[-2.71189,43.30908],[-2.712,43.30919],[-2.71201,43.30922],[-2.71198,43.30925],[-2.7119,43.30926],[-2.71173,43.30926],[-2.7114,43.30924]]}},{"type":"Feature","properties":{"id":1277929350,"highway":"secondary","ref":"BI-2224","superficie":"asphalt"},"geometry":{"type":"LineString","coordinates":[[-2.66592,43.31973],[-2.66602,43.3197]]}},{"type":"Feature","properties":{"id":1289577026,"highway":"service","nombre":"Errekaegala kalea","izena_eu":"Errekaegala kalea","nombre_es":"Calle Errekaegala","superficie":"asphalt"},"geometry":{"type":"LineString","coordinates":[[-2.67654,43.3193],[-2.67646,43.31937]]}},{"type":"Feature","properties":{"id":1289577027,"highway":"service","oneway":"yes"},"geometry":{"type":"LineString","coordinates":[[-2.67664,43.31947],[-2.67666,43.31939],[-2.67666,43.31924],[-2.67666,43.3192]]}},{"type":"Feature","properties":{"id":1302892750,"highway":"footway","superficie":"compacted"},"geometry":{"type":"LineString","coordinates":[[-2.6816,43.31419],[-2.6817,43.31429]]}},{"type":"Feature","properties":{"id":1302895189,"highway":"footway","superficie":"compacted"},"geometry":{"type":"LineString","coordinates":[[-2.68143,43.31319],[-2.6811,43.31317],[-2.68079,43.31321]]}},{"type":"Feature","properties":{"id":1302895190,"highway":"footway","superficie":"compacted"},"geometry":{"type":"LineString","coordinates":[[-2.68143,43.31319],[-2.68109,43.31331]]}},{"type":"Feature","properties":{"id":1302895528,"highway":"footway","superficie":"compacted"},"geometry":{"type":"LineString","coordinates":[[-2.68079,43.31321],[-2.68061,43.3133],[-2.68052,43.31334],[-2.68044,43.3134],[-2.68044,43.31353],[-2.68046,43.31361],[-2.68054,43.31377],[-2.68067,43.31392],[-2.68066,43.31411],[-2.68069,43.31421],[-2.68082,43.31434]]}},{"type":"Feature","properties":{"id":1302897585,"highway":"footway","superficie":"compacted"},"geometry":{"type":"LineString","coordinates":[[-2.68044,43.3134],[-2.68035,43.31339]]}},{"type":"Feature","properties":{"id":1302897586,"highway":"footway","superficie":"sett"},"geometry":{"type":"LineString","coordinates":[[-2.68035,43.31339],[-2.68029,43.31339]]}},{"type":"Feature","properties":{"id":1302900603,"highway":"steps","superficie":"paving_stones"},"geometry":{"type":"LineString","coordinates":[[-2.67955,43.31322],[-2.67955,43.31324]]}},{"type":"Feature","properties":{"id":1302900604,"highway":"steps","superficie":"paving_stones"},"geometry":{"type":"LineString","coordinates":[[-2.67955,43.31322],[-2.67952,43.31321]]}},{"type":"Feature","properties":{"id":1302902207,"highway":"footway","superficie":"paving_stones"},"geometry":{"type":"LineString","coordinates":[[-2.67951,43.31352],[-2.67952,43.31349],[-2.67955,43.31324]]}},{"type":"Feature","properties":{"id":1302902208,"highway":"footway","superficie":"paving_stones"},"geometry":{"type":"LineString","coordinates":[[-2.67952,43.31349],[-2.67936,43.31318],[-2.67928,43.31302]]}},{"type":"Feature","properties":{"id":1302902209,"highway":"footway","superficie":"paving_stones"},"geometry":{"type":"LineString","coordinates":[[-2.67952,43.31321],[-2.67936,43.31318]]}},{"type":"Feature","properties":{"id":1302903680,"highway":"footway","superficie":"sett"},"geometry":{"type":"LineString","coordinates":[[-2.67999,43.31333],[-2.67993,43.31328]]}},{"type":"Feature","properties":{"id":1303020584,"highway":"footway","superficie":"concrete"},"geometry":{"type":"LineString","coordinates":[[-2.67776,43.31436],[-2.67778,43.31414]]}},{"type":"Feature","properties":{"id":1303020585,"highway":"footway","superficie":"concrete"},"geometry":{"type":"LineString","coordinates":[[-2.67779,43.31403],[-2.67781,43.31381]]}},{"type":"Feature","properties":{"id":1303020586,"highway":"footway","superficie":"paving_stones"},"geometry":{"type":"LineString","coordinates":[[-2.67784,43.31405],[-2.67785,43.31407],[-2.67786,43.31409],[-2.67785,43.3141],[-2.67784,43.31412],[-2.67782,43.31413],[-2.6778,43.31414],[-2.67778,43.31414],[-2.67777,43.31414],[-2.67775,43.31414],[-2.67773,43.31413],[-2.67772,43.31411],[-2.67771,43.3141],[-2.67771,43.31409],[-2.67771,43.31408],[-2.67771,43.31406],[-2.67773,43.31405],[-2.67775,43.31404],[-2.67777,43.31403],[-2.67779,43.31403],[-2.6778,43.31403],[-2.67782,43.31404],[-2.67784,43.31405]]}},{"type":"Feature","properties":{"id":1303020587,"highway":"steps","superficie":"paving_stones"},"geometry":{"type":"LineString","coordinates":[[-2.67781,43.31381],[-2.67781,43.3138]]}},{"type":"Feature","properties":{"id":1303020588,"highway":"footway","superficie":"paving_stones"},"geometry":{"type":"LineString","coordinates":[[-2.67781,43.31376],[-2.67781,43.3138]]}},{"type":"Feature","properties":{"id":1303020589,"highway":"footway","superficie":"paving_stones"},"geometry":{"type":"LineString","coordinates":[[-2.67767,43.31409],[-2.67771,43.31409]]}},{"type":"Feature","properties":{"id":1303020590,"highway":"footway","superficie":"paving_stones"},"geometry":{"type":"LineString","coordinates":[[-2.67788,43.31408],[-2.67786,43.31409]]}},{"type":"Feature","properties":{"id":1303021237,"highway":"footway","superficie":"paving_stones"},"geometry":{"type":"LineString","coordinates":[[-2.67807,43.31375],[-2.67805,43.31382],[-2.67795,43.31408],[-2.67786,43.31435],[-2.67785,43.31437],[-2.67778,43.31453],[-2.67771,43.31459],[-2.67761,43.31463],[-2.67733,43.31475],[-2.67715,43.31483]]}},{"type":"Feature","properties":{"id":1303021238,"highway":"footway","superficie":"paving_stones"},"geometry":{"type":"LineString","coordinates":[[-2.67791,43.31408],[-2.67795,43.31408]]}},{"type":"Feature","properties":{"id":1303021239,"highway":"footway","superficie":"paving_stones"},"geometry":{"type":"LineString","coordinates":[[-2.67763,43.31409],[-2.67751,43.31409]]}},{"type":"Feature","properties":{"id":1303021240,"highway":"footway","superficie":"paving_stones"},"geometry":{"type":"LineString","coordinates":[[-2.67757,43.31376],[-2.67744,43.31377]]}},{"type":"Feature","properties":{"id":1303021241,"highway":"footway","superficie":"paving_stones"},"geometry":{"type":"LineString","coordinates":[[-2.67776,43.31436],[-2.67785,43.31437]]}},{"type":"Feature","properties":{"id":1303025237,"highway":"footway"},"geometry":{"type":"LineString","coordinates":[[-2.67771,43.31459],[-2.67775,43.31463]]}},{"type":"Feature","properties":{"id":1303025238,"highway":"footway","superficie":"paving_stones"},"geometry":{"type":"LineString","coordinates":[[-2.67817,43.31384],[-2.67796,43.31437],[-2.67795,43.31443],[-2.67797,43.31446],[-2.67801,43.31447],[-2.67832,43.31435]]}},{"type":"Feature","properties":{"id":1303025239,"highway":"footway"},"geometry":{"type":"LineString","coordinates":[[-2.67796,43.31437],[-2.67791,43.31436],[-2.67786,43.31435]]}},{"type":"Feature","properties":{"id":1303025240,"highway":"footway","superficie":"concrete"},"geometry":{"type":"LineString","coordinates":[[-2.6783,43.31386],[-2.6784,43.31389]]}},{"type":"Feature","properties":{"id":1303025241,"highway":"footway","superficie":"paving_stones"},"geometry":{"type":"LineString","coordinates":[[-2.67821,43.31384],[-2.67817,43.31384]]}},{"type":"Feature","properties":{"id":1303025758,"highway":"footway","superficie":"asphalt"},"geometry":{"type":"LineString","coordinates":[[-2.67817,43.31384],[-2.67811,43.31383],[-2.67805,43.31382]]}},{"type":"Feature","properties":{"id":1303108063,"highway":"footway","superficie":"compacted"},"geometry":{"type":"LineString","coordinates":[[-2.67981,43.31386],[-2.67996,43.31372],[-2.67999,43.31368],[-2.68017,43.31357]]}},{"type":"Feature","properties":{"id":1303108064,"highway":"footway","superficie":"compacted"},"geometry":{"type":"LineString","coordinates":[[-2.68013,43.31367],[-2.6802,43.3138],[-2.68049,43.31402]]}},{"type":"Feature","properties":{"id":1303109521,"highway":"footway","superficie":"compacted"},"geometry":{"type":"LineString","coordinates":[[-2.67989,43.31402],[-2.6799,43.31405],[-2.67993,43.31408],[-2.67996,43.31409],[-2.68,43.31408],[-2.68003,43.31405],[-2.68004,43.31402],[-2.68003,43.31399],[-2.68,43.31396],[-2.67996,43.31395],[-2.67992,43.31396],[-2.6799,43.31399],[-2.67989,43.31402]]}},{"type":"Feature","properties":{"id":1303111231,"highway":"footway","superficie":"compacted"},"geometry":{"type":"LineString","coordinates":[[-2.68,43.31396],[-2.67999,43.31387],[-2.67996,43.31372]]}},{"type":"Feature","properties":{"id":1303111232,"highway":"footway","superficie":"compacted"},"geometry":{"type":"LineString","coordinates":[[-2.67989,43.31402],[-2.67981,43.31402]]}},{"type":"Feature","properties":{"id":1305713214,"highway":"service"},"geometry":{"type":"LineString","coordinates":[[-2.68665,43.29699],[-2.68708,43.29705],[-2.68728,43.29623],[-2.68721,43.29617]]}},{"type":"Feature","properties":{"id":1337241218,"highway":"residential","oneway":"yes"},"geometry":{"type":"LineString","coordinates":[[-2.676,43.3183],[-2.67611,43.3183],[-2.67617,43.31831]]}},{"type":"Feature","properties":{"id":1337241219,"highway":"footway"},"geometry":{"type":"LineString","coordinates":[[-2.67521,43.31914],[-2.67533,43.3192]]}},{"type":"Feature","properties":{"id":1337241220,"highway":"footway"},"geometry":{"type":"LineString","coordinates":[[-2.67533,43.3192],[-2.67535,43.31917],[-2.67538,43.31914]]}},{"type":"Feature","properties":{"id":1337241221,"highway":"service","oneway":"no"},"geometry":{"type":"LineString","coordinates":[[-2.67263,43.31794],[-2.67267,43.31795],[-2.67294,43.31803]]}},{"type":"Feature","properties":{"id":1337241222,"highway":"residential","nombre":"Errekazarra kalea","izena_eu":"Errekazarra kalea","nombre_es":"Calle Errekazarra","oneway":"no"},"geometry":{"type":"LineString","coordinates":[[-2.67305,43.31747],[-2.6731,43.31743],[-2.67315,43.3174],[-2.67342,43.31737],[-2.67347,43.31736]]}},{"type":"Feature","properties":{"id":1341373012,"highway":"residential","nombre":"San Juan kalea","izena_eu":"San Juan kalea","nombre_es":"Calle San Juan","oneway":"yes","superficie":"paving_stones"},"geometry":{"type":"LineString","coordinates":[[-2.67756,43.31631],[-2.6774,43.31639],[-2.67721,43.31649],[-2.67717,43.31651]]}},{"type":"Feature","properties":{"id":1341373115,"highway":"tertiary","nombre":"Iparragirre kalea","izena_eu":"Iparragirre kalea","nombre_es":"Calle Iparragirre","oneway":"yes","superficie":"paving_stones"},"geometry":{"type":"LineString","coordinates":[[-2.67775,43.31153],[-2.67772,43.31159],[-2.67742,43.31214]]}},{"type":"Feature","properties":{"id":1352439175,"highway":"residential","nombre":"Karmelo Etxegarai kalea","izena_eu":"Karmelo Etxegarai kalea","nombre_es":"Calle Karmelo Etxegarai","oneway":"no","superficie":"paving_stones"},"geometry":{"type":"LineString","coordinates":[[-2.67884,43.31154],[-2.67888,43.31155],[-2.67895,43.31155]]}},{"type":"Feature","properties":{"id":1352439176,"highway":"tertiary","oneway":"yes","superficie":"paving_stones"},"geometry":{"type":"LineString","coordinates":[[-2.67907,43.31154],[-2.67901,43.31155],[-2.67895,43.31155]]}},{"type":"Feature","properties":{"id":1352439177,"highway":"tertiary","nombre":"Frai Martin Murua kalea","izena_eu":"Frai Martin Murua kalea","nombre_es":"Calle Frai Martin Murua","ref":"BI-3213","oneway":"yes","superficie":"paving_stones"},"geometry":{"type":"LineString","coordinates":[[-2.67907,43.31154],[-2.67904,43.31156],[-2.67902,43.31158],[-2.67901,43.3116]]}},{"type":"Feature","properties":{"id":1352439178,"highway":"residential","nombre":"Karmelo Etxegarai kalea","izena_eu":"Karmelo Etxegarai kalea","nombre_es":"Calle Karmelo Etxegarai","oneway":"no","superficie":"paving_stones"},"geometry":{"type":"LineString","coordinates":[[-2.67895,43.31155],[-2.67899,43.31157],[-2.67901,43.3116]]}},{"type":"Feature","properties":{"id":1352439179,"highway":"tertiary","nombre":"Juan Kaltzada kalea","izena_eu":"Juan Kaltzada kalea","nombre_es":"Calle Juan Calzada","oneway":"yes","superficie":"asphalt"},"geometry":{"type":"LineString","coordinates":[[-2.67884,43.31154],[-2.67887,43.31144],[-2.67889,43.31138]]}},{"type":"Feature","properties":{"id":1352439180,"highway":"tertiary","nombre":"Juan Kaltzada kalea","izena_eu":"Juan Kaltzada kalea","nombre_es":"Calle Juan Calzada","oneway":"yes","superficie":"asphalt"},"geometry":{"type":"LineString","coordinates":[[-2.679,43.31103],[-2.67902,43.31099],[-2.67925,43.31022],[-2.67938,43.30983],[-2.67944,43.30969],[-2.6795,43.30959],[-2.67954,43.3095]]}},{"type":"Feature","properties":{"id":1352439181,"highway":"tertiary","nombre":"Juan Kaltzada kalea","izena_eu":"Juan Kaltzada kalea","nombre_es":"Calle Juan Calzada","oneway":"yes","superficie":"asphalt"},"geometry":{"type":"LineString","coordinates":[[-2.67879,43.31171],[-2.67881,43.31165],[-2.67884,43.31154]]}},{"type":"Feature","properties":{"id":1352439182,"highway":"cycleway","oneway":"no"},"geometry":{"type":"LineString","coordinates":[[-2.68276,43.30687],[-2.68271,43.30687],[-2.68262,43.30688],[-2.68259,43.30688],[-2.68252,43.30697],[-2.6825,43.30743],[-2.68249,43.30775],[-2.68248,43.30801],[-2.68247,43.30805],[-2.68246,43.30839],[-2.68201,43.30844],[-2.68175,43.30845],[-2.68143,43.30837],[-2.68142,43.30836],[-2.68133,43.30834],[-2.68066,43.30813],[-2.6805,43.30808],[-2.68047,43.30808],[-2.68045,43.30807],[-2.68041,43.30806],[-2.68037,43.30805],[-2.6803,43.30804],[-2.68029,43.30803],[-2.6799,43.30791],[-2.67983,43.30789]]}},{"type":"Feature","properties":{"id":1352439183,"highway":"footway"},"geometry":{"type":"LineString","coordinates":[[-2.67967,43.30787],[-2.67977,43.30782]]}},{"type":"Feature","properties":{"id":1352439184,"highway":"footway"},"geometry":{"type":"LineString","coordinates":[[-2.67977,43.30782],[-2.67981,43.30783],[-2.67986,43.30784]]}},{"type":"Feature","properties":{"id":1352439185,"highway":"cycleway","oneway":"no"},"geometry":{"type":"LineString","coordinates":[[-2.67983,43.30789],[-2.67979,43.30787],[-2.67975,43.30787]]}},{"type":"Feature","properties":{"id":1352439186,"highway":"tertiary","nombre":"Zubigorri kalea","izena_eu":"Zubigorri kalea","nombre_es":"Calle Zubigorri","ref":"BI-3215","oneway":"yes","superficie":"asphalt"},"geometry":{"type":"LineString","coordinates":[[-2.67797,43.32042],[-2.67791,43.32043],[-2.67781,43.32043],[-2.67767,43.32044],[-2.67756,43.32043],[-2.67746,43.32043],[-2.67736,43.32041]]}},{"type":"Feature","properties":{"id":1352439187,"highway":"tertiary","ref":"BI-3215","oneway":"yes","superficie":"asphalt"},"geometry":{"type":"LineString","coordinates":[[-2.67804,43.32076],[-2.67815,43.32083],[-2.67821,43.32088],[-2.67828,43.32095],[-2.67834,43.32103],[-2.67836,43.32109],[-2.67839,43.32116]]}},{"type":"Feature","properties":{"id":1352439188,"highway":"residential","oneway":"no","superficie":"asphalt"},"geometry":{"type":"LineString","coordinates":[[-2.67723,43.31992],[-2.67747,43.31994],[-2.67801,43.31998]]}},{"type":"Feature","properties":{"id":1352440013,"highway":"residential","oneway":"no","superficie":"asphalt"},"geometry":{"type":"LineString","coordinates":[[-2.67716,43.31992],[-2.67723,43.31992]]}},{"type":"Feature","properties":{"id":1352440014,"highway":"residential","oneway":"yes"},"geometry":{"type":"LineString","coordinates":[[-2.67716,43.31992],[-2.67712,43.3199],[-2.67707,43.3199],[-2.67701,43.31991],[-2.67698,43.31992],[-2.67696,43.31995],[-2.67694,43.32003]]}},{"type":"Feature","properties":{"id":1352440015,"highway":"residential","oneway":"yes","superficie":"asphalt"},"geometry":{"type":"LineString","coordinates":[[-2.67694,43.32003],[-2.67702,43.31995],[-2.67706,43.31993]]}},{"type":"Feature","properties":{"id":1352440016,"highway":"residential","oneway":"yes"},"geometry":{"type":"LineString","coordinates":[[-2.6769,43.31986],[-2.67692,43.31996],[-2.67694,43.32003]]}},{"type":"Feature","properties":{"id":1352440017,"highway":"service","oneway":"no"},"geometry":{"type":"LineString","coordinates":[[-2.6713,43.31906],[-2.67129,43.31904],[-2.67128,43.31902],[-2.67123,43.31889],[-2.67115,43.31867]]}},{"type":"Feature","properties":{"id":1352440018,"highway":"service","oneway":"no"},"geometry":{"type":"LineString","coordinates":[[-2.67128,43.31902],[-2.6712,43.31902],[-2.67119,43.31901]]}},{"type":"Feature","properties":{"id":1352526914,"highway":"primary","nombre":"Gernikako sahiesbidea","izena_eu":"Gernikako sahiesbidea","nombre_es":"Variante de Gernika","ref":"BI-635","oneway":"no","superficie":"asphalt"},"geometry":{"type":"LineString","coordinates":[[-2.67722,43.30439],[-2.67778,43.30395]]}},{"type":"Feature","properties":{"id":1352526915,"highway":"primary_link","oneway":"yes","superficie":"asphalt"},"geometry":{"type":"LineString","coordinates":[[-2.67655,43.30458],[-2.67654,43.30477],[-2.67648,43.30491],[-2.67637,43.30504],[-2.67606,43.30542],[-2.6758,43.30573],[-2.6758,43.30576],[-2.6758,43.30584]]}},{"type":"Feature","properties":{"id":1352526916,"highway":"primary_link","oneway":"yes","superficie":"asphalt"},"geometry":{"type":"LineString","coordinates":[[-2.67681,43.30469],[-2.6771,43.30445],[-2.67716,43.30442],[-2.67722,43.30439]]}},{"type":"Feature","properties":{"id":1352526917,"highway":"primary_link","oneway":"yes","superficie":"asphalt"},"geometry":{"type":"LineString","coordinates":[[-2.67681,43.30469],[-2.67682,43.30465],[-2.67682,43.30461],[-2.67678,43.30456],[-2.67669,43.30449]]}},{"type":"Feature","properties":{"id":1352526918,"highway":"primary","nombre":"Gernikako sahiesbidea","ref":"BI-635","oneway":"no","superficie":"asphalt"},"geometry":{"type":"LineString","coordinates":[[-2.67665,43.30487],[-2.67683,43.3047]]}},{"type":"Feature","properties":{"id":1352526919,"highway":"service"},"geometry":{"type":"LineString","coordinates":[[-2.68218,43.31377],[-2.68223,43.31384],[-2.68227,43.3139],[-2.68237,43.31405],[-2.68244,43.31416],[-2.68251,43.31417]]}},{"type":"Feature","properties":{"id":1352526920,"highway":"service"},"geometry":{"type":"LineString","coordinates":[[-2.68249,43.31351],[-2.68248,43.31356],[-2.68221,43.31374],[-2.68218,43.31377]]}},{"type":"Feature","properties":{"id":1352526921,"highway":"residential","oneway":"no"},"geometry":{"type":"LineString","coordinates":[[-2.67871,43.31901],[-2.67878,43.31901]]}},{"type":"Feature","properties":{"id":1352526922,"highway":"residential","oneway":"yes"},"geometry":{"type":"LineString","coordinates":[[-2.67873,43.31887],[-2.67874,43.31889],[-2.67874,43.31895],[-2.67875,43.31898],[-2.67878,43.31901]]}},{"type":"Feature","properties":{"id":1352526923,"highway":"tertiary","nombre":"Carlos Gangoiti kalea","izena_eu":"Carlos Gangoiti kalea","nombre_es":"Calle Carlos Gangoiti","ref":"BI-2235","superficie":"asphalt"},"geometry":{"type":"LineString","coordinates":[[-2.67869,43.31914],[-2.67871,43.31901]]}},{"type":"Feature","properties":{"id":1352526924,"highway":"tertiary","nombre":"Carlos Gangoiti kalea","izena_eu":"Carlos Gangoiti kalea","nombre_es":"Calle Carlos Gangoiti","ref":"BI-2235","superficie":"asphalt"},"geometry":{"type":"LineString","coordinates":[[-2.67873,43.31887],[-2.67877,43.31869]]}},{"type":"Feature","properties":{"id":1352526925,"highway":"residential","oneway":"no"},"geometry":{"type":"LineString","coordinates":[[-2.67967,43.31906],[-2.67967,43.31918],[-2.67973,43.31924],[-2.67995,43.31924],[-2.67998,43.31916],[-2.67999,43.31906],[-2.67995,43.31901],[-2.67997,43.31889]]}},{"type":"Feature","properties":{"id":1352526926,"highway":"steps"},"geometry":{"type":"LineString","coordinates":[[-2.68036,43.31925],[-2.67995,43.31924]]}},{"type":"Feature","properties":{"id":1352526927,"highway":"tertiary","nombre":"Carlos Gangoiti kalea","izena_eu":"Carlos Gangoiti kalea","nombre_es":"Calle Carlos Gangoiti","ref":"BI-2235","superficie":"asphalt"},"geometry":{"type":"LineString","coordinates":[[-2.67871,43.31901],[-2.67873,43.31887]]}},{"type":"Feature","properties":{"id":1352526928,"highway":"residential","oneway":"no"},"geometry":{"type":"LineString","coordinates":[[-2.67878,43.31901],[-2.67881,43.31901],[-2.67967,43.31906]]}},{"type":"Feature","properties":{"id":1352529052,"highway":"service","oneway":"no"},"geometry":{"type":"LineString","coordinates":[[-2.67698,43.32126],[-2.67704,43.32126],[-2.67706,43.32126]]}},{"type":"Feature","properties":{"id":1352529053,"highway":"service","oneway":"yes"},"geometry":{"type":"LineString","coordinates":[[-2.67727,43.321],[-2.67726,43.32114],[-2.67726,43.32121],[-2.67725,43.32127]]}},{"type":"Feature","properties":{"id":1352529054,"highway":"service","oneway":"no","superficie":"asphalt"},"geometry":{"type":"LineString","coordinates":[[-2.67804,43.32142],[-2.67805,43.32135],[-2.67805,43.32132]]}},{"type":"Feature","properties":{"id":1355505340,"highway":"tertiary","ref":"BI-3215","oneway":"yes","superficie":"asphalt"},"geometry":{"type":"LineString","coordinates":[[-2.67239,43.31987],[-2.67237,43.3199],[-2.67233,43.31995],[-2.67228,43.32],[-2.67223,43.32004],[-2.67218,43.32008],[-2.67215,43.3201]]}},{"type":"Feature","properties":{"id":1355813440,"highway":"tertiary","nombre":"Zubigorri kalea","izena_eu":"Zubigorri kalea","nombre_es":"Calle Zubigorri","ref":"BI-3215","oneway":"yes","superficie":"asphalt"},"geometry":{"type":"LineString","coordinates":[[-2.67276,43.31995],[-2.67286,43.31992],[-2.67294,43.3199],[-2.67309,43.31988],[-2.67336,43.31985],[-2.67346,43.31983]]}},{"type":"Feature","properties":{"id":1355813441,"highway":"tertiary","oneway":"yes","superficie":"asphalt"},"geometry":{"type":"LineString","coordinates":[[-2.6724,43.31951],[-2.67242,43.31958],[-2.67243,43.31962],[-2.67243,43.31967],[-2.67243,43.31974]]}},{"type":"Feature","properties":{"id":1355814003,"highway":"secondary","ref":"BI-2224","oneway":"yes","superficie":"asphalt"},"geometry":{"type":"LineString","coordinates":[[-2.66602,43.3197],[-2.66611,43.31969],[-2.66616,43.31968],[-2.66621,43.31968],[-2.66623,43.31968],[-2.6663,43.31968]]}},{"type":"Feature","properties":{"id":1355814004,"highway":"secondary_link","oneway":"yes","superficie":"asphalt"},"geometry":{"type":"LineString","coordinates":[[-2.66638,43.31971],[-2.66645,43.31975],[-2.6665,43.31977],[-2.66658,43.3198],[-2.66662,43.31982],[-2.66676,43.31989]]}},{"type":"Feature","properties":{"id":1355814005,"highway":"tertiary","nombre":"Aita Luis Villasante kalea","izena_eu":"Aita Luis Villasante kalea","nombre_es":"Calle Aita Luis Villasante","ref":"BI-2224","oneway":"yes","superficie":"asphalt"},"geometry":{"type":"LineString","coordinates":[[-2.66664,43.31959],[-2.66668,43.31956],[-2.66678,43.31949],[-2.66685,43.31945],[-2.66696,43.31941],[-2.66708,43.31936],[-2.66723,43.31932]]}},{"type":"Feature","properties":{"id":1365540041,"highway":"service"},"geometry":{"type":"LineString","coordinates":[[-2.68096,43.31997],[-2.68097,43.32007],[-2.68098,43.32009],[-2.68101,43.32014],[-2.68103,43.32017],[-2.68105,43.32025],[-2.68104,43.32031],[-2.68096,43.3204]]}},{"type":"Feature","properties":{"id":1365540042,"highway":"footway"},"geometry":{"type":"LineString","coordinates":[[-2.67487,43.31933],[-2.6749,43.31938],[-2.67492,43.31941],[-2.67492,43.31945]]}},{"type":"Feature","properties":{"id":1365540047,"highway":"footway"},"geometry":{"type":"LineString","coordinates":[[-2.68337,43.31134],[-2.68335,43.31146],[-2.68338,43.31154],[-2.6834,43.31159],[-2.68343,43.31165]]}},{"type":"Feature","properties":{"id":1365540048,"highway":"footway"},"geometry":{"type":"LineString","coordinates":[[-2.68352,43.3117],[-2.68349,43.31172]]}},{"type":"Feature","properties":{"id":1365540049,"highway":"footway"},"geometry":{"type":"LineString","coordinates":[[-2.68307,43.31333],[-2.68303,43.31336],[-2.68301,43.31338],[-2.683,43.31341],[-2.68299,43.31344],[-2.68299,43.31347],[-2.68298,43.31352]]}},{"type":"Feature","properties":{"id":1365540050,"highway":"footway"},"geometry":{"type":"LineString","coordinates":[[-2.68307,43.31333],[-2.68303,43.31328]]}},{"type":"Feature","properties":{"id":1422854912,"highway":"residential","nombre":"Errekazarra kalea","izena_eu":"Errekazarra kalea","nombre_es":"Calle Errekazarra","oneway":"no","superficie":"asphalt"},"geometry":{"type":"LineString","coordinates":[[-2.67273,43.31748],[-2.67278,43.31749],[-2.67299,43.31748],[-2.67305,43.31747]]}},{"type":"Feature","properties":{"id":1422854913,"highway":"residential","nombre":"Uharte kalea","izena_eu":"Uharte kalea","nombre_es":"Calle Uharte"},"geometry":{"type":"LineString","coordinates":[[-2.67296,43.31634],[-2.67347,43.31658],[-2.67367,43.31668],[-2.67373,43.31671],[-2.67378,43.31673]]}},{"type":"Feature","properties":{"id":1430055258,"highway":"service","oneway":"yes"},"geometry":{"type":"LineString","coordinates":[[-2.68122,43.30367],[-2.68111,43.30359],[-2.6811,43.30358],[-2.68108,43.30358],[-2.68107,43.30358],[-2.68105,43.3036],[-2.6809,43.30372],[-2.68092,43.30377],[-2.68087,43.3038]]}},{"type":"Feature","properties":{"id":1430055259,"highway":"service"},"geometry":{"type":"LineString","coordinates":[[-2.68102,43.30385],[-2.68105,43.30387],[-2.6815,43.30412],[-2.68168,43.30395],[-2.68125,43.30369],[-2.68122,43.30367]]}},{"type":"Feature","properties":{"id":1435554540,"highway":"footway"},"geometry":{"type":"LineString","coordinates":[[-2.67907,43.31346],[-2.67894,43.3135],[-2.67869,43.3135]]}},{"type":"Feature","properties":{"id":1435554541,"highway":"footway"},"geometry":{"type":"LineString","coordinates":[[-2.67838,43.31349],[-2.67843,43.31349],[-2.67849,43.3135]]}},{"type":"Feature","properties":{"id":1435554542,"highway":"footway"},"geometry":{"type":"LineString","coordinates":[[-2.67823,43.31346],[-2.6783,43.31348],[-2.67834,43.31348]]}},{"type":"Feature","properties":{"id":1435967003,"highway":"pedestrian","nombre":"Askatasuna kalea","izena_eu":"Askatasuna kalea","nombre_es":"Calle Askatasuna"},"geometry":{"type":"LineString","coordinates":[[-2.67865,43.31095],[-2.679,43.31103]]}},{"type":"Feature","properties":{"id":1435967004,"highway":"steps","nombre":"Askatasuna kalea","izena_eu":"Askatasuna kalea","nombre_es":"Calle Askatasuna"},"geometry":{"type":"LineString","coordinates":[[-2.67858,43.31093],[-2.67865,43.31095]]}},{"type":"Feature","properties":{"id":1443453436,"highway":"residential"},"geometry":{"type":"LineString","coordinates":[[-2.67575,43.31129],[-2.6758,43.31129],[-2.67609,43.31137]]}},{"type":"Feature","properties":{"id":1443453437,"highway":"pedestrian"},"geometry":{"type":"LineString","coordinates":[[-2.67683,43.31219],[-2.67695,43.31199],[-2.67704,43.31187],[-2.67707,43.31183]]}},{"type":"Feature","properties":{"id":1443453438,"highway":"pedestrian"},"geometry":{"type":"LineString","coordinates":[[-2.67704,43.31187],[-2.67718,43.31191],[-2.67715,43.31195],[-2.67714,43.31197]]}},{"type":"Feature","properties":{"id":1443453439,"highway":"residential","nombre":"Alondegia kalea","izena_eu":"Alondegia kalea","nombre_es":"Calle Alondegia","oneway":"no","superficie":"asphalt"},"geometry":{"type":"LineString","coordinates":[[-2.67773,43.31219],[-2.67754,43.31216],[-2.67745,43.31215],[-2.67742,43.31214]]}},{"type":"Feature","properties":{"id":1443453440,"highway":"pedestrian"},"geometry":{"type":"LineString","coordinates":[[-2.67699,43.31178],[-2.67702,43.31181],[-2.67707,43.31183]]}},{"type":"Feature","properties":{"id":1483743881,"highway":"residential","nombre":"Mertzede kalea","izena_eu":"Mertzede kalea","nombre_es":"Calle Mertzede","oneway":"yes"},"geometry":{"type":"LineString","coordinates":[[-2.67385,43.31828],[-2.67385,43.31835],[-2.67386,43.31838],[-2.67388,43.31843],[-2.67389,43.31847],[-2.67392,43.31851],[-2.67397,43.31854],[-2.67402,43.31857],[-2.67424,43.31867],[-2.6744,43.31874]]}},{"type":"Feature","properties":{"id":1490404543,"highway":"path","nombre":"lumoko bajadie"},"geometry":{"type":"LineString","coordinates":[[-2.68922,43.30861],[-2.68926,43.30871],[-2.68928,43.30876],[-2.68939,43.3092]]}},{"type":"Feature","properties":{"id":1490404669,"highway":"path"},"geometry":{"type":"LineString","coordinates":[[-2.68607,43.31063],[-2.68606,43.31057]]}},{"type":"Feature","properties":{"id":1493993926,"highway":"tertiary","ref":"BI-3215","superficie":"asphalt"},"geometry":{"type":"LineString","coordinates":[[-2.67014,43.32174],[-2.6701,43.32178]]}},{"type":"Feature","properties":{"id":1493993927,"highway":"tertiary","ref":"BI-3215","superficie":"asphalt"},"geometry":{"type":"LineString","coordinates":[[-2.67215,43.3201],[-2.67199,43.32017],[-2.67179,43.32027]]}},{"type":"Feature","properties":{"id":1493993931,"highway":"footway"},"geometry":{"type":"LineString","coordinates":[[-2.67163,43.31971],[-2.67134,43.3194]]}},{"type":"Feature","properties":{"id":1493993933,"highway":"tertiary","nombre":"Zubigorri kalea","izena_eu":"Zubigorri kalea","nombre_es":"Calle Zubigorri","ref":"BI-3215","puente":"yes","superficie":"asphalt"},"geometry":{"type":"LineString","coordinates":[[-2.67705,43.32034],[-2.67736,43.32041]]}},{"type":"Feature","properties":{"id":1493993934,"highway":"footway"},"geometry":{"type":"LineString","coordinates":[[-2.67807,43.31955],[-2.67767,43.31951],[-2.67759,43.31984],[-2.67748,43.31983],[-2.67741,43.31983],[-2.6774,43.31989],[-2.67724,43.31987]]}},{"type":"Feature","properties":{"id":1494374552,"highway":"footway"},"geometry":{"type":"LineString","coordinates":[[-2.67891,43.3176],[-2.67885,43.3176]]}},{"type":"Feature","properties":{"id":1494374553,"highway":"tertiary","nombre":"Carlos Gangoiti kalea","izena_eu":"Carlos Gangoiti kalea","nombre_es":"Calle Carlos Gangoiti","ref":"BI-2235","oneway":"yes","superficie":"asphalt"},"geometry":{"type":"LineString","coordinates":[[-2.67888,43.31796],[-2.67891,43.3176],[-2.6789,43.3175]]}},{"type":"Feature","properties":{"id":1494374554,"highway":"tertiary_link","oneway":"yes","superficie":"asphalt"},"geometry":{"type":"LineString","coordinates":[[-2.67869,43.31804],[-2.67873,43.31802],[-2.67877,43.31799],[-2.67878,43.31795]]}},{"type":"Feature","properties":{"id":1494374555,"highway":"tertiary","nombre":"Carlos Gangoiti kalea","izena_eu":"Carlos Gangoiti kalea","nombre_es":"Calle Carlos Gangoiti","ref":"BI-2235","oneway":"yes","superficie":"asphalt"},"geometry":{"type":"LineString","coordinates":[[-2.6789,43.3175],[-2.67892,43.3173],[-2.67893,43.31723],[-2.67895,43.31701],[-2.67898,43.31678]]}},{"type":"Feature","properties":{"id":1494374556,"highway":"tertiary","nombre":"Carlos Gangoiti kalea","izena_eu":"Carlos Gangoiti kalea","nombre_es":"Calle Carlos Gangoiti","ref":"BI-2235","oneway":"yes","superficie":"asphalt"},"geometry":{"type":"LineString","coordinates":[[-2.67898,43.31678],[-2.67898,43.3167]]}},{"type":"Feature","properties":{"id":1494374557,"highway":"pedestrian","nombre":"Urkieta kalea","izena_eu":"Urkieta kalea","nombre_es":"Calle Urkieta","superficie":"paving_stones"},"geometry":{"type":"LineString","coordinates":[[-2.67898,43.3167],[-2.67904,43.3167],[-2.67906,43.31661],[-2.67956,43.3164]]}},{"type":"Feature","properties":{"id":1494374558,"highway":"tertiary","nombre":"Artekalea","izena_eu":"Artekalea","nombre_es":"Calle Artekalea","oneway":"yes","superficie":"asphalt"},"geometry":{"type":"LineString","coordinates":[[-2.67834,43.31543],[-2.67825,43.31529]]}},{"type":"Feature","properties":{"id":1494374559,"highway":"tertiary","nombre":"Artekalea","izena_eu":"Artekalea","nombre_es":"Calle Artekalea","oneway":"yes","superficie":"asphalt"},"geometry":{"type":"LineString","coordinates":[[-2.67798,43.31481],[-2.67791,43.31469],[-2.67785,43.31459]]}},{"type":"Feature","properties":{"id":1494392378,"highway":"pedestrian"},"geometry":{"type":"LineString","coordinates":[[-2.67807,43.31375],[-2.67813,43.31375]]}},{"type":"Feature","properties":{"id":1494392379,"highway":"footway"},"geometry":{"type":"LineString","coordinates":[[-2.67817,43.31384],[-2.6783,43.31348],[-2.67842,43.31313]]}},{"type":"Feature","properties":{"id":1494392380,"highway":"footway","superficie":"concrete"},"geometry":{"type":"LineString","coordinates":[[-2.67839,43.31393],[-2.6784,43.31389],[-2.6784,43.31385]]}},{"type":"Feature","properties":{"id":1494392381,"highway":"footway"},"geometry":{"type":"LineString","coordinates":[[-2.68162,43.31188],[-2.68154,43.31188],[-2.68108,43.3118]]}},{"type":"Feature","properties":{"id":1494392382,"highway":"footway"},"geometry":{"type":"LineString","coordinates":[[-2.67963,43.31439],[-2.67963,43.31448]]}},{"type":"Feature","properties":{"id":1494392383,"highway":"footway","superficie":"concrete"},"geometry":{"type":"LineString","coordinates":[[-2.6762,43.31245],[-2.67628,43.31244],[-2.67647,43.31211],[-2.67651,43.3121],[-2.67654,43.31208],[-2.67659,43.31199],[-2.6766,43.31198]]}},{"type":"Feature","properties":{"id":1494392384,"highway":"footway"},"geometry":{"type":"LineString","coordinates":[[-2.67683,43.31219],[-2.67654,43.31211],[-2.67651,43.3121]]}},{"type":"Feature","properties":{"id":1494704433,"highway":"tertiary","nombre":"Juan Kaltzada kalea","izena_eu":"Juan Kaltzada kalea","nombre_es":"Calle Juan Calzada","oneway":"yes","superficie":"asphalt"},"geometry":{"type":"LineString","coordinates":[[-2.67889,43.31138],[-2.6789,43.31133],[-2.679,43.31103]]}},{"type":"Feature","properties":{"id":1494704446,"highway":"service"},"geometry":{"type":"LineString","coordinates":[[-2.6797,43.31004],[-2.67967,43.31003],[-2.67959,43.31007],[-2.6795,43.31013],[-2.67944,43.31019],[-2.67939,43.31025]]}},{"type":"Feature","properties":{"id":1494704455,"highway":"footway"},"geometry":{"type":"LineString","coordinates":[[-2.6827,43.30445],[-2.68262,43.30445]]}},{"type":"Feature","properties":{"id":1494704456,"highway":"footway"},"geometry":{"type":"LineString","coordinates":[[-2.68271,43.30509],[-2.68264,43.30509]]}},{"type":"Feature","properties":{"id":1495104890,"highway":"tertiary","nombre":"Iparragirre kalea","izena_eu":"Iparragirre kalea","nombre_es":"Calle Iparragirre","oneway":"yes","superficie":"asphalt"},"geometry":{"type":"LineString","coordinates":[[-2.67992,43.30765],[-2.67981,43.30783],[-2.67979,43.30787],[-2.67979,43.30787],[-2.67978,43.30789],[-2.67938,43.30859],[-2.67929,43.30876]]}},{"type":"Feature","properties":{"id":1495104891,"highway":"tertiary","nombre":"Iparragirre kalea","izena_eu":"Iparragirre kalea","nombre_es":"Calle Iparragirre","oneway":"yes","superficie":"asphalt"},"geometry":{"type":"LineString","coordinates":[[-2.67929,43.30876],[-2.6791,43.30911],[-2.67907,43.30917]]}},{"type":"Feature","properties":{"id":1495104892,"highway":"tertiary","nombre":"Iparragirre kalea","izena_eu":"Iparragirre kalea","nombre_es":"Calle Iparragirre","oneway":"yes","superficie":"asphalt"},"geometry":{"type":"LineString","coordinates":[[-2.67907,43.30917],[-2.67897,43.30936]]}},{"type":"Feature","properties":{"id":1495626816,"highway":"primary","ref":"BI-635","oneway":"yes","superficie":"asphalt"},"geometry":{"type":"LineString","coordinates":[[-2.68632,43.29745],[-2.68638,43.29727]]}},{"type":"Feature","properties":{"id":1495699227,"highway":"service","oneway":"yes"},"geometry":{"type":"LineString","coordinates":[[-2.68669,43.29681],[-2.68674,43.29681]]}},{"type":"Feature","properties":{"id":1501792023,"highway":"residential","nombre":"Karmelo Etxegarai kalea","izena_eu":"Karmelo Etxegarai kalea","nombre_es":"Calle Karmelo Etxegarai","oneway":"yes","superficie":"asphalt"},"geometry":{"type":"LineString","coordinates":[[-2.67923,43.31311],[-2.6793,43.31331],[-2.67933,43.31341],[-2.67935,43.31349],[-2.67934,43.31356]]}},{"type":"Feature","properties":{"id":1529005695,"highway":"primary","ref":"BI-635","oneway":"yes","superficie":"asphalt"},"geometry":{"type":"LineString","coordinates":[[-2.68648,43.29661],[-2.68639,43.297],[-2.68634,43.29725],[-2.68632,43.29745]]}},{"type":"Feature","properties":{"id":1533903084,"highway":"footway","superficie":"asphalt"},"geometry":{"type":"LineString","coordinates":[[-2.66601,43.31967],[-2.66602,43.3197],[-2.66604,43.31974]]}},{"type":"Feature","properties":{"id":1533903085,"highway":"service","puente":"yes"},"geometry":{"type":"LineString","coordinates":[[-2.66616,43.31983],[-2.66615,43.31992]]}},{"type":"Feature","properties":{"id":1533903086,"highway":"service"},"geometry":{"type":"LineString","coordinates":[[-2.66611,43.31969],[-2.66616,43.31975],[-2.66616,43.31983]]}},{"type":"Feature","properties":{"id":1553926380,"highway":"residential","nombre":"San Juan kalea","izena_eu":"San Juan kalea","nombre_es":"Calle San Juan","oneway":"yes","superficie":"asphalt"},"geometry":{"type":"LineString","coordinates":[[-2.6781,43.31609],[-2.67787,43.31617],[-2.67756,43.31631]]}},{"type":"Feature","properties":{"id":1553929650,"highway":"pedestrian","nombre":"Urkieta kalea","izena_eu":"Urkieta kalea","nombre_es":"Calle Urkieta","superficie":"paving_stones"},"geometry":{"type":"LineString","coordinates":[[-2.67804,43.31665],[-2.67738,43.31647]]}},{"type":"Feature","properties":{"id":1553933352,"highway":"footway","superficie":"grass_paver"},"geometry":{"type":"LineString","coordinates":[[-2.6766,43.31198],[-2.67662,43.31191],[-2.67666,43.31183]]}},{"type":"Feature","properties":{"id":1558374875,"highway":"tertiary"},"geometry":{"type":"LineString","coordinates":[[-2.67918,43.30454],[-2.67915,43.30455]]}},{"type":"Feature","properties":{"id":1558374876,"highway":"tertiary"},"geometry":{"type":"LineString","coordinates":[[-2.67926,43.30456],[-2.67924,43.30455],[-2.67922,43.30454],[-2.6792,43.30454],[-2.67918,43.30454]]}},{"type":"Feature","properties":{"id":1558374877,"highway":"primary_link","oneway":"yes"},"geometry":{"type":"LineString","coordinates":[[-2.66734,43.32011],[-2.66743,43.32011],[-2.66749,43.3201],[-2.66754,43.32009],[-2.66759,43.32007],[-2.66762,43.32005]]}},{"type":"Feature","properties":{"id":1558374878,"highway":"secondary","ref":"BI-2224","superficie":"asphalt"},"geometry":{"type":"LineString","coordinates":[[-2.66638,43.31971],[-2.66643,43.31971],[-2.66648,43.31971],[-2.66652,43.3197],[-2.66656,43.31968],[-2.6666,43.31965],[-2.66662,43.31962]]}},{"type":"Feature","properties":{"id":1558374879,"highway":"tertiary","nombre":"Iparragirre kalea","izena_eu":"Iparragirre kalea","nombre_es":"Calle Iparragirre","oneway":"yes"},"geometry":{"type":"LineString","coordinates":[[-2.67701,43.3131],[-2.67696,43.31329],[-2.67693,43.31341]]}},{"type":"Feature","properties":{"id":1558374880,"highway":"residential","superficie":"asphalt"},"geometry":{"type":"LineString","coordinates":[[-2.67622,43.31323],[-2.67624,43.31324],[-2.67626,43.31324],[-2.67629,43.31324],[-2.67632,43.31324],[-2.67634,43.31323],[-2.67636,43.31321]]}},{"type":"Feature","properties":{"id":1558374881,"highway":"residential","nombre":"Aldape kalea","izena_eu":"Aldape kalea","nombre_es":"Calle Aldape","superficie":"asphalt"},"geometry":{"type":"LineString","coordinates":[[-2.6751,43.31708],[-2.67399,43.3165],[-2.67377,43.3164],[-2.67348,43.31621]]}},{"type":"Feature","properties":{"id":1558374884,"highway":"tertiary","ref":"BI-3215","superficie":"asphalt"},"geometry":{"type":"LineString","coordinates":[[-2.67263,43.31968],[-2.67259,43.31968],[-2.67254,43.31969],[-2.6725,43.3197],[-2.67246,43.31972],[-2.67243,43.31974]]}},{"type":"Feature","properties":{"id":1558374885,"highway":"tertiary","nombre":"Aita Luis Villasante kalea","izena_eu":"Aita Luis Villasante kalea","nombre_es":"Calle Aita Luis Villasante","ref":"BI-2224","superficie":"asphalt"},"geometry":{"type":"LineString","coordinates":[[-2.67205,43.31891],[-2.67244,43.31879],[-2.67295,43.31863],[-2.67312,43.31858],[-2.67332,43.31852]]}},{"type":"Feature","properties":{"id":1558374886,"highway":"tertiary","nombre":"Iparragirre kalea","izena_eu":"Iparragirre kalea","nombre_es":"Calle Iparragirre","oneway":"yes","superficie":"asphalt"},"geometry":{"type":"LineString","coordinates":[[-2.68073,43.30636],[-2.6806,43.30654],[-2.68042,43.30679],[-2.68035,43.30688],[-2.68022,43.3071],[-2.68013,43.30727]]}},{"type":"Feature","properties":{"id":1558374887,"highway":"tertiary","superficie":"asphalt"},"geometry":{"type":"LineString","coordinates":[[-2.6811,43.30571],[-2.68104,43.30569]]}},{"type":"Feature","properties":{"id":1558374888,"highway":"tertiary"},"geometry":{"type":"LineString","coordinates":[[-2.67921,43.30466],[-2.67923,43.30466],[-2.67925,43.30464],[-2.67927,43.30463]]}},{"type":"Feature","properties":{"id":1558374889,"highway":"tertiary"},"geometry":{"type":"LineString","coordinates":[[-2.67738,43.30346],[-2.67733,43.30345],[-2.67728,43.30346],[-2.67723,43.30348],[-2.67719,43.3035]]}},{"type":"Feature","properties":{"id":1558374894,"highway":"tertiary"},"geometry":{"type":"LineString","coordinates":[[-2.67745,43.30367],[-2.67748,43.30363],[-2.6775,43.3036],[-2.6775,43.30356],[-2.67748,43.30352],[-2.67745,43.30349]]}},{"type":"Feature","properties":{"id":1558374895,"highway":"tertiary"},"geometry":{"type":"LineString","coordinates":[[-2.6773,43.3037],[-2.67735,43.3037],[-2.6774,43.30369],[-2.67745,43.30367]]}},{"type":"Feature","properties":{"id":1558399601,"highway":"tertiary","superficie":"asphalt"},"geometry":{"type":"LineString","coordinates":[[-2.68155,43.30574],[-2.68151,43.30578],[-2.68149,43.30583],[-2.68149,43.30587]]}},{"type":"Feature","properties":{"id":1558399602,"highway":"tertiary","nombre":"Juan Kaltzada kalea","izena_eu":"Juan Kaltzada kalea","nombre_es":"Calle Juan Calzada","oneway":"yes","superficie":"asphalt"},"geometry":{"type":"LineString","coordinates":[[-2.67954,43.3095],[-2.67964,43.30933],[-2.6799,43.30887],[-2.67996,43.30875]]}},{"type":"Feature","properties":{"id":1558399603,"highway":"residential"},"geometry":{"type":"LineString","coordinates":[[-2.68246,43.30927],[-2.68246,43.30929],[-2.68246,43.3093],[-2.68248,43.30932],[-2.68249,43.30933]]}},{"type":"Feature","properties":{"id":1558399606,"highway":"residential"},"geometry":{"type":"LineString","coordinates":[[-2.68253,43.30922],[-2.68251,43.30922],[-2.68248,43.30923],[-2.68247,43.30925],[-2.68246,43.30927]]}},{"type":"Feature","properties":{"id":1558399607,"highway":"residential"},"geometry":{"type":"LineString","coordinates":[[-2.68263,43.30595],[-2.68264,43.30596],[-2.68266,43.30597]]}},{"type":"Feature","properties":{"id":1558399608,"highway":"tertiary","superficie":"asphalt"},"geometry":{"type":"LineString","coordinates":[[-2.68171,43.306],[-2.68176,43.30599],[-2.6818,43.30598]]}},{"type":"Feature","properties":{"id":1558601377,"highway":"secondary","ref":"BI-2224","superficie":"asphalt"},"geometry":{"type":"LineString","coordinates":[[-2.66623,43.31959],[-2.66624,43.31961],[-2.66626,43.31965],[-2.6663,43.31968]]}},{"type":"Feature","properties":{"id":1558601378,"highway":"tertiary","superficie":"asphalt"},"geometry":{"type":"LineString","coordinates":[[-2.6819,43.3058],[-2.68188,43.30576],[-2.68185,43.30573]]}},{"type":"Feature","properties":{"id":1558601379,"highway":"residential"},"geometry":{"type":"LineString","coordinates":[[-2.68262,43.30588],[-2.68261,43.3059],[-2.68261,43.30592],[-2.68262,43.30594],[-2.68263,43.30595]]}},{"type":"Feature","properties":{"id":1558601380,"highway":"residential"},"geometry":{"type":"LineString","coordinates":[[-2.68266,43.30597],[-2.68268,43.30598],[-2.6827,43.30598],[-2.68273,43.30598],[-2.68275,43.30597]]}},{"type":"Feature","properties":{"id":1558601381,"highway":"residential"},"geometry":{"type":"LineString","coordinates":[[-2.68261,43.30924],[-2.68258,43.30923],[-2.68256,43.30922],[-2.68253,43.30922]]}},{"type":"Feature","properties":{"id":1558601382,"highway":"secondary","ref":"BI-2224","superficie":"asphalt"},"geometry":{"type":"LineString","coordinates":[[-2.66664,43.31959],[-2.66664,43.31955],[-2.66663,43.31951],[-2.66661,43.31948],[-2.66659,43.31947]]}},{"type":"Feature","properties":{"id":1558601383,"highway":"secondary","ref":"BI-2224","superficie":"asphalt"},"geometry":{"type":"LineString","coordinates":[[-2.6663,43.31968],[-2.66634,43.3197],[-2.66638,43.31971]]}},{"type":"Feature","properties":{"id":1558760008,"highway":"residential"},"geometry":{"type":"LineString","coordinates":[[-2.68275,43.30597],[-2.68277,43.30596],[-2.68279,43.30594],[-2.6828,43.30593]]}},{"type":"Feature","properties":{"id":1562628818,"highway":"secondary","ref":"BI-2224","superficie":"asphalt"},"geometry":{"type":"LineString","coordinates":[[-2.66662,43.31962],[-2.66663,43.3196],[-2.66664,43.31959]]}},{"type":"Feature","properties":{"id":1562628819,"highway":"primary","nombre":"Gernikako sahiesbidea","izena_eu":"Gernikako sahiesbidea","nombre_es":"Variante de Gernika","ref":"BI-635","oneway":"yes","superficie":"asphalt"},"geometry":{"type":"LineString","coordinates":[[-2.66827,43.32101],[-2.66825,43.32099]]}},{"type":"Feature","properties":{"id":1562628839,"highway":"primary","nombre":"Gernikako sahiesbidea","izena_eu":"Gernikako sahiesbidea","nombre_es":"Variante de Gernika","ref":"BI-635","oneway":"yes","superficie":"asphalt"},"geometry":{"type":"LineString","coordinates":[[-2.66791,43.32063],[-2.66818,43.32104]]}},{"type":"Feature","properties":{"id":1562628841,"highway":"primary_link","oneway":"yes"},"geometry":{"type":"LineString","coordinates":[[-2.66734,43.32011],[-2.66738,43.32013],[-2.66743,43.32015],[-2.6675,43.32018],[-2.66762,43.32026],[-2.66767,43.32031],[-2.66778,43.32047],[-2.66783,43.32055],[-2.66791,43.32063]]}}]}
