{"type":"FeatureCollection","features":[{"type":"Feature","properties":{"id":22663851,"highway":"motorway","nombre":"Txorierriko korridorea","izena_eu":"Txorierriko korridorea","nombre_es":"Corredor del Txorierri","ref":"BI-30","oneway":"yes","superficie":"asphalt"},"geometry":{"type":"LineString","coordinates":[[-2.80292,43.24961],[-2.80293,43.24967],[-2.80294,43.24974],[-2.80297,43.25004],[-2.803,43.25018],[-2.80304,43.25036],[-2.80307,43.25045],[-2.80311,43.25061],[-2.80316,43.25074],[-2.80326,43.251],[-2.80333,43.25113],[-2.8034,43.25128],[-2.80354,43.25153],[-2.80359,43.2516],[-2.80363,43.25166],[-2.80381,43.25192],[-2.80397,43.25215]]}},{"type":"Feature","properties":{"id":24755358,"highway":"secondary","ref":"BI-2713"},"geometry":{"type":"LineString","coordinates":[[-2.80117,43.25087],[-2.80098,43.25098],[-2.80077,43.2511],[-2.80072,43.25113],[-2.80061,43.25119],[-2.80051,43.25126]]}},{"type":"Feature","properties":{"id":24755360,"highway":"residential","nombre":"Lehendakari Agirre kalea","izena_eu":"Lehendakari Agirre kalea","nombre_es":"Calle Lehendakari Aguirre","oneway":"yes","superficie":"asphalt"},"geometry":{"type":"LineString","coordinates":[[-2.79693,43.2616],[-2.79698,43.2615],[-2.79702,43.2614],[-2.79702,43.26132],[-2.79704,43.26128],[-2.79705,43.26124],[-2.79709,43.26118],[-2.7971,43.26115],[-2.7971,43.26112],[-2.79711,43.26105],[-2.79717,43.26088],[-2.79721,43.26076],[-2.79725,43.26064]]}},{"type":"Feature","properties":{"id":24755361,"highway":"tertiary"},"geometry":{"type":"LineString","coordinates":[[-2.79623,43.25935],[-2.79607,43.25934],[-2.79591,43.25932],[-2.79585,43.25932],[-2.79574,43.25931],[-2.79537,43.25928],[-2.79534,43.25928]]}},{"type":"Feature","properties":{"id":24755362,"highway":"pedestrian","nombre":"Askatasuna plaza"},"geometry":{"type":"LineString","coordinates":[[-2.79639,43.26123],[-2.79643,43.26116],[-2.79644,43.26115],[-2.79644,43.26114],[-2.79639,43.26113],[-2.79642,43.26103],[-2.79642,43.26102],[-2.79642,43.26102],[-2.79643,43.26094],[-2.79642,43.26094],[-2.79639,43.26092],[-2.79634,43.2609],[-2.79614,43.26089],[-2.796,43.26087],[-2.79598,43.26087],[-2.79595,43.26088],[-2.79594,43.26094],[-2.79593,43.26096],[-2.79593,43.26099],[-2.79592,43.26102],[-2.79591,43.26109],[-2.79598,43.26111],[-2.79602,43.26112],[-2.79605,43.26114],[-2.79609,43.26115],[-2.79615,43.26117],[-2.79617,43.2612],[-2.79615,43.26121],[-2.79622,43.26124],[-2.79621,43.26125],[-2.79628,43.26129],[-2.79632,43.26127],[-2.79639,43.26123]]}},{"type":"Feature","properties":{"id":24755363,"highway":"tertiary","nombre":"Gaztelumendi kalea","izena_eu":"Gaztelumendi kalea","nombre_es":"Calle Gaztelumendi"},"geometry":{"type":"LineString","coordinates":[[-2.79538,43.26189],[-2.79546,43.26193],[-2.79548,43.26194],[-2.79558,43.26198],[-2.79603,43.26211]]}},{"type":"Feature","properties":{"id":24755365,"highway":"residential","oneway":"yes"},"geometry":{"type":"LineString","coordinates":[[-2.79488,43.26178],[-2.79498,43.26184],[-2.79501,43.26187],[-2.79502,43.26189],[-2.79504,43.26192]]}},{"type":"Feature","properties":{"id":24755434,"highway":"residential","nombre":"Eleixoste kalea","izena_eu":"Eleixoste kalea","nombre_es":"Calle Eleixoste","oneway":"yes"},"geometry":{"type":"LineString","coordinates":[[-2.79616,43.25981],[-2.79588,43.25979],[-2.7958,43.2598],[-2.79575,43.25981],[-2.79566,43.25985],[-2.7956,43.25991],[-2.79557,43.25998],[-2.79557,43.26007],[-2.79557,43.26009],[-2.79556,43.26019],[-2.79556,43.26032],[-2.79553,43.26049],[-2.7955,43.26062],[-2.79549,43.2607],[-2.79545,43.26081],[-2.7954,43.2609],[-2.79536,43.26094]]}},{"type":"Feature","properties":{"id":24755435,"highway":"residential"},"geometry":{"type":"LineString","coordinates":[[-2.79575,43.25981],[-2.79563,43.25971],[-2.79559,43.25961],[-2.79558,43.25955],[-2.7956,43.25943]]}},{"type":"Feature","properties":{"id":24755583,"highway":"residential","nombre":"Gaztelumendi kalea","izena_eu":"Gaztelumendi kalea","nombre_es":"Calle Gaztelumendi"},"geometry":{"type":"LineString","coordinates":[[-2.79709,43.26234],[-2.79706,43.26234],[-2.7966,43.26222],[-2.79627,43.26216],[-2.79609,43.2621]]}},{"type":"Feature","properties":{"id":24755586,"highway":"pedestrian","nombre":"Iturrikoetxe etxealdea"},"geometry":{"type":"LineString","coordinates":[[-2.79648,43.26046],[-2.79647,43.26051],[-2.79646,43.26056],[-2.79642,43.26077],[-2.79639,43.26092]]}},{"type":"Feature","properties":{"id":24756001,"highway":"residential","nombre":"Aita Patxi Ugalde kalea","izena_eu":"Aita Patxi Ugalde kalea","nombre_es":"Calle Aita Patxi Ugalde","oneway":"yes"},"geometry":{"type":"LineString","coordinates":[[-2.79756,43.25961],[-2.79748,43.2597],[-2.79745,43.25974],[-2.79741,43.25979],[-2.79737,43.2598],[-2.79718,43.2599],[-2.79706,43.25997],[-2.79697,43.26003],[-2.79693,43.26005]]}},{"type":"Feature","properties":{"id":24798130,"highway":"tertiary","nombre":"Errebale kalea","izena_eu":"Errebale kalea","nombre_es":"Calle Errebale"},"geometry":{"type":"LineString","coordinates":[[-2.79693,43.2616],[-2.7971,43.26164],[-2.79748,43.26173],[-2.79764,43.26176],[-2.79805,43.26186],[-2.7981,43.26188],[-2.79853,43.26198]]}},{"type":"Feature","properties":{"id":24798131,"highway":"tertiary","nombre":"Andra Mari kalea","izena_eu":"Andra Mari kalea","nombre_es":"Calle Andra Mari","superficie":"asphalt"},"geometry":{"type":"LineString","coordinates":[[-2.7963,43.2588],[-2.79628,43.2589],[-2.79627,43.25898],[-2.79623,43.25931],[-2.79623,43.25935]]}},{"type":"Feature","properties":{"id":24839891,"highway":"pedestrian"},"geometry":{"type":"LineString","coordinates":[[-2.79605,43.26099],[-2.79626,43.26122]]}},{"type":"Feature","properties":{"id":24839899,"highway":"pedestrian","nombre":"Errebale kalea"},"geometry":{"type":"LineString","coordinates":[[-2.79626,43.26122],[-2.79632,43.26127],[-2.79636,43.26131],[-2.79644,43.2614],[-2.79646,43.26141],[-2.79653,43.26149]]}},{"type":"Feature","properties":{"id":41294213,"highway":"motorway","nombre":"Txorierriko korridorea","izena_eu":"Txorierriko korridorea","nombre_es":"Corredor del Txorierri","ref":"BI-30","oneway":"yes","puente":"yes","superficie":"asphalt"},"geometry":{"type":"LineString","coordinates":[[-2.80309,43.2496],[-2.80308,43.24943],[-2.80309,43.24925],[-2.8031,43.24908],[-2.80312,43.24895],[-2.80315,43.24879],[-2.80317,43.24867],[-2.80323,43.24843]]}},{"type":"Feature","properties":{"id":42353303,"highway":"motorway_link","oneway":"yes","superficie":"asphalt"},"geometry":{"type":"LineString","coordinates":[[-2.8019,43.25052],[-2.80218,43.25053],[-2.80231,43.25055],[-2.80243,43.25058],[-2.80255,43.25063],[-2.80267,43.25069],[-2.80281,43.25079],[-2.80295,43.25092],[-2.80309,43.25109],[-2.80352,43.25165],[-2.80397,43.25215]]}},{"type":"Feature","properties":{"id":42353304,"highway":"secondary","ref":"BI-2713"},"geometry":{"type":"LineString","coordinates":[[-2.802,43.24999],[-2.80211,43.24983],[-2.80239,43.24947],[-2.8025,43.24933],[-2.80259,43.24923],[-2.80267,43.24915],[-2.80273,43.2491],[-2.8028,43.24905],[-2.80292,43.24897],[-2.80304,43.24889],[-2.80325,43.24879],[-2.80331,43.24877],[-2.80337,43.24876]]}},{"type":"Feature","properties":{"id":42353406,"highway":"motorway_link","oneway":"yes","puente":"yes","superficie":"asphalt"},"geometry":{"type":"LineString","coordinates":[[-2.803,43.24863],[-2.80292,43.24879],[-2.80286,43.24911],[-2.80282,43.24961]]}},{"type":"Feature","properties":{"id":48875696,"highway":"motorway_link","oneway":"yes","superficie":"asphalt"},"geometry":{"type":"LineString","coordinates":[[-2.81275,43.26181],[-2.81298,43.26192]]}},{"type":"Feature","properties":{"id":48875697,"highway":"motorway","nombre":"Txorierriko korridorea","izena_eu":"Txorierriko korridorea","nombre_es":"Corredor del Txorierri","ref":"BI-30","oneway":"yes","superficie":"asphalt"},"geometry":{"type":"LineString","coordinates":[[-2.81075,43.26049],[-2.81053,43.26032],[-2.8104,43.26022],[-2.81022,43.26007],[-2.81,43.25987],[-2.80986,43.25974],[-2.80974,43.25963],[-2.80962,43.2595],[-2.80951,43.25938],[-2.80943,43.25929],[-2.8093,43.25915],[-2.80913,43.25895],[-2.80901,43.25879],[-2.8089,43.25864],[-2.80873,43.25841],[-2.80855,43.25814],[-2.80815,43.25757],[-2.80776,43.257],[-2.80749,43.2566],[-2.8073,43.25633],[-2.80718,43.25615],[-2.80689,43.25572],[-2.80662,43.25533],[-2.80637,43.25498],[-2.80624,43.25479]]}},{"type":"Feature","properties":{"id":53627598,"highway":"motorway_link","oneway":"no","superficie":"asphalt"},"geometry":{"type":"LineString","coordinates":[[-2.81494,43.26174],[-2.81488,43.26165]]}},{"type":"Feature","properties":{"id":53627602,"highway":"motorway_link","oneway":"yes","superficie":"asphalt"},"geometry":{"type":"LineString","coordinates":[[-2.81488,43.26165],[-2.81477,43.26154],[-2.81468,43.26148],[-2.81453,43.26139],[-2.81443,43.26135],[-2.81435,43.26133],[-2.81425,43.2613],[-2.81416,43.26128],[-2.81409,43.26127],[-2.81401,43.26126],[-2.81392,43.26126],[-2.81382,43.26126],[-2.81371,43.26126],[-2.81358,43.26127],[-2.81343,43.26129],[-2.81315,43.26133],[-2.813,43.26134],[-2.81284,43.26135],[-2.8127,43.26135],[-2.81253,43.26133],[-2.81237,43.2613],[-2.81218,43.26125],[-2.81198,43.26117],[-2.81183,43.26109],[-2.81165,43.26099],[-2.81075,43.26049]]}},{"type":"Feature","properties":{"id":53627604,"highway":"motorway_link","oneway":"yes","superficie":"asphalt"},"geometry":{"type":"LineString","coordinates":[[-2.8139,43.26147],[-2.81396,43.26143],[-2.81402,43.2614],[-2.81411,43.26138],[-2.8142,43.26137],[-2.81427,43.26137],[-2.81435,43.26138],[-2.81444,43.26141],[-2.81457,43.26146],[-2.81471,43.26154],[-2.81488,43.26165]]}},{"type":"Feature","properties":{"id":53627605,"highway":"motorway_link","oneway":"yes","superficie":"asphalt"},"geometry":{"type":"LineString","coordinates":[[-2.80395,43.25182],[-2.8036,43.25112],[-2.80351,43.25092],[-2.80347,43.2508],[-2.80341,43.2506],[-2.80335,43.25041],[-2.80332,43.2502],[-2.8033,43.25008],[-2.80329,43.24998],[-2.80328,43.24983],[-2.80329,43.24963],[-2.80331,43.24949],[-2.80334,43.24936],[-2.80336,43.2493]]}},{"type":"Feature","properties":{"id":53627612,"highway":"secondary","ref":"BI-2713"},"geometry":{"type":"LineString","coordinates":[[-2.80185,43.25052],[-2.8019,43.25052],[-2.80194,43.2505],[-2.80198,43.25048],[-2.80201,43.25045],[-2.80202,43.25041],[-2.80202,43.25038],[-2.80201,43.25035],[-2.80199,43.25032]]}},{"type":"Feature","properties":{"id":53627613,"highway":"motorway","nombre":"Txorierriko korridorea","izena_eu":"Txorierriko korridorea","nombre_es":"Corredor del Txorierri","ref":"BI-30","oneway":"yes","puente":"yes","superficie":"asphalt"},"geometry":{"type":"LineString","coordinates":[[-2.80306,43.24841],[-2.803,43.24863],[-2.80296,43.24893],[-2.80293,43.24915],[-2.80292,43.24941],[-2.80292,43.24961]]}},{"type":"Feature","properties":{"id":53627615,"highway":"motorway","nombre":"Txorierriko korridorea","izena_eu":"Txorierriko korridorea","nombre_es":"Corredor del Txorierri","ref":"BI-30","oneway":"yes","superficie":"asphalt"},"geometry":{"type":"LineString","coordinates":[[-2.80323,43.24843],[-2.80325,43.24837]]}},{"type":"Feature","properties":{"id":53627616,"highway":"motorway_link","oneway":"yes","superficie":"asphalt"},"geometry":{"type":"LineString","coordinates":[[-2.80282,43.24961],[-2.80282,43.25001],[-2.80282,43.25015],[-2.80278,43.25026],[-2.80272,43.25035],[-2.80264,43.25042],[-2.80254,43.25046],[-2.80245,43.25048],[-2.80236,43.25049],[-2.80227,43.25048],[-2.80219,43.25046],[-2.80211,43.25042],[-2.80207,43.2504],[-2.80202,43.25038]]}},{"type":"Feature","properties":{"id":53627617,"highway":"secondary"},"geometry":{"type":"LineString","coordinates":[[-2.80337,43.24876],[-2.8034,43.24878],[-2.80344,43.2488],[-2.80349,43.24881],[-2.80354,43.2488],[-2.80358,43.24879],[-2.80361,43.24877],[-2.80364,43.24874],[-2.80365,43.24871],[-2.80365,43.24868]]}},{"type":"Feature","properties":{"id":53627618,"highway":"motorway_link","oneway":"yes"},"geometry":{"type":"LineString","coordinates":[[-2.80348,43.24901],[-2.80353,43.24884],[-2.80354,43.2488]]}},{"type":"Feature","properties":{"id":98437062,"highway":"secondary","ref":"BI-2713","puente":"yes"},"geometry":{"type":"LineString","coordinates":[[-2.79231,43.26029],[-2.7924,43.26008]]}},{"type":"Feature","properties":{"id":203657631,"highway":"tertiary","nombre":"Errebale kalea","izena_eu":"Errebale kalea","nombre_es":"Calle Errebale"},"geometry":{"type":"LineString","coordinates":[[-2.79653,43.26149],[-2.79657,43.2615],[-2.79665,43.26152],[-2.79693,43.2616]]}},{"type":"Feature","properties":{"id":203668288,"highway":"pedestrian","nombre":"Andra Mari kalea","izena_eu":"Andra Mari kalea","nombre_es":"Calle Andra Mari"},"geometry":{"type":"LineString","coordinates":[[-2.79615,43.25991],[-2.79611,43.26014],[-2.79609,43.26021],[-2.79605,43.26046],[-2.79604,43.26052],[-2.796,43.26074],[-2.79598,43.26087],[-2.79599,43.26092],[-2.79605,43.26099]]}},{"type":"Feature","properties":{"id":203668290,"highway":"residential","nombre":"Anboto kalea","izena_eu":"Anboto kalea","nombre_es":"Calle Anboto"},"geometry":{"type":"LineString","coordinates":[[-2.79371,43.26255],[-2.79366,43.26249],[-2.79348,43.26216],[-2.79342,43.26206],[-2.79337,43.26195],[-2.79327,43.26163],[-2.79324,43.2616],[-2.79321,43.26158],[-2.79316,43.26157],[-2.79305,43.26158],[-2.79294,43.2616]]}},{"type":"Feature","properties":{"id":203668291,"highway":"tertiary","nombre":"Errekondo kalea","izena_eu":"Errekondo kalea","nombre_es":"Calle Errekondo"},"geometry":{"type":"LineString","coordinates":[[-2.79534,43.25928],[-2.79533,43.25929],[-2.79531,43.25933],[-2.79529,43.2594],[-2.79528,43.25944],[-2.79525,43.25971],[-2.79523,43.25994],[-2.7952,43.26027],[-2.79519,43.26043],[-2.7952,43.26072],[-2.79521,43.2608],[-2.79526,43.26086],[-2.79536,43.26094],[-2.79543,43.26098]]}},{"type":"Feature","properties":{"id":203668293,"highway":"residential","nombre":"Errekondo kalea","izena_eu":"Errekondo kalea","nombre_es":"Calle Errekondo"},"geometry":{"type":"LineString","coordinates":[[-2.79534,43.25928],[-2.79534,43.25924],[-2.79534,43.25922],[-2.79536,43.25907],[-2.79537,43.25901],[-2.79537,43.25898],[-2.79538,43.25889],[-2.7954,43.25877],[-2.79541,43.25865]]}},{"type":"Feature","properties":{"id":203668296,"highway":"service"},"geometry":{"type":"LineString","coordinates":[[-2.79748,43.26173],[-2.79744,43.26182],[-2.79744,43.26183],[-2.79737,43.26201],[-2.79737,43.26203],[-2.79736,43.26204]]}},{"type":"Feature","properties":{"id":203668299,"highway":"pedestrian","nombre":"Anguleri kalea"},"geometry":{"type":"LineString","coordinates":[[-2.79627,43.26182],[-2.79632,43.26183],[-2.79727,43.26207]]}},{"type":"Feature","properties":{"id":203668300,"highway":"pedestrian","oneway":"no"},"geometry":{"type":"LineString","coordinates":[[-2.79545,43.26109],[-2.79546,43.26108],[-2.7955,43.26104]]}},{"type":"Feature","properties":{"id":203668302,"highway":"residential","nombre":"Gorbea kalea","izena_eu":"Gorbea kalea","nombre_es":"Calle Gorbea","oneway":"yes"},"geometry":{"type":"LineString","coordinates":[[-2.79808,43.25993],[-2.79802,43.25989],[-2.79782,43.25974],[-2.79769,43.25967],[-2.7976,43.25963],[-2.79756,43.25961]]}},{"type":"Feature","properties":{"id":203668304,"highway":"residential","nombre":"Lehendakari Agirre kalea","izena_eu":"Lehendakari Agirre kalea","nombre_es":"Calle Lehendakari Aguirre","oneway":"yes"},"geometry":{"type":"LineString","coordinates":[[-2.79725,43.26064],[-2.79732,43.26044],[-2.79733,43.2604],[-2.79737,43.26038],[-2.79747,43.26032],[-2.79763,43.26024],[-2.798,43.26],[-2.79808,43.25993]]}},{"type":"Feature","properties":{"id":203668306,"highway":"residential","nombre":"Gorobileta kalea","izena_eu":"Gorobileta kalea","nombre_es":"Calle Gorobileta"},"geometry":{"type":"LineString","coordinates":[[-2.79436,43.26163],[-2.79419,43.2617],[-2.79406,43.26177],[-2.79353,43.26201],[-2.79342,43.26206]]}},{"type":"Feature","properties":{"id":203668307,"highway":"living_street","oneway":"yes"},"geometry":{"type":"LineString","coordinates":[[-2.79615,43.25991],[-2.7962,43.25992],[-2.79626,43.25992],[-2.79635,43.25995],[-2.79656,43.26006],[-2.79668,43.26006],[-2.79675,43.26006],[-2.79693,43.26005]]}},{"type":"Feature","properties":{"id":203668308,"highway":"residential","nombre":"Iturrikoetxe kalea","oneway":"yes"},"geometry":{"type":"LineString","coordinates":[[-2.79693,43.26005],[-2.79692,43.26012],[-2.7969,43.26023],[-2.79688,43.26034],[-2.79688,43.26042],[-2.79689,43.26048],[-2.79698,43.26056],[-2.7971,43.26063],[-2.79719,43.26065],[-2.79725,43.26064]]}},{"type":"Feature","properties":{"id":203668309,"highway":"residential","nombre":"Txispamendi kalea","izena_eu":"Txispamendi kalea","nombre_es":"Calle Txispamendi"},"geometry":{"type":"LineString","coordinates":[[-2.79345,43.26066],[-2.79352,43.26058],[-2.79361,43.2605],[-2.79371,43.26044],[-2.79385,43.26035]]}},{"type":"Feature","properties":{"id":204483414,"highway":"tertiary","nombre":"Aldana auzoa","ref":"BI-4344"},"geometry":{"type":"LineString","coordinates":[[-2.74675,43.26588],[-2.74678,43.26588],[-2.74682,43.26588],[-2.74685,43.26587],[-2.74689,43.26585],[-2.74692,43.26583],[-2.74713,43.26575]]}},{"type":"Feature","properties":{"id":204483426,"highway":"service","nombre":"Eleixeta auzoa"},"geometry":{"type":"LineString","coordinates":[[-2.74708,43.26848],[-2.74725,43.26828],[-2.74738,43.26815],[-2.74744,43.26808],[-2.74749,43.26802],[-2.74751,43.26798],[-2.74753,43.26796],[-2.74755,43.26794],[-2.74757,43.26792],[-2.74762,43.2679],[-2.74769,43.26788],[-2.74777,43.26784],[-2.74784,43.2678],[-2.74789,43.26776],[-2.74796,43.2677],[-2.74801,43.26765],[-2.74814,43.26751],[-2.7482,43.26744],[-2.7483,43.26735],[-2.74833,43.26732],[-2.74837,43.2673],[-2.7484,43.26729],[-2.74842,43.26728],[-2.74845,43.26727],[-2.74848,43.26726],[-2.74851,43.26726],[-2.74854,43.26725],[-2.74855,43.26725],[-2.74856,43.26724],[-2.74858,43.26724],[-2.74858,43.26723],[-2.7486,43.26722],[-2.74861,43.26721],[-2.7488,43.26698],[-2.74881,43.26696],[-2.74883,43.26694],[-2.74884,43.26692],[-2.74885,43.2669],[-2.74886,43.26687],[-2.74894,43.26665],[-2.74897,43.26657],[-2.74899,43.26652],[-2.74901,43.2665],[-2.74902,43.26648],[-2.74905,43.26643],[-2.7492,43.2662],[-2.74922,43.26617]]}},{"type":"Feature","properties":{"id":204483432,"highway":"service"},"geometry":{"type":"LineString","coordinates":[[-2.74874,43.26737],[-2.74858,43.26723]]}},{"type":"Feature","properties":{"id":205834728,"highway":"motorway","nombre":"Txorierriko korridorea","izena_eu":"Txorierriko korridorea","nombre_es":"Corredor del Txorierri","ref":"BI-30","oneway":"yes","superficie":"asphalt"},"geometry":{"type":"LineString","coordinates":[[-2.80397,43.25215],[-2.80405,43.25224],[-2.80431,43.25256],[-2.80464,43.25298],[-2.80512,43.25359],[-2.80546,43.25404],[-2.80581,43.25451],[-2.80651,43.25551],[-2.80678,43.25591],[-2.80722,43.25655],[-2.80776,43.25733],[-2.80786,43.25748],[-2.80799,43.25768],[-2.80808,43.2578],[-2.80827,43.25808],[-2.80847,43.25837],[-2.80866,43.25864],[-2.80879,43.25881],[-2.809,43.25908],[-2.80916,43.25927],[-2.80931,43.25944],[-2.80948,43.25962]]}},{"type":"Feature","properties":{"id":205834729,"highway":"motorway","nombre":"Txorierriko korridorea","izena_eu":"Txorierriko korridorea","nombre_es":"Corredor del Txorierri","ref":"BI-30","oneway":"yes","superficie":"asphalt"},"geometry":{"type":"LineString","coordinates":[[-2.81275,43.26181],[-2.813,43.2619]]}},{"type":"Feature","properties":{"id":216211720,"highway":"unclassified"},"geometry":{"type":"LineString","coordinates":[[-2.7576,43.25737],[-2.75764,43.25739],[-2.75794,43.25763],[-2.7581,43.25774],[-2.75842,43.25799],[-2.75844,43.25801],[-2.75881,43.25833],[-2.75987,43.25913],[-2.76075,43.25979],[-2.7609,43.25992],[-2.76104,43.26002],[-2.76134,43.26011],[-2.76175,43.26023],[-2.76233,43.26025],[-2.7628,43.26024],[-2.76335,43.26026],[-2.76421,43.26022],[-2.76486,43.26017],[-2.76559,43.2601],[-2.76586,43.26007],[-2.76646,43.26005],[-2.7667,43.26002],[-2.76687,43.25997],[-2.76705,43.25988],[-2.76733,43.25971],[-2.76748,43.25965],[-2.76761,43.25961],[-2.76777,43.2596],[-2.76788,43.25962],[-2.76796,43.25964],[-2.76811,43.2597],[-2.76854,43.2599],[-2.76887,43.26003],[-2.76906,43.26005],[-2.76923,43.26005],[-2.76936,43.26001],[-2.76984,43.25983],[-2.77052,43.2596],[-2.7711,43.2594],[-2.77182,43.25908],[-2.77233,43.25889],[-2.77255,43.25884],[-2.77273,43.25883],[-2.77289,43.25884],[-2.77316,43.25891],[-2.77342,43.25894],[-2.77369,43.25893],[-2.77399,43.25887],[-2.77438,43.25873],[-2.77467,43.25863],[-2.77492,43.25859],[-2.77524,43.25865],[-2.77561,43.2587],[-2.77585,43.25877],[-2.77624,43.25895]]}},{"type":"Feature","properties":{"id":216214831,"highway":"track"},"geometry":{"type":"LineString","coordinates":[[-2.78278,43.25529],[-2.78259,43.25546],[-2.78242,43.25564],[-2.78226,43.25587],[-2.78211,43.25612],[-2.78205,43.2563],[-2.78201,43.25646],[-2.78197,43.25657],[-2.78196,43.25663],[-2.78191,43.2568],[-2.78177,43.25701],[-2.78167,43.25716],[-2.78143,43.25745],[-2.78112,43.25775],[-2.78085,43.25799],[-2.78075,43.25806],[-2.78066,43.2581],[-2.78048,43.25815],[-2.78038,43.25815],[-2.78032,43.2581],[-2.78029,43.258],[-2.78027,43.25782],[-2.78025,43.25767],[-2.78019,43.25757],[-2.78007,43.25752],[-2.77987,43.25738],[-2.77972,43.25735],[-2.7796,43.25738]]}},{"type":"Feature","properties":{"id":216214832,"highway":"service","nombre":"Belarrinaga auzoa"},"geometry":{"type":"LineString","coordinates":[[-2.77833,43.25741],[-2.77825,43.25752],[-2.77817,43.25762],[-2.77802,43.25777],[-2.77794,43.25785],[-2.77788,43.258],[-2.77778,43.25822],[-2.7776,43.25848],[-2.77747,43.25862],[-2.77734,43.25873],[-2.77728,43.25886],[-2.77723,43.2592],[-2.77712,43.25963],[-2.77698,43.25998]]}},{"type":"Feature","properties":{"id":216214833,"highway":"unclassified","nombre":"Belarrinaga auzoa"},"geometry":{"type":"LineString","coordinates":[[-2.77932,43.26024],[-2.77953,43.2603],[-2.77973,43.2604],[-2.77986,43.26053],[-2.77988,43.26062],[-2.77983,43.26071],[-2.77951,43.26098],[-2.77922,43.26129],[-2.77912,43.2614],[-2.77904,43.26144],[-2.77893,43.26144],[-2.77878,43.2614],[-2.77871,43.26137],[-2.77857,43.26134],[-2.77853,43.26135]]}},{"type":"Feature","properties":{"id":216214834,"highway":"unclassified","nombre":"Belarrinaga auzoa"},"geometry":{"type":"LineString","coordinates":[[-2.78535,43.26588],[-2.7845,43.26539],[-2.78373,43.26503],[-2.78218,43.26438],[-2.7815,43.26408],[-2.78129,43.264],[-2.78077,43.26386],[-2.78055,43.26379],[-2.78038,43.2637],[-2.77957,43.26306],[-2.77943,43.26291],[-2.77935,43.26277],[-2.77918,43.26252],[-2.77901,43.26221],[-2.77895,43.26204],[-2.77882,43.26172],[-2.77853,43.26135],[-2.77814,43.26088],[-2.7776,43.26064],[-2.77744,43.26055],[-2.77698,43.25998]]}},{"type":"Feature","properties":{"id":216214835,"highway":"service"},"geometry":{"type":"LineString","coordinates":[[-2.77871,43.25717],[-2.77859,43.25722],[-2.77848,43.25729],[-2.77841,43.25736]]}},{"type":"Feature","properties":{"id":216214836,"highway":"service"},"geometry":{"type":"LineString","coordinates":[[-2.77918,43.25777],[-2.77901,43.25777],[-2.77893,43.25772],[-2.77888,43.25765],[-2.7788,43.2574]]}},{"type":"Feature","properties":{"id":216214837,"highway":"service"},"geometry":{"type":"LineString","coordinates":[[-2.77806,43.25731],[-2.77815,43.25735],[-2.77833,43.25741]]}},{"type":"Feature","properties":{"id":216214838,"highway":"service","nombre":"Belarrinaga auzoa"},"geometry":{"type":"LineString","coordinates":[[-2.77897,43.26037],[-2.77897,43.26033],[-2.7786,43.26025],[-2.77848,43.26024],[-2.77826,43.26023],[-2.7782,43.26024]]}},{"type":"Feature","properties":{"id":216214839,"highway":"service","nombre":"Belarrinaga auzoa"},"geometry":{"type":"LineString","coordinates":[[-2.77839,43.25926],[-2.77843,43.25942],[-2.77837,43.25962],[-2.77828,43.25977],[-2.77821,43.25993],[-2.7782,43.26024],[-2.77819,43.26047],[-2.77819,43.26081],[-2.77814,43.26088]]}},{"type":"Feature","properties":{"id":216236087,"highway":"service","nombre":"Basara auzoa"},"geometry":{"type":"LineString","coordinates":[[-2.78515,43.25534],[-2.78533,43.25549],[-2.78535,43.25552],[-2.78545,43.25566],[-2.78555,43.25586],[-2.78559,43.25593],[-2.78564,43.25598],[-2.78585,43.2561],[-2.78587,43.25614],[-2.78588,43.25619],[-2.78589,43.25626],[-2.78589,43.25628]]}},{"type":"Feature","properties":{"id":216236088,"highway":"service","nombre":"Basara auzoa"},"geometry":{"type":"LineString","coordinates":[[-2.78546,43.25619],[-2.78541,43.25638],[-2.78522,43.25685],[-2.78519,43.25695],[-2.78512,43.25702],[-2.785,43.25704],[-2.78451,43.25711],[-2.78461,43.25734],[-2.78462,43.25739],[-2.78458,43.25742],[-2.78461,43.25751]]}},{"type":"Feature","properties":{"id":216236089,"highway":"service","nombre":"Erkinko auzoa"},"geometry":{"type":"LineString","coordinates":[[-2.77029,43.27043],[-2.77027,43.27046],[-2.77018,43.27053],[-2.77008,43.2706],[-2.76997,43.27071],[-2.76997,43.27079],[-2.77003,43.27087],[-2.77016,43.27096],[-2.7702,43.27096],[-2.77043,43.27086],[-2.77045,43.27084],[-2.77039,43.27073],[-2.77038,43.27063],[-2.77033,43.27054],[-2.77029,43.27043],[-2.77043,43.27009],[-2.77043,43.27005],[-2.77042,43.27001]]}},{"type":"Feature","properties":{"id":216236090,"highway":"service","nombre":"Basara auzoa"},"geometry":{"type":"LineString","coordinates":[[-2.79321,43.25777],[-2.79321,43.25756],[-2.79317,43.25752],[-2.79308,43.25748],[-2.79258,43.25735],[-2.79194,43.25721],[-2.79183,43.25722],[-2.79179,43.25724],[-2.79162,43.2574],[-2.79153,43.25758],[-2.79145,43.25814],[-2.79145,43.2582],[-2.79141,43.2584],[-2.79139,43.25847],[-2.79138,43.2586],[-2.79138,43.25869],[-2.79143,43.25888],[-2.79143,43.25897],[-2.79136,43.25917],[-2.79135,43.25922],[-2.79132,43.25927]]}},{"type":"Feature","properties":{"id":216236091,"highway":"service"},"geometry":{"type":"LineString","coordinates":[[-2.79292,43.26031],[-2.79264,43.2601]]}},{"type":"Feature","properties":{"id":216236092,"highway":"service"},"geometry":{"type":"LineString","coordinates":[[-2.7879,43.25703],[-2.78787,43.25698]]}},{"type":"Feature","properties":{"id":216236093,"highway":"service"},"geometry":{"type":"LineString","coordinates":[[-2.78724,43.25659],[-2.78721,43.25651]]}},{"type":"Feature","properties":{"id":216236094,"highway":"service"},"geometry":{"type":"LineString","coordinates":[[-2.78793,43.25768],[-2.78796,43.25776]]}},{"type":"Feature","properties":{"id":216236095,"highway":"service"},"geometry":{"type":"LineString","coordinates":[[-2.79309,43.26076],[-2.79297,43.26069]]}},{"type":"Feature","properties":{"id":216236096,"highway":"service"},"geometry":{"type":"LineString","coordinates":[[-2.7796,43.25407],[-2.77946,43.25419]]}},{"type":"Feature","properties":{"id":216236097,"highway":"service"},"geometry":{"type":"LineString","coordinates":[[-2.78074,43.26614],[-2.78058,43.26611],[-2.7805,43.2663]]}},{"type":"Feature","properties":{"id":216236098,"highway":"service"},"geometry":{"type":"LineString","coordinates":[[-2.79055,43.25922],[-2.79073,43.25895],[-2.79076,43.25893]]}},{"type":"Feature","properties":{"id":216236099,"highway":"service"},"geometry":{"type":"LineString","coordinates":[[-2.78654,43.25642],[-2.78658,43.25647],[-2.78657,43.2565]]}},{"type":"Feature","properties":{"id":216236100,"highway":"service"},"geometry":{"type":"LineString","coordinates":[[-2.78019,43.25364],[-2.77999,43.2537],[-2.77995,43.2537]]}},{"type":"Feature","properties":{"id":216236101,"highway":"service"},"geometry":{"type":"LineString","coordinates":[[-2.78781,43.25721],[-2.7879,43.25703],[-2.78798,43.25701]]}},{"type":"Feature","properties":{"id":216236102,"highway":"service"},"geometry":{"type":"LineString","coordinates":[[-2.77929,43.25201],[-2.77918,43.25193],[-2.77918,43.25191]]}},{"type":"Feature","properties":{"id":216236103,"highway":"service","nombre":"Basara auzoa"},"geometry":{"type":"LineString","coordinates":[[-2.79112,43.25778],[-2.79143,43.25814],[-2.79145,43.25814]]}},{"type":"Feature","properties":{"id":216236104,"highway":"service"},"geometry":{"type":"LineString","coordinates":[[-2.78733,43.25653],[-2.78724,43.25659],[-2.78716,43.25678]]}},{"type":"Feature","properties":{"id":216236105,"highway":"service","nombre":"Erkinko auzoa"},"geometry":{"type":"LineString","coordinates":[[-2.76368,43.27146],[-2.76385,43.27143],[-2.76402,43.2714],[-2.76411,43.27137],[-2.76434,43.27124],[-2.76449,43.27117],[-2.76461,43.27113],[-2.76474,43.27112],[-2.7649,43.27112],[-2.76502,43.27114],[-2.7652,43.27118],[-2.76534,43.27122],[-2.76553,43.27129],[-2.76563,43.2713],[-2.76577,43.2713],[-2.7659,43.27128],[-2.76599,43.27123],[-2.76604,43.27119],[-2.7661,43.27111],[-2.76616,43.27103],[-2.76626,43.27087],[-2.76653,43.2705],[-2.76663,43.27038],[-2.76675,43.27022],[-2.76687,43.27006],[-2.76702,43.26991],[-2.76711,43.26985],[-2.76722,43.26981],[-2.76733,43.26978],[-2.76788,43.26972],[-2.76807,43.26972],[-2.76823,43.26972],[-2.76833,43.26971],[-2.7684,43.26969],[-2.76848,43.26965],[-2.76853,43.26961],[-2.76863,43.26952],[-2.76883,43.26936],[-2.76885,43.26932]]}},{"type":"Feature","properties":{"id":216236107,"highway":"service","nombre":"Erkinko auzoa"},"geometry":{"type":"LineString","coordinates":[[-2.77384,43.26798],[-2.77385,43.26769],[-2.77366,43.26767],[-2.77358,43.26747],[-2.77355,43.26739],[-2.77348,43.26726]]}},{"type":"Feature","properties":{"id":216236108,"highway":"service"},"geometry":{"type":"LineString","coordinates":[[-2.78791,43.25776],[-2.78796,43.25776],[-2.78846,43.25775],[-2.7885,43.25772]]}},{"type":"Feature","properties":{"id":216236109,"highway":"service"},"geometry":{"type":"LineString","coordinates":[[-2.79322,43.26019],[-2.79296,43.2603],[-2.79292,43.26031],[-2.79291,43.26034]]}},{"type":"Feature","properties":{"id":216236110,"highway":"service","nombre":"Basara auzoa"},"geometry":{"type":"LineString","coordinates":[[-2.78534,43.25872],[-2.78526,43.25875],[-2.78508,43.25882],[-2.78439,43.25915],[-2.78439,43.25924],[-2.7844,43.25931],[-2.78433,43.25944],[-2.78427,43.25949],[-2.78418,43.25952],[-2.78406,43.25952],[-2.78396,43.25946],[-2.78376,43.25936],[-2.78351,43.25925],[-2.78316,43.25916],[-2.78285,43.25914],[-2.78287,43.25886]]}},{"type":"Feature","properties":{"id":216236111,"highway":"unclassified"},"geometry":{"type":"LineString","coordinates":[[-2.78941,43.25987],[-2.79034,43.25949],[-2.79047,43.25955],[-2.79075,43.2597]]}},{"type":"Feature","properties":{"id":216236112,"highway":"service","nombre":"Erkinko auzoa"},"geometry":{"type":"LineString","coordinates":[[-2.77106,43.26622],[-2.77083,43.26605],[-2.77065,43.26594],[-2.77057,43.26585],[-2.77057,43.2658],[-2.7706,43.26575],[-2.77067,43.26573],[-2.77143,43.2656],[-2.77176,43.26553],[-2.77188,43.2655],[-2.77196,43.26549],[-2.7723,43.26549],[-2.77249,43.26544],[-2.77262,43.26539],[-2.77272,43.26535],[-2.77283,43.26528],[-2.77292,43.26519],[-2.77309,43.26508],[-2.77333,43.26501],[-2.77352,43.26493],[-2.77377,43.26479],[-2.77389,43.26472],[-2.77405,43.26467],[-2.77419,43.26466],[-2.7744,43.26467],[-2.77456,43.26469],[-2.7747,43.26474],[-2.77486,43.2648],[-2.77502,43.26483],[-2.77535,43.26483],[-2.77569,43.26485],[-2.77587,43.26484],[-2.77606,43.2648],[-2.77628,43.26474],[-2.77642,43.26467],[-2.77657,43.26463],[-2.77665,43.26465],[-2.77724,43.26492],[-2.77754,43.26504],[-2.77815,43.2654],[-2.7787,43.26571],[-2.77908,43.26594],[-2.77928,43.26605],[-2.77948,43.26612],[-2.77976,43.26621],[-2.77976,43.26623]]}},{"type":"Feature","properties":{"id":216236113,"highway":"service","nombre":"Basara auzoa"},"geometry":{"type":"LineString","coordinates":[[-2.79205,43.26008],[-2.79159,43.25995],[-2.79105,43.25981],[-2.79087,43.25976],[-2.79075,43.2597]]}},{"type":"Feature","properties":{"id":216236114,"highway":"service"},"geometry":{"type":"LineString","coordinates":[[-2.79278,43.26082],[-2.79295,43.26071],[-2.79297,43.26069],[-2.79306,43.26062],[-2.79318,43.26051]]}},{"type":"Feature","properties":{"id":216236115,"highway":"service"},"geometry":{"type":"LineString","coordinates":[[-2.78663,43.25724],[-2.78669,43.25726],[-2.78674,43.25728],[-2.78702,43.25703],[-2.78724,43.25683]]}},{"type":"Feature","properties":{"id":216236116,"highway":"service"},"geometry":{"type":"LineString","coordinates":[[-2.76856,43.26913],[-2.76853,43.2692],[-2.76868,43.26926],[-2.76873,43.26931],[-2.76879,43.26931]]}},{"type":"Feature","properties":{"id":216236117,"highway":"service","nombre":"Basara auzoa"},"geometry":{"type":"LineString","coordinates":[[-2.78858,43.25779],[-2.7885,43.25784],[-2.78838,43.25792],[-2.78822,43.25804],[-2.78817,43.25806],[-2.7881,43.25806],[-2.78802,43.25803],[-2.7879,43.25798],[-2.78767,43.25787],[-2.78757,43.25787],[-2.78709,43.25805],[-2.78699,43.25811],[-2.78678,43.25824],[-2.78669,43.25828],[-2.7865,43.25833],[-2.78619,43.25838],[-2.786,43.2584],[-2.78577,43.25845],[-2.78565,43.2585],[-2.78539,43.25869],[-2.78534,43.25872],[-2.78541,43.25877],[-2.78547,43.25883],[-2.78551,43.2589],[-2.78556,43.25906],[-2.78563,43.25949],[-2.78563,43.25958],[-2.7856,43.25964],[-2.78551,43.25974],[-2.78542,43.25984],[-2.78543,43.2599],[-2.78548,43.25994],[-2.78574,43.26001],[-2.78582,43.26006],[-2.78587,43.26013],[-2.78593,43.26023],[-2.78601,43.26033],[-2.78613,43.26045],[-2.78615,43.26052],[-2.78615,43.2606],[-2.78612,43.26071],[-2.78607,43.2608],[-2.78594,43.26105],[-2.78589,43.2611],[-2.78584,43.26111],[-2.78565,43.26114],[-2.78559,43.26117],[-2.78559,43.26122],[-2.78593,43.26177],[-2.78593,43.26181],[-2.78592,43.26186],[-2.78571,43.26204],[-2.78565,43.26207],[-2.78558,43.26207],[-2.78551,43.26204],[-2.78394,43.2613]]}},{"type":"Feature","properties":{"id":216236118,"highway":"residential","nombre":"Mugarra kalea","izena_eu":"Mugarra kalea","nombre_es":"Calle Mugarra"},"geometry":{"type":"LineString","coordinates":[[-2.79358,43.26074],[-2.79345,43.26066],[-2.79318,43.26051],[-2.79298,43.26037],[-2.79291,43.26034]]}},{"type":"Feature","properties":{"id":216236119,"highway":"service","nombre":"Erkinko auzoa"},"geometry":{"type":"LineString","coordinates":[[-2.76893,43.26932],[-2.76896,43.2694],[-2.76971,43.26975],[-2.76991,43.26984],[-2.7701,43.26991],[-2.77035,43.26998],[-2.77042,43.27001]]}},{"type":"Feature","properties":{"id":216236120,"highway":"service"},"geometry":{"type":"LineString","coordinates":[[-2.77129,43.27014],[-2.77111,43.27009],[-2.77093,43.27007],[-2.77075,43.27002],[-2.77062,43.27],[-2.77045,43.26999],[-2.77042,43.27001]]}},{"type":"Feature","properties":{"id":216236121,"highway":"service"},"geometry":{"type":"LineString","coordinates":[[-2.7919,43.26144],[-2.79197,43.26139],[-2.79202,43.2613],[-2.79205,43.2607],[-2.79208,43.26043],[-2.79208,43.26032],[-2.79205,43.26008]]}},{"type":"Feature","properties":{"id":216236122,"highway":"living_street","nombre":"Jauregi Apezpikua kalea","izena_eu":"Jauregi Apezpikua kalea","nombre_es":"Calle del Arzobispo Jauregi"},"geometry":{"type":"LineString","coordinates":[[-2.7837,43.26714],[-2.7836,43.26712],[-2.78355,43.26711],[-2.78353,43.26711],[-2.78328,43.26715],[-2.78283,43.26727]]}},{"type":"Feature","properties":{"id":216236123,"highway":"service","nombre":"Basara auzoa"},"geometry":{"type":"LineString","coordinates":[[-2.78798,43.25906],[-2.78824,43.25898],[-2.78831,43.25894],[-2.78844,43.25892],[-2.78855,43.25891],[-2.78856,43.25887],[-2.78855,43.25883],[-2.78853,43.25867],[-2.78854,43.2586],[-2.78862,43.25853],[-2.78922,43.25811]]}},{"type":"Feature","properties":{"id":233231744,"highway":"tertiary","ref":"BI-3102"},"geometry":{"type":"LineString","coordinates":[[-2.77309,43.28259],[-2.77327,43.28276],[-2.77384,43.2833],[-2.77392,43.28351],[-2.77394,43.28371],[-2.774,43.28399],[-2.77409,43.28416],[-2.77423,43.28432],[-2.77443,43.28444],[-2.77468,43.28455],[-2.7749,43.28458],[-2.77558,43.28457],[-2.77584,43.28461],[-2.77608,43.28468],[-2.77636,43.28483],[-2.777,43.28524]]}},{"type":"Feature","properties":{"id":233231746,"highway":"tertiary","ref":"BI-3102","puente":"yes"},"geometry":{"type":"LineString","coordinates":[[-2.777,43.28524],[-2.77707,43.28529]]}},{"type":"Feature","properties":{"id":233231749,"highway":"tertiary","nombre":"Astoreka auzoa","ref":"BI-3102"},"geometry":{"type":"LineString","coordinates":[[-2.77403,43.27875],[-2.77408,43.27884],[-2.77409,43.27885],[-2.7741,43.27887],[-2.7741,43.27889],[-2.7741,43.27891],[-2.77409,43.27893],[-2.77408,43.27895],[-2.77406,43.27897],[-2.77404,43.27898],[-2.77372,43.27917],[-2.77333,43.27945],[-2.77286,43.27985],[-2.77264,43.28006],[-2.77247,43.28013],[-2.77215,43.28017],[-2.77154,43.28024],[-2.77107,43.28035],[-2.77078,43.28047],[-2.77051,43.28068],[-2.77048,43.28074],[-2.77046,43.28081],[-2.77052,43.28096],[-2.77055,43.28098],[-2.77078,43.28106],[-2.77169,43.28138],[-2.77213,43.28173],[-2.77309,43.28259]]}},{"type":"Feature","properties":{"id":233231753,"highway":"tertiary","ref":"BI-3102"},"geometry":{"type":"LineString","coordinates":[[-2.77707,43.28529],[-2.7772,43.28537],[-2.77755,43.28559],[-2.77861,43.28639],[-2.77875,43.28648]]}},{"type":"Feature","properties":{"id":233231767,"highway":"service"},"geometry":{"type":"LineString","coordinates":[[-2.76919,43.28089],[-2.7692,43.28089],[-2.76927,43.28088],[-2.7693,43.28088],[-2.76932,43.28088],[-2.76934,43.28088],[-2.76937,43.28088],[-2.76949,43.2809],[-2.76951,43.2809],[-2.76955,43.28091],[-2.7696,43.28092],[-2.7697,43.28093],[-2.76971,43.28093],[-2.76976,43.28092],[-2.76981,43.28091],[-2.76991,43.28089],[-2.76994,43.28089],[-2.77,43.28089],[-2.77008,43.28088]]}},{"type":"Feature","properties":{"id":233231770,"highway":"service"},"geometry":{"type":"LineString","coordinates":[[-2.79478,43.28934],[-2.79478,43.28934],[-2.79483,43.28932],[-2.79495,43.28931],[-2.79498,43.28931],[-2.79511,43.28933],[-2.79513,43.28933],[-2.79524,43.28937],[-2.79548,43.28947],[-2.79574,43.28958],[-2.79577,43.2896],[-2.79585,43.28962],[-2.79601,43.28965],[-2.79605,43.28966],[-2.79633,43.28968]]}},{"type":"Feature","properties":{"id":233231772,"highway":"service"},"geometry":{"type":"LineString","coordinates":[[-2.77005,43.28128],[-2.77006,43.28128],[-2.77008,43.28128],[-2.77009,43.28128],[-2.77013,43.28126],[-2.77015,43.28125],[-2.77018,43.28123],[-2.77018,43.28122],[-2.77019,43.28121],[-2.77019,43.2812],[-2.7702,43.28119],[-2.7702,43.28118],[-2.7702,43.28117],[-2.7702,43.28116],[-2.77019,43.28114],[-2.77017,43.2811],[-2.77015,43.28107],[-2.77015,43.28105],[-2.77014,43.28103],[-2.77014,43.28101],[-2.77014,43.28098],[-2.77014,43.28094],[-2.77014,43.28093],[-2.77008,43.28088]]}},{"type":"Feature","properties":{"id":233231775,"highway":"service"},"geometry":{"type":"LineString","coordinates":[[-2.77118,43.28425],[-2.7712,43.2843],[-2.77124,43.28432],[-2.77127,43.28432],[-2.77127,43.28432],[-2.7713,43.28431],[-2.77135,43.28428],[-2.77153,43.28416],[-2.77179,43.28401],[-2.77195,43.28391],[-2.77209,43.28381],[-2.77228,43.28367],[-2.77247,43.28354],[-2.77266,43.28341],[-2.77283,43.28328],[-2.77286,43.28326],[-2.7729,43.28322],[-2.77313,43.28307],[-2.77315,43.28305],[-2.77319,43.28302],[-2.77319,43.28301],[-2.7732,43.28298],[-2.7732,43.28296],[-2.7732,43.28295],[-2.7732,43.28292],[-2.77319,43.28291],[-2.77318,43.28287],[-2.77313,43.28278],[-2.77311,43.28274],[-2.77309,43.28259]]}},{"type":"Feature","properties":{"id":233231776,"highway":"service"},"geometry":{"type":"LineString","coordinates":[[-2.79792,43.291],[-2.79785,43.29095],[-2.7978,43.2909],[-2.79767,43.29079],[-2.7975,43.29062],[-2.79741,43.29054],[-2.79737,43.29051],[-2.7973,43.29046],[-2.79722,43.2904],[-2.79708,43.29034],[-2.79699,43.2903],[-2.79694,43.29025],[-2.79688,43.29018],[-2.79681,43.29002],[-2.79671,43.28987],[-2.79659,43.28979],[-2.79653,43.28975],[-2.79645,43.2897],[-2.79633,43.28968]]}},{"type":"Feature","properties":{"id":233231785,"highway":"service"},"geometry":{"type":"LineString","coordinates":[[-2.77008,43.28088],[-2.77021,43.28085],[-2.77024,43.28084],[-2.77026,43.28084],[-2.77031,43.28083],[-2.77032,43.28082],[-2.77033,43.28082],[-2.77048,43.28074]]}},{"type":"Feature","properties":{"id":233573346,"highway":"secondary","ref":"BI-2713"},"geometry":{"type":"LineString","coordinates":[[-2.76132,43.28237],[-2.76121,43.28242],[-2.76112,43.28245],[-2.761,43.28247],[-2.7609,43.28246],[-2.7608,43.28243],[-2.76072,43.28239],[-2.7606,43.28229],[-2.76043,43.28216],[-2.76039,43.28213],[-2.76034,43.2821],[-2.76028,43.28208],[-2.76022,43.28207],[-2.76015,43.28206],[-2.76,43.28205],[-2.75934,43.28207],[-2.75924,43.28207],[-2.75918,43.28206],[-2.75913,43.28205],[-2.75907,43.28203],[-2.75902,43.282],[-2.75896,43.28195],[-2.75888,43.28185],[-2.75863,43.28132],[-2.75857,43.28124],[-2.75856,43.28122],[-2.75852,43.28117],[-2.75847,43.28113],[-2.75841,43.28108],[-2.75834,43.28105],[-2.75824,43.28101],[-2.7581,43.28097],[-2.75791,43.28094],[-2.75742,43.2809],[-2.75725,43.28087],[-2.75707,43.28083],[-2.75694,43.28078],[-2.75684,43.28072],[-2.75676,43.28064],[-2.75671,43.28054],[-2.75669,43.28042],[-2.75666,43.28005],[-2.75663,43.27993],[-2.75657,43.27985],[-2.75648,43.27981],[-2.75634,43.27979],[-2.75625,43.2798],[-2.75622,43.27982],[-2.75617,43.27985],[-2.75613,43.2799],[-2.7561,43.27998],[-2.75612,43.28008],[-2.75625,43.28027],[-2.75628,43.28038],[-2.75629,43.28046],[-2.75627,43.28054],[-2.75616,43.2808],[-2.75615,43.2809],[-2.75617,43.28099],[-2.7562,43.28108],[-2.75631,43.28118],[-2.75683,43.28147],[-2.75696,43.28155],[-2.75707,43.28162],[-2.75717,43.28171],[-2.75725,43.2818],[-2.7573,43.2819],[-2.75734,43.28199],[-2.75737,43.28213],[-2.75747,43.28302],[-2.75752,43.28336]]}},{"type":"Feature","properties":{"id":233918719,"highway":"secondary","ref":"BI-2713","oneway":"yes"},"geometry":{"type":"LineString","coordinates":[[-2.79291,43.26517],[-2.79303,43.26509],[-2.79316,43.26496],[-2.79326,43.26483],[-2.79331,43.26476],[-2.79337,43.26466],[-2.79343,43.26453],[-2.79347,43.26441],[-2.79352,43.26422],[-2.79353,43.26417],[-2.79354,43.26401],[-2.79354,43.2639]]}},{"type":"Feature","properties":{"id":233918721,"highway":"secondary","ref":"BI-2713","oneway":"yes"},"geometry":{"type":"LineString","coordinates":[[-2.79248,43.26217],[-2.79251,43.26227],[-2.79261,43.26243],[-2.79274,43.26262],[-2.7929,43.26281],[-2.79305,43.263],[-2.79321,43.26323],[-2.79328,43.26336],[-2.79335,43.26351],[-2.79339,43.26363],[-2.79343,43.2638],[-2.79344,43.26387]]}},{"type":"Feature","properties":{"id":233918723,"highway":"secondary","nombre":"Astoreka auzoa","ref":"BI-2713"},"geometry":{"type":"LineString","coordinates":[[-2.78389,43.27204],[-2.78289,43.2738],[-2.78269,43.27414],[-2.78252,43.27437],[-2.7824,43.27452],[-2.78223,43.2747],[-2.78204,43.27487],[-2.78187,43.27501],[-2.78168,43.27514],[-2.78145,43.27529],[-2.78119,43.27543],[-2.78095,43.27554],[-2.78084,43.27558],[-2.78061,43.27566],[-2.78051,43.2757],[-2.78036,43.27575],[-2.77984,43.2759]]}},{"type":"Feature","properties":{"id":233918729,"highway":"secondary","ref":"BI-2713"},"geometry":{"type":"LineString","coordinates":[[-2.79268,43.26535],[-2.79276,43.26529],[-2.79288,43.2652],[-2.79291,43.26517]]}},{"type":"Feature","properties":{"id":233918730,"highway":"secondary","nombre":"Astoreka auzoa","ref":"BI-2713"},"geometry":{"type":"LineString","coordinates":[[-2.77984,43.2759],[-2.77972,43.27593],[-2.77964,43.27595],[-2.77953,43.27596],[-2.7794,43.27594],[-2.77929,43.2759],[-2.77921,43.27583],[-2.77913,43.27573],[-2.77899,43.27545],[-2.77894,43.27536],[-2.77888,43.27529],[-2.77879,43.27523],[-2.7787,43.2752],[-2.77858,43.27517],[-2.77844,43.27516],[-2.77831,43.27517],[-2.77815,43.27519],[-2.77787,43.27522],[-2.77758,43.27528],[-2.77711,43.2754],[-2.77672,43.27551],[-2.77629,43.27562],[-2.77586,43.27573],[-2.77572,43.27578],[-2.77563,43.27582],[-2.77552,43.27589],[-2.77544,43.27595],[-2.77536,43.27602],[-2.77529,43.27611],[-2.77525,43.27617],[-2.7752,43.27626],[-2.77518,43.27634],[-2.77517,43.27642],[-2.77517,43.27649],[-2.77517,43.27658],[-2.77518,43.27665],[-2.77532,43.27711],[-2.77534,43.27721],[-2.77534,43.2773],[-2.77533,43.27738],[-2.77528,43.27746],[-2.77519,43.27754],[-2.77473,43.27791],[-2.77462,43.27802],[-2.77454,43.27809],[-2.77446,43.27818],[-2.77437,43.27828],[-2.77427,43.27841]]}},{"type":"Feature","properties":{"id":233918735,"highway":"secondary","nombre":"Jauregi Apezpikua kalea","ref":"BI-2713"},"geometry":{"type":"LineString","coordinates":[[-2.78437,43.26736],[-2.78425,43.26742],[-2.78412,43.26748],[-2.78391,43.26758],[-2.78373,43.26769],[-2.78366,43.26775],[-2.7836,43.26782],[-2.78357,43.26789],[-2.7835,43.26805],[-2.78344,43.26823],[-2.7834,43.2683],[-2.78337,43.26836],[-2.78332,43.26843],[-2.78326,43.26851],[-2.78302,43.26884],[-2.78295,43.26893],[-2.78291,43.269],[-2.78289,43.26906],[-2.78288,43.26912],[-2.78288,43.26918],[-2.78289,43.26925],[-2.7829,43.26933],[-2.78299,43.26989],[-2.78308,43.27042],[-2.78311,43.27051],[-2.78315,43.27059],[-2.7832,43.27066],[-2.78327,43.27074],[-2.78347,43.27093]]}},{"type":"Feature","properties":{"id":233918736,"highway":"secondary","ref":"BI-2713","oneway":"yes"},"geometry":{"type":"LineString","coordinates":[[-2.79307,43.26496],[-2.79299,43.26507],[-2.79291,43.26517]]}},{"type":"Feature","properties":{"id":233918739,"highway":"secondary","ref":"BI-2713"},"geometry":{"type":"LineString","coordinates":[[-2.79231,43.26029],[-2.79228,43.2604],[-2.79224,43.26054],[-2.79221,43.26065],[-2.79219,43.26081],[-2.79218,43.26094],[-2.79218,43.26107],[-2.79219,43.26121],[-2.7922,43.26132],[-2.79222,43.26149],[-2.79226,43.26162],[-2.79229,43.26174],[-2.79233,43.26185],[-2.79238,43.26196],[-2.79242,43.26206],[-2.79248,43.26217]]}},{"type":"Feature","properties":{"id":233918744,"highway":"secondary","ref":"BI-2713","oneway":"yes"},"geometry":{"type":"LineString","coordinates":[[-2.79347,43.2636],[-2.79345,43.26351],[-2.7933,43.26321],[-2.79323,43.2631],[-2.79273,43.26247],[-2.79256,43.26225],[-2.79248,43.26217]]}},{"type":"Feature","properties":{"id":233918746,"highway":"tertiary","nombre":"Gaztelu auzoa","ref":"BI-3726"},"geometry":{"type":"LineString","coordinates":[[-2.79282,43.28528],[-2.79292,43.28529],[-2.79326,43.28522],[-2.79333,43.28521],[-2.79363,43.28522],[-2.79379,43.28524],[-2.79387,43.28524],[-2.79401,43.28522],[-2.79415,43.28517],[-2.79427,43.28511],[-2.79428,43.2851],[-2.79434,43.28508],[-2.7944,43.28506],[-2.79441,43.28506],[-2.79447,43.28505],[-2.79454,43.28505],[-2.79461,43.28505],[-2.79466,43.28506],[-2.79475,43.28508],[-2.79496,43.28513],[-2.79514,43.28516],[-2.79535,43.28517],[-2.79553,43.28516],[-2.79577,43.28512]]}},{"type":"Feature","properties":{"id":233918747,"highway":"unclassified","nombre":"Gaztelu auzoa"},"geometry":{"type":"LineString","coordinates":[[-2.78491,43.27282],[-2.78491,43.27301],[-2.78484,43.27356],[-2.78482,43.27378],[-2.7848,43.27413],[-2.7848,43.27414],[-2.7848,43.27418],[-2.78482,43.27423],[-2.78482,43.27423],[-2.78484,43.27426]]}},{"type":"Feature","properties":{"id":233918748,"highway":"unclassified","nombre":"Gaztelu auzoa"},"geometry":{"type":"LineString","coordinates":[[-2.78491,43.27282],[-2.7849,43.27266],[-2.7848,43.2724],[-2.78462,43.27208],[-2.7845,43.2719],[-2.78429,43.27166],[-2.7842,43.27161],[-2.78413,43.27159],[-2.78403,43.27158]]}},{"type":"Feature","properties":{"id":233918749,"highway":"service","nombre":"Ugalde auzoa"},"geometry":{"type":"LineString","coordinates":[[-2.78155,43.2719],[-2.78141,43.27176],[-2.78141,43.27172],[-2.78146,43.27168],[-2.78153,43.27165],[-2.7816,43.27164],[-2.78195,43.27145],[-2.78205,43.27142],[-2.78205,43.27142],[-2.78234,43.27137],[-2.78245,43.27136],[-2.78281,43.27131],[-2.78302,43.27124],[-2.78327,43.27114],[-2.78338,43.27107],[-2.7834,43.27105],[-2.78342,43.27103],[-2.78343,43.27101],[-2.78347,43.27093]]}},{"type":"Feature","properties":{"id":233918750,"highway":"service","nombre":"Ugalde auzoa"},"geometry":{"type":"LineString","coordinates":[[-2.77683,43.27374],[-2.77684,43.27369],[-2.77684,43.27367],[-2.77683,43.27364],[-2.77682,43.27359],[-2.77679,43.27354],[-2.77665,43.27341],[-2.77665,43.2734],[-2.77663,43.27337],[-2.77663,43.27335],[-2.77663,43.27325]]}},{"type":"Feature","properties":{"id":233918751,"highway":"service"},"geometry":{"type":"LineString","coordinates":[[-2.79307,43.26496],[-2.79304,43.26496],[-2.79298,43.26497],[-2.79292,43.26499],[-2.79288,43.265],[-2.79281,43.26503],[-2.79273,43.26506],[-2.79254,43.26511],[-2.79205,43.26522],[-2.79177,43.26529],[-2.79177,43.26529]]}},{"type":"Feature","properties":{"id":233918752,"highway":"residential","nombre":"Kaltzada kalea"},"geometry":{"type":"LineString","coordinates":[[-2.78272,43.26784],[-2.78275,43.26778],[-2.78285,43.26761],[-2.78287,43.26755],[-2.78287,43.26748],[-2.78287,43.26742],[-2.78287,43.26739],[-2.78286,43.26736],[-2.78284,43.26729],[-2.78283,43.26727]]}},{"type":"Feature","properties":{"id":233918753,"highway":"unclassified","nombre":"Gaztelu auzoa"},"geometry":{"type":"LineString","coordinates":[[-2.79209,43.28221],[-2.79168,43.28219],[-2.79142,43.28222],[-2.79104,43.28228],[-2.79074,43.2824],[-2.79068,43.28241],[-2.79062,43.28242],[-2.79056,43.28243],[-2.7905,43.28242],[-2.7905,43.28242],[-2.79038,43.2824],[-2.78991,43.28225],[-2.7898,43.28224]]}},{"type":"Feature","properties":{"id":233918754,"highway":"service","nombre":"Ugalde auzoa"},"geometry":{"type":"LineString","coordinates":[[-2.77809,43.27227],[-2.77834,43.27228],[-2.77852,43.27229],[-2.77853,43.27229],[-2.77856,43.2723],[-2.77859,43.27231],[-2.77861,43.27232],[-2.77863,43.27234],[-2.77865,43.27236],[-2.77866,43.27238],[-2.77867,43.27239],[-2.77867,43.27239],[-2.77867,43.27242]]}},{"type":"Feature","properties":{"id":233918755,"highway":"service","nombre":"Ugalde auzoa"},"geometry":{"type":"LineString","coordinates":[[-2.77683,43.27374],[-2.77668,43.2737],[-2.77652,43.27368],[-2.77642,43.2737],[-2.77634,43.27372],[-2.77613,43.27384],[-2.77598,43.27388],[-2.77537,43.27388],[-2.77519,43.27392],[-2.77493,43.27406],[-2.77468,43.27423],[-2.77422,43.27462],[-2.77401,43.27475],[-2.77378,43.27486],[-2.77324,43.27513]]}},{"type":"Feature","properties":{"id":233918756,"highway":"service"},"geometry":{"type":"LineString","coordinates":[[-2.79055,43.26312],[-2.79065,43.26314],[-2.79087,43.26317],[-2.79112,43.26321],[-2.7913,43.26323],[-2.79148,43.26325],[-2.79153,43.26325],[-2.79158,43.26326],[-2.79158,43.26326],[-2.79162,43.26328],[-2.79172,43.26338]]}},{"type":"Feature","properties":{"id":233918757,"highway":"service","nombre":"Gaztelu auzoa"},"geometry":{"type":"LineString","coordinates":[[-2.78528,43.27467],[-2.78531,43.27466],[-2.78557,43.27471],[-2.78597,43.27471],[-2.78619,43.2747],[-2.78635,43.27469],[-2.7867,43.27471],[-2.78708,43.27467],[-2.78745,43.27462],[-2.78747,43.27461],[-2.78751,43.2746],[-2.78754,43.27458],[-2.78757,43.27456],[-2.78759,43.27453],[-2.78761,43.27449],[-2.78764,43.27442]]}},{"type":"Feature","properties":{"id":233918758,"highway":"service","nombre":"Gaztelu auzoa"},"geometry":{"type":"LineString","coordinates":[[-2.78619,43.2747],[-2.78619,43.27466],[-2.78617,43.27459],[-2.78613,43.27446],[-2.7861,43.27438],[-2.78607,43.27429],[-2.78604,43.27422],[-2.78603,43.27418],[-2.78602,43.27416],[-2.78601,43.27413],[-2.78601,43.27411],[-2.78602,43.2741],[-2.78603,43.27407],[-2.78607,43.27406],[-2.78608,43.27406]]}},{"type":"Feature","properties":{"id":233918759,"highway":"service","nombre":"Gaztelu auzoa"},"geometry":{"type":"LineString","coordinates":[[-2.78554,43.28013],[-2.78517,43.28004],[-2.78475,43.27999],[-2.78419,43.27992],[-2.78405,43.27991],[-2.78399,43.27991],[-2.78398,43.27992],[-2.78397,43.27993],[-2.78395,43.27994],[-2.78394,43.27995],[-2.78393,43.27996],[-2.78393,43.27997],[-2.78393,43.27999],[-2.78393,43.28001],[-2.78394,43.28002],[-2.78395,43.28003],[-2.78399,43.28007]]}},{"type":"Feature","properties":{"id":233918760,"highway":"residential","nombre":"Jauregi Apezpikua kalea"},"geometry":{"type":"LineString","coordinates":[[-2.78348,43.26757],[-2.78347,43.26756],[-2.78345,43.26756],[-2.78343,43.26756],[-2.78342,43.26757],[-2.7834,43.26757],[-2.7834,43.26757],[-2.78311,43.26767],[-2.78272,43.26784]]}},{"type":"Feature","properties":{"id":233918761,"highway":"service","puente":"yes"},"geometry":{"type":"LineString","coordinates":[[-2.77324,43.27513],[-2.77317,43.27516]]}},{"type":"Feature","properties":{"id":233918762,"highway":"service","nombre":"Ugalde auzoa"},"geometry":{"type":"LineString","coordinates":[[-2.77873,43.27155],[-2.77837,43.27188]]}},{"type":"Feature","properties":{"id":233918763,"highway":"service"},"geometry":{"type":"LineString","coordinates":[[-2.78995,43.26617],[-2.78985,43.26603],[-2.7898,43.26598]]}},{"type":"Feature","properties":{"id":233918764,"highway":"service","puente":"yes"},"geometry":{"type":"LineString","coordinates":[[-2.78129,43.26899],[-2.78125,43.26904]]}},{"type":"Feature","properties":{"id":233918765,"highway":"service","nombre":"Ugalde auzoa"},"geometry":{"type":"LineString","coordinates":[[-2.75964,43.27621],[-2.75961,43.27624],[-2.75961,43.27624],[-2.75959,43.27626],[-2.75958,43.27628],[-2.75957,43.2763],[-2.75957,43.27632],[-2.75957,43.27634],[-2.75957,43.27634],[-2.75963,43.27652],[-2.75963,43.27656],[-2.75963,43.27661],[-2.75962,43.27665],[-2.75962,43.27666],[-2.7596,43.2767],[-2.75959,43.27672],[-2.75957,43.27674],[-2.75954,43.27678],[-2.75951,43.2768],[-2.75925,43.27699],[-2.75899,43.27712],[-2.75896,43.27719],[-2.7589,43.27727],[-2.75878,43.27733]]}},{"type":"Feature","properties":{"id":233918766,"highway":"service","nombre":"Ugalde auzoa"},"geometry":{"type":"LineString","coordinates":[[-2.77809,43.27227],[-2.77795,43.2725],[-2.77789,43.27269],[-2.77786,43.27298],[-2.7778,43.27309],[-2.77768,43.27318],[-2.77745,43.27333],[-2.77716,43.27353],[-2.77709,43.27362],[-2.77708,43.27365],[-2.77708,43.27368],[-2.77707,43.2737],[-2.77705,43.27373],[-2.77701,43.27375],[-2.77695,43.27376],[-2.77688,43.27375],[-2.77683,43.27374]]}},{"type":"Feature","properties":{"id":233918767,"highway":"service","nombre":"Gaztelu auzoa"},"geometry":{"type":"LineString","coordinates":[[-2.78691,43.27784],[-2.78692,43.27784],[-2.78695,43.27784],[-2.78697,43.27784],[-2.787,43.27783],[-2.78703,43.27782],[-2.78705,43.27781],[-2.78708,43.2778],[-2.78736,43.27758],[-2.78747,43.2775],[-2.78758,43.27741],[-2.78768,43.27732],[-2.78776,43.27727],[-2.78781,43.27724],[-2.7879,43.27719],[-2.78796,43.27717],[-2.78804,43.27714],[-2.78816,43.2771],[-2.78821,43.27708],[-2.7883,43.27706],[-2.78838,43.27703],[-2.78843,43.27701]]}},{"type":"Feature","properties":{"id":233918768,"highway":"tertiary","nombre":"Mikel Zarate kalea","izena_eu":"Mikel Zarate kalea","nombre_es":"Calle Mikel Zarate","oneway":"no"},"geometry":{"type":"LineString","coordinates":[[-2.79389,43.26347],[-2.79409,43.26328],[-2.79422,43.26312],[-2.79433,43.26296],[-2.79449,43.2627],[-2.79463,43.26247],[-2.79483,43.26209],[-2.79491,43.26199],[-2.79493,43.26198]]}},{"type":"Feature","properties":{"id":233918769,"highway":"service","nombre":"Gaztelu auzoa"},"geometry":{"type":"LineString","coordinates":[[-2.78764,43.27442],[-2.78758,43.27437],[-2.78757,43.27437],[-2.78755,43.27434],[-2.78754,43.27432],[-2.78753,43.27429],[-2.78752,43.27427],[-2.78753,43.27424],[-2.78754,43.27422],[-2.78755,43.27419],[-2.78757,43.27417],[-2.78757,43.27417],[-2.78763,43.27412],[-2.78763,43.27412],[-2.78765,43.27411],[-2.78766,43.27409],[-2.78766,43.27407],[-2.78767,43.27406],[-2.78766,43.27404],[-2.78766,43.27402],[-2.78765,43.27401],[-2.78763,43.27399],[-2.78762,43.27398],[-2.7876,43.27397],[-2.78759,43.27397],[-2.78756,43.27396]]}},{"type":"Feature","properties":{"id":233918770,"highway":"service"},"geometry":{"type":"LineString","coordinates":[[-2.77228,43.27524],[-2.77242,43.27532],[-2.7726,43.2754],[-2.77261,43.27541],[-2.77266,43.27544],[-2.77271,43.27547],[-2.77275,43.27551],[-2.77278,43.27555],[-2.7728,43.2756],[-2.7729,43.27589],[-2.77295,43.2761],[-2.77316,43.27655],[-2.77318,43.27661],[-2.77319,43.27663],[-2.77319,43.27666],[-2.77319,43.27666]]}},{"type":"Feature","properties":{"id":233918771,"highway":"service"},"geometry":{"type":"LineString","coordinates":[[-2.78785,43.26641],[-2.78787,43.26646],[-2.78797,43.26675],[-2.78797,43.26675],[-2.78798,43.26676],[-2.78799,43.26678],[-2.78801,43.2668],[-2.78803,43.26682],[-2.78805,43.26683],[-2.78808,43.26684],[-2.78811,43.26684],[-2.78812,43.26685],[-2.78831,43.26686],[-2.78853,43.2669],[-2.78854,43.2669],[-2.78859,43.26693],[-2.78862,43.26695],[-2.78869,43.267],[-2.7887,43.26701],[-2.78875,43.26704],[-2.7888,43.26706],[-2.78881,43.26707],[-2.78886,43.26708],[-2.7889,43.26708],[-2.78892,43.26708],[-2.78896,43.26708],[-2.78921,43.26708],[-2.78952,43.26704]]}},{"type":"Feature","properties":{"id":233918772,"highway":"service"},"geometry":{"type":"LineString","coordinates":[[-2.77106,43.27733],[-2.77109,43.27716],[-2.77112,43.27706],[-2.7712,43.27694],[-2.77124,43.27687],[-2.77126,43.27682],[-2.77127,43.2768],[-2.77128,43.27675],[-2.77129,43.27671],[-2.7713,43.27668],[-2.77132,43.27653],[-2.77132,43.27642],[-2.77133,43.27625],[-2.77133,43.27606],[-2.77133,43.27589],[-2.77133,43.27579],[-2.77134,43.27575],[-2.77135,43.2756],[-2.77136,43.27549],[-2.77137,43.2754],[-2.77137,43.27536],[-2.77138,43.27529],[-2.77138,43.27527],[-2.7714,43.27523]]}},{"type":"Feature","properties":{"id":233918773,"highway":"service"},"geometry":{"type":"LineString","coordinates":[[-2.78995,43.26617],[-2.79027,43.26623],[-2.7906,43.2664],[-2.79095,43.2666],[-2.79129,43.2668],[-2.79167,43.26705],[-2.79196,43.26726],[-2.79196,43.26726],[-2.792,43.2673],[-2.79202,43.26732],[-2.79207,43.26742],[-2.79218,43.26774],[-2.7923,43.26812],[-2.79231,43.26813],[-2.79232,43.26814],[-2.79232,43.26815],[-2.79233,43.26815],[-2.79234,43.26816],[-2.79235,43.26817],[-2.79237,43.26817],[-2.79239,43.26818],[-2.7924,43.26818],[-2.79246,43.26818],[-2.79254,43.26819],[-2.79259,43.26825],[-2.79265,43.26828],[-2.79269,43.2683],[-2.79271,43.26837]]}},{"type":"Feature","properties":{"id":233918774,"highway":"service","nombre":"Gaztelu auzoa"},"geometry":{"type":"LineString","coordinates":[[-2.78843,43.27701],[-2.78863,43.27698],[-2.78875,43.27698],[-2.78889,43.27703],[-2.78908,43.27708],[-2.78922,43.27711],[-2.7893,43.27716],[-2.78931,43.27716],[-2.78932,43.27716],[-2.78932,43.27716],[-2.78933,43.27716],[-2.78933,43.27716],[-2.78935,43.27715],[-2.78939,43.27712],[-2.78942,43.27707],[-2.78943,43.27706],[-2.78943,43.27706],[-2.78943,43.27705],[-2.78943,43.27704],[-2.78943,43.27704],[-2.78942,43.27703],[-2.78942,43.27702],[-2.78941,43.27702],[-2.78933,43.27697],[-2.78925,43.27688],[-2.78924,43.27675],[-2.78906,43.27662]]}},{"type":"Feature","properties":{"id":233918775,"highway":"service","nombre":"Gaztelu auzoa"},"geometry":{"type":"LineString","coordinates":[[-2.78528,43.27467],[-2.78517,43.27455],[-2.78484,43.27426]]}},{"type":"Feature","properties":{"id":233918776,"highway":"secondary_link","oneway":"yes"},"geometry":{"type":"LineString","coordinates":[[-2.79364,43.26351],[-2.79355,43.26354],[-2.79351,43.26356],[-2.79347,43.2636]]}},{"type":"Feature","properties":{"id":233918778,"highway":"secondary_link","oneway":"yes"},"geometry":{"type":"LineString","coordinates":[[-2.79389,43.26347],[-2.79384,43.26348],[-2.79375,43.26351],[-2.79364,43.26351]]}},{"type":"Feature","properties":{"id":233918779,"highway":"residential","nombre":"Jauregi Apezpikua kalea"},"geometry":{"type":"LineString","coordinates":[[-2.7836,43.26712],[-2.78355,43.267],[-2.78346,43.2668],[-2.78308,43.26691]]}},{"type":"Feature","properties":{"id":233918780,"highway":"secondary_link","oneway":"yes"},"geometry":{"type":"LineString","coordinates":[[-2.79368,43.26363],[-2.79369,43.26359],[-2.79368,43.26355],[-2.79364,43.26351]]}},{"type":"Feature","properties":{"id":233918781,"highway":"secondary_link","oneway":"yes"},"geometry":{"type":"LineString","coordinates":[[-2.79347,43.2636],[-2.79352,43.26363],[-2.79358,43.26364],[-2.79368,43.26363]]}},{"type":"Feature","properties":{"id":233918782,"highway":"service"},"geometry":{"type":"LineString","coordinates":[[-2.79014,43.26646],[-2.79006,43.26634],[-2.79005,43.26632],[-2.78995,43.26617]]}},{"type":"Feature","properties":{"id":233918783,"highway":"service","nombre":"Ugalde auzoa"},"geometry":{"type":"LineString","coordinates":[[-2.77809,43.27227],[-2.77827,43.27203],[-2.77837,43.27188]]}},{"type":"Feature","properties":{"id":233918784,"highway":"service"},"geometry":{"type":"LineString","coordinates":[[-2.76368,43.27146],[-2.76359,43.27142],[-2.76347,43.27137],[-2.76334,43.27133]]}},{"type":"Feature","properties":{"id":233918785,"highway":"service","nombre":"Gaztelu auzoa"},"geometry":{"type":"LineString","coordinates":[[-2.78491,43.27282],[-2.78477,43.27278],[-2.78424,43.27263]]}},{"type":"Feature","properties":{"id":233918786,"highway":"unclassified","puente":"yes"},"geometry":{"type":"LineString","coordinates":[[-2.78683,43.27783],[-2.78685,43.27784],[-2.78691,43.27784]]}},{"type":"Feature","properties":{"id":233918787,"highway":"service","nombre":"Ugalde auzoa"},"geometry":{"type":"LineString","coordinates":[[-2.77228,43.27524],[-2.7714,43.27523],[-2.77139,43.27523],[-2.7711,43.27524],[-2.77093,43.27527],[-2.77079,43.27529],[-2.77038,43.27536],[-2.77026,43.27539],[-2.77001,43.27544],[-2.7697,43.27552],[-2.76922,43.27568],[-2.76812,43.27602],[-2.76779,43.27613],[-2.76741,43.27626],[-2.7667,43.27648],[-2.76649,43.27652],[-2.76636,43.27651],[-2.76619,43.27651],[-2.76564,43.2764],[-2.76499,43.27632],[-2.76397,43.2762],[-2.7635,43.27619],[-2.76258,43.27617],[-2.76227,43.27618],[-2.76175,43.27622],[-2.76123,43.27626],[-2.76118,43.27626],[-2.76107,43.27626],[-2.76095,43.27626],[-2.76091,43.27625],[-2.76015,43.27617],[-2.75983,43.27616],[-2.75964,43.27621]]}},{"type":"Feature","properties":{"id":233918788,"highway":"service"},"geometry":{"type":"LineString","coordinates":[[-2.79232,43.26815],[-2.79233,43.2682],[-2.79234,43.2683],[-2.79234,43.26833],[-2.79235,43.26843],[-2.79235,43.26845],[-2.79236,43.26847],[-2.79237,43.26849],[-2.79237,43.2685],[-2.79238,43.26852],[-2.79239,43.26854],[-2.7924,43.26856],[-2.79244,43.26859],[-2.79247,43.26861],[-2.79256,43.26865],[-2.79257,43.26865],[-2.79259,43.26866],[-2.79261,43.26865],[-2.79264,43.26865],[-2.79265,43.26864],[-2.79266,43.26864],[-2.79269,43.26859],[-2.7927,43.26858],[-2.79271,43.26855],[-2.79271,43.26851],[-2.79271,43.26845],[-2.79271,43.26842],[-2.79271,43.26837]]}},{"type":"Feature","properties":{"id":233918789,"highway":"service","nombre":"Gaztelu auzoa"},"geometry":{"type":"LineString","coordinates":[[-2.78764,43.27442],[-2.78767,43.27439],[-2.78775,43.27438],[-2.7879,43.2744],[-2.78798,43.27439],[-2.78802,43.27439],[-2.78806,43.27438],[-2.78807,43.27438],[-2.7881,43.27436],[-2.78813,43.27434],[-2.78814,43.27434],[-2.78816,43.27431],[-2.78817,43.2743],[-2.78821,43.27423],[-2.78826,43.27414],[-2.78835,43.27411],[-2.78887,43.27401],[-2.78901,43.27397],[-2.78911,43.27393],[-2.78921,43.2739],[-2.78945,43.27388],[-2.78964,43.27385],[-2.78971,43.27383],[-2.78972,43.27383],[-2.78973,43.27382],[-2.78975,43.27381],[-2.78976,43.2738],[-2.78976,43.27379],[-2.78977,43.27378],[-2.78977,43.27377],[-2.78977,43.27376],[-2.78976,43.27375],[-2.78974,43.2737],[-2.7897,43.27361]]}},{"type":"Feature","properties":{"id":233918790,"highway":"service","nombre":"Ugalde auzoa"},"geometry":{"type":"LineString","coordinates":[[-2.77873,43.27155],[-2.77875,43.27159],[-2.77876,43.27161],[-2.77879,43.27169],[-2.77881,43.27178],[-2.77883,43.27183],[-2.77884,43.27186],[-2.77889,43.27199],[-2.77899,43.27221],[-2.77901,43.27227],[-2.77903,43.27231],[-2.77904,43.27235],[-2.77905,43.27241],[-2.77906,43.27245],[-2.77906,43.27248],[-2.77906,43.2725],[-2.77906,43.27257],[-2.77899,43.27259],[-2.77896,43.27259],[-2.77888,43.27259],[-2.77878,43.2726],[-2.77874,43.2726],[-2.77871,43.27257],[-2.7787,43.27256],[-2.77869,43.27254],[-2.77867,43.27248],[-2.77866,43.27244],[-2.77867,43.27243],[-2.77867,43.27242],[-2.77867,43.27242]]}},{"type":"Feature","properties":{"id":233918791,"highway":"unclassified","nombre":"Gaztelu auzoa"},"geometry":{"type":"LineString","coordinates":[[-2.78613,43.28033],[-2.78656,43.28046],[-2.78672,43.28048],[-2.78703,43.28048],[-2.78715,43.28051],[-2.78717,43.28051],[-2.7872,43.28051],[-2.78722,43.28051],[-2.78725,43.28051],[-2.78728,43.2805],[-2.7873,43.28048],[-2.78732,43.28047],[-2.78733,43.28046],[-2.78748,43.28031],[-2.78751,43.28029],[-2.78756,43.28025],[-2.78762,43.28022],[-2.78768,43.2802],[-2.78775,43.28019],[-2.78782,43.28018],[-2.78789,43.28018],[-2.78795,43.28019],[-2.78802,43.2802],[-2.78808,43.28022],[-2.78809,43.28023],[-2.78819,43.28027],[-2.78837,43.28043],[-2.78847,43.2806],[-2.78871,43.2811],[-2.78886,43.28149],[-2.78905,43.28178],[-2.78912,43.28187],[-2.78915,43.28191],[-2.78919,43.28195],[-2.78924,43.28198],[-2.78927,43.28199],[-2.78937,43.28204],[-2.7898,43.28224]]}},{"type":"Feature","properties":{"id":233918792,"highway":"service","nombre":"Gaztelu auzoa"},"geometry":{"type":"LineString","coordinates":[[-2.78843,43.27701],[-2.78863,43.27689],[-2.78889,43.27672],[-2.78906,43.27662]]}},{"type":"Feature","properties":{"id":233918793,"highway":"secondary_link","oneway":"yes"},"geometry":{"type":"LineString","coordinates":[[-2.79347,43.2636],[-2.79345,43.26366],[-2.79347,43.26383],[-2.79344,43.26387]]}},{"type":"Feature","properties":{"id":233918794,"highway":"unclassified","nombre":"Gaztelu auzoa"},"geometry":{"type":"LineString","coordinates":[[-2.78554,43.28013],[-2.78555,43.28013],[-2.78583,43.28024],[-2.78613,43.28033]]}},{"type":"Feature","properties":{"id":233918795,"highway":"residential","oneway":"no"},"geometry":{"type":"LineString","coordinates":[[-2.78311,43.26767],[-2.78301,43.26764],[-2.78292,43.2676],[-2.78287,43.26755]]}},{"type":"Feature","properties":{"id":233918796,"highway":"secondary_link","oneway":"yes"},"geometry":{"type":"LineString","coordinates":[[-2.79307,43.26496],[-2.79312,43.26495],[-2.79321,43.26485],[-2.79326,43.26483]]}},{"type":"Feature","properties":{"id":233918797,"highway":"secondary_link","oneway":"yes"},"geometry":{"type":"LineString","coordinates":[[-2.79368,43.26363],[-2.79378,43.26358],[-2.79387,43.26351],[-2.79389,43.26347]]}},{"type":"Feature","properties":{"id":233918798,"highway":"service","superficie":"asphalt"},"geometry":{"type":"LineString","coordinates":[[-2.75923,43.27287],[-2.75917,43.27292],[-2.75916,43.27294],[-2.75915,43.27296],[-2.75915,43.27297],[-2.75915,43.27299],[-2.75915,43.27301],[-2.75915,43.27303],[-2.75916,43.27305],[-2.75917,43.27306],[-2.75918,43.27308],[-2.75919,43.27309],[-2.7592,43.27311],[-2.75922,43.27312],[-2.75939,43.27324],[-2.75967,43.27343],[-2.75986,43.27354],[-2.75993,43.27358],[-2.75995,43.27359],[-2.75997,43.27361],[-2.75998,43.27363],[-2.75999,43.27364],[-2.75999,43.27367],[-2.76,43.27369],[-2.75999,43.27371],[-2.75999,43.27374],[-2.75997,43.27377],[-2.75995,43.27381],[-2.75993,43.27383],[-2.75989,43.27386],[-2.75984,43.27389],[-2.75982,43.2739],[-2.75978,43.27392],[-2.75973,43.27394],[-2.75956,43.27396],[-2.75908,43.27395],[-2.75896,43.27395],[-2.75894,43.27395],[-2.75892,43.27395]]}},{"type":"Feature","properties":{"id":233918799,"highway":"service","nombre":"Astoreka auzoa"},"geometry":{"type":"LineString","coordinates":[[-2.77419,43.27853],[-2.77429,43.27853],[-2.77451,43.27848],[-2.77473,43.27845],[-2.77495,43.27841],[-2.77513,43.2784],[-2.77525,43.27842],[-2.7756,43.27849],[-2.7757,43.27851],[-2.77587,43.27858],[-2.77599,43.27861],[-2.77618,43.27863],[-2.77631,43.27863],[-2.77639,43.27861]]}},{"type":"Feature","properties":{"id":233918800,"highway":"service","nombre":"Gaztelu auzoa"},"geometry":{"type":"LineString","coordinates":[[-2.78926,43.27542],[-2.78928,43.27545],[-2.78928,43.27546],[-2.78929,43.27547],[-2.7893,43.27548],[-2.78932,43.27548],[-2.78933,43.27549],[-2.78935,43.27549],[-2.78937,43.27549],[-2.78938,43.27549],[-2.78939,43.27549],[-2.78944,43.27548],[-2.78972,43.27539],[-2.78976,43.27538],[-2.78981,43.27537],[-2.78986,43.27538],[-2.7899,43.27539],[-2.78991,43.27539],[-2.78998,43.27541],[-2.79012,43.27545],[-2.79018,43.27549],[-2.79019,43.27549],[-2.79021,43.2755],[-2.79022,43.27551],[-2.79023,43.27553],[-2.79023,43.27554],[-2.79023,43.27556],[-2.79023,43.27557],[-2.79023,43.27558],[-2.79022,43.2756],[-2.79021,43.27561],[-2.79019,43.27562],[-2.79018,43.27563],[-2.79016,43.27563],[-2.79014,43.27564],[-2.79008,43.27564],[-2.79005,43.27565],[-2.79002,43.27566],[-2.78988,43.27573],[-2.78977,43.27585],[-2.78965,43.27598],[-2.78945,43.27625],[-2.78931,43.27641],[-2.7892,43.27652],[-2.78906,43.27662]]}},{"type":"Feature","properties":{"id":233918801,"highway":"residential","nombre":"Basara auzoa"},"geometry":{"type":"LineString","coordinates":[[-2.79207,43.26237],[-2.79189,43.26237],[-2.79187,43.26237],[-2.79176,43.26236],[-2.79167,43.26234],[-2.7915,43.2623],[-2.79143,43.26229],[-2.79135,43.26229],[-2.79124,43.2623],[-2.79108,43.26234],[-2.79106,43.26234],[-2.79102,43.26236],[-2.79098,43.26239],[-2.79097,43.26242],[-2.79096,43.26245],[-2.79098,43.26254],[-2.79097,43.26267],[-2.79089,43.26275],[-2.79079,43.2629],[-2.79071,43.263],[-2.79059,43.26309],[-2.79055,43.26312]]}},{"type":"Feature","properties":{"id":233918802,"highway":"service"},"geometry":{"type":"LineString","coordinates":[[-2.78095,43.27554],[-2.78089,43.2755],[-2.78077,43.27546],[-2.78068,43.27545],[-2.78062,43.27547],[-2.78053,43.2755],[-2.78043,43.27553],[-2.78027,43.27556],[-2.78021,43.27556],[-2.78017,43.27557],[-2.78011,43.27558],[-2.78005,43.27559],[-2.77999,43.2756],[-2.77996,43.27561],[-2.77989,43.27563],[-2.77983,43.27565],[-2.77979,43.27566],[-2.77975,43.27567],[-2.77972,43.27567],[-2.77969,43.27567],[-2.77966,43.27567],[-2.77962,43.27566],[-2.77958,43.27564],[-2.77954,43.27561],[-2.77953,43.27558],[-2.77952,43.27557],[-2.77951,43.27554],[-2.77951,43.27551],[-2.7795,43.27549],[-2.7795,43.27541],[-2.7795,43.27535],[-2.7795,43.27526],[-2.77951,43.27522],[-2.77951,43.27521],[-2.77952,43.27517],[-2.77949,43.27514],[-2.77946,43.27509],[-2.77939,43.27499],[-2.77936,43.27495],[-2.77929,43.27489]]}},{"type":"Feature","properties":{"id":233918803,"highway":"service"},"geometry":{"type":"LineString","coordinates":[[-2.77869,43.27553],[-2.7787,43.27551],[-2.77871,43.27547],[-2.77875,43.27545],[-2.7788,43.27545],[-2.77883,43.2755],[-2.77884,43.27553],[-2.77886,43.27557],[-2.77886,43.27563],[-2.77886,43.27568],[-2.77886,43.27573],[-2.77885,43.27579],[-2.77885,43.27581],[-2.77885,43.27584],[-2.77886,43.27587],[-2.77887,43.27589],[-2.77893,43.27597],[-2.77897,43.27601],[-2.77901,43.27605],[-2.77904,43.27607],[-2.77914,43.27615],[-2.77918,43.27617],[-2.77923,43.27619],[-2.77926,43.2762],[-2.77929,43.27621],[-2.77933,43.27622],[-2.77937,43.27623],[-2.77942,43.27623],[-2.77946,43.27622],[-2.77949,43.27621],[-2.77957,43.27618],[-2.7796,43.27617],[-2.77965,43.27613],[-2.7797,43.27609],[-2.77972,43.27607],[-2.77977,43.27603],[-2.77981,43.27597],[-2.77984,43.2759]]}},{"type":"Feature","properties":{"id":233918804,"highway":"secondary_link","oneway":"yes"},"geometry":{"type":"LineString","coordinates":[[-2.79321,43.26323],[-2.79326,43.26324],[-2.79336,43.26342],[-2.79342,43.26356],[-2.79347,43.2636]]}},{"type":"Feature","properties":{"id":233918805,"highway":"service"},"geometry":{"type":"LineString","coordinates":[[-2.79449,43.2627],[-2.79455,43.26272],[-2.79486,43.26281],[-2.79492,43.26285],[-2.795,43.26294],[-2.79502,43.26295]]}},{"type":"Feature","properties":{"id":233918806,"highway":"service"},"geometry":{"type":"LineString","coordinates":[[-2.77879,43.27523],[-2.7789,43.27509],[-2.77911,43.27499],[-2.77929,43.27489],[-2.77932,43.27488]]}},{"type":"Feature","properties":{"id":233918808,"highway":"secondary_link","oneway":"yes"},"geometry":{"type":"LineString","coordinates":[[-2.79354,43.2639],[-2.79359,43.26386],[-2.79359,43.26379],[-2.79362,43.26373],[-2.79368,43.26363]]}},{"type":"Feature","properties":{"id":233918809,"highway":"service","nombre":"Ugalde auzoa"},"geometry":{"type":"LineString","coordinates":[[-2.77317,43.27516],[-2.77314,43.27517],[-2.77295,43.27522],[-2.77279,43.27523],[-2.77228,43.27524]]}},{"type":"Feature","properties":{"id":233918810,"highway":"residential","puente":"yes"},"geometry":{"type":"LineString","coordinates":[[-2.79279,43.26225],[-2.79267,43.26227],[-2.79224,43.26234],[-2.79207,43.26237]]}},{"type":"Feature","properties":{"id":233918811,"highway":"secondary_link","oneway":"yes"},"geometry":{"type":"LineString","coordinates":[[-2.79364,43.26351],[-2.79357,43.26348],[-2.79349,43.26344],[-2.79345,43.26339],[-2.79335,43.26323],[-2.7933,43.26321]]}},{"type":"Feature","properties":{"id":233918812,"highway":"residential"},"geometry":{"type":"LineString","coordinates":[[-2.79342,43.26206],[-2.7933,43.26213],[-2.79319,43.26218],[-2.79308,43.26222],[-2.79299,43.26223],[-2.79291,43.26224],[-2.79279,43.26225]]}},{"type":"Feature","properties":{"id":233918814,"highway":"service","nombre":"Gaztelu auzoa"},"geometry":{"type":"LineString","coordinates":[[-2.78528,43.27467],[-2.78549,43.27491],[-2.78577,43.2752],[-2.78598,43.27543],[-2.78601,43.27547],[-2.78601,43.27548],[-2.78603,43.2755],[-2.78605,43.27554],[-2.78609,43.27561],[-2.7861,43.27565],[-2.78612,43.27569],[-2.78613,43.27573],[-2.78613,43.27576],[-2.78614,43.2758],[-2.78614,43.27583],[-2.78613,43.27588],[-2.78613,43.27597],[-2.78613,43.27602],[-2.78613,43.27607],[-2.78613,43.27612],[-2.78614,43.27617],[-2.78615,43.27621],[-2.78617,43.27625],[-2.78617,43.27627],[-2.7862,43.2763],[-2.78625,43.27632],[-2.78627,43.27633],[-2.7863,43.27634],[-2.78635,43.27635],[-2.7864,43.27636],[-2.78642,43.27637],[-2.78646,43.27639],[-2.78653,43.27643],[-2.78657,43.27646],[-2.7866,43.27649],[-2.78663,43.27652],[-2.78665,43.27655],[-2.78667,43.27658],[-2.78669,43.27662],[-2.7867,43.27665],[-2.78671,43.27669],[-2.78672,43.27681],[-2.78673,43.27694],[-2.78674,43.277],[-2.78674,43.27713],[-2.78674,43.27726],[-2.78674,43.27732],[-2.78674,43.27733],[-2.78672,43.27736],[-2.78671,43.2774],[-2.78669,43.27743],[-2.78669,43.27746],[-2.78668,43.27749],[-2.78667,43.27752],[-2.78667,43.27756],[-2.78667,43.27759],[-2.78667,43.27763],[-2.78668,43.27766],[-2.78667,43.27769],[-2.78668,43.27772],[-2.78669,43.27774],[-2.7867,43.27775],[-2.7867,43.27776],[-2.78673,43.27779],[-2.78678,43.27782],[-2.78682,43.27783],[-2.78683,43.27783]]}},{"type":"Feature","properties":{"id":233918815,"highway":"service"},"geometry":{"type":"LineString","coordinates":[[-2.76368,43.27146],[-2.76356,43.27152],[-2.76352,43.27154],[-2.76346,43.27158],[-2.76339,43.27163],[-2.76333,43.27171],[-2.76329,43.27175],[-2.76325,43.27178],[-2.7632,43.27179],[-2.76314,43.27181],[-2.76309,43.27182],[-2.76304,43.27183],[-2.76291,43.27183],[-2.76257,43.27183],[-2.76249,43.27183],[-2.76245,43.27183],[-2.76241,43.27183],[-2.76237,43.27183],[-2.76233,43.27184],[-2.7623,43.27184],[-2.76226,43.27185],[-2.76222,43.27186],[-2.76218,43.27187],[-2.76213,43.27189],[-2.76209,43.27191],[-2.76196,43.27197],[-2.76185,43.27202],[-2.76172,43.27206],[-2.76169,43.27207],[-2.76164,43.2721],[-2.76158,43.27213],[-2.76154,43.27216],[-2.76152,43.27218],[-2.76148,43.27222],[-2.76145,43.27226],[-2.76142,43.27231],[-2.76136,43.27238],[-2.76133,43.27241],[-2.7613,43.27242],[-2.76127,43.27243],[-2.76124,43.27244],[-2.76119,43.27244],[-2.76114,43.27244],[-2.76108,43.27244],[-2.76087,43.27242],[-2.76038,43.27237],[-2.76009,43.27232],[-2.76001,43.27231],[-2.75997,43.27231],[-2.75993,43.27231],[-2.75986,43.27232],[-2.75981,43.27233],[-2.75976,43.27235],[-2.75969,43.2724],[-2.75962,43.27247],[-2.75952,43.27257],[-2.75941,43.27271],[-2.75936,43.27276],[-2.75923,43.27287]]}},{"type":"Feature","properties":{"id":233918816,"highway":"residential","nombre":"Kaltzada kalea"},"geometry":{"type":"LineString","coordinates":[[-2.78272,43.26784],[-2.78251,43.26798],[-2.78241,43.26808]]}},{"type":"Feature","properties":{"id":233918817,"highway":"service","nombre":"Ugalde auzoa"},"geometry":{"type":"LineString","coordinates":[[-2.77837,43.27188],[-2.77798,43.27204],[-2.77744,43.27234],[-2.77721,43.27252],[-2.77701,43.27273],[-2.77688,43.2729],[-2.77675,43.27306]]}},{"type":"Feature","properties":{"id":233918818,"highway":"service"},"geometry":{"type":"LineString","coordinates":[[-2.791,43.28328],[-2.79107,43.28321],[-2.79108,43.2832],[-2.79116,43.28311],[-2.79117,43.28308],[-2.79119,43.28305],[-2.79124,43.28296]]}},{"type":"Feature","properties":{"id":233918819,"highway":"unclassified","nombre":"Gaztelu auzoa"},"geometry":{"type":"LineString","coordinates":[[-2.78484,43.27426],[-2.78483,43.27435],[-2.78489,43.2745],[-2.78502,43.27473],[-2.78521,43.27506],[-2.78537,43.27534],[-2.78544,43.27556],[-2.78546,43.27572],[-2.78546,43.27638],[-2.78544,43.27655],[-2.78539,43.27665],[-2.78505,43.27699],[-2.78491,43.27714],[-2.7849,43.27716],[-2.78487,43.2772],[-2.78487,43.27721],[-2.78486,43.27723],[-2.78486,43.27725],[-2.78486,43.27725],[-2.78486,43.27726],[-2.78486,43.27727],[-2.78487,43.27728],[-2.78488,43.27729],[-2.78489,43.2773],[-2.7849,43.2773],[-2.78492,43.27731],[-2.78495,43.27732],[-2.78498,43.27733],[-2.78504,43.27734],[-2.78507,43.27734],[-2.78517,43.27734],[-2.78531,43.27738],[-2.78537,43.27743],[-2.78538,43.27745],[-2.78539,43.27745],[-2.78539,43.27745],[-2.7854,43.27748],[-2.78541,43.2775],[-2.78541,43.27752],[-2.78541,43.27755],[-2.7854,43.27757],[-2.78539,43.27759],[-2.78537,43.27761],[-2.78536,43.27762],[-2.78535,43.27763],[-2.78532,43.27764],[-2.78529,43.27765],[-2.78526,43.27766],[-2.78523,43.27766],[-2.78519,43.27766],[-2.78517,43.27765],[-2.78512,43.27764],[-2.78492,43.2776],[-2.78492,43.2776],[-2.78489,43.2776],[-2.78485,43.2776],[-2.78481,43.27761],[-2.78477,43.27763],[-2.78474,43.27765],[-2.78473,43.27766],[-2.78472,43.27766],[-2.78471,43.27767],[-2.7847,43.2777],[-2.7847,43.27772],[-2.78469,43.27773],[-2.7847,43.27776],[-2.78471,43.27778],[-2.78474,43.27785],[-2.78479,43.27798],[-2.78485,43.27829],[-2.78494,43.27877],[-2.78494,43.27912],[-2.78489,43.27939],[-2.78489,43.2796],[-2.78497,43.27972],[-2.78503,43.27979],[-2.78541,43.28006],[-2.78554,43.28013]]}},{"type":"Feature","properties":{"id":233918820,"highway":"service","nombre":"Gaztelu auzoa"},"geometry":{"type":"LineString","coordinates":[[-2.78411,43.2732],[-2.78462,43.27348],[-2.78469,43.27352],[-2.78474,43.27355],[-2.78475,43.27355],[-2.78477,43.27356],[-2.78477,43.27356],[-2.78484,43.27356]]}},{"type":"Feature","properties":{"id":233918821,"highway":"service"},"geometry":{"type":"LineString","coordinates":[[-2.79198,43.2658],[-2.79201,43.26586],[-2.79208,43.26589],[-2.79212,43.26591],[-2.79215,43.26594],[-2.79219,43.26598],[-2.79223,43.266],[-2.79226,43.266]]}},{"type":"Feature","properties":{"id":233918824,"highway":"service"},"geometry":{"type":"LineString","coordinates":[[-2.77663,43.27325],[-2.77663,43.27323],[-2.77663,43.27322],[-2.77662,43.27319],[-2.7766,43.27316],[-2.7766,43.27314],[-2.77671,43.27308],[-2.77673,43.27307],[-2.77675,43.27306]]}},{"type":"Feature","properties":{"id":233921360,"highway":"unclassified","nombre":"Loroño auzoa"},"geometry":{"type":"LineString","coordinates":[[-2.80003,43.27672],[-2.80007,43.27683],[-2.80008,43.27684],[-2.80011,43.2769],[-2.80013,43.27693],[-2.80016,43.27696],[-2.80022,43.27702],[-2.80024,43.27703],[-2.80032,43.2771],[-2.80035,43.27712],[-2.80038,43.27715]]}},{"type":"Feature","properties":{"id":233921361,"highway":"unclassified","nombre":"Loroño auzoa"},"geometry":{"type":"LineString","coordinates":[[-2.79824,43.26472],[-2.79829,43.26485],[-2.79877,43.26564],[-2.79894,43.26583],[-2.79916,43.26605],[-2.79965,43.26646],[-2.8,43.26675],[-2.80013,43.26686],[-2.80019,43.26691],[-2.80054,43.26719],[-2.8007,43.26733],[-2.80074,43.26737],[-2.80079,43.26743],[-2.80093,43.26771],[-2.80111,43.26816]]}},{"type":"Feature","properties":{"id":233921362,"highway":"unclassified","nombre":"Loroño auzoa"},"geometry":{"type":"LineString","coordinates":[[-2.80095,43.27533],[-2.80095,43.27538],[-2.80095,43.27539],[-2.80094,43.27541],[-2.80086,43.27562],[-2.80075,43.2758],[-2.80065,43.27597],[-2.80045,43.27613],[-2.8001,43.27631],[-2.79997,43.27648],[-2.79993,43.27661],[-2.79994,43.27662],[-2.79996,43.27664]]}},{"type":"Feature","properties":{"id":233921363,"highway":"residential","nombre":"Basagurenalde kalea"},"geometry":{"type":"LineString","coordinates":[[-2.79709,43.26257],[-2.79721,43.26267],[-2.79765,43.26308],[-2.79771,43.26314]]}},{"type":"Feature","properties":{"id":233921364,"highway":"unclassified","nombre":"Gaztelu auzoa"},"geometry":{"type":"LineString","coordinates":[[-2.79216,43.2821],[-2.79228,43.28215],[-2.79237,43.28224],[-2.79252,43.28244],[-2.79259,43.28248],[-2.79314,43.28267],[-2.79328,43.2827],[-2.79352,43.2827],[-2.79389,43.28268],[-2.79416,43.28262],[-2.79427,43.2826],[-2.79449,43.28258],[-2.79467,43.2826],[-2.79504,43.28271],[-2.7957,43.28284],[-2.79575,43.28286],[-2.79598,43.28296],[-2.79606,43.28298],[-2.79646,43.28298],[-2.79656,43.28298],[-2.79665,43.28295],[-2.79672,43.28291],[-2.79686,43.28276],[-2.79705,43.28249],[-2.79713,43.28239],[-2.79722,43.28232],[-2.79728,43.28228],[-2.79742,43.28221],[-2.79748,43.28219],[-2.79762,43.28216],[-2.79797,43.28212],[-2.79808,43.2821],[-2.79822,43.28206],[-2.79862,43.2819],[-2.79878,43.28186],[-2.79915,43.2818],[-2.79927,43.28176],[-2.79929,43.28175],[-2.79939,43.28167],[-2.79956,43.28148]]}},{"type":"Feature","properties":{"id":233921365,"highway":"service","nombre":"Gaztelu auzoa"},"geometry":{"type":"LineString","coordinates":[[-2.79242,43.28134],[-2.79241,43.28135],[-2.79241,43.28135],[-2.79241,43.28135],[-2.79241,43.28136],[-2.79241,43.28136],[-2.79241,43.28136],[-2.79241,43.28136],[-2.79241,43.28136],[-2.79243,43.28138],[-2.79248,43.28142],[-2.79249,43.28149],[-2.79232,43.28172],[-2.79227,43.28178]]}},{"type":"Feature","properties":{"id":233921366,"highway":"service","nombre":"Loroño auzoa"},"geometry":{"type":"LineString","coordinates":[[-2.80111,43.26816],[-2.80066,43.26816],[-2.80018,43.2682],[-2.79978,43.26826],[-2.79963,43.2683],[-2.79948,43.26843],[-2.79935,43.26862],[-2.79921,43.26888],[-2.79914,43.26893],[-2.79902,43.26894],[-2.79882,43.26888],[-2.79844,43.26881],[-2.79772,43.26862],[-2.7976,43.2686],[-2.79742,43.26862]]}},{"type":"Feature","properties":{"id":233921367,"highway":"service","nombre":"Loroño auzoa"},"geometry":{"type":"LineString","coordinates":[[-2.80045,43.27356],[-2.80046,43.27355],[-2.80046,43.27355],[-2.80047,43.27354],[-2.80048,43.27354],[-2.8005,43.27353],[-2.80051,43.27353],[-2.80053,43.27353],[-2.80054,43.27353],[-2.80092,43.27358],[-2.80114,43.27365],[-2.80143,43.27377],[-2.80176,43.2739],[-2.80195,43.27396]]}},{"type":"Feature","properties":{"id":233921368,"highway":"residential","nombre":"Gaztelumendi kalea","izena_eu":"Gaztelumendi kalea","nombre_es":"Calle Gaztelumendi"},"geometry":{"type":"LineString","coordinates":[[-2.79709,43.26257],[-2.79715,43.26251],[-2.79717,43.26244]]}},{"type":"Feature","properties":{"id":233921369,"highway":"service"},"geometry":{"type":"LineString","coordinates":[[-2.79996,43.27287],[-2.79979,43.27298]]}},{"type":"Feature","properties":{"id":233921370,"highway":"service"},"geometry":{"type":"LineString","coordinates":[[-2.79819,43.2642],[-2.79797,43.26435]]}},{"type":"Feature","properties":{"id":233921371,"highway":"unclassified"},"geometry":{"type":"LineString","coordinates":[[-2.79216,43.2821],[-2.79209,43.28221]]}},{"type":"Feature","properties":{"id":233921372,"highway":"unclassified"},"geometry":{"type":"LineString","coordinates":[[-2.8005,43.27366],[-2.80045,43.27356]]}},{"type":"Feature","properties":{"id":233921373,"highway":"service"},"geometry":{"type":"LineString","coordinates":[[-2.79227,43.28178],[-2.79214,43.28157]]}},{"type":"Feature","properties":{"id":233921374,"highway":"residential","nombre":"Basagurenalde kalea"},"geometry":{"type":"LineString","coordinates":[[-2.79609,43.2621],[-2.79612,43.26219],[-2.79618,43.2623],[-2.79622,43.26244],[-2.79624,43.2625],[-2.79626,43.26253],[-2.79628,43.26254],[-2.79632,43.26258],[-2.79637,43.26262],[-2.79642,43.26265],[-2.79649,43.26268],[-2.79655,43.26269],[-2.79662,43.2627],[-2.7967,43.26271],[-2.79677,43.26271],[-2.79686,43.26269],[-2.79696,43.26266],[-2.79703,43.26262],[-2.79709,43.26257]]}},{"type":"Feature","properties":{"id":233921375,"highway":"service","nombre":"Gaztelu auzoa"},"geometry":{"type":"LineString","coordinates":[[-2.79177,43.28185],[-2.7918,43.28181],[-2.79183,43.28175],[-2.79184,43.28174],[-2.79186,43.28172],[-2.79189,43.2817],[-2.79194,43.28169],[-2.79197,43.28169],[-2.79201,43.2817],[-2.79203,43.28172],[-2.79206,43.28173],[-2.7921,43.28175],[-2.79212,43.28176],[-2.79219,43.28181],[-2.79221,43.28183],[-2.79225,43.28186]]}},{"type":"Feature","properties":{"id":233921376,"highway":"unclassified","nombre":"Loroño auzoa"},"geometry":{"type":"LineString","coordinates":[[-2.79996,43.27287],[-2.79989,43.27271],[-2.79958,43.27234],[-2.79938,43.272],[-2.79922,43.27173],[-2.79914,43.27153],[-2.79921,43.27104],[-2.79927,43.27075],[-2.7994,43.27058],[-2.79955,43.27045],[-2.79984,43.27026],[-2.80028,43.27002],[-2.8006,43.26998],[-2.80119,43.26992],[-2.80144,43.26993],[-2.80158,43.26985],[-2.80164,43.26971],[-2.80163,43.26945],[-2.8016,43.26927],[-2.80151,43.26908],[-2.8012,43.2684],[-2.80111,43.26816]]}},{"type":"Feature","properties":{"id":233921377,"highway":"track"},"geometry":{"type":"LineString","coordinates":[[-2.8,43.26675],[-2.80007,43.26673],[-2.80013,43.26672],[-2.80021,43.2667],[-2.80025,43.26669],[-2.80029,43.26668],[-2.80038,43.26667],[-2.80046,43.26666],[-2.80057,43.26666],[-2.80062,43.26666],[-2.8007,43.26666],[-2.80077,43.26666],[-2.80113,43.26668],[-2.80119,43.26668],[-2.80128,43.26669],[-2.80137,43.2667],[-2.80146,43.26671],[-2.80152,43.26672],[-2.80158,43.26674],[-2.80164,43.26675],[-2.80171,43.26677],[-2.80182,43.2668]]}},{"type":"Feature","properties":{"id":233921378,"highway":"service","nombre":"Loroño auzoa"},"geometry":{"type":"LineString","coordinates":[[-2.80003,43.27672],[-2.80021,43.27677],[-2.80041,43.27677],[-2.80049,43.27676],[-2.8005,43.27669]]}},{"type":"Feature","properties":{"id":233921379,"highway":"service"},"geometry":{"type":"LineString","coordinates":[[-2.8005,43.27366],[-2.80042,43.2737],[-2.80028,43.27381]]}},{"type":"Feature","properties":{"id":233921380,"highway":"service"},"geometry":{"type":"LineString","coordinates":[[-2.79824,43.26472],[-2.79836,43.26472],[-2.79839,43.26473],[-2.79847,43.26476]]}},{"type":"Feature","properties":{"id":233921381,"highway":"service","nombre":"Loroño auzoa"},"geometry":{"type":"LineString","coordinates":[[-2.80038,43.27715],[-2.80037,43.27717],[-2.80057,43.27756],[-2.80058,43.27759],[-2.80058,43.27762],[-2.80058,43.27764],[-2.80058,43.27766],[-2.80058,43.27768],[-2.80057,43.2777],[-2.80056,43.27772],[-2.80054,43.27775],[-2.80049,43.27779],[-2.80038,43.27784],[-2.80026,43.27789],[-2.80017,43.27793],[-2.8001,43.27797],[-2.80005,43.27799],[-2.79997,43.27804],[-2.79976,43.27821],[-2.79958,43.27833],[-2.79935,43.27848],[-2.7992,43.27861],[-2.79908,43.27873],[-2.79906,43.27873],[-2.79905,43.27873],[-2.79904,43.27873],[-2.79902,43.27872],[-2.79896,43.27863],[-2.79887,43.27848],[-2.79884,43.27842],[-2.79884,43.27841],[-2.79883,43.27838]]}},{"type":"Feature","properties":{"id":233921382,"highway":"service","nombre":"Gaztelu auzoa"},"geometry":{"type":"LineString","coordinates":[[-2.79227,43.28178],[-2.79225,43.28186],[-2.79216,43.28208],[-2.79216,43.2821]]}},{"type":"Feature","properties":{"id":233921383,"highway":"unclassified"},"geometry":{"type":"LineString","coordinates":[[-2.80045,43.27356],[-2.80033,43.27346],[-2.80027,43.27341],[-2.80008,43.27325],[-2.79999,43.27311],[-2.79996,43.27287]]}},{"type":"Feature","properties":{"id":233921384,"highway":"service","nombre":"Loroño auzoa"},"geometry":{"type":"LineString","coordinates":[[-2.80095,43.27533],[-2.80104,43.27535],[-2.80131,43.27543],[-2.80152,43.27549],[-2.80165,43.2755]]}},{"type":"Feature","properties":{"id":233921385,"highway":"unclassified"},"geometry":{"type":"LineString","coordinates":[[-2.79819,43.2642],[-2.79817,43.26438],[-2.79816,43.26442],[-2.79817,43.26448],[-2.79818,43.26454],[-2.7982,43.26459],[-2.79824,43.26472]]}},{"type":"Feature","properties":{"id":233921386,"highway":"residential","nombre":"Basagurenalde kalea"},"geometry":{"type":"LineString","coordinates":[[-2.79771,43.26314],[-2.79784,43.26309],[-2.79795,43.26303],[-2.79804,43.26296],[-2.79811,43.26288],[-2.79819,43.26274],[-2.79822,43.26268]]}},{"type":"Feature","properties":{"id":233921387,"highway":"footway","nombre":"Gaztelumendi kalea","izena_eu":"Gaztelumendi kalea","nombre_es":"Calle Gaztelumendi"},"geometry":{"type":"LineString","coordinates":[[-2.79873,43.26278],[-2.79829,43.26268],[-2.79825,43.26275],[-2.79819,43.26274],[-2.79813,43.26273],[-2.79817,43.26265],[-2.79807,43.26263],[-2.79784,43.26258],[-2.79751,43.26249],[-2.79727,43.26243],[-2.79724,43.26244],[-2.7972,43.26252],[-2.79715,43.26251]]}},{"type":"Feature","properties":{"id":233921388,"highway":"service"},"geometry":{"type":"LineString","coordinates":[[-2.79209,43.28221],[-2.79214,43.2823],[-2.79221,43.28248],[-2.79242,43.28263],[-2.7928,43.28278],[-2.79303,43.28286],[-2.79325,43.28287]]}},{"type":"Feature","properties":{"id":233921389,"highway":"unclassified","nombre":"Loroño auzoa"},"geometry":{"type":"LineString","coordinates":[[-2.8005,43.27366],[-2.80081,43.27428],[-2.80093,43.2745],[-2.80101,43.27471],[-2.80102,43.27491],[-2.80096,43.2751],[-2.80095,43.27533]]}},{"type":"Feature","properties":{"id":240251169,"highway":"tertiary","ref":"BI-3726"},"geometry":{"type":"LineString","coordinates":[[-2.80152,43.28959],[-2.80139,43.28953],[-2.80123,43.28944],[-2.80109,43.28932],[-2.80103,43.28921],[-2.80101,43.28901],[-2.80102,43.28889],[-2.80097,43.28882],[-2.80049,43.28842],[-2.80044,43.28836],[-2.80031,43.28821],[-2.80021,43.28808],[-2.80006,43.28794],[-2.79985,43.28782],[-2.7995,43.28763],[-2.79937,43.2875],[-2.79932,43.28743],[-2.79915,43.28715],[-2.79902,43.28691],[-2.79894,43.28661],[-2.79892,43.28624],[-2.79887,43.28601],[-2.7988,43.28582],[-2.79869,43.28568],[-2.79843,43.28553],[-2.79736,43.28507],[-2.79701,43.28497],[-2.79695,43.28495],[-2.79692,43.28494],[-2.79681,43.28494],[-2.79671,43.28495],[-2.79646,43.28501],[-2.7961,43.28506],[-2.79577,43.28512]]}},{"type":"Feature","properties":{"id":243155963,"highway":"service"},"geometry":{"type":"LineString","coordinates":[[-2.81505,43.2599],[-2.81497,43.25984],[-2.81496,43.25984],[-2.81496,43.25983],[-2.81496,43.25982],[-2.81496,43.25981],[-2.81496,43.25981],[-2.81497,43.2598],[-2.81497,43.25979],[-2.81521,43.25969]]}},{"type":"Feature","properties":{"id":243155964,"highway":"unclassified"},"geometry":{"type":"LineString","coordinates":[[-2.80326,43.26266],[-2.80355,43.26254],[-2.80372,43.26247],[-2.80399,43.26239],[-2.80437,43.26227],[-2.80474,43.26213],[-2.80512,43.26197],[-2.80627,43.26145],[-2.80692,43.26118],[-2.80707,43.26109],[-2.80714,43.26103]]}},{"type":"Feature","properties":{"id":243155965,"highway":"unclassified"},"geometry":{"type":"LineString","coordinates":[[-2.802,43.25563],[-2.80202,43.25561],[-2.80204,43.25558],[-2.80205,43.25555],[-2.80214,43.2555],[-2.80219,43.25548],[-2.8022,43.25547],[-2.80227,43.25545],[-2.80237,43.25542],[-2.80249,43.25539],[-2.80256,43.25537],[-2.80269,43.25531],[-2.80274,43.25527],[-2.80276,43.25525],[-2.80277,43.25523],[-2.80279,43.2552],[-2.80279,43.25517],[-2.80279,43.25515],[-2.80279,43.25513],[-2.80277,43.25503],[-2.80273,43.25491],[-2.8027,43.2548],[-2.80269,43.25474],[-2.80268,43.25466],[-2.80268,43.25448],[-2.80268,43.25437],[-2.80268,43.25428],[-2.80268,43.25421],[-2.80267,43.2542],[-2.80267,43.25417],[-2.80266,43.25415],[-2.8026,43.25402],[-2.80259,43.25398],[-2.80258,43.25395],[-2.80257,43.25392],[-2.80257,43.25386],[-2.80258,43.25381],[-2.80261,43.25378],[-2.80265,43.25374],[-2.8027,43.25371],[-2.80275,43.2537],[-2.80277,43.2537],[-2.80281,43.25371],[-2.80286,43.25372],[-2.80288,43.25373],[-2.80292,43.25375],[-2.80301,43.2538],[-2.80308,43.25386],[-2.80309,43.25387],[-2.80314,43.25393],[-2.80321,43.254],[-2.80325,43.25405],[-2.80326,43.25406],[-2.80327,43.25408],[-2.80334,43.25414],[-2.80368,43.25436],[-2.80378,43.25443],[-2.80381,43.25445],[-2.80385,43.25447],[-2.80386,43.25447],[-2.804,43.25451],[-2.80405,43.25453],[-2.80414,43.25455],[-2.80422,43.2546]]}},{"type":"Feature","properties":{"id":243155967,"highway":"service"},"geometry":{"type":"LineString","coordinates":[[-2.81381,43.26109],[-2.81399,43.26109],[-2.81413,43.26108],[-2.81422,43.26109],[-2.81432,43.26111],[-2.81441,43.26113],[-2.8145,43.26116],[-2.81462,43.26121],[-2.81474,43.26127],[-2.81493,43.26141],[-2.81509,43.26157],[-2.8152,43.26171],[-2.81521,43.26172],[-2.81523,43.26178]]}},{"type":"Feature","properties":{"id":243155969,"highway":"service"},"geometry":{"type":"LineString","coordinates":[[-2.80707,43.26109],[-2.80711,43.26114],[-2.80714,43.2612],[-2.80751,43.26123],[-2.80758,43.26124],[-2.80765,43.26123],[-2.80771,43.26123],[-2.80774,43.26122],[-2.80781,43.26121],[-2.80795,43.26117]]}},{"type":"Feature","properties":{"id":243155970,"highway":"unclassified"},"geometry":{"type":"LineString","coordinates":[[-2.80714,43.26103],[-2.8072,43.26096],[-2.80729,43.26089],[-2.80733,43.26086],[-2.80737,43.26084],[-2.80743,43.26082],[-2.80748,43.26081],[-2.80753,43.26081],[-2.80754,43.26081],[-2.8076,43.26081],[-2.80785,43.26085],[-2.80827,43.26093]]}},{"type":"Feature","properties":{"id":243155971,"highway":"service"},"geometry":{"type":"LineString","coordinates":[[-2.81734,43.25791],[-2.8174,43.25796],[-2.81746,43.25801],[-2.8176,43.25807],[-2.81763,43.25808],[-2.81769,43.25809],[-2.81778,43.25811],[-2.81779,43.25811],[-2.81788,43.25812],[-2.81793,43.25812],[-2.81799,43.25813],[-2.81806,43.25815],[-2.81811,43.25815],[-2.81815,43.25815],[-2.81824,43.25811]]}},{"type":"Feature","properties":{"id":243155972,"highway":"unclassified"},"geometry":{"type":"LineString","coordinates":[[-2.80703,43.25726],[-2.80705,43.25736],[-2.80705,43.25739],[-2.80707,43.25743],[-2.80709,43.25746],[-2.80723,43.25764],[-2.80789,43.25832],[-2.80816,43.25863],[-2.80855,43.25918],[-2.8087,43.25937],[-2.80895,43.25964],[-2.80941,43.26008],[-2.80968,43.26033],[-2.80998,43.2607],[-2.81007,43.26083],[-2.8101,43.26088],[-2.81013,43.26094],[-2.81014,43.261],[-2.81013,43.26107],[-2.81009,43.26113],[-2.81006,43.26119]]}},{"type":"Feature","properties":{"id":243155973,"highway":"unclassified"},"geometry":{"type":"MultiLineString","coordinates":[[[-2.81359,43.26298],[-2.81341,43.26284]],[[-2.81264,43.26224],[-2.81255,43.26216]]]}},{"type":"Feature","properties":{"id":243155977,"highway":"service"},"geometry":{"type":"LineString","coordinates":[[-2.81174,43.26034],[-2.8118,43.26041],[-2.8118,43.26046],[-2.81179,43.26051],[-2.81175,43.26056],[-2.81172,43.2606],[-2.8117,43.26063],[-2.81169,43.26063],[-2.81168,43.26065],[-2.81168,43.26066],[-2.81168,43.26067],[-2.81168,43.2607],[-2.81176,43.26074],[-2.812,43.26085],[-2.8123,43.26101],[-2.81241,43.26107],[-2.81252,43.26113],[-2.81266,43.26117],[-2.81279,43.26117],[-2.81302,43.26116],[-2.81352,43.26112],[-2.81381,43.26109]]}},{"type":"Feature","properties":{"id":243155979,"highway":"service"},"geometry":{"type":"LineString","coordinates":[[-2.81381,43.26109],[-2.81386,43.26099],[-2.81384,43.26091],[-2.81374,43.26077],[-2.81366,43.26066],[-2.81365,43.26064],[-2.81363,43.2606],[-2.81363,43.26055],[-2.81363,43.26052],[-2.81363,43.26051],[-2.81365,43.26047],[-2.81367,43.26042],[-2.8137,43.26039],[-2.81375,43.26035],[-2.81379,43.26032],[-2.81385,43.2603],[-2.8139,43.26029],[-2.81396,43.26028],[-2.81402,43.26028],[-2.81409,43.26028],[-2.8141,43.26028],[-2.81414,43.26029],[-2.81424,43.26033],[-2.8155,43.26082],[-2.81552,43.26083],[-2.81552,43.26085],[-2.81548,43.26097],[-2.81546,43.26099],[-2.81543,43.26101],[-2.81539,43.26104],[-2.81535,43.26105],[-2.81531,43.26105]]}},{"type":"Feature","properties":{"id":243155982,"highway":"unclassified"},"geometry":{"type":"LineString","coordinates":[[-2.81174,43.26034],[-2.81192,43.26025],[-2.81241,43.26008]]}},{"type":"Feature","properties":{"id":243155983,"highway":"unclassified"},"geometry":{"type":"LineString","coordinates":[[-2.81056,43.26129],[-2.81041,43.26126],[-2.81036,43.26125],[-2.81006,43.26119]]}},{"type":"Feature","properties":{"id":243155984,"highway":"service"},"geometry":{"type":"LineString","coordinates":[[-2.81137,43.26068],[-2.81149,43.26069],[-2.81168,43.2607]]}},{"type":"Feature","properties":{"id":243155986,"highway":"service"},"geometry":{"type":"LineString","coordinates":[[-2.80588,43.25154],[-2.80576,43.25164],[-2.80517,43.25192],[-2.80503,43.25201],[-2.80498,43.25212],[-2.80497,43.25219],[-2.80514,43.25241],[-2.80532,43.25256],[-2.80552,43.25261],[-2.80564,43.25265],[-2.80566,43.25273],[-2.80558,43.25282],[-2.80538,43.25293],[-2.80533,43.25303],[-2.80527,43.25314],[-2.80528,43.25315],[-2.80538,43.2533],[-2.80552,43.25348],[-2.80569,43.25372],[-2.80581,43.25388],[-2.80654,43.2549],[-2.80671,43.25515],[-2.80717,43.25584],[-2.80725,43.25595],[-2.80737,43.25614],[-2.80747,43.25629],[-2.80759,43.25645],[-2.80784,43.25683],[-2.808,43.25704],[-2.80807,43.25714],[-2.80807,43.25715],[-2.80814,43.25724],[-2.80827,43.25744],[-2.8085,43.25777],[-2.80872,43.25809],[-2.80891,43.25836],[-2.80903,43.25851],[-2.80922,43.25874],[-2.80928,43.25882],[-2.80946,43.25905],[-2.80953,43.25913],[-2.80962,43.25923],[-2.80976,43.25937],[-2.81011,43.25973],[-2.81031,43.25992],[-2.81037,43.25996],[-2.8105,43.26008],[-2.81058,43.26014],[-2.81074,43.26027],[-2.81111,43.26055],[-2.81125,43.26062]]}},{"type":"Feature","properties":{"id":243155987,"highway":"service"},"geometry":{"type":"LineString","coordinates":[[-2.81523,43.26178],[-2.81524,43.2618],[-2.81525,43.26182]]}},{"type":"Feature","properties":{"id":243155989,"highway":"service"},"geometry":{"type":"LineString","coordinates":[[-2.8059,43.2565],[-2.80611,43.25639],[-2.80638,43.25629],[-2.80648,43.25625]]}},{"type":"Feature","properties":{"id":243155991,"highway":"service"},"geometry":{"type":"LineString","coordinates":[[-2.80827,43.26093],[-2.80822,43.26099],[-2.80808,43.26108],[-2.80795,43.26117]]}},{"type":"Feature","properties":{"id":243155992,"highway":"unclassified"},"geometry":{"type":"LineString","coordinates":[[-2.81241,43.26008],[-2.8127,43.2599],[-2.81299,43.25963],[-2.8132,43.25928],[-2.81337,43.25877],[-2.81343,43.25859],[-2.8137,43.2583],[-2.81418,43.25787],[-2.81443,43.25764],[-2.81454,43.25744],[-2.81468,43.25717],[-2.8149,43.25691],[-2.81508,43.2568],[-2.81521,43.25679],[-2.81542,43.25684],[-2.81555,43.25686],[-2.81584,43.25699],[-2.81597,43.25715],[-2.81598,43.25716],[-2.81617,43.25729],[-2.81661,43.25739],[-2.81677,43.25745],[-2.81694,43.25762],[-2.817,43.25778],[-2.81723,43.25794],[-2.81734,43.25791],[-2.81742,43.25789],[-2.81743,43.25772],[-2.81723,43.25741],[-2.8172,43.25717],[-2.81723,43.25707],[-2.81758,43.25672],[-2.81767,43.25656],[-2.81772,43.25634],[-2.81772,43.25617],[-2.81764,43.25603],[-2.81751,43.25583],[-2.81738,43.25561],[-2.81734,43.25546],[-2.8173,43.2554],[-2.81724,43.25532]]}},{"type":"Feature","properties":{"id":243155994,"highway":"service","tunel":"yes"},"geometry":{"type":"LineString","coordinates":[[-2.81125,43.26062],[-2.81137,43.26068]]}},{"type":"Feature","properties":{"id":243155997,"highway":"unclassified"},"geometry":{"type":"LineString","coordinates":[[-2.81056,43.26129],[-2.81078,43.26135],[-2.81148,43.26154],[-2.81171,43.26161],[-2.81194,43.26171],[-2.81195,43.26172],[-2.81207,43.26179],[-2.81217,43.26187],[-2.81236,43.26201],[-2.81255,43.26216]]}},{"type":"Feature","properties":{"id":243155998,"highway":"unclassified"},"geometry":{"type":"LineString","coordinates":[[-2.80827,43.26093],[-2.80871,43.261],[-2.80905,43.26106],[-2.80944,43.2611],[-2.80988,43.26116],[-2.81006,43.26119]]}},{"type":"Feature","properties":{"id":243155999,"highway":"service"},"geometry":{"type":"LineString","coordinates":[[-2.81241,43.26008],[-2.81277,43.26016],[-2.81287,43.2602],[-2.81288,43.26021],[-2.81289,43.26022],[-2.813,43.26033],[-2.81312,43.26039],[-2.81313,43.26039],[-2.81318,43.26041],[-2.81322,43.26041],[-2.81327,43.26041],[-2.81329,43.26041],[-2.81341,43.26038],[-2.81378,43.26024],[-2.81406,43.26008],[-2.8143,43.25987],[-2.8144,43.2598],[-2.81441,43.25979],[-2.81447,43.25975],[-2.81454,43.25971],[-2.81461,43.25969],[-2.81468,43.25967],[-2.81476,43.25966],[-2.81501,43.25964],[-2.81506,43.25964],[-2.81511,43.25963],[-2.81515,43.25962],[-2.81519,43.2596],[-2.81523,43.25958],[-2.81528,43.25953],[-2.81542,43.25938],[-2.81546,43.25936],[-2.81549,43.25934],[-2.81551,43.25933],[-2.81553,43.25933],[-2.81555,43.25933],[-2.81558,43.25933],[-2.8156,43.25933],[-2.81562,43.25934],[-2.81563,43.25935],[-2.81569,43.25938],[-2.81569,43.25938],[-2.8157,43.25939],[-2.81571,43.25939],[-2.81571,43.2594],[-2.81572,43.25941],[-2.81572,43.25942],[-2.81572,43.25943],[-2.81571,43.25944],[-2.81571,43.25945],[-2.81568,43.2595],[-2.81563,43.25955],[-2.81563,43.25956],[-2.81562,43.25957],[-2.81561,43.25957],[-2.8156,43.25958],[-2.81558,43.25959],[-2.81558,43.25959],[-2.81539,43.25963],[-2.81527,43.25967],[-2.81521,43.25969]]}},{"type":"Feature","properties":{"id":243156000,"highway":"unclassified"},"geometry":{"type":"LineString","coordinates":[[-2.80326,43.26266],[-2.80309,43.26275],[-2.80294,43.26284],[-2.80276,43.26296],[-2.8026,43.26309],[-2.80251,43.26319],[-2.80244,43.26334]]}},{"type":"Feature","properties":{"id":243156001,"highway":"service"},"geometry":{"type":"LineString","coordinates":[[-2.80326,43.26266],[-2.80325,43.26246],[-2.80326,43.26237],[-2.8033,43.26223],[-2.80341,43.26198],[-2.80352,43.26175],[-2.80354,43.26163],[-2.80348,43.26141],[-2.80339,43.26126]]}},{"type":"Feature","properties":{"id":243156003,"highway":"unclassified","puente":"yes"},"geometry":{"type":"LineString","coordinates":[[-2.81077,43.2611],[-2.81139,43.26058]]}},{"type":"Feature","properties":{"id":243160613,"highway":"service"},"geometry":{"type":"LineString","coordinates":[[-2.81472,43.25384],[-2.81695,43.25509],[-2.81703,43.25514],[-2.81708,43.25519],[-2.81712,43.25523],[-2.81714,43.25528],[-2.81716,43.2553],[-2.81719,43.25532],[-2.81724,43.25532]]}},{"type":"Feature","properties":{"id":243160616,"highway":"unclassified"},"geometry":{"type":"LineString","coordinates":[[-2.82127,43.25511],[-2.82115,43.25521],[-2.82094,43.25528],[-2.82063,43.25533],[-2.8204,43.25537],[-2.8198,43.2555],[-2.81975,43.2555],[-2.81931,43.25549],[-2.81906,43.25547],[-2.81881,43.25546],[-2.81866,43.25545]]}},{"type":"Feature","properties":{"id":243160619,"highway":"service"},"geometry":{"type":"LineString","coordinates":[[-2.82127,43.25511],[-2.82113,43.2551],[-2.82101,43.25507],[-2.82092,43.25496],[-2.8209,43.25484],[-2.82092,43.25474],[-2.82101,43.25467],[-2.82109,43.25466],[-2.82135,43.25464],[-2.82142,43.25462],[-2.82146,43.25456],[-2.82146,43.25449],[-2.82138,43.2544],[-2.82127,43.25433],[-2.82119,43.25423],[-2.82111,43.25413]]}},{"type":"Feature","properties":{"id":243160627,"highway":"unclassified"},"geometry":{"type":"LineString","coordinates":[[-2.81866,43.25545],[-2.81833,43.25534],[-2.81806,43.25518],[-2.81762,43.25495],[-2.8176,43.25494],[-2.81756,43.25493],[-2.81753,43.25492],[-2.8175,43.25492],[-2.81744,43.25491],[-2.81739,43.25492],[-2.81734,43.25493],[-2.81729,43.25495],[-2.81725,43.25498],[-2.81721,43.25501],[-2.81719,43.25505],[-2.81717,43.25508],[-2.81717,43.25512],[-2.81718,43.25517],[-2.81724,43.25532]]}},{"type":"Feature","properties":{"id":243160629,"highway":"service"},"geometry":{"type":"LineString","coordinates":[[-2.81811,43.25591],[-2.81822,43.25605],[-2.81841,43.2562],[-2.81845,43.25623]]}},{"type":"Feature","properties":{"id":243160632,"highway":"unclassified"},"geometry":{"type":"LineString","coordinates":[[-2.82127,43.25511],[-2.82141,43.25496],[-2.82164,43.25479],[-2.82195,43.25464],[-2.82228,43.2546],[-2.82278,43.25461],[-2.8232,43.25463],[-2.82383,43.25465],[-2.8244,43.25469],[-2.82458,43.25471],[-2.82477,43.25473],[-2.82487,43.25473],[-2.82497,43.25472],[-2.82507,43.25469],[-2.82515,43.25466],[-2.82522,43.25462],[-2.82531,43.25455],[-2.82539,43.25446],[-2.82543,43.2544],[-2.82545,43.25434],[-2.82548,43.25426],[-2.82549,43.2542],[-2.82547,43.25413],[-2.82546,43.25408],[-2.82541,43.254],[-2.82535,43.2539],[-2.82513,43.25359],[-2.8249,43.25327],[-2.82461,43.25287],[-2.82444,43.25261],[-2.82439,43.2525],[-2.8244,43.25242],[-2.82449,43.25234],[-2.82455,43.25233],[-2.82468,43.25232],[-2.82478,43.25233],[-2.82487,43.25242],[-2.82496,43.25254],[-2.82503,43.25262],[-2.82514,43.25267],[-2.82525,43.25268],[-2.8254,43.25261],[-2.82548,43.25253],[-2.82553,43.25242],[-2.82549,43.25234],[-2.82521,43.25213],[-2.82512,43.25198],[-2.82506,43.25171]]}},{"type":"Feature","properties":{"id":243160635,"highway":"service"},"geometry":{"type":"LineString","coordinates":[[-2.8173,43.2554],[-2.81749,43.2554],[-2.81771,43.25544],[-2.81785,43.2555],[-2.818,43.25568],[-2.81811,43.25591]]}},{"type":"Feature","properties":{"id":243160637,"highway":"service"},"geometry":{"type":"LineString","coordinates":[[-2.81866,43.25545],[-2.81857,43.25554],[-2.8185,43.25565],[-2.81834,43.25576],[-2.8182,43.25585],[-2.81811,43.25591]]}},{"type":"Feature","properties":{"id":243161526,"highway":"service"},"geometry":{"type":"LineString","coordinates":[[-2.82513,43.25359],[-2.8252,43.25357],[-2.82521,43.25357],[-2.82521,43.25356],[-2.82526,43.25355],[-2.8253,43.25354],[-2.82541,43.25352]]}},{"type":"Feature","properties":{"id":243180531,"highway":"secondary","ref":"BI-2713","oneway":"yes"},"geometry":{"type":"LineString","coordinates":[[-2.80368,43.24854],[-2.80362,43.24857],[-2.80357,43.24859]]}},{"type":"Feature","properties":{"id":243224370,"highway":"secondary","ref":"BI-2713"},"geometry":{"type":"LineString","coordinates":[[-2.79489,43.2543],[-2.7948,43.25446],[-2.79473,43.25462],[-2.79468,43.25476],[-2.79462,43.25493],[-2.79455,43.25517],[-2.79447,43.25551],[-2.79436,43.25598],[-2.7941,43.25709],[-2.79396,43.25772],[-2.79392,43.25787],[-2.79387,43.25801],[-2.79383,43.25812],[-2.79378,43.25822],[-2.79373,43.25832],[-2.79366,43.25843],[-2.79361,43.25852],[-2.79353,43.25863],[-2.79346,43.25872],[-2.79338,43.25881],[-2.79328,43.25892],[-2.79284,43.2594],[-2.79273,43.25952],[-2.79265,43.25964],[-2.79257,43.25976],[-2.79249,43.25989],[-2.79244,43.25999],[-2.7924,43.26008]]}},{"type":"Feature","properties":{"id":243224372,"highway":"secondary","ref":"BI-2713"},"geometry":{"type":"LineString","coordinates":[[-2.7952,43.25383],[-2.79512,43.25393],[-2.79505,43.25404],[-2.79498,43.25414]]}},{"type":"Feature","properties":{"id":243224373,"highway":"secondary","ref":"BI-2713","puente":"yes"},"geometry":{"type":"LineString","coordinates":[[-2.79842,43.25193],[-2.79833,43.25195]]}},{"type":"Feature","properties":{"id":243224375,"highway":"secondary","ref":"BI-2713"},"geometry":{"type":"LineString","coordinates":[[-2.80051,43.25126],[-2.80038,43.25132]]}},{"type":"Feature","properties":{"id":243224376,"highway":"secondary","ref":"BI-2713"},"geometry":{"type":"LineString","coordinates":[[-2.79561,43.25337],[-2.79549,43.25349],[-2.7954,43.25359],[-2.7953,43.2537]]}},{"type":"Feature","properties":{"id":243224378,"highway":"secondary","ref":"BI-2713","puente":"yes"},"geometry":{"type":"LineString","coordinates":[[-2.79568,43.2533],[-2.79561,43.25337]]}},{"type":"Feature","properties":{"id":243224379,"highway":"secondary","ref":"BI-2713"},"geometry":{"type":"LineString","coordinates":[[-2.79833,43.25195],[-2.79815,43.252],[-2.79792,43.25207],[-2.79776,43.25212],[-2.79765,43.25215],[-2.79751,43.2522],[-2.79739,43.25225],[-2.79727,43.2523],[-2.79711,43.25236],[-2.79692,43.25245],[-2.79677,43.25253],[-2.79661,43.25262],[-2.79645,43.25272],[-2.79631,43.25281],[-2.79618,43.2529],[-2.79605,43.25299],[-2.79588,43.25312],[-2.79574,43.25325],[-2.79568,43.2533]]}},{"type":"Feature","properties":{"id":243224382,"highway":"secondary","ref":"BI-2713","puente":"yes"},"geometry":{"type":"LineString","coordinates":[[-2.7953,43.2537],[-2.7952,43.25383]]}},{"type":"Feature","properties":{"id":243224383,"highway":"secondary","ref":"BI-2713","puente":"yes"},"geometry":{"type":"LineString","coordinates":[[-2.79498,43.25414],[-2.79489,43.2543]]}},{"type":"Feature","properties":{"id":243224384,"highway":"secondary","ref":"BI-2713","puente":"yes"},"geometry":{"type":"LineString","coordinates":[[-2.80038,43.25132],[-2.80023,43.25139],[-2.80002,43.25149]]}},{"type":"Feature","properties":{"id":243224386,"highway":"tertiary","ref":"BI-2713"},"geometry":{"type":"LineString","coordinates":[[-2.79708,43.257],[-2.79743,43.25654],[-2.79751,43.25642],[-2.79753,43.25639],[-2.79776,43.25599],[-2.79795,43.25562],[-2.79807,43.25541],[-2.79817,43.25519],[-2.79831,43.25484],[-2.79834,43.25478],[-2.7984,43.25466],[-2.79849,43.25451],[-2.7987,43.25411],[-2.79878,43.25396],[-2.79891,43.25369],[-2.79897,43.25357],[-2.79905,43.25342],[-2.79911,43.25333],[-2.79919,43.25322],[-2.79929,43.25309],[-2.79937,43.253],[-2.79947,43.25288],[-2.79956,43.25278],[-2.7997,43.25264],[-2.79977,43.25256],[-2.79981,43.25252],[-2.79983,43.25247],[-2.79985,43.25242],[-2.79989,43.25221],[-2.79992,43.25211],[-2.79996,43.25203],[-2.80009,43.25183],[-2.80022,43.25164],[-2.80042,43.25141],[-2.80046,43.25136],[-2.80049,43.25131],[-2.80051,43.25126]]}},{"type":"Feature","properties":{"id":243224387,"highway":"secondary","ref":"BI-2713"},"geometry":{"type":"LineString","coordinates":[[-2.79989,43.25154],[-2.79978,43.25159],[-2.79968,43.25162],[-2.79958,43.25166],[-2.79947,43.25169],[-2.79932,43.25172],[-2.79842,43.25193]]}},{"type":"Feature","properties":{"id":243224388,"highway":"tertiary","nombre":"Andra Mari kalea","izena_eu":"Andra Mari kalea","nombre_es":"Calle Andra Mari","ref":"BI-2713"},"geometry":{"type":"LineString","coordinates":[[-2.7965,43.25777],[-2.79645,43.25792],[-2.7964,43.25808],[-2.79637,43.2583],[-2.79632,43.25868],[-2.7963,43.2588]]}},{"type":"Feature","properties":{"id":243224395,"highway":"motorway","nombre":"Txorierriko korridorea","izena_eu":"Txorierriko korridorea","nombre_es":"Corredor del Txorierri","ref":"BI-30","oneway":"yes","superficie":"asphalt"},"geometry":{"type":"LineString","coordinates":[[-2.80308,43.24831],[-2.80306,43.24841]]}},{"type":"Feature","properties":{"id":243224399,"highway":"service","oneway":"no"},"geometry":{"type":"LineString","coordinates":[[-2.80083,43.25727],[-2.80046,43.2573],[-2.80029,43.2573],[-2.80018,43.25728],[-2.79925,43.25706],[-2.79925,43.25705],[-2.79919,43.25704],[-2.79913,43.25704],[-2.79913,43.25704],[-2.79905,43.25705],[-2.79901,43.25704],[-2.79896,43.25703],[-2.79893,43.25702],[-2.7988,43.25695]]}},{"type":"Feature","properties":{"id":243224400,"highway":"unclassified"},"geometry":{"type":"LineString","coordinates":[[-2.8027,43.25827],[-2.80268,43.25819],[-2.80261,43.25794],[-2.80259,43.25786],[-2.80257,43.25775],[-2.80256,43.25732],[-2.80253,43.25695],[-2.80252,43.25683],[-2.80248,43.25673],[-2.80242,43.25662],[-2.80234,43.25657],[-2.80219,43.25653],[-2.80215,43.2565],[-2.80205,43.25638],[-2.80199,43.25633],[-2.8019,43.25626],[-2.80185,43.25619],[-2.80183,43.25608],[-2.80185,43.25594],[-2.80191,43.25581],[-2.80197,43.25571],[-2.802,43.25563]]}},{"type":"Feature","properties":{"id":243224402,"highway":"unclassified"},"geometry":{"type":"LineString","coordinates":[[-2.80349,43.24858],[-2.80348,43.24854]]}},{"type":"Feature","properties":{"id":243224405,"highway":"service"},"geometry":{"type":"LineString","coordinates":[[-2.80083,43.25727],[-2.80131,43.25754],[-2.80126,43.25757]]}},{"type":"Feature","properties":{"id":243224407,"highway":"service","oneway":"no"},"geometry":{"type":"LineString","coordinates":[[-2.79753,43.25639],[-2.79791,43.25651],[-2.79812,43.25656],[-2.79821,43.25659]]}},{"type":"Feature","properties":{"id":243224408,"highway":"service"},"geometry":{"type":"LineString","coordinates":[[-2.80202,43.25561],[-2.80185,43.25552],[-2.80185,43.25552]]}},{"type":"Feature","properties":{"id":243224409,"highway":"service"},"geometry":{"type":"LineString","coordinates":[[-2.7988,43.25695],[-2.79878,43.25703],[-2.7987,43.25714]]}},{"type":"Feature","properties":{"id":243224410,"highway":"service"},"geometry":{"type":"LineString","coordinates":[[-2.79957,43.25617],[-2.79991,43.2561],[-2.80008,43.25602]]}},{"type":"Feature","properties":{"id":243224411,"highway":"service"},"geometry":{"type":"LineString","coordinates":[[-2.80515,43.25699],[-2.80473,43.25741],[-2.80459,43.25759],[-2.80433,43.25779],[-2.80424,43.25785],[-2.80419,43.25788],[-2.80418,43.25789],[-2.80413,43.25792],[-2.80407,43.25794],[-2.80399,43.25796],[-2.80392,43.25798],[-2.80384,43.25798],[-2.80377,43.25798],[-2.80376,43.25798],[-2.80358,43.25796],[-2.80337,43.25794],[-2.80318,43.25796],[-2.80304,43.25803],[-2.80289,43.25816],[-2.80279,43.25822],[-2.8027,43.25827]]}},{"type":"Feature","properties":{"id":243224412,"highway":"unclassified"},"geometry":{"type":"LineString","coordinates":[[-2.8027,43.25827],[-2.80263,43.25832],[-2.80239,43.25845],[-2.80227,43.25854],[-2.80207,43.25869],[-2.802,43.25876],[-2.80188,43.25891],[-2.80179,43.25898],[-2.80171,43.25903],[-2.80147,43.25913],[-2.80125,43.2592],[-2.8011,43.25926],[-2.80097,43.2593],[-2.80046,43.25916],[-2.80011,43.2591],[-2.79971,43.25907],[-2.79938,43.25901],[-2.79904,43.25891],[-2.79904,43.25891],[-2.79887,43.25883],[-2.79865,43.25867],[-2.79852,43.25861],[-2.79849,43.2586],[-2.79845,43.25859],[-2.79844,43.25858],[-2.79839,43.25858],[-2.79833,43.25858],[-2.79832,43.25858],[-2.7983,43.25858],[-2.79828,43.25858],[-2.79824,43.25859],[-2.79823,43.2586],[-2.79818,43.25862],[-2.79814,43.25865],[-2.79811,43.25868],[-2.79809,43.25871],[-2.79786,43.25913],[-2.7977,43.25937]]}},{"type":"Feature","properties":{"id":243224413,"highway":"service"},"geometry":{"type":"LineString","coordinates":[[-2.79821,43.25659],[-2.79825,43.25661],[-2.79839,43.2567],[-2.7988,43.25695]]}},{"type":"Feature","properties":{"id":243224419,"highway":"service"},"geometry":{"type":"LineString","coordinates":[[-2.79821,43.25659],[-2.79836,43.25655],[-2.79847,43.25654],[-2.79866,43.25642],[-2.79889,43.25633],[-2.79932,43.25622],[-2.79957,43.25617]]}},{"type":"Feature","properties":{"id":243224420,"highway":"service"},"geometry":{"type":"LineString","coordinates":[[-2.80348,43.24854],[-2.80348,43.2485],[-2.8035,43.24847]]}},{"type":"Feature","properties":{"id":243224423,"highway":"service"},"geometry":{"type":"LineString","coordinates":[[-2.80083,43.25727],[-2.80101,43.25723],[-2.80129,43.25721],[-2.8013,43.25721],[-2.80135,43.2572],[-2.80139,43.25718],[-2.80143,43.25716],[-2.80145,43.25714],[-2.80154,43.25705]]}},{"type":"Feature","properties":{"id":243269767,"highway":"tertiary","superficie":"asphalt"},"geometry":{"type":"LineString","coordinates":[[-2.79853,43.26198],[-2.79932,43.26217],[-2.79967,43.26226],[-2.80005,43.26237],[-2.80009,43.26239],[-2.8003,43.26247],[-2.80065,43.26262],[-2.80099,43.26277],[-2.80142,43.26296],[-2.80169,43.26306],[-2.80188,43.26316],[-2.80217,43.26328],[-2.80234,43.26333],[-2.80244,43.26334],[-2.80259,43.26338],[-2.8027,43.26341],[-2.80335,43.26363],[-2.80382,43.26379],[-2.80392,43.26383],[-2.80446,43.26404],[-2.80479,43.26413],[-2.80536,43.26424],[-2.80661,43.26449],[-2.80697,43.26458],[-2.8071,43.26461],[-2.80773,43.26476],[-2.80801,43.26483],[-2.8081,43.26485],[-2.80815,43.26487],[-2.80864,43.26501],[-2.80916,43.26524],[-2.81002,43.2656],[-2.81016,43.26565],[-2.81038,43.26574],[-2.81071,43.26583],[-2.81161,43.26601]]}},{"type":"Feature","properties":{"id":271273845,"highway":"tertiary","superficie":"asphalt"},"geometry":{"type":"LineString","coordinates":[[-2.81174,43.26604],[-2.81197,43.26609],[-2.81229,43.26615],[-2.81231,43.26615],[-2.81234,43.26616],[-2.81262,43.26622],[-2.813,43.2663],[-2.81312,43.26633],[-2.81341,43.2664],[-2.81368,43.2665],[-2.81392,43.26658],[-2.81395,43.26659],[-2.81396,43.2666]]}},{"type":"Feature","properties":{"id":271273846,"highway":"tertiary","puente":"yes"},"geometry":{"type":"LineString","coordinates":[[-2.81161,43.26601],[-2.81174,43.26604]]}},{"type":"Feature","properties":{"id":271273847,"highway":"service"},"geometry":{"type":"LineString","coordinates":[[-2.80188,43.26316],[-2.80185,43.2632],[-2.80183,43.26322],[-2.80183,43.26323],[-2.80181,43.26326],[-2.80181,43.26329],[-2.80181,43.26333],[-2.80183,43.26335],[-2.80199,43.26362],[-2.80214,43.26384],[-2.8022,43.26394],[-2.80222,43.26397],[-2.80237,43.26431],[-2.80248,43.26462]]}},{"type":"Feature","properties":{"id":271273848,"highway":"service"},"geometry":{"type":"LineString","coordinates":[[-2.80061,43.26188],[-2.80057,43.26193],[-2.80033,43.26197],[-2.80032,43.26197],[-2.8003,43.26197],[-2.80029,43.26198],[-2.80028,43.26199],[-2.80027,43.262],[-2.80026,43.26201],[-2.80026,43.26201],[-2.8002,43.26216],[-2.8001,43.26229],[-2.80005,43.26237]]}},{"type":"Feature","properties":{"id":271273849,"highway":"service"},"geometry":{"type":"LineString","coordinates":[[-2.80005,43.26237],[-2.80003,43.26229],[-2.80003,43.26228],[-2.80003,43.26224],[-2.80003,43.26221],[-2.80004,43.26206],[-2.80005,43.26205],[-2.80004,43.26204],[-2.80004,43.26203],[-2.80003,43.26201],[-2.80002,43.262],[-2.80001,43.26199],[-2.79999,43.26199],[-2.79997,43.26198],[-2.79996,43.26198],[-2.79995,43.26197],[-2.79952,43.26193],[-2.79935,43.26185],[-2.79931,43.26176],[-2.79941,43.26153],[-2.79955,43.26127],[-2.79965,43.26115],[-2.79982,43.26115]]}},{"type":"Feature","properties":{"id":271273850,"highway":"service"},"geometry":{"type":"LineString","coordinates":[[-2.80678,43.26503],[-2.80683,43.26504],[-2.80683,43.26504],[-2.80684,43.26505],[-2.80687,43.26506],[-2.80702,43.2651],[-2.80705,43.26511],[-2.80708,43.26512],[-2.80711,43.26513],[-2.80714,43.26514],[-2.80718,43.26516],[-2.8072,43.26518],[-2.80723,43.2652],[-2.80724,43.26522],[-2.80725,43.26523],[-2.80726,43.26526],[-2.80726,43.26528],[-2.80727,43.26529],[-2.80727,43.26534],[-2.80726,43.26538],[-2.80726,43.26541],[-2.80726,43.26541],[-2.80726,43.26542],[-2.80726,43.26544],[-2.80726,43.26545],[-2.80727,43.26547],[-2.80731,43.2655]]}},{"type":"Feature","properties":{"id":271273851,"highway":"service"},"geometry":{"type":"LineString","coordinates":[[-2.80392,43.26383],[-2.80396,43.26378],[-2.80396,43.26378],[-2.80397,43.26377],[-2.80398,43.26377],[-2.80398,43.26377],[-2.80399,43.26376],[-2.804,43.26376],[-2.80401,43.26376],[-2.80402,43.26376],[-2.80404,43.26376],[-2.80405,43.26376],[-2.80405,43.26376],[-2.80407,43.26376],[-2.80408,43.26376],[-2.80409,43.26376],[-2.8041,43.26375],[-2.8041,43.26375],[-2.8041,43.26375],[-2.80411,43.26374],[-2.80412,43.26373],[-2.80412,43.26372],[-2.80412,43.26372],[-2.80412,43.26371],[-2.80412,43.2637],[-2.80411,43.26369],[-2.8041,43.26368],[-2.8041,43.26368],[-2.80404,43.26365]]}},{"type":"Feature","properties":{"id":271273852,"highway":"service"},"geometry":{"type":"LineString","coordinates":[[-2.80661,43.26449],[-2.80663,43.26394],[-2.80666,43.26388]]}},{"type":"Feature","properties":{"id":271273853,"highway":"service"},"geometry":{"type":"LineString","coordinates":[[-2.80335,43.26363],[-2.8033,43.26367],[-2.80317,43.26379],[-2.803,43.26396]]}},{"type":"Feature","properties":{"id":271273854,"highway":"service"},"geometry":{"type":"LineString","coordinates":[[-2.80256,43.2649],[-2.80253,43.26484],[-2.80248,43.26469],[-2.80248,43.26462]]}},{"type":"Feature","properties":{"id":271273855,"highway":"service"},"geometry":{"type":"LineString","coordinates":[[-2.80697,43.26458],[-2.80694,43.26464],[-2.80678,43.26503],[-2.80674,43.26512],[-2.80656,43.26557]]}},{"type":"Feature","properties":{"id":271273856,"highway":"service"},"geometry":{"type":"LineString","coordinates":[[-2.80145,43.26257],[-2.80149,43.26252],[-2.80161,43.26243],[-2.80189,43.26219]]}},{"type":"Feature","properties":{"id":271273857,"highway":"service"},"geometry":{"type":"LineString","coordinates":[[-2.8027,43.26341],[-2.80269,43.26346],[-2.80269,43.26349],[-2.80269,43.26362],[-2.80275,43.26376]]}},{"type":"Feature","properties":{"id":271273858,"highway":"service"},"geometry":{"type":"LineString","coordinates":[[-2.80164,43.26436],[-2.80175,43.26429],[-2.8019,43.26418],[-2.80214,43.26399],[-2.8022,43.26394]]}},{"type":"Feature","properties":{"id":271273859,"highway":"service"},"geometry":{"type":"LineString","coordinates":[[-2.80145,43.26257],[-2.80155,43.26256],[-2.80159,43.26255],[-2.80164,43.26254],[-2.80168,43.26253]]}},{"type":"Feature","properties":{"id":271273860,"highway":"service"},"geometry":{"type":"LineString","coordinates":[[-2.80145,43.26257],[-2.80137,43.26258],[-2.80121,43.2626],[-2.80116,43.26262],[-2.80112,43.26264],[-2.80109,43.26266],[-2.80104,43.2627],[-2.80099,43.26277]]}},{"type":"Feature","properties":{"id":271273861,"highway":"service"},"geometry":{"type":"LineString","coordinates":[[-2.80815,43.26487],[-2.8083,43.26462],[-2.8084,43.2645],[-2.80849,43.26441],[-2.80858,43.26432],[-2.80866,43.26426],[-2.80866,43.26419],[-2.80857,43.26408],[-2.80847,43.26399]]}},{"type":"Feature","properties":{"id":279664634,"highway":"service"},"geometry":{"type":"LineString","coordinates":[[-2.81036,43.26588],[-2.81037,43.26577],[-2.81038,43.26574]]}},{"type":"Feature","properties":{"id":279664635,"highway":"service"},"geometry":{"type":"LineString","coordinates":[[-2.8079,43.26501],[-2.80803,43.26501],[-2.80804,43.26502],[-2.80806,43.26502],[-2.80827,43.2651],[-2.80837,43.26514],[-2.80838,43.26514],[-2.80842,43.26517]]}},{"type":"Feature","properties":{"id":279664644,"highway":"service"},"geometry":{"type":"LineString","coordinates":[[-2.81038,43.26574],[-2.81045,43.26563]]}},{"type":"Feature","properties":{"id":279664646,"highway":"service"},"geometry":{"type":"LineString","coordinates":[[-2.81045,43.26563],[-2.81069,43.2654],[-2.81076,43.26532]]}},{"type":"Feature","properties":{"id":279664650,"highway":"service"},"geometry":{"type":"LineString","coordinates":[[-2.81394,43.26663],[-2.81392,43.26668]]}},{"type":"Feature","properties":{"id":279664661,"highway":"service"},"geometry":{"type":"LineString","coordinates":[[-2.80916,43.26524],[-2.80914,43.26526],[-2.80912,43.26528],[-2.80909,43.26532],[-2.80902,43.26539]]}},{"type":"Feature","properties":{"id":292374565,"highway":"service"},"geometry":{"type":"LineString","coordinates":[[-2.79411,43.24713],[-2.79422,43.24727],[-2.79429,43.24732]]}},{"type":"Feature","properties":{"id":334828186,"highway":"track"},"geometry":{"type":"LineString","coordinates":[[-2.7521,43.27982],[-2.75191,43.2797],[-2.75148,43.2794]]}},{"type":"Feature","properties":{"id":334828188,"highway":"path"},"geometry":{"type":"LineString","coordinates":[[-2.74333,43.27517],[-2.74348,43.27507],[-2.74378,43.27495],[-2.74384,43.27492],[-2.74389,43.27488],[-2.74405,43.27483],[-2.74419,43.27476],[-2.74433,43.27464],[-2.74446,43.27446],[-2.74463,43.27444],[-2.74485,43.27444]]}},{"type":"Feature","properties":{"id":334828189,"highway":"track"},"geometry":{"type":"LineString","coordinates":[[-2.74927,43.27686],[-2.7494,43.27675],[-2.74955,43.27666],[-2.74961,43.2766],[-2.74964,43.27651],[-2.74959,43.27624],[-2.74961,43.27613],[-2.74964,43.276],[-2.74964,43.27594],[-2.74961,43.27582],[-2.74961,43.27558],[-2.7496,43.27535],[-2.74957,43.27524],[-2.74952,43.27512],[-2.74943,43.27498],[-2.7492,43.27473],[-2.74878,43.27456],[-2.74852,43.27441],[-2.74821,43.2744],[-2.74803,43.27445],[-2.74779,43.27452],[-2.74776,43.27452],[-2.7475,43.27469],[-2.74729,43.27495],[-2.74712,43.27508],[-2.74699,43.27512],[-2.74688,43.27505],[-2.74682,43.2749],[-2.74681,43.27479],[-2.74676,43.27459],[-2.74665,43.27453],[-2.74634,43.2743],[-2.74597,43.27411],[-2.74549,43.27392],[-2.74508,43.27388],[-2.74469,43.27388],[-2.74436,43.27386],[-2.74394,43.27383],[-2.74386,43.27376],[-2.74379,43.27363],[-2.74365,43.27338],[-2.7435,43.27321],[-2.74331,43.27305],[-2.74306,43.2729],[-2.74282,43.27276],[-2.74244,43.27254]]}},{"type":"Feature","properties":{"id":334830871,"highway":"track"},"geometry":{"type":"LineString","coordinates":[[-2.75053,43.27834],[-2.7505,43.27802],[-2.75038,43.27774],[-2.7504,43.27758],[-2.75052,43.27746],[-2.75067,43.27727],[-2.7507,43.27718],[-2.75071,43.27702],[-2.75069,43.27686],[-2.75071,43.27665],[-2.75082,43.27632],[-2.75086,43.27622],[-2.75086,43.27612],[-2.75095,43.27593],[-2.75121,43.2755],[-2.75146,43.27512],[-2.75154,43.27489],[-2.75174,43.27459],[-2.7518,43.27439],[-2.75186,43.27427],[-2.7519,43.27412],[-2.75196,43.27387],[-2.75218,43.27367],[-2.75228,43.27355]]}},{"type":"Feature","properties":{"id":334830872,"highway":"track"},"geometry":{"type":"LineString","coordinates":[[-2.75228,43.27355],[-2.75234,43.27353],[-2.75242,43.27347],[-2.75255,43.27335],[-2.75271,43.27327],[-2.75289,43.27319]]}},{"type":"Feature","properties":{"id":334830873,"highway":"track"},"geometry":{"type":"LineString","coordinates":[[-2.75307,43.27319],[-2.75321,43.27317],[-2.75337,43.27311],[-2.75357,43.27297],[-2.75388,43.27287],[-2.75416,43.27271],[-2.75427,43.27268],[-2.75438,43.27261],[-2.75474,43.27247],[-2.75491,43.27239],[-2.75498,43.27237],[-2.75505,43.27238],[-2.75509,43.27241],[-2.75528,43.27259],[-2.75547,43.27271],[-2.75582,43.27287],[-2.75592,43.27295],[-2.75593,43.27306],[-2.7559,43.27327],[-2.75585,43.27345],[-2.75577,43.2735]]}},{"type":"Feature","properties":{"id":334830874,"highway":"track"},"geometry":{"type":"LineString","coordinates":[[-2.74871,43.27601],[-2.74888,43.27583],[-2.74945,43.27539],[-2.7496,43.27535],[-2.74971,43.2752],[-2.7498,43.27513],[-2.75014,43.27484],[-2.75142,43.27399],[-2.75169,43.27386],[-2.75189,43.27373],[-2.7521,43.2736],[-2.75228,43.27355]]}},{"type":"Feature","properties":{"id":334833524,"highway":"track"},"geometry":{"type":"MultiLineString","coordinates":[[[-2.75369,43.27239],[-2.7539,43.27211],[-2.75406,43.27183],[-2.75416,43.27156],[-2.75434,43.27132],[-2.75449,43.27116],[-2.7548,43.2709],[-2.75496,43.27072],[-2.75516,43.27053],[-2.75535,43.27042],[-2.75572,43.2702],[-2.75582,43.2701],[-2.75621,43.26965],[-2.75634,43.26949],[-2.75642,43.26942],[-2.75681,43.26894],[-2.75688,43.26884]],[[-2.75716,43.2684],[-2.75736,43.26802]]]}},{"type":"Feature","properties":{"id":334833525,"highway":"track"},"geometry":{"type":"LineString","coordinates":[[-2.75736,43.26802],[-2.75775,43.26717],[-2.75791,43.26679],[-2.75801,43.2667],[-2.75812,43.26665],[-2.75835,43.26658],[-2.75847,43.26655],[-2.75858,43.26649],[-2.75883,43.26631],[-2.75892,43.26625],[-2.75929,43.26604],[-2.75957,43.2659],[-2.75974,43.2658],[-2.75987,43.26568],[-2.75996,43.26553],[-2.76002,43.26537],[-2.76021,43.26498],[-2.76045,43.26445],[-2.76054,43.26431],[-2.76056,43.26418],[-2.76066,43.26376],[-2.76077,43.26355],[-2.76087,43.26342],[-2.76093,43.26327],[-2.761,43.26313],[-2.76105,43.263],[-2.76109,43.26291],[-2.76121,43.26271],[-2.76131,43.26262],[-2.76156,43.26241],[-2.76184,43.26217],[-2.76193,43.2621],[-2.76213,43.26191],[-2.76228,43.2618],[-2.76256,43.26163],[-2.76296,43.26134],[-2.76318,43.26117],[-2.76355,43.26086],[-2.76391,43.26061],[-2.76406,43.26043],[-2.76421,43.26022]]}},{"type":"Feature","properties":{"id":338062689,"highway":"track"},"geometry":{"type":"MultiLineString","coordinates":[[[-2.76681,43.28884],[-2.76683,43.28861],[-2.76668,43.28839],[-2.76647,43.28807],[-2.76606,43.28785],[-2.76586,43.28776],[-2.76541,43.28756],[-2.76457,43.28722],[-2.76355,43.28679],[-2.76294,43.2865],[-2.76282,43.28642],[-2.76251,43.28603],[-2.76229,43.28584],[-2.76205,43.28564],[-2.76175,43.28543],[-2.76151,43.28534],[-2.7613,43.28528],[-2.76099,43.28514],[-2.76089,43.28508],[-2.76041,43.28494],[-2.76005,43.28474],[-2.75967,43.28451],[-2.75927,43.2843],[-2.75884,43.28407],[-2.75868,43.28398],[-2.75841,43.28387],[-2.75815,43.28378]],[[-2.75807,43.28372],[-2.75799,43.28366],[-2.75794,43.2836],[-2.75783,43.28357]]]}},{"type":"Feature","properties":{"id":338062697,"highway":"track"},"geometry":{"type":"LineString","coordinates":[[-2.77528,43.28898],[-2.77511,43.28887],[-2.77465,43.28864],[-2.77447,43.28857],[-2.77434,43.28851],[-2.77413,43.28838],[-2.77399,43.2883],[-2.77381,43.2882],[-2.77371,43.28813],[-2.7736,43.28813],[-2.77342,43.28811],[-2.77327,43.28806],[-2.77312,43.28796],[-2.77301,43.28788],[-2.77294,43.28783],[-2.77284,43.28772],[-2.77269,43.28759],[-2.77237,43.28731],[-2.77227,43.28721],[-2.77215,43.28712],[-2.77201,43.28712],[-2.77176,43.28716],[-2.77163,43.28716],[-2.77154,43.28712],[-2.77141,43.28701],[-2.77131,43.28693],[-2.77116,43.28688],[-2.771,43.28685],[-2.77087,43.28676],[-2.77077,43.28665],[-2.77065,43.28646],[-2.77052,43.2863],[-2.77028,43.28618],[-2.76998,43.28609],[-2.76969,43.28587],[-2.76947,43.28573],[-2.76927,43.28563],[-2.76917,43.28558],[-2.76912,43.28556],[-2.76887,43.28548],[-2.76853,43.2854],[-2.76839,43.2854],[-2.76823,43.28538],[-2.76814,43.28532],[-2.76808,43.28523],[-2.76795,43.28516],[-2.76745,43.28491],[-2.76738,43.28484],[-2.76734,43.28476],[-2.76726,43.28465],[-2.76714,43.28454]]}},{"type":"Feature","properties":{"id":338062698,"highway":"track"},"geometry":{"type":"LineString","coordinates":[[-2.76927,43.28563],[-2.7694,43.28556],[-2.76957,43.28539],[-2.76977,43.28523],[-2.77007,43.28505],[-2.77031,43.28489],[-2.77067,43.28471],[-2.77094,43.28458],[-2.77118,43.28442],[-2.7713,43.28431]]}},{"type":"Feature","properties":{"id":338062699,"highway":"track"},"geometry":{"type":"LineString","coordinates":[[-2.77052,43.2863],[-2.77041,43.28645],[-2.77031,43.28658],[-2.77023,43.28667],[-2.77016,43.28675],[-2.77008,43.28683],[-2.76997,43.28689],[-2.76985,43.28697],[-2.76972,43.28704],[-2.76958,43.28714],[-2.76948,43.28723],[-2.76938,43.28738],[-2.76933,43.2875],[-2.7693,43.28766],[-2.76928,43.28776],[-2.76922,43.28784],[-2.76911,43.28789],[-2.76894,43.28796],[-2.76879,43.28805],[-2.76872,43.28816],[-2.76871,43.2883],[-2.76868,43.28838],[-2.76862,43.28841],[-2.76852,43.28842],[-2.76838,43.2884],[-2.76822,43.28839],[-2.76805,43.2884],[-2.76792,43.28839],[-2.7678,43.28837],[-2.76757,43.28839],[-2.76743,43.28843],[-2.76735,43.28848],[-2.76719,43.28847],[-2.76704,43.28844],[-2.76689,43.28843],[-2.76668,43.28839]]}},{"type":"Feature","properties":{"id":338062704,"highway":"path"},"geometry":{"type":"LineString","coordinates":[[-2.77188,43.29164],[-2.77112,43.29102],[-2.77054,43.2907],[-2.77017,43.29053],[-2.77004,43.29047],[-2.76997,43.29041],[-2.76913,43.28989],[-2.76871,43.28952],[-2.76832,43.28918],[-2.76778,43.28879],[-2.76752,43.28854],[-2.76735,43.28848]]}},{"type":"Feature","properties":{"id":338294277,"highway":"residential","nombre":"Barrio Berresoaga"},"geometry":{"type":"LineString","coordinates":[[-2.81236,43.26597],[-2.81236,43.26595],[-2.81236,43.26582],[-2.81237,43.26527],[-2.81237,43.26517],[-2.81236,43.26505],[-2.81234,43.26493],[-2.81228,43.26474],[-2.81196,43.26365]]}},{"type":"Feature","properties":{"id":338294278,"highway":"residential","nombre":"Barrio Berresoaga"},"geometry":{"type":"LineString","coordinates":[[-2.81236,43.26595],[-2.81247,43.26595],[-2.81314,43.26596],[-2.81321,43.26595],[-2.81324,43.26593],[-2.81326,43.26589],[-2.81326,43.26583],[-2.81328,43.2653],[-2.81326,43.26506],[-2.81322,43.26481],[-2.81316,43.2646],[-2.81283,43.26352],[-2.81282,43.2635],[-2.81271,43.2631],[-2.81269,43.26294],[-2.8127,43.26279],[-2.8127,43.26272],[-2.81268,43.26268],[-2.81259,43.26262],[-2.81185,43.26253]]}},{"type":"Feature","properties":{"id":338294280,"highway":"track"},"geometry":{"type":"LineString","coordinates":[[-2.8059,43.2565],[-2.80577,43.25658],[-2.80576,43.25672],[-2.80577,43.2568],[-2.80578,43.25694],[-2.80582,43.25708],[-2.8058,43.25716],[-2.80573,43.25719],[-2.80546,43.25712],[-2.8053,43.25707],[-2.80515,43.25699]]}},{"type":"Feature","properties":{"id":338294281,"highway":"track"},"geometry":{"type":"LineString","coordinates":[[-2.81845,43.25623],[-2.81856,43.25632],[-2.81859,43.25644],[-2.81875,43.25699],[-2.81884,43.25719],[-2.81885,43.25731],[-2.81877,43.2574],[-2.8187,43.25742],[-2.81859,43.25743],[-2.81854,43.25748],[-2.81858,43.25755],[-2.81875,43.25762],[-2.81899,43.25765],[-2.81916,43.25766],[-2.81925,43.25771],[-2.81924,43.2578],[-2.81906,43.25794],[-2.81881,43.25804],[-2.81859,43.2581],[-2.81849,43.25811],[-2.81824,43.25811]]}},{"type":"Feature","properties":{"id":338313885,"highway":"track"},"geometry":{"type":"LineString","coordinates":[[-2.74699,43.27512],[-2.74717,43.27519],[-2.74739,43.2753],[-2.74759,43.27545],[-2.74783,43.27562],[-2.74793,43.2757],[-2.74809,43.27577]]}},{"type":"Feature","properties":{"id":338313886,"highway":"track"},"geometry":{"type":"LineString","coordinates":[[-2.74803,43.27445],[-2.74796,43.2743],[-2.74795,43.2741],[-2.74794,43.274],[-2.74789,43.27385],[-2.74784,43.27365],[-2.74781,43.2734],[-2.74778,43.27323],[-2.74779,43.27309],[-2.74777,43.27275],[-2.74772,43.27264],[-2.74742,43.27257],[-2.74698,43.27252],[-2.74661,43.27248],[-2.74637,43.27244],[-2.74622,43.27245],[-2.74606,43.27258],[-2.74594,43.27266]]}},{"type":"Feature","properties":{"id":338313887,"highway":"track"},"geometry":{"type":"LineString","coordinates":[[-2.74388,43.27215],[-2.74386,43.27221],[-2.74397,43.27255],[-2.74407,43.27278],[-2.74407,43.27294],[-2.74396,43.27319],[-2.74385,43.27344],[-2.74381,43.27354],[-2.74379,43.27363]]}},{"type":"Feature","properties":{"id":339026927,"highway":"service","nombre":"Erkinko auzoa","superficie":"asphalt"},"geometry":{"type":"LineString","coordinates":[[-2.77976,43.26623],[-2.77943,43.26623],[-2.77906,43.26621],[-2.77887,43.26618],[-2.77866,43.26614],[-2.778,43.26604],[-2.77757,43.26601],[-2.7772,43.26596],[-2.77684,43.26589],[-2.77658,43.26584],[-2.77611,43.26576],[-2.77554,43.26573],[-2.77542,43.26576],[-2.77531,43.26581],[-2.77504,43.266],[-2.77498,43.26607],[-2.77493,43.26615],[-2.77491,43.26623],[-2.77489,43.2663],[-2.77486,43.26637],[-2.7748,43.26641],[-2.77445,43.26662],[-2.77415,43.26682],[-2.77396,43.26696],[-2.77364,43.26717],[-2.77348,43.26726],[-2.77336,43.26731],[-2.77314,43.26738],[-2.77299,43.26744],[-2.77247,43.2677],[-2.77202,43.26795],[-2.7719,43.26803],[-2.77178,43.26812],[-2.77158,43.26823],[-2.77139,43.26831],[-2.77116,43.26839],[-2.77101,43.26846],[-2.77086,43.26856],[-2.77067,43.26874],[-2.77036,43.26902],[-2.77018,43.26924],[-2.77006,43.2693],[-2.76991,43.26935],[-2.76975,43.26937],[-2.76953,43.26937],[-2.76924,43.26934],[-2.76893,43.26932],[-2.76885,43.26932]]}},{"type":"Feature","properties":{"id":339026932,"highway":"service","nombre":"Jauregi Apezpikua kalea"},"geometry":{"type":"LineString","coordinates":[[-2.78425,43.26742],[-2.78425,43.26756],[-2.78424,43.26766],[-2.78427,43.26783],[-2.78435,43.2684],[-2.78438,43.26882],[-2.78443,43.26911],[-2.78448,43.26913]]}},{"type":"Feature","properties":{"id":339026934,"highway":"service","nombre":"Ugalde auzoa"},"geometry":{"type":"LineString","coordinates":[[-2.76227,43.27618],[-2.76225,43.27631],[-2.76224,43.27653],[-2.76223,43.27666],[-2.76221,43.27676],[-2.76217,43.27683],[-2.76206,43.27695],[-2.762,43.277],[-2.76185,43.27707],[-2.76166,43.27713],[-2.76151,43.27716],[-2.76135,43.27717],[-2.76126,43.27716],[-2.7612,43.27716],[-2.76116,43.27719],[-2.76115,43.27725],[-2.76115,43.2773],[-2.76121,43.27739],[-2.76131,43.27751],[-2.76136,43.27763],[-2.76145,43.27774],[-2.76152,43.2778],[-2.76155,43.27785],[-2.76154,43.27788],[-2.76151,43.27793],[-2.76145,43.27796],[-2.76119,43.278],[-2.761,43.27799],[-2.76079,43.27799],[-2.76065,43.27805],[-2.76052,43.27811]]}},{"type":"Feature","properties":{"id":339026937,"highway":"track"},"geometry":{"type":"LineString","coordinates":[[-2.76155,43.27785],[-2.76176,43.2778],[-2.76197,43.27776],[-2.76215,43.27774],[-2.7623,43.27771],[-2.76238,43.27771],[-2.76252,43.27774],[-2.76268,43.27778],[-2.76282,43.2778],[-2.76298,43.2778],[-2.76317,43.27778],[-2.76336,43.27774],[-2.76345,43.27767],[-2.76346,43.27762],[-2.76338,43.27755],[-2.76335,43.27746],[-2.76343,43.2774],[-2.76355,43.27732],[-2.76372,43.27723],[-2.76379,43.27718],[-2.76391,43.27715],[-2.76404,43.27716],[-2.76409,43.27717],[-2.76435,43.27703],[-2.76454,43.27695],[-2.76462,43.27689],[-2.7647,43.27683],[-2.76479,43.2768],[-2.76495,43.27677],[-2.76506,43.27675],[-2.76523,43.27671],[-2.76543,43.27671],[-2.76567,43.27672],[-2.76577,43.27673],[-2.76586,43.27677],[-2.76599,43.2768],[-2.76615,43.27679],[-2.76629,43.27675],[-2.76632,43.27662],[-2.76636,43.27651]]}},{"type":"Feature","properties":{"id":340948522,"highway":"track"},"geometry":{"type":"LineString","coordinates":[[-2.79646,43.28501],[-2.79666,43.28505],[-2.79688,43.28506],[-2.7971,43.28511],[-2.79735,43.28523],[-2.7976,43.28539],[-2.79785,43.28554],[-2.79792,43.28561],[-2.798,43.28571],[-2.79803,43.28579],[-2.79804,43.2859],[-2.79802,43.28606],[-2.798,43.28618],[-2.79796,43.28625],[-2.79788,43.28634],[-2.79781,43.28641],[-2.79776,43.28645],[-2.7977,43.28648],[-2.79764,43.2865],[-2.79761,43.2865],[-2.79754,43.28653],[-2.79742,43.28652],[-2.79731,43.28649],[-2.79709,43.2864],[-2.79688,43.28629],[-2.79676,43.28615],[-2.79673,43.28612],[-2.79654,43.28608],[-2.79641,43.28605],[-2.79625,43.28599]]}},{"type":"Feature","properties":{"id":340948524,"highway":"path"},"geometry":{"type":"LineString","coordinates":[[-2.79932,43.28743],[-2.79915,43.28732],[-2.79905,43.28723],[-2.79893,43.28712],[-2.79889,43.28709],[-2.79874,43.287],[-2.79853,43.28694],[-2.79831,43.2869],[-2.79819,43.28686],[-2.79807,43.28678],[-2.79798,43.28671],[-2.79784,43.28664],[-2.79769,43.28655],[-2.79761,43.2865],[-2.79752,43.28645],[-2.79736,43.28638],[-2.79725,43.28633],[-2.7971,43.28628],[-2.797,43.28623],[-2.79692,43.28618],[-2.79682,43.28612],[-2.79675,43.2861],[-2.79676,43.28615],[-2.79678,43.28623],[-2.79685,43.28633],[-2.79685,43.28639],[-2.79675,43.28639],[-2.79638,43.28624],[-2.79606,43.28612],[-2.79601,43.28605],[-2.79608,43.286],[-2.79604,43.28595],[-2.79565,43.28576],[-2.79511,43.28559],[-2.79496,43.28559],[-2.79478,43.28557],[-2.79456,43.2856],[-2.79435,43.28569],[-2.7941,43.2857],[-2.79373,43.28567],[-2.79354,43.28566],[-2.79344,43.28564]]}},{"type":"Feature","properties":{"id":345923990,"highway":"residential","nombre":"Andra Mari kalea","izena_eu":"Andra Mari kalea","nombre_es":"Calle Andra Mari"},"geometry":{"type":"LineString","coordinates":[[-2.79541,43.25865],[-2.79546,43.25865],[-2.79556,43.25866],[-2.79563,43.25868],[-2.79571,43.2587],[-2.79589,43.25875],[-2.79604,43.25877],[-2.7963,43.2588]]}},{"type":"Feature","properties":{"id":345923991,"highway":"tertiary","nombre":"Mikel Zarate kalea","izena_eu":"Mikel Zarate kalea","nombre_es":"Calle Mikel Zarate","oneway":"no"},"geometry":{"type":"LineString","coordinates":[[-2.79504,43.26192],[-2.79514,43.2619],[-2.79519,43.26189],[-2.79524,43.26189],[-2.79527,43.26188],[-2.79538,43.26189]]}},{"type":"Feature","properties":{"id":345923992,"highway":"tertiary"},"geometry":{"type":"LineString","coordinates":[[-2.79609,43.2621],[-2.79613,43.26208],[-2.79615,43.26205],[-2.79618,43.262],[-2.79627,43.26182],[-2.79633,43.26166]]}},{"type":"Feature","properties":{"id":345926125,"highway":"track"},"geometry":{"type":"LineString","coordinates":[[-2.80256,43.2649],[-2.80261,43.26505],[-2.80263,43.26517],[-2.80261,43.26538],[-2.80263,43.26562],[-2.80265,43.26585],[-2.80265,43.26594],[-2.8026,43.26602],[-2.80247,43.26614],[-2.80237,43.26627],[-2.80233,43.26636],[-2.8023,43.26655],[-2.80226,43.26671],[-2.80216,43.26683],[-2.80207,43.26687],[-2.80198,43.26685],[-2.80182,43.2668]]}},{"type":"Feature","properties":{"id":345926126,"highway":"track"},"geometry":{"type":"LineString","coordinates":[[-2.80298,43.26875],[-2.80291,43.26871],[-2.80284,43.26866],[-2.80269,43.26855],[-2.80254,43.26847],[-2.80224,43.26834],[-2.80201,43.26825],[-2.80175,43.26815],[-2.80155,43.2681],[-2.80136,43.26808],[-2.80122,43.26813],[-2.80111,43.26816]]}},{"type":"Feature","properties":{"id":345991366,"highway":"service","nombre":"Astoreka auzoa"},"geometry":{"type":"LineString","coordinates":[[-2.77678,43.27818],[-2.77697,43.27846],[-2.77706,43.27857],[-2.77713,43.27869],[-2.77719,43.27875],[-2.77736,43.27884],[-2.77746,43.27888]]}},{"type":"Feature","properties":{"id":345991367,"highway":"track"},"geometry":{"type":"LineString","coordinates":[[-2.77927,43.27859],[-2.77948,43.27856],[-2.77971,43.27851],[-2.77985,43.27846],[-2.7799,43.27841],[-2.78003,43.2784],[-2.78009,43.27846],[-2.78011,43.27857],[-2.78014,43.27874],[-2.78017,43.27883]]}},{"type":"Feature","properties":{"id":345993585,"highway":"track"},"geometry":{"type":"LineString","coordinates":[[-2.80339,43.26126],[-2.80326,43.26106],[-2.80314,43.26087],[-2.80298,43.2606],[-2.80292,43.26053],[-2.80266,43.2603],[-2.8025,43.26014],[-2.80226,43.25995],[-2.80214,43.25983],[-2.80197,43.25969],[-2.80183,43.2596],[-2.80172,43.25955],[-2.8015,43.25947],[-2.80131,43.25941],[-2.80115,43.25937],[-2.801,43.25932],[-2.80097,43.2593]]}},{"type":"Feature","properties":{"id":345996460,"highway":"track"},"geometry":{"type":"LineString","coordinates":[[-2.80292,43.26053],[-2.80296,43.26048],[-2.80304,43.26038],[-2.80319,43.26024],[-2.80334,43.2601],[-2.80345,43.26],[-2.80356,43.25989],[-2.80367,43.25978],[-2.80378,43.25968],[-2.80388,43.25959],[-2.80405,43.25946],[-2.80417,43.25937],[-2.80427,43.25932]]}},{"type":"Feature","properties":{"id":345996461,"highway":"track"},"geometry":{"type":"LineString","coordinates":[[-2.80474,43.25956],[-2.80467,43.25952],[-2.80456,43.25947],[-2.80444,43.2594],[-2.80435,43.25936],[-2.80427,43.25932]]}},{"type":"Feature","properties":{"id":345996462,"highway":"track"},"geometry":{"type":"LineString","coordinates":[[-2.8071,43.26461],[-2.80716,43.26447],[-2.80729,43.26421],[-2.8074,43.26393],[-2.8075,43.26368],[-2.80754,43.26355],[-2.8076,43.26337],[-2.80769,43.2632],[-2.8078,43.26308],[-2.80794,43.26298],[-2.80817,43.26284],[-2.80829,43.2628],[-2.8084,43.26271],[-2.80848,43.26265],[-2.8086,43.26261],[-2.80878,43.26262],[-2.80913,43.26265],[-2.80951,43.26267],[-2.80982,43.2627],[-2.81006,43.26271],[-2.81024,43.2627],[-2.81043,43.26275]]}},{"type":"Feature","properties":{"id":345996463,"highway":"track"},"geometry":{"type":"LineString","coordinates":[[-2.81195,43.26172],[-2.81191,43.26174],[-2.81187,43.26175],[-2.81175,43.26172],[-2.81149,43.26166],[-2.81125,43.26164],[-2.81109,43.26171],[-2.811,43.26184],[-2.81098,43.26202],[-2.8109,43.26224],[-2.81089,43.26241],[-2.81089,43.2625],[-2.81086,43.26253],[-2.81064,43.26263],[-2.81049,43.26271],[-2.81043,43.26275],[-2.81047,43.2628],[-2.81058,43.26288],[-2.81076,43.26302],[-2.81086,43.2631],[-2.81095,43.26318],[-2.81105,43.2633],[-2.81116,43.26343],[-2.81122,43.26355],[-2.81125,43.26367],[-2.81127,43.26381],[-2.81133,43.26404],[-2.81142,43.26426],[-2.81153,43.26453],[-2.81158,43.26468],[-2.81162,43.26487],[-2.81163,43.26507],[-2.81165,43.26518],[-2.81141,43.26522],[-2.81108,43.26527],[-2.81096,43.26526],[-2.81086,43.26523],[-2.81076,43.26532]]}},{"type":"Feature","properties":{"id":345996464,"highway":"footway"},"geometry":{"type":"LineString","coordinates":[[-2.81181,43.26265],[-2.81175,43.26264],[-2.81176,43.2626],[-2.81134,43.26255]]}},{"type":"Feature","properties":{"id":346243708,"highway":"track"},"geometry":{"type":"LineString","coordinates":[[-2.8035,43.28258],[-2.80329,43.28258],[-2.80298,43.28258],[-2.80264,43.28249],[-2.80236,43.28242],[-2.8021,43.28235],[-2.80189,43.28229],[-2.80174,43.2823],[-2.80141,43.28239],[-2.80114,43.28237],[-2.80084,43.28217],[-2.80062,43.28199],[-2.80034,43.28177],[-2.80015,43.28159],[-2.79987,43.28151],[-2.79973,43.2815],[-2.79956,43.28148]]}},{"type":"Feature","properties":{"id":357207693,"highway":"track"},"geometry":{"type":"LineString","coordinates":[[-2.79865,43.25297],[-2.79863,43.25295],[-2.79855,43.25289],[-2.79846,43.25286],[-2.79834,43.25284],[-2.79821,43.25282],[-2.79807,43.2528],[-2.79792,43.25279],[-2.79781,43.25281],[-2.79766,43.25286],[-2.7976,43.25287],[-2.79751,43.25286],[-2.79733,43.25278],[-2.797,43.25266],[-2.79689,43.25263],[-2.79677,43.25265],[-2.79665,43.25271],[-2.79657,43.25278],[-2.79654,43.25285],[-2.79655,43.25296],[-2.79659,43.25309],[-2.79664,43.25318],[-2.79668,43.25326],[-2.79673,43.25339],[-2.79674,43.25349]]}},{"type":"Feature","properties":{"id":357207694,"highway":"service"},"geometry":{"type":"LineString","coordinates":[[-2.79751,43.25642],[-2.7974,43.25636],[-2.79713,43.25612],[-2.79707,43.25605],[-2.79703,43.25595],[-2.79698,43.25573],[-2.79693,43.25558],[-2.79688,43.25543],[-2.79692,43.25523],[-2.79696,43.25496],[-2.79698,43.25475],[-2.79699,43.25465],[-2.79696,43.25459],[-2.7969,43.25452],[-2.79683,43.25448],[-2.79676,43.25446],[-2.79663,43.25444],[-2.79656,43.25441],[-2.79646,43.25433],[-2.79629,43.2542],[-2.79611,43.25411]]}},{"type":"Feature","properties":{"id":357207695,"highway":"track"},"geometry":{"type":"LineString","coordinates":[[-2.79863,43.25295],[-2.79865,43.25285],[-2.79868,43.25268],[-2.79871,43.25255],[-2.79875,43.25246],[-2.79882,43.25239],[-2.79895,43.25228],[-2.7991,43.25216],[-2.79912,43.25209],[-2.79914,43.252],[-2.79915,43.25194],[-2.79921,43.25191],[-2.79944,43.25185],[-2.79956,43.25182],[-2.79968,43.25175],[-2.79976,43.25172],[-2.79985,43.25172],[-2.79993,43.25169],[-2.8,43.25163],[-2.80009,43.25155]]}},{"type":"Feature","properties":{"id":357207697,"highway":"service"},"geometry":{"type":"LineString","coordinates":[[-2.79693,43.25558],[-2.79705,43.25544],[-2.79718,43.25528],[-2.79727,43.2552],[-2.79736,43.25516]]}},{"type":"Feature","properties":{"id":357207698,"highway":"track"},"geometry":{"type":"LineString","coordinates":[[-2.80267,43.25069],[-2.8026,43.25075],[-2.80252,43.25081],[-2.80253,43.25088],[-2.80265,43.25108],[-2.80275,43.25127],[-2.80285,43.25146],[-2.80295,43.25165],[-2.80298,43.25178],[-2.80298,43.25189],[-2.803,43.25198],[-2.80309,43.25212],[-2.80316,43.25219],[-2.80324,43.25231],[-2.80332,43.25241],[-2.8034,43.25249],[-2.8035,43.25259],[-2.80362,43.25265],[-2.80378,43.25275],[-2.80389,43.25284],[-2.80404,43.25296],[-2.80415,43.25306],[-2.80423,43.25315],[-2.80424,43.25329],[-2.80416,43.25341],[-2.80412,43.25345],[-2.80397,43.25358],[-2.80381,43.25365],[-2.80361,43.25369],[-2.80344,43.2537],[-2.80323,43.25368],[-2.80304,43.25365],[-2.80285,43.25365],[-2.80277,43.2537]]}},{"type":"Feature","properties":{"id":357207699,"highway":"track"},"geometry":{"type":"LineString","coordinates":[[-2.80412,43.25345],[-2.80409,43.25355],[-2.80409,43.25367],[-2.8041,43.25371],[-2.80415,43.25377],[-2.80418,43.25379],[-2.80432,43.25394],[-2.80442,43.25403],[-2.80463,43.25418],[-2.80462,43.25426],[-2.80451,43.25434],[-2.80446,43.25447],[-2.80437,43.25454],[-2.80422,43.2546]]}},{"type":"Feature","properties":{"id":357207701,"highway":"service"},"geometry":{"type":"LineString","coordinates":[[-2.79989,43.25154],[-2.79986,43.25147],[-2.79984,43.2514],[-2.79984,43.25133],[-2.79987,43.25116],[-2.79991,43.25103],[-2.8,43.25089],[-2.80016,43.25071]]}},{"type":"Feature","properties":{"id":357207716,"highway":"track"},"geometry":{"type":"LineString","coordinates":[[-2.77689,43.24615],[-2.77682,43.24608],[-2.77657,43.24602],[-2.77638,43.24605],[-2.77626,43.24611],[-2.7761,43.24627],[-2.77597,43.24636],[-2.77571,43.24642],[-2.77514,43.24653],[-2.77502,43.24653],[-2.77488,43.24651],[-2.77476,43.24647],[-2.7747,43.24643],[-2.77461,43.24638],[-2.77452,43.24628],[-2.77422,43.24595],[-2.77386,43.24556],[-2.77368,43.24536]]}},{"type":"Feature","properties":{"id":361810890,"highway":"track"},"geometry":{"type":"LineString","coordinates":[[-2.75289,43.27319],[-2.75307,43.27319],[-2.75334,43.27321],[-2.75351,43.27326],[-2.75366,43.27328],[-2.75386,43.27334],[-2.75405,43.27337],[-2.75455,43.27337],[-2.7547,43.27339],[-2.75508,43.2735],[-2.75516,43.27354],[-2.75534,43.27371],[-2.75554,43.27384],[-2.75585,43.2739],[-2.75624,43.27414],[-2.75637,43.2742]]}},{"type":"Feature","properties":{"id":361810897,"highway":"service"},"geometry":{"type":"LineString","coordinates":[[-2.76885,43.26932],[-2.76879,43.26931]]}},{"type":"Feature","properties":{"id":361810904,"highway":"path"},"geometry":{"type":"LineString","coordinates":[[-2.74108,43.27494],[-2.74115,43.27492],[-2.74133,43.27488],[-2.74139,43.27488],[-2.74173,43.27497],[-2.74184,43.27505]]}},{"type":"Feature","properties":{"id":361810912,"highway":"service"},"geometry":{"type":"LineString","coordinates":[[-2.75892,43.27395],[-2.75884,43.27394],[-2.75878,43.27393],[-2.75871,43.27391],[-2.75865,43.27388],[-2.75862,43.27386],[-2.75852,43.27381]]}},{"type":"Feature","properties":{"id":361810914,"highway":"track"},"geometry":{"type":"LineString","coordinates":[[-2.75637,43.2742],[-2.75666,43.27435],[-2.75681,43.27442],[-2.7569,43.27445],[-2.75708,43.27449],[-2.7572,43.27448],[-2.7574,43.27445],[-2.75763,43.27441],[-2.75789,43.27437],[-2.75801,43.27433],[-2.7583,43.27423],[-2.75875,43.274],[-2.75892,43.27395]]}},{"type":"Feature","properties":{"id":362011825,"highway":"tertiary","nombre":"Mikel Zarate kalea","izena_eu":"Mikel Zarate kalea","nombre_es":"Calle Mikel Zarate"},"geometry":{"type":"LineString","coordinates":[[-2.7957,43.26143],[-2.79565,43.2613],[-2.79556,43.26114],[-2.79551,43.26105],[-2.7955,43.26104],[-2.79543,43.26098]]}},{"type":"Feature","properties":{"id":362011829,"highway":"steps"},"geometry":{"type":"LineString","coordinates":[[-2.79602,43.26112],[-2.79595,43.26132],[-2.79593,43.26135],[-2.79589,43.26141]]}},{"type":"Feature","properties":{"id":376064098,"highway":"track"},"geometry":{"type":"LineString","coordinates":[[-2.79282,43.28528],[-2.79268,43.28533],[-2.79254,43.28535],[-2.79236,43.28539],[-2.79219,43.28539],[-2.79207,43.28536],[-2.79194,43.28527],[-2.79182,43.28521],[-2.79142,43.2851],[-2.7909,43.28493],[-2.79039,43.28476],[-2.78986,43.28455],[-2.78948,43.28439],[-2.78911,43.28425],[-2.78848,43.28403],[-2.78829,43.28397],[-2.78778,43.28375],[-2.78738,43.28357],[-2.78713,43.28342],[-2.78687,43.28327],[-2.78658,43.28312],[-2.7862,43.28291],[-2.78575,43.28264],[-2.78532,43.28239],[-2.78493,43.2822],[-2.78445,43.282],[-2.7839,43.28177],[-2.78321,43.28147],[-2.78302,43.28137],[-2.78281,43.28123]]}},{"type":"Feature","properties":{"id":376064099,"highway":"track"},"geometry":{"type":"LineString","coordinates":[[-2.78281,43.28123],[-2.78265,43.28116],[-2.78253,43.28108],[-2.78233,43.28099],[-2.78221,43.28091],[-2.78209,43.28085],[-2.78184,43.28072],[-2.7816,43.28061],[-2.78151,43.28056],[-2.78148,43.28052],[-2.78147,43.28046],[-2.78149,43.28039],[-2.7815,43.28029],[-2.78151,43.28022],[-2.78153,43.28017],[-2.78157,43.28011],[-2.78159,43.28006],[-2.78155,43.28002],[-2.78151,43.27988],[-2.78147,43.27972],[-2.78146,43.27961],[-2.78146,43.2795],[-2.78146,43.27935],[-2.78144,43.27916],[-2.78144,43.279],[-2.78145,43.27892]]}},{"type":"Feature","properties":{"id":376064101,"highway":"track"},"geometry":{"type":"LineString","coordinates":[[-2.77618,43.27863],[-2.77629,43.27881],[-2.77633,43.279],[-2.77633,43.27917],[-2.77625,43.27934],[-2.77611,43.27952],[-2.77595,43.27964],[-2.77588,43.27972],[-2.77594,43.2798],[-2.7761,43.27984],[-2.77626,43.27989],[-2.77636,43.27998],[-2.77639,43.28012],[-2.77639,43.28028],[-2.77638,43.28039],[-2.77646,43.2805],[-2.77659,43.28058],[-2.77668,43.28065],[-2.77692,43.28069],[-2.77711,43.28082],[-2.77737,43.281],[-2.77756,43.28119],[-2.77772,43.28144],[-2.7778,43.28163],[-2.77786,43.28179],[-2.77788,43.28188],[-2.77797,43.28194],[-2.77813,43.28198],[-2.77829,43.28197]]}},{"type":"Feature","properties":{"id":376064103,"highway":"track"},"geometry":{"type":"LineString","coordinates":[[-2.77788,43.28188],[-2.77791,43.28201],[-2.77785,43.28221],[-2.77779,43.28237],[-2.7776,43.28251]]}},{"type":"Feature","properties":{"id":376064105,"highway":"path"},"geometry":{"type":"LineString","coordinates":[[-2.76586,43.28776],[-2.76612,43.28778],[-2.7664,43.2878],[-2.7666,43.2878],[-2.76675,43.2878],[-2.76685,43.28777],[-2.76684,43.2877],[-2.76678,43.28757],[-2.76678,43.28749],[-2.76689,43.28738],[-2.76702,43.28729],[-2.76718,43.28722],[-2.76732,43.28721],[-2.76743,43.28714],[-2.76752,43.28701],[-2.76758,43.2869],[-2.76768,43.28675],[-2.76784,43.28655],[-2.76796,43.28643],[-2.76806,43.28634],[-2.76818,43.28628],[-2.76828,43.28627],[-2.7684,43.28629],[-2.76851,43.2863],[-2.76861,43.28628],[-2.76875,43.28626],[-2.76895,43.28613],[-2.76914,43.28596],[-2.76915,43.28581],[-2.76905,43.28566],[-2.76912,43.28556]]}},{"type":"Feature","properties":{"id":376364378,"highway":"track"},"geometry":{"type":"LineString","coordinates":[[-2.80807,43.25714],[-2.8083,43.25703],[-2.80839,43.25698],[-2.80846,43.25687],[-2.80845,43.25676],[-2.80836,43.25664],[-2.80827,43.25651],[-2.80819,43.25642],[-2.80812,43.25629],[-2.80803,43.25614],[-2.80791,43.25596],[-2.80772,43.25574],[-2.80758,43.2556],[-2.80736,43.25544],[-2.80724,43.25526],[-2.80723,43.25512],[-2.80721,43.25497],[-2.80709,43.25459],[-2.80704,43.25451],[-2.80706,43.25449],[-2.80714,43.25451],[-2.80731,43.25464],[-2.80742,43.25469],[-2.80752,43.25472],[-2.80774,43.25483],[-2.80821,43.25508],[-2.80845,43.25524],[-2.80842,43.25511],[-2.80837,43.25484],[-2.80833,43.25461],[-2.80834,43.25445],[-2.80835,43.25439],[-2.80838,43.25431],[-2.80843,43.2542],[-2.8085,43.25409],[-2.80857,43.25403],[-2.80863,43.25399],[-2.80871,43.25397],[-2.8088,43.25395]]}},{"type":"Feature","properties":{"id":376364379,"highway":"track"},"geometry":{"type":"LineString","coordinates":[[-2.80706,43.25449],[-2.80682,43.25424],[-2.8066,43.25397],[-2.80658,43.25387],[-2.80662,43.25373],[-2.80662,43.2536],[-2.80654,43.25347],[-2.80641,43.25336],[-2.80635,43.25324],[-2.80636,43.25311],[-2.80643,43.25303],[-2.80657,43.25298],[-2.80679,43.25291],[-2.80697,43.25283],[-2.80711,43.25277],[-2.80722,43.25276],[-2.80737,43.25269],[-2.80759,43.25262],[-2.80785,43.25256]]}},{"type":"Feature","properties":{"id":376364380,"highway":"track"},"geometry":{"type":"LineString","coordinates":[[-2.80588,43.25154],[-2.80614,43.25146],[-2.80634,43.25138],[-2.80649,43.25134],[-2.80685,43.25134],[-2.8071,43.25136],[-2.80728,43.25135],[-2.80745,43.25134],[-2.80783,43.25135],[-2.8081,43.2514],[-2.80839,43.25148]]}},{"type":"Feature","properties":{"id":376364887,"highway":"track"},"geometry":{"type":"LineString","coordinates":[[-2.80845,43.25524],[-2.80849,43.25534],[-2.80855,43.25548],[-2.80863,43.25562],[-2.80869,43.25569],[-2.80873,43.2557]]}},{"type":"Feature","properties":{"id":386191313,"highway":"track"},"geometry":{"type":"LineString","coordinates":[[-2.78486,43.26747],[-2.78492,43.2676],[-2.78501,43.26774],[-2.78509,43.26784],[-2.78519,43.26791],[-2.7854,43.26796],[-2.78555,43.26803],[-2.78575,43.26814],[-2.78599,43.26831],[-2.78608,43.26839],[-2.78614,43.26842],[-2.78626,43.26844],[-2.7865,43.26844],[-2.78682,43.26846],[-2.7871,43.26851],[-2.78738,43.26857],[-2.78755,43.26865],[-2.78785,43.26883],[-2.7882,43.26895],[-2.78844,43.26902],[-2.78863,43.26906],[-2.78927,43.26915],[-2.78954,43.26918],[-2.78974,43.26926],[-2.78984,43.26933],[-2.79001,43.26937],[-2.79026,43.26953],[-2.7905,43.26972],[-2.79062,43.26979],[-2.79072,43.26984],[-2.79103,43.27006],[-2.79129,43.27023],[-2.79163,43.27049],[-2.79191,43.27067],[-2.7921,43.27084],[-2.7922,43.27103],[-2.7923,43.27124],[-2.79242,43.27138],[-2.79261,43.27159],[-2.79269,43.2717],[-2.79286,43.27188],[-2.79291,43.27207],[-2.79297,43.27225],[-2.79304,43.27237],[-2.79313,43.27238],[-2.79326,43.27242],[-2.79342,43.27251],[-2.79363,43.27259],[-2.79397,43.27268],[-2.7943,43.27277],[-2.79461,43.2729],[-2.79481,43.27303],[-2.79494,43.27313],[-2.79507,43.27332],[-2.79515,43.27346],[-2.79527,43.27356],[-2.79537,43.27363],[-2.79553,43.27375],[-2.7958,43.27396],[-2.79597,43.27406],[-2.79612,43.27411],[-2.79629,43.27423],[-2.79647,43.27432],[-2.7967,43.27439],[-2.79689,43.27453],[-2.79706,43.27467],[-2.79726,43.27477],[-2.79746,43.27488],[-2.7976,43.27496],[-2.79763,43.27503],[-2.79756,43.27515],[-2.79733,43.2753],[-2.7971,43.27545],[-2.79698,43.27555],[-2.79708,43.27565],[-2.79733,43.27575],[-2.79752,43.27583],[-2.79776,43.2759],[-2.79798,43.27598],[-2.79817,43.27608],[-2.79843,43.27615],[-2.7987,43.27626],[-2.79903,43.27638],[-2.79927,43.27647],[-2.79946,43.27652],[-2.79972,43.27659],[-2.79983,43.27662],[-2.79996,43.27664]]}},{"type":"Feature","properties":{"id":386191314,"highway":"track"},"geometry":{"type":"LineString","coordinates":[[-2.79313,43.27238],[-2.7933,43.27231],[-2.79342,43.2722],[-2.79346,43.27211],[-2.79344,43.27197],[-2.79335,43.27173],[-2.79328,43.27157],[-2.7933,43.27131],[-2.79331,43.2711],[-2.79335,43.2709],[-2.79337,43.27078],[-2.79333,43.27062],[-2.79325,43.27049],[-2.79319,43.27022],[-2.79301,43.26974],[-2.79287,43.26934],[-2.79271,43.26895],[-2.79266,43.26881],[-2.79261,43.26865]]}},{"type":"Feature","properties":{"id":394040100,"highway":"unclassified"},"geometry":{"type":"LineString","coordinates":[[-2.79771,43.26314],[-2.79785,43.26331],[-2.79802,43.26351],[-2.79815,43.26368],[-2.79821,43.26382],[-2.79821,43.26385],[-2.79823,43.26397],[-2.79823,43.26409],[-2.79819,43.2642]]}},{"type":"Feature","properties":{"id":394041232,"highway":"tertiary","nombre":"Mikel Zarate kalea","izena_eu":"Mikel Zarate kalea","nombre_es":"Calle Mikel Zarate"},"geometry":{"type":"LineString","coordinates":[[-2.79538,43.26189],[-2.79541,43.26187],[-2.79544,43.26184],[-2.79546,43.26181],[-2.79552,43.26175],[-2.79556,43.26169],[-2.7956,43.26164],[-2.79567,43.26155],[-2.7957,43.2615],[-2.7957,43.26143]]}},{"type":"Feature","properties":{"id":394041520,"highway":"service","nombre":"Basagurenalde kalea"},"geometry":{"type":"LineString","coordinates":[[-2.79853,43.26198],[-2.7985,43.26204],[-2.79849,43.26208],[-2.79839,43.26231],[-2.79838,43.26233]]}},{"type":"Feature","properties":{"id":395294666,"highway":"service"},"geometry":{"type":"LineString","coordinates":[[-2.79805,43.26186],[-2.79808,43.2618],[-2.79812,43.26181],[-2.79812,43.2618],[-2.79814,43.26175],[-2.79818,43.26162],[-2.79821,43.26153]]}},{"type":"Feature","properties":{"id":403504173,"highway":"track"},"geometry":{"type":"MultiLineString","coordinates":[[[-2.78343,43.2445],[-2.78371,43.2445],[-2.78378,43.24448],[-2.78395,43.24434],[-2.78402,43.2443],[-2.7842,43.24421],[-2.78435,43.24414],[-2.78442,43.24412],[-2.78478,43.2441],[-2.78494,43.24409],[-2.78542,43.24408],[-2.78566,43.244],[-2.78579,43.24398],[-2.78619,43.24399],[-2.78688,43.24406],[-2.78736,43.24442],[-2.78737,43.24443]],[[-2.78795,43.2451],[-2.78802,43.24516],[-2.78878,43.2456],[-2.78885,43.24564],[-2.78892,43.24567],[-2.78898,43.24567]]]}},{"type":"Feature","properties":{"id":418906739,"highway":"service"},"geometry":{"type":"LineString","coordinates":[[-2.79541,43.25865],[-2.79538,43.25863],[-2.79529,43.25859],[-2.79508,43.25857],[-2.79501,43.25856],[-2.79498,43.25855]]}},{"type":"Feature","properties":{"id":418906740,"highway":"path"},"geometry":{"type":"LineString","coordinates":[[-2.79434,43.25847],[-2.79436,43.2584],[-2.79442,43.25832],[-2.79442,43.25826],[-2.79439,43.25817],[-2.79431,43.25808],[-2.79426,43.25797],[-2.79427,43.25786],[-2.7943,43.25769],[-2.7943,43.25747],[-2.79431,43.25737],[-2.79431,43.25731],[-2.79436,43.25723],[-2.79447,43.25709],[-2.7945,43.25695],[-2.79452,43.2568],[-2.79461,43.25668],[-2.79464,43.25663],[-2.79461,43.25658],[-2.79456,43.2565],[-2.79455,43.2564],[-2.79458,43.25631],[-2.79466,43.25621],[-2.79472,43.25608],[-2.79473,43.25591],[-2.79473,43.25577],[-2.79474,43.25564],[-2.79482,43.25546],[-2.79489,43.25531],[-2.79503,43.25519],[-2.79524,43.25503],[-2.7954,43.25487],[-2.79549,43.25473],[-2.79551,43.25458],[-2.7955,43.25454],[-2.79544,43.25442],[-2.79529,43.25432],[-2.79518,43.25425],[-2.79503,43.25424]]}},{"type":"Feature","properties":{"id":418906741,"highway":"track"},"geometry":{"type":"LineString","coordinates":[[-2.77624,43.25895],[-2.77602,43.25899],[-2.77584,43.25901],[-2.77571,43.25905],[-2.77549,43.25912],[-2.77533,43.25916],[-2.77521,43.25914],[-2.77505,43.25908],[-2.77486,43.25907],[-2.77475,43.25909],[-2.77466,43.25911],[-2.77452,43.25936],[-2.77444,43.25945],[-2.77438,43.25954],[-2.77436,43.25963],[-2.77437,43.25974],[-2.77438,43.2598],[-2.77437,43.25987],[-2.77434,43.25993],[-2.77436,43.25999],[-2.77442,43.26002],[-2.77455,43.26007],[-2.77464,43.26009],[-2.77469,43.26014],[-2.77466,43.26021],[-2.77459,43.26025],[-2.77449,43.26027],[-2.77419,43.26029],[-2.77408,43.26031],[-2.77401,43.26034],[-2.774,43.26041],[-2.77402,43.26048],[-2.77405,43.26051],[-2.77411,43.26057],[-2.77409,43.26067],[-2.77404,43.26076],[-2.774,43.26088],[-2.77387,43.26103],[-2.77386,43.26108],[-2.77382,43.26119],[-2.77378,43.26126],[-2.77369,43.26133],[-2.77358,43.26143]]}},{"type":"Feature","properties":{"id":418906742,"highway":"track"},"geometry":{"type":"LineString","coordinates":[[-2.77232,43.26135],[-2.77239,43.26137],[-2.7725,43.26139],[-2.77259,43.26142],[-2.77278,43.2615],[-2.77286,43.26154],[-2.77298,43.26155],[-2.77305,43.26155],[-2.77309,43.26154],[-2.77315,43.2615],[-2.77323,43.26146],[-2.77349,43.26143],[-2.77358,43.26143]]}},{"type":"Feature","properties":{"id":418906743,"highway":"track"},"geometry":{"type":"LineString","coordinates":[[-2.77358,43.26143],[-2.77359,43.26143],[-2.77374,43.26145],[-2.7741,43.2615],[-2.7743,43.26157],[-2.77445,43.26162],[-2.77459,43.26176],[-2.77463,43.26181],[-2.77463,43.26189],[-2.77466,43.26221],[-2.77466,43.26243],[-2.77464,43.26266],[-2.77457,43.26292],[-2.7745,43.26302],[-2.77433,43.26312],[-2.77303,43.26333],[-2.77263,43.26346],[-2.77261,43.26348]]}},{"type":"Feature","properties":{"id":418911246,"highway":"track"},"geometry":{"type":"LineString","coordinates":[[-2.74888,43.27583],[-2.74888,43.27583],[-2.74876,43.27585],[-2.74856,43.27584],[-2.74842,43.27584]]}},{"type":"Feature","properties":{"id":418911247,"highway":"track"},"geometry":{"type":"LineString","coordinates":[[-2.74582,43.27541],[-2.74563,43.27545]]}},{"type":"Feature","properties":{"id":418921463,"highway":"track"},"geometry":{"type":"MultiLineString","coordinates":[[[-2.7422,43.27261],[-2.74226,43.27272],[-2.74226,43.27292],[-2.74227,43.27327],[-2.74225,43.27355],[-2.74223,43.27367],[-2.74215,43.2737],[-2.74194,43.27352],[-2.74175,43.2734],[-2.74158,43.27332]],[[-2.74142,43.27376],[-2.74142,43.27379],[-2.7414,43.27384],[-2.74139,43.27384]]]}},{"type":"Feature","properties":{"id":418926392,"highway":"track"},"geometry":{"type":"MultiLineString","coordinates":[[[-2.75677,43.26082],[-2.75686,43.26077],[-2.75693,43.26071],[-2.75693,43.26062],[-2.75692,43.26056]],[[-2.75732,43.25983],[-2.75736,43.2598],[-2.75745,43.25964],[-2.75749,43.25954]],[[-2.75757,43.25939],[-2.7576,43.25935],[-2.75774,43.25922],[-2.75786,43.25913],[-2.75793,43.25904],[-2.75799,43.25896],[-2.75802,43.25887],[-2.75801,43.25878],[-2.75801,43.25873],[-2.75803,43.25866],[-2.75805,43.25861],[-2.75805,43.25854],[-2.75821,43.25828],[-2.75838,43.25806],[-2.75844,43.25801]]]}},{"type":"Feature","properties":{"id":418926393,"highway":"path"},"geometry":{"type":"MultiLineString","coordinates":[[[-2.75805,43.25854],[-2.75793,43.25841],[-2.75781,43.25829],[-2.75779,43.25827]],[[-2.75765,43.25791],[-2.75768,43.25786],[-2.7578,43.25775],[-2.75788,43.25768],[-2.75794,43.25763],[-2.75798,43.25757],[-2.75813,43.25747],[-2.75824,43.2574],[-2.75848,43.25731],[-2.75858,43.25723],[-2.75872,43.25717],[-2.75881,43.25717],[-2.75888,43.25716],[-2.75896,43.25712],[-2.75905,43.25707],[-2.75907,43.25703]]]}},{"type":"Feature","properties":{"id":418926394,"highway":"track"},"geometry":{"type":"LineString","coordinates":[[-2.75941,43.25674],[-2.75941,43.25665],[-2.75936,43.2566],[-2.75933,43.25655],[-2.75932,43.25649],[-2.7594,43.2564],[-2.75951,43.25632],[-2.75968,43.2562],[-2.75987,43.25606],[-2.76,43.25599],[-2.76008,43.25591],[-2.76021,43.2558],[-2.76034,43.25568],[-2.76042,43.25559],[-2.76046,43.25551],[-2.76046,43.2554],[-2.76049,43.2553],[-2.76053,43.25524],[-2.76058,43.25521],[-2.76062,43.25521],[-2.76065,43.25524],[-2.76066,43.2553],[-2.76077,43.25541],[-2.76085,43.25549],[-2.76088,43.25552],[-2.76091,43.25553],[-2.76096,43.25551],[-2.76099,43.25546],[-2.76105,43.25533],[-2.76112,43.25512],[-2.76121,43.25492],[-2.76127,43.25486],[-2.76136,43.25483],[-2.76145,43.25483],[-2.76155,43.25484],[-2.76164,43.25484],[-2.76202,43.25481]]}},{"type":"Feature","properties":{"id":418926399,"highway":"path"},"geometry":{"type":"LineString","coordinates":[[-2.76091,43.25553],[-2.76094,43.2556],[-2.76099,43.25567],[-2.76103,43.25576],[-2.76105,43.25582],[-2.76104,43.25585],[-2.76107,43.25589],[-2.76115,43.25592],[-2.76123,43.25595],[-2.76128,43.25598],[-2.76135,43.25606],[-2.76149,43.25614],[-2.76161,43.25623],[-2.76171,43.25627],[-2.76181,43.25629],[-2.7619,43.25631],[-2.762,43.25637],[-2.76204,43.25639],[-2.76208,43.25641],[-2.7622,43.25645],[-2.76226,43.25647],[-2.76233,43.25646],[-2.76254,43.25648],[-2.76265,43.25649],[-2.76272,43.25646],[-2.76283,43.25636],[-2.76288,43.25634],[-2.76303,43.25635],[-2.76308,43.25637],[-2.76315,43.25636],[-2.76323,43.25632],[-2.7633,43.25631],[-2.76337,43.25633],[-2.76352,43.25632],[-2.76366,43.25632],[-2.7637,43.25633],[-2.76374,43.25634],[-2.76376,43.25639],[-2.7637,43.25654],[-2.76373,43.25665],[-2.76376,43.25672],[-2.76382,43.25677],[-2.76394,43.2568],[-2.76405,43.25682],[-2.76416,43.25683],[-2.76431,43.25686],[-2.7644,43.25685],[-2.76452,43.25685],[-2.76467,43.25679],[-2.76476,43.25672],[-2.76484,43.25669],[-2.7649,43.25667],[-2.76498,43.25668]]}},{"type":"Feature","properties":{"id":418926405,"highway":"path"},"geometry":{"type":"LineString","coordinates":[[-2.7662,43.26424],[-2.7659,43.26423],[-2.76552,43.26424],[-2.76526,43.26424],[-2.76514,43.26426],[-2.76506,43.26423],[-2.76506,43.26415],[-2.76502,43.26409],[-2.7649,43.2641],[-2.76472,43.26408],[-2.76446,43.264],[-2.76417,43.264],[-2.76406,43.26398],[-2.76397,43.26401],[-2.76387,43.26406],[-2.7638,43.26408],[-2.76359,43.26403],[-2.76343,43.26392],[-2.76332,43.26384],[-2.76322,43.26381],[-2.76315,43.26384],[-2.76305,43.26389],[-2.76297,43.26391],[-2.76288,43.26389],[-2.76274,43.26376],[-2.76261,43.26361],[-2.76253,43.26354],[-2.76239,43.26351],[-2.76233,43.26346],[-2.76229,43.26343],[-2.76219,43.26344],[-2.76202,43.2635],[-2.76188,43.26348],[-2.7618,43.26354],[-2.76166,43.26353],[-2.76158,43.26343],[-2.76157,43.26337],[-2.76141,43.26333],[-2.76124,43.26331],[-2.76102,43.26329],[-2.76093,43.26327]]}},{"type":"Feature","properties":{"id":418926409,"highway":"path"},"geometry":{"type":"LineString","coordinates":[[-2.77161,43.24658],[-2.77173,43.2466],[-2.77254,43.24669],[-2.77315,43.24681],[-2.77349,43.24677],[-2.7742,43.24677],[-2.77443,43.24674],[-2.77464,43.24682],[-2.77482,43.24697],[-2.77496,43.247],[-2.77521,43.24698],[-2.77589,43.24707],[-2.77644,43.24716],[-2.77677,43.24726],[-2.77683,43.24723],[-2.77733,43.24714],[-2.77754,43.24702],[-2.7783,43.24685],[-2.7789,43.24667],[-2.77933,43.24651],[-2.7795,43.24641],[-2.77961,43.2464]]}},{"type":"Feature","properties":{"id":418926414,"highway":"track"},"geometry":{"type":"LineString","coordinates":[[-2.78885,43.24564],[-2.78878,43.24566],[-2.7887,43.24568],[-2.78859,43.24568],[-2.78829,43.24561],[-2.78783,43.24541],[-2.78768,43.24537],[-2.78758,43.24536],[-2.7875,43.24538],[-2.78744,43.24546],[-2.78741,43.24553],[-2.78743,43.24562],[-2.78757,43.24593],[-2.78775,43.24627],[-2.78781,43.24635],[-2.78793,43.24643],[-2.78802,43.24649],[-2.78832,43.24661],[-2.78839,43.24665],[-2.78859,43.24671],[-2.78866,43.24675],[-2.78868,43.24679],[-2.78866,43.24684],[-2.78847,43.24702],[-2.78835,43.24715],[-2.78809,43.24744],[-2.78801,43.24752],[-2.78792,43.24755],[-2.78785,43.2476],[-2.78783,43.24765],[-2.78785,43.24771],[-2.78802,43.24783],[-2.78841,43.24809],[-2.78857,43.24823],[-2.78872,43.24832],[-2.7888,43.24835],[-2.78901,43.24841]]}},{"type":"Feature","properties":{"id":418926419,"highway":"track","tunel":"yes"},"geometry":{"type":"LineString","coordinates":[[-2.79503,43.25424],[-2.7948,43.25425]]}},{"type":"Feature","properties":{"id":418926421,"highway":"path","superficie":"ground"},"geometry":{"type":"LineString","coordinates":[[-2.795,43.25372],[-2.79494,43.2537],[-2.79487,43.25362],[-2.79429,43.25319],[-2.794,43.25298],[-2.7937,43.25279],[-2.7935,43.25266],[-2.79326,43.25244],[-2.79286,43.2521],[-2.79267,43.25195],[-2.79231,43.25173],[-2.79206,43.25158],[-2.79202,43.25154],[-2.792,43.25149],[-2.79197,43.25141],[-2.79195,43.25124],[-2.7919,43.25117],[-2.7918,43.25113],[-2.7917,43.25115],[-2.79164,43.25119],[-2.79159,43.25119],[-2.79152,43.25117],[-2.79143,43.25112],[-2.79123,43.25098],[-2.79085,43.25072],[-2.79054,43.25055],[-2.79042,43.25048],[-2.79038,43.25042],[-2.79035,43.25033],[-2.79038,43.2502],[-2.79041,43.25001],[-2.79041,43.24991],[-2.79037,43.24983],[-2.79027,43.24973],[-2.79002,43.24955],[-2.78986,43.24945],[-2.78979,43.24936],[-2.78972,43.24926],[-2.7896,43.24905],[-2.78951,43.24886],[-2.78948,43.24875],[-2.7894,43.24856],[-2.78935,43.2485],[-2.78922,43.24845],[-2.78901,43.24841]]}},{"type":"Feature","properties":{"id":418926423,"highway":"service","tunel":"yes"},"geometry":{"type":"LineString","coordinates":[[-2.79534,43.25381],[-2.79514,43.25375]]}},{"type":"Feature","properties":{"id":418926426,"highway":"service"},"geometry":{"type":"LineString","coordinates":[[-2.79514,43.25375],[-2.795,43.25372]]}},{"type":"Feature","properties":{"id":418926427,"highway":"track"},"geometry":{"type":"LineString","coordinates":[[-2.79489,43.2538],[-2.79481,43.25382],[-2.79472,43.25382],[-2.79449,43.25376],[-2.79429,43.2537],[-2.79421,43.25365],[-2.79412,43.25364],[-2.79397,43.25369],[-2.79385,43.25378],[-2.79375,43.25384],[-2.7937,43.25386],[-2.79351,43.25382],[-2.79335,43.25378],[-2.79329,43.25377],[-2.79325,43.25373],[-2.79311,43.25329],[-2.79305,43.25319],[-2.79299,43.25311],[-2.79293,43.25307]]}},{"type":"Feature","properties":{"id":418926430,"highway":"path"},"geometry":{"type":"LineString","coordinates":[[-2.79471,43.25416],[-2.79454,43.25415],[-2.79447,43.25416],[-2.79439,43.2542],[-2.79433,43.25429],[-2.79427,43.25435],[-2.79421,43.25437]]}},{"type":"Feature","properties":{"id":418926432,"highway":"track"},"geometry":{"type":"LineString","coordinates":[[-2.7937,43.25386],[-2.79378,43.25395],[-2.79389,43.25411],[-2.79394,43.25416],[-2.79405,43.25425],[-2.79421,43.25437],[-2.79424,43.25445]]}},{"type":"Feature","properties":{"id":418926434,"highway":"path"},"geometry":{"type":"LineString","coordinates":[[-2.79394,43.25416],[-2.7937,43.25417],[-2.79339,43.25419],[-2.79309,43.25424],[-2.79277,43.25434],[-2.79258,43.25438],[-2.79233,43.2544],[-2.79215,43.25441],[-2.79192,43.25448],[-2.79169,43.25464],[-2.79148,43.25482],[-2.79138,43.25505],[-2.7913,43.2552],[-2.79114,43.25527],[-2.791,43.25527],[-2.79082,43.25522],[-2.79053,43.25518],[-2.79031,43.25512],[-2.79026,43.25509],[-2.79025,43.25503],[-2.79019,43.255],[-2.79006,43.25506],[-2.78995,43.25516],[-2.7898,43.25519],[-2.78968,43.2552],[-2.78956,43.25515],[-2.78939,43.25502],[-2.7892,43.2549],[-2.78899,43.25482],[-2.78881,43.25479],[-2.78863,43.25478],[-2.78847,43.25477],[-2.78838,43.25472],[-2.78831,43.25462],[-2.78811,43.25452],[-2.78799,43.25449],[-2.7879,43.25449],[-2.78782,43.25451]]}},{"type":"Feature","properties":{"id":418926437,"highway":"track"},"geometry":{"type":"LineString","coordinates":[[-2.78932,43.25771],[-2.78912,43.25756],[-2.78902,43.25747],[-2.78898,43.25736],[-2.78893,43.25719],[-2.78884,43.25694],[-2.78878,43.25666],[-2.78878,43.25654],[-2.78871,43.25633],[-2.78865,43.25619],[-2.78864,43.25616],[-2.78853,43.25603],[-2.78839,43.25594],[-2.78811,43.2558],[-2.78792,43.25566],[-2.78782,43.25556],[-2.78761,43.25516],[-2.78753,43.25501],[-2.78751,43.25496],[-2.78751,43.25492],[-2.78765,43.25476],[-2.78772,43.2547],[-2.78776,43.25466],[-2.78781,43.2546],[-2.78783,43.25456],[-2.78782,43.25451]]}},{"type":"Feature","properties":{"id":418926440,"highway":"service","nombre":"Basara auzoa"},"geometry":{"type":"LineString","coordinates":[[-2.78928,43.25814],[-2.78932,43.25771],[-2.78934,43.25764],[-2.78947,43.25749]]}},{"type":"Feature","properties":{"id":418926442,"highway":"path"},"geometry":{"type":"LineString","coordinates":[[-2.78772,43.2547],[-2.78747,43.25462],[-2.7867,43.25446],[-2.78617,43.25437],[-2.78588,43.25434],[-2.78585,43.25434],[-2.78572,43.25431],[-2.78567,43.25431],[-2.78552,43.25434],[-2.7854,43.25435],[-2.78497,43.25445],[-2.78473,43.25452],[-2.78449,43.25461],[-2.78428,43.25461],[-2.78398,43.25463],[-2.78384,43.25462],[-2.78366,43.25462],[-2.78346,43.25458],[-2.78307,43.25454],[-2.78288,43.2545],[-2.78274,43.25443],[-2.7826,43.25443],[-2.7825,43.25449]]}},{"type":"Feature","properties":{"id":418926444,"highway":"track"},"geometry":{"type":"LineString","coordinates":[[-2.78278,43.25529],[-2.78283,43.25523],[-2.78282,43.25517],[-2.78276,43.25508],[-2.78257,43.25497],[-2.78247,43.25492],[-2.78239,43.25484],[-2.78237,43.2547],[-2.78237,43.25464]]}},{"type":"Feature","properties":{"id":418926446,"highway":"track"},"geometry":{"type":"LineString","coordinates":[[-2.7825,43.25449],[-2.78243,43.25457],[-2.78237,43.25464]]}},{"type":"Feature","properties":{"id":418926448,"highway":"path"},"geometry":{"type":"LineString","coordinates":[[-2.78237,43.25464],[-2.78228,43.25463],[-2.78218,43.25459],[-2.78188,43.25436],[-2.78174,43.25426],[-2.7816,43.25423],[-2.7814,43.25427],[-2.78126,43.25429],[-2.78105,43.25429],[-2.78085,43.25427],[-2.7807,43.25431],[-2.78048,43.2544],[-2.78026,43.25446],[-2.78012,43.25449],[-2.77996,43.25473],[-2.77971,43.25495],[-2.77958,43.25508],[-2.77939,43.25525],[-2.7793,43.25529],[-2.77921,43.25529],[-2.77904,43.2552],[-2.77889,43.25508],[-2.77882,43.25498],[-2.77871,43.25495],[-2.77861,43.25503],[-2.77848,43.25532],[-2.77844,43.25536],[-2.77833,43.25537],[-2.77821,43.25523],[-2.77812,43.25495],[-2.778,43.25473],[-2.77785,43.25453],[-2.77767,43.25437],[-2.77756,43.25416],[-2.77749,43.25401],[-2.77742,43.25384],[-2.77729,43.25361],[-2.77719,43.25346],[-2.7771,43.25338],[-2.77695,43.25328]]}},{"type":"Feature","properties":{"id":418926449,"highway":"track"},"geometry":{"type":"LineString","coordinates":[[-2.7825,43.25449],[-2.78251,43.25439],[-2.78251,43.25425],[-2.78246,43.25402],[-2.78234,43.25361],[-2.78229,43.2534],[-2.78226,43.25328],[-2.78238,43.25325],[-2.78253,43.25325],[-2.7827,43.25331],[-2.78294,43.25344],[-2.78311,43.2535]]}},{"type":"Feature","properties":{"id":418927441,"highway":"track"},"geometry":{"type":"LineString","coordinates":[[-2.79292,43.28529],[-2.79322,43.28542],[-2.79338,43.28556],[-2.79344,43.28564],[-2.79356,43.28588],[-2.79369,43.28603],[-2.79381,43.28619],[-2.79406,43.28643],[-2.79426,43.28659],[-2.79465,43.28681],[-2.79504,43.287],[-2.79537,43.2872]]}},{"type":"Feature","properties":{"id":418929397,"highway":"track"},"geometry":{"type":"LineString","coordinates":[[-2.7982,43.26459],[-2.79814,43.26462],[-2.79808,43.26471],[-2.79807,43.26484],[-2.79808,43.26494],[-2.79807,43.26508],[-2.79803,43.26524],[-2.79795,43.2655],[-2.79794,43.26556],[-2.7979,43.26569],[-2.79787,43.26585],[-2.79788,43.26602],[-2.79796,43.26618],[-2.79807,43.26629],[-2.79821,43.26638],[-2.7983,43.26644],[-2.79837,43.26654],[-2.79841,43.26664],[-2.79847,43.26674]]}},{"type":"Feature","properties":{"id":418929398,"highway":"track"},"geometry":{"type":"LineString","coordinates":[[-2.79794,43.26556],[-2.79777,43.26545],[-2.7976,43.26543],[-2.79748,43.26543],[-2.7972,43.2655],[-2.79687,43.26559],[-2.79669,43.26561],[-2.79646,43.26568],[-2.79626,43.26573],[-2.79608,43.26575],[-2.79593,43.26573],[-2.79574,43.2657],[-2.79559,43.26568],[-2.79552,43.26572],[-2.79545,43.26577],[-2.79544,43.26588],[-2.79544,43.26599],[-2.79549,43.26609],[-2.79557,43.26622]]}},{"type":"Feature","properties":{"id":426581769,"highway":"residential","nombre":"Bizkargi kalea","izena_eu":"Bizkargi kalea","nombre_es":"Calle Bizkargi"},"geometry":{"type":"LineString","coordinates":[[-2.79644,43.25734],[-2.79645,43.25729],[-2.79646,43.25722],[-2.7965,43.25704],[-2.79658,43.25657],[-2.79673,43.25569],[-2.79679,43.25534],[-2.79687,43.25502],[-2.7969,43.25487],[-2.79689,43.25482],[-2.79682,43.25475],[-2.79673,43.25471],[-2.79625,43.25466],[-2.79611,43.25469],[-2.79602,43.25475],[-2.79598,43.25493],[-2.79591,43.25526],[-2.79584,43.25532],[-2.7957,43.25536],[-2.79558,43.2554],[-2.79549,43.25548],[-2.79546,43.25562],[-2.79524,43.25711],[-2.79522,43.25722]]}},{"type":"Feature","properties":{"id":426581770,"highway":"track"},"geometry":{"type":"LineString","coordinates":[[-2.78979,43.24936],[-2.78954,43.24927],[-2.78926,43.24914],[-2.78923,43.24915],[-2.78928,43.24927],[-2.7895,43.24961]]}},{"type":"Feature","properties":{"id":426581773,"highway":"path"},"geometry":{"type":"LineString","coordinates":[[-2.77754,43.24702],[-2.77746,43.24698],[-2.7773,43.24675],[-2.77715,43.24662],[-2.77699,43.24626],[-2.77689,43.24615]]}},{"type":"Feature","properties":{"id":426581774,"highway":"path"},"geometry":{"type":"LineString","coordinates":[[-2.7747,43.24643],[-2.77461,43.24648],[-2.77459,43.24655],[-2.77462,43.24668],[-2.77464,43.24682]]}},{"type":"Feature","properties":{"id":426581775,"highway":"track"},"geometry":{"type":"LineString","coordinates":[[-2.76768,43.2543],[-2.76776,43.25435],[-2.7678,43.25441],[-2.76781,43.25453],[-2.76786,43.25474],[-2.76792,43.2549],[-2.76801,43.25512],[-2.76812,43.2554],[-2.76814,43.25557],[-2.76812,43.25571],[-2.76806,43.25581],[-2.76795,43.25569],[-2.76769,43.25544],[-2.76756,43.25532],[-2.76742,43.25512],[-2.76728,43.25496],[-2.76687,43.25453],[-2.76628,43.2541],[-2.7661,43.25395],[-2.76584,43.25387],[-2.76536,43.25377],[-2.7653,43.25376],[-2.76481,43.25364],[-2.76465,43.25356],[-2.76449,43.25339],[-2.76436,43.25323],[-2.76417,43.25302],[-2.76384,43.25286]]}},{"type":"Feature","properties":{"id":426581776,"highway":"track"},"geometry":{"type":"LineString","coordinates":[[-2.76806,43.25581],[-2.76813,43.25615],[-2.76814,43.25632],[-2.76823,43.25684],[-2.76829,43.25715],[-2.76835,43.25733],[-2.76835,43.2574],[-2.76827,43.25749],[-2.76804,43.25767],[-2.76758,43.258],[-2.76713,43.25837],[-2.76688,43.25853],[-2.76675,43.25865],[-2.76657,43.25879],[-2.76624,43.25901],[-2.76582,43.25929],[-2.76539,43.25958],[-2.76516,43.25973],[-2.76505,43.25983],[-2.76498,43.25992],[-2.76487,43.26012],[-2.76486,43.26017]]}},{"type":"Feature","properties":{"id":483223669,"highway":"service","nombre":"Gaztelu auzoa"},"geometry":{"type":"LineString","coordinates":[[-2.79434,43.28508],[-2.79438,43.28503],[-2.79445,43.285],[-2.7946,43.28495],[-2.79509,43.28485],[-2.79524,43.28482],[-2.79535,43.28482],[-2.79544,43.28482],[-2.7955,43.2848]]}},{"type":"Feature","properties":{"id":483223979,"highway":"service"},"geometry":{"type":"LineString","coordinates":[[-2.75973,43.27394],[-2.75963,43.27389],[-2.75958,43.27384],[-2.75954,43.27379],[-2.75953,43.27367]]}},{"type":"Feature","properties":{"id":483224390,"highway":"track"},"geometry":{"type":"LineString","coordinates":[[-2.75973,43.27394],[-2.75994,43.27391],[-2.76026,43.27379],[-2.76047,43.27372],[-2.76064,43.27368],[-2.76089,43.27364],[-2.7612,43.27362],[-2.76159,43.27352],[-2.76192,43.27345],[-2.76217,43.2734]]}},{"type":"Feature","properties":{"id":483224396,"highway":"track"},"geometry":{"type":"LineString","coordinates":[[-2.76352,43.27154],[-2.76351,43.27162],[-2.7635,43.27174],[-2.76354,43.27184],[-2.76361,43.27197],[-2.76351,43.27201],[-2.76348,43.27202],[-2.76353,43.27206],[-2.7638,43.27218],[-2.76403,43.27228],[-2.76423,43.27244],[-2.76429,43.27254],[-2.76429,43.27265],[-2.76424,43.27284],[-2.7642,43.2729],[-2.76406,43.273],[-2.764,43.27304],[-2.76393,43.27305],[-2.76382,43.27306],[-2.76365,43.27312],[-2.76346,43.27321],[-2.76332,43.27328],[-2.76314,43.27331],[-2.7628,43.27331],[-2.76257,43.27335],[-2.76231,43.27337],[-2.76217,43.2734]]}},{"type":"Feature","properties":{"id":483224732,"highway":"track","nombre":"Basara auzoa"},"geometry":{"type":"LineString","coordinates":[[-2.79183,43.25722],[-2.79189,43.25711],[-2.79194,43.25704],[-2.792,43.25691],[-2.79205,43.25682],[-2.79215,43.25655],[-2.79219,43.25645],[-2.79225,43.25636],[-2.79236,43.25623],[-2.79252,43.25608],[-2.79272,43.25587],[-2.79286,43.25574]]}},{"type":"Feature","properties":{"id":483224734,"highway":"track","nombre":"Basara auzoa"},"geometry":{"type":"LineString","coordinates":[[-2.78947,43.25749],[-2.78958,43.2573],[-2.78972,43.2571],[-2.78984,43.25688],[-2.79,43.25658],[-2.79008,43.25638]]}},{"type":"Feature","properties":{"id":483229149,"highway":"path"},"geometry":{"type":"LineString","coordinates":[[-2.76384,43.25286],[-2.76378,43.25282]]}},{"type":"Feature","properties":{"id":483229150,"highway":"track"},"geometry":{"type":"LineString","coordinates":[[-2.76384,43.25286],[-2.76383,43.25283]]}},{"type":"Feature","properties":{"id":488438870,"highway":"service"},"geometry":{"type":"LineString","coordinates":[[-2.7796,43.25738],[-2.77945,43.25736],[-2.77916,43.2574],[-2.77891,43.2574],[-2.7788,43.2574],[-2.77875,43.25739],[-2.77864,43.25735],[-2.77847,43.25733],[-2.77841,43.25736],[-2.77833,43.25741]]}},{"type":"Feature","properties":{"id":488438881,"highway":"track"},"geometry":{"type":"LineString","coordinates":[[-2.7678,43.25441],[-2.76782,43.25434],[-2.76794,43.25413],[-2.768,43.254],[-2.76822,43.25355],[-2.7683,43.25342],[-2.76837,43.25333],[-2.76845,43.25321],[-2.76847,43.25315],[-2.76849,43.25308],[-2.76851,43.253],[-2.76858,43.25289],[-2.76872,43.25283],[-2.76892,43.2528],[-2.76911,43.2528],[-2.76932,43.25286]]}},{"type":"Feature","properties":{"id":488438885,"highway":"track"},"geometry":{"type":"LineString","coordinates":[[-2.77161,43.24658],[-2.7718,43.24645],[-2.77193,43.24629],[-2.7722,43.24611],[-2.77222,43.24605],[-2.77222,43.24603]]}},{"type":"Feature","properties":{"id":488438886,"highway":"track"},"geometry":{"type":"LineString","coordinates":[[-2.76768,43.2543],[-2.76765,43.25416],[-2.76771,43.25395],[-2.76788,43.25372],[-2.76816,43.25314],[-2.76828,43.25251],[-2.76822,43.25196],[-2.76829,43.25182],[-2.76835,43.25153],[-2.76832,43.2513],[-2.76807,43.25047],[-2.76787,43.24998],[-2.768,43.24969],[-2.76801,43.24931],[-2.76804,43.24923],[-2.76829,43.24899],[-2.76865,43.24883],[-2.76897,43.24849],[-2.76901,43.24838],[-2.76903,43.24832],[-2.76923,43.24812],[-2.76989,43.24765],[-2.77039,43.2474],[-2.77084,43.24708],[-2.77103,43.247],[-2.77123,43.24683],[-2.77161,43.24658]]}},{"type":"Feature","properties":{"id":488438887,"highway":"track"},"geometry":{"type":"LineString","coordinates":[[-2.77946,43.24686],[-2.77946,43.24698],[-2.7794,43.24718],[-2.77939,43.24727],[-2.77944,43.24735],[-2.77951,43.24743],[-2.77971,43.24757],[-2.7799,43.24769],[-2.78008,43.24778],[-2.78039,43.24791],[-2.78043,43.24795],[-2.78043,43.24801],[-2.78036,43.24808],[-2.78003,43.24832],[-2.77986,43.24843],[-2.7796,43.24857],[-2.77938,43.24868],[-2.77926,43.24871],[-2.77911,43.24871],[-2.77905,43.24872],[-2.77903,43.24877],[-2.77906,43.24882],[-2.77915,43.24891],[-2.77926,43.24907],[-2.77941,43.2492],[-2.77953,43.24931],[-2.77957,43.24942],[-2.77958,43.24956]]}},{"type":"Feature","properties":{"id":488438888,"highway":"track"},"geometry":{"type":"LineString","coordinates":[[-2.77961,43.2464],[-2.77963,43.24652],[-2.77957,43.24676],[-2.77946,43.24686],[-2.77918,43.24702],[-2.77808,43.24741],[-2.77761,43.24766],[-2.77708,43.24811],[-2.77627,43.24849],[-2.77624,43.24869],[-2.77633,43.24881],[-2.77677,43.25],[-2.77679,43.25125],[-2.7767,43.25155],[-2.7768,43.25203],[-2.77695,43.25225],[-2.77698,43.25243],[-2.77687,43.2528],[-2.77709,43.25299]]}},{"type":"Feature","properties":{"id":488438889,"highway":"track"},"geometry":{"type":"LineString","coordinates":[[-2.77961,43.2464],[-2.7799,43.24606],[-2.78057,43.24573],[-2.78067,43.24568],[-2.78073,43.2456],[-2.78073,43.24555]]}},{"type":"Feature","properties":{"id":488438893,"highway":"path"},"geometry":{"type":"LineString","coordinates":[[-2.79673,43.25569],[-2.79687,43.2556],[-2.79693,43.25558]]}},{"type":"Feature","properties":{"id":500681635,"highway":"service"},"geometry":{"type":"LineString","coordinates":[[-2.8209,43.25484],[-2.82101,43.25493],[-2.82113,43.25497],[-2.82124,43.25496],[-2.82134,43.25494],[-2.82141,43.25496]]}},{"type":"Feature","properties":{"id":537185288,"highway":"unclassified"},"geometry":{"type":"LineString","coordinates":[[-2.81139,43.26058],[-2.81174,43.26034]]}},{"type":"Feature","properties":{"id":573021397,"highway":"track","superficie":"ground"},"geometry":{"type":"MultiLineString","coordinates":[[[-2.74871,43.27601],[-2.74862,43.27593],[-2.74842,43.27584],[-2.74824,43.27579]],[[-2.74823,43.27578],[-2.74805,43.27573],[-2.74793,43.2757],[-2.74717,43.27559],[-2.74607,43.27543],[-2.74595,43.27541],[-2.74582,43.27541],[-2.74514,43.27529],[-2.74471,43.27524],[-2.74414,43.27513],[-2.74399,43.27512],[-2.74381,43.27509],[-2.74356,43.27519]]]}},{"type":"Feature","properties":{"id":580203041,"highway":"track"},"geometry":{"type":"LineString","coordinates":[[-2.77319,43.27666],[-2.77329,43.27668],[-2.77343,43.27675],[-2.77355,43.27684],[-2.77359,43.27695],[-2.77366,43.27709],[-2.77373,43.2773],[-2.77378,43.27742],[-2.77387,43.27759],[-2.77393,43.27778],[-2.77398,43.27792],[-2.77402,43.27799],[-2.77414,43.27807],[-2.77427,43.27841]]}},{"type":"Feature","properties":{"id":587885711,"highway":"service"},"geometry":{"type":"LineString","coordinates":[[-2.81379,43.26032],[-2.81388,43.26025],[-2.81394,43.26022],[-2.81403,43.26019],[-2.81411,43.26018],[-2.81419,43.26017],[-2.81579,43.26025],[-2.81601,43.26025],[-2.8165,43.26041]]}},{"type":"Feature","properties":{"id":589626535,"highway":"motorway_link","oneway":"yes","superficie":"asphalt"},"geometry":{"type":"LineString","coordinates":[[-2.80336,43.2493],[-2.80339,43.24921],[-2.80345,43.24907],[-2.80348,43.24901]]}},{"type":"Feature","properties":{"id":589752475,"highway":"secondary","ref":"BI-2713"},"geometry":{"type":"LineString","coordinates":[[-2.80002,43.25149],[-2.79989,43.25154]]}},{"type":"Feature","properties":{"id":589752476,"highway":"secondary","ref":"BI-2713","oneway":"yes"},"geometry":{"type":"LineString","coordinates":[[-2.80117,43.25087],[-2.80128,43.25084],[-2.80163,43.25064],[-2.80179,43.25055],[-2.80185,43.25052]]}},{"type":"Feature","properties":{"id":589752477,"highway":"secondary","ref":"BI-2713","oneway":"yes"},"geometry":{"type":"LineString","coordinates":[[-2.80168,43.25038],[-2.80161,43.25046],[-2.80151,43.25058],[-2.80137,43.2507],[-2.80122,43.25081],[-2.80117,43.25087]]}},{"type":"Feature","properties":{"id":589752479,"highway":"secondary","ref":"BI-2713","oneway":"yes"},"geometry":{"type":"LineString","coordinates":[[-2.802,43.24999],[-2.80179,43.25024],[-2.80172,43.25031]]}},{"type":"Feature","properties":{"id":589752480,"highway":"secondary","ref":"BI-2713","oneway":"yes"},"geometry":{"type":"LineString","coordinates":[[-2.80199,43.25032],[-2.80197,43.25025],[-2.80198,43.25018],[-2.80198,43.25012],[-2.802,43.24999]]}},{"type":"Feature","properties":{"id":590332596,"highway":"motorway","nombre":"Txorierriko korridorea","izena_eu":"Txorierriko korridorea","nombre_es":"Corredor del Txorierri","ref":"BI-30","oneway":"yes","superficie":"asphalt"},"geometry":{"type":"LineString","coordinates":[[-2.80948,43.25962],[-2.80969,43.25983],[-2.80998,43.26009],[-2.81048,43.26051],[-2.81069,43.26066],[-2.81094,43.26083],[-2.81128,43.26105],[-2.81157,43.26122],[-2.81188,43.2614],[-2.81217,43.26154],[-2.81252,43.26171],[-2.81275,43.26181]]}},{"type":"Feature","properties":{"id":590653594,"highway":"motorway","nombre":"Txorierriko korridorea","izena_eu":"Txorierriko korridorea","nombre_es":"Corredor del Txorierri","ref":"BI-30","oneway":"yes","superficie":"asphalt"},"geometry":{"type":"LineString","coordinates":[[-2.80624,43.25479],[-2.80592,43.25435],[-2.8058,43.25418],[-2.80555,43.25384],[-2.8052,43.25339],[-2.80494,43.25306],[-2.8047,43.25276],[-2.80441,43.2524],[-2.8042,43.25215],[-2.80395,43.25182]]}},{"type":"Feature","properties":{"id":590653595,"highway":"motorway","nombre":"Txorierriko korridorea","izena_eu":"Txorierriko korridorea","nombre_es":"Corredor del Txorierri","ref":"BI-30","oneway":"yes","superficie":"asphalt"},"geometry":{"type":"LineString","coordinates":[[-2.80395,43.25182],[-2.80378,43.25162],[-2.80369,43.25148],[-2.8036,43.25132],[-2.8035,43.25113],[-2.8034,43.25092],[-2.80336,43.25084],[-2.8033,43.25067],[-2.80324,43.2505],[-2.80322,43.2504],[-2.80318,43.25027],[-2.80316,43.25015],[-2.80312,43.24994],[-2.8031,43.24978],[-2.80309,43.2496]]}},{"type":"Feature","properties":{"id":590653596,"highway":"motorway_link","oneway":"yes"},"geometry":{"type":"LineString","coordinates":[[-2.80348,43.24901],[-2.8036,43.24886],[-2.80372,43.2487],[-2.80382,43.24859]]}},{"type":"Feature","properties":{"id":590653597,"highway":"secondary","oneway":"yes"},"geometry":{"type":"LineString","coordinates":[[-2.80365,43.24868],[-2.80379,43.24858]]}},{"type":"Feature","properties":{"id":590669588,"highway":"motorway","nombre":"Txorierriko korridorea","izena_eu":"Txorierriko korridorea","nombre_es":"Corredor del Txorierri","ref":"BI-30","oneway":"yes","superficie":"asphalt"},"geometry":{"type":"LineString","coordinates":[[-2.81311,43.26181],[-2.81284,43.26169]]}},{"type":"Feature","properties":{"id":590669592,"highway":"motorway","nombre":"Txorierriko korridorea","izena_eu":"Txorierriko korridorea","nombre_es":"Corredor del Txorierri","ref":"BI-30","oneway":"yes","superficie":"asphalt"},"geometry":{"type":"LineString","coordinates":[[-2.81284,43.26169],[-2.81247,43.26152],[-2.81174,43.26114],[-2.81141,43.26095],[-2.81102,43.26069],[-2.81075,43.26049]]}},{"type":"Feature","properties":{"id":593045164,"highway":"tertiary","nombre":"Andra Mari kalea","izena_eu":"Andra Mari kalea","nombre_es":"Calle Andra Mari","ref":"BI-2713","superficie":"asphalt"},"geometry":{"type":"LineString","coordinates":[[-2.79675,43.25738],[-2.79663,43.25753],[-2.79662,43.25755],[-2.7965,43.25777]]}},{"type":"Feature","properties":{"id":593045165,"highway":"tertiary","ref":"BI-2713","superficie":"asphalt"},"geometry":{"type":"LineString","coordinates":[[-2.79675,43.25738],[-2.7969,43.25718],[-2.79705,43.25704],[-2.79708,43.257]]}},{"type":"Feature","properties":{"id":603016810,"highway":"pedestrian","oneway":"no"},"geometry":{"type":"LineString","coordinates":[[-2.79519,43.26139],[-2.79536,43.26119]]}},{"type":"Feature","properties":{"id":603016812,"highway":"pedestrian","oneway":"no","puente":"yes"},"geometry":{"type":"LineString","coordinates":[[-2.79536,43.26119],[-2.79545,43.26109]]}},{"type":"Feature","properties":{"id":607741596,"highway":"footway"},"geometry":{"type":"LineString","coordinates":[[-2.81196,43.26365],[-2.8115,43.26372],[-2.81135,43.26324],[-2.8113,43.26285],[-2.81134,43.26255]]}},{"type":"Feature","properties":{"id":607741600,"highway":"pedestrian"},"geometry":{"type":"LineString","coordinates":[[-2.81316,43.2646],[-2.81228,43.26474]]}},{"type":"Feature","properties":{"id":607954104,"highway":"residential","oneway":"yes"},"geometry":{"type":"LineString","coordinates":[[-2.79452,43.26116],[-2.79448,43.26113],[-2.79417,43.26104],[-2.79407,43.26101],[-2.79399,43.26097],[-2.79387,43.2609],[-2.79382,43.26088],[-2.79374,43.26083],[-2.79358,43.26074]]}},{"type":"Feature","properties":{"id":607954105,"highway":"residential","nombre":"Zubitalde auzoa","oneway":"yes"},"geometry":{"type":"LineString","coordinates":[[-2.79519,43.26139],[-2.79516,43.26137],[-2.79504,43.26132],[-2.79495,43.26129],[-2.79477,43.26122],[-2.79471,43.2612],[-2.79467,43.26118],[-2.7946,43.26117],[-2.79452,43.26116]]}},{"type":"Feature","properties":{"id":607954106,"highway":"residential","nombre":"Zubitalde auzoa","oneway":"yes"},"geometry":{"type":"LineString","coordinates":[[-2.79452,43.26116],[-2.79446,43.2612],[-2.79443,43.26128],[-2.79441,43.26136],[-2.79439,43.26145],[-2.79438,43.26147],[-2.79436,43.26156],[-2.79436,43.2616],[-2.79436,43.26163]]}},{"type":"Feature","properties":{"id":607954107,"highway":"residential","nombre":"Zubitalde auzoa","oneway":"yes"},"geometry":{"type":"LineString","coordinates":[[-2.79501,43.26179],[-2.79502,43.26177],[-2.79511,43.26161],[-2.79511,43.2616],[-2.79519,43.26145],[-2.7952,43.26142],[-2.79519,43.26139]]}},{"type":"Feature","properties":{"id":607954108,"highway":"residential","nombre":"Mugarra kalea","izena_eu":"Mugarra kalea","nombre_es":"Calle Mugarra","oneway":"yes"},"geometry":{"type":"LineString","coordinates":[[-2.79358,43.26074],[-2.79369,43.26095],[-2.79372,43.26101],[-2.79379,43.26112],[-2.79396,43.26135],[-2.79407,43.26155],[-2.79413,43.26166],[-2.79416,43.26168],[-2.79419,43.2617]]}},{"type":"Feature","properties":{"id":607954109,"highway":"residential","oneway":"yes"},"geometry":{"type":"LineString","coordinates":[[-2.79407,43.26101],[-2.79402,43.26104],[-2.79383,43.2611],[-2.79379,43.26112]]}},{"type":"Feature","properties":{"id":607954110,"highway":"service","nombre":"Basara auzoa"},"geometry":{"type":"LineString","coordinates":[[-2.79291,43.26034],[-2.79263,43.26027],[-2.79244,43.26022],[-2.79226,43.26017],[-2.79205,43.26008],[-2.79202,43.25997],[-2.79201,43.25987],[-2.79203,43.25979],[-2.79202,43.25972],[-2.79197,43.25967],[-2.7919,43.25961],[-2.79164,43.25947],[-2.7915,43.25938],[-2.79132,43.25927],[-2.79088,43.259],[-2.79076,43.25893],[-2.79054,43.2588],[-2.79013,43.25858],[-2.78948,43.25823],[-2.78928,43.25814],[-2.78922,43.25811],[-2.78901,43.25802],[-2.78876,43.2579],[-2.78858,43.25779],[-2.7885,43.25772],[-2.7884,43.25765],[-2.78795,43.25732],[-2.78781,43.25721],[-2.78773,43.25715],[-2.78724,43.25683],[-2.78716,43.25678],[-2.78685,43.25661],[-2.78657,43.2565],[-2.78646,43.25645],[-2.78589,43.25628],[-2.78546,43.25619],[-2.78502,43.25609],[-2.78437,43.25591],[-2.78414,43.25582],[-2.78335,43.25551],[-2.78278,43.25529]]}},{"type":"Feature","properties":{"id":607954113,"highway":"residential","nombre":"Zubitalde auzoa","oneway":"yes"},"geometry":{"type":"LineString","coordinates":[[-2.79436,43.26163],[-2.79445,43.26165],[-2.79467,43.2617],[-2.79478,43.26174],[-2.79485,43.26177],[-2.79488,43.26178]]}},{"type":"Feature","properties":{"id":607955919,"highway":"residential","nombre":"Andra Mari kalea","izena_eu":"Andra Mari kalea","nombre_es":"Calle Andra Mari","oneway":"yes","superficie":"asphalt"},"geometry":{"type":"LineString","coordinates":[[-2.79623,43.25935],[-2.79621,43.25947],[-2.79616,43.25981]]}},{"type":"Feature","properties":{"id":607955920,"highway":"residential","nombre":"Aita Patxi Ugalde kalea","izena_eu":"Aita Patxi Ugalde kalea","nombre_es":"Calle Aita Patxi Ugalde"},"geometry":{"type":"LineString","coordinates":[[-2.79756,43.25961],[-2.79757,43.25959],[-2.79762,43.25953],[-2.7977,43.25937]]}},{"type":"Feature","properties":{"id":607955921,"highway":"residential","nombre":"Gorbea kalea","izena_eu":"Gorbea kalea","nombre_es":"Calle Gorbea"},"geometry":{"type":"LineString","coordinates":[[-2.79756,43.25961],[-2.79744,43.25956],[-2.79713,43.25945],[-2.79698,43.25941],[-2.79635,43.25936],[-2.79627,43.25935],[-2.79623,43.25935]]}},{"type":"Feature","properties":{"id":607955922,"highway":"residential","nombre":"Lehendakari Agirre kalea","izena_eu":"Lehendakari Agirre kalea","nombre_es":"Calle Lehendakari Aguirre"},"geometry":{"type":"LineString","coordinates":[[-2.79808,43.25993],[-2.79819,43.25988],[-2.79829,43.25978]]}},{"type":"Feature","properties":{"id":608332712,"highway":"residential","nombre":"Bizkargi kalea","izena_eu":"Bizkargi kalea","nombre_es":"Calle Bizkargi"},"geometry":{"type":"LineString","coordinates":[[-2.79644,43.25734],[-2.79635,43.25734],[-2.79625,43.25733],[-2.79522,43.25722],[-2.79512,43.25721],[-2.79493,43.25723],[-2.79485,43.25728],[-2.79479,43.25769],[-2.79483,43.25775],[-2.79489,43.25778],[-2.79494,43.25779],[-2.79614,43.25789],[-2.79618,43.25789],[-2.79622,43.25789],[-2.79626,43.25787],[-2.7963,43.25784],[-2.79634,43.25772],[-2.7964,43.25747],[-2.79642,43.2574],[-2.79644,43.25734]]}},{"type":"Feature","properties":{"id":608332716,"highway":"residential","oneway":"yes"},"geometry":{"type":"LineString","coordinates":[[-2.79659,43.25736],[-2.79668,43.25738],[-2.79672,43.25739],[-2.79675,43.25738]]}},{"type":"Feature","properties":{"id":608332717,"highway":"footway"},"geometry":{"type":"LineString","coordinates":[[-2.79413,43.26034],[-2.79415,43.26037],[-2.79428,43.26056],[-2.79422,43.26068],[-2.79432,43.26073],[-2.7944,43.26074],[-2.79449,43.26072],[-2.79454,43.26068],[-2.79456,43.26062],[-2.79455,43.26057],[-2.79451,43.26049],[-2.79428,43.26056]]}},{"type":"Feature","properties":{"id":608332719,"highway":"footway"},"geometry":{"type":"LineString","coordinates":[[-2.79411,43.26315],[-2.79402,43.26323],[-2.79389,43.26335],[-2.79386,43.26338],[-2.79384,43.26339],[-2.7938,43.26338],[-2.79379,43.26336],[-2.7938,43.26333],[-2.79389,43.26325],[-2.79392,43.26321],[-2.79393,43.26316],[-2.79392,43.26313],[-2.79388,43.26311],[-2.79384,43.26309],[-2.79379,43.26309],[-2.79374,43.26311],[-2.79372,43.26314],[-2.79371,43.26316],[-2.79372,43.26327]]}},{"type":"Feature","properties":{"id":608332738,"highway":"footway"},"geometry":{"type":"LineString","coordinates":[[-2.79666,43.2568],[-2.79669,43.25688],[-2.79669,43.257],[-2.79664,43.25711],[-2.79661,43.25719],[-2.7966,43.25723]]}},{"type":"Feature","properties":{"id":608340123,"highway":"residential","nombre":"Kaltzada kalea"},"geometry":{"type":"LineString","coordinates":[[-2.78279,43.26719],[-2.78272,43.26709],[-2.78252,43.26695],[-2.78233,43.26685],[-2.78216,43.2668]]}},{"type":"Feature","properties":{"id":608340133,"highway":"service","nombre":"Ugalde auzoa"},"geometry":{"type":"LineString","coordinates":[[-2.78241,43.26808],[-2.7822,43.26832],[-2.78172,43.26862],[-2.78146,43.26881],[-2.78129,43.26899]]}},{"type":"Feature","properties":{"id":608340149,"highway":"footway"},"geometry":{"type":"LineString","coordinates":[[-2.78467,43.26711],[-2.78466,43.26705],[-2.78466,43.267]]}},{"type":"Feature","properties":{"id":608340150,"highway":"footway"},"geometry":{"type":"LineString","coordinates":[[-2.78466,43.26705],[-2.78448,43.26705],[-2.78437,43.26706],[-2.78415,43.26707],[-2.78398,43.26707],[-2.78396,43.26706]]}},{"type":"Feature","properties":{"id":608340151,"highway":"footway"},"geometry":{"type":"LineString","coordinates":[[-2.78415,43.26707],[-2.78419,43.26711]]}},{"type":"Feature","properties":{"id":608340152,"highway":"footway"},"geometry":{"type":"LineString","coordinates":[[-2.78437,43.26706],[-2.78432,43.26711]]}},{"type":"Feature","properties":{"id":608340153,"highway":"footway"},"geometry":{"type":"LineString","coordinates":[[-2.78448,43.26705],[-2.78454,43.26711]]}},{"type":"Feature","properties":{"id":608340154,"highway":"footway"},"geometry":{"type":"LineString","coordinates":[[-2.78398,43.26707],[-2.7838,43.2671]]}},{"type":"Feature","properties":{"id":610187340,"highway":"service","nombre":"Belarrinaga auzoa"},"geometry":{"type":"LineString","coordinates":[[-2.77624,43.25895],[-2.776,43.25837],[-2.77581,43.25779],[-2.77547,43.25713],[-2.77519,43.25655],[-2.77495,43.256],[-2.77494,43.25569],[-2.77501,43.25565],[-2.77518,43.2556],[-2.77535,43.25558]]}},{"type":"Feature","properties":{"id":610188591,"highway":"track"},"geometry":{"type":"LineString","coordinates":[[-2.78103,43.24727],[-2.78124,43.24754],[-2.78129,43.24767],[-2.78131,43.24783],[-2.7813,43.24804],[-2.78124,43.2484],[-2.78121,43.24859],[-2.78119,43.24866],[-2.78115,43.24877],[-2.78111,43.24888],[-2.7811,43.24907],[-2.78113,43.24923],[-2.78119,43.24943],[-2.78123,43.24958],[-2.7813,43.24978],[-2.78133,43.24992],[-2.78135,43.24999],[-2.78138,43.2501],[-2.78142,43.25029],[-2.7814,43.2504],[-2.78137,43.25049],[-2.78126,43.25069],[-2.78123,43.2508],[-2.78123,43.25089],[-2.78127,43.25108],[-2.78132,43.25125],[-2.78136,43.25138],[-2.78136,43.25161],[-2.78136,43.25203],[-2.78141,43.25236],[-2.78144,43.25257],[-2.78148,43.25275],[-2.78151,43.25296],[-2.78153,43.25308],[-2.78151,43.25335]]}},{"type":"Feature","properties":{"id":610188593,"highway":"track"},"geometry":{"type":"LineString","coordinates":[[-2.78027,43.25322],[-2.78047,43.25319],[-2.78078,43.25317]]}},{"type":"Feature","properties":{"id":610189391,"highway":"track"},"geometry":{"type":"LineString","coordinates":[[-2.786,43.24961],[-2.78596,43.24947],[-2.78588,43.24934],[-2.78578,43.24917],[-2.78574,43.24908],[-2.7857,43.24899],[-2.78572,43.24885],[-2.78577,43.24862],[-2.78585,43.24849],[-2.78587,43.24842],[-2.78586,43.24821],[-2.78585,43.2481],[-2.78581,43.24796],[-2.78574,43.24785],[-2.78559,43.24769],[-2.78552,43.2476],[-2.78544,43.2475],[-2.78538,43.24743],[-2.78538,43.24736],[-2.78548,43.2472],[-2.78551,43.24713],[-2.78552,43.24704],[-2.78552,43.24696],[-2.78536,43.24663],[-2.7853,43.24645],[-2.78523,43.24627],[-2.78515,43.24617],[-2.78507,43.2461],[-2.785,43.24596],[-2.78498,43.24589],[-2.78491,43.2458],[-2.78482,43.24571],[-2.78477,43.24565],[-2.78475,43.24558],[-2.78476,43.24547],[-2.7848,43.24536],[-2.78482,43.24519],[-2.78484,43.24512],[-2.78494,43.2449],[-2.78495,43.24477],[-2.78493,43.24463],[-2.7849,43.24451],[-2.78482,43.24436],[-2.78478,43.24426],[-2.78478,43.24418],[-2.78478,43.2441]]}},{"type":"Feature","properties":{"id":610222719,"highway":"track","tunel":"yes"},"geometry":{"type":"LineString","coordinates":[[-2.80009,43.25155],[-2.80015,43.25133]]}},{"type":"Feature","properties":{"id":610222720,"highway":"track"},"geometry":{"type":"LineString","coordinates":[[-2.80015,43.25133],[-2.80011,43.25124],[-2.80005,43.25119],[-2.79996,43.25116],[-2.79987,43.25116]]}},{"type":"Feature","properties":{"id":610223961,"highway":"track"},"geometry":{"type":"LineString","coordinates":[[-2.79986,43.25147],[-2.7997,43.25148],[-2.79917,43.25156],[-2.79897,43.2516],[-2.79879,43.25163],[-2.79859,43.25165],[-2.7985,43.25165],[-2.79845,43.25164],[-2.79843,43.25159],[-2.79847,43.25154],[-2.79859,43.25144],[-2.79868,43.2514],[-2.79903,43.25132]]}},{"type":"Feature","properties":{"id":619372179,"highway":"track"},"geometry":{"type":"LineString","coordinates":[[-2.77026,43.27539],[-2.77008,43.27518],[-2.77001,43.27505]]}},{"type":"Feature","properties":{"id":619372207,"highway":"service"},"geometry":{"type":"LineString","coordinates":[[-2.76931,43.27948],[-2.76921,43.27936],[-2.76918,43.27927],[-2.76924,43.27918]]}},{"type":"Feature","properties":{"id":619372208,"highway":"service"},"geometry":{"type":"LineString","coordinates":[[-2.76843,43.27975],[-2.76851,43.27981],[-2.76856,43.27983],[-2.76861,43.27983]]}},{"type":"Feature","properties":{"id":619372209,"highway":"track"},"geometry":{"type":"LineString","coordinates":[[-2.7668,43.28047],[-2.76672,43.28037],[-2.76668,43.28029],[-2.76663,43.28015],[-2.76662,43.27991],[-2.76654,43.27967],[-2.76647,43.27952],[-2.76633,43.27934],[-2.7663,43.27925],[-2.76632,43.27917],[-2.76647,43.27904],[-2.76662,43.27897],[-2.76681,43.27895],[-2.76696,43.27899],[-2.76712,43.27903],[-2.7674,43.27914],[-2.76756,43.27915],[-2.76771,43.27912],[-2.76788,43.27902],[-2.76827,43.27881],[-2.76843,43.27875],[-2.76854,43.27876],[-2.76856,43.27882],[-2.76839,43.27918],[-2.76856,43.2795]]}},{"type":"Feature","properties":{"id":619372229,"highway":"service"},"geometry":{"type":"LineString","coordinates":[[-2.79427,43.2826],[-2.79436,43.28244],[-2.79442,43.28235]]}},{"type":"Feature","properties":{"id":619372364,"highway":"service"},"geometry":{"type":"LineString","coordinates":[[-2.76868,43.2801],[-2.76855,43.28012],[-2.76839,43.28014],[-2.76832,43.28012],[-2.76825,43.28008],[-2.76817,43.27993],[-2.76815,43.27986]]}},{"type":"Feature","properties":{"id":619587489,"highway":"track"},"geometry":{"type":"LineString","coordinates":[[-2.74772,43.27264],[-2.74757,43.27242],[-2.74727,43.27223],[-2.7469,43.27213],[-2.74666,43.27204],[-2.74654,43.27204],[-2.74641,43.2721],[-2.74631,43.27214],[-2.74615,43.27209],[-2.74607,43.27209],[-2.74586,43.27217],[-2.74565,43.27229],[-2.74552,43.27232],[-2.74541,43.27229],[-2.74528,43.27211],[-2.74529,43.27198],[-2.74538,43.27182],[-2.74549,43.27158],[-2.74554,43.27112],[-2.74558,43.27089],[-2.74558,43.27044],[-2.74579,43.27019],[-2.74639,43.26955],[-2.74653,43.26926],[-2.74672,43.26906],[-2.74702,43.26874],[-2.74708,43.26848]]}},{"type":"Feature","properties":{"id":630775388,"highway":"secondary","ref":"BI-2713","oneway":"yes"},"geometry":{"type":"LineString","coordinates":[[-2.79344,43.26387],[-2.79344,43.26414],[-2.79338,43.26443],[-2.79334,43.26453],[-2.79326,43.26468],[-2.79318,43.26482],[-2.79307,43.26496]]}},{"type":"Feature","properties":{"id":630775393,"highway":"residential","nombre":"Jauregi Apezpikua kalea","izena_eu":"Jauregi Apezpikua kalea","nombre_es":"Calle del Arzobispo Jauregi"},"geometry":{"type":"LineString","coordinates":[[-2.78467,43.26722],[-2.78457,43.26719],[-2.78445,43.26716]]}},{"type":"Feature","properties":{"id":656680896,"highway":"residential","nombre":"Kaltzada kalea"},"geometry":{"type":"LineString","coordinates":[[-2.78283,43.26727],[-2.78282,43.26725],[-2.78279,43.26719]]}},{"type":"Feature","properties":{"id":656680897,"highway":"track"},"geometry":{"type":"LineString","coordinates":[[-2.75289,43.27319],[-2.75295,43.27313],[-2.75304,43.27298],[-2.75319,43.27283],[-2.75344,43.27263],[-2.75369,43.27239]]}},{"type":"Feature","properties":{"id":665575133,"highway":"pedestrian"},"geometry":{"type":"LineString","coordinates":[[-2.7962,43.2618],[-2.79617,43.26179],[-2.79614,43.26179],[-2.79622,43.2616],[-2.7962,43.26157],[-2.79615,43.26157],[-2.79607,43.26159]]}},{"type":"Feature","properties":{"id":665575134,"highway":"pedestrian"},"geometry":{"type":"LineString","coordinates":[[-2.79607,43.26159],[-2.79577,43.26169],[-2.79563,43.26173],[-2.79558,43.26182],[-2.79556,43.26186]]}},{"type":"Feature","properties":{"id":665575135,"highway":"pedestrian"},"geometry":{"type":"LineString","coordinates":[[-2.79577,43.26169],[-2.79577,43.26149],[-2.79578,43.26142]]}},{"type":"Feature","properties":{"id":665575136,"highway":"pedestrian"},"geometry":{"type":"LineString","coordinates":[[-2.79578,43.26142],[-2.79574,43.26142],[-2.7957,43.26143]]}},{"type":"Feature","properties":{"id":665575137,"highway":"pedestrian"},"geometry":{"type":"LineString","coordinates":[[-2.7955,43.26104],[-2.79556,43.261],[-2.7958,43.261],[-2.79589,43.26101],[-2.79592,43.26102],[-2.79605,43.26106]]}},{"type":"Feature","properties":{"id":674319104,"highway":"tertiary","nombre":"Gaztelu auzoa","ref":"BI-3726"},"geometry":{"type":"LineString","coordinates":[[-2.7898,43.28224],[-2.78989,43.28231],[-2.78995,43.28238],[-2.79006,43.28262],[-2.79018,43.28275],[-2.79045,43.28292],[-2.79074,43.28309],[-2.791,43.28328],[-2.79105,43.28331],[-2.79124,43.28367],[-2.79155,43.28414],[-2.79182,43.28447],[-2.79203,43.28466],[-2.79245,43.28497],[-2.79272,43.28524],[-2.79281,43.28528],[-2.79282,43.28528]]}},{"type":"Feature","properties":{"id":674319105,"highway":"track"},"geometry":{"type":"LineString","coordinates":[[-2.78281,43.28123],[-2.7828,43.28106],[-2.78284,43.281],[-2.78314,43.28096],[-2.78342,43.28094],[-2.78394,43.28097]]}},{"type":"Feature","properties":{"id":674319107,"highway":"track","nombre":"Astoreka auzoa"},"geometry":{"type":"LineString","coordinates":[[-2.77746,43.27888],[-2.77766,43.27891],[-2.77778,43.27891],[-2.778,43.27894],[-2.77826,43.27899],[-2.77842,43.279],[-2.77853,43.27896],[-2.77867,43.27889],[-2.77882,43.27882],[-2.77891,43.27877],[-2.77902,43.27871],[-2.77917,43.27864],[-2.77927,43.27859]]}},{"type":"Feature","properties":{"id":674319108,"highway":"service","nombre":"Astoreka auzoa"},"geometry":{"type":"LineString","coordinates":[[-2.77678,43.27818],[-2.7768,43.27809],[-2.77683,43.27797],[-2.77688,43.27788],[-2.77704,43.27773]]}},{"type":"Feature","properties":{"id":674319110,"highway":"service"},"geometry":{"type":"LineString","coordinates":[[-2.77319,43.27666],[-2.77318,43.2767],[-2.77316,43.27673],[-2.77313,43.27675],[-2.77309,43.27678],[-2.77307,43.27679],[-2.77305,43.27679],[-2.77301,43.2768],[-2.77299,43.2768],[-2.77297,43.2768],[-2.77281,43.2768]]}},{"type":"Feature","properties":{"id":674319111,"highway":"service","nombre":"Ugalde auzoa"},"geometry":{"type":"LineString","coordinates":[[-2.78125,43.26904],[-2.78087,43.26943],[-2.78021,43.27015],[-2.78016,43.27021],[-2.77977,43.2706],[-2.779,43.2713],[-2.77874,43.27153],[-2.77873,43.27155]]}},{"type":"Feature","properties":{"id":674319112,"highway":"residential","nombre":"Jauregi Apezpikua kalea"},"geometry":{"type":"LineString","coordinates":[[-2.78366,43.26775],[-2.78362,43.26774],[-2.78355,43.26768],[-2.78353,43.26763],[-2.78351,43.2676],[-2.7835,43.26758],[-2.78348,43.26757]]}},{"type":"Feature","properties":{"id":674319113,"highway":"living_street"},"geometry":{"type":"LineString","coordinates":[[-2.78355,43.26711],[-2.78355,43.26752],[-2.78348,43.26757]]}},{"type":"Feature","properties":{"id":674319115,"highway":"unclassified","nombre":"Belarrinaga auzoa"},"geometry":{"type":"LineString","coordinates":[[-2.77698,43.25998],[-2.77658,43.2595],[-2.77641,43.25927],[-2.77624,43.25895]]}},{"type":"Feature","properties":{"id":674319116,"highway":"pedestrian"},"geometry":{"type":"LineString","coordinates":[[-2.79605,43.26099],[-2.79605,43.26106]]}},{"type":"Feature","properties":{"id":674320574,"highway":"residential","nombre":"Jauregi Apezpikua kalea","izena_eu":"Jauregi Apezpikua kalea","nombre_es":"Calle del Arzobispo Jauregi"},"geometry":{"type":"LineString","coordinates":[[-2.78411,43.26715],[-2.78393,43.26715],[-2.7837,43.26714]]}},{"type":"Feature","properties":{"id":674320575,"highway":"service","nombre":"Basara auzoa"},"geometry":{"type":"LineString","coordinates":[[-2.78278,43.25529],[-2.78231,43.25513],[-2.78143,43.25486],[-2.7812,43.25478],[-2.78096,43.2547],[-2.78063,43.25463],[-2.78044,43.25456],[-2.78031,43.25449],[-2.78026,43.25446],[-2.78019,43.25441],[-2.78011,43.25436],[-2.77994,43.25428],[-2.77963,43.25411],[-2.7796,43.25407],[-2.7796,43.25402],[-2.77966,43.25394],[-2.7798,43.25381],[-2.77995,43.2537],[-2.78015,43.25348],[-2.78023,43.25333],[-2.78027,43.25322],[-2.78026,43.25313],[-2.78024,43.253],[-2.78016,43.25259],[-2.78012,43.25251],[-2.77999,43.25238],[-2.77938,43.25195],[-2.77928,43.25192],[-2.77918,43.25191],[-2.77915,43.25191],[-2.77907,43.25188],[-2.77904,43.25185],[-2.77903,43.25179]]}},{"type":"Feature","properties":{"id":674398926,"highway":"track"},"geometry":{"type":"LineString","coordinates":[[-2.74708,43.26848],[-2.74678,43.26864],[-2.74656,43.26875],[-2.74629,43.26892],[-2.74597,43.26907],[-2.74578,43.26918],[-2.74564,43.26927],[-2.74545,43.26932],[-2.74532,43.26934],[-2.74517,43.26932],[-2.745,43.26934],[-2.74489,43.2694],[-2.74486,43.26955],[-2.74488,43.26976]]}},{"type":"Feature","properties":{"id":680287878,"highway":"unclassified"},"geometry":{"type":"LineString","coordinates":[[-2.80587,43.25555],[-2.80593,43.25576],[-2.80608,43.25594],[-2.80621,43.25606],[-2.80631,43.25613],[-2.80648,43.25625],[-2.80656,43.25629],[-2.80656,43.25629],[-2.80659,43.25631],[-2.80661,43.25632],[-2.80663,43.25634],[-2.80696,43.2568],[-2.80699,43.25685],[-2.80701,43.2569],[-2.80703,43.25696],[-2.80703,43.257],[-2.80703,43.25726]]}},{"type":"Feature","properties":{"id":680287879,"highway":"unclassified","superficie":"unpaved"},"geometry":{"type":"LineString","coordinates":[[-2.80422,43.2546],[-2.80425,43.25468],[-2.80425,43.25468],[-2.80429,43.25475],[-2.80435,43.25483],[-2.80444,43.25497],[-2.80446,43.25498],[-2.80448,43.25501],[-2.80452,43.25503],[-2.80453,43.25504],[-2.80455,43.25504],[-2.80457,43.25505],[-2.80479,43.25509],[-2.80484,43.25511],[-2.80502,43.25516],[-2.80509,43.25519],[-2.80514,43.25521],[-2.80522,43.25525],[-2.80534,43.2553],[-2.80544,43.25534],[-2.80556,43.25539],[-2.80574,43.25546],[-2.80587,43.25555]]}},{"type":"Feature","properties":{"id":680287882,"highway":"footway"},"geometry":{"type":"LineString","coordinates":[[-2.81099,43.2625],[-2.81089,43.2625]]}},{"type":"Feature","properties":{"id":680287883,"highway":"footway","puente":"yes"},"geometry":{"type":"LineString","coordinates":[[-2.81134,43.26255],[-2.81099,43.2625]]}},{"type":"Feature","properties":{"id":680288977,"highway":"residential","oneway":"yes"},"geometry":{"type":"LineString","coordinates":[[-2.79382,43.26088],[-2.79378,43.26089],[-2.79374,43.26091],[-2.79371,43.26093],[-2.79369,43.26095]]}},{"type":"Feature","properties":{"id":680293379,"highway":"track"},"geometry":{"type":"LineString","coordinates":[[-2.75592,43.27295],[-2.75612,43.27275],[-2.75622,43.27258],[-2.75626,43.27242],[-2.75624,43.27227],[-2.75618,43.27215],[-2.75581,43.27173],[-2.75573,43.27163],[-2.7556,43.27142],[-2.75548,43.27129],[-2.75548,43.27118],[-2.75551,43.27099],[-2.75551,43.27085],[-2.75548,43.27073],[-2.75539,43.27053],[-2.75536,43.27046],[-2.75535,43.27042]]}},{"type":"Feature","properties":{"id":680293381,"highway":"track"},"geometry":{"type":"LineString","coordinates":[[-2.75577,43.2735],[-2.75579,43.27366],[-2.75581,43.27372],[-2.756,43.27391],[-2.75637,43.2742]]}},{"type":"Feature","properties":{"id":680293384,"highway":"track"},"geometry":{"type":"LineString","coordinates":[[-2.75614,43.27973],[-2.75607,43.27975],[-2.75591,43.27974],[-2.75563,43.27971],[-2.75541,43.27967],[-2.75531,43.27968],[-2.7549,43.27976],[-2.75435,43.27984],[-2.75385,43.27988],[-2.7537,43.27988],[-2.75348,43.27987],[-2.75328,43.27989],[-2.75313,43.2799],[-2.75304,43.27989]]}},{"type":"Feature","properties":{"id":680293388,"highway":"track"},"geometry":{"type":"LineString","coordinates":[[-2.77093,43.27527],[-2.77094,43.27532],[-2.77088,43.27536],[-2.77072,43.27547],[-2.77066,43.27558],[-2.77063,43.2758],[-2.77064,43.27616],[-2.77057,43.27709]]}},{"type":"Feature","properties":{"id":680772826,"highway":"service"},"geometry":{"type":"LineString","coordinates":[[-2.79812,43.25656],[-2.7982,43.2565],[-2.7983,43.25644],[-2.79836,43.2564],[-2.79842,43.25637],[-2.79845,43.25632]]}},{"type":"Feature","properties":{"id":680778112,"highway":"footway","nombre":"Trincheras"},"geometry":{"type":"LineString","coordinates":[[-2.79091,43.27817],[-2.79036,43.2784],[-2.78982,43.27861]]}},{"type":"Feature","properties":{"id":680837636,"highway":"service"},"geometry":{"type":"LineString","coordinates":[[-2.79441,43.28506],[-2.79458,43.28513],[-2.79467,43.28516],[-2.7947,43.28518],[-2.79468,43.2852],[-2.79449,43.28522]]}},{"type":"Feature","properties":{"id":680851313,"highway":"service"},"geometry":{"type":"LineString","coordinates":[[-2.80004,43.26203],[-2.80013,43.26177],[-2.80037,43.26124]]}},{"type":"Feature","properties":{"id":687606907,"highway":"track"},"geometry":{"type":"LineString","coordinates":[[-2.77746,43.27888],[-2.77731,43.27889],[-2.77686,43.27876],[-2.77648,43.27867],[-2.77639,43.27861]]}},{"type":"Feature","properties":{"id":687607777,"highway":"service","nombre":"Astoreka auzoa"},"geometry":{"type":"LineString","coordinates":[[-2.77639,43.27861],[-2.77641,43.27858],[-2.77645,43.27848],[-2.7765,43.2784],[-2.77657,43.27834],[-2.77665,43.27828],[-2.77673,43.27824],[-2.77678,43.27818]]}},{"type":"Feature","properties":{"id":687609760,"highway":"unclassified","nombre":"Gaztelu auzoa"},"geometry":{"type":"LineString","coordinates":[[-2.79956,43.28148],[-2.79971,43.28125],[-2.79975,43.28115],[-2.79979,43.28103],[-2.7998,43.28082],[-2.79975,43.28047],[-2.79978,43.28001],[-2.7999,43.27915],[-2.79993,43.27899],[-2.80003,43.27864],[-2.80011,43.27847],[-2.80028,43.27818],[-2.80039,43.27807],[-2.80065,43.27786],[-2.8007,43.27779],[-2.80073,43.27772],[-2.80073,43.27765],[-2.8007,43.27756],[-2.80063,43.27746],[-2.80044,43.2772],[-2.80041,43.27717],[-2.80038,43.27715]]}},{"type":"Feature","properties":{"id":687609763,"highway":"unclassified"},"geometry":{"type":"LineString","coordinates":[[-2.79996,43.27664],[-2.79999,43.27667],[-2.80003,43.27672]]}},{"type":"Feature","properties":{"id":687609765,"highway":"residential"},"geometry":{"type":"LineString","coordinates":[[-2.78437,43.26736],[-2.78452,43.26744],[-2.78465,43.26747],[-2.78486,43.26747],[-2.78505,43.2675],[-2.78524,43.26758],[-2.7853,43.26761]]}},{"type":"Feature","properties":{"id":704946586,"highway":"service"},"geometry":{"type":"LineString","coordinates":[[-2.768,43.27993],[-2.76816,43.28018],[-2.76601,43.28102],[-2.76597,43.28121],[-2.76607,43.28146],[-2.76718,43.28305],[-2.76711,43.28336],[-2.76695,43.28352],[-2.7663,43.28386],[-2.76601,43.28385],[-2.76563,43.28384],[-2.76499,43.28365],[-2.76457,43.28336],[-2.76404,43.28277],[-2.76358,43.28236],[-2.76321,43.28222],[-2.76291,43.28242],[-2.76338,43.28291],[-2.7636,43.28336],[-2.76371,43.2836],[-2.76385,43.28395],[-2.76398,43.28423],[-2.76401,43.28451],[-2.76394,43.28475],[-2.76375,43.28488],[-2.7635,43.28488],[-2.76325,43.28461],[-2.76303,43.28423],[-2.76273,43.28409],[-2.76235,43.28411],[-2.76181,43.28424]]}},{"type":"Feature","properties":{"id":704946587,"highway":"path"},"geometry":{"type":"LineString","coordinates":[[-2.76601,43.28385],[-2.76595,43.28393],[-2.76602,43.28402],[-2.76612,43.28416],[-2.76642,43.28425],[-2.7667,43.28434],[-2.76696,43.28445],[-2.76706,43.2845],[-2.76714,43.28454]]}},{"type":"Feature","properties":{"id":715102967,"highway":"path"},"geometry":{"type":"LineString","coordinates":[[-2.79633,43.24788],[-2.79623,43.2479],[-2.79552,43.24797],[-2.79475,43.24797],[-2.79407,43.24804],[-2.79353,43.24762],[-2.79355,43.24746],[-2.79328,43.24742],[-2.79319,43.24721],[-2.79311,43.24695],[-2.79302,43.24685],[-2.79299,43.24682]]}},{"type":"Feature","properties":{"id":715561479,"highway":"path"},"geometry":{"type":"LineString","coordinates":[[-2.78421,43.24281],[-2.78434,43.24307],[-2.78492,43.24331],[-2.78578,43.2435],[-2.78626,43.24362],[-2.7866,43.24378],[-2.78688,43.24406]]}},{"type":"Feature","properties":{"id":715561480,"highway":"track"},"geometry":{"type":"LineString","coordinates":[[-2.76829,43.25182],[-2.76899,43.25218],[-2.76937,43.25248],[-2.76934,43.25257],[-2.76892,43.2528]]}},{"type":"Feature","properties":{"id":812585993,"highway":"pedestrian","nombre":"Errebale kalea"},"geometry":{"type":"LineString","coordinates":[[-2.79672,43.26124],[-2.79672,43.26123],[-2.79672,43.26122],[-2.7967,43.26114],[-2.7967,43.26111],[-2.7967,43.26105],[-2.79671,43.26098]]}},{"type":"Feature","properties":{"id":812585994,"highway":"living_street","nombre":"Errebale kalea"},"geometry":{"type":"LineString","coordinates":[[-2.79672,43.26124],[-2.79671,43.26131],[-2.79657,43.2615]]}},{"type":"Feature","properties":{"id":812585995,"highway":"pedestrian","nombre":"Iturrikoetxe kalea"},"geometry":{"type":"LineString","coordinates":[[-2.79671,43.26098],[-2.79669,43.26092],[-2.79669,43.26091],[-2.79669,43.26082],[-2.79669,43.26081],[-2.79681,43.26042]]}},{"type":"Feature","properties":{"id":867983575,"highway":"footway"},"geometry":{"type":"LineString","coordinates":[[-2.78443,43.2672],[-2.78411,43.26719]]}},{"type":"Feature","properties":{"id":867983576,"highway":"footway"},"geometry":{"type":"LineString","coordinates":[[-2.7845,43.26734],[-2.78455,43.26736],[-2.78469,43.26731],[-2.78495,43.26722],[-2.78507,43.26716],[-2.78519,43.26713],[-2.78517,43.2671],[-2.78558,43.26699],[-2.78591,43.26692],[-2.78645,43.2668],[-2.78691,43.26669],[-2.78732,43.26659]]}},{"type":"Feature","properties":{"id":867983577,"highway":"footway"},"geometry":{"type":"LineString","coordinates":[[-2.78505,43.26711],[-2.78504,43.26708],[-2.78502,43.26705]]}},{"type":"Feature","properties":{"id":867983578,"highway":"footway"},"geometry":{"type":"LineString","coordinates":[[-2.78732,43.26659],[-2.78741,43.26657]]}},{"type":"Feature","properties":{"id":867983579,"highway":"footway"},"geometry":{"type":"LineString","coordinates":[[-2.78741,43.26657],[-2.78784,43.26647]]}},{"type":"Feature","properties":{"id":867983580,"highway":"footway"},"geometry":{"type":"LineString","coordinates":[[-2.78784,43.26647],[-2.78787,43.26646],[-2.78792,43.26645]]}},{"type":"Feature","properties":{"id":867983581,"highway":"footway"},"geometry":{"type":"LineString","coordinates":[[-2.78792,43.26645],[-2.78877,43.26625],[-2.78892,43.26621]]}},{"type":"Feature","properties":{"id":867983582,"highway":"footway"},"geometry":{"type":"LineString","coordinates":[[-2.78892,43.26621],[-2.78916,43.26616]]}},{"type":"Feature","properties":{"id":867983583,"highway":"footway"},"geometry":{"type":"LineString","coordinates":[[-2.78916,43.26616],[-2.78945,43.26609],[-2.78977,43.26605]]}},{"type":"Feature","properties":{"id":867983584,"highway":"footway","puente":"yes"},"geometry":{"type":"LineString","coordinates":[[-2.78991,43.26602],[-2.78998,43.26601]]}},{"type":"Feature","properties":{"id":867983585,"highway":"footway"},"geometry":{"type":"LineString","coordinates":[[-2.78977,43.26605],[-2.78985,43.26603],[-2.78991,43.26602]]}},{"type":"Feature","properties":{"id":867983586,"highway":"footway"},"geometry":{"type":"LineString","coordinates":[[-2.78998,43.26601],[-2.79061,43.26595],[-2.79076,43.26594],[-2.79094,43.26594],[-2.79106,43.26593],[-2.79144,43.26589],[-2.79169,43.26584],[-2.79187,43.2658]]}},{"type":"Feature","properties":{"id":867983588,"highway":"footway"},"geometry":{"type":"LineString","coordinates":[[-2.79187,43.2658],[-2.79188,43.26579],[-2.79207,43.26573],[-2.79234,43.26563],[-2.79258,43.26551]]}},{"type":"Feature","properties":{"id":867983589,"highway":"footway"},"geometry":{"type":"LineString","coordinates":[[-2.79258,43.26551],[-2.79269,43.26543],[-2.79276,43.26539],[-2.7928,43.26536]]}},{"type":"Feature","properties":{"id":867983590,"highway":"footway"},"geometry":{"type":"LineString","coordinates":[[-2.7928,43.26536],[-2.79282,43.26535],[-2.79309,43.26511],[-2.79328,43.26492],[-2.79336,43.2648],[-2.7934,43.26476],[-2.7935,43.26455],[-2.79356,43.26438],[-2.79361,43.2642],[-2.79364,43.26395],[-2.79364,43.26383],[-2.79369,43.26371],[-2.79382,43.26359]]}},{"type":"Feature","properties":{"id":867983591,"highway":"footway"},"geometry":{"type":"LineString","coordinates":[[-2.79382,43.26359],[-2.79391,43.26352]]}},{"type":"Feature","properties":{"id":867983592,"highway":"footway"},"geometry":{"type":"LineString","coordinates":[[-2.79391,43.26352],[-2.79395,43.26348],[-2.79406,43.26339],[-2.79417,43.26326],[-2.79431,43.26308],[-2.79438,43.26298]]}},{"type":"Feature","properties":{"id":867983745,"highway":"footway"},"geometry":{"type":"LineString","coordinates":[[-2.79429,43.26295],[-2.79433,43.26296],[-2.79438,43.26298]]}},{"type":"Feature","properties":{"id":867983746,"highway":"footway"},"geometry":{"type":"LineString","coordinates":[[-2.79438,43.26298],[-2.7945,43.26277],[-2.79454,43.26275]]}},{"type":"Feature","properties":{"id":867983747,"highway":"footway"},"geometry":{"type":"LineString","coordinates":[[-2.79454,43.26275],[-2.79455,43.26272],[-2.79457,43.26268]]}},{"type":"Feature","properties":{"id":867983748,"highway":"footway"},"geometry":{"type":"LineString","coordinates":[[-2.79457,43.26268],[-2.79473,43.26238],[-2.79483,43.2622],[-2.79487,43.26211]]}},{"type":"Feature","properties":{"id":867983909,"highway":"footway"},"geometry":{"type":"LineString","coordinates":[[-2.79487,43.26192],[-2.79487,43.26186],[-2.79482,43.26181],[-2.79454,43.26172],[-2.79441,43.26171],[-2.79424,43.26174],[-2.79411,43.2618],[-2.79389,43.26189],[-2.7939,43.2619],[-2.7937,43.262],[-2.79359,43.26205],[-2.79352,43.26208],[-2.79355,43.26214],[-2.79348,43.26216]]}},{"type":"Feature","properties":{"id":867983910,"highway":"footway"},"geometry":{"type":"LineString","coordinates":[[-2.79487,43.26192],[-2.79492,43.2619],[-2.79501,43.26187],[-2.79507,43.26184],[-2.79511,43.26183]]}},{"type":"Feature","properties":{"id":867983911,"highway":"footway"},"geometry":{"type":"LineString","coordinates":[[-2.79511,43.26183],[-2.79522,43.26183],[-2.79529,43.26183],[-2.79537,43.26181]]}},{"type":"Feature","properties":{"id":867985317,"highway":"footway"},"geometry":{"type":"LineString","coordinates":[[-2.7962,43.2618],[-2.79625,43.26168],[-2.79629,43.26158],[-2.79639,43.26149]]}},{"type":"Feature","properties":{"id":867985318,"highway":"footway"},"geometry":{"type":"LineString","coordinates":[[-2.79639,43.26149],[-2.79643,43.26152],[-2.79648,43.26156]]}},{"type":"Feature","properties":{"id":867985319,"highway":"footway"},"geometry":{"type":"LineString","coordinates":[[-2.79708,43.26168],[-2.79736,43.26173],[-2.79739,43.26175],[-2.79738,43.26182],[-2.79744,43.26183],[-2.7975,43.26184],[-2.79779,43.26191],[-2.79785,43.26193],[-2.79806,43.26197],[-2.79815,43.26199],[-2.7982,43.262],[-2.7984,43.26205],[-2.79843,43.26207]]}},{"type":"Feature","properties":{"id":867985320,"highway":"footway"},"geometry":{"type":"LineString","coordinates":[[-2.79806,43.26197],[-2.79808,43.26192]]}},{"type":"Feature","properties":{"id":867985321,"highway":"footway"},"geometry":{"type":"LineString","coordinates":[[-2.79843,43.26207],[-2.79849,43.26208],[-2.79852,43.26209]]}},{"type":"Feature","properties":{"id":867985322,"highway":"footway"},"geometry":{"type":"LineString","coordinates":[[-2.7993,43.26223],[-2.79945,43.26226],[-2.79965,43.26231],[-2.80006,43.26243]]}},{"type":"Feature","properties":{"id":867985323,"highway":"footway"},"geometry":{"type":"LineString","coordinates":[[-2.7993,43.26223],[-2.79932,43.26217],[-2.79934,43.26212]]}},{"type":"Feature","properties":{"id":867985324,"highway":"footway"},"geometry":{"type":"LineString","coordinates":[[-2.80006,43.26243],[-2.80011,43.26245],[-2.8002,43.26248],[-2.80033,43.26254],[-2.80041,43.2626],[-2.8009,43.26281],[-2.80153,43.26306],[-2.80168,43.26312],[-2.80173,43.26316]]}},{"type":"Feature","properties":{"id":867985325,"highway":"footway"},"geometry":{"type":"LineString","coordinates":[[-2.80173,43.26316],[-2.80176,43.26316],[-2.80185,43.2632],[-2.80195,43.26325]]}},{"type":"Feature","properties":{"id":867985326,"highway":"footway"},"geometry":{"type":"LineString","coordinates":[[-2.80195,43.26325],[-2.80207,43.2633],[-2.8023,43.26338],[-2.80257,43.26344]]}},{"type":"Feature","properties":{"id":867985327,"highway":"footway"},"geometry":{"type":"LineString","coordinates":[[-2.80257,43.26344],[-2.80259,43.26338],[-2.80262,43.26333]]}},{"type":"Feature","properties":{"id":867985328,"highway":"footway"},"geometry":{"type":"LineString","coordinates":[[-2.80257,43.26344],[-2.80263,43.26345]]}},{"type":"Feature","properties":{"id":867985329,"highway":"footway"},"geometry":{"type":"LineString","coordinates":[[-2.80263,43.26345],[-2.80269,43.26346],[-2.80278,43.26349]]}},{"type":"Feature","properties":{"id":867985330,"highway":"footway"},"geometry":{"type":"LineString","coordinates":[[-2.80278,43.26349],[-2.80304,43.26358],[-2.80319,43.26363],[-2.80327,43.26366]]}},{"type":"Feature","properties":{"id":867985331,"highway":"footway"},"geometry":{"type":"LineString","coordinates":[[-2.80327,43.26366],[-2.8033,43.26367],[-2.80337,43.26369]]}},{"type":"Feature","properties":{"id":867985332,"highway":"footway"},"geometry":{"type":"LineString","coordinates":[[-2.80337,43.26369],[-2.80371,43.26382],[-2.80409,43.26398],[-2.80456,43.26414],[-2.80477,43.26418],[-2.80529,43.26429],[-2.80566,43.26437],[-2.80607,43.26444],[-2.80677,43.26459],[-2.80691,43.26463]]}},{"type":"Feature","properties":{"id":867985333,"highway":"footway"},"geometry":{"type":"LineString","coordinates":[[-2.80691,43.26463],[-2.80694,43.26464],[-2.80706,43.26466]]}},{"type":"Feature","properties":{"id":867985334,"highway":"footway"},"geometry":{"type":"LineString","coordinates":[[-2.80706,43.26466],[-2.80732,43.26473],[-2.80745,43.26475],[-2.80755,43.26479],[-2.8077,43.26483],[-2.80779,43.26485],[-2.80789,43.26485],[-2.80799,43.26488],[-2.80815,43.26491],[-2.80855,43.26503],[-2.80876,43.26512],[-2.80897,43.2652],[-2.80909,43.26527]]}},{"type":"Feature","properties":{"id":867985335,"highway":"footway"},"geometry":{"type":"LineString","coordinates":[[-2.80909,43.26527],[-2.80912,43.26528],[-2.80914,43.26529]]}},{"type":"Feature","properties":{"id":867985336,"highway":"footway"},"geometry":{"type":"LineString","coordinates":[[-2.80914,43.26529],[-2.8092,43.26529],[-2.80936,43.26537],[-2.80978,43.26555],[-2.81018,43.26571],[-2.81032,43.26576]]}},{"type":"Feature","properties":{"id":867985337,"highway":"footway"},"geometry":{"type":"LineString","coordinates":[[-2.81032,43.26576],[-2.81037,43.26577],[-2.81039,43.26578],[-2.81043,43.26579]]}},{"type":"Feature","properties":{"id":867985338,"highway":"footway"},"geometry":{"type":"LineString","coordinates":[[-2.81043,43.26579],[-2.81066,43.26584],[-2.81123,43.26597],[-2.81145,43.26601],[-2.81161,43.26606]]}},{"type":"Feature","properties":{"id":867985339,"highway":"footway","puente":"yes"},"geometry":{"type":"LineString","coordinates":[[-2.81161,43.26606],[-2.81169,43.26607]]}},{"type":"Feature","properties":{"id":867985340,"highway":"footway"},"geometry":{"type":"LineString","coordinates":[[-2.81169,43.26607],[-2.81183,43.2661],[-2.81227,43.26618],[-2.81261,43.26626],[-2.81312,43.26637],[-2.81355,43.2665],[-2.8139,43.26662]]}},{"type":"Feature","properties":{"id":867985341,"highway":"footway"},"geometry":{"type":"LineString","coordinates":[[-2.8139,43.26662],[-2.81394,43.26663],[-2.81396,43.26664]]}},{"type":"Feature","properties":{"id":882686167,"highway":"track"},"geometry":{"type":"LineString","coordinates":[[-2.79216,43.2821],[-2.79207,43.28202],[-2.79192,43.28198],[-2.79161,43.28197],[-2.79133,43.28198],[-2.79097,43.28203],[-2.79086,43.28201],[-2.79066,43.28182],[-2.79032,43.28161],[-2.79015,43.28145],[-2.78986,43.28111],[-2.78981,43.28099],[-2.7898,43.28085],[-2.78982,43.28068],[-2.78989,43.28043],[-2.79005,43.28004],[-2.79003,43.27986],[-2.78995,43.2797],[-2.78983,43.27958],[-2.78982,43.27948],[-2.78996,43.27904],[-2.78992,43.2789],[-2.78985,43.27882],[-2.78887,43.27796],[-2.78885,43.27791],[-2.78885,43.27787]]}},{"type":"Feature","properties":{"id":882686172,"highway":"track"},"geometry":{"type":"LineString","coordinates":[[-2.79973,43.2815],[-2.80015,43.28124],[-2.8006,43.28124],[-2.80178,43.28085],[-2.80293,43.28052],[-2.80367,43.28043],[-2.80395,43.2804],[-2.80407,43.28029],[-2.80404,43.28016],[-2.80363,43.27937],[-2.80344,43.27882],[-2.80325,43.27789]]}},{"type":"Feature","properties":{"id":882686175,"highway":"track"},"geometry":{"type":"LineString","coordinates":[[-2.8028,43.28651],[-2.80268,43.28656],[-2.80229,43.28675],[-2.80189,43.28679],[-2.80165,43.28688],[-2.80155,43.28702],[-2.80145,43.28712],[-2.8014,43.28719],[-2.80142,43.28743],[-2.80144,43.28752],[-2.80136,43.28761],[-2.80109,43.28797],[-2.80083,43.28818],[-2.80044,43.28836]]}},{"type":"Feature","properties":{"id":884631169,"highway":"track"},"geometry":{"type":"LineString","coordinates":[[-2.76228,43.2618],[-2.76108,43.26146],[-2.76065,43.26053],[-2.76069,43.26025],[-2.7609,43.25992]]}},{"type":"Feature","properties":{"id":884631171,"highway":"path"},"geometry":{"type":"LineString","coordinates":[[-2.79429,43.25319],[-2.79407,43.25275],[-2.79411,43.25235],[-2.7941,43.25195],[-2.7941,43.25184],[-2.79401,43.25153],[-2.794,43.25148],[-2.79393,43.25142],[-2.79382,43.25142],[-2.79377,43.25149],[-2.79366,43.25161],[-2.79359,43.25164],[-2.79352,43.25165],[-2.79349,43.25162],[-2.79361,43.25156],[-2.79364,43.25142],[-2.79357,43.25134],[-2.79313,43.25088],[-2.79283,43.25063],[-2.7927,43.25025],[-2.79226,43.24982],[-2.79209,43.2493],[-2.7917,43.24907],[-2.7914,43.24898],[-2.79128,43.2489],[-2.79118,43.2487],[-2.79112,43.24853],[-2.791,43.24842],[-2.79084,43.24829],[-2.79083,43.24813],[-2.7908,43.24776],[-2.79099,43.2473],[-2.79102,43.24653],[-2.79106,43.24638],[-2.79092,43.24633],[-2.79068,43.24636],[-2.79054,43.24643],[-2.79042,43.24646],[-2.79034,43.24646],[-2.79024,43.24642],[-2.79019,43.24637],[-2.79014,43.2463],[-2.79018,43.24616],[-2.79021,43.24612],[-2.79024,43.24606]]}},{"type":"Feature","properties":{"id":884631173,"highway":"track"},"geometry":{"type":"LineString","coordinates":[[-2.76758,43.24814],[-2.76795,43.24807],[-2.76842,43.24811],[-2.76865,43.24818],[-2.7689,43.2483],[-2.76901,43.24838],[-2.76912,43.24869],[-2.7692,43.24894],[-2.76937,43.24915],[-2.76969,43.24942],[-2.77,43.24963],[-2.77041,43.24979],[-2.77063,43.24994],[-2.7707,43.25024],[-2.77079,43.25029],[-2.77103,43.2503],[-2.77246,43.25086],[-2.77311,43.25118],[-2.77383,43.25145],[-2.77427,43.25158],[-2.7748,43.25189],[-2.77532,43.25215],[-2.77625,43.25277],[-2.77656,43.25289],[-2.77709,43.25299],[-2.77721,43.25301],[-2.77762,43.25329],[-2.77795,43.25329],[-2.77871,43.25363],[-2.77946,43.25399],[-2.7796,43.25407]]}},{"type":"Feature","properties":{"id":887823519,"highway":"track"},"geometry":{"type":"LineString","coordinates":[[-2.79695,43.28495],[-2.79711,43.28472],[-2.79715,43.2846],[-2.79758,43.28422],[-2.79788,43.28417],[-2.79798,43.28412],[-2.79867,43.28339],[-2.7987,43.28332],[-2.79861,43.28308],[-2.7986,43.28285],[-2.79868,43.28273],[-2.79866,43.28248],[-2.799,43.28209],[-2.79921,43.28197],[-2.79927,43.28176]]}},{"type":"Feature","properties":{"id":897733222,"highway":"tertiary"},"geometry":{"type":"LineString","coordinates":[[-2.79633,43.26166],[-2.79638,43.26158],[-2.79643,43.26152],[-2.79648,43.2615],[-2.79653,43.26149]]}},{"type":"Feature","properties":{"id":897738508,"highway":"tertiary","nombre":"Gaztelumendi kalea","izena_eu":"Gaztelumendi kalea","nombre_es":"Calle Gaztelumendi"},"geometry":{"type":"LineString","coordinates":[[-2.79603,43.26211],[-2.79609,43.2621]]}},{"type":"Feature","properties":{"id":900172393,"highway":"secondary","ref":"BI-2713"},"geometry":{"type":"LineString","coordinates":[[-2.80172,43.25031],[-2.80169,43.25034],[-2.80168,43.25038]]}},{"type":"Feature","properties":{"id":900172394,"highway":"secondary","ref":"BI-2713"},"geometry":{"type":"LineString","coordinates":[[-2.80199,43.25032],[-2.80195,43.25029],[-2.80191,43.25028],[-2.80186,43.25027],[-2.8018,43.25027],[-2.80176,43.25029],[-2.80172,43.25031]]}},{"type":"Feature","properties":{"id":900172395,"highway":"secondary","ref":"BI-2713"},"geometry":{"type":"LineString","coordinates":[[-2.80168,43.25038],[-2.80168,43.25041],[-2.80169,43.25045],[-2.80172,43.25048],[-2.80175,43.2505],[-2.8018,43.25052],[-2.80185,43.25052]]}},{"type":"Feature","properties":{"id":900172396,"highway":"secondary"},"geometry":{"type":"LineString","coordinates":[[-2.80357,43.24859],[-2.80353,43.24858],[-2.80349,43.24858],[-2.80344,43.24859],[-2.80339,43.24861],[-2.80336,43.24864],[-2.80335,43.24868],[-2.80335,43.24872],[-2.80337,43.24876]]}},{"type":"Feature","properties":{"id":900172397,"highway":"secondary"},"geometry":{"type":"LineString","coordinates":[[-2.80365,43.24868],[-2.80365,43.24865],[-2.80363,43.24863],[-2.8036,43.24861],[-2.80357,43.24859]]}},{"type":"Feature","properties":{"id":916025782,"highway":"track"},"geometry":{"type":"LineString","coordinates":[[-2.80514,43.27819],[-2.8049,43.27812],[-2.80469,43.27814],[-2.80375,43.27788],[-2.80354,43.27786],[-2.80325,43.27789],[-2.80306,43.27765],[-2.80267,43.27747]]}},{"type":"Feature","properties":{"id":916025783,"highway":"track"},"geometry":{"type":"LineString","coordinates":[[-2.80267,43.27747],[-2.80241,43.27718],[-2.80121,43.27655],[-2.80121,43.2765],[-2.80121,43.27647],[-2.80177,43.27624],[-2.802,43.27607],[-2.80203,43.27598],[-2.80197,43.27586],[-2.80133,43.27549],[-2.80095,43.27539]]}},{"type":"Feature","properties":{"id":916025784,"highway":"track","superficie":"grass"},"geometry":{"type":"LineString","coordinates":[[-2.80121,43.2765],[-2.80091,43.27656],[-2.8006,43.27665],[-2.8005,43.27669]]}},{"type":"Feature","properties":{"id":916046071,"highway":"track"},"geometry":{"type":"LineString","coordinates":[[-2.77935,43.26277],[-2.77932,43.26295],[-2.77931,43.26315],[-2.77927,43.26326],[-2.77923,43.26335],[-2.77914,43.26337],[-2.77901,43.26333],[-2.77883,43.26314],[-2.77862,43.26301],[-2.7783,43.26286],[-2.77818,43.26276],[-2.77808,43.2626],[-2.77801,43.26246],[-2.778,43.26234],[-2.77794,43.26227],[-2.77774,43.26215],[-2.77757,43.26203],[-2.77726,43.26194],[-2.77706,43.26187],[-2.77684,43.26173],[-2.77654,43.2616]]}},{"type":"Feature","properties":{"id":916046996,"highway":"track"},"geometry":{"type":"LineString","coordinates":[[-2.76788,43.25962],[-2.76815,43.25995],[-2.76859,43.26033],[-2.76884,43.26059],[-2.76923,43.26102],[-2.76949,43.26118],[-2.76977,43.26146],[-2.77012,43.26162],[-2.77045,43.26178],[-2.77054,43.26188],[-2.77087,43.26197]]}},{"type":"Feature","properties":{"id":950127815,"highway":"tertiary","ref":"BI-4344","puente":"yes"},"geometry":{"type":"LineString","coordinates":[[-2.74667,43.26586],[-2.74668,43.26586],[-2.74671,43.26588],[-2.74675,43.26588]]}},{"type":"Feature","properties":{"id":950127820,"highway":"track"},"geometry":{"type":"LineString","coordinates":[[-2.75933,43.25655],[-2.7592,43.25646],[-2.75914,43.25637],[-2.75913,43.25627],[-2.75914,43.2562]]}},{"type":"Feature","properties":{"id":950127822,"highway":"path"},"geometry":{"type":"LineString","coordinates":[[-2.7591,43.25698],[-2.75922,43.25689],[-2.75933,43.25681],[-2.75941,43.25674]]}},{"type":"Feature","properties":{"id":950127823,"highway":"path","puente":"yes"},"geometry":{"type":"LineString","coordinates":[[-2.75907,43.25703],[-2.7591,43.25698]]}},{"type":"Feature","properties":{"id":950127824,"highway":"path"},"geometry":{"type":"LineString","coordinates":[[-2.76504,43.25669],[-2.76514,43.25672],[-2.76516,43.25673],[-2.76523,43.2567],[-2.76529,43.25667],[-2.76552,43.25659],[-2.76579,43.25657],[-2.76601,43.25655],[-2.76619,43.25652],[-2.76639,43.25637],[-2.76662,43.25622],[-2.76675,43.25614],[-2.76686,43.25609],[-2.767,43.25608],[-2.76716,43.25612],[-2.76732,43.25615],[-2.76742,43.25613],[-2.76759,43.256],[-2.76772,43.25589],[-2.76773,43.25579],[-2.76766,43.25558],[-2.76756,43.25532],[-2.76746,43.25507],[-2.76741,43.25474],[-2.76741,43.25463],[-2.76753,43.25441],[-2.76768,43.2543]]}},{"type":"Feature","properties":{"id":950127825,"highway":"path","puente":"yes"},"geometry":{"type":"LineString","coordinates":[[-2.76498,43.25668],[-2.76504,43.25669]]}},{"type":"Feature","properties":{"id":952298755,"highway":"track"},"geometry":{"type":"LineString","coordinates":[[-2.7948,43.25425],[-2.79471,43.25416],[-2.79474,43.25405],[-2.79482,43.25393],[-2.79489,43.2538],[-2.795,43.25372]]}},{"type":"Feature","properties":{"id":952302251,"highway":"path","superficie":"ground"},"geometry":{"type":"LineString","coordinates":[[-2.82182,43.2499],[-2.82159,43.24989],[-2.82126,43.24992],[-2.82103,43.25004],[-2.82085,43.25018],[-2.82045,43.25037],[-2.82012,43.25059],[-2.81989,43.25082],[-2.81971,43.25092],[-2.81954,43.25092],[-2.81939,43.25081],[-2.81935,43.25069],[-2.81939,43.25062]]}},{"type":"Feature","properties":{"id":974378885,"highway":"track"},"geometry":{"type":"LineString","coordinates":[[-2.81367,43.25115],[-2.81406,43.25126],[-2.81414,43.2513],[-2.81483,43.25155],[-2.8151,43.25161],[-2.81536,43.25162],[-2.81561,43.25161],[-2.81591,43.25162],[-2.81621,43.25166],[-2.81668,43.25189],[-2.81697,43.25218],[-2.81717,43.25234],[-2.81735,43.25247],[-2.81749,43.25285],[-2.81776,43.25304],[-2.81791,43.25323],[-2.81797,43.25337],[-2.81796,43.25344],[-2.81782,43.25349],[-2.81761,43.25351],[-2.81735,43.25354],[-2.81721,43.25357],[-2.81706,43.2536],[-2.81689,43.2536],[-2.81677,43.25367],[-2.81659,43.25375],[-2.81649,43.25375],[-2.81606,43.25372],[-2.81572,43.25375],[-2.81542,43.25376],[-2.81513,43.25378],[-2.81472,43.25384]]}},{"type":"Feature","properties":{"id":974379791,"highway":"track"},"geometry":{"type":"LineString","coordinates":[[-2.81472,43.25384],[-2.81455,43.25393],[-2.81419,43.25416],[-2.8141,43.25419],[-2.81397,43.25415],[-2.81345,43.25398],[-2.81329,43.25382],[-2.81311,43.25373],[-2.81294,43.2537],[-2.81267,43.2538],[-2.81241,43.25392],[-2.81209,43.25406],[-2.81186,43.25411],[-2.81145,43.25408],[-2.81096,43.25399],[-2.81075,43.25392],[-2.81067,43.25385],[-2.81101,43.25353],[-2.81107,43.25338],[-2.81119,43.25312],[-2.81123,43.25298],[-2.81109,43.25289],[-2.8107,43.25268],[-2.81049,43.25256],[-2.81042,43.25246],[-2.81043,43.2524],[-2.81047,43.25234],[-2.81065,43.25228],[-2.81096,43.25217],[-2.8111,43.25201],[-2.81104,43.25191],[-2.81096,43.25186],[-2.81089,43.2518]]}},{"type":"Feature","properties":{"id":974379792,"highway":"track"},"geometry":{"type":"MultiLineString","coordinates":[[[-2.8106,43.25181],[-2.81089,43.2518],[-2.81088,43.25168],[-2.81088,43.2516],[-2.81089,43.25153],[-2.81101,43.25123],[-2.81122,43.25091]],[[-2.80713,43.24984],[-2.80705,43.24994],[-2.80698,43.25011],[-2.80699,43.25026],[-2.80707,43.25044],[-2.80719,43.25063],[-2.80729,43.25075],[-2.80733,43.25086],[-2.80734,43.25098],[-2.80738,43.25106],[-2.80752,43.25113],[-2.80778,43.25122],[-2.80811,43.25135],[-2.80839,43.25148],[-2.80863,43.25154],[-2.80899,43.25164],[-2.80915,43.2517],[-2.80921,43.25174],[-2.80954,43.25165],[-2.80963,43.25158],[-2.80965,43.2515],[-2.80957,43.25126],[-2.80953,43.25102],[-2.80954,43.25087],[-2.80959,43.25075]]]}},{"type":"Feature","properties":{"id":987143945,"highway":"path"},"geometry":{"type":"LineString","coordinates":[[-2.74105,43.27499],[-2.74108,43.27494]]}},{"type":"Feature","properties":{"id":987143946,"highway":"track"},"geometry":{"type":"LineString","coordinates":[[-2.74485,43.27444],[-2.74502,43.27447],[-2.74511,43.27451],[-2.74534,43.27469],[-2.74565,43.27496],[-2.74585,43.27521],[-2.74598,43.27537],[-2.74607,43.27543]]}},{"type":"Feature","properties":{"id":987143947,"highway":"track","superficie":"ground"},"geometry":{"type":"LineString","coordinates":[[-2.74936,43.27704],[-2.74927,43.27686],[-2.7488,43.27632],[-2.74871,43.27601]]}},{"type":"Feature","properties":{"id":993719348,"highway":"secondary","nombre":"Astoreka auzoa","ref":"BI-2713"},"geometry":{"type":"LineString","coordinates":[[-2.77363,43.27901],[-2.7735,43.27908],[-2.77332,43.27915],[-2.7732,43.27919],[-2.77301,43.27923],[-2.77236,43.27932],[-2.77166,43.27941],[-2.77099,43.27948],[-2.77083,43.27949],[-2.77067,43.27949],[-2.77047,43.27949],[-2.77014,43.27948],[-2.7697,43.27946],[-2.76945,43.27947],[-2.76931,43.27948],[-2.76917,43.27949],[-2.76906,43.27951],[-2.76894,43.27955],[-2.76879,43.27959],[-2.76859,43.27968],[-2.76843,43.27975],[-2.76815,43.27986],[-2.768,43.27993],[-2.76708,43.28035],[-2.7668,43.28047],[-2.76609,43.28078],[-2.76593,43.28084],[-2.76581,43.28088],[-2.76567,43.28091],[-2.76553,43.28093],[-2.7654,43.28094],[-2.76526,43.28094],[-2.76503,43.28092],[-2.7645,43.28088],[-2.76435,43.28088],[-2.76414,43.2809],[-2.76403,43.28091],[-2.76388,43.28094],[-2.76373,43.28099],[-2.7636,43.28104],[-2.76338,43.28116],[-2.76314,43.28131],[-2.76209,43.28191],[-2.76132,43.28237]]}},{"type":"Feature","properties":{"id":993719349,"highway":"secondary","ref":"BI-2713"},"geometry":{"type":"LineString","coordinates":[[-2.79268,43.26535],[-2.79264,43.26538],[-2.79261,43.26539],[-2.79253,43.26545],[-2.79245,43.26549],[-2.79233,43.26555],[-2.79223,43.2656],[-2.79212,43.26564],[-2.79201,43.26568],[-2.79188,43.26572],[-2.79173,43.26577],[-2.79161,43.26579],[-2.79146,43.26582],[-2.79131,43.26584],[-2.79094,43.26587],[-2.79014,43.26594],[-2.78999,43.26596]]}},{"type":"Feature","properties":{"id":993719350,"highway":"secondary","ref":"BI-2713","puente":"yes"},"geometry":{"type":"LineString","coordinates":[[-2.78999,43.26596],[-2.78984,43.26597],[-2.7898,43.26598]]}},{"type":"Feature","properties":{"id":995022786,"highway":"secondary","ref":"BI-2713","oneway":"yes"},"geometry":{"type":"LineString","coordinates":[[-2.79354,43.2639],[-2.79352,43.26375],[-2.79347,43.2636]]}},{"type":"Feature","properties":{"id":995022787,"highway":"secondary","ref":"BI-2713"},"geometry":{"type":"LineString","coordinates":[[-2.7898,43.26598],[-2.78966,43.266],[-2.7895,43.26603],[-2.78934,43.26606],[-2.7891,43.26611],[-2.78847,43.26626],[-2.7882,43.26633],[-2.78785,43.26641],[-2.78672,43.26668]]}},{"type":"Feature","properties":{"id":1061499596,"highway":"service","nombre":"Aldana auzoa"},"geometry":{"type":"LineString","coordinates":[[-2.74922,43.26617],[-2.74922,43.26617]]}},{"type":"Feature","properties":{"id":1083848078,"highway":"cycleway","oneway":"yes"},"geometry":{"type":"LineString","coordinates":[[-2.80363,43.24852],[-2.80356,43.24854],[-2.80348,43.2485]]}},{"type":"Feature","properties":{"id":1091256414,"highway":"service"},"geometry":{"type":"LineString","coordinates":[[-2.7987,43.25411],[-2.79918,43.25435]]}},{"type":"Feature","properties":{"id":1091257643,"highway":"service"},"geometry":{"type":"LineString","coordinates":[[-2.80033,43.27346],[-2.80017,43.27358]]}},{"type":"Feature","properties":{"id":1158953765,"highway":"path"},"geometry":{"type":"LineString","coordinates":[[-2.74108,43.27494],[-2.74114,43.27479],[-2.74116,43.27471],[-2.74113,43.27458]]}},{"type":"Feature","properties":{"id":1158953772,"highway":"track"},"geometry":{"type":"LineString","coordinates":[[-2.77762,43.25329],[-2.77732,43.25325],[-2.77716,43.25323],[-2.77704,43.25325],[-2.77695,43.25328],[-2.77683,43.25337],[-2.77672,43.2535],[-2.77669,43.25372],[-2.77663,43.25383],[-2.77652,43.25393],[-2.77641,43.25425],[-2.77633,43.25439],[-2.7763,43.25465],[-2.77625,43.25474],[-2.77599,43.25457],[-2.77583,43.25453],[-2.77559,43.25456],[-2.77521,43.25467],[-2.77489,43.25484],[-2.77474,43.25489],[-2.7746,43.25492],[-2.77445,43.25492],[-2.77434,43.25492],[-2.77428,43.25488],[-2.77428,43.25472],[-2.77432,43.25445],[-2.77433,43.25416],[-2.77435,43.25384],[-2.77438,43.25365],[-2.77428,43.25352],[-2.77417,43.25345],[-2.77409,43.25341],[-2.77394,43.25339],[-2.77376,43.25344],[-2.77371,43.25351],[-2.77368,43.25367],[-2.77368,43.25392],[-2.7737,43.25419],[-2.7737,43.25437],[-2.77368,43.25448],[-2.77366,43.25453],[-2.77354,43.25439],[-2.77343,43.2543],[-2.77325,43.25416],[-2.7731,43.25402],[-2.77297,43.25378]]}},{"type":"Feature","properties":{"id":1159236128,"highway":"track"},"geometry":{"type":"LineString","coordinates":[[-2.78585,43.25434],[-2.78598,43.25443],[-2.78609,43.25455],[-2.78619,43.25464],[-2.78617,43.2548],[-2.78608,43.25506],[-2.78595,43.25522],[-2.78565,43.25535],[-2.78544,43.25548],[-2.78535,43.25552]]}},{"type":"Feature","properties":{"id":1228694092,"highway":"footway"},"geometry":{"type":"LineString","coordinates":[[-2.79487,43.26211],[-2.79483,43.26209],[-2.79479,43.26208]]}},{"type":"Feature","properties":{"id":1228694093,"highway":"residential","oneway":"yes"},"geometry":{"type":"LineString","coordinates":[[-2.79488,43.26178],[-2.79491,43.26186],[-2.79492,43.2619],[-2.79492,43.26194],[-2.79493,43.26198]]}},{"type":"Feature","properties":{"id":1228694094,"highway":"residential","nombre":"Zubitalde auzoa","oneway":"yes"},"geometry":{"type":"LineString","coordinates":[[-2.79488,43.26178],[-2.79497,43.2618],[-2.79501,43.26179]]}},{"type":"Feature","properties":{"id":1228694095,"highway":"tertiary","nombre":"Mikel Zarate kalea","izena_eu":"Mikel Zarate kalea","nombre_es":"Calle Mikel Zarate","oneway":"no"},"geometry":{"type":"LineString","coordinates":[[-2.79493,43.26198],[-2.79498,43.26195],[-2.79504,43.26192]]}},{"type":"Feature","properties":{"id":1290651221,"highway":"track"},"geometry":{"type":"LineString","coordinates":[[-2.7653,43.25376],[-2.76509,43.25391],[-2.76495,43.25417],[-2.76465,43.25432],[-2.76428,43.25451],[-2.76409,43.25456],[-2.7638,43.2546],[-2.76362,43.25468],[-2.76341,43.25492],[-2.76317,43.25544],[-2.76291,43.25569],[-2.76204,43.25639],[-2.76184,43.25649],[-2.76171,43.25653],[-2.76141,43.25666],[-2.76138,43.25675],[-2.76153,43.25689],[-2.762,43.25707],[-2.7622,43.2571],[-2.76242,43.25707],[-2.76278,43.25693],[-2.76298,43.25679]]}},{"type":"Feature","properties":{"id":1305399787,"highway":"track"},"geometry":{"type":"LineString","coordinates":[[-2.80631,43.25613],[-2.80599,43.2563],[-2.80582,43.25638],[-2.80575,43.25642],[-2.80573,43.25644],[-2.80567,43.25649],[-2.80565,43.25651],[-2.80565,43.25657],[-2.80577,43.2568]]}},{"type":"Feature","properties":{"id":1305399789,"highway":"path"},"geometry":{"type":"LineString","coordinates":[[-2.79302,43.24685],[-2.79262,43.24709],[-2.79231,43.24724],[-2.79204,43.24744],[-2.79196,43.24748],[-2.79173,43.2475],[-2.79146,43.24755],[-2.79122,43.24772],[-2.79116,43.24787],[-2.79106,43.24797],[-2.79083,43.24813]]}},{"type":"Feature","properties":{"id":1306901612,"highway":"path"},"geometry":{"type":"LineString","coordinates":[[-2.79501,43.25856],[-2.79493,43.25861],[-2.7948,43.25861],[-2.79467,43.25859],[-2.79452,43.25854],[-2.79445,43.25852]]}},{"type":"Feature","properties":{"id":1306901613,"highway":"path","puente":"yes"},"geometry":{"type":"LineString","coordinates":[[-2.79445,43.25852],[-2.79434,43.25847]]}},{"type":"Feature","properties":{"id":1306901618,"highway":"service","puente":"yes"},"geometry":{"type":"LineString","coordinates":[[-2.79502,43.26295],[-2.7951,43.26296]]}},{"type":"Feature","properties":{"id":1366054462,"highway":"living_street"},"geometry":{"type":"LineString","coordinates":[[-2.79611,43.26014],[-2.79557,43.26009]]}},{"type":"Feature","properties":{"id":1366054463,"highway":"living_street"},"geometry":{"type":"LineString","coordinates":[[-2.79605,43.26046],[-2.79575,43.26043],[-2.79567,43.26044],[-2.79553,43.26049]]}},{"type":"Feature","properties":{"id":1375832073,"highway":"secondary","nombre":"Jauregi Apezpikua kalea","ref":"BI-2713"},"geometry":{"type":"LineString","coordinates":[[-2.78467,43.26722],[-2.78448,43.26731],[-2.78437,43.26736]]}},{"type":"Feature","properties":{"id":1375832074,"highway":"secondary","ref":"BI-2713"},"geometry":{"type":"LineString","coordinates":[[-2.77427,43.27841],[-2.77419,43.27853]]}},{"type":"Feature","properties":{"id":1375832075,"highway":"secondary","nombre":"Astoreka auzoa","ref":"BI-2713"},"geometry":{"type":"LineString","coordinates":[[-2.77419,43.27853],[-2.77403,43.27875],[-2.77396,43.27883],[-2.77388,43.27889],[-2.77374,43.27897],[-2.77363,43.27901]]}},{"type":"Feature","properties":{"id":1465647922,"highway":"track"},"geometry":{"type":"LineString","coordinates":[[-2.79929,43.25309],[-2.79919,43.25309],[-2.79915,43.25309],[-2.79904,43.25311],[-2.79891,43.25311],[-2.79881,43.25307],[-2.7987,43.25301]]}},{"type":"Feature","properties":{"id":1465647923,"highway":"track","puente":"yes"},"geometry":{"type":"LineString","coordinates":[[-2.7987,43.25301],[-2.79865,43.25297]]}},{"type":"Feature","properties":{"id":1465647924,"highway":"unclassified"},"geometry":{"type":"LineString","coordinates":[[-2.78672,43.26668],[-2.78666,43.26662],[-2.78654,43.26655],[-2.78545,43.26593]]}},{"type":"Feature","properties":{"id":1465647925,"highway":"unclassified","puente":"yes"},"geometry":{"type":"LineString","coordinates":[[-2.78545,43.26593],[-2.78535,43.26588]]}},{"type":"Feature","properties":{"id":1465647926,"highway":"residential","nombre":"Kaltzada kalea"},"geometry":{"type":"LineString","coordinates":[[-2.78205,43.26678],[-2.78185,43.26675]]}},{"type":"Feature","properties":{"id":1465647927,"highway":"residential","nombre":"Kaltzada kalea","puente":"yes"},"geometry":{"type":"LineString","coordinates":[[-2.78216,43.2668],[-2.78205,43.26678]]}},{"type":"Feature","properties":{"id":1466130126,"highway":"service"},"geometry":{"type":"LineString","coordinates":[[-2.7927,43.28125],[-2.79267,43.28132],[-2.79262,43.28136],[-2.79253,43.28143],[-2.79253,43.28144],[-2.79249,43.28149]]}},{"type":"Feature","properties":{"id":1466130127,"highway":"service"},"geometry":{"type":"LineString","coordinates":[[-2.79253,43.28144],[-2.79252,43.28157],[-2.7925,43.28209],[-2.79287,43.2821],[-2.79289,43.28203],[-2.7929,43.28195],[-2.7929,43.28189],[-2.79288,43.28185],[-2.79285,43.28182],[-2.79278,43.28176],[-2.79275,43.28174]]}},{"type":"Feature","properties":{"id":1466130131,"highway":"service"},"geometry":{"type":"LineString","coordinates":[[-2.78234,43.27137],[-2.78196,43.27127],[-2.78176,43.27124],[-2.78168,43.27123],[-2.78162,43.27125],[-2.78142,43.27137]]}},{"type":"Feature","properties":{"id":1466130137,"highway":"service"},"geometry":{"type":"LineString","coordinates":[[-2.7778,43.27554],[-2.77754,43.2755],[-2.77737,43.27546],[-2.77723,43.27542],[-2.77711,43.2754]]}},{"type":"Feature","properties":{"id":1466130138,"highway":"service"},"geometry":{"type":"LineString","coordinates":[[-2.77782,43.27924],[-2.7777,43.27913],[-2.77757,43.27905],[-2.77751,43.279],[-2.77747,43.27896],[-2.77745,43.27892],[-2.77746,43.27888]]}},{"type":"Feature","properties":{"id":1466354482,"highway":"service"},"geometry":{"type":"LineString","coordinates":[[-2.78865,43.25619],[-2.78872,43.2561],[-2.78875,43.25596],[-2.78874,43.25585],[-2.78875,43.25574],[-2.78852,43.2556],[-2.78844,43.2556],[-2.78832,43.25572],[-2.78836,43.25577],[-2.78863,43.25588],[-2.78875,43.25596]]}},{"type":"Feature","properties":{"id":1466354491,"highway":"service","nombre":"Jauregi Apezpikua kalea","superficie":"asphalt"},"geometry":{"type":"LineString","coordinates":[[-2.78185,43.26675],[-2.78101,43.26638],[-2.78089,43.26634],[-2.78071,43.26631],[-2.7805,43.2663],[-2.78038,43.26629],[-2.78017,43.26627],[-2.77989,43.26623],[-2.77976,43.26623]]}},{"type":"Feature","properties":{"id":1466354492,"highway":"secondary","nombre":"Jauregi Apezpikua kalea","ref":"BI-2713"},"geometry":{"type":"LineString","coordinates":[[-2.78672,43.26668],[-2.78596,43.26685],[-2.78535,43.26699],[-2.78513,43.26705],[-2.78504,43.26708],[-2.7849,43.26713],[-2.7848,43.26717],[-2.78478,43.26718],[-2.78473,43.2672],[-2.78467,43.26722]]}},{"type":"Feature","properties":{"id":1466354493,"highway":"secondary","ref":"BI-2713"},"geometry":{"type":"LineString","coordinates":[[-2.78347,43.27093],[-2.78359,43.27105],[-2.78388,43.27132],[-2.78394,43.27139],[-2.78399,43.27146],[-2.78402,43.27152],[-2.78403,43.27158],[-2.78404,43.27166],[-2.78403,43.27175],[-2.78399,43.27186],[-2.78389,43.27204]]}},{"type":"Feature","properties":{"id":1466354495,"highway":"service"},"geometry":{"type":"LineString","coordinates":[[-2.78355,43.267],[-2.7837,43.26687],[-2.78377,43.26681]]}},{"type":"Feature","properties":{"id":1466354497,"highway":"pedestrian"},"geometry":{"type":"LineString","coordinates":[[-2.78411,43.26732],[-2.78411,43.26719]]}},{"type":"Feature","properties":{"id":1467337408,"highway":"footway"},"geometry":{"type":"LineString","coordinates":[[-2.79537,43.25898],[-2.79544,43.25899]]}},{"type":"Feature","properties":{"id":1467337410,"highway":"residential","oneway":"yes"},"geometry":{"type":"LineString","coordinates":[[-2.79705,43.25704],[-2.797,43.25703],[-2.79693,43.25706],[-2.79677,43.25724],[-2.79673,43.25727],[-2.79668,43.25729],[-2.79666,43.25731],[-2.79664,43.25733],[-2.79659,43.25736]]}},{"type":"Feature","properties":{"id":1467337411,"highway":"residential"},"geometry":{"type":"LineString","coordinates":[[-2.79644,43.25734],[-2.79659,43.25736]]}},{"type":"Feature","properties":{"id":1467337412,"highway":"residential","oneway":"yes"},"geometry":{"type":"LineString","coordinates":[[-2.79659,43.25736],[-2.79663,43.25742],[-2.79663,43.25746],[-2.79664,43.25747],[-2.79663,43.2575],[-2.79662,43.25755]]}},{"type":"Feature","properties":{"id":1467337413,"highway":"residential","oneway":"yes"},"geometry":{"type":"LineString","coordinates":[[-2.79675,43.25738],[-2.79673,43.25735],[-2.79671,43.25734],[-2.79668,43.25734],[-2.79664,43.25733]]}},{"type":"Feature","properties":{"id":1467337415,"highway":"living_street"},"geometry":{"type":"LineString","coordinates":[[-2.79747,43.26032],[-2.79748,43.26028],[-2.79748,43.26025],[-2.79748,43.26023],[-2.79746,43.2602],[-2.79741,43.26014],[-2.79739,43.26011],[-2.7974,43.26008],[-2.79743,43.26005],[-2.79746,43.26003],[-2.79749,43.26002],[-2.79751,43.25999],[-2.79751,43.25992],[-2.79749,43.25988],[-2.79745,43.25986],[-2.79737,43.2598]]}},{"type":"Feature","properties":{"id":1467337416,"highway":"living_street","nombre":"Andra Mari kalea","izena_eu":"Andra Mari kalea","nombre_es":"Calle Andra Mari","oneway":"yes","superficie":"asphalt"},"geometry":{"type":"LineString","coordinates":[[-2.79616,43.25981],[-2.79615,43.25991]]}},{"type":"Feature","properties":{"id":1467337420,"highway":"living_street","nombre":"Iturrikoetxe etxealdea"},"geometry":{"type":"LineString","coordinates":[[-2.79656,43.26006],[-2.7965,43.26035]]}},{"type":"Feature","properties":{"id":1467337421,"highway":"living_street","nombre":"Iturrikoetxe kalea"},"geometry":{"type":"LineString","coordinates":[[-2.79711,43.26105],[-2.79671,43.26098]]}},{"type":"Feature","properties":{"id":1467337422,"highway":"living_street","nombre":"Iturrikoetxe etxealdea"},"geometry":{"type":"LineString","coordinates":[[-2.7965,43.26035],[-2.79649,43.2604],[-2.79643,43.26039],[-2.79642,43.26045],[-2.79648,43.26046]]}},{"type":"Feature","properties":{"id":1467337424,"highway":"service"},"geometry":{"type":"LineString","coordinates":[[-2.79603,43.25407],[-2.79583,43.25398],[-2.79534,43.25381]]}},{"type":"Feature","properties":{"id":1467337425,"highway":"service","puente":"yes"},"geometry":{"type":"LineString","coordinates":[[-2.79611,43.25411],[-2.79603,43.25407]]}},{"type":"Feature","properties":{"id":1467655234,"highway":"service"},"geometry":{"type":"LineString","coordinates":[[-2.79511,43.2616],[-2.7949,43.26154]]}},{"type":"Feature","properties":{"id":1467655235,"highway":"pedestrian"},"geometry":{"type":"LineString","coordinates":[[-2.79504,43.26132],[-2.7949,43.26154]]}},{"type":"Feature","properties":{"id":1467655236,"highway":"pedestrian"},"geometry":{"type":"LineString","coordinates":[[-2.7949,43.26154],[-2.79487,43.26158],[-2.79478,43.26174]]}},{"type":"Feature","properties":{"id":1467655237,"highway":"pedestrian"},"geometry":{"type":"LineString","coordinates":[[-2.79439,43.26145],[-2.79487,43.26158]]}},{"type":"Feature","properties":{"id":1467655238,"highway":"footway"},"geometry":{"type":"LineString","coordinates":[[-2.79681,43.26042],[-2.79688,43.26042]]}},{"type":"Feature","properties":{"id":1467655239,"highway":"pedestrian"},"geometry":{"type":"LineString","coordinates":[[-2.79669,43.26081],[-2.79642,43.26077]]}},{"type":"Feature","properties":{"id":1467674076,"highway":"residential","nombre":"Barrio Berresoaga"},"geometry":{"type":"LineString","coordinates":[[-2.81191,43.26217],[-2.81192,43.2621]]}},{"type":"Feature","properties":{"id":1467674077,"highway":"residential","nombre":"Barrio Berresoaga","oneway":"yes"},"geometry":{"type":"LineString","coordinates":[[-2.81192,43.2621],[-2.81199,43.26206],[-2.81211,43.26201],[-2.81222,43.262],[-2.81236,43.26201]]}},{"type":"Feature","properties":{"id":1467674078,"highway":"residential","nombre":"Barrio Berresoaga","oneway":"yes"},"geometry":{"type":"LineString","coordinates":[[-2.81207,43.26179],[-2.81206,43.26187],[-2.81203,43.26191],[-2.81198,43.26197],[-2.81193,43.26205],[-2.81192,43.2621]]}},{"type":"Feature","properties":{"id":1467674080,"highway":"unclassified","oneway":"yes"},"geometry":{"type":"LineString","coordinates":[[-2.81077,43.2611],[-2.81064,43.26117],[-2.8105,43.26123],[-2.81041,43.26126]]}},{"type":"Feature","properties":{"id":1467674081,"highway":"unclassified","oneway":"yes"},"geometry":{"type":"LineString","coordinates":[[-2.81078,43.26135],[-2.81074,43.26129],[-2.81073,43.26125],[-2.81073,43.26121],[-2.81074,43.26116],[-2.81077,43.2611]]}},{"type":"Feature","properties":{"id":1467674082,"highway":"pedestrian"},"geometry":{"type":"LineString","coordinates":[[-2.81283,43.26352],[-2.81196,43.26365]]}},{"type":"Feature","properties":{"id":1467674083,"highway":"residential","nombre":"Barrio Berresoaga"},"geometry":{"type":"LineString","coordinates":[[-2.81196,43.26365],[-2.81187,43.26334],[-2.81182,43.26314],[-2.81179,43.26301],[-2.81178,43.26287],[-2.8118,43.26275],[-2.81181,43.26265],[-2.81185,43.26253],[-2.81191,43.26217]]}},{"type":"Feature","properties":{"id":1467674084,"highway":"residential","nombre":"Barrio Berresoaga","oneway":"yes"},"geometry":{"type":"LineString","coordinates":[[-2.81236,43.26597],[-2.81233,43.26602],[-2.81228,43.26604],[-2.81226,43.26605],[-2.81217,43.26608],[-2.8121,43.26608],[-2.81197,43.26609]]}},{"type":"Feature","properties":{"id":1467674085,"highway":"residential","nombre":"Barrio Berresoaga","oneway":"yes"},"geometry":{"type":"LineString","coordinates":[[-2.813,43.2663],[-2.81288,43.26623],[-2.81281,43.26621],[-2.81265,43.26617],[-2.81249,43.26614],[-2.81243,43.2661],[-2.81238,43.26604],[-2.81236,43.26597]]}},{"type":"Feature","properties":{"id":1467674086,"highway":"footway"},"geometry":{"type":"LineString","coordinates":[[-2.81228,43.26474],[-2.81182,43.26482],[-2.81189,43.26517],[-2.81188,43.26557],[-2.81187,43.26586],[-2.8123,43.26586],[-2.81231,43.26582],[-2.81236,43.26582]]}},{"type":"Feature","properties":{"id":1467674087,"highway":"residential","nombre":"Barrio Berresoaga","oneway":"yes"},"geometry":{"type":"LineString","coordinates":[[-2.81228,43.26604],[-2.81227,43.26608],[-2.81227,43.2661],[-2.81227,43.26612],[-2.81229,43.26615]]}},{"type":"Feature","properties":{"id":1467674088,"highway":"residential","nombre":"Barrio Berresoaga","oneway":"yes"},"geometry":{"type":"LineString","coordinates":[[-2.81234,43.26616],[-2.81236,43.26613],[-2.81236,43.26611],[-2.81237,43.26608],[-2.81238,43.26604]]}},{"type":"Feature","properties":{"id":1467674091,"highway":"service"},"geometry":{"type":"LineString","coordinates":[[-2.79737,43.26038],[-2.79762,43.26045],[-2.79783,43.2605],[-2.79797,43.26052],[-2.79805,43.26049],[-2.79818,43.26041],[-2.79832,43.26034],[-2.79836,43.26029],[-2.79837,43.26026],[-2.79834,43.26024],[-2.79829,43.26024],[-2.79826,43.26026],[-2.79811,43.26033],[-2.79795,43.2604],[-2.79787,43.26045],[-2.79783,43.2605]]}},{"type":"Feature","properties":{"id":1467674094,"highway":"footway"},"geometry":{"type":"LineString","coordinates":[[-2.79537,43.26181],[-2.7954,43.26182],[-2.79544,43.26184]]}},{"type":"Feature","properties":{"id":1467674095,"highway":"footway"},"geometry":{"type":"LineString","coordinates":[[-2.79556,43.26186],[-2.79544,43.26184]]}},{"type":"Feature","properties":{"id":1467775022,"highway":"footway"},"geometry":{"type":"LineString","coordinates":[[-2.7967,43.26105],[-2.79642,43.26102]]}},{"type":"Feature","properties":{"id":1467775023,"highway":"footway"},"geometry":{"type":"LineString","coordinates":[[-2.79644,43.26115],[-2.79672,43.26122]]}},{"type":"Feature","properties":{"id":1467775024,"highway":"footway"},"geometry":{"type":"LineString","coordinates":[[-2.79669,43.26092],[-2.79642,43.26094]]}},{"type":"Feature","properties":{"id":1467775025,"highway":"pedestrian"},"geometry":{"type":"LineString","coordinates":[[-2.79692,43.26126],[-2.79672,43.26123]]}},{"type":"Feature","properties":{"id":1467775026,"highway":"footway"},"geometry":{"type":"LineString","coordinates":[[-2.79698,43.2615],[-2.79696,43.26149],[-2.79692,43.26149]]}},{"type":"Feature","properties":{"id":1467775027,"highway":"footway"},"geometry":{"type":"LineString","coordinates":[[-2.79704,43.26128],[-2.797,43.26127]]}},{"type":"Feature","properties":{"id":1467775028,"highway":"footway"},"geometry":{"type":"LineString","coordinates":[[-2.797,43.26127],[-2.79698,43.26131],[-2.79692,43.26149]]}},{"type":"Feature","properties":{"id":1467775029,"highway":"steps"},"geometry":{"type":"LineString","coordinates":[[-2.79698,43.26131],[-2.79693,43.2613],[-2.79694,43.26126],[-2.79692,43.26126]]}},{"type":"Feature","properties":{"id":1467775030,"highway":"residential","oneway":"yes"},"geometry":{"type":"LineString","coordinates":[[-2.79519,43.26189],[-2.79507,43.26184],[-2.79506,43.26184],[-2.79501,43.26179]]}},{"type":"Feature","properties":{"id":1467775031,"highway":"residential","nombre":"Txispamendi kalea","izena_eu":"Txispamendi kalea","nombre_es":"Calle Txispamendi"},"geometry":{"type":"LineString","coordinates":[[-2.79385,43.26035],[-2.79392,43.26033],[-2.79402,43.2603]]}},{"type":"Feature","properties":{"id":1467775032,"highway":"residential","nombre":"Txispamendi kalea","izena_eu":"Txispamendi kalea","nombre_es":"Calle Txispamendi","oneway":"yes"},"geometry":{"type":"LineString","coordinates":[[-2.79404,43.26035],[-2.79405,43.26036],[-2.79408,43.26036],[-2.7941,43.26036],[-2.79412,43.26035],[-2.79413,43.26034],[-2.79415,43.26033],[-2.79415,43.26031],[-2.79415,43.2603],[-2.79414,43.26028],[-2.79412,43.26027],[-2.7941,43.26026],[-2.79408,43.26026],[-2.79406,43.26027],[-2.79404,43.26028],[-2.79402,43.26029],[-2.79402,43.2603],[-2.79402,43.26032],[-2.79402,43.26033],[-2.79404,43.26035]]}},{"type":"Feature","properties":{"id":1467775033,"highway":"footway"},"geometry":{"type":"LineString","coordinates":[[-2.79525,43.26027],[-2.7952,43.26027],[-2.79513,43.26027]]}},{"type":"Feature","properties":{"id":1467775034,"highway":"footway"},"geometry":{"type":"LineString","coordinates":[[-2.79513,43.26027],[-2.79508,43.26034],[-2.79507,43.26041],[-2.79509,43.26059],[-2.79512,43.26069],[-2.79505,43.26073]]}},{"type":"Feature","properties":{"id":1467775035,"highway":"footway"},"geometry":{"type":"LineString","coordinates":[[-2.79505,43.26073],[-2.79506,43.26088],[-2.79508,43.26092],[-2.79525,43.26105],[-2.79534,43.26111],[-2.79536,43.26111],[-2.79539,43.26104],[-2.79546,43.26108]]}},{"type":"Feature","properties":{"id":1467775036,"highway":"pedestrian"},"geometry":{"type":"LineString","coordinates":[[-2.79605,43.26106],[-2.79602,43.26112]]}},{"type":"Feature","properties":{"id":1467775037,"highway":"pedestrian"},"geometry":{"type":"LineString","coordinates":[[-2.79589,43.26141],[-2.79578,43.26142]]}},{"type":"Feature","properties":{"id":1467775038,"highway":"footway"},"geometry":{"type":"LineString","coordinates":[[-2.79935,43.26205],[-2.79947,43.26207]]}},{"type":"Feature","properties":{"id":1467775039,"highway":"footway"},"geometry":{"type":"LineString","coordinates":[[-2.79935,43.26205],[-2.79877,43.26195],[-2.7983,43.26184],[-2.79813,43.2618],[-2.79812,43.2618],[-2.7974,43.26163]]}},{"type":"Feature","properties":{"id":1467775040,"highway":"footway"},"geometry":{"type":"LineString","coordinates":[[-2.7974,43.26163],[-2.79739,43.26166],[-2.79711,43.2616]]}},{"type":"Feature","properties":{"id":1467775041,"highway":"footway"},"geometry":{"type":"LineString","coordinates":[[-2.79711,43.2616],[-2.7971,43.26164],[-2.79708,43.26168]]}},{"type":"Feature","properties":{"id":1467775042,"highway":"footway"},"geometry":{"type":"LineString","coordinates":[[-2.79812,43.26184],[-2.79813,43.2618]]}},{"type":"Feature","properties":{"id":1467775043,"highway":"footway"},"geometry":{"type":"LineString","coordinates":[[-2.79808,43.26192],[-2.7981,43.26188]]}},{"type":"Feature","properties":{"id":1467775044,"highway":"footway"},"geometry":{"type":"LineString","coordinates":[[-2.7981,43.26188],[-2.79812,43.26184]]}},{"type":"Feature","properties":{"id":1467775045,"highway":"service"},"geometry":{"type":"LineString","coordinates":[[-2.79839,43.26231],[-2.79805,43.26223]]}},{"type":"Feature","properties":{"id":1467775046,"highway":"footway"},"geometry":{"type":"LineString","coordinates":[[-2.79815,43.26199],[-2.79805,43.26223]]}},{"type":"Feature","properties":{"id":1467775047,"highway":"footway"},"geometry":{"type":"LineString","coordinates":[[-2.79785,43.26193],[-2.79777,43.26212]]}},{"type":"Feature","properties":{"id":1467775048,"highway":"footway"},"geometry":{"type":"LineString","coordinates":[[-2.79777,43.26212],[-2.79737,43.26203]]}},{"type":"Feature","properties":{"id":1467775049,"highway":"footway"},"geometry":{"type":"LineString","coordinates":[[-2.79738,43.26182],[-2.79727,43.26207]]}},{"type":"Feature","properties":{"id":1467775050,"highway":"footway"},"geometry":{"type":"LineString","coordinates":[[-2.79561,43.26192],[-2.79558,43.26198],[-2.79556,43.26201]]}},{"type":"Feature","properties":{"id":1467775051,"highway":"footway"},"geometry":{"type":"LineString","coordinates":[[-2.79556,43.26201],[-2.79572,43.26206],[-2.79571,43.2621],[-2.79591,43.26215],[-2.79601,43.26221],[-2.79603,43.26222]]}},{"type":"Feature","properties":{"id":1467775052,"highway":"footway"},"geometry":{"type":"LineString","coordinates":[[-2.79603,43.26222],[-2.79596,43.26225]]}},{"type":"Feature","properties":{"id":1467775053,"highway":"footway"},"geometry":{"type":"LineString","coordinates":[[-2.79582,43.2623],[-2.79575,43.2623]]}},{"type":"Feature","properties":{"id":1467775054,"highway":"footway"},"geometry":{"type":"LineString","coordinates":[[-2.79571,43.2621],[-2.79575,43.2623],[-2.7958,43.26256],[-2.79583,43.26265],[-2.79593,43.26276],[-2.7961,43.26292],[-2.79628,43.26302],[-2.79645,43.26307],[-2.79653,43.26308],[-2.79666,43.26309],[-2.79678,43.26307],[-2.79694,43.26304],[-2.79698,43.26304],[-2.79711,43.26313],[-2.79719,43.26317],[-2.79721,43.26317],[-2.79725,43.26316],[-2.79743,43.26307],[-2.79752,43.26301]]}},{"type":"Feature","properties":{"id":1467775055,"highway":"footway"},"geometry":{"type":"LineString","coordinates":[[-2.79768,43.26306],[-2.79765,43.26308],[-2.7976,43.2631]]}},{"type":"Feature","properties":{"id":1467775056,"highway":"footway"},"geometry":{"type":"LineString","coordinates":[[-2.7976,43.2631],[-2.79752,43.26301],[-2.79716,43.2627],[-2.79714,43.26269]]}},{"type":"Feature","properties":{"id":1467775057,"highway":"footway"},"geometry":{"type":"LineString","coordinates":[[-2.79725,43.26264],[-2.79721,43.26267],[-2.79716,43.2627]]}},{"type":"Feature","properties":{"id":1467775058,"highway":"footway"},"geometry":{"type":"LineString","coordinates":[[-2.79585,43.26223],[-2.79587,43.26222],[-2.7959,43.26222],[-2.79592,43.26223],[-2.79594,43.26224],[-2.79596,43.26225],[-2.79597,43.26227],[-2.79597,43.26229],[-2.79596,43.2623],[-2.79594,43.26232],[-2.79592,43.26233],[-2.7959,43.26233],[-2.79587,43.26233],[-2.79585,43.26233],[-2.79583,43.26231],[-2.79582,43.2623],[-2.79581,43.26228],[-2.79581,43.26226],[-2.79583,43.26224],[-2.79585,43.26223]]}},{"type":"Feature","properties":{"id":1467775059,"highway":"service","nombre":"Basara auzoa"},"geometry":{"type":"LineString","coordinates":[[-2.79055,43.26312],[-2.79051,43.26315],[-2.7905,43.26315],[-2.79044,43.26318],[-2.79038,43.26319],[-2.79037,43.26319],[-2.7903,43.2632],[-2.7903,43.2632],[-2.79022,43.26321],[-2.78998,43.2632],[-2.78997,43.2632],[-2.78996,43.26319],[-2.78991,43.26318],[-2.78986,43.26317],[-2.78986,43.26317],[-2.78982,43.26314],[-2.78982,43.26314],[-2.78977,43.26311]]}},{"type":"Feature","properties":{"id":1467775060,"highway":"service"},"geometry":{"type":"LineString","coordinates":[[-2.79264,43.26538],[-2.79269,43.26543],[-2.79271,43.26547],[-2.79268,43.26551],[-2.7926,43.26557],[-2.7924,43.26567],[-2.79216,43.26574],[-2.79198,43.2658]]}},{"type":"Feature","properties":{"id":1467775062,"highway":"footway"},"geometry":{"type":"LineString","coordinates":[[-2.79336,43.2648],[-2.7934,43.26482],[-2.79334,43.26499]]}},{"type":"Feature","properties":{"id":1467775063,"highway":"service"},"geometry":{"type":"LineString","coordinates":[[-2.79271,43.26547],[-2.79284,43.26541],[-2.79316,43.26521],[-2.79328,43.26514]]}},{"type":"Feature","properties":{"id":1467775065,"highway":"footway"},"geometry":{"type":"LineString","coordinates":[[-2.79429,43.26295],[-2.79418,43.26311],[-2.79411,43.26315]]}},{"type":"Feature","properties":{"id":1467775066,"highway":"residential","nombre":"Anboto kalea","izena_eu":"Anboto kalea","nombre_es":"Calle Anboto"},"geometry":{"type":"LineString","coordinates":[[-2.79379,43.26264],[-2.79371,43.26255]]}},{"type":"Feature","properties":{"id":1467775067,"highway":"residential","nombre":"Anboto kalea","izena_eu":"Anboto kalea","nombre_es":"Calle Anboto","oneway":"yes"},"geometry":{"type":"LineString","coordinates":[[-2.79383,43.26271],[-2.79381,43.26271],[-2.79379,43.2627],[-2.79378,43.26269],[-2.79378,43.26267],[-2.79378,43.26266],[-2.79379,43.26264],[-2.7938,43.26263],[-2.79382,43.26263],[-2.79384,43.26262],[-2.79386,43.26263],[-2.79388,43.26263],[-2.7939,43.26265],[-2.7939,43.26266],[-2.7939,43.26268],[-2.7939,43.26269],[-2.79388,43.2627],[-2.79387,43.26271],[-2.79385,43.26271],[-2.79383,43.26271]]}},{"type":"Feature","properties":{"id":1467777333,"highway":"pedestrian"},"geometry":{"type":"LineString","coordinates":[[-2.78411,43.26744],[-2.78411,43.26738]]}},{"type":"Feature","properties":{"id":1467777334,"highway":"steps"},"geometry":{"type":"LineString","coordinates":[[-2.78411,43.26738],[-2.78411,43.26732]]}},{"type":"Feature","properties":{"id":1467777335,"highway":"footway"},"geometry":{"type":"LineString","coordinates":[[-2.78446,43.26729],[-2.78411,43.26744]]}},{"type":"Feature","properties":{"id":1467777336,"highway":"footway"},"geometry":{"type":"LineString","coordinates":[[-2.78446,43.26729],[-2.78448,43.26731],[-2.7845,43.26734]]}},{"type":"Feature","properties":{"id":1467788829,"highway":"steps"},"geometry":{"type":"LineString","coordinates":[[-2.78506,43.26714],[-2.78505,43.26711]]}},{"type":"Feature","properties":{"id":1467788830,"highway":"footway"},"geometry":{"type":"LineString","coordinates":[[-2.78507,43.26716],[-2.78506,43.26714]]}},{"type":"Feature","properties":{"id":1467788832,"highway":"footway"},"geometry":{"type":"LineString","coordinates":[[-2.78443,43.2672],[-2.78443,43.26716]]}},{"type":"Feature","properties":{"id":1467788833,"highway":"footway"},"geometry":{"type":"LineString","coordinates":[[-2.78446,43.26729],[-2.78447,43.26726],[-2.78447,43.26721],[-2.78445,43.2672],[-2.78444,43.2672],[-2.78443,43.2672]]}},{"type":"Feature","properties":{"id":1467788834,"highway":"residential","nombre":"Jauregi Apezpikua kalea","izena_eu":"Jauregi Apezpikua kalea","nombre_es":"Calle del Arzobispo Jauregi"},"geometry":{"type":"LineString","coordinates":[[-2.78445,43.26716],[-2.78443,43.26716]]}},{"type":"Feature","properties":{"id":1467788839,"highway":"footway"},"geometry":{"type":"LineString","coordinates":[[-2.79556,43.26186],[-2.79555,43.26189],[-2.79557,43.26191],[-2.7956,43.26192],[-2.79561,43.26192],[-2.79607,43.26203]]}},{"type":"Feature","properties":{"id":1467788840,"highway":"footway"},"geometry":{"type":"LineString","coordinates":[[-2.79623,43.26201],[-2.79618,43.262],[-2.79612,43.26198]]}},{"type":"Feature","properties":{"id":1467788841,"highway":"footway"},"geometry":{"type":"LineString","coordinates":[[-2.79612,43.26198],[-2.79611,43.26201],[-2.7961,43.26201],[-2.79607,43.26203]]}},{"type":"Feature","properties":{"id":1467788842,"highway":"footway"},"geometry":{"type":"LineString","coordinates":[[-2.79648,43.26156],[-2.79642,43.26162],[-2.79632,43.26183],[-2.79623,43.26201],[-2.79623,43.26205],[-2.79624,43.26208],[-2.79625,43.26209],[-2.79629,43.2621]]}},{"type":"Feature","properties":{"id":1467788843,"highway":"footway"},"geometry":{"type":"LineString","coordinates":[[-2.79629,43.2621],[-2.79627,43.26216],[-2.79626,43.26219]]}},{"type":"Feature","properties":{"id":1467788844,"highway":"footway"},"geometry":{"type":"LineString","coordinates":[[-2.7962,43.2618],[-2.79612,43.26198]]}},{"type":"Feature","properties":{"id":1467788845,"highway":"footway"},"geometry":{"type":"LineString","coordinates":[[-2.79479,43.26208],[-2.79487,43.26192]]}},{"type":"Feature","properties":{"id":1467788848,"highway":"pedestrian"},"geometry":{"type":"LineString","coordinates":[[-2.79627,43.26182],[-2.7962,43.2618]]}},{"type":"Feature","properties":{"id":1467788849,"highway":"pedestrian"},"geometry":{"type":"LineString","coordinates":[[-2.79607,43.26159],[-2.79606,43.26145],[-2.79599,43.26142],[-2.79593,43.26141],[-2.79589,43.26141]]}},{"type":"Feature","properties":{"id":1467788850,"highway":"footway"},"geometry":{"type":"LineString","coordinates":[[-2.79639,43.26149],[-2.79645,43.26146],[-2.79646,43.26141]]}},{"type":"Feature","properties":{"id":1467788851,"highway":"footway"},"geometry":{"type":"LineString","coordinates":[[-2.79648,43.26156],[-2.79651,43.26154],[-2.79656,43.26154],[-2.79676,43.26162],[-2.79704,43.26168],[-2.79708,43.26168]]}},{"type":"Feature","properties":{"id":1467788852,"highway":"footway"},"geometry":{"type":"LineString","coordinates":[[-2.79934,43.26212],[-2.79935,43.26205]]}},{"type":"Feature","properties":{"id":1467788853,"highway":"footway"},"geometry":{"type":"LineString","coordinates":[[-2.79852,43.26209],[-2.79867,43.26213],[-2.79869,43.26209],[-2.7993,43.26223]]}},{"type":"Feature","properties":{"id":1467788854,"highway":"footway"},"geometry":{"type":"LineString","coordinates":[[-2.80006,43.26243],[-2.80009,43.26239]]}},{"type":"Feature","properties":{"id":1467788858,"highway":"tertiary","oneway":"yes"},"geometry":{"type":"LineString","coordinates":[[-2.81396,43.26642],[-2.81393,43.26646],[-2.81385,43.26649],[-2.81368,43.2665]]}},{"type":"Feature","properties":{"id":1467788860,"highway":"tertiary","oneway":"yes"},"geometry":{"type":"LineString","coordinates":[[-2.81393,43.26646],[-2.8139,43.26651],[-2.8139,43.26654],[-2.81392,43.26658]]}},{"type":"Feature","properties":{"id":1467936627,"highway":"pedestrian"},"geometry":{"type":"LineString","coordinates":[[-2.78411,43.26719],[-2.78411,43.26715]]}},{"type":"Feature","properties":{"id":1467936628,"highway":"residential","nombre":"Jauregi Apezpikua kalea","izena_eu":"Jauregi Apezpikua kalea","nombre_es":"Calle del Arzobispo Jauregi"},"geometry":{"type":"LineString","coordinates":[[-2.78443,43.26716],[-2.78413,43.26715],[-2.78411,43.26715]]}},{"type":"Feature","properties":{"id":1540336699,"highway":"track"},"geometry":{"type":"LineString","coordinates":[[-2.75622,43.27982],[-2.75614,43.27973],[-2.75592,43.27962]]}},{"type":"Feature","properties":{"id":1540336700,"highway":"path","superficie":"ground"},"geometry":{"type":"LineString","coordinates":[[-2.75824,43.27749],[-2.75855,43.27739],[-2.75878,43.27733]]}},{"type":"Feature","properties":{"id":1543301725,"highway":"path","superficie":"ground"},"geometry":{"type":"LineString","coordinates":[[-2.78017,43.27883],[-2.78022,43.27886],[-2.78029,43.27887],[-2.78041,43.27884],[-2.78049,43.2788],[-2.78059,43.27878],[-2.78071,43.27876],[-2.78084,43.27877],[-2.7811,43.27882],[-2.78143,43.27892],[-2.78145,43.27892]]}},{"type":"Feature","properties":{"id":1543301726,"highway":"path","superficie":"ground"},"geometry":{"type":"LineString","coordinates":[[-2.78145,43.27892],[-2.78146,43.27886],[-2.78146,43.27863],[-2.78147,43.27848],[-2.78148,43.27837],[-2.78149,43.27803],[-2.78148,43.27785]]}},{"type":"Feature","properties":{"id":1543301727,"highway":"track"},"geometry":{"type":"LineString","coordinates":[[-2.77927,43.27859],[-2.7795,43.27852],[-2.77966,43.27846],[-2.77981,43.27838],[-2.77996,43.27827],[-2.78006,43.27821]]}}]}
