{"type":"FeatureCollection","features":[{"type":"Feature","properties":{"id":86260356,"highway":"living_street","oneway":"no"},"geometry":{"type":"LineString","coordinates":[[-2.89746,43.43285],[-2.89744,43.43289],[-2.89733,43.43312]]}},{"type":"Feature","properties":{"id":86260364,"highway":"residential"},"geometry":{"type":"LineString","coordinates":[[-2.89671,43.4324],[-2.89662,43.43234],[-2.89646,43.43225]]}},{"type":"Feature","properties":{"id":86260365,"highway":"living_street","nombre":"Portubide kalea","oneway":"yes"},"geometry":{"type":"LineString","coordinates":[[-2.89688,43.43187],[-2.89696,43.43193],[-2.89705,43.432],[-2.89723,43.43216],[-2.89733,43.43223],[-2.89741,43.4323]]}},{"type":"Feature","properties":{"id":86260470,"highway":"service"},"geometry":{"type":"LineString","coordinates":[[-2.87208,43.42311],[-2.87207,43.4234],[-2.87226,43.42365],[-2.87242,43.42396],[-2.87239,43.42415],[-2.87233,43.42439],[-2.87228,43.42479],[-2.8725,43.42479],[-2.87268,43.42483],[-2.87287,43.4249],[-2.87294,43.4249],[-2.87303,43.42487],[-2.87317,43.42471],[-2.87359,43.42417],[-2.87378,43.42381],[-2.87394,43.42362],[-2.87408,43.42358],[-2.87423,43.42359],[-2.87454,43.42372],[-2.87467,43.42375],[-2.87473,43.42362],[-2.87474,43.42342],[-2.87477,43.42325],[-2.87484,43.42319],[-2.87495,43.42318],[-2.87508,43.42321],[-2.87524,43.42336],[-2.8753,43.42356],[-2.87529,43.42385],[-2.87516,43.42429],[-2.87508,43.42462],[-2.87502,43.42492],[-2.87504,43.42521],[-2.87508,43.42537],[-2.87516,43.42554],[-2.87521,43.42558]]}},{"type":"Feature","properties":{"id":86260594,"highway":"track"},"geometry":{"type":"LineString","coordinates":[[-2.86969,43.42815],[-2.86978,43.42805],[-2.87003,43.4278],[-2.87035,43.42765],[-2.87063,43.42752],[-2.87096,43.42737],[-2.87109,43.42716],[-2.87122,43.4269],[-2.87151,43.42624],[-2.87158,43.42584],[-2.87168,43.42566],[-2.87168,43.42552],[-2.87172,43.42534],[-2.87183,43.42526],[-2.87199,43.42521],[-2.87212,43.42518],[-2.87225,43.42517],[-2.87235,43.42512],[-2.87245,43.42502],[-2.87245,43.42491],[-2.87228,43.42479]]}},{"type":"Feature","properties":{"id":94243601,"highway":"track"},"geometry":{"type":"LineString","coordinates":[[-2.90792,43.43162],[-2.90812,43.43162],[-2.90884,43.43147],[-2.90929,43.43126],[-2.91017,43.43108],[-2.91125,43.43087],[-2.91165,43.43075],[-2.9121,43.43078],[-2.91269,43.43072],[-2.91322,43.43066],[-2.91374,43.43066],[-2.91477,43.4308],[-2.91505,43.43078],[-2.91586,43.43073],[-2.917,43.43072]]}},{"type":"Feature","properties":{"id":94243607,"highway":"track"},"geometry":{"type":"LineString","coordinates":[[-2.90886,43.43526],[-2.90891,43.43532],[-2.90915,43.43538],[-2.90932,43.43542],[-2.90954,43.43549],[-2.90969,43.43553],[-2.90983,43.43551],[-2.91002,43.43546],[-2.9103,43.43534],[-2.9106,43.4353],[-2.91092,43.43528],[-2.91109,43.43526],[-2.91122,43.43521],[-2.91131,43.43518],[-2.91144,43.43511],[-2.91166,43.435],[-2.91177,43.43493],[-2.91198,43.43468],[-2.91208,43.4346],[-2.9122,43.43456],[-2.91229,43.43456],[-2.9124,43.43457],[-2.91251,43.43461],[-2.91257,43.43467],[-2.91264,43.43477],[-2.91271,43.43481],[-2.91288,43.43493],[-2.91327,43.43507],[-2.91366,43.43517],[-2.91403,43.43527],[-2.91436,43.43534],[-2.91507,43.43541],[-2.91548,43.43545],[-2.91611,43.43544],[-2.91675,43.43539],[-2.91704,43.43536],[-2.91743,43.43528],[-2.91786,43.43526],[-2.91815,43.4353],[-2.91856,43.43529],[-2.91918,43.4353],[-2.91998,43.43533],[-2.92015,43.43535],[-2.92043,43.43542],[-2.9205,43.43541],[-2.92078,43.43527],[-2.9208,43.43525],[-2.92095,43.43509],[-2.92104,43.43492],[-2.9211,43.43478]]}},{"type":"Feature","properties":{"id":94445143,"highway":"track"},"geometry":{"type":"LineString","coordinates":[[-2.90886,43.43526],[-2.90886,43.43518],[-2.90889,43.43504],[-2.90898,43.43501],[-2.9091,43.43498],[-2.90925,43.43491],[-2.90937,43.43478],[-2.90941,43.43471],[-2.90943,43.43461],[-2.90938,43.43433],[-2.9094,43.43414],[-2.90949,43.434],[-2.90975,43.43383],[-2.90994,43.43373],[-2.91022,43.43348],[-2.91058,43.43335],[-2.91067,43.43331],[-2.91074,43.43324],[-2.91074,43.43318],[-2.91071,43.43315],[-2.91042,43.43314],[-2.91005,43.43313],[-2.90956,43.43323],[-2.90908,43.4333],[-2.90883,43.43328],[-2.9086,43.43311],[-2.90838,43.43309],[-2.90806,43.43327],[-2.90769,43.43339],[-2.90739,43.43339],[-2.9069,43.43344],[-2.90664,43.43343],[-2.90642,43.43336],[-2.90631,43.43338],[-2.90594,43.43349],[-2.90498,43.43356],[-2.90449,43.43353],[-2.90441,43.43352],[-2.90408,43.43347],[-2.90383,43.4333],[-2.90368,43.43314],[-2.9037,43.4329],[-2.90386,43.43272],[-2.90419,43.43261],[-2.90447,43.43258],[-2.90527,43.43235],[-2.9054,43.43225],[-2.90541,43.43206],[-2.90535,43.43198],[-2.90495,43.43189],[-2.9049,43.43178]]}},{"type":"Feature","properties":{"id":94446183,"highway":"track","superficie":"dirt"},"geometry":{"type":"LineString","coordinates":[[-2.90443,43.43091],[-2.90426,43.43087],[-2.90393,43.43084],[-2.90364,43.43088],[-2.90308,43.43104],[-2.90259,43.43104],[-2.90193,43.43086],[-2.90182,43.4308],[-2.90151,43.43057],[-2.90115,43.43033],[-2.90078,43.43027],[-2.90065,43.43023],[-2.90055,43.43017],[-2.90049,43.43012],[-2.90046,43.43006],[-2.90048,43.42994],[-2.9005,43.42985],[-2.9004,43.4298],[-2.90028,43.42979],[-2.90015,43.42983],[-2.89997,43.42987],[-2.89978,43.42987],[-2.89955,43.4299],[-2.8995,43.42998],[-2.89932,43.43014],[-2.89921,43.43021]]}},{"type":"Feature","properties":{"id":94588538,"highway":"track"},"geometry":{"type":"LineString","coordinates":[[-2.87709,43.4253],[-2.87694,43.4251],[-2.87688,43.42488],[-2.87702,43.42462],[-2.87707,43.42443],[-2.87705,43.42425],[-2.87711,43.42404],[-2.87728,43.42386],[-2.8773,43.42365],[-2.87722,43.42354],[-2.87701,43.42344],[-2.87693,43.4233],[-2.87683,43.42313],[-2.87678,43.42299],[-2.87681,43.42287],[-2.87694,43.42278],[-2.87722,43.4227],[-2.87775,43.42252],[-2.87805,43.42236],[-2.87813,43.4222],[-2.8781,43.42194],[-2.87814,43.42178],[-2.87823,43.42167],[-2.87847,43.4216],[-2.87853,43.42147],[-2.87853,43.42133],[-2.87856,43.42121],[-2.8787,43.42112],[-2.87878,43.42099],[-2.87883,43.42089],[-2.87893,43.42079],[-2.87906,43.42065],[-2.87906,43.42043],[-2.87915,43.42026],[-2.87952,43.42001]]}},{"type":"Feature","properties":{"id":94588542,"highway":"track"},"geometry":{"type":"LineString","coordinates":[[-2.88051,43.42932],[-2.88048,43.42927],[-2.88025,43.42914],[-2.87978,43.42898],[-2.87968,43.42891],[-2.87968,43.42882],[-2.87972,43.42874],[-2.87975,43.42868],[-2.87976,43.42861],[-2.87947,43.42811],[-2.87946,43.42796],[-2.87949,43.4279],[-2.87974,43.42766],[-2.87999,43.42762],[-2.88029,43.42749],[-2.88033,43.42743],[-2.8805,43.42716],[-2.88055,43.42701],[-2.88055,43.42688],[-2.88059,43.42656],[-2.88061,43.42644],[-2.88069,43.42634],[-2.88091,43.42622],[-2.88099,43.42613],[-2.88103,43.42605],[-2.88104,43.42594],[-2.88105,43.42566],[-2.88111,43.42554],[-2.88122,43.42536],[-2.88127,43.42527],[-2.88126,43.42512],[-2.88118,43.4251],[-2.88103,43.42516],[-2.88085,43.42521],[-2.88063,43.4252],[-2.88049,43.42516],[-2.88042,43.4251],[-2.8803,43.42508],[-2.88015,43.4251],[-2.87973,43.42516],[-2.87903,43.42534],[-2.8787,43.42543],[-2.87779,43.42563],[-2.87753,43.42567],[-2.87729,43.42567],[-2.87707,43.4256],[-2.8768,43.42548],[-2.8765,43.42531],[-2.87625,43.42502],[-2.87616,43.4248],[-2.87608,43.42429],[-2.87604,43.42413],[-2.87601,43.42408],[-2.87592,43.42405],[-2.87584,43.42407],[-2.8758,43.42411],[-2.87576,43.42418],[-2.87569,43.42433],[-2.8756,43.42458],[-2.87559,43.42475],[-2.87557,43.42496],[-2.87558,43.42521],[-2.87565,43.42552]]}},{"type":"Feature","properties":{"id":94588547,"highway":"track"},"geometry":{"type":"LineString","coordinates":[[-2.87851,43.42018],[-2.8782,43.42045],[-2.87797,43.421],[-2.87774,43.42139],[-2.87752,43.42171],[-2.8774,43.42197],[-2.87722,43.42211],[-2.87656,43.42234],[-2.87614,43.42255],[-2.87599,43.42271],[-2.87603,43.42288],[-2.87625,43.4232],[-2.87645,43.4235],[-2.87671,43.42363],[-2.87678,43.42371],[-2.87676,43.42385],[-2.87663,43.42397],[-2.8766,43.42411],[-2.87671,43.42434],[-2.87668,43.42448],[-2.87656,43.42466],[-2.87657,43.42484],[-2.87674,43.42507],[-2.87709,43.4253],[-2.87728,43.42539]]}},{"type":"Feature","properties":{"id":94588552,"highway":"track"},"geometry":{"type":"LineString","coordinates":[[-2.88117,43.41898],[-2.88101,43.41892],[-2.88086,43.41896],[-2.88075,43.41915],[-2.88074,43.41936],[-2.88074,43.41954],[-2.88058,43.41966],[-2.88045,43.41994],[-2.88033,43.42013],[-2.88005,43.42026],[-2.87985,43.42045],[-2.8796,43.42094],[-2.87936,43.42132],[-2.87919,43.42145],[-2.87913,43.42165],[-2.87912,43.42182],[-2.87897,43.42192],[-2.87877,43.42196],[-2.87869,43.42204],[-2.87873,43.4222],[-2.87877,43.42232],[-2.87852,43.42252],[-2.87794,43.42297],[-2.87773,43.42302],[-2.87763,43.42312],[-2.87763,43.42329],[-2.87776,43.42338],[-2.87787,43.42351],[-2.87777,43.42382],[-2.87763,43.42404]]}},{"type":"Feature","properties":{"id":94588559,"highway":"track"},"geometry":{"type":"LineString","coordinates":[[-2.87728,43.42539],[-2.87735,43.42518],[-2.87735,43.42484],[-2.87739,43.42448],[-2.87746,43.42425],[-2.87763,43.42404],[-2.87785,43.42403],[-2.87807,43.42374],[-2.87816,43.42367],[-2.8783,43.42352],[-2.87861,43.42332],[-2.8789,43.42319],[-2.87908,43.42312],[-2.87946,43.42287],[-2.87991,43.42249],[-2.88009,43.42205],[-2.88032,43.42088],[-2.8804,43.42054],[-2.88054,43.42045],[-2.88087,43.42046],[-2.88104,43.42045],[-2.88109,43.42039],[-2.88116,43.42024],[-2.88114,43.42008],[-2.88106,43.41959],[-2.88108,43.41915],[-2.88117,43.41898],[-2.88142,43.41867]]}},{"type":"Feature","properties":{"id":94588563,"highway":"track"},"geometry":{"type":"LineString","coordinates":[[-2.88696,43.41899],[-2.887,43.41897],[-2.8871,43.41886],[-2.88713,43.41875],[-2.88715,43.41858],[-2.88727,43.4185],[-2.88771,43.41858],[-2.8879,43.41858],[-2.88818,43.41853],[-2.88835,43.41846],[-2.88892,43.41822],[-2.88939,43.41797],[-2.88984,43.41759],[-2.89021,43.41744],[-2.89055,43.41718],[-2.89131,43.41672],[-2.89185,43.41638],[-2.89262,43.41588],[-2.89344,43.41538],[-2.8936,43.41525],[-2.89371,43.41513],[-2.89411,43.4146],[-2.89423,43.41438],[-2.89441,43.41395],[-2.89447,43.41381],[-2.89449,43.41373],[-2.8945,43.41366],[-2.89471,43.41315],[-2.89474,43.41302],[-2.89503,43.41251],[-2.89513,43.41225],[-2.89517,43.41216],[-2.89524,43.41184],[-2.89524,43.41162],[-2.89532,43.41124],[-2.89541,43.41075],[-2.89557,43.41049],[-2.89567,43.41031],[-2.89567,43.41017],[-2.8956,43.41003],[-2.89553,43.40996],[-2.8953,43.40981],[-2.8951,43.40976],[-2.8949,43.40972],[-2.89486,43.40964],[-2.89482,43.40957]]}},{"type":"Feature","properties":{"id":94588568,"highway":"track"},"geometry":{"type":"LineString","coordinates":[[-2.88252,43.41462],[-2.88279,43.41485],[-2.88303,43.41505],[-2.88308,43.41509],[-2.8837,43.41558],[-2.8841,43.4159],[-2.88462,43.4163],[-2.88474,43.41638],[-2.88481,43.41642],[-2.88493,43.41644],[-2.88498,43.41647],[-2.88501,43.41653],[-2.88502,43.41656],[-2.88504,43.4166],[-2.88515,43.41678],[-2.88539,43.41699],[-2.88548,43.41709],[-2.88551,43.41718],[-2.88555,43.41736],[-2.88557,43.4175],[-2.88561,43.41764],[-2.88566,43.41779],[-2.88573,43.41796],[-2.88575,43.41808],[-2.88582,43.41823],[-2.88588,43.41834],[-2.88595,43.41846],[-2.88612,43.41863],[-2.88628,43.41883],[-2.88638,43.41894],[-2.88643,43.41897],[-2.88649,43.41899],[-2.88657,43.41901],[-2.88674,43.41899],[-2.88688,43.41899],[-2.88696,43.41899]]}},{"type":"Feature","properties":{"id":94588570,"highway":"track","superficie":"compacted"},"geometry":{"type":"LineString","coordinates":[[-2.898,43.42166],[-2.89828,43.42174],[-2.89838,43.42175],[-2.89849,43.42174],[-2.89869,43.42171],[-2.89897,43.42167],[-2.8991,43.42163],[-2.89916,43.42159],[-2.89918,43.42153],[-2.89915,43.42143],[-2.89902,43.42128],[-2.89855,43.42096],[-2.89826,43.42074],[-2.89804,43.42057],[-2.8979,43.42045],[-2.89764,43.4202],[-2.89756,43.42015],[-2.89753,43.4201],[-2.89755,43.42007],[-2.8976,43.42007],[-2.89771,43.4201],[-2.89839,43.42034],[-2.89871,43.42042],[-2.89896,43.42048],[-2.89902,43.42046],[-2.89906,43.42041],[-2.89903,43.42033],[-2.89882,43.42004],[-2.89867,43.41976],[-2.8986,43.4196],[-2.89853,43.41942],[-2.89849,43.41921],[-2.89847,43.41908],[-2.89846,43.41893],[-2.89849,43.41881],[-2.89864,43.41844],[-2.8988,43.41789],[-2.89883,43.4178],[-2.89887,43.41775],[-2.89891,43.41773],[-2.89909,43.41766],[-2.89969,43.41749],[-2.89989,43.41746],[-2.90003,43.41746],[-2.90022,43.41751],[-2.90044,43.4176],[-2.90058,43.41763],[-2.90067,43.41763],[-2.90082,43.41764],[-2.90103,43.41768],[-2.90133,43.41777],[-2.90149,43.4178],[-2.90181,43.41781],[-2.90203,43.41783],[-2.90218,43.41787],[-2.90227,43.41793],[-2.90231,43.41801]]}},{"type":"Feature","properties":{"id":94588577,"highway":"track"},"geometry":{"type":"LineString","coordinates":[[-2.88567,43.42795],[-2.88578,43.42784],[-2.88581,43.42778],[-2.8858,43.42769],[-2.88569,43.42752],[-2.8854,43.42714],[-2.88534,43.427],[-2.88515,43.42674],[-2.8849,43.42649],[-2.88483,43.42638],[-2.88457,43.42587],[-2.8844,43.42566],[-2.8842,43.42553],[-2.88404,43.42538],[-2.88387,43.42514],[-2.88376,43.42495],[-2.88347,43.42437],[-2.88338,43.42436],[-2.88332,43.42437],[-2.88328,43.4243],[-2.88331,43.42407],[-2.88329,43.42393],[-2.88325,43.4237],[-2.88311,43.4233],[-2.88304,43.42297],[-2.88293,43.42274],[-2.8828,43.42255],[-2.88273,43.4224],[-2.88266,43.42232],[-2.88254,43.42222],[-2.88247,43.4222],[-2.88239,43.42222],[-2.88233,43.42228],[-2.88228,43.42242],[-2.88226,43.42261],[-2.88223,43.42268],[-2.88212,43.42276],[-2.88204,43.42288],[-2.88194,43.42301],[-2.88179,43.42313],[-2.88166,43.42321]]}},{"type":"Feature","properties":{"id":128423913,"highway":"residential","oneway":"yes"},"geometry":{"type":"LineString","coordinates":[[-2.89741,43.4323],[-2.89786,43.43201],[-2.89793,43.43196],[-2.89795,43.43193],[-2.89788,43.43187],[-2.89751,43.43157],[-2.89742,43.4315],[-2.89738,43.43147],[-2.8973,43.43145],[-2.89722,43.43143]]}},{"type":"Feature","properties":{"id":128423914,"highway":"tertiary","nombre":"Armintzekalde kalea","izena_eu":"Armintzekalde kalea","nombre_es":"Calle Armintzekalde","oneway":"no","superficie":"asphalt"},"geometry":{"type":"LineString","coordinates":[[-2.89688,43.43187],[-2.89693,43.43183],[-2.89698,43.4318],[-2.89704,43.43175],[-2.89709,43.43168]]}},{"type":"Feature","properties":{"id":128423916,"highway":"residential","nombre":"Portubide kalea","oneway":"no"},"geometry":{"type":"LineString","coordinates":[[-2.89741,43.4323],[-2.89789,43.43268],[-2.89798,43.43275],[-2.89818,43.4329]]}},{"type":"Feature","properties":{"id":128423920,"highway":"tertiary","nombre":"Erbera kalea","izena_eu":"Erbera kalea","nombre_es":"Erbera Kalea","oneway":"yes","superficie":"asphalt"},"geometry":{"type":"LineString","coordinates":[[-2.89583,43.4314],[-2.89577,43.43143],[-2.89541,43.43161],[-2.89526,43.43169],[-2.89517,43.43174],[-2.89516,43.43177],[-2.89516,43.43179],[-2.89517,43.4318],[-2.89518,43.43182],[-2.89519,43.43183],[-2.89521,43.43185],[-2.89523,43.43186]]}},{"type":"Feature","properties":{"id":128423921,"highway":"tertiary","superficie":"asphalt"},"geometry":{"type":"LineString","coordinates":[[-2.89751,43.43082],[-2.89747,43.43081],[-2.89742,43.4308],[-2.89737,43.43081],[-2.89733,43.43082],[-2.89729,43.43084],[-2.89727,43.43088],[-2.89726,43.43091],[-2.89727,43.43094],[-2.89729,43.43098],[-2.89732,43.431],[-2.89736,43.43102],[-2.8974,43.43103]]}},{"type":"Feature","properties":{"id":180320112,"highway":"track","superficie":"mud"},"geometry":{"type":"LineString","coordinates":[[-2.91781,43.39572],[-2.91762,43.39526],[-2.91752,43.39507],[-2.91735,43.39466],[-2.91732,43.39458],[-2.91738,43.39404],[-2.91743,43.39365],[-2.91755,43.39342]]}},{"type":"Feature","properties":{"id":184824725,"highway":"footway"},"geometry":{"type":"LineString","coordinates":[[-2.90176,43.41102],[-2.90187,43.41106],[-2.90177,43.41119],[-2.90174,43.41123],[-2.90172,43.41133],[-2.90174,43.41137],[-2.90191,43.41169],[-2.90198,43.41176],[-2.90213,43.41192],[-2.90225,43.41203],[-2.90236,43.41212],[-2.90237,43.41213],[-2.90243,43.4122],[-2.90246,43.4123]]}},{"type":"Feature","properties":{"id":184824726,"highway":"residential"},"geometry":{"type":"LineString","coordinates":[[-2.90263,43.41055],[-2.90244,43.41056],[-2.90213,43.4106],[-2.90205,43.41062],[-2.90202,43.41065],[-2.90191,43.41082],[-2.9018,43.41098],[-2.90176,43.41102],[-2.90174,43.41104],[-2.90161,43.41114],[-2.90145,43.41127]]}},{"type":"Feature","properties":{"id":184824727,"highway":"residential"},"geometry":{"type":"LineString","coordinates":[[-2.90231,43.41284],[-2.90225,43.41281],[-2.90212,43.41284],[-2.9018,43.4129]]}},{"type":"Feature","properties":{"id":184824731,"highway":"residential"},"geometry":{"type":"LineString","coordinates":[[-2.90265,43.41293],[-2.90259,43.41291],[-2.90241,43.41289],[-2.90234,43.41287],[-2.90231,43.41284]]}},{"type":"Feature","properties":{"id":184824733,"highway":"living_street","nombre":"Etxeaurrekosolo kalea"},"geometry":{"type":"LineString","coordinates":[[-2.90183,43.41217],[-2.90163,43.41194],[-2.90155,43.41185],[-2.90145,43.4117],[-2.90143,43.41167],[-2.90143,43.41164],[-2.90145,43.41127]]}},{"type":"Feature","properties":{"id":184824734,"highway":"residential"},"geometry":{"type":"LineString","coordinates":[[-2.9026,43.41372],[-2.90248,43.41373],[-2.90243,43.41371],[-2.90237,43.41365],[-2.90231,43.41358],[-2.90224,43.41342],[-2.90212,43.41327],[-2.9018,43.4129],[-2.90171,43.4128]]}},{"type":"Feature","properties":{"id":187943802,"highway":"service","superficie":"asphalt"},"geometry":{"type":"LineString","coordinates":[[-2.89921,43.43021],[-2.89906,43.43033],[-2.89899,43.43045],[-2.89886,43.43066],[-2.89874,43.43083],[-2.89863,43.43091],[-2.8985,43.43099],[-2.89818,43.43116],[-2.89788,43.4312],[-2.89778,43.4312],[-2.89772,43.43118],[-2.89767,43.43108],[-2.89764,43.43102],[-2.89758,43.43098],[-2.89755,43.43097]]}},{"type":"Feature","properties":{"id":187944025,"highway":"tertiary","nombre":"Erbera kalea","izena_eu":"Erbera kalea","nombre_es":"Calle Erbera","oneway":"yes","superficie":"asphalt"},"geometry":{"type":"LineString","coordinates":[[-2.89517,43.43174],[-2.89507,43.43179],[-2.895,43.43182],[-2.89491,43.43183],[-2.89482,43.43185]]}},{"type":"Feature","properties":{"id":187944219,"highway":"track","superficie":"dirt"},"geometry":{"type":"LineString","coordinates":[[-2.89207,43.42699],[-2.89233,43.42698],[-2.89272,43.42694],[-2.89303,43.42685],[-2.89317,43.42673],[-2.89364,43.42637],[-2.8938,43.42629],[-2.89399,43.42615],[-2.89406,43.42605],[-2.8941,43.4259],[-2.89413,43.42574],[-2.89413,43.42564],[-2.8941,43.42552],[-2.89384,43.42529],[-2.89379,43.42515],[-2.89354,43.42515],[-2.89333,43.4252],[-2.89323,43.42525],[-2.89267,43.42511],[-2.89267,43.42472],[-2.89265,43.42448],[-2.89265,43.42436],[-2.89266,43.42412],[-2.89267,43.42374],[-2.89265,43.42347],[-2.89263,43.42342],[-2.89238,43.42337],[-2.89234,43.42338]]}},{"type":"Feature","properties":{"id":187944811,"highway":"service","superficie":"asphalt"},"geometry":{"type":"LineString","coordinates":[[-2.90651,43.40341],[-2.90687,43.40342],[-2.90716,43.40339],[-2.90756,43.40329],[-2.90792,43.40316],[-2.90842,43.40288],[-2.90859,43.40287],[-2.90946,43.40307],[-2.91005,43.40321],[-2.91023,43.40327],[-2.9103,43.40338],[-2.9103,43.40343]]}},{"type":"Feature","properties":{"id":198094853,"highway":"secondary","ref":"BI-2120","superficie":"asphalt"},"geometry":{"type":"LineString","coordinates":[[-2.91664,43.39977],[-2.91655,43.39981],[-2.91638,43.39994],[-2.91625,43.40005],[-2.91619,43.4001],[-2.91611,43.40017],[-2.91599,43.40027],[-2.91591,43.40029],[-2.91583,43.40031],[-2.91571,43.40031],[-2.91554,43.40027],[-2.91493,43.40012],[-2.91462,43.40004],[-2.91445,43.39999],[-2.91414,43.39987],[-2.91377,43.3997],[-2.91357,43.39963],[-2.91341,43.39957],[-2.91324,43.39954],[-2.91314,43.39953],[-2.91303,43.39953],[-2.9129,43.39955],[-2.91273,43.39959],[-2.91253,43.39963],[-2.91236,43.39963],[-2.9122,43.39961],[-2.91206,43.39958],[-2.91192,43.39952],[-2.91178,43.39943],[-2.91161,43.39931],[-2.91128,43.39907],[-2.91108,43.39897],[-2.91082,43.39886],[-2.91043,43.39871],[-2.9099,43.39852],[-2.9097,43.39846],[-2.90955,43.39841],[-2.90933,43.3983],[-2.90917,43.3982],[-2.909,43.3981],[-2.90879,43.39801],[-2.90872,43.39798]]}},{"type":"Feature","properties":{"id":218898165,"highway":"residential","nombre":"Andraka auzoa","oneway":"yes","superficie":"asphalt"},"geometry":{"type":"LineString","coordinates":[[-2.90565,43.39639],[-2.90701,43.39699]]}},{"type":"Feature","properties":{"id":218898166,"highway":"residential","nombre":"Andraka auzoa","oneway":"yes","superficie":"asphalt"},"geometry":{"type":"LineString","coordinates":[[-2.90266,43.39568],[-2.90282,43.39572],[-2.90391,43.39582],[-2.90397,43.39581],[-2.90409,43.39573]]}},{"type":"Feature","properties":{"id":218898167,"highway":"residential","nombre":"Andraka auzoa","oneway":"yes","superficie":"asphalt"},"geometry":{"type":"LineString","coordinates":[[-2.90331,43.39524],[-2.90391,43.39563],[-2.90409,43.39573],[-2.90565,43.39639]]}},{"type":"Feature","properties":{"id":218898169,"highway":"unclassified","nombre":"Andraka auzoa"},"geometry":{"type":"LineString","coordinates":[[-2.91037,43.39695],[-2.91039,43.39677],[-2.91041,43.39662],[-2.91041,43.39661],[-2.91039,43.39637],[-2.9104,43.39625],[-2.9105,43.39605],[-2.91052,43.39593],[-2.91051,43.39578]]}},{"type":"Feature","properties":{"id":218898170,"highway":"residential","nombre":"Andraka auzoa","oneway":"yes","superficie":"asphalt"},"geometry":{"type":"LineString","coordinates":[[-2.9071,43.39617],[-2.90701,43.39613],[-2.90675,43.39601],[-2.90652,43.39591],[-2.90633,43.39587],[-2.90603,43.39581],[-2.90539,43.39568],[-2.90525,43.39563],[-2.90512,43.39555],[-2.90465,43.39521],[-2.90424,43.39495],[-2.90404,43.39482],[-2.90398,43.3948]]}},{"type":"Feature","properties":{"id":218898171,"highway":"track","superficie":"ground"},"geometry":{"type":"LineString","coordinates":[[-2.90398,43.3948],[-2.90395,43.39477],[-2.90373,43.39462],[-2.90347,43.39445],[-2.9034,43.39438],[-2.90337,43.39432],[-2.90337,43.39428]]}},{"type":"Feature","properties":{"id":218898172,"highway":"track","superficie":"ground"},"geometry":{"type":"MultiLineString","coordinates":[[[-2.87996,43.41359],[-2.88008,43.41351],[-2.88018,43.41345],[-2.88032,43.41337],[-2.88048,43.41332],[-2.88053,43.41329]],[[-2.88084,43.41095],[-2.8809,43.41067],[-2.88099,43.41041],[-2.88109,43.41012],[-2.88116,43.40994],[-2.88121,43.40976]],[[-2.88236,43.40835],[-2.88246,43.40831],[-2.88276,43.40815],[-2.88288,43.40815],[-2.88308,43.40823],[-2.88334,43.40824],[-2.88361,43.40823],[-2.88382,43.40818],[-2.88397,43.4081],[-2.88408,43.408],[-2.88412,43.40788],[-2.88408,43.40777],[-2.88396,43.40753],[-2.88385,43.40728],[-2.88376,43.40713],[-2.88372,43.40704],[-2.88367,43.40689],[-2.88366,43.40676],[-2.88366,43.4067],[-2.88372,43.40659],[-2.88374,43.40655]],[[-2.88432,43.40572],[-2.88455,43.40561],[-2.88503,43.40546],[-2.88524,43.40536],[-2.88538,43.40529],[-2.8855,43.40522],[-2.88556,43.40516],[-2.88562,43.40504],[-2.88571,43.4048],[-2.88577,43.4045],[-2.88582,43.40432],[-2.88592,43.40422],[-2.88612,43.40411],[-2.8864,43.40395],[-2.88646,43.40384],[-2.88654,43.40366]],[[-2.88856,43.40311],[-2.88871,43.4031],[-2.88896,43.40309],[-2.88917,43.40307],[-2.88934,43.40304],[-2.88952,43.40299],[-2.88967,43.40292],[-2.88996,43.40274],[-2.89026,43.40254],[-2.89038,43.40245],[-2.89057,43.40232],[-2.89086,43.40211],[-2.89102,43.40204],[-2.89169,43.40204],[-2.8922,43.40201],[-2.8925,43.40197],[-2.8927,43.40195],[-2.89283,43.4019],[-2.89323,43.40179],[-2.89335,43.40175],[-2.89354,43.40173],[-2.89396,43.40175],[-2.89412,43.40173],[-2.89428,43.40169],[-2.89448,43.40161],[-2.89458,43.40155],[-2.89476,43.40138],[-2.8949,43.40122],[-2.89511,43.40104],[-2.89529,43.40091],[-2.8954,43.40088],[-2.89556,43.40086],[-2.89605,43.40085],[-2.89648,43.40086],[-2.89676,43.40083],[-2.897,43.40078],[-2.89718,43.40072],[-2.89731,43.40064],[-2.89746,43.40051],[-2.89755,43.40041],[-2.89768,43.40025],[-2.89779,43.4001],[-2.89793,43.39985],[-2.89799,43.39975],[-2.89806,43.39967],[-2.89817,43.3996],[-2.8983,43.39956],[-2.89851,43.39953],[-2.89872,43.39947],[-2.89899,43.39939],[-2.8993,43.39934],[-2.89948,43.39927],[-2.89976,43.39908],[-2.90008,43.39881],[-2.90022,43.39863],[-2.90028,43.3985],[-2.90032,43.39838],[-2.90036,43.39826],[-2.90044,43.39806],[-2.90049,43.39779],[-2.90051,43.39769],[-2.90056,43.39761],[-2.90063,43.39755],[-2.90093,43.39746],[-2.9012,43.39734],[-2.90154,43.39715],[-2.90173,43.397],[-2.90187,43.39692]]]}},{"type":"Feature","properties":{"id":218898174,"highway":"residential","nombre":"Andraka auzoa","izena_eu":"Andraka auzoa","nombre_es":"Barrio Andraka","superficie":"asphalt"},"geometry":{"type":"LineString","coordinates":[[-2.90701,43.39699],[-2.90695,43.39708],[-2.90684,43.39726],[-2.90681,43.3973]]}},{"type":"Feature","properties":{"id":220501995,"highway":"track"},"geometry":{"type":"LineString","coordinates":[[-2.8927,43.40195],[-2.89257,43.40202],[-2.89155,43.40253],[-2.89101,43.40282],[-2.89045,43.40316],[-2.88988,43.40351],[-2.88963,43.4036],[-2.88947,43.40361],[-2.88932,43.40354],[-2.88898,43.40331],[-2.8888,43.40318],[-2.88871,43.4031]]}},{"type":"Feature","properties":{"id":221246411,"highway":"track"},"geometry":{"type":"LineString","coordinates":[[-2.89234,43.42338],[-2.89242,43.42346],[-2.89244,43.42349],[-2.89247,43.42356],[-2.89239,43.42383],[-2.89233,43.42413],[-2.89223,43.42443],[-2.8922,43.4246],[-2.89217,43.42472],[-2.89193,43.42494],[-2.89188,43.425],[-2.89191,43.42508],[-2.89209,43.42516],[-2.89222,43.42525],[-2.89252,43.42536],[-2.89271,43.42542],[-2.89323,43.42553],[-2.89343,43.42561],[-2.89351,43.42574],[-2.89348,43.42586],[-2.89315,43.42619],[-2.89265,43.42665],[-2.89259,43.42668],[-2.89232,43.42683],[-2.89207,43.42699]]}},{"type":"Feature","properties":{"id":230988216,"highway":"service"},"geometry":{"type":"LineString","coordinates":[[-2.86761,43.41233],[-2.86761,43.41233],[-2.86771,43.4122],[-2.86778,43.41217],[-2.86784,43.41217],[-2.86793,43.41219],[-2.868,43.41222],[-2.86865,43.41242],[-2.86926,43.41259],[-2.86949,43.41263]]}},{"type":"Feature","properties":{"id":230988228,"highway":"service"},"geometry":{"type":"LineString","coordinates":[[-2.86248,43.41667],[-2.86262,43.41672],[-2.86265,43.41674],[-2.86267,43.41674],[-2.8627,43.41675],[-2.86272,43.41675],[-2.86274,43.41676],[-2.86277,43.41676],[-2.86281,43.41676],[-2.86283,43.41676],[-2.86286,43.41676],[-2.8629,43.41675],[-2.86293,43.41674],[-2.86299,43.41672],[-2.86303,43.41671],[-2.86306,43.4167],[-2.86317,43.41655],[-2.86317,43.41655],[-2.86317,43.41652],[-2.86316,43.41648],[-2.86315,43.41643],[-2.86314,43.41641],[-2.86311,43.41633],[-2.8631,43.41628],[-2.86306,43.41619],[-2.86302,43.41608],[-2.86301,43.41606],[-2.86301,43.41606],[-2.86291,43.4158]]}},{"type":"Feature","properties":{"id":230988232,"highway":"service"},"geometry":{"type":"LineString","coordinates":[[-2.86949,43.41263],[-2.8695,43.41299],[-2.86952,43.4132]]}},{"type":"Feature","properties":{"id":230988235,"highway":"service"},"geometry":{"type":"LineString","coordinates":[[-2.86454,43.41472],[-2.86463,43.41475]]}},{"type":"Feature","properties":{"id":230988257,"highway":"track"},"geometry":{"type":"LineString","coordinates":[[-2.86949,43.41263],[-2.86986,43.41272],[-2.87015,43.41279],[-2.87032,43.41284],[-2.87064,43.41295],[-2.87072,43.41297],[-2.87106,43.41305],[-2.87132,43.41313],[-2.87144,43.41317],[-2.8715,43.4132],[-2.8716,43.41322],[-2.87169,43.41322],[-2.87184,43.4132],[-2.87198,43.41318],[-2.87218,43.41319],[-2.87266,43.41323],[-2.87291,43.41326],[-2.8731,43.41331],[-2.87315,43.41333],[-2.87327,43.4134],[-2.87345,43.4134],[-2.8736,43.41339],[-2.87377,43.41335],[-2.8739,43.41329],[-2.87412,43.41317],[-2.87425,43.41308],[-2.87432,43.41304]]}},{"type":"Feature","properties":{"id":231019278,"highway":"tertiary","ref":"BI-3152"},"geometry":{"type":"LineString","coordinates":[[-2.876,43.42747],[-2.87617,43.42727],[-2.87627,43.42713],[-2.87632,43.42702],[-2.87634,43.4269],[-2.87634,43.4268],[-2.87632,43.42671],[-2.87623,43.42649],[-2.876,43.4259],[-2.8759,43.42571],[-2.87584,43.42562],[-2.87575,43.42556],[-2.87565,43.42552],[-2.87558,43.4255],[-2.87547,43.4255],[-2.87536,43.42551],[-2.87529,43.42554],[-2.87521,43.42558],[-2.87517,43.42561],[-2.87513,43.42564],[-2.87508,43.42573],[-2.87504,43.42583],[-2.875,43.42593],[-2.87485,43.42629],[-2.87471,43.42666],[-2.87461,43.42688],[-2.87452,43.42703],[-2.87442,43.42719],[-2.87422,43.42743],[-2.87401,43.42767],[-2.87354,43.42821],[-2.8733,43.42849],[-2.87319,43.42859],[-2.87309,43.42867],[-2.87297,43.42875],[-2.87209,43.42931],[-2.87173,43.42953],[-2.87159,43.42963],[-2.87148,43.42972],[-2.87141,43.42981],[-2.87129,43.42995],[-2.87121,43.4301],[-2.8711,43.4303],[-2.87097,43.43055],[-2.87085,43.43074],[-2.87073,43.43083],[-2.87067,43.43086],[-2.87052,43.43092],[-2.87034,43.43094],[-2.87022,43.43094],[-2.87011,43.43092],[-2.86935,43.43064],[-2.86914,43.43056],[-2.86898,43.43048],[-2.86889,43.43042],[-2.86882,43.43036],[-2.86876,43.43028],[-2.86872,43.4302],[-2.86871,43.43012],[-2.86872,43.43],[-2.86883,43.42971],[-2.86891,43.42956],[-2.86908,43.42933],[-2.86928,43.42901],[-2.8695,43.42869],[-2.86959,43.42856],[-2.86965,43.4284],[-2.86969,43.42815],[-2.8697,43.42804],[-2.86973,43.42796],[-2.86983,43.42782],[-2.87,43.42768],[-2.8702,43.42753],[-2.87034,43.4274],[-2.87042,43.42728],[-2.87045,43.42718],[-2.87048,43.42684],[-2.8705,43.42648],[-2.8705,43.4264],[-2.87048,43.4263],[-2.87041,43.42617],[-2.87032,43.42608],[-2.87021,43.42601],[-2.87015,43.42598]]}},{"type":"Feature","properties":{"id":233183234,"highway":"path"},"geometry":{"type":"LineString","coordinates":[[-2.9103,43.40338],[-2.91109,43.40335],[-2.91175,43.40377],[-2.91248,43.4044],[-2.91248,43.40449],[-2.9126,43.40451],[-2.91329,43.40465]]}},{"type":"Feature","properties":{"id":235220590,"highway":"secondary","ref":"BI-2120"},"geometry":{"type":"LineString","coordinates":[[-2.89693,43.39419],[-2.89704,43.39424],[-2.89714,43.39425],[-2.89725,43.39425],[-2.89783,43.39422],[-2.898,43.3942],[-2.89813,43.39417],[-2.89828,43.39412],[-2.89843,43.39409],[-2.89855,43.39407],[-2.8987,43.39408],[-2.89897,43.39412],[-2.89937,43.39418],[-2.89955,43.39422],[-2.89975,43.39427],[-2.89991,43.39433],[-2.90005,43.3944],[-2.90032,43.39455],[-2.90047,43.39464],[-2.90063,43.39475],[-2.90079,43.39487],[-2.90088,43.39497],[-2.90099,43.39511],[-2.90106,43.39522],[-2.90115,43.39538],[-2.90128,43.39553],[-2.90143,43.39569],[-2.90158,43.39583],[-2.90172,43.39593],[-2.90186,43.396],[-2.90195,43.39603],[-2.90205,43.39605],[-2.90229,43.39609]]}},{"type":"Feature","properties":{"id":235220591,"highway":"secondary","ref":"BI-2120"},"geometry":{"type":"LineString","coordinates":[[-2.89693,43.39419],[-2.89686,43.39413],[-2.89682,43.39406],[-2.8968,43.39402]]}},{"type":"Feature","properties":{"id":235386648,"highway":"service","nombre":"Andraka auzoa"},"geometry":{"type":"LineString","coordinates":[[-2.91246,43.39494],[-2.91246,43.39493],[-2.91247,43.39488],[-2.91251,43.39487],[-2.91261,43.39488],[-2.91283,43.39492],[-2.91314,43.39492],[-2.91351,43.39492],[-2.91361,43.39492],[-2.9139,43.39497],[-2.91405,43.39497],[-2.91421,43.39496],[-2.91433,43.395],[-2.91467,43.39515],[-2.91493,43.39525],[-2.91501,43.39525],[-2.91507,43.39522],[-2.91516,43.39514],[-2.91535,43.39483],[-2.91548,43.39472],[-2.91565,43.39467]]}},{"type":"Feature","properties":{"id":235386649,"highway":"unclassified","nombre":"Andraka auzoa"},"geometry":{"type":"LineString","coordinates":[[-2.90843,43.3976],[-2.90856,43.3975],[-2.90869,43.39739],[-2.90877,43.3973],[-2.90884,43.39726],[-2.90891,43.39725],[-2.90901,43.39724],[-2.90907,43.39724],[-2.90915,43.39724],[-2.90921,43.39725],[-2.90929,43.39722],[-2.90938,43.39719],[-2.90951,43.39715],[-2.90964,43.39712],[-2.90975,43.3971],[-2.90989,43.39707],[-2.91003,43.39704],[-2.91018,43.397],[-2.91029,43.39698],[-2.91037,43.39695],[-2.91051,43.39693],[-2.91071,43.39692],[-2.91082,43.39691],[-2.91093,43.39691],[-2.91099,43.39691],[-2.9111,43.39691],[-2.91119,43.39691],[-2.91133,43.39693],[-2.9115,43.39698],[-2.91166,43.397],[-2.91179,43.39699],[-2.91193,43.39696],[-2.91206,43.39693],[-2.91217,43.39689],[-2.91227,43.39685],[-2.91233,43.39682],[-2.91239,43.39679],[-2.91244,43.39675],[-2.91266,43.39654],[-2.91278,43.39649],[-2.91286,43.39647],[-2.91294,43.39646],[-2.91305,43.39647],[-2.91327,43.3965],[-2.91345,43.39652],[-2.91348,43.39651],[-2.91351,43.39649],[-2.91354,43.39648],[-2.91357,43.39644],[-2.91362,43.39638],[-2.91364,43.3963],[-2.91362,43.39621],[-2.91358,43.39616],[-2.91342,43.39598],[-2.91334,43.39579],[-2.91329,43.39567],[-2.91322,43.39557],[-2.91308,43.39543],[-2.91298,43.39533],[-2.91273,43.39517],[-2.91257,43.39506],[-2.9125,43.395],[-2.91246,43.39494]]}},{"type":"Feature","properties":{"id":235386650,"highway":"service"},"geometry":{"type":"LineString","coordinates":[[-2.90229,43.39609],[-2.90226,43.39612],[-2.90196,43.39638],[-2.90191,43.39644],[-2.90189,43.39651],[-2.90191,43.39659],[-2.90191,43.39663],[-2.9019,43.39678],[-2.90187,43.39692],[-2.90186,43.39693],[-2.90179,43.39715],[-2.9017,43.39746],[-2.90165,43.39756],[-2.90155,43.39771],[-2.90148,43.39784],[-2.90148,43.39794],[-2.90149,43.39802],[-2.90149,43.39809],[-2.90148,43.39831],[-2.90147,43.39842],[-2.90145,43.39853]]}},{"type":"Feature","properties":{"id":236633878,"highway":"residential","nombre":"Andraka auzoa","izena_eu":"Andraka auzoa","nombre_es":"Barrio Andraka"},"geometry":{"type":"LineString","coordinates":[[-2.90843,43.3976],[-2.90833,43.39748],[-2.90822,43.39736],[-2.90805,43.39714],[-2.90791,43.397],[-2.90753,43.39666],[-2.90744,43.39657]]}},{"type":"Feature","properties":{"id":236633879,"highway":"service"},"geometry":{"type":"LineString","coordinates":[[-2.9071,43.39617],[-2.90715,43.39609],[-2.90718,43.39589],[-2.9072,43.39569],[-2.90718,43.39555],[-2.90717,43.39547],[-2.90703,43.39517],[-2.907,43.39509],[-2.90699,43.395],[-2.90701,43.39488],[-2.90703,43.39483],[-2.90731,43.39438],[-2.90734,43.39428],[-2.90732,43.39418]]}},{"type":"Feature","properties":{"id":236633880,"highway":"service"},"geometry":{"type":"LineString","coordinates":[[-2.91025,43.3879],[-2.9102,43.38808],[-2.9102,43.38819],[-2.91008,43.3885],[-2.91005,43.3886],[-2.9099,43.3888],[-2.90982,43.38894],[-2.90973,43.3894],[-2.90973,43.38954],[-2.9098,43.38983],[-2.90981,43.38999],[-2.90979,43.39033],[-2.90983,43.39058],[-2.90984,43.39106],[-2.90981,43.39118],[-2.9098,43.3913],[-2.90961,43.3915],[-2.9095,43.39165],[-2.90955,43.39183]]}},{"type":"Feature","properties":{"id":236633881,"highway":"service"},"geometry":{"type":"LineString","coordinates":[[-2.90732,43.39418],[-2.90728,43.39408],[-2.90724,43.39399],[-2.90694,43.39364],[-2.90688,43.39355],[-2.90686,43.3935],[-2.90687,43.39346],[-2.90691,43.39342],[-2.90695,43.39337],[-2.90727,43.39315],[-2.90739,43.3931],[-2.90755,43.393],[-2.90768,43.39288],[-2.90778,43.39281],[-2.90806,43.39272],[-2.90813,43.39269],[-2.90819,43.39267],[-2.90831,43.39261],[-2.90896,43.39221],[-2.90915,43.39212],[-2.90947,43.39191],[-2.90955,43.39183]]}},{"type":"Feature","properties":{"id":236633882,"highway":"service"},"geometry":{"type":"LineString","coordinates":[[-2.90732,43.39418],[-2.90739,43.39421],[-2.90768,43.39431]]}},{"type":"Feature","properties":{"id":236633883,"highway":"service"},"geometry":{"type":"LineString","coordinates":[[-2.91018,43.38782],[-2.91021,43.38786],[-2.91025,43.3879]]}},{"type":"Feature","properties":{"id":236633884,"highway":"unclassified","nombre":"Andraka auzoa","izena_eu":"Andraka auzoa","nombre_es":"Barrio Andraka"},"geometry":{"type":"LineString","coordinates":[[-2.90855,43.39791],[-2.90857,43.3978],[-2.90855,43.39775],[-2.9085,43.39769],[-2.90843,43.3976]]}},{"type":"Feature","properties":{"id":236633885,"highway":"residential","nombre":"Andraka auzoa","izena_eu":"Andraka auzoa","nombre_es":"Barrio Andraka"},"geometry":{"type":"LineString","coordinates":[[-2.90744,43.39657],[-2.90736,43.3965],[-2.90714,43.39627],[-2.9071,43.39617]]}},{"type":"Feature","properties":{"id":236641556,"highway":"residential","nombre":"Andraka auzoa","superficie":"asphalt"},"geometry":{"type":"LineString","coordinates":[[-2.9082,43.39831],[-2.90834,43.39836],[-2.90848,43.39843],[-2.90884,43.39862]]}},{"type":"Feature","properties":{"id":236641557,"highway":"secondary","ref":"BI-2120","superficie":"asphalt"},"geometry":{"type":"LineString","coordinates":[[-2.90229,43.39609],[-2.90254,43.39611],[-2.90382,43.39624],[-2.90404,43.39627],[-2.90418,43.3963],[-2.90432,43.39634],[-2.90448,43.3964],[-2.90503,43.39664],[-2.90579,43.397],[-2.90639,43.39727],[-2.90659,43.39735]]}},{"type":"Feature","properties":{"id":236641558,"highway":"secondary","ref":"BI-2120"},"geometry":{"type":"LineString","coordinates":[[-2.9083,43.3978],[-2.90855,43.39791]]}},{"type":"Feature","properties":{"id":236641560,"highway":"secondary","ref":"BI-2120","superficie":"asphalt"},"geometry":{"type":"LineString","coordinates":[[-2.90696,43.39745],[-2.90704,43.39746],[-2.90716,43.39748],[-2.90727,43.3975],[-2.90769,43.39759],[-2.90785,43.39763],[-2.908,43.39768],[-2.90821,43.39776],[-2.9083,43.3978]]}},{"type":"Feature","properties":{"id":236641561,"highway":"secondary","ref":"BI-2153"},"geometry":{"type":"LineString","coordinates":[[-2.90264,43.41142],[-2.90269,43.41116],[-2.90268,43.41106],[-2.90264,43.41083],[-2.90262,43.41066],[-2.90263,43.41055],[-2.90265,43.41041],[-2.90269,43.41025],[-2.90282,43.40986],[-2.90293,43.40957]]}},{"type":"Feature","properties":{"id":236641562,"highway":"secondary","ref":"BI-2153"},"geometry":{"type":"LineString","coordinates":[[-2.90604,43.41957],[-2.9062,43.41942],[-2.90637,43.41923],[-2.90643,43.41915],[-2.90646,43.41906],[-2.90646,43.41898],[-2.90642,43.41888],[-2.90635,43.41879],[-2.90623,43.41866],[-2.90606,43.41851],[-2.90598,43.41842],[-2.90594,43.41834],[-2.90581,43.41808],[-2.90575,43.41798],[-2.90564,43.41784],[-2.90539,43.41755]]}},{"type":"Feature","properties":{"id":236641563,"highway":"secondary","ref":"BI-2153","superficie":"asphalt"},"geometry":{"type":"LineString","coordinates":[[-2.89805,43.42929],[-2.89823,43.42891],[-2.89836,43.42866],[-2.89843,43.42848],[-2.89852,43.42814],[-2.89862,43.42779],[-2.89868,43.42754],[-2.89874,43.42734],[-2.89887,43.42715],[-2.89903,43.42697],[-2.89928,43.42668],[-2.89939,43.42656]]}},{"type":"Feature","properties":{"id":236641564,"highway":"secondary","ref":"BI-2153"},"geometry":{"type":"LineString","coordinates":[[-2.90265,43.41293],[-2.90274,43.41258],[-2.90279,43.41241],[-2.90282,43.41232],[-2.90285,43.41226],[-2.90286,43.41218],[-2.90286,43.4121],[-2.90285,43.41203],[-2.90282,43.41193],[-2.90273,43.41176],[-2.90267,43.41158],[-2.90265,43.41151],[-2.90264,43.41142]]}},{"type":"Feature","properties":{"id":236641567,"highway":"secondary","ref":"BI-2153"},"geometry":{"type":"LineString","coordinates":[[-2.90324,43.40863],[-2.90331,43.40848],[-2.90339,43.40837],[-2.90348,43.40826],[-2.90366,43.40813],[-2.90408,43.40783],[-2.90509,43.40709],[-2.9053,43.40693],[-2.90547,43.40678],[-2.90558,43.40665],[-2.9057,43.40649],[-2.90595,43.40609],[-2.9061,43.40586],[-2.90626,43.40561],[-2.90634,43.40546],[-2.90639,43.40533],[-2.9064,43.40526],[-2.9064,43.40516],[-2.90637,43.40504]]}},{"type":"Feature","properties":{"id":236641570,"highway":"secondary","ref":"BI-2153"},"geometry":{"type":"LineString","coordinates":[[-2.90301,43.40932],[-2.90324,43.40863]]}},{"type":"Feature","properties":{"id":236641571,"highway":"secondary","ref":"BI-2153","superficie":"asphalt"},"geometry":{"type":"LineString","coordinates":[[-2.89939,43.42656],[-2.89969,43.42623]]}},{"type":"Feature","properties":{"id":236641573,"highway":"secondary","ref":"BI-2153"},"geometry":{"type":"LineString","coordinates":[[-2.90293,43.40957],[-2.90301,43.40932]]}},{"type":"Feature","properties":{"id":236641575,"highway":"secondary","ref":"BI-2153"},"geometry":{"type":"LineString","coordinates":[[-2.90589,43.41974],[-2.90563,43.41997]]}},{"type":"Feature","properties":{"id":236641576,"highway":"secondary","ref":"BI-2153","superficie":"asphalt"},"geometry":{"type":"LineString","coordinates":[[-2.89969,43.42623],[-2.89975,43.42615],[-2.89985,43.42602],[-2.89996,43.42586],[-2.90007,43.42569],[-2.90015,43.42559],[-2.90026,43.42549],[-2.90053,43.42527],[-2.90062,43.42519],[-2.90072,43.42508],[-2.90084,43.4249],[-2.90093,43.42481],[-2.90103,43.42469],[-2.90111,43.42462],[-2.90118,43.42456],[-2.90132,43.42448],[-2.90145,43.42444],[-2.90156,43.42441],[-2.9017,43.42441],[-2.90179,43.42442],[-2.90199,43.42447],[-2.9022,43.42451],[-2.90233,43.42452],[-2.90245,43.42452],[-2.90262,43.42449],[-2.90274,43.42445],[-2.90287,43.42437],[-2.90302,43.42424],[-2.90325,43.42403],[-2.90374,43.42349],[-2.90392,43.42329]]}},{"type":"Feature","properties":{"id":236641580,"highway":"secondary","ref":"BI-2153"},"geometry":{"type":"LineString","coordinates":[[-2.90651,43.40341],[-2.90655,43.40332],[-2.90679,43.40283],[-2.90687,43.40269],[-2.90694,43.40259],[-2.90706,43.40246],[-2.90725,43.40227],[-2.90736,43.40216],[-2.90799,43.40154],[-2.90816,43.40137],[-2.90822,43.40128],[-2.90827,43.40117],[-2.90829,43.40108],[-2.90829,43.401],[-2.90828,43.40092],[-2.90825,43.40081],[-2.9082,43.40069],[-2.90814,43.40057],[-2.908,43.40031],[-2.9079,43.4001],[-2.90786,43.39994],[-2.90784,43.39983],[-2.90784,43.39969],[-2.90786,43.3995],[-2.90788,43.39934],[-2.90788,43.39915],[-2.90788,43.39907],[-2.90787,43.39898],[-2.90785,43.39889],[-2.9078,43.39879],[-2.90775,43.39869],[-2.90769,43.39859]]}},{"type":"Feature","properties":{"id":236641583,"highway":"secondary","ref":"BI-2153"},"geometry":{"type":"LineString","coordinates":[[-2.90604,43.41957],[-2.9059,43.41973],[-2.90589,43.41974]]}},{"type":"Feature","properties":{"id":236641584,"highway":"secondary","ref":"BI-2153"},"geometry":{"type":"LineString","coordinates":[[-2.90274,43.41422],[-2.90267,43.41401],[-2.90263,43.41389],[-2.90261,43.41377],[-2.9026,43.41372]]}},{"type":"Feature","properties":{"id":236641585,"highway":"secondary","ref":"BI-2153"},"geometry":{"type":"LineString","coordinates":[[-2.90494,43.42082],[-2.90498,43.42067],[-2.90504,43.42053],[-2.90511,43.4204],[-2.90521,43.42027],[-2.90531,43.42018],[-2.90542,43.42011],[-2.90554,43.42003],[-2.90563,43.41997]]}},{"type":"Feature","properties":{"id":236641586,"highway":"secondary","ref":"BI-2153"},"geometry":{"type":"LineString","coordinates":[[-2.9026,43.41372],[-2.90259,43.41358],[-2.90259,43.41345],[-2.9026,43.41318],[-2.90265,43.41293]]}},{"type":"Feature","properties":{"id":236641590,"highway":"secondary","ref":"BI-2153","superficie":"asphalt"},"geometry":{"type":"LineString","coordinates":[[-2.9043,43.42165],[-2.90437,43.42153],[-2.90445,43.42142],[-2.90455,43.4213],[-2.90466,43.42119],[-2.90478,43.42109],[-2.90485,43.421],[-2.90491,43.42091],[-2.90494,43.42082]]}},{"type":"Feature","properties":{"id":236641592,"highway":"secondary","ref":"BI-2153"},"geometry":{"type":"LineString","coordinates":[[-2.90539,43.41755],[-2.90509,43.4172],[-2.90466,43.41671],[-2.9044,43.41646],[-2.90388,43.416],[-2.9036,43.41574],[-2.90344,43.41557],[-2.90332,43.4154],[-2.9032,43.41519],[-2.90308,43.41494],[-2.90288,43.41456],[-2.90274,43.41422]]}},{"type":"Feature","properties":{"id":236641594,"highway":"secondary","ref":"BI-2153"},"geometry":{"type":"LineString","coordinates":[[-2.90637,43.40504],[-2.90628,43.40466],[-2.90622,43.40443],[-2.90619,43.40429],[-2.9062,43.40418],[-2.90621,43.40407],[-2.90623,43.404],[-2.90651,43.40341]]}},{"type":"Feature","properties":{"id":236641595,"highway":"secondary","ref":"BI-2153","superficie":"asphalt"},"geometry":{"type":"LineString","coordinates":[[-2.89751,43.43082],[-2.89754,43.43079],[-2.89761,43.4307],[-2.89768,43.43054],[-2.89773,43.43037],[-2.89774,43.43032],[-2.89777,43.43023],[-2.89782,43.43004],[-2.89794,43.42965],[-2.89802,43.42938],[-2.89804,43.42931],[-2.89805,43.42929]]}},{"type":"Feature","properties":{"id":236641596,"highway":"secondary","ref":"BI-2153","superficie":"asphalt"},"geometry":{"type":"LineString","coordinates":[[-2.90392,43.42329],[-2.90401,43.42313],[-2.90405,43.42303],[-2.90407,43.42292],[-2.90406,43.42283],[-2.90402,43.42251],[-2.90401,43.42242],[-2.90403,43.42231],[-2.90406,43.4222],[-2.90415,43.42196],[-2.9043,43.42165]]}},{"type":"Feature","properties":{"id":236641597,"highway":"tertiary","ref":"BI-3152","superficie":"asphalt"},"geometry":{"type":"LineString","coordinates":[[-2.89342,43.43206],[-2.89294,43.43223],[-2.89291,43.43224]]}},{"type":"Feature","properties":{"id":236641598,"highway":"tertiary","ref":"BI-3152"},"geometry":{"type":"LineString","coordinates":[[-2.87592,43.42771],[-2.87593,43.42763]]}},{"type":"Feature","properties":{"id":236641599,"highway":"tertiary","ref":"BI-3152"},"geometry":{"type":"LineString","coordinates":[[-2.87596,43.42755],[-2.876,43.42747]]}},{"type":"Feature","properties":{"id":236641600,"highway":"tertiary","ref":"BI-3152"},"geometry":{"type":"LineString","coordinates":[[-2.87593,43.42763],[-2.87596,43.42755]]}},{"type":"Feature","properties":{"id":236641601,"highway":"tertiary","ref":"BI-3152","puente":"yes","superficie":"asphalt"},"geometry":{"type":"LineString","coordinates":[[-2.89449,43.43185],[-2.89412,43.43185]]}},{"type":"Feature","properties":{"id":236641602,"highway":"tertiary","ref":"BI-3152","superficie":"asphalt"},"geometry":{"type":"LineString","coordinates":[[-2.8828,43.42971],[-2.8827,43.42954],[-2.88262,43.42944],[-2.88254,43.42936]]}},{"type":"Feature","properties":{"id":236641603,"highway":"tertiary","ref":"BI-3152","oneway":"yes","superficie":"asphalt"},"geometry":{"type":"LineString","coordinates":[[-2.89482,43.43185],[-2.89523,43.43186],[-2.89529,43.43187],[-2.8953,43.43187],[-2.89534,43.43187]]}},{"type":"Feature","properties":{"id":236641604,"highway":"tertiary","ref":"BI-3152","superficie":"asphalt"},"geometry":{"type":"LineString","coordinates":[[-2.89482,43.43185],[-2.89477,43.43185],[-2.89472,43.43185],[-2.89464,43.43185],[-2.89449,43.43185]]}},{"type":"Feature","properties":{"id":236641605,"highway":"tertiary","ref":"BI-3152","superficie":"asphalt"},"geometry":{"type":"LineString","coordinates":[[-2.89406,43.43185],[-2.89401,43.43186],[-2.89394,43.43188],[-2.89349,43.43203],[-2.89343,43.43206],[-2.89342,43.43206]]}},{"type":"Feature","properties":{"id":236641606,"highway":"tertiary","ref":"BI-3152","superficie":"asphalt"},"geometry":{"type":"LineString","coordinates":[[-2.8895,43.43237],[-2.88936,43.43235],[-2.8892,43.43236],[-2.88904,43.43239],[-2.8887,43.43246],[-2.88841,43.43252],[-2.88825,43.43255],[-2.88814,43.43256],[-2.88805,43.43255],[-2.88796,43.43252],[-2.88787,43.43249],[-2.8878,43.43244],[-2.88775,43.43238],[-2.88762,43.43219],[-2.88755,43.4321],[-2.88748,43.43202],[-2.88739,43.43196],[-2.88727,43.43189],[-2.88717,43.43186],[-2.88706,43.43183],[-2.88694,43.43181],[-2.88682,43.4318],[-2.8865,43.4318],[-2.88591,43.4318],[-2.88505,43.43179],[-2.88486,43.43179],[-2.88468,43.4318],[-2.88455,43.43181],[-2.88436,43.43184],[-2.8838,43.43192],[-2.88345,43.43197],[-2.88331,43.43198],[-2.88322,43.43197],[-2.88314,43.43195],[-2.88304,43.43192],[-2.88298,43.43188],[-2.88292,43.43183],[-2.88287,43.43176],[-2.88271,43.4315],[-2.88265,43.43142],[-2.8826,43.43137],[-2.8825,43.43132],[-2.88238,43.43127],[-2.88206,43.43119],[-2.88197,43.43116],[-2.88188,43.43112],[-2.8818,43.43106],[-2.88175,43.431],[-2.88171,43.43093],[-2.8817,43.43085],[-2.88172,43.43077],[-2.88177,43.43069],[-2.88184,43.43062],[-2.88192,43.43057],[-2.88202,43.43054],[-2.88217,43.43052],[-2.88244,43.43049],[-2.88253,43.43048],[-2.88265,43.43046],[-2.88274,43.43044],[-2.88284,43.4304],[-2.88291,43.43034],[-2.88296,43.43028],[-2.883,43.43021],[-2.88301,43.43012],[-2.88298,43.43003],[-2.8829,43.42987],[-2.8828,43.42971]]}},{"type":"Feature","properties":{"id":236641607,"highway":"tertiary","ref":"BI-3152"},"geometry":{"type":"LineString","coordinates":[[-2.88254,43.42936],[-2.88241,43.42928],[-2.88234,43.42924],[-2.88222,43.4292],[-2.8821,43.42917],[-2.88198,43.42916],[-2.88188,43.42915],[-2.88176,43.42916],[-2.88145,43.4292],[-2.88088,43.42927],[-2.88051,43.42932],[-2.87995,43.42939],[-2.87977,43.42942],[-2.8796,43.42947],[-2.87941,43.42954],[-2.87926,43.42962],[-2.87915,43.42969],[-2.87903,43.42978],[-2.87889,43.42993],[-2.8788,43.43006],[-2.87832,43.43088],[-2.87828,43.43096],[-2.87822,43.43104],[-2.8782,43.43108],[-2.87811,43.43125],[-2.8781,43.43126],[-2.87804,43.43136],[-2.878,43.43145],[-2.87788,43.43165],[-2.87783,43.43174],[-2.87771,43.43196],[-2.87759,43.43217],[-2.87732,43.43267],[-2.87724,43.43285],[-2.87721,43.43297],[-2.87721,43.43309],[-2.87723,43.4332],[-2.87727,43.43331],[-2.87732,43.43339],[-2.87739,43.43347],[-2.87748,43.43356],[-2.87762,43.43369],[-2.87771,43.43379],[-2.87775,43.43389],[-2.87776,43.43399],[-2.87775,43.43411],[-2.87769,43.43422],[-2.87757,43.43433],[-2.87745,43.43441],[-2.87732,43.43446],[-2.87714,43.43448],[-2.87695,43.43447],[-2.87681,43.43444],[-2.87671,43.43439],[-2.87662,43.43434],[-2.87653,43.43427],[-2.87647,43.43416],[-2.87642,43.43403],[-2.87618,43.43323],[-2.87598,43.43253],[-2.87594,43.43236],[-2.87593,43.4322],[-2.87594,43.43206],[-2.87597,43.4319],[-2.87603,43.43171],[-2.87612,43.43153],[-2.87645,43.43085],[-2.87651,43.43073],[-2.87661,43.43059],[-2.87669,43.4305],[-2.87717,43.43001],[-2.87728,43.42988],[-2.87734,43.42976],[-2.87735,43.42965],[-2.87733,43.42955],[-2.87727,43.42945],[-2.87718,43.4294],[-2.87708,43.42939],[-2.87693,43.42939],[-2.87677,43.42943],[-2.87651,43.42948],[-2.87639,43.42951],[-2.87625,43.42951],[-2.87614,43.42949],[-2.87603,43.42944],[-2.87595,43.42936],[-2.8759,43.42928],[-2.87589,43.42914],[-2.87589,43.42893]]}},{"type":"Feature","properties":{"id":236641608,"highway":"residential"},"geometry":{"type":"LineString","coordinates":[[-2.89136,43.42993],[-2.8914,43.4299],[-2.89141,43.42988],[-2.89141,43.42986],[-2.89139,43.42969],[-2.89136,43.42958],[-2.89135,43.4295],[-2.89137,43.42927],[-2.89138,43.42917],[-2.89138,43.42913],[-2.89137,43.4291],[-2.89139,43.42884]]}},{"type":"Feature","properties":{"id":236641611,"highway":"service"},"geometry":{"type":"LineString","coordinates":[[-2.8824,43.42943],[-2.88235,43.42957],[-2.88232,43.42978],[-2.88232,43.42986]]}},{"type":"Feature","properties":{"id":236641612,"highway":"residential"},"geometry":{"type":"LineString","coordinates":[[-2.89136,43.42993],[-2.89135,43.42992],[-2.89133,43.42992],[-2.89132,43.42991],[-2.89131,43.42991],[-2.89129,43.42991],[-2.89128,43.42991],[-2.89126,43.42991],[-2.89125,43.42992],[-2.89124,43.42992],[-2.89123,43.42993],[-2.89122,43.42994],[-2.89121,43.42995],[-2.89121,43.42996],[-2.89121,43.42997],[-2.89121,43.42998],[-2.89121,43.42999],[-2.89122,43.43],[-2.89123,43.43],[-2.89123,43.43001],[-2.89124,43.43001],[-2.89125,43.43002],[-2.89126,43.43003],[-2.89128,43.43003],[-2.89129,43.43003],[-2.89131,43.43003],[-2.89132,43.43003],[-2.89133,43.43002],[-2.89134,43.43001],[-2.89136,43.43001],[-2.89136,43.43],[-2.89137,43.42999],[-2.89137,43.42998]]}},{"type":"Feature","properties":{"id":236641614,"highway":"residential"},"geometry":{"type":"LineString","coordinates":[[-2.89123,43.43],[-2.89109,43.43001],[-2.89097,43.43],[-2.89092,43.42999],[-2.89086,43.42998]]}},{"type":"Feature","properties":{"id":236641615,"highway":"residential"},"geometry":{"type":"LineString","coordinates":[[-2.89129,43.43003],[-2.89126,43.43013],[-2.89121,43.43022],[-2.89111,43.43042],[-2.89103,43.43058]]}},{"type":"Feature","properties":{"id":236641616,"highway":"residential","superficie":"asphalt"},"geometry":{"type":"LineString","coordinates":[[-2.89137,43.42998],[-2.89145,43.42998],[-2.89158,43.42998],[-2.89174,43.42998],[-2.89192,43.42996],[-2.89212,43.42994],[-2.89231,43.42997],[-2.89244,43.42999],[-2.8925,43.42999],[-2.89257,43.42997],[-2.89263,43.42993],[-2.89268,43.42989],[-2.89269,43.42988],[-2.89273,43.42984],[-2.89277,43.42978],[-2.89279,43.42975],[-2.89277,43.42958],[-2.89277,43.42953],[-2.89278,43.42948],[-2.89282,43.42944],[-2.89292,43.42942],[-2.89302,43.42941],[-2.8932,43.4294],[-2.89338,43.42942],[-2.8936,43.42944],[-2.8937,43.42946],[-2.89376,43.42948],[-2.89383,43.42954],[-2.89386,43.42957],[-2.89392,43.42968],[-2.89394,43.42977],[-2.89392,43.42988],[-2.8939,43.42992],[-2.89389,43.42997],[-2.89384,43.43009],[-2.89382,43.43019],[-2.89383,43.43025],[-2.89389,43.43041],[-2.89388,43.43047],[-2.89387,43.43055],[-2.89385,43.43061],[-2.89383,43.43068],[-2.89378,43.43084],[-2.89376,43.43092],[-2.89374,43.43104],[-2.89373,43.43116],[-2.89371,43.43141],[-2.89368,43.43162]]}},{"type":"Feature","properties":{"id":236641617,"highway":"tertiary","nombre":"Armintzekalde kalea","oneway":"yes","superficie":"asphalt"},"geometry":{"type":"LineString","coordinates":[[-2.89534,43.43187],[-2.89548,43.43187],[-2.89592,43.43188],[-2.89606,43.43189],[-2.89641,43.4319],[-2.89657,43.4319]]}},{"type":"Feature","properties":{"id":236641618,"highway":"service"},"geometry":{"type":"LineString","coordinates":[[-2.88254,43.42936],[-2.8824,43.42943],[-2.88209,43.42945],[-2.88168,43.42945],[-2.88159,43.42942],[-2.88147,43.42935],[-2.88139,43.42932]]}},{"type":"Feature","properties":{"id":239252062,"highway":"service"},"geometry":{"type":"LineString","coordinates":[[-2.88262,43.42944],[-2.88265,43.42941],[-2.88272,43.42938],[-2.88281,43.42938],[-2.88284,43.42939],[-2.88287,43.42944],[-2.88294,43.42958],[-2.88301,43.42964],[-2.88305,43.42966],[-2.88311,43.42968],[-2.88319,43.42968],[-2.88342,43.42965],[-2.88377,43.42957],[-2.88381,43.42956],[-2.884,43.42951],[-2.88409,43.42946],[-2.88415,43.4294],[-2.88422,43.42929],[-2.8843,43.42889],[-2.88435,43.4287],[-2.88452,43.42854],[-2.88507,43.42834],[-2.8854,43.42819],[-2.88561,43.428],[-2.88567,43.42795],[-2.88583,43.42787],[-2.88609,43.42774],[-2.88614,43.42768],[-2.88618,43.42762],[-2.88619,43.42753],[-2.88617,43.42747],[-2.88604,43.42726],[-2.88583,43.42699],[-2.88568,43.42676],[-2.88561,43.42657],[-2.88547,43.42632],[-2.88544,43.42624],[-2.88544,43.4262],[-2.88546,43.42617],[-2.8855,43.42616],[-2.88554,43.42619],[-2.88562,43.42624],[-2.88571,43.42627]]}},{"type":"Feature","properties":{"id":243403267,"highway":"tertiary","ref":"BI-3152","puente":"yes"},"geometry":{"type":"LineString","coordinates":[[-2.85369,43.42454],[-2.8536,43.42451]]}},{"type":"Feature","properties":{"id":248930007,"highway":"service","puente":"yes"},"geometry":{"type":"LineString","coordinates":[[-2.9004,43.41212],[-2.90046,43.41212]]}},{"type":"Feature","properties":{"id":255652040,"highway":"residential","nombre":"Andraka auzoa","oneway":"yes","superficie":"asphalt"},"geometry":{"type":"LineString","coordinates":[[-2.90603,43.39581],[-2.90588,43.3961],[-2.90565,43.39639]]}},{"type":"Feature","properties":{"id":255652041,"highway":"residential","nombre":"Andraka auzoa","superficie":"asphalt"},"geometry":{"type":"LineString","coordinates":[[-2.90701,43.39699],[-2.90712,43.39685],[-2.90722,43.39675],[-2.90728,43.39668],[-2.90744,43.39657]]}},{"type":"Feature","properties":{"id":255652042,"highway":"secondary","ref":"BI-2120","superficie":"asphalt"},"geometry":{"type":"LineString","coordinates":[[-2.90696,43.39745],[-2.90695,43.3974],[-2.90692,43.39735],[-2.90687,43.39732],[-2.90681,43.3973],[-2.90675,43.3973],[-2.90669,43.3973],[-2.90664,43.39732],[-2.90659,43.39735]]}},{"type":"Feature","properties":{"id":255652043,"highway":"residential","nombre":"Andraka auzoa","izena_eu":"Andraka auzoa","nombre_es":"Barrio Andraka","oneway":"yes"},"geometry":{"type":"LineString","coordinates":[[-2.9083,43.3978],[-2.90835,43.39794],[-2.90836,43.39804],[-2.90834,43.39811],[-2.90829,43.39819],[-2.9082,43.39831]]}},{"type":"Feature","properties":{"id":255652044,"highway":"residential","nombre":"Andraka auzoa","izena_eu":"Andraka auzoa","nombre_es":"Barrio Andraka","oneway":"yes","superficie":"asphalt"},"geometry":{"type":"LineString","coordinates":[[-2.90398,43.3948],[-2.90393,43.39482],[-2.90331,43.39524],[-2.90266,43.39568]]}},{"type":"Feature","properties":{"id":255652045,"highway":"residential","nombre":"Barrio Andraka"},"geometry":{"type":"LineString","coordinates":[[-2.90884,43.39862],[-2.9088,43.39867],[-2.90866,43.39887],[-2.90856,43.39906],[-2.90846,43.39927],[-2.90841,43.39943],[-2.90834,43.39948]]}},{"type":"Feature","properties":{"id":255652503,"highway":"residential","nombre":"Andraka auzoa","izena_eu":"Andraka auzoa","nombre_es":"Barrio Andraka","superficie":"asphalt"},"geometry":{"type":"LineString","coordinates":[[-2.90266,43.39568],[-2.90243,43.39584],[-2.90238,43.39596]]}},{"type":"Feature","properties":{"id":255720316,"highway":"unclassified","nombre":"Berreaga"},"geometry":{"type":"LineString","coordinates":[[-2.91648,43.4041],[-2.91653,43.40414],[-2.91659,43.40425],[-2.91662,43.40442],[-2.91671,43.40515],[-2.91679,43.40557],[-2.91679,43.40563],[-2.91683,43.40585],[-2.91684,43.40605],[-2.91684,43.40619],[-2.91684,43.40632]]}},{"type":"Feature","properties":{"id":255720317,"highway":"unclassified","nombre":"Berreaga"},"geometry":{"type":"LineString","coordinates":[[-2.91676,43.41208],[-2.91674,43.41214],[-2.91672,43.41227],[-2.91671,43.41238],[-2.91673,43.41253],[-2.91677,43.41262],[-2.9168,43.41269],[-2.91685,43.41276]]}},{"type":"Feature","properties":{"id":255720318,"highway":"unclassified","nombre":"Berreaga"},"geometry":{"type":"MultiLineString","coordinates":[[[-2.91684,43.40632],[-2.91687,43.40651],[-2.91697,43.40685],[-2.91702,43.40708]],[[-2.91758,43.41067],[-2.91755,43.41075],[-2.9175,43.41083]]]}},{"type":"Feature","properties":{"id":255720319,"highway":"unclassified","nombre":"Berreaga"},"geometry":{"type":"LineString","coordinates":[[-2.91752,43.4144],[-2.91755,43.4143],[-2.91756,43.41421]]}},{"type":"Feature","properties":{"id":255720320,"highway":"unclassified","nombre":"Berreaga","superficie":"asphalt"},"geometry":{"type":"MultiLineString","coordinates":[[[-2.91752,43.4144],[-2.91772,43.41462]],[[-2.9179,43.41483],[-2.9179,43.41483],[-2.9179,43.41483]]]}},{"type":"Feature","properties":{"id":255720321,"highway":"unclassified","nombre":"Berreaga"},"geometry":{"type":"LineString","coordinates":[[-2.91747,43.41357],[-2.91741,43.41346],[-2.91729,43.41331],[-2.9172,43.41321],[-2.91709,43.41307],[-2.91685,43.41276]]}},{"type":"Feature","properties":{"id":255720322,"highway":"service"},"geometry":{"type":"LineString","coordinates":[[-2.91644,43.4102],[-2.91631,43.41031],[-2.91626,43.41038],[-2.91622,43.41046],[-2.9162,43.41052],[-2.91619,43.41059],[-2.91621,43.41068],[-2.91624,43.41073],[-2.91641,43.41088],[-2.91649,43.41093],[-2.91664,43.41098],[-2.91716,43.41113]]}},{"type":"Feature","properties":{"id":255720323,"highway":"unclassified"},"geometry":{"type":"LineString","coordinates":[[-2.91066,43.40043],[-2.91067,43.40047],[-2.91068,43.40065],[-2.91077,43.40079],[-2.91087,43.40086],[-2.911,43.40092],[-2.9113,43.40096],[-2.91202,43.40105],[-2.91232,43.40112],[-2.91259,43.40124],[-2.91311,43.40157],[-2.9135,43.40179]]}},{"type":"Feature","properties":{"id":255720324,"highway":"unclassified"},"geometry":{"type":"LineString","coordinates":[[-2.90324,43.40863],[-2.903,43.40861],[-2.90274,43.40866],[-2.90261,43.40868],[-2.90258,43.40868],[-2.90231,43.40868],[-2.90209,43.40867],[-2.90177,43.40863],[-2.90153,43.40861],[-2.90131,43.40861],[-2.9011,43.40864],[-2.90094,43.40867],[-2.90082,43.40872],[-2.90069,43.40876]]}},{"type":"Feature","properties":{"id":255720325,"highway":"service"},"geometry":{"type":"LineString","coordinates":[[-2.90675,43.40552],[-2.90683,43.40561],[-2.9069,43.40565],[-2.90695,43.40567],[-2.90696,43.40568],[-2.90698,43.40568],[-2.90701,43.40568],[-2.90702,43.40568],[-2.90704,43.40568],[-2.90722,43.40565],[-2.90724,43.40564],[-2.90725,43.40564],[-2.90737,43.40562],[-2.9075,43.40537],[-2.90752,43.40535],[-2.90754,43.40534],[-2.90756,43.40533],[-2.90757,43.40533],[-2.90781,43.40532]]}},{"type":"Feature","properties":{"id":255720326,"highway":"service"},"geometry":{"type":"LineString","coordinates":[[-2.9135,43.40179],[-2.91345,43.40185],[-2.91344,43.40194],[-2.9135,43.40204],[-2.91359,43.40214],[-2.91375,43.40223],[-2.91386,43.40231],[-2.91396,43.4024],[-2.9143,43.40277],[-2.9144,43.40291],[-2.91445,43.40303],[-2.91445,43.40312],[-2.91442,43.40325],[-2.91438,43.4034],[-2.91432,43.40353],[-2.91432,43.40362],[-2.91439,43.40375],[-2.91439,43.40381],[-2.91432,43.40389],[-2.91419,43.40404]]}},{"type":"Feature","properties":{"id":255720327,"highway":"unclassified"},"geometry":{"type":"LineString","coordinates":[[-2.90924,43.3989],[-2.90933,43.39897],[-2.90938,43.399],[-2.90945,43.39905],[-2.9095,43.3991],[-2.90953,43.39914],[-2.90956,43.39922],[-2.90958,43.3993],[-2.90959,43.3994],[-2.9096,43.39948],[-2.90961,43.39954],[-2.90964,43.39961],[-2.90969,43.39966],[-2.90979,43.39977],[-2.90983,43.39981],[-2.90988,43.39986],[-2.91019,43.40001],[-2.9105,43.40018],[-2.91062,43.4003],[-2.91066,43.40043]]}},{"type":"Feature","properties":{"id":255720328,"highway":"unclassified","nombre":"Urizar - Berreaga bidea"},"geometry":{"type":"LineString","coordinates":[[-2.91752,43.4144],[-2.91741,43.41437],[-2.91719,43.4143],[-2.91691,43.41425],[-2.91677,43.41423],[-2.91663,43.41423],[-2.91629,43.41431],[-2.91599,43.41437],[-2.91547,43.41446],[-2.91523,43.4145],[-2.91502,43.41453],[-2.91489,43.41455],[-2.91476,43.41456],[-2.91469,43.41457],[-2.91458,43.41458],[-2.91449,43.4146],[-2.91435,43.41462],[-2.91417,43.41465],[-2.91401,43.41467],[-2.91384,43.41469],[-2.91336,43.41473],[-2.91292,43.41477],[-2.91259,43.4148],[-2.91253,43.4148]]}},{"type":"Feature","properties":{"id":255720329,"highway":"service"},"geometry":{"type":"LineString","coordinates":[[-2.90637,43.40504],[-2.9063,43.40499],[-2.90627,43.40493],[-2.90622,43.40487],[-2.9062,43.40481],[-2.90617,43.40474],[-2.90611,43.40464],[-2.90606,43.40456],[-2.90597,43.40448],[-2.90586,43.40439],[-2.9057,43.40428],[-2.90511,43.40398],[-2.9048,43.40385],[-2.90456,43.40379],[-2.90436,43.40377],[-2.90423,43.40372],[-2.90412,43.40363],[-2.90403,43.40349],[-2.90388,43.40316],[-2.90364,43.40255],[-2.90358,43.40251],[-2.90347,43.40249],[-2.90307,43.4025],[-2.90284,43.40247],[-2.90227,43.40237],[-2.90215,43.40235]]}},{"type":"Feature","properties":{"id":255720332,"highway":"track"},"geometry":{"type":"LineString","coordinates":[[-2.91195,43.41483],[-2.91194,43.41479],[-2.91194,43.41478],[-2.91191,43.41472],[-2.9119,43.4147],[-2.91181,43.41456],[-2.91175,43.41446],[-2.9117,43.41433],[-2.91168,43.41423],[-2.91165,43.41411],[-2.9116,43.41399],[-2.91155,43.41384],[-2.91148,43.41368],[-2.91141,43.4135],[-2.91134,43.41336],[-2.91132,43.41331],[-2.91126,43.41316],[-2.91122,43.41306],[-2.91117,43.41288],[-2.91115,43.41284],[-2.91114,43.41281],[-2.91112,43.41279],[-2.91109,43.41277],[-2.91107,43.41275],[-2.91089,43.41262]]}},{"type":"Feature","properties":{"id":255720333,"highway":"unclassified"},"geometry":{"type":"LineString","coordinates":[[-2.89949,43.4088],[-2.89944,43.40889],[-2.89933,43.40896],[-2.89923,43.40903],[-2.89917,43.4091],[-2.89898,43.40929],[-2.89886,43.40939],[-2.89872,43.40954],[-2.89858,43.4097],[-2.89851,43.40982],[-2.89851,43.40989],[-2.89851,43.41001],[-2.89851,43.41016],[-2.89851,43.41031],[-2.89849,43.41037],[-2.89847,43.41046],[-2.89842,43.41054],[-2.89831,43.4107],[-2.89823,43.41093],[-2.89813,43.41119],[-2.89809,43.41131],[-2.89811,43.41141],[-2.89817,43.4115],[-2.89829,43.41156],[-2.89852,43.41168],[-2.89881,43.4118],[-2.89906,43.41191],[-2.89927,43.41198],[-2.89935,43.41203],[-2.89943,43.4121]]}},{"type":"Feature","properties":{"id":255720335,"highway":"service"},"geometry":{"type":"LineString","coordinates":[[-2.91754,43.41409],[-2.91732,43.41409],[-2.91714,43.41409]]}},{"type":"Feature","properties":{"id":255720337,"highway":"service"},"geometry":{"type":"LineString","coordinates":[[-2.91147,43.41527],[-2.91144,43.41494],[-2.91142,43.4148]]}},{"type":"Feature","properties":{"id":255720339,"highway":"unclassified"},"geometry":{"type":"LineString","coordinates":[[-2.91645,43.40408],[-2.91648,43.4041]]}},{"type":"Feature","properties":{"id":255720340,"highway":"service","nombre":"Urizar auzoa"},"geometry":{"type":"LineString","coordinates":[[-2.90322,43.4095],[-2.90346,43.40947],[-2.90381,43.40943],[-2.9039,43.40941],[-2.90398,43.40935],[-2.90404,43.40927],[-2.90411,43.40912],[-2.90419,43.40904],[-2.9043,43.40897],[-2.9044,43.4089],[-2.90462,43.40879],[-2.90471,43.40875],[-2.90492,43.40864],[-2.905,43.4086],[-2.90509,43.40856],[-2.90521,43.40853],[-2.9053,43.40853],[-2.90546,43.40855],[-2.90565,43.40861],[-2.90576,43.40863],[-2.90584,43.40865],[-2.90589,43.40865],[-2.90594,43.40863],[-2.90596,43.40861],[-2.90598,43.40857],[-2.90605,43.40837],[-2.90607,43.40831],[-2.90614,43.40825],[-2.90647,43.40819],[-2.90667,43.40811]]}},{"type":"Feature","properties":{"id":255720341,"highway":"service"},"geometry":{"type":"LineString","coordinates":[[-2.90661,43.41076],[-2.90668,43.41073],[-2.90671,43.41074],[-2.90674,43.41073],[-2.90677,43.41073],[-2.90682,43.41074],[-2.90688,43.41075],[-2.90691,43.41075],[-2.90694,43.41076],[-2.90697,43.41076],[-2.907,43.41076],[-2.90703,43.41076],[-2.90706,43.41076],[-2.9071,43.41076],[-2.90713,43.41075],[-2.90715,43.41075],[-2.90718,43.41074],[-2.90722,43.41073],[-2.90725,43.41071],[-2.90728,43.4107],[-2.90731,43.41068],[-2.90735,43.41066],[-2.90739,43.41063],[-2.9074,43.41061],[-2.90743,43.41058],[-2.90744,43.41056],[-2.90745,43.41054],[-2.90746,43.41051],[-2.90749,43.41042],[-2.9075,43.41038],[-2.90749,43.41034]]}},{"type":"Feature","properties":{"id":255720342,"highway":"service"},"geometry":{"type":"LineString","coordinates":[[-2.91147,43.41527],[-2.91149,43.41544],[-2.91147,43.41555],[-2.91141,43.41574]]}},{"type":"Feature","properties":{"id":255720343,"highway":"service","nombre":"Urizar auzoa"},"geometry":{"type":"LineString","coordinates":[[-2.90322,43.4095],[-2.90341,43.40955],[-2.90371,43.40962],[-2.90387,43.40966],[-2.90399,43.40971],[-2.9041,43.40976],[-2.90424,43.40982],[-2.90437,43.40987],[-2.90452,43.40993],[-2.90468,43.41],[-2.9048,43.41006],[-2.90496,43.41013],[-2.90516,43.41024],[-2.90531,43.4103],[-2.90549,43.41037],[-2.90558,43.41041],[-2.90571,43.41046],[-2.90584,43.41052],[-2.90594,43.41057],[-2.90619,43.41066],[-2.90635,43.41071],[-2.90652,43.41077],[-2.90658,43.41076],[-2.90661,43.41076],[-2.90663,43.41076],[-2.90669,43.41077],[-2.90682,43.41097],[-2.90692,43.41109],[-2.90719,43.41135],[-2.90744,43.41156],[-2.90752,43.41165],[-2.90758,43.41175],[-2.90763,43.41188],[-2.90768,43.41193],[-2.90776,43.41198],[-2.90792,43.41206],[-2.90819,43.41218],[-2.90838,43.41228],[-2.90857,43.4124],[-2.90866,43.41246],[-2.90874,43.41251]]}},{"type":"Feature","properties":{"id":255720344,"highway":"service"},"geometry":{"type":"LineString","coordinates":[[-2.9126,43.40761],[-2.9126,43.40767],[-2.91255,43.40788],[-2.91255,43.4079],[-2.91254,43.408],[-2.91249,43.40818],[-2.91243,43.40832],[-2.9124,43.40845],[-2.9124,43.4086],[-2.91238,43.40869],[-2.91238,43.40869],[-2.91234,43.40887],[-2.91233,43.40897],[-2.91234,43.40903],[-2.91238,43.40905],[-2.91249,43.40908],[-2.91267,43.4091],[-2.91286,43.40913],[-2.91295,43.40915],[-2.91311,43.40925],[-2.91315,43.40928],[-2.91321,43.40938],[-2.91326,43.40952],[-2.91328,43.40973],[-2.91328,43.4098],[-2.91331,43.40986],[-2.91338,43.40992],[-2.91357,43.40998],[-2.91366,43.41001],[-2.91375,43.41008],[-2.91411,43.41044],[-2.91414,43.41046],[-2.91438,43.41066],[-2.91461,43.4108],[-2.91478,43.4109],[-2.91507,43.41106],[-2.9152,43.41116],[-2.9153,43.41133],[-2.91533,43.41136],[-2.91545,43.41151],[-2.91563,43.41165],[-2.91576,43.41174],[-2.91588,43.41184],[-2.91624,43.41224],[-2.91639,43.4124],[-2.91667,43.41268],[-2.91673,43.41271],[-2.91685,43.41276]]}},{"type":"Feature","properties":{"id":255720345,"highway":"service"},"geometry":{"type":"LineString","coordinates":[[-2.91077,43.40746],[-2.91081,43.40757],[-2.91082,43.40759],[-2.91085,43.40765],[-2.91086,43.40766],[-2.91089,43.4077],[-2.91095,43.40773],[-2.91095,43.40774],[-2.91099,43.40775],[-2.91104,43.40775],[-2.91104,43.40775],[-2.91111,43.40776],[-2.91114,43.40775],[-2.91117,43.40775],[-2.91122,43.40774],[-2.91124,43.40774],[-2.91126,43.40773],[-2.9113,43.40773],[-2.91133,43.40773],[-2.91136,43.40773],[-2.91144,43.40774],[-2.91157,43.40777],[-2.91161,43.4078],[-2.91167,43.40783],[-2.91171,43.40788],[-2.91176,43.40793],[-2.91181,43.40801],[-2.91184,43.40806],[-2.91185,43.40807],[-2.91187,43.40808],[-2.91187,43.40808],[-2.91188,43.40809],[-2.91191,43.40811],[-2.91193,43.40811],[-2.91195,43.40812],[-2.91198,43.40812],[-2.91206,43.40812],[-2.91206,43.40812],[-2.91212,43.40811],[-2.91215,43.4081],[-2.91219,43.40809],[-2.91227,43.40806],[-2.91234,43.40803],[-2.91237,43.40802],[-2.9124,43.408],[-2.91243,43.40798],[-2.91249,43.40794],[-2.9125,43.40793],[-2.91255,43.4079]]}},{"type":"Feature","properties":{"id":255720346,"highway":"service","superficie":"asphalt"},"geometry":{"type":"LineString","coordinates":[[-2.91594,43.40474],[-2.91594,43.4047],[-2.91593,43.40458],[-2.91588,43.40415],[-2.91586,43.40391]]}},{"type":"Feature","properties":{"id":255720347,"highway":"unclassified"},"geometry":{"type":"LineString","coordinates":[[-2.9135,43.40179],[-2.9145,43.40238],[-2.91476,43.40255],[-2.91483,43.40262],[-2.91504,43.40296],[-2.91518,43.4032]]}},{"type":"Feature","properties":{"id":255720348,"highway":"residential","nombre":"Andraka auzoa","izena_eu":"Andraka auzoa","nombre_es":"Barrio Andraka"},"geometry":{"type":"LineString","coordinates":[[-2.90924,43.3989],[-2.9093,43.39885],[-2.90944,43.39873],[-2.90952,43.39868],[-2.90961,43.39865]]}},{"type":"Feature","properties":{"id":255720349,"highway":"residential","nombre":"Andraka auzoa","izena_eu":"Andraka auzoa","nombre_es":"Barrio Andraka"},"geometry":{"type":"LineString","coordinates":[[-2.90884,43.39862],[-2.90894,43.39869],[-2.90906,43.39879],[-2.90916,43.39885],[-2.90924,43.3989]]}},{"type":"Feature","properties":{"id":255720350,"highway":"service"},"geometry":{"type":"LineString","coordinates":[[-2.89989,43.4035],[-2.89991,43.40366],[-2.90001,43.40433],[-2.90004,43.40454],[-2.90009,43.40482],[-2.90016,43.40526],[-2.90017,43.40536],[-2.9002,43.40547],[-2.90024,43.40559],[-2.90031,43.40566],[-2.90039,43.40574],[-2.90047,43.40582],[-2.90059,43.40594],[-2.90063,43.40601],[-2.90064,43.40609],[-2.90063,43.40618],[-2.90062,43.40628],[-2.90058,43.40652],[-2.90054,43.40669],[-2.90052,43.40681],[-2.9005,43.40698],[-2.90047,43.40706],[-2.90041,43.40712],[-2.90035,43.40713],[-2.9003,43.40711],[-2.90018,43.40698],[-2.9001,43.40692],[-2.90005,43.40691],[-2.90001,43.40694],[-2.9,43.40694],[-2.89998,43.40697],[-2.89996,43.40699],[-2.89996,43.40708],[-2.89998,43.40716],[-2.90004,43.40727],[-2.90009,43.40744],[-2.9002,43.40763],[-2.9002,43.40771],[-2.90018,43.40782],[-2.90015,43.4079],[-2.90012,43.40804],[-2.90013,43.40811],[-2.90014,43.40819],[-2.9002,43.40828],[-2.90024,43.40833],[-2.90033,43.40839],[-2.90043,43.40842],[-2.90056,43.40845],[-2.90064,43.40849],[-2.90068,43.40857],[-2.90069,43.40864],[-2.90069,43.40876]]}},{"type":"Feature","properties":{"id":255720351,"highway":"unclassified","nombre":"Urizar - Berreaga bidea"},"geometry":{"type":"LineString","coordinates":[[-2.90265,43.41293],[-2.90271,43.41296],[-2.90275,43.41299],[-2.90284,43.41312],[-2.90289,43.41316],[-2.90293,43.41317],[-2.90303,43.41316],[-2.90346,43.41309],[-2.90358,43.41308],[-2.90364,43.41311],[-2.9038,43.41324],[-2.90419,43.41352],[-2.90453,43.41375],[-2.90465,43.41377],[-2.90473,43.41378],[-2.90487,43.41378],[-2.90524,43.41373],[-2.90542,43.41372],[-2.90553,43.41372],[-2.90573,43.41376],[-2.90586,43.4138],[-2.90615,43.41391],[-2.90653,43.414],[-2.90673,43.41404],[-2.9073,43.4141],[-2.90815,43.41417],[-2.90836,43.41419],[-2.90888,43.41429],[-2.9096,43.41448],[-2.90982,43.41453],[-2.91058,43.41467],[-2.91142,43.4148]]}},{"type":"Feature","properties":{"id":255720353,"highway":"track"},"geometry":{"type":"LineString","coordinates":[[-2.90082,43.40872],[-2.90089,43.40874],[-2.901,43.40876],[-2.90106,43.40877],[-2.90128,43.40879],[-2.90141,43.40881]]}},{"type":"Feature","properties":{"id":255720355,"highway":"service"},"geometry":{"type":"LineString","coordinates":[[-2.91141,43.41574],[-2.91146,43.41582],[-2.9115,43.41585],[-2.91153,43.41588],[-2.91165,43.41597],[-2.91181,43.41605],[-2.91203,43.41614]]}},{"type":"Feature","properties":{"id":255720357,"highway":"service"},"geometry":{"type":"LineString","coordinates":[[-2.91648,43.4041],[-2.91649,43.40409]]}},{"type":"Feature","properties":{"id":255720360,"highway":"residential","nombre":"Andraka auzoa","oneway":"yes"},"geometry":{"type":"LineString","coordinates":[[-2.90884,43.39862],[-2.90887,43.39859],[-2.90887,43.39857],[-2.90883,43.39846],[-2.90878,43.39834],[-2.90873,43.3982],[-2.9087,43.39806],[-2.9087,43.39802],[-2.90872,43.39798]]}},{"type":"Feature","properties":{"id":255720364,"highway":"service"},"geometry":{"type":"LineString","coordinates":[[-2.90637,43.40504],[-2.90643,43.40507],[-2.90647,43.40511],[-2.90651,43.40517],[-2.90659,43.40531],[-2.90668,43.40539],[-2.90673,43.40547],[-2.90675,43.40552],[-2.90675,43.40564],[-2.90674,43.40584],[-2.90673,43.40599],[-2.90669,43.40612],[-2.90666,43.40621],[-2.90663,43.40637],[-2.90666,43.40644],[-2.90669,43.40649],[-2.90672,43.40651],[-2.90677,43.40653],[-2.90682,43.40654],[-2.90688,43.40653],[-2.90693,43.4065],[-2.90696,43.40641],[-2.90699,43.4063],[-2.90702,43.40623],[-2.90707,43.4062],[-2.90714,43.40618],[-2.90721,43.40619],[-2.90731,43.4062],[-2.90742,43.40626],[-2.90749,43.40627],[-2.90757,43.4063],[-2.90763,43.40631],[-2.90768,43.40631],[-2.90776,43.4063],[-2.90786,43.40627],[-2.90801,43.40624],[-2.90814,43.40623],[-2.90833,43.40624],[-2.90836,43.40623],[-2.90839,43.40623],[-2.90842,43.40622],[-2.90847,43.4062],[-2.90861,43.40616],[-2.90878,43.40614],[-2.90891,43.40614],[-2.90911,43.40619],[-2.90964,43.40637],[-2.91002,43.40652],[-2.91018,43.40662],[-2.91025,43.40669],[-2.9103,43.40674],[-2.91039,43.4069],[-2.91056,43.40714],[-2.91068,43.40734],[-2.91077,43.40746],[-2.91081,43.40752],[-2.91088,43.40756],[-2.91096,43.40759],[-2.91106,43.40762],[-2.91116,43.40762]]}},{"type":"Feature","properties":{"id":255720369,"highway":"service"},"geometry":{"type":"LineString","coordinates":[[-2.90408,43.40783],[-2.90416,43.40789],[-2.90456,43.4081],[-2.9046,43.40812],[-2.90462,43.40813],[-2.90468,43.40815],[-2.90469,43.40815]]}},{"type":"Feature","properties":{"id":255720371,"highway":"service"},"geometry":{"type":"LineString","coordinates":[[-2.90513,43.41073],[-2.90518,43.41066],[-2.9052,43.41066],[-2.90528,43.41058],[-2.90542,43.41043],[-2.90543,43.41042],[-2.90549,43.41037]]}},{"type":"Feature","properties":{"id":255720374,"highway":"service"},"geometry":{"type":"LineString","coordinates":[[-2.91066,43.40043],[-2.91075,43.40044],[-2.91096,43.40045],[-2.91118,43.40042],[-2.91156,43.40031],[-2.91167,43.40026],[-2.91184,43.40018]]}},{"type":"Feature","properties":{"id":255720376,"highway":"service"},"geometry":{"type":"LineString","coordinates":[[-2.91147,43.41527],[-2.9116,43.4154],[-2.91173,43.41552],[-2.91178,43.41557],[-2.91185,43.41557],[-2.91192,43.41551],[-2.91196,43.41542]]}},{"type":"Feature","properties":{"id":255720379,"highway":"service"},"geometry":{"type":"LineString","coordinates":[[-2.90651,43.41123],[-2.90651,43.41119],[-2.90652,43.41113],[-2.90654,43.41095],[-2.90655,43.4109],[-2.90657,43.41083],[-2.90657,43.4108],[-2.90658,43.41076]]}},{"type":"Feature","properties":{"id":255720381,"highway":"unclassified"},"geometry":{"type":"LineString","coordinates":[[-2.90069,43.40876],[-2.90055,43.40882],[-2.90045,43.40884],[-2.90033,43.40884],[-2.90024,43.40884],[-2.90001,43.40883],[-2.89983,43.40882],[-2.89972,43.40882],[-2.89949,43.4088]]}},{"type":"Feature","properties":{"id":255720383,"highway":"service"},"geometry":{"type":"LineString","coordinates":[[-2.91142,43.4148],[-2.91134,43.41487],[-2.91118,43.41499],[-2.91099,43.41514],[-2.91091,43.4152],[-2.91084,43.41527],[-2.91073,43.41536],[-2.91061,43.41546],[-2.91057,43.41553]]}},{"type":"Feature","properties":{"id":255720385,"highway":"service"},"geometry":{"type":"LineString","coordinates":[[-2.90141,43.40881],[-2.90163,43.40883],[-2.90168,43.40883],[-2.90173,43.40884],[-2.90179,43.40883],[-2.90185,43.40883],[-2.90231,43.40874],[-2.90244,43.40872],[-2.90261,43.40868]]}},{"type":"Feature","properties":{"id":255720386,"highway":"unclassified"},"geometry":{"type":"LineString","coordinates":[[-2.91253,43.4148],[-2.91242,43.41481],[-2.91234,43.41482],[-2.91195,43.41483],[-2.91189,43.41483],[-2.91166,43.41482],[-2.91153,43.41481],[-2.91146,43.4148],[-2.91142,43.4148]]}},{"type":"Feature","properties":{"id":255720388,"highway":"service"},"geometry":{"type":"LineString","coordinates":[[-2.90301,43.40932],[-2.90309,43.40941],[-2.9031,43.40943],[-2.90315,43.40947],[-2.90322,43.4095]]}},{"type":"Feature","properties":{"id":255720394,"highway":"service"},"geometry":{"type":"LineString","coordinates":[[-2.90293,43.40957],[-2.90304,43.40951],[-2.9031,43.40949],[-2.90314,43.40949],[-2.90322,43.4095]]}},{"type":"Feature","properties":{"id":255727150,"highway":"tertiary","ref":"BI-3151"},"geometry":{"type":"LineString","coordinates":[[-2.9126,43.42066],[-2.91252,43.42065],[-2.91232,43.42063],[-2.91211,43.4206],[-2.91208,43.4206],[-2.9119,43.42059],[-2.9117,43.4206],[-2.91148,43.42065],[-2.91123,43.42072],[-2.91091,43.42084],[-2.91075,43.42091],[-2.9107,43.42093]]}},{"type":"Feature","properties":{"id":255727152,"highway":"tertiary","ref":"BI-3151","puente":"yes"},"geometry":{"type":"LineString","coordinates":[[-2.9107,43.42093],[-2.91063,43.42094]]}},{"type":"Feature","properties":{"id":255727153,"highway":"tertiary","ref":"BI-3151"},"geometry":{"type":"LineString","coordinates":[[-2.91614,43.41715],[-2.916,43.41726],[-2.91573,43.41752],[-2.91563,43.41763],[-2.91555,43.41776],[-2.91546,43.41792],[-2.9153,43.41827],[-2.91521,43.41844],[-2.91512,43.41856],[-2.91501,43.41864],[-2.91489,43.41872],[-2.91471,43.41884],[-2.91459,43.41894],[-2.9145,43.41904],[-2.91445,43.41914],[-2.91444,43.41924],[-2.91444,43.41938],[-2.91447,43.41957],[-2.91452,43.41994],[-2.91452,43.42002],[-2.91451,43.42012],[-2.91448,43.42021],[-2.91442,43.42028],[-2.91432,43.42036],[-2.91422,43.42041],[-2.91409,43.42046],[-2.91385,43.42052],[-2.91331,43.42063],[-2.91307,43.42067],[-2.91288,43.42068],[-2.9126,43.42066]]}},{"type":"Feature","properties":{"id":255727155,"highway":"tertiary","ref":"BI-3151"},"geometry":{"type":"LineString","coordinates":[[-2.9095,43.42092],[-2.9093,43.42086],[-2.90877,43.42067],[-2.90813,43.42044]]}},{"type":"Feature","properties":{"id":255727156,"highway":"tertiary","ref":"BI-3151"},"geometry":{"type":"LineString","coordinates":[[-2.90813,43.42044],[-2.90748,43.42023],[-2.9065,43.41991],[-2.90623,43.41985]]}},{"type":"Feature","properties":{"id":255727159,"highway":"tertiary","ref":"BI-3151"},"geometry":{"type":"LineString","coordinates":[[-2.91063,43.42094],[-2.91057,43.42096],[-2.91031,43.42102],[-2.91004,43.42102],[-2.90984,43.421],[-2.90962,43.42095],[-2.9095,43.42092]]}},{"type":"Feature","properties":{"id":255727161,"highway":"service"},"geometry":{"type":"LineString","coordinates":[[-2.90163,43.41677],[-2.90168,43.41678],[-2.90178,43.41685],[-2.90193,43.41695],[-2.90196,43.41697],[-2.90197,43.41697],[-2.90198,43.41698],[-2.902,43.41698],[-2.90204,43.41698],[-2.90205,43.41698],[-2.90208,43.41696],[-2.90213,43.41694],[-2.90222,43.41688]]}},{"type":"Feature","properties":{"id":255727162,"highway":"service"},"geometry":{"type":"LineString","coordinates":[[-2.90129,43.41644],[-2.90117,43.41643],[-2.90102,43.41636],[-2.90086,43.41629],[-2.90067,43.41619],[-2.90043,43.41607],[-2.90034,43.41605],[-2.90025,43.41605],[-2.90018,43.41607],[-2.90012,43.41609],[-2.90009,43.41609],[-2.89987,43.41612],[-2.89972,43.41615],[-2.89948,43.41605]]}},{"type":"Feature","properties":{"id":255727163,"highway":"service"},"geometry":{"type":"LineString","coordinates":[[-2.90539,43.41755],[-2.90545,43.41754],[-2.90557,43.41759],[-2.90575,43.41777],[-2.90613,43.41797],[-2.90641,43.41809],[-2.90657,43.41812],[-2.90683,43.41814],[-2.90705,43.41819],[-2.90736,43.41832],[-2.90781,43.41851],[-2.90823,43.41869],[-2.90853,43.41885],[-2.90872,43.41891],[-2.90881,43.41893],[-2.90887,43.41895],[-2.90909,43.41899]]}},{"type":"Feature","properties":{"id":255727164,"highway":"service"},"geometry":{"type":"LineString","coordinates":[[-2.90231,43.41801],[-2.90234,43.41794],[-2.90239,43.41783],[-2.90241,43.41769],[-2.90241,43.41764],[-2.90236,43.41755],[-2.90225,43.41741],[-2.90209,43.41725],[-2.90198,43.41714],[-2.90186,43.41702],[-2.90177,43.41693],[-2.90163,43.41677],[-2.90152,43.41665],[-2.90129,43.41644]]}},{"type":"Feature","properties":{"id":255727166,"highway":"service"},"geometry":{"type":"LineString","coordinates":[[-2.90231,43.41284],[-2.90246,43.4123]]}},{"type":"Feature","properties":{"id":255727167,"highway":"service"},"geometry":{"type":"LineString","coordinates":[[-2.9043,43.42165],[-2.90436,43.42166],[-2.9044,43.42164]]}},{"type":"Feature","properties":{"id":255727168,"highway":"unclassified"},"geometry":{"type":"LineString","coordinates":[[-2.90046,43.41212],[-2.9005,43.41213],[-2.90093,43.41216],[-2.90119,43.41221],[-2.90131,43.41225],[-2.90136,43.41228],[-2.90136,43.41232],[-2.9013,43.41236],[-2.90116,43.41241],[-2.90112,43.41243],[-2.90109,43.41247],[-2.90109,43.41248],[-2.90106,43.41261],[-2.90112,43.41269],[-2.90125,43.41281],[-2.90144,43.41288],[-2.90155,43.41289],[-2.9018,43.4129]]}},{"type":"Feature","properties":{"id":255727169,"highway":"unclassified"},"geometry":{"type":"LineString","coordinates":[[-2.89999,43.4151],[-2.8999,43.41495],[-2.89984,43.41482],[-2.89981,43.41475],[-2.89971,43.41452],[-2.89964,43.41434],[-2.89947,43.41397],[-2.89929,43.41359],[-2.89916,43.4133],[-2.89914,43.41322],[-2.89913,43.41314],[-2.89914,43.41302],[-2.89914,43.41286],[-2.89912,43.41263],[-2.89914,43.41253],[-2.89919,43.41244],[-2.89924,43.41235],[-2.89929,43.41227],[-2.89938,43.41216],[-2.89943,43.4121]]}},{"type":"Feature","properties":{"id":255727170,"highway":"tertiary_link","ref":"BI-3151","oneway":"yes"},"geometry":{"type":"LineString","coordinates":[[-2.90623,43.41985],[-2.90608,43.41978],[-2.90599,43.41974],[-2.90589,43.41974]]}},{"type":"Feature","properties":{"id":255727171,"highway":"service"},"geometry":{"type":"LineString","coordinates":[[-2.90764,43.42043],[-2.90762,43.42048],[-2.90759,43.42053],[-2.90755,43.42058],[-2.90752,43.42062],[-2.90747,43.42068],[-2.90736,43.42081],[-2.90728,43.42091],[-2.90721,43.421],[-2.90714,43.42107],[-2.90709,43.42113],[-2.90704,43.42119],[-2.90702,43.42122],[-2.90701,43.42128],[-2.90699,43.42134],[-2.90699,43.42142],[-2.90697,43.42156],[-2.90696,43.42171],[-2.90695,43.42177],[-2.90695,43.42182],[-2.90695,43.42198],[-2.90695,43.42206],[-2.90696,43.42215],[-2.90698,43.42239],[-2.907,43.42256],[-2.90703,43.42279],[-2.90703,43.42298],[-2.90703,43.42351],[-2.90702,43.42386],[-2.90702,43.42397],[-2.90706,43.42403],[-2.90713,43.42409],[-2.90726,43.42417],[-2.90735,43.42426],[-2.90738,43.42429],[-2.90744,43.42435],[-2.90761,43.42458],[-2.90773,43.42469],[-2.90776,43.42472],[-2.90785,43.4248],[-2.9079,43.42501],[-2.9079,43.42509],[-2.90786,43.42518]]}},{"type":"Feature","properties":{"id":255727172,"highway":"tertiary_link","ref":"BI-3151","oneway":"yes"},"geometry":{"type":"LineString","coordinates":[[-2.90563,43.41997],[-2.90572,43.41996],[-2.90592,43.41989],[-2.90604,43.41987],[-2.90615,43.41986],[-2.90623,43.41985]]}},{"type":"Feature","properties":{"id":255727173,"highway":"tertiary_link","ref":"BI-3151","oneway":"yes"},"geometry":{"type":"LineString","coordinates":[[-2.90589,43.41974],[-2.90592,43.41979],[-2.90597,43.41982],[-2.90606,43.41984],[-2.90613,43.41984],[-2.90623,43.41985]]}},{"type":"Feature","properties":{"id":255727174,"highway":"service"},"geometry":{"type":"LineString","coordinates":[[-2.90764,43.42043],[-2.90745,43.42046],[-2.90733,43.4205],[-2.90719,43.42058],[-2.90708,43.42063],[-2.90701,43.42065]]}},{"type":"Feature","properties":{"id":255727175,"highway":"service"},"geometry":{"type":"LineString","coordinates":[[-2.90813,43.42044],[-2.90802,43.42044],[-2.90795,43.42044],[-2.90778,43.42043],[-2.9077,43.42043],[-2.90764,43.42043]]}},{"type":"Feature","properties":{"id":255727176,"highway":"service"},"geometry":{"type":"LineString","coordinates":[[-2.90129,43.41644],[-2.90105,43.41616],[-2.90095,43.41606],[-2.90067,43.41579],[-2.90028,43.41536],[-2.90004,43.41515],[-2.89999,43.4151]]}},{"type":"Feature","properties":{"id":255727177,"highway":"unclassified"},"geometry":{"type":"LineString","coordinates":[[-2.89943,43.4121],[-2.89961,43.41209],[-2.89967,43.41209],[-2.89979,43.41209],[-2.90002,43.41209],[-2.90033,43.41211],[-2.9004,43.41212]]}},{"type":"Feature","properties":{"id":255727178,"highway":"residential"},"geometry":{"type":"LineString","coordinates":[[-2.90274,43.41422],[-2.90286,43.41423],[-2.90293,43.41421],[-2.90297,43.41419],[-2.90302,43.41417],[-2.90309,43.41412],[-2.90315,43.41407],[-2.9032,43.41404]]}},{"type":"Feature","properties":{"id":255727180,"highway":"tertiary_link","ref":"BI-3151","oneway":"yes"},"geometry":{"type":"LineString","coordinates":[[-2.90623,43.41985],[-2.9062,43.41981],[-2.90613,43.41977],[-2.90608,43.41973],[-2.90606,43.41972],[-2.90604,43.41969],[-2.90604,43.41963],[-2.90604,43.41957]]}},{"type":"Feature","properties":{"id":255727181,"highway":"service"},"geometry":{"type":"LineString","coordinates":[[-2.89999,43.4151],[-2.89997,43.41515],[-2.90003,43.41534],[-2.90003,43.41543],[-2.89999,43.41548],[-2.89988,43.41552],[-2.89959,43.41557],[-2.89932,43.4156],[-2.89922,43.41561]]}},{"type":"Feature","properties":{"id":255727182,"highway":"residential"},"geometry":{"type":"LineString","coordinates":[[-2.90231,43.41358],[-2.90224,43.41362],[-2.90219,43.41367],[-2.90218,43.4137],[-2.9022,43.41375],[-2.90221,43.4138],[-2.90222,43.41383],[-2.90222,43.41387],[-2.9022,43.41389]]}},{"type":"Feature","properties":{"id":255727183,"highway":"service"},"geometry":{"type":"LineString","coordinates":[[-2.90494,43.42082],[-2.90485,43.42084],[-2.90474,43.4209],[-2.9046,43.42094],[-2.9045,43.4209],[-2.90444,43.42082],[-2.90438,43.42073],[-2.90434,43.42064],[-2.90428,43.42046]]}},{"type":"Feature","properties":{"id":261085472,"highway":"footway"},"geometry":{"type":"LineString","coordinates":[[-2.8964,43.43392],[-2.89629,43.43378],[-2.89617,43.43361],[-2.89613,43.43351],[-2.8961,43.43348],[-2.89596,43.43343],[-2.8958,43.43338],[-2.8956,43.4333],[-2.89552,43.43325],[-2.89543,43.43318],[-2.89539,43.43313],[-2.89538,43.43305],[-2.89537,43.43299],[-2.89535,43.43293],[-2.8953,43.43289],[-2.89521,43.43285],[-2.89514,43.43285],[-2.89504,43.43284],[-2.89495,43.43285],[-2.89487,43.43286],[-2.89484,43.43283],[-2.89482,43.4328],[-2.89483,43.43272],[-2.89484,43.43264],[-2.89488,43.43255],[-2.89494,43.43248],[-2.89499,43.43242],[-2.89504,43.43238],[-2.89513,43.43234],[-2.89517,43.43232]]}},{"type":"Feature","properties":{"id":338392497,"highway":"footway","superficie":"unpaved"},"geometry":{"type":"LineString","coordinates":[[-2.86442,43.41475],[-2.86463,43.41475]]}},{"type":"Feature","properties":{"id":338392508,"highway":"track"},"geometry":{"type":"LineString","coordinates":[[-2.87975,43.41395],[-2.87989,43.41396],[-2.88003,43.41396],[-2.88021,43.41397],[-2.88042,43.41397],[-2.88067,43.41398],[-2.88081,43.41399],[-2.88091,43.41401],[-2.88105,43.41409],[-2.88117,43.41414],[-2.88139,43.41424],[-2.88154,43.41435],[-2.88169,43.41446],[-2.88189,43.41463],[-2.88196,43.41469],[-2.88205,43.41475],[-2.88215,43.41481],[-2.88226,43.41485],[-2.88238,43.41486],[-2.88243,43.41483],[-2.88246,43.41479],[-2.88248,43.41469],[-2.8825,43.41465],[-2.88252,43.41462]]}},{"type":"Feature","properties":{"id":341154412,"highway":"residential","nombre":"Portugane kalea","izena_eu":"Portugane kalea","nombre_es":"Calle Portugane"},"geometry":{"type":"LineString","coordinates":[[-2.89795,43.43193],[-2.89804,43.4319],[-2.89813,43.43187],[-2.89819,43.43182],[-2.89831,43.43163],[-2.89839,43.43151],[-2.89847,43.4314],[-2.89855,43.43131],[-2.8986,43.43128],[-2.89869,43.43127],[-2.89883,43.43126]]}},{"type":"Feature","properties":{"id":341154413,"highway":"residential","nombre":"Portugane kalea","izena_eu":"Portugane kalea","nombre_es":"Calle Portugane"},"geometry":{"type":"LineString","coordinates":[[-2.89819,43.43182],[-2.8984,43.4319],[-2.89857,43.43157],[-2.89864,43.43147],[-2.89869,43.43145],[-2.89878,43.43144],[-2.89888,43.43142]]}},{"type":"Feature","properties":{"id":341154414,"highway":"residential","nombre":"Portugane kalea","izena_eu":"Portugane kalea","nombre_es":"Calle Portugane"},"geometry":{"type":"LineString","coordinates":[[-2.89857,43.43157],[-2.89839,43.43151]]}},{"type":"Feature","properties":{"id":341154415,"highway":"residential","nombre":"Portugane kalea","izena_eu":"Portugane kalea","nombre_es":"Calle Portugane","oneway":"yes"},"geometry":{"type":"LineString","coordinates":[[-2.89786,43.43201],[-2.89789,43.43203],[-2.89799,43.43213],[-2.89802,43.43213],[-2.89805,43.43212],[-2.89835,43.43197],[-2.8984,43.4319]]}},{"type":"Feature","properties":{"id":341154416,"highway":"living_street","oneway":"yes","superficie":"asphalt"},"geometry":{"type":"LineString","coordinates":[[-2.89646,43.43225],[-2.89636,43.43221],[-2.896,43.43205]]}},{"type":"Feature","properties":{"id":341154417,"highway":"living_street","oneway":"no"},"geometry":{"type":"LineString","coordinates":[[-2.89721,43.43279],[-2.89705,43.43312]]}},{"type":"Feature","properties":{"id":346468291,"highway":"service"},"geometry":{"type":"LineString","coordinates":[[-2.90736,43.40216],[-2.9077,43.40229]]}},{"type":"Feature","properties":{"id":346468292,"highway":"track"},"geometry":{"type":"LineString","coordinates":[[-2.90946,43.40307],[-2.90948,43.40318],[-2.90946,43.40336],[-2.90943,43.40357],[-2.90943,43.40365],[-2.90948,43.40377],[-2.9096,43.40382],[-2.90986,43.40389],[-2.91006,43.40394],[-2.91023,43.40396],[-2.91041,43.40398],[-2.9106,43.40397],[-2.91081,43.40394],[-2.91096,43.40391],[-2.91113,43.40395],[-2.91137,43.40405],[-2.91148,43.40408],[-2.91172,43.40418],[-2.91202,43.4043],[-2.91221,43.4044],[-2.91242,43.40447],[-2.91248,43.40449]]}},{"type":"Feature","properties":{"id":346469549,"highway":"service"},"geometry":{"type":"LineString","coordinates":[[-2.91141,43.41574],[-2.91096,43.41661],[-2.91097,43.41664],[-2.91097,43.41666],[-2.91101,43.41668],[-2.9112,43.41671],[-2.9117,43.41671],[-2.91241,43.41672],[-2.91298,43.41669],[-2.91318,43.41667],[-2.91344,43.4166]]}},{"type":"Feature","properties":{"id":346469550,"highway":"track"},"geometry":{"type":"LineString","coordinates":[[-2.91097,43.41666],[-2.91083,43.4169],[-2.9107,43.41719],[-2.91067,43.41747],[-2.91066,43.41769],[-2.91066,43.41792],[-2.9107,43.418],[-2.91082,43.41802],[-2.91186,43.41785]]}},{"type":"Feature","properties":{"id":346469551,"highway":"track"},"geometry":{"type":"LineString","coordinates":[[-2.9095,43.42092],[-2.90944,43.42103],[-2.90939,43.42117],[-2.90945,43.42131],[-2.90959,43.42152],[-2.90972,43.42174],[-2.90989,43.42195],[-2.91003,43.42215],[-2.91009,43.42235],[-2.91013,43.42249],[-2.91022,43.42272],[-2.91028,43.42281],[-2.9104,43.4229],[-2.91047,43.42296],[-2.91046,43.42303],[-2.91041,43.42314],[-2.91035,43.42342],[-2.91028,43.42388],[-2.91028,43.424],[-2.91026,43.42407],[-2.91004,43.42432],[-2.91001,43.4244],[-2.91001,43.4246],[-2.91007,43.42466]]}},{"type":"Feature","properties":{"id":347192921,"highway":"path"},"geometry":{"type":"LineString","coordinates":[[-2.90337,43.39432],[-2.90317,43.39416],[-2.90291,43.39395],[-2.90266,43.3938],[-2.90224,43.39351],[-2.90194,43.39332],[-2.90155,43.39301],[-2.90082,43.39259],[-2.90028,43.3922],[-2.8998,43.39187],[-2.89964,43.39178]]}},{"type":"Feature","properties":{"id":347192925,"highway":"track"},"geometry":{"type":"MultiLineString","coordinates":[[[-2.90208,43.38705],[-2.90241,43.38703],[-2.90308,43.38702],[-2.90315,43.38702],[-2.90341,43.38703],[-2.90378,43.38703]],[[-2.90378,43.38703],[-2.90425,43.38699],[-2.90488,43.38699],[-2.90531,43.38697],[-2.9058,43.38694],[-2.90624,43.3869],[-2.90651,43.38692],[-2.90685,43.38694],[-2.90721,43.38695],[-2.90757,43.38696],[-2.90799,43.38698],[-2.90817,43.38698],[-2.90839,43.38702],[-2.90852,43.38717],[-2.90854,43.38724],[-2.90844,43.38734],[-2.90838,43.38738],[-2.9082,43.3874],[-2.90796,43.3874],[-2.90769,43.38739],[-2.90745,43.38738],[-2.90718,43.38735],[-2.90683,43.38731],[-2.90644,43.38726],[-2.90616,43.38723],[-2.9059,43.38722],[-2.90566,43.38725],[-2.90551,43.38727],[-2.90542,43.38735],[-2.90543,43.38747],[-2.90558,43.38771],[-2.9057,43.38789],[-2.90576,43.38798],[-2.90571,43.38796],[-2.90559,43.3879],[-2.90515,43.38764],[-2.90483,43.38747],[-2.90457,43.38733],[-2.90428,43.38722],[-2.90387,43.3871],[-2.90378,43.38703]]]}},{"type":"Feature","properties":{"id":347192928,"highway":"track"},"geometry":{"type":"LineString","coordinates":[[-2.90315,43.38702],[-2.90315,43.38708],[-2.90314,43.38715],[-2.9031,43.38723],[-2.90303,43.38729],[-2.903,43.38732],[-2.90291,43.38737],[-2.90271,43.38743],[-2.9026,43.38748],[-2.90251,43.38755],[-2.90241,43.38763],[-2.90237,43.38767],[-2.90229,43.38772]]}},{"type":"Feature","properties":{"id":347192930,"highway":"track"},"geometry":{"type":"LineString","coordinates":[[-2.903,43.38732],[-2.90306,43.38733],[-2.90322,43.38736],[-2.90343,43.38743],[-2.90353,43.38748],[-2.90413,43.3879],[-2.9052,43.38847],[-2.90567,43.38873],[-2.90627,43.38904],[-2.90656,43.38909],[-2.90635,43.38897],[-2.90613,43.3887],[-2.90612,43.38848],[-2.90599,43.38825],[-2.90585,43.3881],[-2.90571,43.38796]]}},{"type":"Feature","properties":{"id":347195026,"highway":"service"},"geometry":{"type":"LineString","coordinates":[[-2.91758,43.39067],[-2.91752,43.39054],[-2.91751,43.3904],[-2.91755,43.39024],[-2.91762,43.39005],[-2.91763,43.38994],[-2.91765,43.38981],[-2.91767,43.38963],[-2.91778,43.38942],[-2.9179,43.38915],[-2.91801,43.38897],[-2.91806,43.38885],[-2.91816,43.38868],[-2.91823,43.38858],[-2.91832,43.38847]]}},{"type":"Feature","properties":{"id":347195033,"highway":"unclassified","superficie":"sand"},"geometry":{"type":"LineString","coordinates":[[-2.91832,43.38847],[-2.91834,43.38846]]}},{"type":"Feature","properties":{"id":355474533,"highway":"path"},"geometry":{"type":"LineString","coordinates":[[-2.91594,43.4047],[-2.91574,43.40461],[-2.91552,43.40455],[-2.91509,43.40442],[-2.91483,43.40431],[-2.91451,43.40417],[-2.91425,43.40407],[-2.91419,43.40404]]}},{"type":"Feature","properties":{"id":355474541,"highway":"track"},"geometry":{"type":"LineString","coordinates":[[-2.91706,43.40526],[-2.91704,43.40532],[-2.91701,43.40539],[-2.91696,43.40546],[-2.91686,43.40559],[-2.91679,43.40563]]}},{"type":"Feature","properties":{"id":355475377,"highway":"unclassified"},"geometry":{"type":"LineString","coordinates":[[-2.91451,43.42012],[-2.91464,43.42018],[-2.91471,43.42029],[-2.91466,43.42056],[-2.91469,43.42064],[-2.91474,43.42069],[-2.91481,43.42073],[-2.91497,43.4208],[-2.91511,43.42089],[-2.91521,43.42093],[-2.91536,43.42099],[-2.91547,43.42101],[-2.91559,43.42103],[-2.91574,43.42103],[-2.91585,43.42102],[-2.91593,43.42099],[-2.91597,43.42094],[-2.916,43.4209]]}},{"type":"Feature","properties":{"id":355480685,"highway":"path"},"geometry":{"type":"LineString","coordinates":[[-2.91762,43.39245],[-2.91747,43.39261],[-2.91727,43.3928],[-2.91709,43.39286],[-2.91677,43.39291],[-2.91657,43.39291],[-2.91634,43.3929],[-2.91614,43.39294],[-2.91598,43.39299],[-2.91589,43.39307],[-2.91578,43.39318],[-2.91567,43.39324],[-2.91545,43.39328],[-2.91515,43.3933],[-2.91482,43.39329],[-2.91451,43.39326],[-2.91434,43.39326],[-2.91412,43.39328],[-2.914,43.39331],[-2.91386,43.39329],[-2.91368,43.39327],[-2.91351,43.39324],[-2.9133,43.39317],[-2.91301,43.39314],[-2.91276,43.39312],[-2.91256,43.39307],[-2.91233,43.39304],[-2.91209,43.39304],[-2.91191,43.39301]]}},{"type":"Feature","properties":{"id":355480686,"highway":"track"},"geometry":{"type":"LineString","coordinates":[[-2.91191,43.39301],[-2.91192,43.3931],[-2.912,43.39322],[-2.91212,43.39339],[-2.91215,43.39354],[-2.9121,43.39363],[-2.91196,43.3937],[-2.91187,43.39377],[-2.91185,43.39388],[-2.91184,43.39401]]}},{"type":"Feature","properties":{"id":355480688,"highway":"track"},"geometry":{"type":"LineString","coordinates":[[-2.91191,43.39301],[-2.9118,43.39295],[-2.9118,43.39286],[-2.91192,43.3928],[-2.91225,43.39274],[-2.91251,43.39268],[-2.91282,43.39258],[-2.91301,43.39256],[-2.91327,43.3925],[-2.91338,43.39248],[-2.91347,43.39244],[-2.91344,43.39236],[-2.91333,43.39229],[-2.91312,43.39226],[-2.91293,43.39222],[-2.91272,43.39221],[-2.9125,43.39216],[-2.91222,43.39209],[-2.91197,43.39203],[-2.91177,43.39199],[-2.91155,43.39192],[-2.91132,43.39178],[-2.9113,43.39175],[-2.91078,43.39173],[-2.91024,43.39171],[-2.90969,43.39176],[-2.90955,43.39183]]}},{"type":"Feature","properties":{"id":355486609,"highway":"path"},"geometry":{"type":"LineString","coordinates":[[-2.91271,43.43481],[-2.91289,43.43505],[-2.91308,43.43526],[-2.91333,43.43541],[-2.91359,43.4355],[-2.91383,43.43555],[-2.91452,43.43573],[-2.91514,43.43588],[-2.91568,43.436],[-2.91592,43.43603],[-2.91612,43.43607],[-2.91626,43.43611],[-2.91638,43.4362],[-2.91656,43.4363],[-2.91679,43.43638],[-2.91691,43.43641],[-2.91713,43.43641],[-2.9174,43.4364],[-2.91767,43.4364],[-2.91793,43.43641],[-2.91824,43.43639],[-2.91863,43.43638],[-2.91891,43.43634],[-2.91911,43.43627],[-2.91938,43.43614],[-2.91954,43.43597],[-2.91959,43.43583],[-2.91978,43.43568],[-2.9201,43.43556],[-2.92036,43.43545],[-2.92043,43.43542]]}},{"type":"Feature","properties":{"id":355490492,"highway":"path"},"geometry":{"type":"LineString","coordinates":[[-2.9208,43.43525],[-2.92082,43.43533],[-2.92081,43.43536],[-2.9205,43.43549],[-2.92037,43.43554],[-2.92021,43.43565],[-2.92013,43.4357],[-2.92002,43.43575],[-2.91991,43.43584],[-2.91981,43.43595],[-2.91974,43.43614],[-2.91959,43.43627],[-2.91953,43.43635],[-2.91945,43.43648],[-2.91935,43.4366],[-2.91931,43.4367],[-2.91927,43.43672],[-2.91921,43.43677],[-2.91911,43.43685],[-2.91902,43.43691],[-2.91894,43.43693],[-2.91885,43.43694],[-2.91877,43.43694],[-2.91875,43.43698],[-2.91859,43.43698],[-2.91851,43.43693]]}},{"type":"Feature","properties":{"id":355490493,"highway":"path"},"geometry":{"type":"LineString","coordinates":[[-2.9205,43.43549],[-2.92043,43.43542]]}},{"type":"Feature","properties":{"id":358703248,"highway":"residential","nombre":"Andraka auzoa","izena_eu":"Andraka auzoa","nombre_es":"Barrio Andraka","oneway":"yes"},"geometry":{"type":"LineString","coordinates":[[-2.9082,43.39831],[-2.90812,43.39841],[-2.90805,43.39853],[-2.90801,43.39857],[-2.90797,43.39859],[-2.90794,43.39861],[-2.90789,43.39862],[-2.90785,43.39862],[-2.90779,43.39862],[-2.90769,43.39859]]}},{"type":"Feature","properties":{"id":375077209,"highway":"track"},"geometry":{"type":"LineString","coordinates":[[-2.87728,43.42539],[-2.87745,43.4254],[-2.87768,43.42537],[-2.87791,43.42539],[-2.87823,43.42534],[-2.87849,43.42535],[-2.8787,43.42543]]}},{"type":"Feature","properties":{"id":375079753,"highway":"service"},"geometry":{"type":"LineString","coordinates":[[-2.90148,43.39831],[-2.90203,43.39847]]}},{"type":"Feature","properties":{"id":375079754,"highway":"track"},"geometry":{"type":"LineString","coordinates":[[-2.90145,43.39853],[-2.90142,43.39862],[-2.90135,43.39879],[-2.90134,43.39895],[-2.90144,43.39913],[-2.90151,43.39928]]}},{"type":"Feature","properties":{"id":375079755,"highway":"track"},"geometry":{"type":"LineString","coordinates":[[-2.90191,43.39644],[-2.90173,43.39641],[-2.90146,43.39633],[-2.90109,43.39622],[-2.90086,43.39616],[-2.90049,43.39607],[-2.90018,43.39599],[-2.89979,43.39586],[-2.89945,43.39576],[-2.89912,43.39568],[-2.89899,43.39567],[-2.8989,43.39569],[-2.89878,43.39571],[-2.89863,43.39571],[-2.89853,43.39571],[-2.89842,43.39574],[-2.89825,43.39575],[-2.89805,43.39577],[-2.89789,43.39577],[-2.89772,43.39577],[-2.89763,43.39573],[-2.89754,43.39567],[-2.89747,43.39557],[-2.89743,43.39551],[-2.89741,43.39544],[-2.8974,43.39538],[-2.89744,43.3953],[-2.89753,43.39513]]}},{"type":"Feature","properties":{"id":375079756,"highway":"track"},"geometry":{"type":"LineString","coordinates":[[-2.89693,43.39419],[-2.89685,43.39432],[-2.8968,43.3944],[-2.89673,43.39441],[-2.89665,43.39439],[-2.8966,43.3943]]}},{"type":"Feature","properties":{"id":375079759,"highway":"track"},"geometry":{"type":"LineString","coordinates":[[-2.89799,43.39975],[-2.89776,43.39968],[-2.89735,43.39954],[-2.89693,43.39935],[-2.89654,43.39918],[-2.8961,43.39899],[-2.89603,43.39896],[-2.896,43.39854],[-2.89593,43.39805],[-2.89584,43.39778],[-2.89575,43.39771],[-2.89557,43.39751],[-2.89555,43.39735],[-2.89547,43.39705],[-2.89536,43.39681],[-2.89529,43.39655],[-2.89526,43.39644]]}},{"type":"Feature","properties":{"id":375079760,"highway":"track"},"geometry":{"type":"LineString","coordinates":[[-2.90055,43.39689],[-2.90057,43.39701],[-2.90057,43.39732],[-2.90054,43.39745],[-2.90051,43.39753],[-2.9004,43.39764],[-2.90034,43.3977],[-2.9003,43.39777],[-2.90021,43.398],[-2.90014,43.3981],[-2.90007,43.39823],[-2.89997,43.39849],[-2.89975,43.39862],[-2.89964,43.39864],[-2.89912,43.39863],[-2.89859,43.39868],[-2.89811,43.39869],[-2.89781,43.3987],[-2.89738,43.39874],[-2.89698,43.39877],[-2.89667,43.39882],[-2.89603,43.39896]]}},{"type":"Feature","properties":{"id":375080758,"highway":"track"},"geometry":{"type":"LineString","coordinates":[[-2.89283,43.4019],[-2.89273,43.40182],[-2.89268,43.40179],[-2.89258,43.40178],[-2.89248,43.40176],[-2.89236,43.40172],[-2.89225,43.40167]]}},{"type":"Feature","properties":{"id":378045105,"highway":"residential","nombre":"Portugane kalea","izena_eu":"Portugane kalea","nombre_es":"Calle Portugane"},"geometry":{"type":"LineString","coordinates":[[-2.89883,43.43126],[-2.89888,43.43126],[-2.89892,43.43127],[-2.89911,43.4313],[-2.89928,43.43135]]}},{"type":"Feature","properties":{"id":378045118,"highway":"residential","nombre":"Erbera kalea","izena_eu":"Erbera kalea","nombre_es":"Calle Erbera"},"geometry":{"type":"LineString","coordinates":[[-2.89541,43.43161],[-2.89537,43.43157],[-2.89534,43.43154],[-2.89522,43.4314],[-2.89525,43.43128],[-2.89528,43.43114],[-2.89532,43.43109],[-2.89539,43.43099],[-2.89558,43.43067]]}},{"type":"Feature","properties":{"id":378045121,"highway":"residential","nombre":"Erbera kalea","izena_eu":"Erbera kalea","nombre_es":"Calle Erbera","oneway":"yes"},"geometry":{"type":"LineString","coordinates":[[-2.89491,43.43183],[-2.89488,43.43179],[-2.89487,43.43173],[-2.89487,43.43171],[-2.89489,43.43169],[-2.8949,43.43167],[-2.89494,43.43166],[-2.89513,43.43161],[-2.89522,43.43158],[-2.89529,43.43157],[-2.89537,43.43157]]}},{"type":"Feature","properties":{"id":378045123,"highway":"service","superficie":"asphalt"},"geometry":{"type":"LineString","coordinates":[[-2.8914,43.4326],[-2.89131,43.43254],[-2.89121,43.43251],[-2.89111,43.43248],[-2.89097,43.43245],[-2.89093,43.43244]]}},{"type":"Feature","properties":{"id":378045141,"highway":"residential","nombre":"Portugane kalea","izena_eu":"Portugane kalea","nombre_es":"Calle Portugane"},"geometry":{"type":"LineString","coordinates":[[-2.89869,43.43127],[-2.89875,43.43117],[-2.89886,43.43104],[-2.89893,43.43095],[-2.89899,43.43085],[-2.89905,43.43075],[-2.8991,43.43068],[-2.89916,43.4306],[-2.89928,43.43048],[-2.89939,43.43043],[-2.89947,43.43042],[-2.89953,43.43046],[-2.89956,43.43053],[-2.89963,43.43077],[-2.89967,43.43083],[-2.89971,43.43086],[-2.89979,43.43089],[-2.89992,43.43092],[-2.90011,43.43094],[-2.90024,43.43094],[-2.90029,43.4309],[-2.90031,43.43086],[-2.90033,43.43083],[-2.90035,43.43079],[-2.90035,43.43065],[-2.90035,43.43059]]}},{"type":"Feature","properties":{"id":378045143,"highway":"service","nombre":"Portugane kalea","izena_eu":"Portugane kalea","nombre_es":"Calle Portugane"},"geometry":{"type":"LineString","coordinates":[[-2.90033,43.43083],[-2.90028,43.43081],[-2.90023,43.43079],[-2.90016,43.43079]]}},{"type":"Feature","properties":{"id":378045145,"highway":"residential","nombre":"Portugane kalea","izena_eu":"Portugane kalea","nombre_es":"Calle Portugane"},"geometry":{"type":"LineString","coordinates":[[-2.89947,43.43042],[-2.89949,43.43032],[-2.8995,43.43021],[-2.89955,43.43011],[-2.89963,43.43005],[-2.89971,43.43001],[-2.8998,43.43001],[-2.89991,43.43001],[-2.90004,43.43],[-2.90014,43.42996],[-2.90024,43.42989],[-2.90032,43.42988],[-2.90037,43.42991],[-2.90037,43.42995],[-2.90033,43.43008],[-2.90029,43.43024],[-2.9003,43.43037],[-2.90032,43.4305],[-2.90035,43.43059]]}},{"type":"Feature","properties":{"id":378045159,"highway":"service"},"geometry":{"type":"LineString","coordinates":[[-2.89378,43.43084],[-2.89365,43.43083],[-2.89359,43.43082]]}},{"type":"Feature","properties":{"id":378045162,"highway":"pedestrian"},"geometry":{"type":"LineString","coordinates":[[-2.89615,43.43188],[-2.89609,43.43181],[-2.89605,43.43175],[-2.89603,43.4317],[-2.89601,43.43166],[-2.89599,43.43163],[-2.89592,43.43153],[-2.89587,43.43146],[-2.89586,43.43144],[-2.89584,43.43142]]}},{"type":"Feature","properties":{"id":378045164,"highway":"footway","nombre":"Sabinito aldapa","oneway":"no","superficie":"paving_stones"},"geometry":{"type":"LineString","coordinates":[[-2.89657,43.4319],[-2.89656,43.43194],[-2.89655,43.43196],[-2.89652,43.43208],[-2.89646,43.43225]]}},{"type":"Feature","properties":{"id":378045165,"highway":"living_street","nombre":"Elizondo kalea","oneway":"yes","superficie":"paving_stones"},"geometry":{"type":"LineString","coordinates":[[-2.896,43.43205],[-2.89596,43.43201],[-2.89593,43.43198],[-2.89592,43.43197],[-2.89592,43.43195],[-2.89592,43.43194],[-2.89592,43.43193],[-2.89592,43.43188]]}},{"type":"Feature","properties":{"id":378045166,"highway":"residential","nombre":"Portugane kalea","izena_eu":"Portugane kalea","nombre_es":"Calle Portugane"},"geometry":{"type":"LineString","coordinates":[[-2.89888,43.43142],[-2.89889,43.4314],[-2.89888,43.43134],[-2.89888,43.43126]]}},{"type":"Feature","properties":{"id":386197234,"highway":"track"},"geometry":{"type":"LineString","coordinates":[[-2.87987,43.41339],[-2.87989,43.41347],[-2.87992,43.41353],[-2.87996,43.41359]]}},{"type":"Feature","properties":{"id":432547050,"highway":"track"},"geometry":{"type":"MultiLineString","coordinates":[[[-2.87901,43.414],[-2.87893,43.414],[-2.87869,43.414],[-2.87824,43.41389],[-2.87805,43.4138]],[[-2.87684,43.41379],[-2.87675,43.41381],[-2.87667,43.41381],[-2.87658,43.41376],[-2.87652,43.41369]]]}},{"type":"Feature","properties":{"id":432547052,"highway":"track"},"geometry":{"type":"LineString","coordinates":[[-2.87885,43.41366],[-2.87897,43.41362],[-2.87904,43.4136],[-2.87905,43.41359],[-2.87916,43.41357],[-2.8792,43.41354],[-2.87921,43.4135]]}},{"type":"Feature","properties":{"id":432547053,"highway":"track"},"geometry":{"type":"LineString","coordinates":[[-2.87904,43.4136],[-2.879,43.41355]]}},{"type":"Feature","properties":{"id":432547054,"highway":"track"},"geometry":{"type":"LineString","coordinates":[[-2.87996,43.41359],[-2.88012,43.41367],[-2.88028,43.4138],[-2.88044,43.41389],[-2.88054,43.41393],[-2.88062,43.41394],[-2.8807,43.41392],[-2.88075,43.41387],[-2.88082,43.41372],[-2.88098,43.41358],[-2.8811,43.41343],[-2.88113,43.41336],[-2.88119,43.41334],[-2.88123,43.41335],[-2.88124,43.41344],[-2.88124,43.41367],[-2.88127,43.41376],[-2.88133,43.41386]]}},{"type":"Feature","properties":{"id":432547055,"highway":"track"},"geometry":{"type":"LineString","coordinates":[[-2.88303,43.41505],[-2.88339,43.41512],[-2.88371,43.41515],[-2.88416,43.41523],[-2.88425,43.41525],[-2.88435,43.41524],[-2.88448,43.41522]]}},{"type":"Feature","properties":{"id":432547056,"highway":"track"},"geometry":{"type":"LineString","coordinates":[[-2.88504,43.4166],[-2.88564,43.41631],[-2.8863,43.41598],[-2.88734,43.41547],[-2.88826,43.41503],[-2.88848,43.41492],[-2.88938,43.41448],[-2.8906,43.41388],[-2.89137,43.41351],[-2.89163,43.4134]]}},{"type":"Feature","properties":{"id":432547057,"highway":"track"},"geometry":{"type":"LineString","coordinates":[[-2.89181,43.42275],[-2.89208,43.42261],[-2.8923,43.42224],[-2.89245,43.42207],[-2.89249,43.42203],[-2.89275,43.4217],[-2.89283,43.42157],[-2.89289,43.42149],[-2.89299,43.4214]]}},{"type":"Feature","properties":{"id":432547058,"highway":"track"},"geometry":{"type":"LineString","coordinates":[[-2.89249,43.42203],[-2.89284,43.4218],[-2.89315,43.42161],[-2.89342,43.4215]]}},{"type":"Feature","properties":{"id":432547059,"highway":"track"},"geometry":{"type":"LineString","coordinates":[[-2.89158,43.42287],[-2.89133,43.42299],[-2.89133,43.42302],[-2.89134,43.42307],[-2.89139,43.42315],[-2.89146,43.42321],[-2.89169,43.42336],[-2.8919,43.42347],[-2.89196,43.42354],[-2.89199,43.42365],[-2.89215,43.42358],[-2.89242,43.42346]]}},{"type":"Feature","properties":{"id":432547060,"highway":"track"},"geometry":{"type":"LineString","coordinates":[[-2.89133,43.42299],[-2.89109,43.42313],[-2.89097,43.42319],[-2.89069,43.42322],[-2.89038,43.42326],[-2.89016,43.42321]]}},{"type":"Feature","properties":{"id":432547061,"highway":"track"},"geometry":{"type":"LineString","coordinates":[[-2.89267,43.42511],[-2.89267,43.42521],[-2.89268,43.4253],[-2.89271,43.42542]]}},{"type":"Feature","properties":{"id":432547062,"highway":"track"},"geometry":{"type":"LineString","coordinates":[[-2.89193,43.42494],[-2.89188,43.42477],[-2.89179,43.42465],[-2.89171,43.42458],[-2.89143,43.42446],[-2.89109,43.42432],[-2.89065,43.42418]]}},{"type":"Feature","properties":{"id":432547063,"highway":"track"},"geometry":{"type":"LineString","coordinates":[[-2.89188,43.42477],[-2.89187,43.42461],[-2.8918,43.42435],[-2.8918,43.42421],[-2.89183,43.42408],[-2.89196,43.42384],[-2.892,43.42369],[-2.89199,43.42365]]}},{"type":"Feature","properties":{"id":432547064,"highway":"track"},"geometry":{"type":"LineString","coordinates":[[-2.89199,43.42365],[-2.89189,43.42367],[-2.89178,43.42369],[-2.89154,43.42385],[-2.89101,43.42394]]}},{"type":"Feature","properties":{"id":432547065,"highway":"service","superficie":"asphalt"},"geometry":{"type":"LineString","coordinates":[[-2.89385,43.43168],[-2.89387,43.43167],[-2.8939,43.43165],[-2.8942,43.4313]]}},{"type":"Feature","properties":{"id":432547066,"highway":"footway","superficie":"paving_stones"},"geometry":{"type":"LineString","coordinates":[[-2.89385,43.43168],[-2.89389,43.43172],[-2.89393,43.43174],[-2.89397,43.43175],[-2.89399,43.43176],[-2.89401,43.43177],[-2.89404,43.4318]]}},{"type":"Feature","properties":{"id":432547067,"highway":"track"},"geometry":{"type":"LineString","coordinates":[[-2.90441,43.43352],[-2.90456,43.43359],[-2.90506,43.43368],[-2.90561,43.43383],[-2.90592,43.43385],[-2.90636,43.43385],[-2.90663,43.43389],[-2.90717,43.43382],[-2.90742,43.43379],[-2.90765,43.43378],[-2.90781,43.4338]]}},{"type":"Feature","properties":{"id":432547068,"highway":"track"},"geometry":{"type":"LineString","coordinates":[[-2.9091,43.43498],[-2.90934,43.435],[-2.90946,43.435],[-2.90954,43.43496],[-2.90972,43.43485],[-2.90978,43.43476],[-2.90992,43.43429],[-2.91005,43.43414],[-2.91018,43.43407],[-2.91031,43.43403]]}},{"type":"Feature","properties":{"id":432547069,"highway":"track"},"geometry":{"type":"LineString","coordinates":[[-2.90898,43.43501],[-2.90878,43.4349],[-2.90865,43.43479],[-2.90856,43.43468],[-2.90849,43.43458],[-2.90842,43.43438],[-2.90835,43.43425],[-2.9083,43.43422],[-2.90823,43.43419],[-2.90787,43.43415],[-2.90753,43.43423],[-2.90735,43.43424],[-2.90695,43.43431],[-2.9066,43.43449],[-2.90647,43.43452],[-2.90636,43.43453],[-2.9062,43.43451],[-2.90611,43.43452],[-2.906,43.43458],[-2.9059,43.43462],[-2.90577,43.43465],[-2.90554,43.43468],[-2.9053,43.43476],[-2.9052,43.43478],[-2.90513,43.43477],[-2.90491,43.43473],[-2.90481,43.43472],[-2.90469,43.43474],[-2.9045,43.43479],[-2.90431,43.43481]]}},{"type":"Feature","properties":{"id":432547070,"highway":"track"},"geometry":{"type":"LineString","coordinates":[[-2.90878,43.4349],[-2.90867,43.43494],[-2.90851,43.43506],[-2.90844,43.43513],[-2.90822,43.4352],[-2.90812,43.43528],[-2.90791,43.43543],[-2.90772,43.43555]]}},{"type":"Feature","properties":{"id":432547071,"highway":"track"},"geometry":{"type":"LineString","coordinates":[[-2.91002,43.43546],[-2.9101,43.43537],[-2.91036,43.43515],[-2.91115,43.43465],[-2.91134,43.43451],[-2.91146,43.4344],[-2.91165,43.4343],[-2.91211,43.43429],[-2.91298,43.43441],[-2.91369,43.43467],[-2.91425,43.43482],[-2.91459,43.43493],[-2.91489,43.43495]]}},{"type":"Feature","properties":{"id":432547072,"highway":"track"},"geometry":{"type":"LineString","coordinates":[[-2.91264,43.43477],[-2.9125,43.43501],[-2.91242,43.43511],[-2.91231,43.43521],[-2.91212,43.43535],[-2.91192,43.43545]]}},{"type":"Feature","properties":{"id":432547073,"highway":"track"},"geometry":{"type":"LineString","coordinates":[[-2.91242,43.43511],[-2.91199,43.43513],[-2.91181,43.43514],[-2.91131,43.43518]]}},{"type":"Feature","properties":{"id":432547074,"highway":"track"},"geometry":{"type":"LineString","coordinates":[[-2.91704,43.43536],[-2.91715,43.4352],[-2.91718,43.43508],[-2.91715,43.43473],[-2.9171,43.43442],[-2.91709,43.43438],[-2.91705,43.4342],[-2.91708,43.43412],[-2.91699,43.43369],[-2.91696,43.43363],[-2.9164,43.43342],[-2.91629,43.4334],[-2.91575,43.4334],[-2.91517,43.43348],[-2.91502,43.43352],[-2.91491,43.43359],[-2.91481,43.43363],[-2.91472,43.43363],[-2.91461,43.43358],[-2.91448,43.4335],[-2.91438,43.43346],[-2.91423,43.43346],[-2.91383,43.43352],[-2.91347,43.4335],[-2.91319,43.43351],[-2.91284,43.43356],[-2.91263,43.43357],[-2.91237,43.43357],[-2.91184,43.43362],[-2.91107,43.43371],[-2.91087,43.43378],[-2.91075,43.43387],[-2.91069,43.43394],[-2.91062,43.43397],[-2.91046,43.43398],[-2.91031,43.43403]]}},{"type":"Feature","properties":{"id":432547075,"highway":"track"},"geometry":{"type":"LineString","coordinates":[[-2.91715,43.43473],[-2.9167,43.43475],[-2.91639,43.43484],[-2.91584,43.43493],[-2.9155,43.43497],[-2.91529,43.43495],[-2.91489,43.43495]]}},{"type":"Feature","properties":{"id":432547076,"highway":"track"},"geometry":{"type":"LineString","coordinates":[[-2.91705,43.4342],[-2.91693,43.43416],[-2.91618,43.43411],[-2.91598,43.43416],[-2.91562,43.43422],[-2.91526,43.43441],[-2.91509,43.43446],[-2.91489,43.43449],[-2.91471,43.43447],[-2.91438,43.43441],[-2.91401,43.4343],[-2.91373,43.43418],[-2.91352,43.43407],[-2.91325,43.43404],[-2.91296,43.43401],[-2.91198,43.43397],[-2.91141,43.43399],[-2.91126,43.43404],[-2.911,43.43421],[-2.91008,43.4349],[-2.90986,43.43499],[-2.90961,43.43502],[-2.90946,43.435]]}},{"type":"Feature","properties":{"id":432547077,"highway":"track"},"geometry":{"type":"LineString","coordinates":[[-2.91709,43.43438],[-2.91723,43.43443],[-2.9177,43.43448],[-2.91857,43.43461],[-2.91888,43.43468],[-2.91914,43.43469],[-2.91934,43.43468]]}},{"type":"Feature","properties":{"id":444643818,"highway":"service","superficie":"asphalt"},"geometry":{"type":"LineString","coordinates":[[-2.89866,43.42653],[-2.8986,43.42652],[-2.89853,43.42651],[-2.89843,43.42654],[-2.89829,43.42663],[-2.89816,43.42673],[-2.89807,43.42686],[-2.89803,43.42695],[-2.898,43.42704],[-2.89798,43.42716],[-2.89794,43.4272],[-2.89786,43.42724],[-2.89768,43.42729],[-2.89762,43.42734],[-2.89761,43.42738],[-2.89764,43.42752],[-2.89766,43.42757],[-2.89764,43.42765],[-2.89753,43.42782],[-2.89755,43.42786],[-2.89762,43.42801],[-2.89767,43.42813],[-2.89766,43.42819],[-2.89753,43.42839],[-2.89742,43.42856],[-2.89728,43.42872]]}},{"type":"Feature","properties":{"id":444643819,"highway":"footway","superficie":"grass"},"geometry":{"type":"LineString","coordinates":[[-2.89728,43.42872],[-2.8972,43.42875],[-2.89714,43.42877],[-2.8969,43.429],[-2.89681,43.42918],[-2.89676,43.42929],[-2.89676,43.42937],[-2.8968,43.42942],[-2.89691,43.42962],[-2.89695,43.42971],[-2.89697,43.42987],[-2.89695,43.43001],[-2.89698,43.43009],[-2.89698,43.43015],[-2.89694,43.43022],[-2.89685,43.43034],[-2.89681,43.43042],[-2.8968,43.43049],[-2.89681,43.43054],[-2.89681,43.43064],[-2.89678,43.43073],[-2.89677,43.43075],[-2.89672,43.43078],[-2.89663,43.43085]]}},{"type":"Feature","properties":{"id":450064223,"highway":"service"},"geometry":{"type":"LineString","coordinates":[[-2.88314,43.42922],[-2.88306,43.42924],[-2.88292,43.42929],[-2.88281,43.42933],[-2.88272,43.42938]]}},{"type":"Feature","properties":{"id":458519593,"highway":"tertiary","ref":"BI-3152","puente":"yes"},"geometry":{"type":"LineString","coordinates":[[-2.87015,43.42598],[-2.87001,43.42595]]}},{"type":"Feature","properties":{"id":458519595,"highway":"tertiary","ref":"BI-3152"},"geometry":{"type":"LineString","coordinates":[[-2.87001,43.42595],[-2.86987,43.42593],[-2.86973,43.42594],[-2.86966,43.42595]]}},{"type":"Feature","properties":{"id":458519596,"highway":"tertiary","ref":"BI-3152"},"geometry":{"type":"LineString","coordinates":[[-2.86935,43.42608],[-2.86921,43.4262],[-2.86902,43.42643],[-2.86878,43.42675],[-2.86846,43.4271],[-2.86823,43.42734],[-2.86811,43.42745],[-2.86801,43.42752],[-2.8679,43.42757],[-2.86775,43.42759],[-2.86762,43.42759],[-2.86752,43.42757],[-2.86742,43.42751],[-2.86665,43.42688],[-2.86607,43.42637],[-2.86586,43.42618],[-2.86575,43.42608],[-2.86535,43.42573],[-2.86513,43.42553],[-2.86437,43.42483],[-2.86394,43.42442],[-2.86364,43.42419],[-2.86343,43.42407],[-2.86272,43.4237],[-2.86232,43.42351],[-2.86165,43.42315],[-2.86145,43.42303],[-2.86122,43.42287],[-2.86094,43.42265],[-2.86081,43.42258],[-2.8607,43.42255],[-2.8606,43.42252],[-2.86045,43.42251],[-2.86031,43.42253],[-2.86016,43.42259],[-2.86004,43.4227],[-2.85997,43.4228],[-2.85994,43.423],[-2.85989,43.42334],[-2.85985,43.42364],[-2.85984,43.42383],[-2.85988,43.42395],[-2.85994,43.42405],[-2.86005,43.42415],[-2.86042,43.42438],[-2.86067,43.42457],[-2.86075,43.42465],[-2.86079,43.42472],[-2.86079,43.4248],[-2.86071,43.425],[-2.86047,43.42555],[-2.86041,43.42576],[-2.86041,43.42586],[-2.86041,43.42596],[-2.86044,43.42631],[-2.86049,43.42656],[-2.8605,43.4266],[-2.8605,43.42682],[-2.86049,43.42691],[-2.86045,43.42703],[-2.86032,43.42722],[-2.86027,43.42726],[-2.86021,43.42732],[-2.86,43.42745],[-2.85986,43.42751],[-2.85967,43.42757],[-2.85944,43.42762],[-2.85927,43.42764],[-2.85908,43.42764],[-2.85888,43.42762],[-2.85868,43.42758],[-2.8585,43.42751],[-2.85837,43.42745],[-2.85815,43.42734],[-2.85754,43.42701],[-2.85712,43.42678],[-2.85687,43.42667],[-2.85668,43.42661],[-2.85647,43.42654],[-2.85626,43.42651],[-2.8561,43.4265],[-2.85592,43.42651],[-2.85569,43.42653],[-2.85522,43.42662],[-2.8549,43.42668],[-2.85464,43.42671],[-2.85446,43.42672],[-2.85432,43.42671],[-2.85418,43.42668],[-2.85405,43.42662],[-2.85395,43.42657],[-2.85388,43.42651],[-2.85381,43.42642],[-2.85378,43.42632],[-2.85376,43.42619],[-2.85377,43.42606],[-2.85381,43.42587],[-2.85394,43.42536],[-2.85401,43.425],[-2.85402,43.42491],[-2.854,43.42481],[-2.85394,43.42472],[-2.85386,43.42464],[-2.85377,43.42457],[-2.85369,43.42454]]}},{"type":"Feature","properties":{"id":458519599,"highway":"tertiary","ref":"BI-3152","puente":"yes"},"geometry":{"type":"LineString","coordinates":[[-2.86966,43.42595],[-2.86957,43.42598],[-2.86944,43.42603],[-2.86935,43.42608]]}},{"type":"Feature","properties":{"id":506292459,"highway":"service"},"geometry":{"type":"LineString","coordinates":[[-2.89969,43.42623],[-2.89971,43.42632],[-2.89971,43.4266],[-2.89974,43.42688],[-2.89971,43.42699],[-2.89966,43.42708],[-2.89948,43.42734],[-2.89932,43.42762],[-2.89931,43.42772],[-2.89934,43.4278],[-2.89939,43.42786],[-2.89945,43.4279],[-2.89955,43.42792],[-2.89967,43.42793],[-2.89974,43.42798],[-2.89986,43.42805],[-2.90028,43.42807],[-2.90035,43.42805],[-2.90055,43.42799],[-2.90103,43.42779],[-2.90109,43.42767],[-2.90114,43.42754],[-2.90115,43.42739],[-2.90117,43.4273],[-2.90118,43.4272],[-2.90122,43.42712],[-2.90134,43.427],[-2.90141,43.427],[-2.90163,43.42727]]}},{"type":"Feature","properties":{"id":506292460,"highway":"track"},"geometry":{"type":"LineString","coordinates":[[-2.89955,43.4299],[-2.89949,43.42977],[-2.89949,43.42955],[-2.89954,43.42947],[-2.89975,43.42916],[-2.89981,43.429],[-2.89982,43.42894],[-2.89985,43.42877],[-2.90046,43.42881],[-2.90102,43.42895],[-2.90149,43.42908],[-2.90204,43.4294],[-2.90252,43.42958],[-2.90358,43.42979],[-2.90394,43.4301],[-2.90492,43.43036],[-2.90534,43.43052],[-2.90563,43.4309],[-2.90596,43.43108],[-2.90634,43.43118],[-2.90639,43.43123]]}},{"type":"Feature","properties":{"id":518617011,"highway":"living_street","oneway":"yes"},"geometry":{"type":"LineString","coordinates":[[-2.89612,43.43249],[-2.89636,43.43221]]}},{"type":"Feature","properties":{"id":518617012,"highway":"footway"},"geometry":{"type":"LineString","coordinates":[[-2.89642,43.4326],[-2.89662,43.43234]]}},{"type":"Feature","properties":{"id":518618031,"highway":"living_street","oneway":"yes"},"geometry":{"type":"LineString","coordinates":[[-2.89579,43.43233],[-2.89562,43.43253],[-2.89517,43.43232],[-2.89515,43.43231],[-2.89533,43.4321]]}},{"type":"Feature","properties":{"id":518618032,"highway":"pedestrian"},"geometry":{"type":"LineString","coordinates":[[-2.89562,43.43253],[-2.89597,43.43269]]}},{"type":"Feature","properties":{"id":518618033,"highway":"service"},"geometry":{"type":"LineString","coordinates":[[-2.89515,43.43231],[-2.89492,43.4323],[-2.89468,43.43229]]}},{"type":"Feature","properties":{"id":518618034,"highway":"footway"},"geometry":{"type":"LineString","coordinates":[[-2.89492,43.4323],[-2.89484,43.43233]]}},{"type":"Feature","properties":{"id":518618035,"highway":"steps","superficie":"unhewn_cobblestone"},"geometry":{"type":"LineString","coordinates":[[-2.89471,43.43249],[-2.89462,43.43254],[-2.89453,43.43245]]}},{"type":"Feature","properties":{"id":535023560,"highway":"path"},"geometry":{"type":"LineString","coordinates":[[-2.89323,43.40179],[-2.89325,43.40186],[-2.89328,43.40193],[-2.89337,43.40196],[-2.89346,43.40202],[-2.8935,43.40209],[-2.89354,43.40214],[-2.89358,43.40217],[-2.8936,43.40223],[-2.89364,43.40228],[-2.89371,43.40236],[-2.89377,43.40247],[-2.89387,43.40254],[-2.89397,43.40263],[-2.89409,43.40273],[-2.89412,43.40279],[-2.89422,43.40283],[-2.89434,43.40294],[-2.89452,43.40311],[-2.8946,43.40317],[-2.89466,43.4032],[-2.89477,43.40333],[-2.89492,43.40344],[-2.89499,43.40348],[-2.8951,43.40353],[-2.89525,43.4036],[-2.89543,43.40366],[-2.89552,43.40373],[-2.8956,43.40377],[-2.89558,43.40393],[-2.89557,43.40401],[-2.89549,43.40409],[-2.89536,43.40419],[-2.89522,43.40423],[-2.8951,43.40427],[-2.895,43.40466],[-2.89532,43.4048],[-2.89563,43.40485],[-2.89591,43.40488],[-2.89629,43.40495],[-2.89691,43.40507],[-2.89724,43.40511],[-2.89738,43.40514],[-2.89746,43.40514],[-2.89777,43.40522],[-2.89795,43.40525],[-2.89805,43.40526],[-2.89824,43.40528],[-2.89842,43.40535],[-2.89867,43.40568],[-2.89882,43.40589],[-2.89902,43.40601],[-2.89912,43.40611],[-2.89916,43.40619],[-2.89958,43.40647],[-2.89979,43.4067],[-2.8999,43.40686],[-2.9,43.40694]]}},{"type":"Feature","properties":{"id":554351425,"highway":"footway"},"geometry":{"type":"LineString","coordinates":[[-2.89474,43.43241],[-2.89471,43.43249]]}},{"type":"Feature","properties":{"id":554353243,"highway":"service","superficie":"asphalt"},"geometry":{"type":"LineString","coordinates":[[-2.89464,43.43185],[-2.89464,43.43189],[-2.89465,43.43217],[-2.89466,43.43222],[-2.89467,43.43225],[-2.89468,43.43229]]}},{"type":"Feature","properties":{"id":554353247,"highway":"footway"},"geometry":{"type":"LineString","coordinates":[[-2.89671,43.4324],[-2.89671,43.43245],[-2.89666,43.43255],[-2.89662,43.43256],[-2.89658,43.43264]]}},{"type":"Feature","properties":{"id":554353248,"highway":"footway"},"geometry":{"type":"LineString","coordinates":[[-2.89666,43.43255],[-2.89676,43.43256],[-2.89694,43.43261],[-2.89697,43.43263],[-2.897,43.43266],[-2.89697,43.43273]]}},{"type":"Feature","properties":{"id":554353249,"highway":"footway"},"geometry":{"type":"LineString","coordinates":[[-2.89671,43.43245],[-2.89693,43.43251],[-2.89707,43.43254],[-2.897,43.43266]]}},{"type":"Feature","properties":{"id":554353250,"highway":"footway"},"geometry":{"type":"LineString","coordinates":[[-2.897,43.43266],[-2.89707,43.43264],[-2.89716,43.43268],[-2.89722,43.4327],[-2.89729,43.43273],[-2.89746,43.43285]]}},{"type":"Feature","properties":{"id":554353257,"highway":"footway"},"geometry":{"type":"LineString","coordinates":[[-2.89697,43.43273],[-2.89681,43.43307]]}},{"type":"Feature","properties":{"id":554353604,"highway":"pedestrian","nombre":"Atalaia kalea"},"geometry":{"type":"LineString","coordinates":[[-2.89746,43.43285],[-2.8975,43.43286],[-2.89757,43.4329],[-2.89761,43.43291],[-2.89763,43.43289],[-2.89766,43.43288],[-2.89771,43.43289],[-2.89773,43.43291],[-2.89774,43.43291],[-2.89785,43.433]]}},{"type":"Feature","properties":{"id":554356312,"highway":"pedestrian"},"geometry":{"type":"LineString","coordinates":[[-2.89843,43.43253],[-2.89826,43.43248],[-2.89808,43.43253],[-2.89789,43.43268]]}},{"type":"Feature","properties":{"id":554356313,"highway":"steps"},"geometry":{"type":"LineString","coordinates":[[-2.89761,43.43291],[-2.89768,43.43298],[-2.89771,43.43303]]}},{"type":"Feature","properties":{"id":554356314,"highway":"steps"},"geometry":{"type":"LineString","coordinates":[[-2.89755,43.43311],[-2.89759,43.43315]]}},{"type":"Feature","properties":{"id":554498220,"highway":"pedestrian"},"geometry":{"type":"MultiLineString","coordinates":[[[-2.89225,43.43285],[-2.89222,43.43285],[-2.89222,43.43278],[-2.89229,43.43268],[-2.89239,43.43253],[-2.89231,43.43254],[-2.89228,43.43254],[-2.89227,43.43252],[-2.89234,43.43249],[-2.89239,43.43248],[-2.89245,43.43246],[-2.89262,43.4324],[-2.89263,43.4324]],[[-2.89247,43.43251],[-2.89245,43.43251],[-2.89244,43.43252],[-2.89244,43.43252],[-2.89243,43.43254],[-2.89235,43.43266]],[[-2.89226,43.43279],[-2.89225,43.43281],[-2.89225,43.43285]]]}},{"type":"Feature","properties":{"id":554507395,"highway":"steps","superficie":"concrete"},"geometry":{"type":"LineString","coordinates":[[-2.8939,43.43195],[-2.8939,43.43194]]}},{"type":"Feature","properties":{"id":554507396,"highway":"footway","superficie":"asphalt"},"geometry":{"type":"MultiLineString","coordinates":[[[-2.89407,43.43189],[-2.89404,43.4319],[-2.89394,43.43193],[-2.8939,43.43194],[-2.89374,43.432],[-2.89342,43.43212]],[[-2.89265,43.43239],[-2.89262,43.4324]]]}},{"type":"Feature","properties":{"id":554507398,"highway":"steps"},"geometry":{"type":"LineString","coordinates":[[-2.89484,43.43233],[-2.89474,43.43241]]}},{"type":"Feature","properties":{"id":554507399,"highway":"steps","superficie":"concrete"},"geometry":{"type":"LineString","coordinates":[[-2.89517,43.43232],[-2.89504,43.43238]]}},{"type":"Feature","properties":{"id":554507404,"highway":"steps"},"geometry":{"type":"LineString","coordinates":[[-2.89625,43.4321],[-2.89618,43.4321]]}},{"type":"Feature","properties":{"id":554507405,"highway":"footway","superficie":"paving_stones"},"geometry":{"type":"LineString","coordinates":[[-2.89641,43.4319],[-2.89641,43.43195],[-2.89639,43.4321],[-2.89625,43.4321]]}},{"type":"Feature","properties":{"id":554507410,"highway":"service","superficie":"asphalt"},"geometry":{"type":"LineString","coordinates":[[-2.89671,43.4324],[-2.89682,43.43245],[-2.89688,43.43244],[-2.897,43.43231],[-2.8972,43.43217],[-2.89723,43.43216]]}},{"type":"Feature","properties":{"id":554507412,"highway":"steps"},"geometry":{"type":"LineString","coordinates":[[-2.89789,43.43358],[-2.8979,43.43361]]}},{"type":"Feature","properties":{"id":554507419,"highway":"service"},"geometry":{"type":"LineString","coordinates":[[-2.89773,43.43291],[-2.89794,43.43277],[-2.89798,43.43275]]}},{"type":"Feature","properties":{"id":554508989,"highway":"footway"},"geometry":{"type":"LineString","coordinates":[[-2.89492,43.43179],[-2.89488,43.43179],[-2.89485,43.43179]]}},{"type":"Feature","properties":{"id":554508990,"highway":"footway","superficie":"asphalt"},"geometry":{"type":"LineString","coordinates":[[-2.89548,43.43189],[-2.89548,43.43187],[-2.89548,43.43185]]}},{"type":"Feature","properties":{"id":554508991,"highway":"footway","superficie":"asphalt"},"geometry":{"type":"LineString","coordinates":[[-2.89606,43.43192],[-2.89606,43.43189],[-2.89607,43.43188]]}},{"type":"Feature","properties":{"id":554508996,"highway":"footway"},"geometry":{"type":"LineString","coordinates":[[-2.89792,43.43202],[-2.89789,43.43203],[-2.89787,43.43205]]}},{"type":"Feature","properties":{"id":554508997,"highway":"footway"},"geometry":{"type":"LineString","coordinates":[[-2.89807,43.43214],[-2.89805,43.43212],[-2.89803,43.43211]]}},{"type":"Feature","properties":{"id":554508999,"highway":"footway","superficie":"asphalt"},"geometry":{"type":"LineString","coordinates":[[-2.8965,43.43108],[-2.89646,43.43109],[-2.89641,43.43111]]}},{"type":"Feature","properties":{"id":554509000,"highway":"footway"},"geometry":{"type":"LineString","coordinates":[[-2.89542,43.43154],[-2.89537,43.43157],[-2.89531,43.43161]]}},{"type":"Feature","properties":{"id":554852744,"highway":"living_street","oneway":"yes"},"geometry":{"type":"LineString","coordinates":[[-2.89597,43.43269],[-2.89614,43.4325]]}},{"type":"Feature","properties":{"id":554852745,"highway":"living_street","oneway":"yes"},"geometry":{"type":"LineString","coordinates":[[-2.89642,43.4326],[-2.89626,43.43281],[-2.89597,43.43269]]}},{"type":"Feature","properties":{"id":554852746,"highway":"living_street","nombre":"Elizondo kalea","oneway":"yes","superficie":"asphalt"},"geometry":{"type":"LineString","coordinates":[[-2.896,43.43205],[-2.89575,43.4323]]}},{"type":"Feature","properties":{"id":554912860,"highway":"living_street","nombre":"Atalaia kalea","oneway":"no"},"geometry":{"type":"LineString","coordinates":[[-2.89534,43.43187],[-2.89534,43.43191],[-2.89534,43.43191],[-2.89533,43.4321],[-2.8954,43.43213],[-2.89552,43.43219],[-2.89558,43.43222],[-2.89566,43.43226],[-2.89575,43.4323],[-2.89579,43.43233],[-2.89588,43.43237],[-2.89609,43.43247],[-2.89612,43.43249],[-2.89614,43.4325],[-2.89638,43.43259],[-2.89642,43.4326],[-2.89658,43.43264],[-2.89677,43.43269],[-2.89697,43.43273],[-2.89721,43.43279],[-2.89746,43.43285]]}},{"type":"Feature","properties":{"id":557462999,"highway":"footway"},"geometry":{"type":"LineString","coordinates":[[-2.90265,43.41196],[-2.90248,43.4114],[-2.90247,43.41135]]}},{"type":"Feature","properties":{"id":557463003,"highway":"footway"},"geometry":{"type":"LineString","coordinates":[[-2.90265,43.41196],[-2.90246,43.41198],[-2.90243,43.41199],[-2.90239,43.41202],[-2.90235,43.41206],[-2.90236,43.41212]]}},{"type":"Feature","properties":{"id":557463007,"highway":"footway"},"geometry":{"type":"LineString","coordinates":[[-2.90247,43.41135],[-2.90225,43.41096],[-2.90187,43.41106]]}},{"type":"Feature","properties":{"id":557469037,"highway":"footway"},"geometry":{"type":"LineString","coordinates":[[-2.90267,43.41377],[-2.90261,43.41377],[-2.90254,43.41377]]}},{"type":"Feature","properties":{"id":557469039,"highway":"service"},"geometry":{"type":"LineString","coordinates":[[-2.90399,43.40971],[-2.90405,43.40982],[-2.90406,43.4099]]}},{"type":"Feature","properties":{"id":557469046,"highway":"service"},"geometry":{"type":"LineString","coordinates":[[-2.90553,43.41372],[-2.9056,43.4137],[-2.90562,43.41369],[-2.90568,43.41367],[-2.90573,43.41364],[-2.9058,43.4136],[-2.90582,43.41358],[-2.90589,43.41352],[-2.90591,43.41347],[-2.90595,43.41342],[-2.90596,43.41339],[-2.90601,43.41331],[-2.90604,43.41327]]}},{"type":"Feature","properties":{"id":557473342,"highway":"service"},"geometry":{"type":"LineString","coordinates":[[-2.90866,43.41246],[-2.90868,43.4124],[-2.90867,43.41238],[-2.90863,43.41232],[-2.90831,43.41207]]}},{"type":"Feature","properties":{"id":557473345,"highway":"service"},"geometry":{"type":"LineString","coordinates":[[-2.89999,43.4151],[-2.89982,43.41506]]}},{"type":"Feature","properties":{"id":557473351,"highway":"service"},"geometry":{"type":"LineString","coordinates":[[-2.90025,43.41605],[-2.90022,43.4161],[-2.90026,43.41614],[-2.9005,43.41646]]}},{"type":"Feature","properties":{"id":557473353,"highway":"service"},"geometry":{"type":"LineString","coordinates":[[-2.90012,43.41609],[-2.90008,43.41615],[-2.90015,43.41639]]}},{"type":"Feature","properties":{"id":557473355,"highway":"path"},"geometry":{"type":"LineString","coordinates":[[-2.90015,43.41639],[-2.89972,43.41615]]}},{"type":"Feature","properties":{"id":557473365,"highway":"service"},"geometry":{"type":"LineString","coordinates":[[-2.90392,43.42329],[-2.90388,43.42322],[-2.9039,43.42315],[-2.9039,43.42303],[-2.90385,43.4227]]}},{"type":"Feature","properties":{"id":557473367,"highway":"service"},"geometry":{"type":"LineString","coordinates":[[-2.90392,43.42329],[-2.90386,43.42327],[-2.90381,43.42326],[-2.90377,43.42329],[-2.90358,43.42349],[-2.90329,43.42371],[-2.90309,43.42362]]}},{"type":"Feature","properties":{"id":557473378,"highway":"service"},"geometry":{"type":"LineString","coordinates":[[-2.89853,43.42651],[-2.89844,43.42633],[-2.89847,43.42627],[-2.89858,43.42615],[-2.89859,43.4261],[-2.89855,43.42604]]}},{"type":"Feature","properties":{"id":557473388,"highway":"service"},"geometry":{"type":"LineString","coordinates":[[-2.89313,43.43006],[-2.89309,43.42999],[-2.89277,43.42978]]}},{"type":"Feature","properties":{"id":557473389,"highway":"service"},"geometry":{"type":"LineString","coordinates":[[-2.89268,43.42989],[-2.89268,43.43019]]}},{"type":"Feature","properties":{"id":557473396,"highway":"service"},"geometry":{"type":"LineString","coordinates":[[-2.90746,43.42228],[-2.90734,43.42219],[-2.90726,43.42214],[-2.90714,43.42211],[-2.90695,43.42206]]}},{"type":"Feature","properties":{"id":557473400,"highway":"service"},"geometry":{"type":"LineString","coordinates":[[-2.9046,43.42261],[-2.90459,43.42253],[-2.90457,43.42244],[-2.90457,43.42234],[-2.90464,43.42225],[-2.90472,43.4222],[-2.90486,43.42219],[-2.90495,43.42216],[-2.90499,43.4221],[-2.90498,43.42204],[-2.90492,43.42194],[-2.90485,43.42186],[-2.90476,43.42183],[-2.90468,43.42182],[-2.90453,43.42188],[-2.90449,43.42186],[-2.90445,43.42183],[-2.90444,43.42176],[-2.90444,43.42169],[-2.9044,43.42164]]}},{"type":"Feature","properties":{"id":557473406,"highway":"service"},"geometry":{"type":"LineString","coordinates":[[-2.90702,43.42122],[-2.90717,43.42149]]}},{"type":"Feature","properties":{"id":557473409,"highway":"service"},"geometry":{"type":"LineString","coordinates":[[-2.90841,43.42082],[-2.90843,43.42075],[-2.9084,43.42072],[-2.90831,43.42071],[-2.90824,43.42072],[-2.90817,43.42074],[-2.90812,43.42077],[-2.90807,43.42077],[-2.90804,43.42072],[-2.90813,43.42044]]}},{"type":"Feature","properties":{"id":557473413,"highway":"service"},"geometry":{"type":"LineString","coordinates":[[-2.90795,43.40283],[-2.90801,43.40275],[-2.90787,43.40266],[-2.90725,43.40227]]}},{"type":"Feature","properties":{"id":557473414,"highway":"service"},"geometry":{"type":"LineString","coordinates":[[-2.90787,43.40266],[-2.90777,43.40278]]}},{"type":"Feature","properties":{"id":557473418,"highway":"service"},"geometry":{"type":"LineString","coordinates":[[-2.908,43.40031],[-2.90787,43.40029],[-2.9078,43.40028],[-2.90773,43.40025],[-2.90767,43.4002],[-2.90756,43.40019]]}},{"type":"Feature","properties":{"id":557474097,"highway":"service"},"geometry":{"type":"LineString","coordinates":[[-2.9088,43.39867],[-2.90837,43.39845],[-2.90826,43.39844],[-2.90818,43.39847],[-2.90814,43.39856],[-2.90797,43.39928]]}},{"type":"Feature","properties":{"id":557474100,"highway":"service"},"geometry":{"type":"LineString","coordinates":[[-2.90966,43.39904],[-2.90962,43.39899],[-2.90956,43.39897],[-2.9095,43.39894],[-2.90942,43.39892],[-2.90936,43.39889],[-2.90924,43.3989]]}},{"type":"Feature","properties":{"id":571267487,"highway":"track"},"geometry":{"type":"LineString","coordinates":[[-2.9164,43.43342],[-2.91684,43.43337],[-2.91701,43.43336],[-2.91712,43.43334],[-2.91733,43.43328],[-2.91751,43.43326],[-2.91759,43.43325],[-2.91764,43.43322],[-2.91764,43.43312],[-2.9176,43.43306],[-2.91753,43.43303],[-2.91705,43.43301],[-2.91673,43.433],[-2.91651,43.43298],[-2.91631,43.43294],[-2.91597,43.43292],[-2.91574,43.43292],[-2.91543,43.4329],[-2.9153,43.43288],[-2.91509,43.43288]]}},{"type":"Feature","properties":{"id":571275706,"highway":"track"},"geometry":{"type":"LineString","coordinates":[[-2.91007,43.42466],[-2.91028,43.42474],[-2.91033,43.4248],[-2.91035,43.42493],[-2.91032,43.42508],[-2.90994,43.42624],[-2.90988,43.42642],[-2.90983,43.42659],[-2.90986,43.42666],[-2.90998,43.42673],[-2.91011,43.42678]]}},{"type":"Feature","properties":{"id":571275710,"highway":"service"},"geometry":{"type":"LineString","coordinates":[[-2.90509,43.40709],[-2.90497,43.407],[-2.90487,43.40692],[-2.90472,43.40677],[-2.90462,43.40668],[-2.90456,43.40658]]}},{"type":"Feature","properties":{"id":571275714,"highway":"track","superficie":"ground"},"geometry":{"type":"LineString","coordinates":[[-2.90337,43.39428],[-2.90309,43.39378],[-2.90263,43.39316],[-2.90227,43.39221],[-2.90192,43.39141],[-2.90173,43.39109],[-2.90155,43.39053],[-2.90129,43.39009],[-2.90129,43.39004],[-2.90155,43.38987],[-2.90168,43.38973],[-2.90183,43.38939],[-2.90184,43.38925],[-2.90171,43.38903]]}},{"type":"Feature","properties":{"id":587265119,"highway":"track"},"geometry":{"type":"LineString","coordinates":[[-2.90123,43.39004],[-2.90124,43.39004],[-2.90129,43.39004]]}},{"type":"Feature","properties":{"id":587265121,"highway":"path"},"geometry":{"type":"LineString","coordinates":[[-2.90229,43.39609],[-2.90232,43.39606],[-2.90236,43.396],[-2.90238,43.39596]]}},{"type":"Feature","properties":{"id":587265122,"highway":"track"},"geometry":{"type":"LineString","coordinates":[[-2.88478,43.41193],[-2.88466,43.41199],[-2.88448,43.41205],[-2.8842,43.41213],[-2.88385,43.41222],[-2.88362,43.41228],[-2.8834,43.41235],[-2.88324,43.41242],[-2.88304,43.41257],[-2.88286,43.41275],[-2.88272,43.4129],[-2.88255,43.41324],[-2.88245,43.41343],[-2.88232,43.41375],[-2.88226,43.41396],[-2.88219,43.41412],[-2.88215,43.41423],[-2.88215,43.4143]]}},{"type":"Feature","properties":{"id":587265123,"highway":"unclassified"},"geometry":{"type":"LineString","coordinates":[[-2.894,43.40925],[-2.89386,43.40921],[-2.89363,43.40912],[-2.89333,43.40902],[-2.89298,43.40889],[-2.89272,43.40881],[-2.89258,43.40878],[-2.89241,43.40879],[-2.89228,43.40884],[-2.89218,43.4089],[-2.89168,43.40925],[-2.89152,43.40938],[-2.89138,43.40946],[-2.89117,43.40954],[-2.89109,43.40959],[-2.89099,43.40969],[-2.89071,43.41006],[-2.89063,43.41018],[-2.89048,43.41045],[-2.89037,43.41059],[-2.89027,43.41067],[-2.89012,43.41074],[-2.88984,43.41085],[-2.88971,43.4109],[-2.88959,43.41092],[-2.88948,43.41092],[-2.88937,43.41089],[-2.88922,43.41083],[-2.88909,43.41082],[-2.889,43.41081],[-2.88887,43.41084],[-2.88859,43.41093],[-2.88838,43.411],[-2.88808,43.41109],[-2.88767,43.41122],[-2.88704,43.41142],[-2.88683,43.41149],[-2.88633,43.41162],[-2.88605,43.41168],[-2.8859,43.41171],[-2.88564,43.41177],[-2.88535,43.41183],[-2.88508,43.4119],[-2.88492,43.41191],[-2.88478,43.41193],[-2.88459,43.41193],[-2.88435,43.41185],[-2.88426,43.41185],[-2.8841,43.41186],[-2.88396,43.41185],[-2.88371,43.4118],[-2.88345,43.41174],[-2.88318,43.41168],[-2.88303,43.41166],[-2.88295,43.41164]]}},{"type":"Feature","properties":{"id":587265124,"highway":"track"},"geometry":{"type":"LineString","coordinates":[[-2.89099,43.4122],[-2.89099,43.41227],[-2.89108,43.41243],[-2.89127,43.41285],[-2.8915,43.41318],[-2.89158,43.41333],[-2.89163,43.4134],[-2.89171,43.41347],[-2.89181,43.4135],[-2.89189,43.4135],[-2.89215,43.41347],[-2.89225,43.41344],[-2.89229,43.41341],[-2.89234,43.4133],[-2.89233,43.41323]]}},{"type":"Feature","properties":{"id":587265125,"highway":"track"},"geometry":{"type":"LineString","coordinates":[[-2.88448,43.41522],[-2.88454,43.41519],[-2.88468,43.41516],[-2.88495,43.41509],[-2.88527,43.41507],[-2.88539,43.41505],[-2.8857,43.41497],[-2.88621,43.41491],[-2.88646,43.41487],[-2.88666,43.4148],[-2.88686,43.41472],[-2.88699,43.41463],[-2.88709,43.41452],[-2.88722,43.41426],[-2.8873,43.41415],[-2.88742,43.41407],[-2.8875,43.41401],[-2.88762,43.41395],[-2.88786,43.41389],[-2.88798,43.41382],[-2.88808,43.41372],[-2.88821,43.41357],[-2.88837,43.41344],[-2.88864,43.41336],[-2.88889,43.41329],[-2.88911,43.41325],[-2.88931,43.4132],[-2.88954,43.41311],[-2.88972,43.413],[-2.89028,43.41263],[-2.89058,43.41243],[-2.89078,43.41226],[-2.89099,43.4122],[-2.89106,43.41219],[-2.89121,43.41214],[-2.89146,43.41202],[-2.89159,43.41196],[-2.89186,43.4119],[-2.89208,43.41183],[-2.89227,43.41175],[-2.89244,43.41163],[-2.89255,43.41149],[-2.89266,43.41132],[-2.8928,43.41113],[-2.89315,43.41075],[-2.89347,43.4104],[-2.89382,43.41],[-2.89399,43.40982],[-2.89406,43.40972],[-2.8941,43.40965],[-2.89418,43.40959]]}},{"type":"Feature","properties":{"id":587265128,"highway":"service"},"geometry":{"type":"LineString","coordinates":[[-2.894,43.40925],[-2.8939,43.40917],[-2.89365,43.40896],[-2.89356,43.4089],[-2.89341,43.4088],[-2.89297,43.4086],[-2.89283,43.40854],[-2.89276,43.40851],[-2.89273,43.40844],[-2.89273,43.40839],[-2.8928,43.40831],[-2.89297,43.40818],[-2.89307,43.40812],[-2.89312,43.40808],[-2.89312,43.40804],[-2.89308,43.40799],[-2.89305,43.40797],[-2.893,43.40794],[-2.89293,43.40792]]}},{"type":"Feature","properties":{"id":587265129,"highway":"unclassified"},"geometry":{"type":"LineString","coordinates":[[-2.89949,43.4088],[-2.89929,43.40878],[-2.89919,43.40877],[-2.89901,43.40879],[-2.89881,43.40883],[-2.89857,43.40892],[-2.89833,43.40902],[-2.89822,43.40906],[-2.89809,43.40907],[-2.89782,43.40911],[-2.89762,43.40915],[-2.89728,43.40923],[-2.8971,43.40927],[-2.8968,43.40931],[-2.89658,43.40934],[-2.89627,43.40934],[-2.89603,43.40934],[-2.89583,43.40932],[-2.89565,43.4093],[-2.89557,43.40931],[-2.89544,43.40933],[-2.89532,43.40937],[-2.89516,43.40944],[-2.89502,43.4095],[-2.89489,43.40956],[-2.89482,43.40957],[-2.89473,43.40955],[-2.89465,43.40954],[-2.89459,43.40954],[-2.89447,43.40949],[-2.89439,43.40949],[-2.89429,43.40952],[-2.89418,43.40959]]}},{"type":"Feature","properties":{"id":587265130,"highway":"service"},"geometry":{"type":"LineString","coordinates":[[-2.88263,43.41049],[-2.88262,43.41056],[-2.88256,43.41061],[-2.88242,43.41073],[-2.88233,43.41083],[-2.88228,43.41092],[-2.88229,43.41099],[-2.88234,43.41108],[-2.88243,43.41117],[-2.88264,43.41137],[-2.88282,43.41156],[-2.88295,43.41164]]}},{"type":"Feature","properties":{"id":587265132,"highway":"track"},"geometry":{"type":"LineString","coordinates":[[-2.89158,43.42287],[-2.89172,43.4228],[-2.89181,43.42275],[-2.89196,43.42274],[-2.89208,43.42273],[-2.8922,43.42271],[-2.89292,43.42253],[-2.89312,43.42247],[-2.89333,43.42238],[-2.89395,43.42209],[-2.89411,43.42203],[-2.89418,43.42197],[-2.89475,43.42169],[-2.89486,43.42167],[-2.89549,43.42161],[-2.89575,43.42157],[-2.89598,43.42151],[-2.89626,43.42142],[-2.89647,43.42138],[-2.89667,43.42136],[-2.89688,43.42136],[-2.89698,43.42139],[-2.89709,43.42143],[-2.89731,43.42154],[-2.89741,43.42157],[-2.89752,43.42159],[-2.89783,43.42162],[-2.898,43.42166]]}},{"type":"Feature","properties":{"id":587265133,"highway":"service","puente":"yes"},"geometry":{"type":"LineString","coordinates":[[-2.8988,43.42655],[-2.89866,43.42653]]}},{"type":"Feature","properties":{"id":587265134,"highway":"service","superficie":"asphalt"},"geometry":{"type":"LineString","coordinates":[[-2.89933,43.42654],[-2.89931,43.42653],[-2.89924,43.42652],[-2.89915,43.42652],[-2.89906,43.42653],[-2.89889,43.42656],[-2.8988,43.42655]]}},{"type":"Feature","properties":{"id":587265135,"highway":"service","puente":"yes"},"geometry":{"type":"LineString","coordinates":[[-2.89773,43.42921],[-2.89792,43.42927]]}},{"type":"Feature","properties":{"id":587265136,"highway":"service"},"geometry":{"type":"LineString","coordinates":[[-2.89792,43.42927],[-2.89805,43.42929]]}},{"type":"Feature","properties":{"id":602904934,"highway":"service"},"geometry":{"type":"LineString","coordinates":[[-2.85868,43.42758],[-2.85847,43.42603],[-2.85845,43.42596],[-2.8584,43.4259],[-2.85807,43.42575]]}},{"type":"Feature","properties":{"id":602904937,"highway":"track"},"geometry":{"type":"LineString","coordinates":[[-2.85613,43.42509],[-2.85602,43.42523],[-2.85584,43.42541],[-2.85575,43.42548],[-2.85557,43.42556],[-2.85527,43.42578],[-2.85499,43.42597],[-2.85477,43.42612],[-2.85465,43.42619],[-2.85456,43.42624]]}},{"type":"Feature","properties":{"id":602904938,"highway":"service"},"geometry":{"type":"LineString","coordinates":[[-2.85388,43.42651],[-2.85395,43.42647],[-2.85418,43.42639],[-2.85444,43.4263],[-2.85456,43.42624]]}},{"type":"Feature","properties":{"id":602904940,"highway":"service"},"geometry":{"type":"LineString","coordinates":[[-2.85376,43.42619],[-2.85358,43.42625],[-2.85334,43.42634],[-2.85317,43.4264],[-2.8531,43.42646],[-2.85305,43.4265]]}},{"type":"Feature","properties":{"id":602904941,"highway":"track"},"geometry":{"type":"LineString","coordinates":[[-2.85305,43.4265],[-2.85288,43.42653],[-2.85271,43.42655],[-2.85248,43.42655],[-2.85224,43.42652],[-2.85203,43.42648],[-2.85156,43.42644],[-2.85124,43.42642],[-2.85073,43.42634],[-2.85056,43.42633],[-2.85035,43.42636],[-2.85013,43.42636],[-2.84995,43.42636],[-2.8498,43.42635],[-2.84954,43.42632],[-2.84916,43.42625],[-2.84898,43.42623],[-2.84882,43.42622],[-2.84863,43.42623],[-2.84841,43.42623],[-2.84829,43.42626],[-2.84821,43.42633],[-2.84816,43.42638],[-2.84797,43.42658],[-2.84788,43.42669],[-2.84788,43.4268],[-2.84791,43.42689],[-2.84804,43.42703]]}},{"type":"Feature","properties":{"id":602904942,"highway":"track"},"geometry":{"type":"LineString","coordinates":[[-2.85377,43.42606],[-2.85349,43.42596],[-2.85327,43.42593],[-2.85289,43.42596],[-2.85279,43.42597],[-2.85254,43.42605],[-2.85238,43.4261],[-2.85226,43.42611],[-2.85211,43.42613],[-2.85191,43.42614],[-2.85153,43.42614],[-2.85123,43.42616],[-2.85108,43.42615],[-2.85092,43.42613],[-2.8507,43.4261],[-2.8506,43.42609],[-2.8505,43.42611],[-2.85025,43.42622],[-2.85013,43.42627],[-2.84995,43.42636]]}},{"type":"Feature","properties":{"id":602904943,"highway":"track"},"geometry":{"type":"LineString","coordinates":[[-2.84829,43.42626],[-2.84829,43.4262],[-2.84823,43.42614],[-2.84814,43.42611],[-2.84779,43.42608],[-2.84759,43.42606],[-2.84733,43.42602],[-2.8472,43.42603],[-2.84714,43.42604],[-2.84708,43.42609],[-2.84704,43.42638],[-2.84696,43.4266],[-2.84687,43.4268],[-2.84673,43.42698],[-2.84661,43.42707],[-2.84649,43.42712],[-2.84629,43.42719],[-2.84565,43.42728],[-2.84543,43.42735],[-2.84528,43.42744],[-2.84513,43.4276],[-2.84495,43.4277],[-2.84484,43.42776],[-2.84477,43.42783],[-2.84469,43.42807],[-2.84462,43.42819]]}},{"type":"Feature","properties":{"id":619587508,"highway":"track"},"geometry":{"type":"LineString","coordinates":[[-2.88347,43.42437],[-2.88348,43.42427],[-2.88355,43.42416],[-2.88371,43.42394],[-2.88381,43.42375],[-2.88392,43.42339],[-2.88398,43.42328],[-2.88407,43.42318],[-2.88423,43.42309],[-2.88473,43.42295],[-2.88496,43.42286],[-2.88507,43.42283],[-2.88524,43.42278],[-2.88531,43.42275],[-2.88543,43.42266],[-2.88561,43.42249],[-2.88575,43.42233],[-2.88571,43.42229],[-2.88558,43.42209],[-2.88555,43.42186],[-2.88546,43.42147],[-2.88536,43.4214],[-2.88501,43.42125],[-2.88459,43.42123],[-2.88429,43.42114],[-2.88407,43.42106],[-2.88398,43.42095],[-2.88399,43.42083],[-2.88409,43.42068],[-2.88409,43.42056],[-2.88401,43.42043],[-2.88392,43.42031],[-2.8839,43.42013],[-2.88376,43.42003],[-2.8835,43.41996],[-2.88322,43.41996],[-2.88293,43.42005],[-2.88262,43.42009],[-2.8825,43.42008],[-2.88236,43.42001],[-2.88196,43.41978],[-2.8818,43.41945],[-2.88173,43.41938],[-2.88178,43.41933],[-2.88203,43.41915],[-2.88213,43.4191],[-2.88233,43.41857],[-2.88239,43.41849],[-2.88252,43.41842],[-2.88277,43.41801],[-2.88278,43.41783],[-2.88246,43.41754],[-2.8824,43.41743],[-2.88241,43.4171],[-2.88204,43.41694],[-2.88186,43.41677],[-2.88182,43.41653],[-2.88187,43.41617],[-2.88158,43.41596],[-2.88138,43.41572],[-2.88091,43.41543],[-2.8806,43.41501],[-2.88043,43.41464],[-2.8798,43.41421],[-2.87961,43.41403],[-2.87962,43.41394]]}},{"type":"Feature","properties":{"id":619587514,"highway":"track"},"geometry":{"type":"LineString","coordinates":[[-2.84721,43.41853],[-2.84727,43.41855],[-2.84727,43.4186],[-2.84713,43.41866],[-2.84702,43.4187],[-2.84689,43.41872],[-2.8467,43.41873],[-2.84638,43.41876],[-2.84623,43.41874],[-2.84605,43.41868],[-2.84592,43.41861],[-2.84563,43.41845],[-2.84557,43.41843],[-2.84552,43.41844],[-2.84553,43.41849],[-2.84613,43.41901],[-2.84616,43.41905],[-2.84621,43.41915],[-2.84626,43.41921],[-2.84634,43.41928],[-2.84648,43.41933],[-2.84673,43.41938],[-2.847,43.41941],[-2.84732,43.41943],[-2.8475,43.41942],[-2.84773,43.41937],[-2.84777,43.41938],[-2.84777,43.41942],[-2.84772,43.41947],[-2.84751,43.41958],[-2.84727,43.41968],[-2.84694,43.41979],[-2.84667,43.41985],[-2.84645,43.41988],[-2.84629,43.41988],[-2.84616,43.41986],[-2.84604,43.41982],[-2.84598,43.41983],[-2.84596,43.41987],[-2.84611,43.41996],[-2.84634,43.42004],[-2.84659,43.42011],[-2.84687,43.42015],[-2.84729,43.42017],[-2.84826,43.42016],[-2.84829,43.4202],[-2.84822,43.42023],[-2.84772,43.42044],[-2.84717,43.42063],[-2.8466,43.42083],[-2.84646,43.42086],[-2.84641,43.4209],[-2.84644,43.42093],[-2.84726,43.42102],[-2.84785,43.42099],[-2.84871,43.42099],[-2.84891,43.42096],[-2.84897,43.421],[-2.84895,43.42104],[-2.84855,43.42118],[-2.84828,43.42125],[-2.84764,43.42151],[-2.84688,43.42178],[-2.84686,43.42181],[-2.84694,43.42185],[-2.84811,43.42194],[-2.84922,43.42212],[-2.84966,43.42213],[-2.84968,43.42219],[-2.84955,43.42227],[-2.84905,43.42247],[-2.84894,43.42247],[-2.84869,43.42239],[-2.84855,43.4224],[-2.84791,43.42265],[-2.84729,43.42285],[-2.84719,43.42288],[-2.84719,43.42293],[-2.84771,43.42296],[-2.84838,43.42302],[-2.84851,43.42307],[-2.84877,43.42339],[-2.84885,43.42344],[-2.84908,43.42349],[-2.8494,43.42352],[-2.8496,43.42359],[-2.84992,43.42371],[-2.85023,43.42375],[-2.85079,43.42373],[-2.85084,43.42379],[-2.85045,43.424],[-2.84992,43.42421],[-2.84966,43.42426],[-2.84947,43.42423],[-2.84929,43.4241],[-2.8492,43.42406],[-2.84907,43.4241],[-2.84909,43.42419],[-2.84937,43.4244],[-2.84964,43.42449],[-2.85032,43.42444],[-2.85113,43.42452],[-2.85151,43.4245],[-2.85164,43.42457]]}},{"type":"Feature","properties":{"id":629826579,"highway":"service"},"geometry":{"type":"LineString","coordinates":[[-2.8705,43.42648],[-2.87037,43.42653],[-2.8703,43.42658],[-2.87025,43.42671],[-2.87015,43.42696],[-2.87003,43.4272],[-2.86993,43.42735],[-2.86985,43.42745],[-2.86975,43.42755],[-2.86964,43.42764],[-2.8694,43.42782],[-2.86931,43.42791],[-2.86918,43.42814],[-2.86906,43.42832],[-2.86898,43.42842],[-2.86891,43.42848],[-2.8688,43.42855],[-2.86873,43.42862],[-2.86862,43.42882],[-2.86859,43.42892],[-2.86857,43.42899],[-2.86852,43.42906],[-2.86844,43.42915],[-2.86826,43.42933],[-2.86822,43.42941],[-2.86817,43.42952],[-2.86814,43.42962],[-2.86809,43.4297],[-2.86801,43.42974]]}},{"type":"Feature","properties":{"id":629826582,"highway":"service"},"geometry":{"type":"LineString","coordinates":[[-2.87067,43.43086],[-2.87063,43.43075],[-2.87062,43.43051],[-2.87062,43.43031],[-2.8706,43.43023],[-2.8705,43.43004],[-2.87041,43.42995],[-2.87033,43.4299],[-2.86983,43.42973],[-2.86976,43.42972]]}},{"type":"Feature","properties":{"id":629826584,"highway":"track"},"geometry":{"type":"LineString","coordinates":[[-2.86976,43.42972],[-2.86975,43.42961],[-2.86977,43.42954],[-2.86988,43.42939],[-2.86998,43.42927],[-2.87026,43.42895],[-2.87045,43.42874],[-2.87053,43.42868],[-2.87061,43.42864],[-2.87067,43.42859],[-2.87071,43.42853],[-2.87076,43.42842],[-2.8709,43.42824],[-2.87097,43.4282],[-2.87109,43.42816],[-2.87126,43.42809],[-2.87138,43.428]]}},{"type":"Feature","properties":{"id":629826587,"highway":"tertiary","ref":"BI-3152"},"geometry":{"type":"LineString","coordinates":[[-2.87589,43.42893],[-2.87588,43.42873],[-2.8759,43.42822],[-2.87591,43.42789],[-2.87592,43.42771]]}},{"type":"Feature","properties":{"id":629826590,"highway":"service"},"geometry":{"type":"LineString","coordinates":[[-2.87593,43.42763],[-2.8758,43.42762],[-2.87559,43.42756],[-2.87545,43.42754],[-2.87529,43.42756],[-2.87513,43.42763],[-2.87505,43.42769],[-2.87495,43.42782],[-2.87491,43.42806],[-2.87477,43.42886],[-2.87468,43.42936],[-2.87458,43.42986],[-2.87447,43.43015],[-2.87437,43.43032],[-2.87434,43.43049]]}},{"type":"Feature","properties":{"id":629826592,"highway":"service","oneway":"yes"},"geometry":{"type":"LineString","coordinates":[[-2.87559,43.42756],[-2.8757,43.42767],[-2.87578,43.42772],[-2.87583,43.42777],[-2.87587,43.42781],[-2.87591,43.42789]]}},{"type":"Feature","properties":{"id":629826594,"highway":"service","oneway":"yes"},"geometry":{"type":"LineString","coordinates":[[-2.876,43.42747],[-2.87593,43.42749],[-2.87586,43.42753],[-2.87578,43.42754],[-2.87559,43.42756]]}},{"type":"Feature","properties":{"id":629826596,"highway":"track"},"geometry":{"type":"LineString","coordinates":[[-2.87739,43.43347],[-2.87731,43.4335],[-2.87722,43.43351],[-2.87709,43.43351],[-2.87696,43.43348],[-2.87658,43.43332],[-2.87636,43.43326],[-2.87625,43.43323],[-2.87618,43.43323]]}},{"type":"Feature","properties":{"id":629826598,"highway":"track"},"geometry":{"type":"LineString","coordinates":[[-2.87759,43.43217],[-2.87771,43.43225],[-2.87796,43.43242],[-2.87815,43.43259],[-2.87828,43.43277],[-2.87843,43.43294],[-2.87853,43.43309],[-2.87867,43.4333],[-2.8788,43.43343],[-2.87895,43.4336],[-2.87906,43.43365],[-2.87932,43.43375],[-2.87951,43.43386]]}},{"type":"Feature","properties":{"id":629826600,"highway":"tertiary_link","oneway":"yes"},"geometry":{"type":"LineString","coordinates":[[-2.87783,43.43174],[-2.8779,43.43168],[-2.87796,43.43162],[-2.87803,43.43152],[-2.8781,43.43145]]}},{"type":"Feature","properties":{"id":629826602,"highway":"tertiary_link","oneway":"yes"},"geometry":{"type":"LineString","coordinates":[[-2.87793,43.43142],[-2.8779,43.43154],[-2.87788,43.43165]]}},{"type":"Feature","properties":{"id":629826604,"highway":"tertiary_link","oneway":"yes"},"geometry":{"type":"LineString","coordinates":[[-2.87828,43.43096],[-2.87818,43.43104],[-2.87812,43.43111],[-2.87809,43.43116],[-2.87805,43.4312],[-2.87801,43.43125]]}},{"type":"Feature","properties":{"id":629826606,"highway":"tertiary_link","oneway":"yes"},"geometry":{"type":"LineString","coordinates":[[-2.87817,43.43131],[-2.87818,43.43124],[-2.8782,43.43116],[-2.8782,43.43108]]}},{"type":"Feature","properties":{"id":629826608,"highway":"tertiary_link","oneway":"yes"},"geometry":{"type":"LineString","coordinates":[[-2.878,43.43145],[-2.87803,43.43145],[-2.87806,43.43145],[-2.8781,43.43145],[-2.87813,43.43143],[-2.87816,43.4314],[-2.87818,43.43137],[-2.87818,43.43134],[-2.87817,43.43131],[-2.87815,43.43129],[-2.87813,43.43127],[-2.8781,43.43126]]}},{"type":"Feature","properties":{"id":629826617,"highway":"track"},"geometry":{"type":"LineString","coordinates":[[-2.88546,43.42617],[-2.88546,43.42614],[-2.88547,43.42608],[-2.88545,43.42603],[-2.88535,43.42588],[-2.88525,43.42573],[-2.88512,43.42548],[-2.88504,43.42537],[-2.88496,43.42527],[-2.88485,43.4252],[-2.8848,43.42515],[-2.8848,43.42509],[-2.88486,43.42503],[-2.885,43.42496],[-2.88509,43.42493],[-2.8853,43.42491],[-2.88564,43.42491],[-2.88588,43.4249],[-2.88612,43.42488],[-2.88625,43.42485],[-2.88638,43.42481],[-2.88653,43.42475],[-2.88662,43.42475],[-2.8868,43.42475],[-2.88701,43.42473],[-2.8872,43.42471]]}},{"type":"Feature","properties":{"id":629826619,"highway":"track"},"geometry":{"type":"LineString","coordinates":[[-2.88546,43.42614],[-2.8854,43.42611],[-2.88536,43.42608],[-2.88529,43.42601],[-2.88517,43.42595],[-2.88503,43.42589],[-2.88495,43.42584],[-2.88485,43.42577],[-2.88462,43.42558],[-2.88455,43.42554],[-2.88447,43.4255],[-2.88438,43.42543],[-2.88426,43.42536],[-2.88412,43.42524],[-2.88406,43.4252],[-2.88394,43.42515],[-2.88387,43.42514]]}},{"type":"Feature","properties":{"id":629826626,"highway":"service"},"geometry":{"type":"LineString","coordinates":[[-2.88936,43.43235],[-2.88934,43.43233],[-2.88929,43.43229],[-2.88916,43.43222],[-2.88905,43.43214],[-2.88897,43.43205],[-2.8889,43.43198],[-2.88876,43.43179],[-2.88874,43.43175]]}},{"type":"Feature","properties":{"id":629826628,"highway":"service"},"geometry":{"type":"LineString","coordinates":[[-2.88836,43.43064],[-2.8884,43.43077],[-2.88845,43.43093],[-2.88847,43.43103],[-2.88847,43.43109],[-2.8885,43.43114],[-2.88854,43.4312],[-2.88857,43.43126],[-2.88859,43.43131],[-2.8886,43.43143],[-2.88861,43.43153],[-2.88864,43.43159],[-2.88869,43.43166],[-2.88874,43.43175]]}},{"type":"Feature","properties":{"id":629826630,"highway":"track"},"geometry":{"type":"LineString","coordinates":[[-2.88874,43.43175],[-2.88869,43.43173],[-2.88856,43.4317],[-2.88852,43.43166],[-2.88845,43.43158],[-2.88823,43.43127],[-2.88806,43.43109],[-2.88793,43.43095],[-2.88777,43.43084],[-2.88761,43.43076],[-2.88747,43.43074],[-2.88735,43.43075],[-2.88724,43.43077],[-2.88713,43.43077],[-2.88696,43.43071],[-2.8867,43.43066],[-2.8865,43.4306],[-2.88636,43.4306],[-2.88619,43.43061],[-2.88594,43.43061],[-2.88572,43.43061],[-2.88555,43.43058],[-2.88535,43.43053],[-2.88515,43.43046],[-2.885,43.4304],[-2.8849,43.43034],[-2.88477,43.43024],[-2.88463,43.43012],[-2.88454,43.43005],[-2.88444,43.43],[-2.88425,43.4299],[-2.88407,43.42981],[-2.88392,43.42972],[-2.88381,43.42961],[-2.88377,43.42957]]}},{"type":"Feature","properties":{"id":629826638,"highway":"service","superficie":"grass"},"geometry":{"type":"LineString","coordinates":[[-2.89647,43.431],[-2.89646,43.43101],[-2.89645,43.43103],[-2.89646,43.43109],[-2.89648,43.43114]]}},{"type":"Feature","properties":{"id":629826642,"highway":"service"},"geometry":{"type":"LineString","coordinates":[[-2.89928,43.43135],[-2.89935,43.43139],[-2.89944,43.43145],[-2.89952,43.43146],[-2.89957,43.43145],[-2.89962,43.43144],[-2.89964,43.4314],[-2.89964,43.43135],[-2.89962,43.43131],[-2.89958,43.43125],[-2.89957,43.43124],[-2.89957,43.43121],[-2.89959,43.43117],[-2.89964,43.43116],[-2.89966,43.43118],[-2.89971,43.43122]]}},{"type":"Feature","properties":{"id":629833555,"highway":"service"},"geometry":{"type":"LineString","coordinates":[[-2.9044,43.42164],[-2.90449,43.42152],[-2.90462,43.42138],[-2.90471,43.42133],[-2.9048,43.42131],[-2.90493,43.42126],[-2.9051,43.42117],[-2.9052,43.4211],[-2.90526,43.42102],[-2.9053,43.42097],[-2.90534,43.4208],[-2.90536,43.42064],[-2.90539,43.42059],[-2.90548,43.42058],[-2.90554,43.4206],[-2.90555,43.42065],[-2.90551,43.4208],[-2.90552,43.42088],[-2.90558,43.42095],[-2.90573,43.421],[-2.90603,43.42103]]}},{"type":"Feature","properties":{"id":629839016,"highway":"service"},"geometry":{"type":"LineString","coordinates":[[-2.9172,43.41321],[-2.91729,43.41318],[-2.91734,43.41317],[-2.91741,43.4132],[-2.91748,43.41325]]}},{"type":"Feature","properties":{"id":629840723,"highway":"service"},"geometry":{"type":"LineString","coordinates":[[-2.91511,43.42089],[-2.91501,43.42097],[-2.91494,43.42105],[-2.9149,43.42111],[-2.91488,43.42116],[-2.91487,43.42123],[-2.91485,43.42138],[-2.91486,43.42143]]}},{"type":"Feature","properties":{"id":629854909,"highway":"track"},"geometry":{"type":"MultiLineString","coordinates":[[[-2.91817,43.38853],[-2.91817,43.38847],[-2.91816,43.3884]],[[-2.9156,43.38663],[-2.91552,43.38662],[-2.91449,43.38655],[-2.91318,43.3866],[-2.91285,43.38662],[-2.91259,43.38668],[-2.91237,43.38676],[-2.91219,43.38689],[-2.91193,43.38699],[-2.91173,43.38711],[-2.91156,43.38723],[-2.91144,43.38741],[-2.91122,43.38756],[-2.91069,43.38773],[-2.91025,43.3879]]]}},{"type":"Feature","properties":{"id":634678958,"highway":"service"},"geometry":{"type":"LineString","coordinates":[[-2.91414,43.41046],[-2.91372,43.41056],[-2.91366,43.41054],[-2.91357,43.41033]]}},{"type":"Feature","properties":{"id":635293666,"highway":"service"},"geometry":{"type":"LineString","coordinates":[[-2.90823,43.41869],[-2.90837,43.41859],[-2.90842,43.41846],[-2.90843,43.41832]]}},{"type":"Feature","properties":{"id":647002711,"highway":"tertiary","ref":"BI-3117"},"geometry":{"type":"MultiLineString","coordinates":[[[-2.86669,43.414],[-2.8666,43.41406],[-2.86643,43.41416],[-2.8663,43.4142],[-2.8661,43.41425],[-2.86601,43.41427]],[[-2.86561,43.4144],[-2.86546,43.41446],[-2.86527,43.41452],[-2.86478,43.4147],[-2.86463,43.41475]]]}},{"type":"Feature","properties":{"id":647002712,"highway":"tertiary","ref":"BI-3117"},"geometry":{"type":"MultiLineString","coordinates":[[[-2.86463,43.41475],[-2.86457,43.41477],[-2.86456,43.41478],[-2.86412,43.41493],[-2.8639,43.41499],[-2.86365,43.41504],[-2.86343,43.41505]],[[-2.86302,43.41517],[-2.86299,43.41521],[-2.86296,43.41528],[-2.86293,43.41547],[-2.86291,43.4158],[-2.86293,43.41593],[-2.863,43.41621],[-2.863,43.41632],[-2.86298,43.4164],[-2.86288,43.41651],[-2.86282,43.41656],[-2.86266,43.41665],[-2.86248,43.41667],[-2.86247,43.41667],[-2.86226,43.41666],[-2.86163,43.41661],[-2.86138,43.41659],[-2.86124,43.41663],[-2.86114,43.4167],[-2.86106,43.41678],[-2.86103,43.41688],[-2.86105,43.41699],[-2.86104,43.4172],[-2.86102,43.41734],[-2.861,43.41743],[-2.86086,43.41779],[-2.86055,43.41841],[-2.86037,43.41865],[-2.86021,43.41875],[-2.85973,43.41896],[-2.85891,43.41929],[-2.85853,43.41947],[-2.85826,43.41964],[-2.85813,43.41975],[-2.85786,43.42005],[-2.85762,43.42035],[-2.85702,43.42121],[-2.8568,43.42154],[-2.85662,43.42182],[-2.85646,43.42203],[-2.85634,43.42213],[-2.85627,43.4222],[-2.85616,43.42226],[-2.85592,43.42235],[-2.85578,43.4224],[-2.85562,43.42248],[-2.85557,43.42255],[-2.85528,43.42283],[-2.85512,43.42295],[-2.85497,43.42307],[-2.85427,43.42357],[-2.8541,43.42372],[-2.85391,43.42388],[-2.85363,43.42414],[-2.85341,43.42434],[-2.85331,43.42443],[-2.85329,43.4245]]]}},{"type":"Feature","properties":{"id":647002714,"highway":"unclassified"},"geometry":{"type":"LineString","coordinates":[[-2.85721,43.41591],[-2.85725,43.41597],[-2.85728,43.41605],[-2.8573,43.41612],[-2.85733,43.4162],[-2.85734,43.41625],[-2.85735,43.41627],[-2.85736,43.41629],[-2.85737,43.41631],[-2.85744,43.41639],[-2.85752,43.41652],[-2.85759,43.41662],[-2.85759,43.41664],[-2.85761,43.41667],[-2.85764,43.41673],[-2.85765,43.41675],[-2.85768,43.41687],[-2.85773,43.41702],[-2.85777,43.41719],[-2.8578,43.41731],[-2.85782,43.41755],[-2.85782,43.41767],[-2.8578,43.41777],[-2.85775,43.41792],[-2.8577,43.41805],[-2.85769,43.41806],[-2.85763,43.41818],[-2.85761,43.4182],[-2.85752,43.41833],[-2.85724,43.41871],[-2.85718,43.41881],[-2.85713,43.41889],[-2.8571,43.41895],[-2.85704,43.41906],[-2.85703,43.41908],[-2.85698,43.4192],[-2.85694,43.41931],[-2.8569,43.41946],[-2.85688,43.41953],[-2.85674,43.42029],[-2.8567,43.42064],[-2.85665,43.42098],[-2.85656,43.42132],[-2.85655,43.42137],[-2.85651,43.42163],[-2.85648,43.42173],[-2.85647,43.42175],[-2.85642,43.42184],[-2.85638,43.42192],[-2.85636,43.42196],[-2.85636,43.42198],[-2.85634,43.42213]]}},{"type":"Feature","properties":{"id":647002715,"highway":"footway"},"geometry":{"type":"MultiLineString","coordinates":[[[-2.85706,43.41592],[-2.85667,43.41595],[-2.85587,43.41593]],[[-2.85569,43.41593],[-2.85537,43.41595],[-2.85511,43.41599],[-2.85473,43.41601],[-2.85429,43.41601],[-2.85367,43.41599],[-2.85332,43.416],[-2.85307,43.41597],[-2.85305,43.41596]]]}},{"type":"Feature","properties":{"id":647002716,"highway":"track"},"geometry":{"type":"LineString","coordinates":[[-2.84592,43.41804],[-2.84595,43.4181],[-2.84604,43.41818],[-2.84614,43.41825],[-2.84632,43.41834],[-2.8466,43.41845],[-2.84682,43.41853],[-2.84696,43.41856],[-2.84708,43.41857],[-2.84721,43.41853],[-2.84752,43.41839],[-2.84785,43.41825],[-2.84816,43.4181],[-2.84831,43.41804]]}},{"type":"Feature","properties":{"id":647002721,"highway":"tertiary","ref":"BI-3152"},"geometry":{"type":"LineString","coordinates":[[-2.8536,43.42451],[-2.85351,43.42451],[-2.85342,43.4245],[-2.85329,43.4245],[-2.85297,43.42452],[-2.85242,43.42457],[-2.85135,43.42466],[-2.85092,43.4247],[-2.8506,43.42471],[-2.85032,43.4247],[-2.84913,43.42464],[-2.84881,43.42462],[-2.84851,43.42461],[-2.84837,43.42458],[-2.84827,43.42453],[-2.84821,43.42448],[-2.84813,43.4244],[-2.84811,43.42433],[-2.8481,43.42421],[-2.84807,43.42416],[-2.848,43.42407],[-2.84793,43.42401],[-2.84785,43.42398],[-2.84775,43.42395],[-2.84755,43.42392],[-2.84724,43.4239],[-2.84709,43.42388],[-2.84701,43.42387]]}},{"type":"Feature","properties":{"id":647006951,"highway":"track"},"geometry":{"type":"LineString","coordinates":[[-2.90477,43.43132],[-2.90501,43.43141],[-2.90525,43.43135],[-2.90554,43.43135],[-2.90613,43.43122],[-2.90639,43.43123],[-2.90647,43.43135],[-2.90672,43.43153],[-2.90718,43.4316],[-2.90761,43.43163],[-2.90792,43.43162]]}},{"type":"Feature","properties":{"id":647006952,"highway":"track"},"geometry":{"type":"LineString","coordinates":[[-2.9049,43.43178],[-2.90456,43.43149],[-2.90453,43.43135],[-2.9045,43.43114],[-2.90449,43.43103],[-2.90443,43.43091]]}},{"type":"Feature","properties":{"id":647006953,"highway":"track"},"geometry":{"type":"LineString","coordinates":[[-2.9049,43.43178],[-2.90555,43.43183],[-2.90579,43.43185],[-2.90584,43.4319],[-2.90593,43.43229],[-2.90589,43.4324],[-2.90576,43.43262],[-2.90586,43.43267],[-2.90602,43.43266],[-2.90644,43.43252],[-2.90658,43.43246],[-2.90693,43.43235],[-2.90725,43.43221],[-2.90755,43.43195],[-2.90784,43.43169],[-2.90792,43.43162]]}},{"type":"Feature","properties":{"id":647006954,"highway":"track","superficie":"dirt"},"geometry":{"type":"LineString","coordinates":[[-2.90477,43.43132],[-2.90464,43.43121],[-2.90457,43.43103],[-2.90443,43.43091]]}},{"type":"Feature","properties":{"id":647006955,"highway":"tertiary","superficie":"asphalt"},"geometry":{"type":"LineString","coordinates":[[-2.8974,43.43103],[-2.89745,43.43102],[-2.89749,43.43101],[-2.89752,43.431],[-2.89755,43.43097]]}},{"type":"Feature","properties":{"id":647006956,"highway":"service","superficie":"asphalt"},"geometry":{"type":"LineString","coordinates":[[-2.89368,43.43162],[-2.89385,43.43168]]}},{"type":"Feature","properties":{"id":647006957,"highway":"residential"},"geometry":{"type":"LineString","coordinates":[[-2.89368,43.43162],[-2.89367,43.43165],[-2.89365,43.43169],[-2.89355,43.43181],[-2.89349,43.43189],[-2.89345,43.43196],[-2.89349,43.43203]]}},{"type":"Feature","properties":{"id":647006958,"highway":"residential"},"geometry":{"type":"LineString","coordinates":[[-2.89137,43.42998],[-2.89137,43.42998],[-2.89137,43.42997],[-2.89137,43.42996],[-2.89137,43.42995],[-2.89136,43.42994],[-2.89136,43.42993]]}},{"type":"Feature","properties":{"id":647006959,"highway":"track","superficie":"dirt"},"geometry":{"type":"LineString","coordinates":[[-2.89139,43.42884],[-2.89141,43.42878],[-2.89146,43.42865],[-2.89148,43.42856],[-2.89146,43.42849],[-2.89141,43.42838],[-2.89139,43.42828],[-2.89139,43.42816],[-2.89139,43.42806],[-2.89129,43.42789],[-2.89117,43.42778],[-2.89108,43.42765],[-2.89106,43.42757],[-2.89104,43.42749],[-2.89107,43.42738],[-2.89123,43.42724],[-2.89159,43.42706],[-2.89177,43.42699],[-2.89199,43.42698],[-2.89207,43.42699]]}},{"type":"Feature","properties":{"id":647006960,"highway":"track","superficie":"dirt"},"geometry":{"type":"LineString","coordinates":[[-2.89234,43.42338],[-2.89221,43.42331],[-2.89216,43.42329],[-2.89198,43.42319],[-2.89181,43.42304],[-2.89158,43.42287],[-2.89143,43.42284],[-2.8911,43.42281]]}},{"type":"Feature","properties":{"id":647006961,"highway":"track"},"geometry":{"type":"LineString","coordinates":[[-2.8911,43.42281],[-2.8908,43.42278],[-2.89025,43.42268],[-2.89002,43.42263],[-2.88998,43.42263],[-2.88979,43.42264],[-2.88975,43.42264],[-2.88965,43.42258],[-2.88919,43.42236],[-2.88902,43.4223],[-2.88883,43.42222],[-2.88842,43.42204],[-2.8883,43.42196],[-2.88825,43.42191],[-2.88819,43.42184],[-2.88813,43.42172],[-2.88802,43.42154],[-2.8875,43.42104],[-2.88732,43.42089],[-2.88725,43.42086],[-2.88714,43.42082],[-2.88697,43.42073],[-2.88678,43.42057],[-2.88675,43.42054],[-2.88671,43.42044],[-2.88676,43.42005],[-2.88678,43.41993],[-2.88686,43.41972],[-2.88693,43.41946],[-2.887,43.41909],[-2.887,43.41904],[-2.88696,43.41899]]}},{"type":"Feature","properties":{"id":647006962,"highway":"track"},"geometry":{"type":"LineString","coordinates":[[-2.88144,43.4123],[-2.8816,43.41249],[-2.88178,43.41271],[-2.88188,43.41301],[-2.88187,43.41323],[-2.88184,43.41335],[-2.88177,43.41351],[-2.88177,43.41366],[-2.88183,43.41391],[-2.8819,43.41406],[-2.882,43.41419],[-2.88206,43.41426],[-2.88215,43.4143],[-2.88238,43.41447],[-2.88252,43.41462]]}},{"type":"Feature","properties":{"id":647006963,"highway":"track","superficie":"ground"},"geometry":{"type":"LineString","coordinates":[[-2.87949,43.41388],[-2.87962,43.41394],[-2.87966,43.41395],[-2.87975,43.41395]]}},{"type":"Feature","properties":{"id":647006964,"highway":"track","superficie":"ground"},"geometry":{"type":"LineString","coordinates":[[-2.87484,43.42319],[-2.87462,43.42281],[-2.87456,43.42268],[-2.87458,43.42242],[-2.87458,43.42222],[-2.87452,43.42204],[-2.87469,43.42185],[-2.87491,43.42171],[-2.87497,43.42168],[-2.87509,43.42166],[-2.87533,43.4217],[-2.87575,43.42144],[-2.87593,43.42119],[-2.87607,43.42101],[-2.87614,43.42088],[-2.87624,43.42067],[-2.8764,43.42043],[-2.87645,43.42032],[-2.87669,43.42029],[-2.87683,43.42024],[-2.87684,43.42014],[-2.87687,43.42003],[-2.87697,43.41986],[-2.87716,43.41958],[-2.8773,43.41937],[-2.8773,43.41909],[-2.87737,43.41894],[-2.87747,43.41879],[-2.87763,43.41864],[-2.87768,43.41858],[-2.87767,43.41849],[-2.87767,43.41835],[-2.87758,43.41808],[-2.87758,43.41793],[-2.8778,43.41763],[-2.87793,43.41746],[-2.87802,43.41746],[-2.87823,43.41747],[-2.87839,43.4174],[-2.87838,43.4172],[-2.87853,43.41708],[-2.8786,43.41704],[-2.87867,43.41693],[-2.87876,43.41673],[-2.87881,43.41659],[-2.87884,43.41653],[-2.87887,43.41637],[-2.87886,43.41618],[-2.87883,43.41601],[-2.87889,43.41586],[-2.87892,43.41541],[-2.87892,43.41524],[-2.87897,43.41496],[-2.87902,43.41459],[-2.87903,43.41433],[-2.87911,43.41423],[-2.87929,43.41412],[-2.87941,43.414],[-2.8795,43.41395],[-2.87949,43.41388]]}},{"type":"Feature","properties":{"id":647006965,"highway":"track"},"geometry":{"type":"LineString","coordinates":[[-2.87874,43.41362],[-2.87885,43.41366],[-2.87902,43.41371],[-2.87918,43.41376],[-2.87928,43.4138],[-2.8794,43.41384],[-2.87949,43.41388]]}},{"type":"Feature","properties":{"id":687605658,"highway":"track","superficie":"ground"},"geometry":{"type":"LineString","coordinates":[[-2.87975,43.41395],[-2.87986,43.41383],[-2.87992,43.41364],[-2.87996,43.41359]]}},{"type":"Feature","properties":{"id":687613369,"highway":"tertiary","nombre":"Erbera kalea","izena_eu":"Erbera kalea","nombre_es":"Erbera Kalea","oneway":"yes","superficie":"asphalt"},"geometry":{"type":"LineString","coordinates":[[-2.89648,43.43114],[-2.89583,43.4314]]}},{"type":"Feature","properties":{"id":687613372,"highway":"tertiary","nombre":"Erbera kalea","izena_eu":"Erbera kalea","nombre_es":"Erbera Kalea","oneway":"yes","superficie":"asphalt"},"geometry":{"type":"LineString","coordinates":[[-2.89727,43.43094],[-2.89698,43.43102],[-2.89669,43.43108],[-2.89648,43.43114]]}},{"type":"Feature","properties":{"id":687613373,"highway":"service","superficie":"asphalt"},"geometry":{"type":"LineString","coordinates":[[-2.89728,43.42872],[-2.89728,43.42877],[-2.8973,43.4288],[-2.89752,43.4291],[-2.89756,43.42914],[-2.89769,43.4292],[-2.89773,43.42921]]}},{"type":"Feature","properties":{"id":687613374,"highway":"service"},"geometry":{"type":"LineString","coordinates":[[-2.89939,43.42656],[-2.89933,43.42654]]}},{"type":"Feature","properties":{"id":687613375,"highway":"track","superficie":"compacted"},"geometry":{"type":"LineString","coordinates":[[-2.90231,43.41801],[-2.90224,43.41817],[-2.90216,43.41826],[-2.90214,43.41834],[-2.90213,43.4184],[-2.90216,43.41846],[-2.90219,43.4187],[-2.90221,43.41877],[-2.90235,43.41886],[-2.90282,43.41909],[-2.90334,43.41921],[-2.90347,43.41945],[-2.90334,43.41949],[-2.90305,43.41989],[-2.90312,43.4201],[-2.90316,43.42021],[-2.90323,43.42055],[-2.90325,43.42063],[-2.90328,43.42076],[-2.90333,43.42091],[-2.90335,43.42107],[-2.90339,43.42117],[-2.90365,43.42163],[-2.90366,43.42167],[-2.90356,43.42183],[-2.90344,43.42197],[-2.90332,43.42236],[-2.90327,43.42242],[-2.9033,43.42255],[-2.90338,43.4227],[-2.90339,43.42284],[-2.90331,43.42301],[-2.90308,43.42325],[-2.90288,43.42341],[-2.90259,43.42355],[-2.9023,43.42366],[-2.90137,43.42383],[-2.90124,43.42388],[-2.90101,43.42402],[-2.90086,43.42409],[-2.90082,43.42419],[-2.90068,43.42429],[-2.90049,43.42453],[-2.90055,43.42461]]}},{"type":"Feature","properties":{"id":687613377,"highway":"track"},"geometry":{"type":"LineString","coordinates":[[-2.9024,43.41808],[-2.90237,43.41806],[-2.90233,43.41804],[-2.90231,43.41801]]}},{"type":"Feature","properties":{"id":687613378,"highway":"secondary","ref":"BI-2120"},"geometry":{"type":"LineString","coordinates":[[-2.90872,43.39798],[-2.90864,43.39794],[-2.90855,43.39791]]}},{"type":"Feature","properties":{"id":689630937,"highway":"track"},"geometry":{"type":"LineString","coordinates":[[-2.88213,43.4191],[-2.88224,43.41914],[-2.88249,43.41934],[-2.88272,43.41949],[-2.8829,43.41963],[-2.883,43.41964],[-2.88305,43.41959],[-2.88313,43.41928],[-2.88318,43.41918],[-2.88332,43.41902],[-2.88377,43.4188],[-2.88385,43.41875],[-2.88402,43.41862],[-2.88409,43.41857],[-2.88423,43.41848],[-2.8843,43.41836],[-2.88438,43.41826],[-2.88452,43.41817],[-2.88452,43.4181],[-2.88452,43.41794],[-2.88459,43.4178],[-2.88467,43.41752],[-2.88473,43.41745],[-2.88476,43.41733],[-2.88476,43.4172],[-2.88473,43.41689],[-2.8848,43.41673],[-2.88486,43.41657],[-2.88482,43.41652],[-2.88481,43.41642]]}},{"type":"Feature","properties":{"id":689630938,"highway":"track"},"geometry":{"type":"LineString","coordinates":[[-2.88504,43.4166],[-2.88497,43.41657],[-2.88486,43.41657]]}},{"type":"Feature","properties":{"id":689630939,"highway":"track"},"geometry":{"type":"LineString","coordinates":[[-2.88173,43.41938],[-2.88166,43.41941],[-2.88154,43.4195],[-2.88138,43.41964],[-2.8814,43.41969],[-2.88149,43.41984],[-2.88161,43.42003],[-2.88175,43.42017],[-2.88208,43.4204],[-2.88221,43.42045],[-2.88233,43.42045],[-2.88254,43.42041],[-2.88269,43.4204],[-2.88306,43.42031],[-2.88335,43.4203],[-2.88351,43.42035],[-2.88353,43.42044],[-2.88354,43.42061],[-2.8835,43.42089],[-2.8836,43.42108],[-2.88372,43.42133],[-2.88398,43.42149],[-2.88455,43.42166],[-2.88463,43.42168],[-2.8847,43.42177],[-2.88485,43.42193],[-2.88494,43.42202],[-2.885,43.42218],[-2.88518,43.4225],[-2.88516,43.4226],[-2.88507,43.42283]]}},{"type":"Feature","properties":{"id":689630940,"highway":"track"},"geometry":{"type":"LineString","coordinates":[[-2.88138,43.41964],[-2.88135,43.41972],[-2.8813,43.4199],[-2.88128,43.42006],[-2.88121,43.42019],[-2.88116,43.42024]]}},{"type":"Feature","properties":{"id":689630941,"highway":"track"},"geometry":{"type":"LineString","coordinates":[[-2.88353,43.42044],[-2.88346,43.42057],[-2.88338,43.42065],[-2.88329,43.42072],[-2.8832,43.42077],[-2.88299,43.42106],[-2.8829,43.42134],[-2.88286,43.42152],[-2.88286,43.42158],[-2.88292,43.42167],[-2.88301,43.42178],[-2.88309,43.42192],[-2.88317,43.42199],[-2.88331,43.42204],[-2.8834,43.42205],[-2.88347,43.42204],[-2.88393,43.42192],[-2.88407,43.42187],[-2.88415,43.42188],[-2.88421,43.42191]]}},{"type":"Feature","properties":{"id":689630942,"highway":"track"},"geometry":{"type":"LineString","coordinates":[[-2.88212,43.42276],[-2.88209,43.4227],[-2.8821,43.42263],[-2.88207,43.42255],[-2.88187,43.42233],[-2.88162,43.42207],[-2.88156,43.42197],[-2.88144,43.42176],[-2.88139,43.42163],[-2.88136,43.42149],[-2.88128,43.42123],[-2.88115,43.42087],[-2.88109,43.42067],[-2.88104,43.42053],[-2.88104,43.42045]]}},{"type":"Feature","properties":{"id":689630943,"highway":"track"},"geometry":{"type":"LineString","coordinates":[[-2.87785,43.42403],[-2.87827,43.42415],[-2.87836,43.42416],[-2.87846,43.42415],[-2.87875,43.424],[-2.8789,43.42395],[-2.87904,43.42389],[-2.87911,43.42387],[-2.87941,43.42388],[-2.87951,43.42392],[-2.87964,43.42392],[-2.8799,43.42387],[-2.8801,43.42384],[-2.88024,43.4238],[-2.88034,43.42375],[-2.8805,43.42371],[-2.88069,43.42374],[-2.88083,43.42379],[-2.88098,43.42377],[-2.88108,43.42373],[-2.88118,43.42362],[-2.88134,43.42359],[-2.88142,43.42358],[-2.8815,43.42352],[-2.88157,43.4234],[-2.88166,43.42321]]}},{"type":"Feature","properties":{"id":689630944,"highway":"track"},"geometry":{"type":"LineString","coordinates":[[-2.88675,43.42054],[-2.88669,43.42055],[-2.88662,43.42051],[-2.88651,43.42042],[-2.88636,43.42029],[-2.88629,43.42022],[-2.88625,43.42013],[-2.8862,43.42008],[-2.88612,43.42001],[-2.88608,43.41991],[-2.88602,43.41971],[-2.88597,43.41965],[-2.88594,43.41959],[-2.88592,43.41954],[-2.88592,43.41932],[-2.88588,43.41924],[-2.88579,43.41907],[-2.88577,43.41902],[-2.88572,43.41898],[-2.88543,43.41887],[-2.88496,43.41877],[-2.88474,43.41876],[-2.88465,43.41876],[-2.88434,43.41875],[-2.88424,43.41873],[-2.88418,43.41868],[-2.88414,43.41863],[-2.88409,43.41857]]}},{"type":"Feature","properties":{"id":689630945,"highway":"track"},"geometry":{"type":"LineString","coordinates":[[-2.88669,43.42055],[-2.88655,43.42057],[-2.88627,43.42059],[-2.88594,43.42066]]}},{"type":"Feature","properties":{"id":689630946,"highway":"track"},"geometry":{"type":"LineString","coordinates":[[-2.88575,43.42233],[-2.88583,43.42239],[-2.88595,43.42243],[-2.8861,43.42245],[-2.88632,43.4225],[-2.88647,43.42251],[-2.88665,43.42249],[-2.88683,43.42247],[-2.88691,43.42243],[-2.88702,43.4223],[-2.8871,43.42225],[-2.88722,43.42221],[-2.88733,43.42222],[-2.88744,43.42223],[-2.88751,43.42223],[-2.88757,43.4222],[-2.88761,43.42216],[-2.88776,43.42182],[-2.88779,43.42172],[-2.88776,43.42161],[-2.88752,43.42137],[-2.88742,43.4213],[-2.88715,43.42117],[-2.88698,43.42106],[-2.88688,43.42102],[-2.88674,43.42096],[-2.88669,43.42093],[-2.88668,43.42088],[-2.88671,43.42082],[-2.88675,43.42074],[-2.88673,43.42065],[-2.88669,43.42055]]}},{"type":"Feature","properties":{"id":689633903,"highway":"track"},"geometry":{"type":"LineString","coordinates":[[-2.90049,43.39779],[-2.90046,43.39776],[-2.90042,43.39768],[-2.9004,43.39764]]}},{"type":"Feature","properties":{"id":689659906,"highway":"track"},"geometry":{"type":"LineString","coordinates":[[-2.84788,43.4268],[-2.84782,43.42695],[-2.84775,43.42707],[-2.84763,43.42712],[-2.84748,43.42713],[-2.84734,43.42716],[-2.84724,43.42722],[-2.84708,43.42741],[-2.84682,43.42763],[-2.84672,43.4277],[-2.8466,43.42772],[-2.84639,43.42774],[-2.84627,43.42775],[-2.84611,43.42782],[-2.84579,43.42801],[-2.84547,43.42828],[-2.84531,43.42845],[-2.84523,43.42851],[-2.84515,43.42848],[-2.84493,43.42833],[-2.84462,43.42819],[-2.84452,43.42816],[-2.84444,43.42818],[-2.84444,43.42826],[-2.84459,43.42842],[-2.84481,43.4287],[-2.84493,43.42899],[-2.84496,43.42924],[-2.84491,43.4295],[-2.84493,43.42969],[-2.84502,43.42987],[-2.84518,43.43007],[-2.84537,43.43028],[-2.84543,43.43047],[-2.84546,43.4308],[-2.84546,43.43118],[-2.84547,43.43135],[-2.84553,43.43162]]}},{"type":"Feature","properties":{"id":689659907,"highway":"track"},"geometry":{"type":"LineString","coordinates":[[-2.84821,43.42633],[-2.84821,43.42644],[-2.84824,43.42659],[-2.84849,43.427],[-2.84866,43.42724],[-2.84904,43.4277],[-2.84923,43.4279],[-2.84947,43.42814],[-2.84962,43.42824]]}},{"type":"Feature","properties":{"id":725443808,"highway":"tertiary_link","oneway":"yes"},"geometry":{"type":"LineString","coordinates":[[-2.8781,43.43126],[-2.87805,43.43125],[-2.87801,43.43125],[-2.87796,43.43127],[-2.87793,43.43129],[-2.8779,43.43132],[-2.8779,43.43135],[-2.87791,43.43139],[-2.87793,43.43142],[-2.87796,43.43144],[-2.878,43.43145]]}},{"type":"Feature","properties":{"id":868653050,"highway":"track"},"geometry":{"type":"LineString","coordinates":[[-2.88332,43.42437],[-2.88271,43.42513],[-2.88209,43.42559],[-2.88147,43.42571],[-2.88121,43.4262],[-2.88085,43.42651],[-2.88083,43.42711],[-2.8805,43.42765],[-2.8802,43.42838],[-2.88027,43.42862],[-2.88018,43.42864],[-2.87976,43.42861]]}},{"type":"Feature","properties":{"id":974564737,"highway":"footway","superficie":"earth"},"geometry":{"type":"LineString","coordinates":[[-2.89887,43.41775],[-2.89865,43.41768],[-2.89845,43.41743]]}},{"type":"Feature","properties":{"id":974564738,"highway":"footway"},"geometry":{"type":"LineString","coordinates":[[-2.89845,43.41743],[-2.89834,43.41737],[-2.89825,43.41736]]}},{"type":"Feature","properties":{"id":1071203050,"highway":"path"},"geometry":{"type":"LineString","coordinates":[[-2.90886,43.43526],[-2.90874,43.4353],[-2.90852,43.43531],[-2.90812,43.43528]]}},{"type":"Feature","properties":{"id":1071203051,"highway":"path"},"geometry":{"type":"LineString","coordinates":[[-2.90772,43.43555],[-2.90718,43.43593],[-2.90696,43.4361],[-2.9065,43.43633],[-2.90624,43.43639],[-2.90603,43.43641],[-2.90575,43.43641],[-2.90534,43.43643],[-2.90501,43.43648],[-2.90462,43.4366],[-2.90437,43.4367],[-2.90433,43.43673]]}},{"type":"Feature","properties":{"id":1104792381,"highway":"service"},"geometry":{"type":"LineString","coordinates":[[-2.91348,43.39651],[-2.91358,43.39653],[-2.91368,43.39649],[-2.91383,43.39644],[-2.914,43.39643],[-2.91406,43.39641],[-2.91415,43.39636],[-2.91422,43.39634],[-2.91431,43.39636],[-2.91439,43.39643],[-2.9144,43.39648],[-2.91437,43.39655]]}},{"type":"Feature","properties":{"id":1104792382,"highway":"service"},"geometry":{"type":"LineString","coordinates":[[-2.914,43.39643],[-2.91405,43.39644],[-2.91407,43.39646],[-2.91406,43.3965]]}},{"type":"Feature","properties":{"id":1104792383,"highway":"unclassified"},"geometry":{"type":"LineString","coordinates":[[-2.911,43.39618],[-2.91082,43.39612],[-2.91065,43.39608],[-2.9105,43.39605],[-2.91032,43.39601],[-2.91008,43.39598],[-2.91005,43.39598],[-2.90989,43.39596]]}},{"type":"Feature","properties":{"id":1104792385,"highway":"service"},"geometry":{"type":"LineString","coordinates":[[-2.91068,43.39595],[-2.91061,43.39585],[-2.91057,43.39583],[-2.91051,43.39578]]}},{"type":"Feature","properties":{"id":1104792386,"highway":"service"},"geometry":{"type":"LineString","coordinates":[[-2.91008,43.39598],[-2.90999,43.39584]]}},{"type":"Feature","properties":{"id":1104792387,"highway":"service"},"geometry":{"type":"LineString","coordinates":[[-2.91005,43.39598],[-2.91002,43.39604],[-2.91001,43.39611]]}},{"type":"Feature","properties":{"id":1104792390,"highway":"service"},"geometry":{"type":"LineString","coordinates":[[-2.9111,43.39691],[-2.9111,43.39683],[-2.91107,43.39679],[-2.91096,43.39672],[-2.91081,43.39668],[-2.91054,43.39667],[-2.91045,43.39662],[-2.91041,43.39662]]}},{"type":"Feature","properties":{"id":1104792397,"highway":"service"},"geometry":{"type":"LineString","coordinates":[[-2.90722,43.39675],[-2.90729,43.3968]]}},{"type":"Feature","properties":{"id":1131594603,"highway":"track","superficie":"rock"},"geometry":{"type":"LineString","coordinates":[[-2.91755,43.39342],[-2.91761,43.3931],[-2.9176,43.39269],[-2.91762,43.39245],[-2.91762,43.39223],[-2.9176,43.3921],[-2.91751,43.39187],[-2.91734,43.39158],[-2.91725,43.39144],[-2.91705,43.39109],[-2.91685,43.39088],[-2.91678,43.39081],[-2.91668,43.39066],[-2.9166,43.39048],[-2.91653,43.39039],[-2.91645,43.39032],[-2.91636,43.39028],[-2.91618,43.39024],[-2.916,43.39016],[-2.9158,43.39004],[-2.91573,43.38997],[-2.9156,43.38966],[-2.91555,43.38954],[-2.91556,43.38946],[-2.91561,43.38938],[-2.91569,43.38933],[-2.91582,43.38931],[-2.91613,43.38935],[-2.91624,43.38936],[-2.91639,43.38933],[-2.9165,43.38932],[-2.91673,43.38934],[-2.91696,43.38933],[-2.91712,43.38931],[-2.91718,43.38927],[-2.91731,43.38921],[-2.91747,43.38909],[-2.91758,43.38897],[-2.91778,43.38873],[-2.91789,43.38865],[-2.91817,43.38853]]}},{"type":"Feature","properties":{"id":1133454284,"highway":"footway","superficie":"paving_stones"},"geometry":{"type":"LineString","coordinates":[[-2.89404,43.4318],[-2.89406,43.43185]]}},{"type":"Feature","properties":{"id":1133454285,"highway":"footway","puente":"yes","superficie":"asphalt"},"geometry":{"type":"LineString","coordinates":[[-2.89439,43.43188],[-2.89414,43.43188]]}},{"type":"Feature","properties":{"id":1133454286,"highway":"footway","superficie":"asphalt"},"geometry":{"type":"LineString","coordinates":[[-2.89414,43.43188],[-2.89411,43.43189],[-2.89407,43.43189]]}},{"type":"Feature","properties":{"id":1133454287,"highway":"footway","superficie":"asphalt"},"geometry":{"type":"LineString","coordinates":[[-2.89457,43.43189],[-2.89439,43.43188]]}},{"type":"Feature","properties":{"id":1133454288,"highway":"footway"},"geometry":{"type":"LineString","coordinates":[[-2.89472,43.43189],[-2.89478,43.43193],[-2.89518,43.43194],[-2.89523,43.4319],[-2.8953,43.43191]]}},{"type":"Feature","properties":{"id":1133454289,"highway":"footway"},"geometry":{"type":"LineString","coordinates":[[-2.89457,43.43189],[-2.89464,43.43189],[-2.89472,43.43189]]}},{"type":"Feature","properties":{"id":1133454290,"highway":"footway","superficie":"asphalt"},"geometry":{"type":"LineString","coordinates":[[-2.89468,43.43229],[-2.8947,43.43238],[-2.89474,43.43241]]}},{"type":"Feature","properties":{"id":1133454294,"highway":"footway"},"geometry":{"type":"LineString","coordinates":[[-2.89606,43.43192],[-2.89606,43.43194],[-2.89592,43.43193],[-2.89589,43.43193]]}},{"type":"Feature","properties":{"id":1133454295,"highway":"footway","superficie":"asphalt"},"geometry":{"type":"LineString","coordinates":[[-2.89589,43.43193],[-2.89579,43.43195],[-2.89548,43.43194],[-2.8954,43.43192]]}},{"type":"Feature","properties":{"id":1133454296,"highway":"footway"},"geometry":{"type":"LineString","coordinates":[[-2.8953,43.43191],[-2.89534,43.43191],[-2.8954,43.43192]]}},{"type":"Feature","properties":{"id":1133454297,"highway":"footway","superficie":"asphalt"},"geometry":{"type":"LineString","coordinates":[[-2.89607,43.43188],[-2.89615,43.43188]]}},{"type":"Feature","properties":{"id":1133454298,"highway":"footway","superficie":"asphalt"},"geometry":{"type":"LineString","coordinates":[[-2.89548,43.43194],[-2.89548,43.43189]]}},{"type":"Feature","properties":{"id":1161369308,"highway":"footway"},"geometry":{"type":"LineString","coordinates":[[-2.91619,43.4321],[-2.91753,43.43303]]}},{"type":"Feature","properties":{"id":1161369309,"highway":"footway"},"geometry":{"type":"LineString","coordinates":[[-2.91619,43.4321],[-2.91568,43.43194],[-2.91531,43.43177],[-2.91435,43.43157],[-2.91397,43.43131],[-2.9134,43.43086],[-2.91291,43.43081],[-2.91269,43.43072]]}},{"type":"Feature","properties":{"id":1216058171,"highway":"service"},"geometry":{"type":"LineString","coordinates":[[-2.90813,43.39269],[-2.90839,43.39268],[-2.90888,43.39248],[-2.90897,43.39242]]}},{"type":"Feature","properties":{"id":1216643186,"highway":"track"},"geometry":{"type":"LineString","coordinates":[[-2.89465,43.40954],[-2.89453,43.40955],[-2.89437,43.40957],[-2.8943,43.4096],[-2.89425,43.40965],[-2.89421,43.40969],[-2.89417,43.40971],[-2.89406,43.40972]]}},{"type":"Feature","properties":{"id":1226765519,"highway":"tertiary","nombre":"Armintzekalde kalea","oneway":"yes","superficie":"paving_stones"},"geometry":{"type":"LineString","coordinates":[[-2.89657,43.4319],[-2.8967,43.4319],[-2.89675,43.4319],[-2.89688,43.43187]]}},{"type":"Feature","properties":{"id":1226765520,"highway":"tertiary","nombre":"Armintzekalde kalea","izena_eu":"Armintzekalde kalea","nombre_es":"Calle Armintzekalde","oneway":"no","superficie":"asphalt"},"geometry":{"type":"LineString","coordinates":[[-2.89709,43.43168],[-2.89712,43.43162],[-2.89722,43.43143],[-2.89725,43.43135],[-2.89736,43.43113],[-2.89739,43.43106],[-2.8974,43.43103]]}},{"type":"Feature","properties":{"id":1240713901,"highway":"track","superficie":"compacted"},"geometry":{"type":"LineString","coordinates":[[-2.90072,43.42468],[-2.9007,43.42478],[-2.90066,43.42497],[-2.90064,43.42502],[-2.90048,43.42518],[-2.90018,43.42546],[-2.90002,43.42561],[-2.89998,43.42566],[-2.89987,43.42586],[-2.89979,43.42599],[-2.89933,43.42654]]}},{"type":"Feature","properties":{"id":1240713902,"highway":"track","puente":"yes","superficie":"compacted"},"geometry":{"type":"LineString","coordinates":[[-2.90055,43.42461],[-2.90072,43.42468]]}},{"type":"Feature","properties":{"id":1242170978,"highway":"track"},"geometry":{"type":"LineString","coordinates":[[-2.9113,43.39175],[-2.91166,43.39176],[-2.91188,43.39176],[-2.91205,43.39174],[-2.91217,43.39172],[-2.91235,43.39168],[-2.91247,43.39164],[-2.91308,43.39141],[-2.91357,43.39124],[-2.91378,43.39117],[-2.91393,43.39112],[-2.91406,43.39106],[-2.91416,43.39103],[-2.91424,43.39102],[-2.9143,43.39102],[-2.91438,43.39104],[-2.91464,43.39113],[-2.9148,43.39118],[-2.91499,43.39125]]}},{"type":"Feature","properties":{"id":1242170979,"highway":"track"},"geometry":{"type":"LineString","coordinates":[[-2.91217,43.39172],[-2.91212,43.39168],[-2.91188,43.3916],[-2.91144,43.39137],[-2.91141,43.39133],[-2.91144,43.39129],[-2.91157,43.39119],[-2.91167,43.39113],[-2.9118,43.39107],[-2.91191,43.39099],[-2.91211,43.39089],[-2.91213,43.39086],[-2.91212,43.39082],[-2.91205,43.39071]]}},{"type":"Feature","properties":{"id":1244664310,"highway":"service"},"geometry":{"type":"LineString","coordinates":[[-2.91619,43.4001],[-2.91619,43.39983],[-2.91622,43.39973],[-2.91632,43.39951],[-2.91644,43.39941],[-2.91652,43.39936]]}},{"type":"Feature","properties":{"id":1292800864,"highway":"service"},"geometry":{"type":"LineString","coordinates":[[-2.91178,43.41557],[-2.91232,43.41571],[-2.91251,43.41575],[-2.91261,43.41575],[-2.91264,43.41573],[-2.91275,43.41566],[-2.91277,43.4156]]}},{"type":"Feature","properties":{"id":1292800873,"highway":"service"},"geometry":{"type":"LineString","coordinates":[[-2.9117,43.41671],[-2.91252,43.41691]]}},{"type":"Feature","properties":{"id":1292800881,"highway":"service"},"geometry":{"type":"LineString","coordinates":[[-2.90145,43.41127],[-2.9014,43.41134],[-2.90137,43.41149],[-2.90136,43.41155]]}},{"type":"Feature","properties":{"id":1292800883,"highway":"footway"},"geometry":{"type":"LineString","coordinates":[[-2.90212,43.41284],[-2.90198,43.4126],[-2.90194,43.41255],[-2.90188,43.41246],[-2.9018,43.41241],[-2.90174,43.41237],[-2.9017,43.41234],[-2.90168,43.41233],[-2.90142,43.41243],[-2.90137,43.41244],[-2.9013,43.41244],[-2.90114,43.41246],[-2.90109,43.41248]]}},{"type":"Feature","properties":{"id":1292800885,"highway":"footway"},"geometry":{"type":"LineString","coordinates":[[-2.90194,43.41255],[-2.90204,43.41235],[-2.90206,43.4123],[-2.902,43.41224],[-2.90193,43.41216]]}},{"type":"Feature","properties":{"id":1292800886,"highway":"unclassified"},"geometry":{"type":"LineString","coordinates":[[-2.89447,43.40949],[-2.89432,43.40942],[-2.89424,43.4094],[-2.89415,43.40934],[-2.894,43.40925]]}},{"type":"Feature","properties":{"id":1292800893,"highway":"service"},"geometry":{"type":"LineString","coordinates":[[-2.89138,43.42913],[-2.89166,43.42915],[-2.89173,43.42914],[-2.89176,43.42911],[-2.89178,43.42907],[-2.89179,43.42898]]}},{"type":"Feature","properties":{"id":1292800896,"highway":"track"},"geometry":{"type":"LineString","coordinates":[[-2.90018,43.42857],[-2.90011,43.42859],[-2.9,43.42863],[-2.89992,43.42869],[-2.89987,43.42875],[-2.89985,43.42877]]}},{"type":"Feature","properties":{"id":1292800898,"highway":"service"},"geometry":{"type":"LineString","coordinates":[[-2.91208,43.4206],[-2.91205,43.42055],[-2.91203,43.42052],[-2.91192,43.42052],[-2.91167,43.42051],[-2.91161,43.42052],[-2.91148,43.42054],[-2.91133,43.42056],[-2.91123,43.42058],[-2.91114,43.42058],[-2.91104,43.42058],[-2.91093,43.42056],[-2.91087,43.42055],[-2.91085,43.42052],[-2.91084,43.42048],[-2.91086,43.42044],[-2.91089,43.42041],[-2.91093,43.4204],[-2.91105,43.42042],[-2.91123,43.42045],[-2.91146,43.42048],[-2.91161,43.42052]]}},{"type":"Feature","properties":{"id":1292800905,"highway":"service"},"geometry":{"type":"LineString","coordinates":[[-2.91674,43.41902],[-2.91621,43.41899],[-2.91611,43.419],[-2.91604,43.41901],[-2.91599,43.41907]]}},{"type":"Feature","properties":{"id":1303105393,"highway":"service"},"geometry":{"type":"LineString","coordinates":[[-2.89528,43.43114],[-2.8953,43.43097],[-2.89532,43.43093]]}},{"type":"Feature","properties":{"id":1317407698,"highway":"tertiary","ref":"BI-3152","superficie":"asphalt"},"geometry":{"type":"LineString","coordinates":[[-2.89412,43.43185],[-2.89406,43.43185]]}},{"type":"Feature","properties":{"id":1317407699,"highway":"footway","superficie":"paving_stones"},"geometry":{"type":"LineString","coordinates":[[-2.89406,43.43185],[-2.89407,43.43189]]}},{"type":"Feature","properties":{"id":1358535307,"highway":"path"},"geometry":{"type":"LineString","coordinates":[[-2.84705,43.42292],[-2.84719,43.42293]]}},{"type":"Feature","properties":{"id":1362654918,"highway":"path"},"geometry":{"type":"LineString","coordinates":[[-2.86585,43.42628],[-2.86596,43.42664],[-2.8656,43.42694],[-2.86603,43.42735]]}},{"type":"Feature","properties":{"id":1362654919,"highway":"path"},"geometry":{"type":"LineString","coordinates":[[-2.86539,43.42849],[-2.86567,43.42893],[-2.86583,43.42951],[-2.86557,43.4299],[-2.86498,43.42996],[-2.86459,43.43004],[-2.8641,43.42974],[-2.86376,43.42949],[-2.8634,43.42939],[-2.86294,43.42947]]}},{"type":"Feature","properties":{"id":1362654921,"highway":"path"},"geometry":{"type":"LineString","coordinates":[[-2.86066,43.42999],[-2.8604,43.42994],[-2.86015,43.42993],[-2.85981,43.42985],[-2.85934,43.4296],[-2.85906,43.4295],[-2.85877,43.42941],[-2.85857,43.42931],[-2.85796,43.42924]]}},{"type":"Feature","properties":{"id":1362654926,"highway":"path"},"geometry":{"type":"LineString","coordinates":[[-2.85346,43.42906],[-2.85321,43.429],[-2.85291,43.42896],[-2.85242,43.42893],[-2.85175,43.42888],[-2.85128,43.42885],[-2.85076,43.42909],[-2.85057,43.42907],[-2.85034,43.42891],[-2.85005,43.42868],[-2.8498,43.42844],[-2.84954,43.4283],[-2.84934,43.42817],[-2.849,43.42803],[-2.84871,43.42793],[-2.84859,43.42791]]}},{"type":"Feature","properties":{"id":1362654927,"highway":"track"},"geometry":{"type":"LineString","coordinates":[[-2.86603,43.42735],[-2.86601,43.42751],[-2.86568,43.42799],[-2.86543,43.42834],[-2.8653,43.42876],[-2.86521,43.42896],[-2.86508,43.429],[-2.86488,43.42895],[-2.86461,43.42872],[-2.86438,43.42861],[-2.86402,43.42861],[-2.86356,43.42854],[-2.86277,43.42828],[-2.86221,43.42804],[-2.86202,43.42799],[-2.86154,43.42777],[-2.86128,43.42768],[-2.86074,43.42746],[-2.86032,43.42722]]}},{"type":"Feature","properties":{"id":1362654928,"highway":"path"},"geometry":{"type":"LineString","coordinates":[[-2.84451,43.43102],[-2.84453,43.43105],[-2.84452,43.43106]]}},{"type":"Feature","properties":{"id":1362656166,"highway":"track"},"geometry":{"type":"LineString","coordinates":[[-2.84897,43.421],[-2.84912,43.42081],[-2.84928,43.4206],[-2.8496,43.42016],[-2.84981,43.41993],[-2.85004,43.41953],[-2.85011,43.419],[-2.85008,43.41854],[-2.85003,43.41839],[-2.84995,43.41812],[-2.84972,43.41784],[-2.84946,43.41791],[-2.84908,43.4182],[-2.84786,43.41846],[-2.84727,43.4186]]}},{"type":"Feature","properties":{"id":1362656167,"highway":"track"},"geometry":{"type":"LineString","coordinates":[[-2.85008,43.41854],[-2.84982,43.41875],[-2.8491,43.41926],[-2.84851,43.41963],[-2.84842,43.42007],[-2.84829,43.4202]]}},{"type":"Feature","properties":{"id":1362656168,"highway":"path"},"geometry":{"type":"LineString","coordinates":[[-2.85694,43.41592],[-2.85682,43.416],[-2.85533,43.41601],[-2.85521,43.4162],[-2.85531,43.41689],[-2.85505,43.41695],[-2.85466,43.41684],[-2.85434,43.41652],[-2.85405,43.41621],[-2.85386,43.41633],[-2.85369,43.41684],[-2.85381,43.4174],[-2.85326,43.41769],[-2.85289,43.41797],[-2.85229,43.41811],[-2.85173,43.41812],[-2.85117,43.41807],[-2.85055,43.41831],[-2.85034,43.41836],[-2.85003,43.41839]]}},{"type":"Feature","properties":{"id":1362656169,"highway":"path"},"geometry":{"type":"LineString","coordinates":[[-2.85555,43.42245],[-2.85509,43.42233],[-2.85459,43.42226],[-2.8541,43.42215],[-2.85354,43.42196],[-2.85347,43.42144],[-2.85341,43.42092],[-2.85314,43.42063],[-2.85263,43.42087],[-2.85194,43.42112],[-2.85117,43.42127],[-2.85057,43.42142],[-2.85003,43.4217],[-2.84967,43.42176],[-2.84974,43.42203],[-2.84968,43.42219]]}},{"type":"Feature","properties":{"id":1362656170,"highway":"path"},"geometry":{"type":"LineString","coordinates":[[-2.85662,43.42154],[-2.85669,43.42126],[-2.85646,43.42096],[-2.85632,43.42055],[-2.85623,43.41997],[-2.85605,43.4198],[-2.85568,43.41971],[-2.85508,43.41973],[-2.85444,43.41997],[-2.85346,43.42048],[-2.85314,43.42063]]}},{"type":"Feature","properties":{"id":1362656171,"highway":"path"},"geometry":{"type":"LineString","coordinates":[[-2.85597,43.42658],[-2.85578,43.42681],[-2.85543,43.42723],[-2.85504,43.4276],[-2.85494,43.42782],[-2.85503,43.42793],[-2.85541,43.42788],[-2.85573,43.42792],[-2.8561,43.42785],[-2.85643,43.42785],[-2.85656,43.42795],[-2.85653,43.42836],[-2.85658,43.42867],[-2.85709,43.42907],[-2.85772,43.42943],[-2.85776,43.42954],[-2.85724,43.4296],[-2.85697,43.42966]]}},{"type":"Feature","properties":{"id":1375832076,"highway":"track","superficie":"rock"},"geometry":{"type":"LineString","coordinates":[[-2.91817,43.38853],[-2.91832,43.38847]]}},{"type":"Feature","properties":{"id":1418425098,"highway":"footway"},"geometry":{"type":"LineString","coordinates":[[-2.89697,43.43098],[-2.89711,43.43095],[-2.89715,43.43092],[-2.89718,43.43087],[-2.89721,43.43084],[-2.89723,43.43081],[-2.89726,43.43078],[-2.89729,43.43077],[-2.89732,43.43075],[-2.89736,43.43074],[-2.89741,43.43073],[-2.89745,43.43072],[-2.89748,43.4307],[-2.8975,43.43069],[-2.89753,43.43066],[-2.89757,43.43061],[-2.89757,43.43059],[-2.8976,43.4305],[-2.89763,43.43038],[-2.89763,43.43037],[-2.89764,43.43035],[-2.89768,43.43032],[-2.89774,43.43032]]}},{"type":"Feature","properties":{"id":1418425099,"highway":"footway"},"geometry":{"type":"LineString","coordinates":[[-2.89697,43.43098],[-2.89695,43.43092]]}},{"type":"Feature","properties":{"id":1418425100,"highway":"footway"},"geometry":{"type":"LineString","coordinates":[[-2.89695,43.43092],[-2.89693,43.43088]]}},{"type":"Feature","properties":{"id":1418425101,"highway":"footway"},"geometry":{"type":"LineString","coordinates":[[-2.89691,43.43081],[-2.8969,43.43079]]}},{"type":"Feature","properties":{"id":1418425102,"highway":"footway","puente":"yes"},"geometry":{"type":"LineString","coordinates":[[-2.89693,43.43088],[-2.89691,43.43081]]}},{"type":"Feature","properties":{"id":1418425103,"highway":"path"},"geometry":{"type":"LineString","coordinates":[[-2.8969,43.43079],[-2.89691,43.43076],[-2.89677,43.43075]]}},{"type":"Feature","properties":{"id":1418425104,"highway":"footway","superficie":"grass"},"geometry":{"type":"LineString","coordinates":[[-2.89662,43.43086],[-2.8965,43.43097],[-2.89647,43.431]]}},{"type":"Feature","properties":{"id":1418425105,"highway":"footway","puente":"yes","superficie":"grass"},"geometry":{"type":"LineString","coordinates":[[-2.89663,43.43085],[-2.89662,43.43086]]}},{"type":"Feature","properties":{"id":1418425107,"highway":"footway"},"geometry":{"type":"LineString","coordinates":[[-2.89697,43.43098],[-2.89689,43.43099],[-2.8968,43.431],[-2.89669,43.43102],[-2.89658,43.43106],[-2.8965,43.43108]]}},{"type":"Feature","properties":{"id":1418425108,"highway":"footway"},"geometry":{"type":"LineString","coordinates":[[-2.89641,43.43111],[-2.89579,43.43136],[-2.89579,43.43136],[-2.89567,43.43141],[-2.89542,43.43154]]}},{"type":"Feature","properties":{"id":1418425110,"highway":"footway"},"geometry":{"type":"LineString","coordinates":[[-2.89531,43.43161],[-2.89526,43.43166],[-2.89523,43.43167],[-2.8952,43.43169],[-2.8951,43.43173],[-2.89492,43.43179]]}},{"type":"Feature","properties":{"id":1418425112,"highway":"footway"},"geometry":{"type":"LineString","coordinates":[[-2.89695,43.43106],[-2.89683,43.43108],[-2.89671,43.43111],[-2.8966,43.43113],[-2.89648,43.43117],[-2.89636,43.43122],[-2.89625,43.43126],[-2.89613,43.43131],[-2.89601,43.43136],[-2.89591,43.43139],[-2.89584,43.43142]]}},{"type":"Feature","properties":{"id":1418425113,"highway":"footway"},"geometry":{"type":"LineString","coordinates":[[-2.89584,43.43142],[-2.89583,43.43143],[-2.89581,43.43147],[-2.89572,43.43152],[-2.8956,43.43157],[-2.89529,43.43173]]}},{"type":"Feature","properties":{"id":1418425114,"highway":"footway"},"geometry":{"type":"LineString","coordinates":[[-2.89695,43.43106],[-2.89699,43.43106],[-2.89705,43.43106],[-2.89714,43.43108],[-2.89721,43.43114],[-2.89724,43.43122],[-2.89724,43.43129],[-2.89722,43.43133],[-2.89721,43.43134],[-2.89704,43.43166]]}},{"type":"Feature","properties":{"id":1418425115,"highway":"footway"},"geometry":{"type":"LineString","coordinates":[[-2.89704,43.43166],[-2.89696,43.43177],[-2.89689,43.4318],[-2.89681,43.43184],[-2.8967,43.43188]]}},{"type":"Feature","properties":{"id":1418425116,"highway":"footway","superficie":"asphalt"},"geometry":{"type":"LineString","coordinates":[[-2.8967,43.43188],[-2.89657,43.43189],[-2.89615,43.43188]]}},{"type":"Feature","properties":{"id":1418484724,"highway":"footway"},"geometry":{"type":"LineString","coordinates":[[-2.89606,43.43194],[-2.89641,43.43195],[-2.89655,43.43196]]}},{"type":"Feature","properties":{"id":1418484725,"highway":"footway"},"geometry":{"type":"LineString","coordinates":[[-2.89656,43.43194],[-2.89671,43.43194],[-2.89686,43.43194],[-2.89692,43.43196],[-2.89702,43.43203],[-2.89717,43.43214],[-2.8972,43.43217]]}},{"type":"Feature","properties":{"id":1418484726,"highway":"footway"},"geometry":{"type":"LineString","coordinates":[[-2.89708,43.43198],[-2.89704,43.43192],[-2.89702,43.4319],[-2.89707,43.43186],[-2.89713,43.43178],[-2.8972,43.43164],[-2.8973,43.43145]]}},{"type":"Feature","properties":{"id":1418484727,"highway":"footway"},"geometry":{"type":"LineString","coordinates":[[-2.8973,43.43145],[-2.89734,43.43137],[-2.8975,43.43105],[-2.89758,43.43098]]}},{"type":"Feature","properties":{"id":1418484728,"highway":"footway"},"geometry":{"type":"LineString","coordinates":[[-2.89708,43.43198],[-2.89718,43.43209],[-2.89723,43.43206],[-2.89738,43.43219]]}},{"type":"Feature","properties":{"id":1418484732,"highway":"pedestrian"},"geometry":{"type":"LineString","coordinates":[[-2.89818,43.4329],[-2.8983,43.43288],[-2.89846,43.43282],[-2.8984,43.43265],[-2.89843,43.43253],[-2.89845,43.43243],[-2.89858,43.43218],[-2.89866,43.43204],[-2.89886,43.43168]]}},{"type":"Feature","properties":{"id":1418486503,"highway":"footway"},"geometry":{"type":"LineString","coordinates":[[-2.8972,43.43217],[-2.89729,43.43225],[-2.89739,43.43233],[-2.89777,43.43264],[-2.89794,43.43277],[-2.89807,43.4329]]}},{"type":"Feature","properties":{"id":1418488886,"highway":"footway"},"geometry":{"type":"LineString","coordinates":[[-2.89607,43.43188],[-2.89566,43.43186],[-2.89548,43.43185],[-2.89529,43.43184],[-2.89529,43.43173]]}},{"type":"Feature","properties":{"id":1418488887,"highway":"footway"},"geometry":{"type":"LineString","coordinates":[[-2.89529,43.43173],[-2.89526,43.43169],[-2.89523,43.43167]]}},{"type":"Feature","properties":{"id":1418488888,"highway":"footway"},"geometry":{"type":"LineString","coordinates":[[-2.89584,43.43142],[-2.89583,43.4314],[-2.89579,43.43136]]}},{"type":"Feature","properties":{"id":1418488889,"highway":"footway"},"geometry":{"type":"LineString","coordinates":[[-2.89699,43.43106],[-2.89698,43.43102],[-2.89697,43.43098]]}},{"type":"Feature","properties":{"id":1418488890,"highway":"footway"},"geometry":{"type":"LineString","coordinates":[[-2.89734,43.43137],[-2.89725,43.43135],[-2.89721,43.43134]]}},{"type":"Feature","properties":{"id":1418488891,"highway":"footway"},"geometry":{"type":"LineString","coordinates":[[-2.89702,43.4319],[-2.89696,43.43193],[-2.89692,43.43196]]}},{"type":"Feature","properties":{"id":1418488892,"highway":"footway"},"geometry":{"type":"LineString","coordinates":[[-2.89738,43.43219],[-2.89733,43.43223],[-2.89729,43.43225]]}},{"type":"Feature","properties":{"id":1418488894,"highway":"footway"},"geometry":{"type":"LineString","coordinates":[[-2.89738,43.43219],[-2.89742,43.43222]]}},{"type":"Feature","properties":{"id":1498339569,"highway":"tertiary","ref":"BI-3152","superficie":"asphalt"},"geometry":{"type":"LineString","coordinates":[[-2.89132,43.43276],[-2.89122,43.43275],[-2.89109,43.43273],[-2.89102,43.43272],[-2.89078,43.43266],[-2.89043,43.43258],[-2.88995,43.43247],[-2.88966,43.4324],[-2.8895,43.43237]]}},{"type":"Feature","properties":{"id":1498339570,"highway":"tertiary","ref":"BI-3152"},"geometry":{"type":"LineString","coordinates":[[-2.89147,43.43266],[-2.89145,43.43267],[-2.89143,43.43267],[-2.89141,43.43268],[-2.8914,43.4327],[-2.8914,43.43272],[-2.8914,43.43273],[-2.89142,43.43275],[-2.89143,43.43276],[-2.89146,43.43276],[-2.89148,43.43276],[-2.8915,43.43276],[-2.89152,43.43275],[-2.89153,43.43274],[-2.89154,43.43272],[-2.89154,43.4327],[-2.89153,43.43269],[-2.89151,43.43268],[-2.8915,43.43267],[-2.89147,43.43266]]}},{"type":"Feature","properties":{"id":1498339571,"highway":"tertiary","ref":"BI-3152","oneway":"yes","superficie":"asphalt"},"geometry":{"type":"LineString","coordinates":[[-2.89132,43.43276],[-2.89139,43.43276],[-2.89143,43.43276]]}},{"type":"Feature","properties":{"id":1498339572,"highway":"tertiary","ref":"BI-3152","superficie":"asphalt"},"geometry":{"type":"LineString","coordinates":[[-2.8914,43.43272],[-2.89132,43.43276]]}},{"type":"Feature","properties":{"id":1498339573,"highway":"tertiary","ref":"BI-3152","oneway":"yes","superficie":"asphalt"},"geometry":{"type":"LineString","coordinates":[[-2.89169,43.43269],[-2.89157,43.43269],[-2.89153,43.43269]]}},{"type":"Feature","properties":{"id":1498339574,"highway":"tertiary","ref":"BI-3152","oneway":"yes","superficie":"asphalt"},"geometry":{"type":"LineString","coordinates":[[-2.89152,43.43275],[-2.89164,43.43271],[-2.89168,43.4327],[-2.89169,43.43269]]}},{"type":"Feature","properties":{"id":1498339575,"highway":"service","oneway":"yes","superficie":"asphalt"},"geometry":{"type":"LineString","coordinates":[[-2.8915,43.43267],[-2.8914,43.4326]]}},{"type":"Feature","properties":{"id":1498339576,"highway":"service","oneway":"yes"},"geometry":{"type":"LineString","coordinates":[[-2.8914,43.4326],[-2.89141,43.43266],[-2.89141,43.43268]]}},{"type":"Feature","properties":{"id":1498339577,"highway":"tertiary","ref":"BI-3152","superficie":"asphalt"},"geometry":{"type":"LineString","coordinates":[[-2.89203,43.43257],[-2.89169,43.43269]]}},{"type":"Feature","properties":{"id":1498339580,"highway":"service"},"geometry":{"type":"LineString","coordinates":[[-2.89182,43.43289],[-2.89176,43.43286],[-2.89173,43.43284],[-2.89164,43.43271]]}},{"type":"Feature","properties":{"id":1498339581,"highway":"footway"},"geometry":{"type":"LineString","coordinates":[[-2.89227,43.43252],[-2.89217,43.43256],[-2.89214,43.43253]]}},{"type":"Feature","properties":{"id":1498339582,"highway":"footway"},"geometry":{"type":"LineString","coordinates":[[-2.89407,43.43189],[-2.89396,43.43191],[-2.89384,43.43195],[-2.89351,43.43207],[-2.89336,43.43213],[-2.89312,43.43221],[-2.89288,43.4323],[-2.89277,43.43234],[-2.89263,43.43239],[-2.89245,43.43246],[-2.89227,43.43252]]}},{"type":"Feature","properties":{"id":1498339583,"highway":"tertiary","ref":"BI-3152","superficie":"asphalt"},"geometry":{"type":"LineString","coordinates":[[-2.89253,43.43239],[-2.8924,43.43243],[-2.89214,43.43253],[-2.89204,43.43256],[-2.89203,43.43257]]}},{"type":"Feature","properties":{"id":1498339584,"highway":"tertiary","ref":"BI-3152","superficie":"asphalt"},"geometry":{"type":"LineString","coordinates":[[-2.89291,43.43224],[-2.89253,43.43239]]}},{"type":"Feature","properties":{"id":1498339587,"highway":"footway"},"geometry":{"type":"LineString","coordinates":[[-2.89399,43.43176],[-2.89408,43.43164]]}},{"type":"Feature","properties":{"id":1499142810,"highway":"footway"},"geometry":{"type":"LineString","coordinates":[[-2.89657,43.4319],[-2.89657,43.43189]]}},{"type":"Feature","properties":{"id":1559948017,"highway":"secondary","ref":"BI-2120","superficie":"asphalt"},"geometry":{"type":"LineString","coordinates":[[-2.90659,43.39735],[-2.90656,43.39739],[-2.90655,43.39744],[-2.90656,43.39748],[-2.90658,43.39752],[-2.90662,43.39756],[-2.90668,43.39758],[-2.90674,43.39759]]}},{"type":"Feature","properties":{"id":1559948018,"highway":"secondary","ref":"BI-2153"},"geometry":{"type":"LineString","coordinates":[[-2.90769,43.39859],[-2.90762,43.3985],[-2.90753,43.39841],[-2.90744,43.39834],[-2.90723,43.39818],[-2.90703,43.39802],[-2.90693,43.39794],[-2.90686,43.39786],[-2.90681,43.3978],[-2.90675,43.39767],[-2.90674,43.39759]]}},{"type":"Feature","properties":{"id":1559948019,"highway":"secondary","ref":"BI-2120","superficie":"asphalt"},"geometry":{"type":"LineString","coordinates":[[-2.90674,43.39759],[-2.9068,43.39759],[-2.90686,43.39757],[-2.90692,43.39754],[-2.90695,43.3975],[-2.90696,43.39745]]}},{"type":"Feature","properties":{"id":1560611395,"highway":"tertiary","superficie":"asphalt"},"geometry":{"type":"LineString","coordinates":[[-2.89755,43.43097],[-2.89757,43.43094],[-2.89757,43.43091],[-2.89756,43.43087],[-2.89754,43.43084],[-2.89751,43.43082]]}}]}
