{"type":"FeatureCollection","features":[{"type":"Feature","properties":{"id":122875940,"highway":"tertiary","nombre":"Arranotegi auzoa","ref":"BI-4207","superficie":"asphalt"},"geometry":{"type":"LineString","coordinates":[[-2.76549,43.37638],[-2.76559,43.37636]]}},{"type":"Feature","properties":{"id":122962980,"highway":"residential","nombre":"Mesterika auzoa","superficie":"asphalt"},"geometry":{"type":"LineString","coordinates":[[-2.80293,43.3622],[-2.80267,43.36228]]}},{"type":"Feature","properties":{"id":122962981,"highway":"residential","nombre":"Mesterika auzoa","superficie":"asphalt"},"geometry":{"type":"LineString","coordinates":[[-2.80174,43.36319],[-2.80136,43.36325],[-2.80123,43.3633],[-2.80113,43.36335],[-2.80105,43.36342],[-2.80097,43.36351],[-2.80091,43.36361],[-2.8009,43.36371],[-2.80091,43.36381],[-2.80095,43.36392],[-2.80102,43.36401],[-2.80115,43.36411],[-2.80125,43.36415],[-2.8014,43.36421],[-2.80157,43.36422],[-2.8019,43.36419],[-2.80204,43.36416]]}},{"type":"Feature","properties":{"id":123021097,"highway":"unclassified"},"geometry":{"type":"LineString","coordinates":[[-2.80264,43.35651],[-2.80286,43.3565],[-2.80291,43.35649],[-2.80298,43.35648],[-2.80328,43.35636],[-2.80354,43.35622],[-2.80367,43.35615],[-2.80398,43.35603],[-2.80401,43.35602],[-2.80465,43.35583],[-2.80503,43.35572],[-2.80535,43.35563],[-2.80629,43.35543],[-2.80731,43.35524],[-2.80855,43.35497],[-2.80899,43.35486],[-2.8098,43.35471],[-2.81029,43.35462],[-2.81041,43.35457],[-2.81065,43.35446],[-2.81083,43.35433],[-2.81097,43.35424],[-2.81116,43.35415],[-2.81134,43.35411]]}},{"type":"Feature","properties":{"id":196520600,"highway":"primary","nombre":"Bilbao - Bermeo errepidea","izena_eu":"Bilbao - Bermeo errepidea","nombre_es":"Carretera Bilbao - Bermeo","ref":"BI-631"},"geometry":{"type":"LineString","coordinates":[[-2.79775,43.37559],[-2.79747,43.37577],[-2.79746,43.37578],[-2.79684,43.37618],[-2.79605,43.37669],[-2.79586,43.37679],[-2.79563,43.37689],[-2.79545,43.37693],[-2.79527,43.37694],[-2.79487,43.37696],[-2.79459,43.37701],[-2.79443,43.37707],[-2.79392,43.37736],[-2.79374,43.37748]]}},{"type":"Feature","properties":{"id":196520601,"highway":"primary","nombre":"Arripiku biribilgunea","ref":"BI-631"},"geometry":{"type":"LineString","coordinates":[[-2.80153,43.37324],[-2.80152,43.37321],[-2.80149,43.37317],[-2.80145,43.37314],[-2.8014,43.37312]]}},{"type":"Feature","properties":{"id":196520602,"highway":"primary","ref":"BI-631","oneway":"yes"},"geometry":{"type":"LineString","coordinates":[[-2.80153,43.37324],[-2.80159,43.37318],[-2.80165,43.37312],[-2.80176,43.37301]]}},{"type":"Feature","properties":{"id":196520603,"highway":"primary","ref":"BI-631","oneway":"yes"},"geometry":{"type":"LineString","coordinates":[[-2.80111,43.37325],[-2.80105,43.37331],[-2.80086,43.3735],[-2.80061,43.37367],[-2.80025,43.37392]]}},{"type":"Feature","properties":{"id":196520604,"highway":"secondary","ref":"BI-2101","oneway":"yes"},"geometry":{"type":"LineString","coordinates":[[-2.80128,43.37342],[-2.80134,43.37348],[-2.80139,43.37357],[-2.80141,43.37361]]}},{"type":"Feature","properties":{"id":230164451,"highway":"tertiary","ref":"BI-3117"},"geometry":{"type":"LineString","coordinates":[[-2.81374,43.37123],[-2.81372,43.37121],[-2.8135,43.37089],[-2.81328,43.37053],[-2.81316,43.37032],[-2.81309,43.37024],[-2.813,43.37015],[-2.81292,43.3701]]}},{"type":"Feature","properties":{"id":233227923,"highway":"primary","ref":"BI-631","oneway":"yes"},"geometry":{"type":"LineString","coordinates":[[-2.80176,43.37301],[-2.8016,43.37307],[-2.80148,43.3731],[-2.8014,43.37312]]}},{"type":"Feature","properties":{"id":233227924,"highway":"primary","ref":"BI-631","oneway":"yes"},"geometry":{"type":"LineString","coordinates":[[-2.80035,43.37393],[-2.80067,43.37372],[-2.80091,43.37356],[-2.801,43.3735],[-2.80114,43.37344],[-2.80123,43.37341]]}},{"type":"Feature","properties":{"id":233227925,"highway":"secondary","ref":"BI-2101","oneway":"yes"},"geometry":{"type":"LineString","coordinates":[[-2.80148,43.37358],[-2.80147,43.37356],[-2.80147,43.37344],[-2.80148,43.37337]]}},{"type":"Feature","properties":{"id":239252342,"highway":"unclassified","puente":"yes"},"geometry":{"type":"LineString","coordinates":[[-2.81134,43.35411],[-2.81146,43.35409]]}},{"type":"Feature","properties":{"id":239680890,"highway":"tertiary_link","ref":"BI-4105","oneway":"yes","superficie":"asphalt"},"geometry":{"type":"LineString","coordinates":[[-2.79877,43.34991],[-2.79876,43.34988],[-2.79875,43.34986],[-2.79874,43.34983],[-2.79872,43.34982],[-2.79871,43.34981],[-2.79869,43.34979],[-2.79866,43.34978],[-2.79862,43.34977],[-2.79858,43.34976],[-2.79855,43.34976]]}},{"type":"Feature","properties":{"id":239680892,"highway":"tertiary","ref":"BI-4105","superficie":"asphalt"},"geometry":{"type":"LineString","coordinates":[[-2.80062,43.35276],[-2.80092,43.35314],[-2.80117,43.35347],[-2.80129,43.35366],[-2.80137,43.3538],[-2.80141,43.35387],[-2.80144,43.35392],[-2.8018,43.35472],[-2.80197,43.35511],[-2.80213,43.35544],[-2.80225,43.35569],[-2.80236,43.35593]]}},{"type":"Feature","properties":{"id":239680897,"highway":"tertiary_link","ref":"BI-4105","oneway":"yes","superficie":"asphalt"},"geometry":{"type":"LineString","coordinates":[[-2.79848,43.35002],[-2.7985,43.35003],[-2.79853,43.35003],[-2.79857,43.35004],[-2.79859,43.35004],[-2.79862,43.35003],[-2.79866,43.35002],[-2.79867,43.35001],[-2.79869,43.35001],[-2.7987,43.35],[-2.79872,43.34999],[-2.79874,43.34996],[-2.79874,43.34996]]}},{"type":"Feature","properties":{"id":239680899,"highway":"tertiary","ref":"BI-4105","oneway":"yes","superficie":"asphalt"},"geometry":{"type":"LineString","coordinates":[[-2.79898,43.35064],[-2.79891,43.35051],[-2.79887,43.3504],[-2.79881,43.35029],[-2.7988,43.35022],[-2.79879,43.35016],[-2.7988,43.35008],[-2.79881,43.35005],[-2.79883,43.34995],[-2.79885,43.3499],[-2.79894,43.34979],[-2.79905,43.3497],[-2.79916,43.34963],[-2.79943,43.34949]]}},{"type":"Feature","properties":{"id":239680904,"highway":"tertiary","ref":"BI-4105","superficie":"asphalt"},"geometry":{"type":"LineString","coordinates":[[-2.80271,43.35971],[-2.80278,43.36068]]}},{"type":"Feature","properties":{"id":239680906,"highway":"tertiary","ref":"BI-4105","superficie":"asphalt"},"geometry":{"type":"LineString","coordinates":[[-2.80267,43.35924],[-2.80271,43.35971]]}},{"type":"Feature","properties":{"id":239680908,"highway":"tertiary_link","ref":"BI-4105","oneway":"yes","superficie":"asphalt"},"geometry":{"type":"LineString","coordinates":[[-2.79848,43.35002],[-2.79878,43.35037]]}},{"type":"Feature","properties":{"id":239680910,"highway":"tertiary","ref":"BI-4105","oneway":"yes","superficie":"asphalt"},"geometry":{"type":"LineString","coordinates":[[-2.79878,43.35037],[-2.79898,43.35064]]}},{"type":"Feature","properties":{"id":239680912,"highway":"tertiary","ref":"BI-4105","superficie":"asphalt"},"geometry":{"type":"LineString","coordinates":[[-2.80925,43.365],[-2.80924,43.36497],[-2.80897,43.36419],[-2.80893,43.36409],[-2.80883,43.36392],[-2.80869,43.36376],[-2.80856,43.36365],[-2.8084,43.36355],[-2.80825,43.36347],[-2.808,43.36338],[-2.80779,43.36333],[-2.80775,43.36332],[-2.80756,43.3633],[-2.80737,43.36329],[-2.80717,43.3633],[-2.80701,43.36333],[-2.80683,43.36336],[-2.80639,43.36348],[-2.80586,43.36362],[-2.80531,43.36377],[-2.80515,43.36381],[-2.80486,43.36388],[-2.80471,43.36389],[-2.80459,43.36388],[-2.80447,43.36387],[-2.8043,43.36382],[-2.80417,43.36379]]}},{"type":"Feature","properties":{"id":239680914,"highway":"tertiary","ref":"BI-4105","superficie":"asphalt"},"geometry":{"type":"LineString","coordinates":[[-2.80278,43.36068],[-2.8028,43.36093]]}},{"type":"Feature","properties":{"id":239680915,"highway":"tertiary_link","ref":"BI-4105","oneway":"yes","superficie":"asphalt"},"geometry":{"type":"LineString","coordinates":[[-2.79877,43.34994],[-2.79877,43.34991]]}},{"type":"Feature","properties":{"id":239680916,"highway":"tertiary_link","ref":"BI-4105","oneway":"yes","superficie":"asphalt"},"geometry":{"type":"LineString","coordinates":[[-2.79874,43.34996],[-2.79877,43.34994]]}},{"type":"Feature","properties":{"id":239680917,"highway":"tertiary","ref":"BI-4105","oneway":"yes","superficie":"asphalt"},"geometry":{"type":"LineString","coordinates":[[-2.79877,43.34991],[-2.79874,43.34996]]}},{"type":"Feature","properties":{"id":239680918,"highway":"tertiary_link","ref":"BI-4105","oneway":"yes","superficie":"asphalt"},"geometry":{"type":"LineString","coordinates":[[-2.79877,43.34994],[-2.79885,43.3499]]}},{"type":"Feature","properties":{"id":239680920,"highway":"tertiary_link","ref":"BI-4105","oneway":"yes","superficie":"asphalt"},"geometry":{"type":"LineString","coordinates":[[-2.79808,43.34984],[-2.79817,43.34987],[-2.79826,43.3499],[-2.79841,43.34997]]}},{"type":"Feature","properties":{"id":239680924,"highway":"tertiary","ref":"BI-4105"},"geometry":{"type":"LineString","coordinates":[[-2.80194,43.34814],[-2.80215,43.34808],[-2.80234,43.34801],[-2.80247,43.34795],[-2.80312,43.34759]]}},{"type":"Feature","properties":{"id":239680927,"highway":"tertiary_link","ref":"BI-4105","oneway":"yes","superficie":"asphalt"},"geometry":{"type":"LineString","coordinates":[[-2.79917,43.34956],[-2.79909,43.34958],[-2.79855,43.34976]]}},{"type":"Feature","properties":{"id":239680929,"highway":"tertiary_link","ref":"BI-4105","oneway":"yes","superficie":"asphalt"},"geometry":{"type":"LineString","coordinates":[[-2.79846,43.34979],[-2.79834,43.34983],[-2.79825,43.34984],[-2.7982,43.34985],[-2.79814,43.34984],[-2.79808,43.34984]]}},{"type":"Feature","properties":{"id":239680931,"highway":"tertiary","ref":"BI-4105"},"geometry":{"type":"LineString","coordinates":[[-2.80312,43.34759],[-2.80327,43.34751],[-2.80351,43.3474],[-2.80367,43.34734],[-2.80384,43.34729],[-2.80399,43.34726]]}},{"type":"Feature","properties":{"id":239680933,"highway":"tertiary","ref":"BI-4105","oneway":"yes","superficie":"asphalt"},"geometry":{"type":"LineString","coordinates":[[-2.79874,43.34996],[-2.79873,43.35009],[-2.79874,43.35023],[-2.79878,43.35037]]}},{"type":"Feature","properties":{"id":239680937,"highway":"tertiary","ref":"BI-4105","superficie":"asphalt"},"geometry":{"type":"LineString","coordinates":[[-2.80075,43.34898],[-2.80059,43.34909],[-2.8002,43.34924],[-2.79943,43.34949]]}},{"type":"Feature","properties":{"id":239680941,"highway":"tertiary_link","ref":"BI-4105","oneway":"yes","superficie":"asphalt"},"geometry":{"type":"LineString","coordinates":[[-2.7988,43.35008],[-2.79877,43.35005],[-2.79878,43.34998],[-2.79877,43.34994]]}},{"type":"Feature","properties":{"id":239680943,"highway":"tertiary","ref":"BI-4105"},"geometry":{"type":"LineString","coordinates":[[-2.80583,43.34741],[-2.80583,43.34741]]}},{"type":"Feature","properties":{"id":239680944,"highway":"tertiary","ref":"BI-4105","superficie":"asphalt"},"geometry":{"type":"LineString","coordinates":[[-2.80075,43.34898],[-2.80114,43.34856],[-2.80124,43.34846],[-2.80136,43.34837],[-2.8015,43.34829],[-2.80166,43.34822],[-2.80194,43.34814]]}},{"type":"Feature","properties":{"id":239680946,"highway":"tertiary_link","ref":"BI-4105","oneway":"yes","superficie":"asphalt"},"geometry":{"type":"LineString","coordinates":[[-2.79855,43.34976],[-2.79853,43.34977],[-2.7985,43.34977],[-2.79849,43.34978],[-2.79846,43.34979]]}},{"type":"Feature","properties":{"id":239680949,"highway":"tertiary_link","ref":"BI-4105","oneway":"yes","superficie":"asphalt"},"geometry":{"type":"LineString","coordinates":[[-2.79841,43.34997],[-2.79844,43.34999],[-2.79847,43.35001],[-2.79848,43.35002]]}},{"type":"Feature","properties":{"id":239680953,"highway":"tertiary","ref":"BI-4105","superficie":"asphalt"},"geometry":{"type":"LineString","coordinates":[[-2.80062,43.35276],[-2.80014,43.35215],[-2.79984,43.35179],[-2.79947,43.3513],[-2.79929,43.35106],[-2.79898,43.35064]]}},{"type":"Feature","properties":{"id":239680955,"highway":"tertiary","ref":"BI-4105","oneway":"yes","superficie":"asphalt"},"geometry":{"type":"LineString","coordinates":[[-2.79943,43.34949],[-2.79917,43.34956],[-2.79902,43.34965],[-2.79893,43.34972],[-2.79884,43.34982],[-2.79877,43.34991]]}},{"type":"Feature","properties":{"id":239680963,"highway":"tertiary","ref":"BI-4105"},"geometry":{"type":"LineString","coordinates":[[-2.80399,43.34726],[-2.80437,43.34722],[-2.80476,43.34722],[-2.80505,43.34724],[-2.80513,43.34726],[-2.80521,43.34727],[-2.80532,43.34729],[-2.80583,43.34741]]}},{"type":"Feature","properties":{"id":239680969,"highway":"tertiary","ref":"BI-4105","superficie":"asphalt"},"geometry":{"type":"LineString","coordinates":[[-2.80264,43.35651],[-2.80272,43.35673],[-2.80275,43.35686],[-2.80276,43.35703],[-2.80275,43.35725],[-2.80266,43.35788],[-2.80262,43.35822],[-2.80263,43.35861],[-2.80267,43.35924]]}},{"type":"Feature","properties":{"id":239680971,"highway":"tertiary_link","ref":"BI-4105","oneway":"yes","superficie":"asphalt"},"geometry":{"type":"LineString","coordinates":[[-2.79846,43.34979],[-2.79845,43.3498],[-2.79842,43.34982],[-2.7984,43.34984],[-2.79839,43.34987],[-2.79839,43.3499],[-2.79839,43.34992],[-2.7984,43.34995],[-2.79841,43.34997]]}},{"type":"Feature","properties":{"id":239680973,"highway":"service"},"geometry":{"type":"LineString","coordinates":[[-2.80271,43.35971],[-2.80278,43.35969],[-2.80289,43.35964],[-2.80304,43.35945],[-2.80344,43.35894],[-2.80357,43.35877],[-2.80367,43.35866]]}},{"type":"Feature","properties":{"id":239680975,"highway":"service"},"geometry":{"type":"LineString","coordinates":[[-2.79266,43.34478],[-2.79271,43.34474],[-2.79287,43.34466],[-2.7931,43.34458],[-2.79344,43.34451],[-2.79378,43.34447],[-2.79433,43.34444],[-2.79483,43.34433],[-2.79596,43.34412],[-2.79722,43.3439]]}},{"type":"Feature","properties":{"id":239680977,"highway":"service"},"geometry":{"type":"LineString","coordinates":[[-2.80523,43.35198],[-2.80518,43.3519],[-2.80491,43.35164],[-2.80474,43.35149],[-2.80472,43.35148],[-2.80471,43.3515],[-2.80471,43.35155],[-2.80474,43.35163],[-2.80476,43.3517],[-2.80474,43.35181]]}},{"type":"Feature","properties":{"id":239680979,"highway":"service"},"geometry":{"type":"LineString","coordinates":[[-2.80459,43.34497],[-2.80457,43.34495],[-2.80447,43.34485],[-2.80428,43.34463],[-2.80414,43.34444],[-2.80403,43.34427],[-2.80398,43.34419],[-2.80391,43.34415],[-2.80384,43.34416],[-2.80377,43.3442],[-2.80369,43.34424]]}},{"type":"Feature","properties":{"id":239680983,"highway":"service","superficie":"asphalt"},"geometry":{"type":"LineString","coordinates":[[-2.79672,43.35156],[-2.79664,43.3517],[-2.79652,43.35188],[-2.79644,43.35203],[-2.79631,43.35227],[-2.79629,43.35232],[-2.79628,43.35248],[-2.79627,43.35256],[-2.79625,43.35266],[-2.79621,43.35273],[-2.79615,43.3528],[-2.7961,43.35286],[-2.79601,43.35291],[-2.79566,43.35317],[-2.7953,43.35351],[-2.79518,43.3536]]}},{"type":"Feature","properties":{"id":239680985,"highway":"service"},"geometry":{"type":"LineString","coordinates":[[-2.79906,43.3457],[-2.79905,43.34564],[-2.79899,43.34554],[-2.79888,43.34533],[-2.79875,43.3452],[-2.79852,43.34499],[-2.79841,43.34492],[-2.79833,43.34489],[-2.79806,43.34474],[-2.79793,43.34463],[-2.79785,43.34451],[-2.79722,43.3439]]}},{"type":"Feature","properties":{"id":239680989,"highway":"service","superficie":"asphalt"},"geometry":{"type":"LineString","coordinates":[[-2.80523,43.35198],[-2.80467,43.35224],[-2.80426,43.35242],[-2.80416,43.35244],[-2.80406,43.35246],[-2.80398,43.35245],[-2.80388,43.35242],[-2.80372,43.35235],[-2.80352,43.35227],[-2.80345,43.35226],[-2.80339,43.35226],[-2.80272,43.35236],[-2.80201,43.35248],[-2.80077,43.3527],[-2.80062,43.35276]]}},{"type":"Feature","properties":{"id":239680991,"highway":"unclassified","nombre":"Barrio Meñakabarrena"},"geometry":{"type":"LineString","coordinates":[[-2.79751,43.34915],[-2.79738,43.34911],[-2.79703,43.34908],[-2.79698,43.34909],[-2.79692,43.34916]]}},{"type":"Feature","properties":{"id":239680993,"highway":"unclassified","nombre":"Barrio Meñakabarrena","superficie":"asphalt"},"geometry":{"type":"LineString","coordinates":[[-2.80194,43.34814],[-2.80188,43.34812],[-2.80183,43.34809],[-2.80173,43.348],[-2.80145,43.34773],[-2.80117,43.34752],[-2.80107,43.34743],[-2.80069,43.3471],[-2.80056,43.34699],[-2.80026,43.34678],[-2.80006,43.34656],[-2.80003,43.3465]]}},{"type":"Feature","properties":{"id":239680995,"highway":"service"},"geometry":{"type":"LineString","coordinates":[[-2.81059,43.34947],[-2.8104,43.3495],[-2.80998,43.34949],[-2.80974,43.34951],[-2.80896,43.34966],[-2.8089,43.34966],[-2.80876,43.34965],[-2.80863,43.34966],[-2.80851,43.34972],[-2.80844,43.34974],[-2.8084,43.34972],[-2.80801,43.34938]]}},{"type":"Feature","properties":{"id":239680997,"highway":"service"},"geometry":{"type":"LineString","coordinates":[[-2.79309,43.35332],[-2.79307,43.35325],[-2.79306,43.35309],[-2.79312,43.35301],[-2.7932,43.35293],[-2.79321,43.35289],[-2.7932,43.35272],[-2.79321,43.35265],[-2.79343,43.35215],[-2.79348,43.35207],[-2.79352,43.35204],[-2.79393,43.35194],[-2.79436,43.3518]]}},{"type":"Feature","properties":{"id":239680999,"highway":"service"},"geometry":{"type":"LineString","coordinates":[[-2.79672,43.35156],[-2.79671,43.35155],[-2.79666,43.35153],[-2.79655,43.35148],[-2.79617,43.35129],[-2.79612,43.35126],[-2.79607,43.35125],[-2.79599,43.35127],[-2.79594,43.35131],[-2.79565,43.35152],[-2.79557,43.35158],[-2.79555,43.35161],[-2.79542,43.35166]]}},{"type":"Feature","properties":{"id":239681001,"highway":"pedestrian","superficie":"asphalt"},"geometry":{"type":"LineString","coordinates":[[-2.79751,43.34915],[-2.79761,43.34909],[-2.79764,43.34905],[-2.79769,43.34901],[-2.79776,43.34899],[-2.79786,43.34898],[-2.79797,43.34896],[-2.79804,43.34896],[-2.79814,43.34896],[-2.79825,43.34898],[-2.79835,43.34902],[-2.79843,43.34907],[-2.79848,43.34909]]}},{"type":"Feature","properties":{"id":239681003,"highway":"service"},"geometry":{"type":"LineString","coordinates":[[-2.80312,43.34759],[-2.80313,43.34756],[-2.80314,43.34753],[-2.80314,43.34749],[-2.80313,43.34747],[-2.80303,43.3473],[-2.80296,43.34713],[-2.803,43.34711],[-2.80306,43.3471],[-2.80319,43.34706],[-2.80321,43.34702],[-2.80319,43.34697],[-2.80317,43.34694],[-2.80315,43.34691]]}},{"type":"Feature","properties":{"id":239681005,"highway":"service"},"geometry":{"type":"LineString","coordinates":[[-2.80399,43.34726],[-2.80397,43.34714],[-2.80397,43.34698],[-2.80398,43.34672],[-2.80399,43.3464],[-2.80399,43.34624],[-2.80405,43.34588],[-2.80412,43.34555],[-2.80414,43.34548],[-2.80419,43.34536],[-2.80428,43.34528],[-2.80444,43.34514],[-2.80451,43.34507],[-2.80459,43.34497]]}},{"type":"Feature","properties":{"id":239681007,"highway":"track","superficie":"compacted"},"geometry":{"type":"LineString","coordinates":[[-2.80259,43.35641],[-2.80251,43.35643],[-2.80195,43.35638]]}},{"type":"Feature","properties":{"id":239681012,"highway":"service"},"geometry":{"type":"LineString","coordinates":[[-2.79278,43.34561],[-2.79275,43.34549],[-2.79265,43.34527],[-2.79259,43.34515],[-2.79259,43.34513],[-2.79259,43.3451],[-2.7926,43.34508],[-2.79268,43.345],[-2.79269,43.34498],[-2.7927,43.34496],[-2.79271,43.34494],[-2.7927,43.34492],[-2.79266,43.34486],[-2.79265,43.34483],[-2.79266,43.34478]]}},{"type":"Feature","properties":{"id":239681014,"highway":"service"},"geometry":{"type":"LineString","coordinates":[[-2.79556,43.34935],[-2.79549,43.34934],[-2.79542,43.34936],[-2.79538,43.3494],[-2.7953,43.34956],[-2.79527,43.3496],[-2.79522,43.34962],[-2.79513,43.34967],[-2.79478,43.34975],[-2.79468,43.34977],[-2.79461,43.3498],[-2.79415,43.35009],[-2.79396,43.35019],[-2.79385,43.35029],[-2.79362,43.35049],[-2.79353,43.35059],[-2.79347,43.35068]]}},{"type":"Feature","properties":{"id":239681016,"highway":"service"},"geometry":{"type":"LineString","coordinates":[[-2.80773,43.3544],[-2.80765,43.3543],[-2.80744,43.35425],[-2.80711,43.35413],[-2.80694,43.35408],[-2.80673,43.35396],[-2.80663,43.35382],[-2.80665,43.35379],[-2.80664,43.35374],[-2.80659,43.35367],[-2.80644,43.35353],[-2.80627,43.3534],[-2.80572,43.35278],[-2.80555,43.35261],[-2.80545,43.3524],[-2.80533,43.3521],[-2.80523,43.35198]]}},{"type":"Feature","properties":{"id":239681022,"highway":"service"},"geometry":{"type":"LineString","coordinates":[[-2.80312,43.34759],[-2.80316,43.34763],[-2.8032,43.34766],[-2.80358,43.34764],[-2.80368,43.34764],[-2.80373,43.34766],[-2.80376,43.3477],[-2.80381,43.34798],[-2.80387,43.34823],[-2.80394,43.34837],[-2.80401,43.34844],[-2.80423,43.34869],[-2.80442,43.34887],[-2.80444,43.3489],[-2.80451,43.34912],[-2.80455,43.34927],[-2.80465,43.34938],[-2.80469,43.3494],[-2.80475,43.34949]]}},{"type":"Feature","properties":{"id":239681027,"highway":"service"},"geometry":{"type":"LineString","coordinates":[[-2.80075,43.34898],[-2.80098,43.3495]]}},{"type":"Feature","properties":{"id":239681029,"highway":"unclassified","nombre":"Barrio Meñakabarrena","superficie":"asphalt"},"geometry":{"type":"LineString","coordinates":[[-2.79808,43.34984],[-2.79798,43.34982]]}},{"type":"Feature","properties":{"id":239681030,"highway":"service"},"geometry":{"type":"LineString","coordinates":[[-2.80459,43.34497],[-2.80467,43.34487]]}},{"type":"Feature","properties":{"id":239681032,"highway":"service"},"geometry":{"type":"LineString","coordinates":[[-2.79722,43.3439],[-2.79751,43.34384],[-2.79828,43.3437],[-2.79895,43.34356],[-2.79951,43.34343],[-2.79984,43.34334],[-2.80031,43.34319],[-2.80087,43.34301],[-2.80104,43.34294],[-2.80121,43.34283],[-2.80131,43.34275]]}},{"type":"Feature","properties":{"id":239681035,"highway":"service"},"geometry":{"type":"LineString","coordinates":[[-2.80467,43.34487],[-2.80467,43.34487]]}},{"type":"Feature","properties":{"id":239681037,"highway":"service"},"geometry":{"type":"LineString","coordinates":[[-2.79309,43.35332],[-2.79302,43.35336],[-2.79287,43.35346],[-2.79265,43.35361],[-2.79228,43.35382],[-2.79137,43.35429],[-2.79101,43.35448],[-2.79052,43.35476],[-2.79029,43.35491],[-2.79022,43.35497],[-2.79018,43.35504],[-2.79012,43.35522],[-2.79008,43.35529],[-2.79,43.35534],[-2.78992,43.35537],[-2.78982,43.3554],[-2.7897,43.3554],[-2.78951,43.35535],[-2.78913,43.35523],[-2.78899,43.3552],[-2.7889,43.3552],[-2.78861,43.35531],[-2.78833,43.35544],[-2.78814,43.35544],[-2.78806,43.35543],[-2.78788,43.35535],[-2.7878,43.35534],[-2.78772,43.35535]]}},{"type":"Feature","properties":{"id":239681040,"highway":"service"},"geometry":{"type":"LineString","coordinates":[[-2.80204,43.3581],[-2.80195,43.35803],[-2.80185,43.35797],[-2.80172,43.35793],[-2.80157,43.35791],[-2.80149,43.35792],[-2.8014,43.35795],[-2.80121,43.35805],[-2.80074,43.35836],[-2.80054,43.3585],[-2.8004,43.35862],[-2.80027,43.35874],[-2.80014,43.35883],[-2.79978,43.35901],[-2.79963,43.35916],[-2.79955,43.35922],[-2.79944,43.35926],[-2.79915,43.3593],[-2.79886,43.35933],[-2.79859,43.35936],[-2.79832,43.35939],[-2.79808,43.35941],[-2.7977,43.35938],[-2.79768,43.35938],[-2.79737,43.35938],[-2.7972,43.35933],[-2.7971,43.35925],[-2.79709,43.35921]]}},{"type":"Feature","properties":{"id":239681042,"highway":"service","puente":"yes"},"geometry":{"type":"LineString","coordinates":[[-2.79565,43.34937],[-2.79556,43.34935]]}},{"type":"Feature","properties":{"id":239681044,"highway":"unclassified","nombre":"Barrio Meñakabarrena","puente":"yes","superficie":"asphalt"},"geometry":{"type":"LineString","coordinates":[[-2.80003,43.3465],[-2.79999,43.34644],[-2.79998,43.34642]]}},{"type":"Feature","properties":{"id":239681046,"highway":"service"},"geometry":{"type":"LineString","coordinates":[[-2.80888,43.34975],[-2.8089,43.34968],[-2.8089,43.34966]]}},{"type":"Feature","properties":{"id":239681048,"highway":"service"},"geometry":{"type":"LineString","coordinates":[[-2.8065,43.348],[-2.8065,43.34801]]}},{"type":"Feature","properties":{"id":239681050,"highway":"unclassified","nombre":"Barrio Meñakabarrena","superficie":"asphalt"},"geometry":{"type":"LineString","coordinates":[[-2.79998,43.34642],[-2.79988,43.34617],[-2.79979,43.34605]]}},{"type":"Feature","properties":{"id":239681051,"highway":"service"},"geometry":{"type":"LineString","coordinates":[[-2.80943,43.34984],[-2.8092,43.34984],[-2.809,43.34972],[-2.80896,43.34966]]}},{"type":"Feature","properties":{"id":239681052,"highway":"service"},"geometry":{"type":"LineString","coordinates":[[-2.80801,43.34938],[-2.80842,43.3491],[-2.80846,43.34906],[-2.8084,43.34889]]}},{"type":"Feature","properties":{"id":239681053,"highway":"service"},"geometry":{"type":"LineString","coordinates":[[-2.80312,43.34759],[-2.80308,43.34765],[-2.80307,43.34771],[-2.80309,43.34787]]}},{"type":"Feature","properties":{"id":239681054,"highway":"service"},"geometry":{"type":"LineString","coordinates":[[-2.79417,43.35351],[-2.79399,43.35347],[-2.79368,43.3534],[-2.79315,43.35331],[-2.79309,43.35332]]}},{"type":"Feature","properties":{"id":239681055,"highway":"unclassified","nombre":"Barrio Meñakabarrena","oneway":"no","superficie":"asphalt"},"geometry":{"type":"LineString","coordinates":[[-2.79848,43.34909],[-2.79847,43.34915],[-2.79838,43.34974],[-2.7984,43.34977],[-2.79846,43.34979]]}},{"type":"Feature","properties":{"id":239681056,"highway":"service"},"geometry":{"type":"LineString","coordinates":[[-2.79979,43.34605],[-2.79994,43.34592],[-2.80018,43.34571],[-2.8004,43.34551],[-2.80047,43.34546]]}},{"type":"Feature","properties":{"id":239681057,"highway":"service"},"geometry":{"type":"LineString","coordinates":[[-2.79417,43.35351],[-2.79414,43.35359],[-2.79405,43.35383],[-2.79395,43.35408],[-2.7939,43.35422]]}},{"type":"Feature","properties":{"id":239681058,"highway":"service"},"geometry":{"type":"LineString","coordinates":[[-2.79518,43.3536],[-2.79523,43.35389],[-2.79526,43.35406],[-2.79529,43.35415],[-2.79538,43.35424],[-2.79544,43.35429],[-2.79567,43.35441],[-2.79601,43.35456],[-2.79617,43.35462],[-2.79626,43.35465],[-2.7963,43.35468],[-2.79636,43.35479],[-2.7964,43.35492],[-2.79641,43.35503],[-2.79639,43.35515],[-2.79634,43.35523],[-2.79626,43.35527],[-2.79615,43.3553],[-2.7959,43.35533],[-2.79543,43.35537],[-2.79528,43.3554],[-2.79517,43.35543],[-2.79511,43.35545],[-2.79507,43.35549],[-2.79507,43.35553],[-2.79507,43.35559],[-2.79512,43.35572],[-2.79525,43.35609],[-2.79538,43.35646],[-2.79542,43.35657],[-2.79545,43.35681],[-2.79546,43.35686],[-2.79546,43.3569],[-2.7954,43.35733],[-2.79537,43.35741],[-2.79532,43.35745],[-2.79523,43.35749],[-2.79502,43.35751],[-2.79433,43.35754],[-2.79408,43.35753],[-2.79395,43.35751],[-2.79386,43.35749],[-2.79371,43.35742],[-2.79362,43.35734],[-2.79347,43.35715],[-2.79336,43.35706],[-2.79326,43.35705],[-2.79317,43.35706],[-2.79306,43.35711],[-2.793,43.35715]]}},{"type":"Feature","properties":{"id":239681059,"highway":"service"},"geometry":{"type":"LineString","coordinates":[[-2.80801,43.34938],[-2.80736,43.34885],[-2.80654,43.3482],[-2.8065,43.34812],[-2.8065,43.34807],[-2.8065,43.34801]]}},{"type":"Feature","properties":{"id":239681060,"highway":"unclassified","nombre":"Barrio Meñakabarrena","oneway":"no","superficie":"asphalt"},"geometry":{"type":"LineString","coordinates":[[-2.79979,43.34605],[-2.79973,43.34603],[-2.7995,43.34594],[-2.79937,43.34589],[-2.79918,43.34577],[-2.79911,43.3457],[-2.79906,43.3457]]}},{"type":"Feature","properties":{"id":239681061,"highway":"service"},"geometry":{"type":"LineString","coordinates":[[-2.79518,43.3536],[-2.79508,43.35366],[-2.79498,43.35368],[-2.79487,43.35369],[-2.79479,43.35369],[-2.79466,43.35366],[-2.79446,43.35358],[-2.79427,43.35352],[-2.79417,43.35351]]}},{"type":"Feature","properties":{"id":239681062,"highway":"living_street","nombre":"Barrio Meñakabarrena","oneway":"no","superficie":"asphalt"},"geometry":{"type":"LineString","coordinates":[[-2.79798,43.34982],[-2.7979,43.34979],[-2.79785,43.34978],[-2.79777,43.34973],[-2.79773,43.34965],[-2.79768,43.34937],[-2.79765,43.3493],[-2.79757,43.34921],[-2.79751,43.34915]]}},{"type":"Feature","properties":{"id":239681063,"highway":"service"},"geometry":{"type":"LineString","coordinates":[[-2.80194,43.34814],[-2.80198,43.34816],[-2.80201,43.34819],[-2.80209,43.3483],[-2.80212,43.34837],[-2.80216,43.34848],[-2.8022,43.34855]]}},{"type":"Feature","properties":{"id":239681064,"highway":"service"},"geometry":{"type":"LineString","coordinates":[[-2.80267,43.35924],[-2.80257,43.35916],[-2.80251,43.35908],[-2.8024,43.35865],[-2.80233,43.35836],[-2.80227,43.35828],[-2.80204,43.3581]]}},{"type":"Feature","properties":{"id":239681065,"highway":"service","superficie":"asphalt"},"geometry":{"type":"LineString","coordinates":[[-2.79864,43.34723],[-2.79854,43.34722],[-2.79846,43.34721],[-2.79839,43.34723],[-2.79832,43.34726],[-2.79776,43.34763],[-2.79761,43.34775],[-2.79748,43.34766]]}},{"type":"Feature","properties":{"id":239681066,"highway":"living_street","nombre":"Barrio Meñakabarrena","superficie":"asphalt"},"geometry":{"type":"LineString","coordinates":[[-2.79798,43.34982],[-2.79793,43.3499],[-2.79791,43.34996],[-2.79786,43.35012],[-2.79784,43.35018],[-2.79775,43.35032],[-2.79758,43.35053],[-2.79713,43.35107],[-2.79705,43.35117],[-2.79672,43.35156]]}},{"type":"Feature","properties":{"id":239681067,"highway":"unclassified","nombre":"Barrio Meñakabarrena","oneway":"no","superficie":"asphalt"},"geometry":{"type":"LineString","coordinates":[[-2.79864,43.34723],[-2.79866,43.3473],[-2.79874,43.34757],[-2.79878,43.34781],[-2.7988,43.34797]]}},{"type":"Feature","properties":{"id":239681068,"highway":"unclassified","nombre":"Barrio Meñakabarrena","oneway":"no","superficie":"asphalt"},"geometry":{"type":"LineString","coordinates":[[-2.79906,43.3457],[-2.79898,43.34574],[-2.79894,43.34579],[-2.79889,43.34589],[-2.79883,43.34627],[-2.79879,43.34654],[-2.79877,43.34663],[-2.79867,43.34691],[-2.79865,43.34702],[-2.79864,43.34715],[-2.79864,43.34723]]}},{"type":"Feature","properties":{"id":239681069,"highway":"service"},"geometry":{"type":"LineString","coordinates":[[-2.80665,43.35057],[-2.80676,43.35053],[-2.80711,43.35036],[-2.80722,43.35027],[-2.80754,43.34988],[-2.80773,43.34963],[-2.80801,43.34938]]}},{"type":"Feature","properties":{"id":239822229,"highway":"service"},"geometry":{"type":"LineString","coordinates":[[-2.79837,43.36644],[-2.79842,43.3666],[-2.7985,43.36672],[-2.79862,43.3668],[-2.79867,43.36694],[-2.79867,43.36701],[-2.79861,43.36717],[-2.79857,43.36725],[-2.7985,43.3675],[-2.79848,43.36764]]}},{"type":"Feature","properties":{"id":239822230,"highway":"service"},"geometry":{"type":"LineString","coordinates":[[-2.80204,43.36416],[-2.8019,43.36427],[-2.80159,43.36446],[-2.80099,43.36484],[-2.80093,43.36493],[-2.80089,43.36502],[-2.80099,43.36529],[-2.80106,43.36558],[-2.80108,43.3657],[-2.80108,43.36578],[-2.80106,43.36586],[-2.80101,43.36591]]}},{"type":"Feature","properties":{"id":239822231,"highway":"unclassified","nombre":"Ametza auzoa"},"geometry":{"type":"LineString","coordinates":[[-2.80888,43.362],[-2.8091,43.36183],[-2.80922,43.36172],[-2.80929,43.36164],[-2.80933,43.36156],[-2.80934,43.36146],[-2.80929,43.36124],[-2.80929,43.36107],[-2.8093,43.36036],[-2.80928,43.36012]]}},{"type":"Feature","properties":{"id":239822232,"highway":"service"},"geometry":{"type":"LineString","coordinates":[[-2.80278,43.36068],[-2.80261,43.36068],[-2.80215,43.36073],[-2.80201,43.36072],[-2.80184,43.36064],[-2.80169,43.36051],[-2.80161,43.36043],[-2.80155,43.36033],[-2.80146,43.3601],[-2.8014,43.3599],[-2.80136,43.35978],[-2.80127,43.35956]]}},{"type":"Feature","properties":{"id":239822233,"highway":"service"},"geometry":{"type":"LineString","coordinates":[[-2.79645,43.36552],[-2.79691,43.36549],[-2.79712,43.36544],[-2.79739,43.36539],[-2.79751,43.36538],[-2.79759,43.36538],[-2.79776,43.36539],[-2.798,43.36542],[-2.79878,43.36554],[-2.79908,43.36558],[-2.79928,43.36558],[-2.79935,43.3656]]}},{"type":"Feature","properties":{"id":239822235,"highway":"track"},"geometry":{"type":"LineString","coordinates":[[-2.78306,43.35733],[-2.78304,43.35736],[-2.78301,43.35743],[-2.78302,43.35752],[-2.78312,43.3577],[-2.78323,43.35793],[-2.78329,43.35807],[-2.78333,43.3582],[-2.78334,43.35826],[-2.78334,43.35835],[-2.78331,43.35844],[-2.78327,43.35851],[-2.7832,43.3586],[-2.78307,43.35872],[-2.78294,43.35881]]}},{"type":"Feature","properties":{"id":239822239,"highway":"unclassified"},"geometry":{"type":"LineString","coordinates":[[-2.8098,43.35471],[-2.80982,43.35503],[-2.8098,43.35544],[-2.80972,43.35574],[-2.80959,43.35607],[-2.80957,43.35625],[-2.80959,43.35637],[-2.80966,43.35651],[-2.80966,43.35662],[-2.8096,43.35681],[-2.80957,43.35697],[-2.80955,43.35717],[-2.80956,43.35723]]}},{"type":"Feature","properties":{"id":239822240,"highway":"service"},"geometry":{"type":"LineString","coordinates":[[-2.79795,43.36654],[-2.79764,43.36657],[-2.79741,43.36666],[-2.79727,43.36676],[-2.79725,43.36681],[-2.79726,43.36688],[-2.79738,43.36698],[-2.79743,43.36703],[-2.79745,43.36707],[-2.79744,43.3671],[-2.79744,43.36712],[-2.79744,43.36713]]}},{"type":"Feature","properties":{"id":239822241,"highway":"service"},"geometry":{"type":"LineString","coordinates":[[-2.80928,43.36012],[-2.8092,43.36013],[-2.80917,43.36012],[-2.80916,43.36011],[-2.80914,43.36008],[-2.80897,43.35992],[-2.80893,43.35992],[-2.80883,43.35995],[-2.80858,43.36003],[-2.8085,43.36008],[-2.80848,43.36014],[-2.80846,43.36035]]}},{"type":"Feature","properties":{"id":239822242,"highway":"unclassified","nombre":"Ametza auzoa"},"geometry":{"type":"LineString","coordinates":[[-2.80928,43.36012],[-2.80924,43.36],[-2.80922,43.3599],[-2.80922,43.35979],[-2.80925,43.35971],[-2.80931,43.35961],[-2.80935,43.35955],[-2.80942,43.35949],[-2.80988,43.35924],[-2.80994,43.3592],[-2.80999,43.35913],[-2.81003,43.35903],[-2.8101,43.35895],[-2.81026,43.35882],[-2.81042,43.35874],[-2.81059,43.35867]]}},{"type":"Feature","properties":{"id":239822243,"highway":"service"},"geometry":{"type":"LineString","coordinates":[[-2.80253,43.36474],[-2.80249,43.36486],[-2.80246,43.36498],[-2.80247,43.36503],[-2.80251,43.36509],[-2.80259,43.36512],[-2.80282,43.36515],[-2.803,43.36517],[-2.80313,43.36522],[-2.80311,43.36534],[-2.80308,43.36543],[-2.80299,43.36546],[-2.80288,43.36546],[-2.80281,43.36545]]}},{"type":"Feature","properties":{"id":239822244,"highway":"service"},"geometry":{"type":"LineString","coordinates":[[-2.80301,43.36092],[-2.80311,43.36097],[-2.8033,43.36107],[-2.80337,43.3611],[-2.80349,43.36113],[-2.80363,43.36115],[-2.80375,43.36115],[-2.80401,43.36139],[-2.80423,43.36154],[-2.8043,43.36155],[-2.80435,43.36154],[-2.80441,43.36152],[-2.80455,43.36147],[-2.80473,43.3614]]}},{"type":"Feature","properties":{"id":239822247,"highway":"service"},"geometry":{"type":"LineString","coordinates":[[-2.79744,43.36713],[-2.79741,43.36715],[-2.79736,43.36719],[-2.79728,43.36721],[-2.79726,43.36721],[-2.79713,43.3672],[-2.79695,43.36719],[-2.79678,43.36721],[-2.79602,43.36748],[-2.79575,43.36754],[-2.79557,43.3676],[-2.79548,43.36766],[-2.79529,43.36773],[-2.79503,43.36781],[-2.7949,43.36783],[-2.79484,43.36783],[-2.79467,43.36783],[-2.79456,43.36786],[-2.79447,43.36789],[-2.79421,43.36793]]}},{"type":"Feature","properties":{"id":239822249,"highway":"service"},"geometry":{"type":"LineString","coordinates":[[-2.81148,43.35643],[-2.81146,43.35631],[-2.81144,43.35629],[-2.81135,43.35616],[-2.8113,43.3561],[-2.81127,43.35607],[-2.81117,43.35597],[-2.81109,43.35593],[-2.81105,43.35592],[-2.81097,43.3559],[-2.81088,43.35588],[-2.8107,43.35584],[-2.81034,43.35575],[-2.81023,43.35572],[-2.81014,43.35569],[-2.81009,43.35567],[-2.81002,43.35563],[-2.80996,43.35559],[-2.80989,43.35554],[-2.8098,43.35544]]}},{"type":"Feature","properties":{"id":239822251,"highway":"residential","nombre":"Mesterika auzoa"},"geometry":{"type":"LineString","coordinates":[[-2.80243,43.36385],[-2.80204,43.36416]]}},{"type":"Feature","properties":{"id":239822253,"highway":"service"},"geometry":{"type":"LineString","coordinates":[[-2.80159,43.36446],[-2.80162,43.36452],[-2.80179,43.36497]]}},{"type":"Feature","properties":{"id":239822255,"highway":"service"},"geometry":{"type":"LineString","coordinates":[[-2.80351,43.36355],[-2.80377,43.3635]]}},{"type":"Feature","properties":{"id":239822257,"highway":"unclassified"},"geometry":{"type":"LineString","coordinates":[[-2.81292,43.36344],[-2.81292,43.36344]]}},{"type":"Feature","properties":{"id":239822260,"highway":"service"},"geometry":{"type":"LineString","coordinates":[[-2.79744,43.36713],[-2.79747,43.3672],[-2.79748,43.36724],[-2.79746,43.36742],[-2.79742,43.36786],[-2.7974,43.36794],[-2.7974,43.36797],[-2.7974,43.3681],[-2.79742,43.36832],[-2.7974,43.36835],[-2.79736,43.36837],[-2.79732,43.36839],[-2.79727,43.36839],[-2.79723,43.36837],[-2.79721,43.36833],[-2.79714,43.36824],[-2.79707,43.36816],[-2.79692,43.36804],[-2.79682,43.36802],[-2.79678,43.36803],[-2.79673,43.36811],[-2.79665,43.36824]]}},{"type":"Feature","properties":{"id":239822261,"highway":"unclassified"},"geometry":{"type":"LineString","coordinates":[[-2.8108,43.35868],[-2.81084,43.35872],[-2.81093,43.35879],[-2.81111,43.35893],[-2.81125,43.35902],[-2.81151,43.35915],[-2.81171,43.35921],[-2.81179,43.35921],[-2.81189,43.35921],[-2.8121,43.35917],[-2.8123,43.35913],[-2.81243,43.3591],[-2.81257,43.35909],[-2.81262,43.35912],[-2.81264,43.35926],[-2.81265,43.35935],[-2.81265,43.3594],[-2.81256,43.3596],[-2.81253,43.35972],[-2.81254,43.35977],[-2.81258,43.35991],[-2.81271,43.36027]]}},{"type":"Feature","properties":{"id":239822262,"highway":"unclassified"},"geometry":{"type":"LineString","coordinates":[[-2.81271,43.36027],[-2.81271,43.36027]]}},{"type":"Feature","properties":{"id":239822265,"highway":"service"},"geometry":{"type":"LineString","coordinates":[[-2.80101,43.36591],[-2.801,43.36597],[-2.80093,43.36614],[-2.80081,43.36645],[-2.80071,43.36696],[-2.80067,43.36713],[-2.8005,43.36745],[-2.80037,43.36764],[-2.80027,43.36777],[-2.8002,43.36784],[-2.80017,43.36786],[-2.79984,43.36797],[-2.79963,43.36801],[-2.79949,43.36805],[-2.79939,43.36808],[-2.79922,43.36817],[-2.79905,43.36828],[-2.79892,43.36837],[-2.79872,43.36856],[-2.79853,43.36877],[-2.79845,43.36888],[-2.79838,43.36896],[-2.79835,43.36903],[-2.79837,43.36928],[-2.79837,43.36931],[-2.79835,43.36935],[-2.79831,43.36939],[-2.79802,43.36957]]}},{"type":"Feature","properties":{"id":239822266,"highway":"residential","nombre":"Mesterika auzoa"},"geometry":{"type":"LineString","coordinates":[[-2.80267,43.36228],[-2.80264,43.36226]]}},{"type":"Feature","properties":{"id":239822268,"highway":"service"},"geometry":{"type":"LineString","coordinates":[[-2.80243,43.36385],[-2.80247,43.36397],[-2.80248,43.36418]]}},{"type":"Feature","properties":{"id":239822269,"highway":"residential","nombre":"Mesterika auzoa"},"geometry":{"type":"LineString","coordinates":[[-2.80351,43.36355],[-2.80332,43.36357],[-2.80298,43.36361],[-2.80268,43.36365],[-2.80243,43.36385]]}},{"type":"Feature","properties":{"id":239822270,"highway":"service"},"geometry":{"type":"LineString","coordinates":[[-2.80301,43.36092],[-2.80285,43.36094],[-2.8028,43.36093]]}},{"type":"Feature","properties":{"id":239822271,"highway":"service"},"geometry":{"type":"LineString","coordinates":[[-2.79837,43.36644],[-2.7981,43.36651],[-2.798,43.36653],[-2.79795,43.36654]]}},{"type":"Feature","properties":{"id":239822273,"highway":"service"},"geometry":{"type":"LineString","coordinates":[[-2.80947,43.35788],[-2.80943,43.35799],[-2.8094,43.35839]]}},{"type":"Feature","properties":{"id":239822274,"highway":"service"},"geometry":{"type":"LineString","coordinates":[[-2.80101,43.36591],[-2.80092,43.36595],[-2.8008,43.36597],[-2.80069,43.36595],[-2.8006,43.36591],[-2.80037,43.36574],[-2.80013,43.36558],[-2.80005,43.36555],[-2.79994,43.36553],[-2.79978,43.36554],[-2.79962,43.36554],[-2.79944,43.36556],[-2.79935,43.3656],[-2.79929,43.36565],[-2.79926,43.36573],[-2.79926,43.36581],[-2.79929,43.36587],[-2.79945,43.36607],[-2.79946,43.36608],[-2.79957,43.36621],[-2.7996,43.36628],[-2.79957,43.36635],[-2.79953,43.36642],[-2.79948,43.36647],[-2.79942,43.3665],[-2.79937,43.36651],[-2.79934,43.36651],[-2.79929,43.36652],[-2.79924,43.36651],[-2.79918,43.36649],[-2.79895,43.36637],[-2.79886,43.36633],[-2.79877,43.36633],[-2.79852,43.36638],[-2.7985,43.36639],[-2.79837,43.36644]]}},{"type":"Feature","properties":{"id":239822275,"highway":"unclassified","nombre":"Ametza auzoa"},"geometry":{"type":"LineString","coordinates":[[-2.80842,43.3622],[-2.80857,43.36214],[-2.80874,43.36207],[-2.80888,43.362]]}},{"type":"Feature","properties":{"id":239822277,"highway":"service"},"geometry":{"type":"LineString","coordinates":[[-2.80301,43.36092],[-2.80322,43.36087],[-2.80326,43.3608],[-2.80323,43.36065]]}},{"type":"Feature","properties":{"id":239822278,"highway":"unclassified"},"geometry":{"type":"LineString","coordinates":[[-2.81059,43.35867],[-2.81069,43.35866],[-2.81077,43.35867],[-2.8108,43.35868]]}},{"type":"Feature","properties":{"id":239822279,"highway":"service"},"geometry":{"type":"LineString","coordinates":[[-2.79957,43.36091],[-2.79984,43.36109],[-2.8001,43.36128],[-2.8002,43.36139]]}},{"type":"Feature","properties":{"id":239822281,"highway":"service"},"geometry":{"type":"LineString","coordinates":[[-2.80236,43.36216],[-2.80252,43.3616],[-2.80251,43.36157],[-2.80237,43.36153]]}},{"type":"Feature","properties":{"id":239822284,"highway":"service"},"geometry":{"type":"LineString","coordinates":[[-2.80417,43.36379],[-2.80404,43.36396],[-2.804,43.364],[-2.80392,43.36412],[-2.80391,43.36418]]}},{"type":"Feature","properties":{"id":239822285,"highway":"service"},"geometry":{"type":"LineString","coordinates":[[-2.81143,43.35814],[-2.81122,43.35832],[-2.811,43.35852],[-2.81085,43.35865],[-2.8108,43.35868]]}},{"type":"Feature","properties":{"id":239822286,"highway":"unclassified"},"geometry":{"type":"LineString","coordinates":[[-2.80956,43.35723],[-2.8095,43.35752],[-2.80945,43.35772],[-2.80945,43.35782],[-2.80947,43.35788]]}},{"type":"Feature","properties":{"id":239822288,"highway":"unclassified"},"geometry":{"type":"LineString","coordinates":[[-2.80947,43.35788],[-2.8095,43.35793],[-2.80962,43.35803],[-2.81019,43.35837],[-2.81054,43.3586],[-2.81059,43.35867]]}},{"type":"Feature","properties":{"id":239822290,"highway":"service"},"geometry":{"type":"LineString","coordinates":[[-2.80253,43.36473],[-2.80253,43.36474]]}},{"type":"Feature","properties":{"id":239822291,"highway":"service"},"geometry":{"type":"LineString","coordinates":[[-2.81292,43.36344],[-2.81313,43.36336],[-2.81327,43.36331],[-2.81346,43.36327],[-2.81372,43.36323],[-2.81377,43.36322]]}},{"type":"Feature","properties":{"id":239822292,"highway":"service"},"geometry":{"type":"LineString","coordinates":[[-2.80888,43.362],[-2.80882,43.36198],[-2.80876,43.36195],[-2.80874,43.36193],[-2.80869,43.3618],[-2.80865,43.36174]]}},{"type":"Feature","properties":{"id":239822294,"highway":"service"},"geometry":{"type":"LineString","coordinates":[[-2.80839,43.36213],[-2.80824,43.36204],[-2.80814,43.36201],[-2.80804,43.36203],[-2.80799,43.36205],[-2.80786,43.36211],[-2.80768,43.36221]]}},{"type":"Feature","properties":{"id":239822295,"highway":"service"},"geometry":{"type":"LineString","coordinates":[[-2.81377,43.36322],[-2.81377,43.36322]]}},{"type":"Feature","properties":{"id":239822296,"highway":"service"},"geometry":{"type":"LineString","coordinates":[[-2.80842,43.3622],[-2.80839,43.36213],[-2.80837,43.36202],[-2.80837,43.36197],[-2.8084,43.36192],[-2.80839,43.36186],[-2.80829,43.36171]]}},{"type":"Feature","properties":{"id":239822297,"highway":"service"},"geometry":{"type":"LineString","coordinates":[[-2.80515,43.36381],[-2.80525,43.36387],[-2.80534,43.36392],[-2.80537,43.36403],[-2.80538,43.36423],[-2.80539,43.36435],[-2.80555,43.36458]]}},{"type":"Feature","properties":{"id":239822299,"highway":"service"},"geometry":{"type":"LineString","coordinates":[[-2.80639,43.36348],[-2.80645,43.3636],[-2.80653,43.36375],[-2.80662,43.36387],[-2.80682,43.36403],[-2.80694,43.36412],[-2.80712,43.36427],[-2.80748,43.36461]]}},{"type":"Feature","properties":{"id":239822300,"highway":"unclassified","nombre":"Ametza auzoa"},"geometry":{"type":"LineString","coordinates":[[-2.80775,43.36332],[-2.80777,43.36326],[-2.80787,43.36307],[-2.8079,43.36295],[-2.80791,43.36288],[-2.80794,43.36271],[-2.80809,43.36245],[-2.80813,43.36239],[-2.80819,43.36234],[-2.80842,43.3622]]}},{"type":"Feature","properties":{"id":239822301,"highway":"service"},"geometry":{"type":"LineString","coordinates":[[-2.80956,43.35723],[-2.80964,43.35729],[-2.80981,43.3574],[-2.81003,43.3575],[-2.81026,43.35763],[-2.81046,43.35773],[-2.8107,43.35784],[-2.81123,43.35806],[-2.81143,43.35814]]}},{"type":"Feature","properties":{"id":239822302,"highway":"living_street","nombre":"Mesterika auzoa"},"geometry":{"type":"LineString","coordinates":[[-2.80236,43.36216],[-2.80232,43.36215],[-2.80177,43.36202],[-2.80142,43.36193],[-2.80115,43.36186],[-2.801,43.36181],[-2.80091,43.36178],[-2.80082,43.36173],[-2.80075,43.3617],[-2.80068,43.36165],[-2.80049,43.3615]]}},{"type":"Feature","properties":{"id":239825365,"highway":"service"},"geometry":{"type":"LineString","coordinates":[[-2.81001,43.37154],[-2.81005,43.37163]]}},{"type":"Feature","properties":{"id":239825373,"highway":"track"},"geometry":{"type":"LineString","coordinates":[[-2.81005,43.37163],[-2.81003,43.37163],[-2.81,43.37165],[-2.80992,43.3719],[-2.80984,43.37209],[-2.8097,43.37246]]}},{"type":"Feature","properties":{"id":239825376,"highway":"track"},"geometry":{"type":"LineString","coordinates":[[-2.81162,43.37125],[-2.81142,43.37134],[-2.81111,43.37134],[-2.81067,43.37139],[-2.81043,43.37146],[-2.81024,43.37158],[-2.81015,43.37162],[-2.81005,43.37163]]}},{"type":"Feature","properties":{"id":239825868,"highway":"residential"},"geometry":{"type":"LineString","coordinates":[[-2.80131,43.34275],[-2.80152,43.3426],[-2.80175,43.34244],[-2.80177,43.34237],[-2.80179,43.34229],[-2.80188,43.34218],[-2.8021,43.34201],[-2.8023,43.34186],[-2.80282,43.34148],[-2.80301,43.34137]]}},{"type":"Feature","properties":{"id":239826965,"highway":"track"},"geometry":{"type":"LineString","coordinates":[[-2.76942,43.36613],[-2.76947,43.36614],[-2.76955,43.36608],[-2.76992,43.36577],[-2.77014,43.36563],[-2.77035,43.36552],[-2.77057,43.3654],[-2.7706,43.3653],[-2.77056,43.36524],[-2.77032,43.3651],[-2.77027,43.36499],[-2.77028,43.36489],[-2.77033,43.36482],[-2.77041,43.36472],[-2.77064,43.36457],[-2.7711,43.36422],[-2.77139,43.36393],[-2.77153,43.36378],[-2.77177,43.36354],[-2.77187,43.36347],[-2.772,43.3634],[-2.77225,43.36324],[-2.77248,43.36309],[-2.7726,43.36297],[-2.77288,43.3627],[-2.77304,43.36255],[-2.77317,43.36247],[-2.77325,43.36245]]}},{"type":"Feature","properties":{"id":240055811,"highway":"tertiary","ref":"BI-4105","puente":"yes"},"geometry":{"type":"LineString","coordinates":[[-2.80236,43.35593],[-2.80241,43.35605]]}},{"type":"Feature","properties":{"id":240055812,"highway":"tertiary","ref":"BI-4105","superficie":"asphalt"},"geometry":{"type":"LineString","coordinates":[[-2.80241,43.35605],[-2.80259,43.35641],[-2.80264,43.35651]]}},{"type":"Feature","properties":{"id":240055827,"highway":"track"},"geometry":{"type":"LineString","coordinates":[[-2.8019,43.35638],[-2.80185,43.35639],[-2.80167,43.35641],[-2.80138,43.35653],[-2.8008,43.35655],[-2.80076,43.35656],[-2.80073,43.3566],[-2.8007,43.35666],[-2.80061,43.35681],[-2.80044,43.35701],[-2.80028,43.35719],[-2.80026,43.35721]]}},{"type":"Feature","properties":{"id":240055828,"highway":"track","puente":"yes"},"geometry":{"type":"LineString","coordinates":[[-2.80195,43.35638],[-2.8019,43.35638]]}},{"type":"Feature","properties":{"id":240060614,"highway":"tertiary","ref":"BI-4105","puente":"yes"},"geometry":{"type":"LineString","coordinates":[[-2.80292,43.36212],[-2.80291,43.36199]]}},{"type":"Feature","properties":{"id":240060615,"highway":"tertiary","ref":"BI-4105","superficie":"asphalt"},"geometry":{"type":"LineString","coordinates":[[-2.80291,43.36199],[-2.8028,43.36093]]}},{"type":"Feature","properties":{"id":240060650,"highway":"residential","nombre":"Mesterika auzoa"},"geometry":{"type":"LineString","coordinates":[[-2.8025,43.36221],[-2.80236,43.36216]]}},{"type":"Feature","properties":{"id":240060651,"highway":"residential","nombre":"Mesterika auzoa","puente":"yes"},"geometry":{"type":"LineString","coordinates":[[-2.80264,43.36226],[-2.8025,43.36221]]}},{"type":"Feature","properties":{"id":240061659,"highway":"primary","nombre":"Emerando auzoa","ref":"BI-631"},"geometry":{"type":"LineString","coordinates":[[-2.79242,43.37894],[-2.79226,43.37916],[-2.79218,43.37924],[-2.79206,43.37934],[-2.79184,43.37947],[-2.79169,43.37955],[-2.79159,43.37964],[-2.79152,43.37978],[-2.79145,43.37996],[-2.79139,43.38004],[-2.79133,43.3801],[-2.79124,43.38018],[-2.79113,43.38024],[-2.791,43.38029],[-2.79068,43.38035],[-2.79045,43.38042],[-2.7902,43.38056],[-2.79004,43.38065],[-2.78987,43.38071],[-2.78959,43.38076],[-2.78927,43.38078],[-2.78915,43.38081],[-2.78908,43.38086],[-2.78905,43.38092],[-2.78908,43.38114],[-2.78908,43.38127],[-2.78901,43.38141],[-2.78893,43.3815],[-2.78881,43.38158],[-2.78855,43.3817],[-2.78838,43.38178],[-2.78825,43.38183],[-2.78816,43.38188],[-2.78808,43.38196],[-2.78808,43.38203],[-2.7881,43.38209],[-2.78816,43.38215],[-2.78835,43.38238],[-2.78839,43.38247],[-2.78844,43.38256],[-2.78847,43.3827],[-2.78846,43.38282],[-2.7884,43.38298],[-2.78825,43.38321],[-2.78822,43.38343],[-2.78823,43.38383],[-2.78822,43.3841],[-2.78819,43.38423],[-2.78812,43.38437],[-2.78805,43.38448],[-2.78783,43.38476],[-2.78752,43.38514],[-2.78722,43.38543],[-2.78701,43.38559],[-2.78688,43.38566],[-2.78673,43.38571],[-2.78646,43.38577],[-2.78612,43.38579],[-2.78543,43.38585],[-2.78523,43.38585],[-2.78501,43.38582],[-2.78323,43.3856],[-2.78286,43.38555],[-2.78245,43.38549],[-2.78223,43.38548],[-2.78206,43.38549],[-2.78182,43.38552],[-2.78155,43.38558],[-2.78134,43.38566],[-2.7812,43.38574],[-2.7811,43.38584],[-2.78106,43.38596],[-2.78094,43.38651],[-2.78093,43.38666],[-2.78093,43.38681],[-2.78096,43.38694],[-2.78102,43.38724],[-2.78111,43.38757],[-2.78117,43.38779],[-2.78117,43.38792],[-2.78112,43.38802],[-2.78105,43.3881],[-2.78095,43.38817],[-2.78082,43.38822],[-2.78063,43.38826],[-2.78042,43.38827],[-2.78026,43.38823],[-2.77993,43.38814],[-2.77928,43.38792],[-2.7791,43.38786],[-2.77893,43.38778],[-2.77877,43.38768],[-2.77867,43.38758],[-2.77855,43.38747],[-2.77845,43.38731],[-2.77837,43.38713],[-2.77825,43.38682],[-2.77818,43.38665],[-2.77816,43.38649],[-2.77815,43.38633],[-2.77818,43.38585],[-2.77821,43.38554],[-2.77821,43.38537],[-2.77819,43.38525],[-2.77815,43.38513],[-2.77808,43.38501],[-2.77797,43.38492],[-2.7779,43.38488],[-2.77771,43.38479],[-2.77721,43.38456],[-2.77675,43.38434],[-2.77657,43.3842],[-2.77646,43.38407],[-2.77637,43.38393],[-2.77627,43.38376],[-2.77621,43.38359],[-2.77615,43.38343],[-2.77603,43.38307],[-2.77597,43.38293],[-2.7759,43.38282],[-2.77567,43.38245],[-2.77559,43.38233],[-2.77549,43.38224],[-2.77533,43.38215],[-2.77477,43.3819],[-2.77458,43.38184],[-2.77437,43.3818],[-2.77417,43.38179],[-2.77395,43.38183],[-2.77379,43.38191],[-2.77371,43.382],[-2.77368,43.38213],[-2.77366,43.38251],[-2.77364,43.38275],[-2.77363,43.38284],[-2.7736,43.38295],[-2.77334,43.38397],[-2.7733,43.38409],[-2.77321,43.38421],[-2.77306,43.38428],[-2.7729,43.38431],[-2.77274,43.38429],[-2.77253,43.38422],[-2.77228,43.38411]]}},{"type":"Feature","properties":{"id":240061660,"highway":"primary","nombre":"Bilbao - Bermeo errepidea","ref":"BI-631","puente":"yes"},"geometry":{"type":"LineString","coordinates":[[-2.79374,43.37748],[-2.7937,43.37752]]}},{"type":"Feature","properties":{"id":241986960,"highway":"tertiary","ref":"BI-3174"},"geometry":{"type":"LineString","coordinates":[[-2.79069,43.38108],[-2.79089,43.38105],[-2.79103,43.38098],[-2.79111,43.3809],[-2.79114,43.38083],[-2.79116,43.38075],[-2.79115,43.38067],[-2.79112,43.3806],[-2.79106,43.38053],[-2.79094,43.38047],[-2.79079,43.38041],[-2.79068,43.38035]]}},{"type":"Feature","properties":{"id":241986962,"highway":"tertiary","ref":"BI-3174"},"geometry":{"type":"LineString","coordinates":[[-2.79546,43.38103],[-2.79508,43.38127],[-2.79489,43.3814],[-2.79483,43.38145],[-2.79471,43.38153],[-2.7946,43.3816],[-2.79453,43.38169],[-2.79453,43.38169],[-2.79451,43.38173],[-2.79449,43.38178],[-2.79446,43.38207]]}},{"type":"Feature","properties":{"id":241986963,"highway":"tertiary","ref":"BI-3174"},"geometry":{"type":"LineString","coordinates":[[-2.79246,43.3833],[-2.79242,43.38329],[-2.79239,43.38328],[-2.79219,43.38312],[-2.79207,43.38302],[-2.79204,43.38299],[-2.79202,43.38288],[-2.79202,43.38263],[-2.79199,43.38258],[-2.79193,43.38254],[-2.79175,43.38248],[-2.79166,43.38244],[-2.79111,43.38208],[-2.79094,43.38195],[-2.79079,43.38179],[-2.79053,43.38145],[-2.79041,43.3813],[-2.7904,43.38119],[-2.79044,43.38114],[-2.7905,43.38111]]}},{"type":"Feature","properties":{"id":241986966,"highway":"tertiary","ref":"BI-3174","puente":"yes"},"geometry":{"type":"LineString","coordinates":[[-2.7905,43.38111],[-2.79069,43.38108]]}},{"type":"Feature","properties":{"id":241986967,"highway":"tertiary","ref":"BI-3174","puente":"yes"},"geometry":{"type":"LineString","coordinates":[[-2.79446,43.38207],[-2.79444,43.38214]]}},{"type":"Feature","properties":{"id":241986969,"highway":"tertiary","ref":"BI-3174"},"geometry":{"type":"LineString","coordinates":[[-2.79444,43.38214],[-2.79441,43.38219],[-2.79429,43.38228]]}},{"type":"Feature","properties":{"id":241986972,"highway":"tertiary","ref":"BI-3174"},"geometry":{"type":"LineString","coordinates":[[-2.79429,43.38228],[-2.79386,43.38245],[-2.79351,43.38262],[-2.79323,43.38279],[-2.79295,43.38299],[-2.79267,43.38319],[-2.79252,43.38328],[-2.79246,43.3833]]}},{"type":"Feature","properties":{"id":334877609,"highway":"service"},"geometry":{"type":"LineString","coordinates":[[-2.80737,43.36329],[-2.80737,43.36337],[-2.80773,43.36376],[-2.80776,43.36384],[-2.80771,43.36397]]}},{"type":"Feature","properties":{"id":334877610,"highway":"track"},"geometry":{"type":"LineString","coordinates":[[-2.78772,43.35535],[-2.78757,43.35537],[-2.78739,43.3554],[-2.78712,43.35544],[-2.78677,43.35545],[-2.78661,43.3554],[-2.78643,43.35537],[-2.78625,43.35538],[-2.78606,43.3554],[-2.78573,43.35547],[-2.7855,43.35547]]}},{"type":"Feature","properties":{"id":334877611,"highway":"track"},"geometry":{"type":"LineString","coordinates":[[-2.78306,43.35733],[-2.78314,43.35727],[-2.7832,43.3572],[-2.78328,43.3569],[-2.78332,43.35668],[-2.78338,43.35658],[-2.78351,43.35649],[-2.78364,43.35645],[-2.78384,43.35643],[-2.78393,43.35638],[-2.78397,43.3563],[-2.78398,43.35618],[-2.78402,43.35607],[-2.7841,43.35593],[-2.7843,43.35574],[-2.78447,43.35553],[-2.78468,43.35534],[-2.78481,43.35527],[-2.78487,43.35526],[-2.78527,43.35539],[-2.7855,43.35547]]}},{"type":"Feature","properties":{"id":334881499,"highway":"track"},"geometry":{"type":"LineString","coordinates":[[-2.78245,43.35961],[-2.78237,43.35969],[-2.7822,43.35989],[-2.78217,43.35996],[-2.7822,43.36008],[-2.78231,43.36035],[-2.78236,43.36058],[-2.78238,43.36071],[-2.78237,43.36079],[-2.78223,43.36118],[-2.78214,43.36141],[-2.78209,43.36149],[-2.78202,43.36156],[-2.78184,43.36167],[-2.78139,43.36194],[-2.7812,43.36204],[-2.78092,43.36226],[-2.78079,43.36235],[-2.78077,43.36237],[-2.78071,43.36238],[-2.78061,43.36244],[-2.78037,43.36252],[-2.78015,43.36266],[-2.78004,43.36279],[-2.77999,43.36281],[-2.77993,43.36281],[-2.77989,43.36278],[-2.77985,43.36271],[-2.77989,43.36251],[-2.77988,43.36247],[-2.77984,43.36231],[-2.77992,43.36205],[-2.77992,43.36181],[-2.77988,43.3616],[-2.77976,43.36135],[-2.77968,43.36122],[-2.77953,43.36112],[-2.77934,43.36106],[-2.77914,43.36102],[-2.77893,43.36101],[-2.77856,43.36101],[-2.77827,43.36104],[-2.77789,43.36109],[-2.77763,43.36114],[-2.77742,43.36122],[-2.77721,43.36134],[-2.77703,43.36142],[-2.77671,43.36153],[-2.77641,43.36169],[-2.77614,43.36186],[-2.776,43.36192],[-2.77575,43.362],[-2.7753,43.36222],[-2.77511,43.36229],[-2.77494,43.3623],[-2.77485,43.36226],[-2.77453,43.36208],[-2.77431,43.36189],[-2.77381,43.36125],[-2.77364,43.36115],[-2.77349,43.36108],[-2.77335,43.36107]]}},{"type":"Feature","properties":{"id":334881500,"highway":"track"},"geometry":{"type":"LineString","coordinates":[[-2.77335,43.36107],[-2.77337,43.36125],[-2.77343,43.36138],[-2.77344,43.36151],[-2.77333,43.36185],[-2.77329,43.36211],[-2.77325,43.36245]]}},{"type":"Feature","properties":{"id":335875686,"highway":"service"},"geometry":{"type":"MultiLineString","coordinates":[[[-2.79409,43.38429],[-2.79408,43.38442],[-2.79403,43.3846],[-2.7939,43.38476],[-2.79356,43.38508],[-2.79394,43.38541],[-2.79417,43.38557],[-2.79436,43.38569],[-2.79443,43.38576]],[[-2.79501,43.38558],[-2.79502,43.38557],[-2.795,43.3855],[-2.79492,43.38548],[-2.79482,43.3855],[-2.79476,43.38555],[-2.79472,43.38564]]]}},{"type":"Feature","properties":{"id":335875687,"highway":"service"},"geometry":{"type":"LineString","coordinates":[[-2.79356,43.38508],[-2.79334,43.38529],[-2.79318,43.38541],[-2.7931,43.38547],[-2.79305,43.38552],[-2.79304,43.38554],[-2.79306,43.38558],[-2.79326,43.38565],[-2.79331,43.38567]]}},{"type":"Feature","properties":{"id":335875688,"highway":"unclassified"},"geometry":{"type":"MultiLineString","coordinates":[[[-2.79409,43.38429],[-2.79418,43.38425],[-2.79424,43.38424],[-2.79428,43.38423],[-2.79437,43.38425],[-2.79461,43.38432],[-2.79484,43.3844],[-2.79496,43.38441],[-2.79552,43.38439],[-2.79576,43.38436],[-2.79608,43.38431],[-2.79622,43.38429],[-2.79636,43.38426],[-2.79666,43.38421],[-2.79683,43.38418],[-2.79685,43.38418]],[[-2.79716,43.38237],[-2.79703,43.38232],[-2.79661,43.38223],[-2.79639,43.38214],[-2.79627,43.38202],[-2.7962,43.38187],[-2.79615,43.38176],[-2.79615,43.38164],[-2.7961,43.38144],[-2.79608,43.38137]]]}},{"type":"Feature","properties":{"id":335875690,"highway":"service"},"geometry":{"type":"LineString","coordinates":[[-2.77993,43.39425],[-2.78003,43.39417],[-2.78015,43.39401],[-2.7805,43.3934],[-2.78072,43.39295],[-2.781,43.39263],[-2.7813,43.39236],[-2.78157,43.39219]]}},{"type":"Feature","properties":{"id":335875691,"highway":"service"},"geometry":{"type":"LineString","coordinates":[[-2.77657,43.3842],[-2.77657,43.38425],[-2.77662,43.38433],[-2.77697,43.38468],[-2.77716,43.38492],[-2.77725,43.38513],[-2.77727,43.38534],[-2.77733,43.38579],[-2.77735,43.38597],[-2.7774,43.3861],[-2.7774,43.38623],[-2.77735,43.38657],[-2.77733,43.38677],[-2.77738,43.38691],[-2.77749,43.38711],[-2.77765,43.38729],[-2.77787,43.38755],[-2.77805,43.38778],[-2.77817,43.38797],[-2.77825,43.38819],[-2.77839,43.3885],[-2.77843,43.38864],[-2.77851,43.38886],[-2.77857,43.389],[-2.77862,43.3892],[-2.77865,43.38939],[-2.77868,43.38958],[-2.77876,43.38976],[-2.77888,43.38986],[-2.77908,43.39],[-2.77935,43.39013],[-2.77964,43.39021],[-2.77982,43.39025],[-2.78001,43.39036],[-2.78014,43.39046],[-2.78023,43.39063],[-2.78029,43.39088],[-2.78026,43.39114],[-2.78007,43.39128],[-2.77984,43.39147],[-2.77977,43.39172],[-2.7798,43.3919],[-2.78001,43.39213],[-2.78024,43.39223],[-2.78051,43.39231],[-2.78076,43.39232],[-2.781,43.39228],[-2.78123,43.39222],[-2.78157,43.39219]]}},{"type":"Feature","properties":{"id":335875692,"highway":"service"},"geometry":{"type":"LineString","coordinates":[[-2.78157,43.39219],[-2.78191,43.39219],[-2.78218,43.3922],[-2.78265,43.39224],[-2.78288,43.39226],[-2.78351,43.39231],[-2.78399,43.39238],[-2.78442,43.39251],[-2.78454,43.39263],[-2.78454,43.39264],[-2.78437,43.39301],[-2.78408,43.39322],[-2.78405,43.39334]]}},{"type":"Feature","properties":{"id":338331793,"highway":"track"},"geometry":{"type":"LineString","coordinates":[[-2.79736,43.3614],[-2.79719,43.36136],[-2.79699,43.36135],[-2.79674,43.36135],[-2.79643,43.36133],[-2.79629,43.36138],[-2.79612,43.36148],[-2.79601,43.36154],[-2.79589,43.36151],[-2.79579,43.36136],[-2.79569,43.36124],[-2.79548,43.36119],[-2.79531,43.36123],[-2.79522,43.3613],[-2.79511,43.36135],[-2.79497,43.36134],[-2.79485,43.36128],[-2.79467,43.36122],[-2.7945,43.36116],[-2.79439,43.36112],[-2.7943,43.36107],[-2.7942,43.36099],[-2.79416,43.36087],[-2.79413,43.36075],[-2.79417,43.36066],[-2.79418,43.36058],[-2.79412,43.36051],[-2.79398,43.36051],[-2.79386,43.36064],[-2.79377,43.36078],[-2.79364,43.3609],[-2.79356,43.36098],[-2.79348,43.36109],[-2.79338,43.36124],[-2.79335,43.36133],[-2.79335,43.36144],[-2.79329,43.3615],[-2.79322,43.3615],[-2.79313,43.36141],[-2.79302,43.36129],[-2.79288,43.36116],[-2.7929,43.36107],[-2.79286,43.361],[-2.79273,43.36084],[-2.79256,43.36073],[-2.79248,43.36064],[-2.79232,43.36049],[-2.79207,43.36034],[-2.79185,43.36022],[-2.79171,43.36007],[-2.79166,43.35996],[-2.7916,43.3598],[-2.79157,43.35954],[-2.79156,43.35929],[-2.79149,43.35918],[-2.79147,43.35909],[-2.79134,43.35898],[-2.79121,43.35888],[-2.791,43.35871],[-2.79088,43.35863],[-2.79079,43.3586],[-2.79074,43.35859],[-2.79066,43.35863],[-2.79055,43.35876],[-2.79038,43.35892],[-2.79013,43.35914],[-2.78987,43.35931],[-2.78967,43.35945],[-2.78953,43.35954],[-2.78932,43.35963],[-2.78922,43.35967],[-2.78908,43.3597],[-2.78892,43.35974],[-2.78874,43.35979],[-2.78854,43.35988],[-2.7883,43.36001],[-2.78815,43.36007],[-2.78799,43.36012],[-2.78786,43.36012],[-2.78762,43.36008],[-2.78742,43.35997],[-2.78717,43.35985],[-2.78699,43.35971],[-2.78686,43.35964],[-2.78669,43.35954],[-2.78659,43.35949],[-2.78646,43.35946],[-2.78618,43.35945],[-2.786,43.35943],[-2.78587,43.35937],[-2.78572,43.3593],[-2.7856,43.3592],[-2.78543,43.35905],[-2.78521,43.3589],[-2.78512,43.35881],[-2.78497,43.35859],[-2.78482,43.35851],[-2.78469,43.35847],[-2.78443,43.35847],[-2.78428,43.35851],[-2.78421,43.35855],[-2.78416,43.35858],[-2.78407,43.35865],[-2.78389,43.35872],[-2.78373,43.35881],[-2.78367,43.35888],[-2.78362,43.35896],[-2.78359,43.35903],[-2.78348,43.35918],[-2.78336,43.35928],[-2.78326,43.35934],[-2.78308,43.35941],[-2.78292,43.35946],[-2.78264,43.35954],[-2.78252,43.35959],[-2.78245,43.35961]]}},{"type":"Feature","properties":{"id":338331794,"highway":"path"},"geometry":{"type":"LineString","coordinates":[[-2.77427,43.36791],[-2.77449,43.36792],[-2.77469,43.36798],[-2.77487,43.36802],[-2.77499,43.368],[-2.77499,43.36792],[-2.77498,43.36781],[-2.77493,43.36773],[-2.77492,43.36763],[-2.77486,43.36753],[-2.77484,43.36746],[-2.7748,43.3674],[-2.77476,43.36732],[-2.77474,43.36724],[-2.77471,43.36718],[-2.77474,43.36708],[-2.77478,43.36704],[-2.77489,43.36698],[-2.7751,43.36696],[-2.77527,43.36698],[-2.77533,43.36703],[-2.77539,43.36708],[-2.77547,43.36709],[-2.77551,43.36707],[-2.77554,43.36701],[-2.7756,43.36693],[-2.77568,43.36686],[-2.77573,43.3668],[-2.7757,43.36677],[-2.77568,43.36659],[-2.77569,43.3664],[-2.77567,43.36636],[-2.77568,43.36614],[-2.77567,43.36605],[-2.77569,43.36588],[-2.77568,43.36579],[-2.77572,43.36559],[-2.77573,43.36548],[-2.77571,43.36533],[-2.77572,43.36522],[-2.77571,43.36514],[-2.7757,43.36502],[-2.77569,43.36493],[-2.77567,43.3649],[-2.77572,43.36487],[-2.77578,43.36488],[-2.77584,43.36488],[-2.77587,43.36488],[-2.77593,43.36479],[-2.77598,43.36472],[-2.77601,43.36467],[-2.77607,43.36464],[-2.77609,43.36455],[-2.77614,43.36447],[-2.77617,43.36441],[-2.77619,43.36436],[-2.7762,43.36425],[-2.7762,43.36416],[-2.77622,43.36409],[-2.77625,43.36398],[-2.7763,43.36389],[-2.77632,43.36384],[-2.77635,43.36375],[-2.77638,43.36368],[-2.77646,43.36358],[-2.77652,43.36351],[-2.77663,43.36342],[-2.7767,43.36335],[-2.77675,43.36327],[-2.7768,43.36322],[-2.77685,43.36314],[-2.77688,43.36309],[-2.77688,43.36302],[-2.77688,43.36289]]}},{"type":"Feature","properties":{"id":338331795,"highway":"track"},"geometry":{"type":"LineString","coordinates":[[-2.76873,43.37091],[-2.76897,43.3709],[-2.76932,43.37087],[-2.76955,43.37088],[-2.76984,43.37087],[-2.77016,43.37088],[-2.77052,43.37095],[-2.77061,43.37094],[-2.77067,43.37092],[-2.77077,43.37097],[-2.77105,43.37117],[-2.77138,43.37142],[-2.77151,43.37152],[-2.77166,43.37164],[-2.77187,43.37182],[-2.77191,43.37184],[-2.77207,43.37202],[-2.7722,43.37215],[-2.77269,43.37233],[-2.77294,43.37237],[-2.77316,43.37245],[-2.77335,43.37255],[-2.77349,43.37261],[-2.77355,43.37265],[-2.7736,43.37266],[-2.77375,43.37266],[-2.77392,43.37262],[-2.77409,43.37256],[-2.77424,43.37248],[-2.77444,43.37244],[-2.77459,43.3725],[-2.77458,43.37261],[-2.77449,43.37269],[-2.77435,43.3728],[-2.77407,43.37297],[-2.77394,43.3731],[-2.77383,43.37321],[-2.77374,43.37329],[-2.77377,43.37341],[-2.77391,43.37359],[-2.77405,43.37377],[-2.77403,43.37396],[-2.77393,43.37445],[-2.77396,43.37457],[-2.774,43.37472],[-2.77407,43.37494],[-2.77411,43.37503],[-2.77409,43.37518],[-2.77408,43.37526],[-2.77415,43.37542],[-2.77419,43.37556],[-2.77417,43.37562],[-2.77415,43.3757],[-2.7742,43.37573],[-2.77438,43.37577],[-2.77449,43.37585],[-2.77468,43.37612],[-2.77483,43.3763],[-2.7749,43.37643],[-2.77501,43.37663],[-2.77512,43.37679],[-2.77519,43.37685],[-2.77542,43.37695],[-2.77562,43.3771],[-2.77574,43.37728],[-2.77582,43.37747],[-2.7759,43.37759],[-2.77597,43.37773],[-2.77598,43.37787],[-2.77604,43.37801],[-2.77612,43.37814],[-2.77627,43.37822],[-2.77649,43.37829],[-2.77682,43.37835],[-2.77704,43.37841],[-2.77722,43.37847],[-2.77741,43.37856],[-2.77756,43.37865],[-2.7777,43.37869],[-2.77788,43.37872],[-2.77804,43.37871],[-2.77825,43.37875],[-2.77844,43.37884],[-2.77861,43.37888]]}},{"type":"Feature","properties":{"id":338331796,"highway":"track"},"geometry":{"type":"LineString","coordinates":[[-2.77417,43.38179],[-2.77422,43.38167],[-2.77422,43.38158],[-2.77412,43.38149],[-2.77406,43.38131],[-2.77407,43.38121],[-2.77401,43.38109],[-2.77389,43.38097],[-2.7738,43.3808]]}},{"type":"Feature","properties":{"id":338331797,"highway":"track"},"geometry":{"type":"LineString","coordinates":[[-2.77389,43.38097],[-2.77403,43.38092],[-2.77427,43.38085],[-2.77442,43.38083],[-2.7746,43.38079],[-2.77473,43.38076],[-2.77499,43.38081],[-2.77519,43.38084],[-2.77532,43.38084],[-2.77542,43.3808],[-2.77545,43.38074],[-2.77537,43.38065],[-2.77536,43.38054],[-2.77542,43.38047],[-2.77553,43.38037],[-2.77559,43.38024],[-2.77558,43.38014],[-2.77552,43.38005],[-2.77533,43.38002],[-2.77515,43.37994],[-2.77506,43.37982],[-2.77509,43.37977],[-2.77531,43.37956],[-2.77537,43.37944],[-2.77538,43.37928],[-2.77533,43.37911],[-2.77518,43.37896],[-2.77511,43.37881],[-2.77511,43.3787],[-2.77557,43.37878],[-2.77582,43.37883],[-2.77614,43.37887],[-2.77633,43.3789],[-2.77668,43.37898],[-2.77695,43.37905],[-2.77715,43.37909],[-2.77734,43.37911],[-2.77757,43.37916],[-2.77773,43.37921],[-2.77783,43.37925],[-2.77796,43.37936],[-2.77807,43.37951],[-2.77819,43.37965],[-2.77828,43.37976],[-2.77831,43.37953],[-2.7783,43.37938],[-2.77836,43.37926],[-2.77851,43.37913],[-2.77861,43.37903],[-2.77861,43.37888]]}},{"type":"Feature","properties":{"id":338339308,"highway":"service","nombre":"Agirre auzoa"},"geometry":{"type":"LineString","coordinates":[[-2.76801,43.371],[-2.76813,43.37098],[-2.76822,43.37097],[-2.76841,43.37094],[-2.76854,43.37093],[-2.76871,43.37092]]}},{"type":"Feature","properties":{"id":338339309,"highway":"track"},"geometry":{"type":"LineString","coordinates":[[-2.77325,43.36245],[-2.77331,43.36245],[-2.77341,43.36248],[-2.77425,43.36285],[-2.77447,43.36297],[-2.77472,43.36314],[-2.77482,43.36317],[-2.77496,43.36316],[-2.77505,43.36315],[-2.77523,43.36311],[-2.77552,43.36301],[-2.77595,43.36282],[-2.77627,43.36269],[-2.77646,43.36263],[-2.77663,43.36259],[-2.77677,43.36257],[-2.77683,43.36257],[-2.77694,43.36258],[-2.77703,43.36263],[-2.77709,43.3627],[-2.77711,43.36276],[-2.77709,43.36282],[-2.77706,43.36285],[-2.777,43.36288],[-2.77696,43.36289],[-2.77688,43.36289],[-2.77662,43.36288],[-2.77652,43.3629],[-2.77641,43.36293],[-2.77625,43.36298],[-2.77601,43.3631],[-2.77543,43.36343],[-2.77466,43.36379],[-2.77448,43.36386],[-2.7744,43.36387],[-2.7743,43.36388],[-2.77419,43.36388],[-2.77412,43.36386],[-2.77403,43.36383],[-2.77381,43.36374],[-2.77366,43.36371],[-2.77356,43.36371],[-2.77342,43.36373],[-2.77336,43.36375],[-2.77331,43.36376],[-2.7732,43.36382],[-2.77317,43.36384],[-2.77305,43.36395],[-2.77289,43.36414],[-2.77278,43.36427],[-2.77275,43.36433],[-2.77274,43.36436],[-2.77276,43.36441],[-2.77279,43.36443],[-2.77286,43.36445],[-2.77307,43.36443],[-2.7732,43.36443],[-2.77374,43.3645],[-2.77442,43.36453],[-2.77463,43.36455],[-2.77473,43.36458],[-2.77486,43.36464],[-2.77494,43.3647],[-2.775,43.36476],[-2.77504,43.36482],[-2.77506,43.36487],[-2.77508,43.36493],[-2.77508,43.36499],[-2.77506,43.3651],[-2.77504,43.36531],[-2.77502,43.36538],[-2.77494,43.36554],[-2.77486,43.36565],[-2.77482,43.3657],[-2.77459,43.36592],[-2.77454,43.36601],[-2.77447,43.3662],[-2.77439,43.36658],[-2.77427,43.36691],[-2.77426,43.36705],[-2.77427,43.3672],[-2.77423,43.36736],[-2.77423,43.36747],[-2.77428,43.3678],[-2.77427,43.36791],[-2.77415,43.36815],[-2.77414,43.36823],[-2.77416,43.36835]]}},{"type":"Feature","properties":{"id":338397703,"highway":"service"},"geometry":{"type":"LineString","coordinates":[[-2.79429,43.38228],[-2.79451,43.38224],[-2.79492,43.38204],[-2.79503,43.38196],[-2.79527,43.38178],[-2.79527,43.38173],[-2.79497,43.38146],[-2.79489,43.3814]]}},{"type":"Feature","properties":{"id":356330669,"highway":"service"},"geometry":{"type":"LineString","coordinates":[[-2.79392,43.37736],[-2.79379,43.37732],[-2.79353,43.37729],[-2.79349,43.37728],[-2.79337,43.37723],[-2.79325,43.37706],[-2.79326,43.37685],[-2.79334,43.37671],[-2.79352,43.37658],[-2.79371,43.37643],[-2.79378,43.37626],[-2.7937,43.37612],[-2.79351,43.37603],[-2.79332,43.37595],[-2.79315,43.3758],[-2.79304,43.3756],[-2.79297,43.37536],[-2.79292,43.37515],[-2.7929,43.37488],[-2.79287,43.37471],[-2.79284,43.37453],[-2.79286,43.37427],[-2.79286,43.37412],[-2.7928,43.37399],[-2.79274,43.37371],[-2.79273,43.37346],[-2.79283,43.37335],[-2.79297,43.3731],[-2.79318,43.37264]]}},{"type":"Feature","properties":{"id":356331198,"highway":"service"},"geometry":{"type":"LineString","coordinates":[[-2.80409,43.37154],[-2.8039,43.37135],[-2.80373,43.37121],[-2.80352,43.37111],[-2.80313,43.37104],[-2.80287,43.37101],[-2.80278,43.37104],[-2.80261,43.3712],[-2.80242,43.37121],[-2.80189,43.37121],[-2.80166,43.37119],[-2.80129,43.37121],[-2.80114,43.37119],[-2.80096,43.37113]]}},{"type":"Feature","properties":{"id":356331199,"highway":"service"},"geometry":{"type":"LineString","coordinates":[[-2.80261,43.3712],[-2.80233,43.37137],[-2.80191,43.37156],[-2.80159,43.37168],[-2.80121,43.37181],[-2.80096,43.37191],[-2.80068,43.37206],[-2.80051,43.37226],[-2.80044,43.37229]]}},{"type":"Feature","properties":{"id":356331200,"highway":"track"},"geometry":{"type":"LineString","coordinates":[[-2.79297,43.37536],[-2.79271,43.37524],[-2.79246,43.37516],[-2.7921,43.37507],[-2.79188,43.37492],[-2.79179,43.37474],[-2.79175,43.37463],[-2.79175,43.37453],[-2.79182,43.37432],[-2.79185,43.37409],[-2.79183,43.37394],[-2.79181,43.37381],[-2.79185,43.3737],[-2.79198,43.3735],[-2.79207,43.37337],[-2.79207,43.37326],[-2.79202,43.37317],[-2.79193,43.37309],[-2.79186,43.37297],[-2.79181,43.37286],[-2.79181,43.3727],[-2.79182,43.37254],[-2.79177,43.3725],[-2.79167,43.3725],[-2.79142,43.37259],[-2.79109,43.37269],[-2.79093,43.37274],[-2.79081,43.3728],[-2.79073,43.37289],[-2.79061,43.37308],[-2.79054,43.37331],[-2.79047,43.37357],[-2.79041,43.37383],[-2.79036,43.37394],[-2.79021,43.37419],[-2.79012,43.37429],[-2.78997,43.37433],[-2.7898,43.37433],[-2.78969,43.37426],[-2.78963,43.37412],[-2.78951,43.37394],[-2.7894,43.37385],[-2.78921,43.37378],[-2.78896,43.37368],[-2.78886,43.37366],[-2.78878,43.37359],[-2.78865,43.37348],[-2.78846,43.37341],[-2.78809,43.37323],[-2.78786,43.37312],[-2.78781,43.37311],[-2.78772,43.37309],[-2.78761,43.37302],[-2.7874,43.37294],[-2.78705,43.37282],[-2.78672,43.37272],[-2.78653,43.37268],[-2.78637,43.37268],[-2.78603,43.37272],[-2.78565,43.37277],[-2.78548,43.37281],[-2.78527,43.37288],[-2.78496,43.373],[-2.78474,43.37309],[-2.78436,43.37315],[-2.78416,43.37321],[-2.78389,43.37329],[-2.78366,43.37337],[-2.78347,43.37344],[-2.78322,43.37349],[-2.78288,43.37352],[-2.78276,43.37351],[-2.7826,43.37351],[-2.7823,43.37351],[-2.78197,43.3735],[-2.78154,43.37348],[-2.78114,43.37346],[-2.78072,43.37338],[-2.78026,43.37328],[-2.77974,43.37316],[-2.77933,43.37308],[-2.77913,43.37306],[-2.77894,43.37301],[-2.77881,43.37294],[-2.77861,43.37287],[-2.77839,43.37282],[-2.77808,43.3727],[-2.77775,43.37259],[-2.77748,43.37244],[-2.77716,43.37228],[-2.77687,43.3721],[-2.77666,43.37197],[-2.77632,43.37181],[-2.77613,43.37168],[-2.77573,43.37147],[-2.77538,43.37126],[-2.77508,43.37106],[-2.77485,43.37087],[-2.77459,43.37057],[-2.77453,43.37045],[-2.7746,43.37027],[-2.77473,43.37012],[-2.77481,43.37002],[-2.7749,43.36991],[-2.77499,43.36983],[-2.77511,43.36979],[-2.77525,43.3698],[-2.77545,43.36984],[-2.77553,43.36993],[-2.77561,43.36997],[-2.77568,43.36996],[-2.77575,43.36988],[-2.7759,43.36969],[-2.77616,43.36952],[-2.7763,43.36948],[-2.77642,43.36947]]}},{"type":"Feature","properties":{"id":356467401,"highway":"path"},"geometry":{"type":"LineString","coordinates":[[-2.77325,43.36245],[-2.77325,43.36251],[-2.77327,43.36258],[-2.77326,43.36268],[-2.77322,43.36271],[-2.77317,43.36278],[-2.77316,43.36291],[-2.77318,43.36296],[-2.77322,43.36304],[-2.77325,43.36306],[-2.77328,43.36313],[-2.77329,43.36318],[-2.77329,43.36326],[-2.77329,43.36332],[-2.77329,43.36337],[-2.77328,43.3634],[-2.77328,43.36344],[-2.77329,43.36352],[-2.77321,43.36366],[-2.77316,43.36373],[-2.77318,43.36379],[-2.7732,43.36382]]}},{"type":"Feature","properties":{"id":356468181,"highway":"track"},"geometry":{"type":"LineString","coordinates":[[-2.77335,43.36107],[-2.77326,43.36109],[-2.77316,43.36118],[-2.77294,43.36144],[-2.77268,43.36175],[-2.77255,43.36188],[-2.7722,43.36209],[-2.772,43.36227],[-2.77175,43.36246],[-2.77138,43.36264],[-2.77116,43.36274],[-2.77106,43.36279]]}},{"type":"Feature","properties":{"id":362051070,"highway":"service","superficie":"asphalt"},"geometry":{"type":"LineString","coordinates":[[-2.79785,43.34978],[-2.79783,43.34979]]}},{"type":"Feature","properties":{"id":372205257,"highway":"track"},"geometry":{"type":"LineString","coordinates":[[-2.79421,43.36793],[-2.79402,43.36797],[-2.79393,43.36798],[-2.79387,43.368],[-2.79379,43.36803],[-2.79369,43.36804],[-2.7936,43.36803],[-2.79336,43.36798],[-2.79323,43.36793],[-2.79316,43.36789],[-2.79307,43.3679],[-2.79296,43.36797],[-2.79284,43.36803],[-2.79264,43.36806],[-2.79254,43.36806],[-2.79241,43.36792],[-2.79219,43.3678],[-2.79191,43.36773],[-2.79154,43.36772],[-2.79121,43.36772],[-2.79095,43.36769],[-2.79036,43.36756],[-2.78997,43.36741],[-2.7899,43.36734],[-2.78987,43.36716],[-2.7898,43.36699],[-2.78976,43.36694],[-2.78962,43.36688],[-2.78954,43.36685],[-2.78944,43.36673],[-2.78919,43.36663],[-2.78885,43.36653],[-2.78863,43.36643],[-2.78845,43.36637],[-2.78828,43.36626],[-2.78804,43.36614],[-2.78782,43.36607],[-2.78751,43.36597],[-2.78709,43.36585],[-2.7868,43.36575],[-2.78654,43.36563],[-2.78623,43.36549],[-2.78596,43.36536],[-2.78579,43.36529],[-2.78562,43.3652],[-2.78536,43.36514],[-2.78509,43.36506],[-2.78475,43.36491],[-2.78458,43.36485],[-2.78397,43.36463],[-2.78368,43.36454],[-2.7834,43.36442],[-2.78316,43.36429],[-2.78289,43.36414],[-2.78247,43.36399],[-2.78219,43.36388],[-2.78182,43.3638],[-2.7815,43.36376],[-2.78118,43.36374],[-2.78109,43.36376],[-2.78097,43.36384],[-2.78083,43.36395],[-2.78065,43.36397],[-2.78038,43.36401],[-2.78046,43.36392],[-2.7806,43.36379],[-2.78071,43.36368],[-2.78076,43.36355],[-2.78085,43.36343],[-2.78086,43.36336],[-2.78087,43.36317],[-2.78095,43.36306],[-2.7813,43.36274],[-2.78131,43.36267],[-2.78131,43.36262],[-2.78123,43.36259],[-2.78113,43.3626],[-2.78107,43.36261],[-2.78083,43.36267],[-2.78074,43.3627],[-2.78062,43.36272],[-2.78053,43.36269],[-2.78054,43.36264],[-2.78065,43.36252],[-2.78077,43.36241],[-2.78077,43.36237]]}},{"type":"Feature","properties":{"id":372205258,"highway":"track"},"geometry":{"type":"LineString","coordinates":[[-2.79379,43.36803],[-2.79367,43.36798],[-2.79361,43.36792],[-2.79355,43.36785],[-2.79349,43.36776],[-2.79334,43.36762],[-2.79316,43.3675],[-2.7929,43.36735],[-2.79279,43.36731],[-2.79262,43.36728],[-2.79239,43.3672],[-2.79212,43.36705],[-2.79198,43.36692],[-2.79189,43.36679],[-2.79175,43.36668],[-2.79153,43.36654],[-2.79129,43.36646],[-2.79099,43.36638],[-2.79079,43.36632],[-2.79067,43.36634],[-2.79054,43.36635],[-2.79045,43.36633],[-2.79036,43.36629],[-2.79022,43.36626],[-2.79009,43.36628],[-2.79,43.36639],[-2.78992,43.36653],[-2.78977,43.36665],[-2.78961,43.36683],[-2.78954,43.36685],[-2.78937,43.36691],[-2.78898,43.36697],[-2.78878,43.36706],[-2.78849,43.36715],[-2.78814,43.36719],[-2.78794,43.3672],[-2.78768,43.36717],[-2.78739,43.36716],[-2.78715,43.36718],[-2.78689,43.3672],[-2.78674,43.3672],[-2.78627,43.36717],[-2.78602,43.36716],[-2.78582,43.3672],[-2.78563,43.36725],[-2.78544,43.36726],[-2.78517,43.36726],[-2.78505,43.36726],[-2.78494,43.36724],[-2.78476,43.36718],[-2.78452,43.36712],[-2.78437,43.36703],[-2.7842,43.36692],[-2.78399,43.36685],[-2.7838,43.3668],[-2.78371,43.36678],[-2.78333,43.3668],[-2.78314,43.36686],[-2.78303,43.36691],[-2.78288,43.36692],[-2.78263,43.36691],[-2.78234,43.36688],[-2.78206,43.36692],[-2.78181,43.36702],[-2.78132,43.3673],[-2.78124,43.36735],[-2.78114,43.36738],[-2.78093,43.36741],[-2.78073,43.36749],[-2.78052,43.36757],[-2.78032,43.3676],[-2.78021,43.36761],[-2.78008,43.36756],[-2.77998,43.36743],[-2.77988,43.36734],[-2.7798,43.3673],[-2.7797,43.3673],[-2.77962,43.36732],[-2.77945,43.36746],[-2.77932,43.36762],[-2.77929,43.36777],[-2.77927,43.36793],[-2.77927,43.36814],[-2.77927,43.36827],[-2.77925,43.36847],[-2.77921,43.36854],[-2.7791,43.36861],[-2.77901,43.36865],[-2.77887,43.36864],[-2.77859,43.36862],[-2.77832,43.36859],[-2.77826,43.36859],[-2.77815,43.36862],[-2.77808,43.36866],[-2.77782,43.36881],[-2.77745,43.36899],[-2.77716,43.36921],[-2.77693,43.36937],[-2.77674,43.36946],[-2.77659,43.36947],[-2.77642,43.36947]]}},{"type":"Feature","properties":{"id":376068732,"highway":"track"},"geometry":{"type":"LineString","coordinates":[[-2.78739,43.3554],[-2.78717,43.35537],[-2.78697,43.35529],[-2.78681,43.35524],[-2.78661,43.35512],[-2.7865,43.35507],[-2.78645,43.35504],[-2.78643,43.35501],[-2.78639,43.35497]]}},{"type":"Feature","properties":{"id":376068733,"highway":"track"},"geometry":{"type":"MultiLineString","coordinates":[[[-2.78639,43.35497],[-2.78624,43.35492],[-2.78614,43.3549],[-2.78604,43.35491]],[[-2.78569,43.35452],[-2.78572,43.35431]]]}},{"type":"Feature","properties":{"id":376090574,"highway":"track"},"geometry":{"type":"LineString","coordinates":[[-2.76578,43.3763],[-2.76583,43.3763],[-2.76595,43.37625],[-2.7661,43.37618],[-2.76619,43.37614],[-2.76628,43.3761],[-2.76642,43.37604],[-2.76656,43.37595],[-2.76668,43.37584],[-2.76681,43.3757],[-2.76692,43.37552],[-2.76707,43.37526],[-2.76723,43.37498],[-2.76731,43.37479]]}},{"type":"Feature","properties":{"id":376090575,"highway":"track"},"geometry":{"type":"MultiLineString","coordinates":[[[-2.7661,43.37618],[-2.76616,43.37632],[-2.76622,43.37645],[-2.76629,43.37668],[-2.76632,43.3768],[-2.76637,43.37693],[-2.76644,43.37703],[-2.76655,43.37723],[-2.76661,43.37738],[-2.76664,43.37746],[-2.76665,43.37755],[-2.76673,43.37763],[-2.7669,43.37768],[-2.76702,43.37776],[-2.76713,43.37785],[-2.76739,43.37809],[-2.76778,43.37845],[-2.76782,43.37854],[-2.76787,43.37859],[-2.76829,43.37889],[-2.76868,43.37922]],[[-2.76881,43.37933],[-2.76901,43.37948],[-2.76925,43.37968],[-2.76931,43.37977],[-2.76954,43.37996],[-2.76965,43.38006],[-2.77,43.38034],[-2.77017,43.3805],[-2.77034,43.38064],[-2.77043,43.38071],[-2.77045,43.38075],[-2.7705,43.38084],[-2.77057,43.38089],[-2.77068,43.38095],[-2.7709,43.38113],[-2.77093,43.38117],[-2.771,43.38125],[-2.77144,43.38159],[-2.77161,43.38174],[-2.77171,43.38186],[-2.77189,43.38201],[-2.77219,43.38227],[-2.77225,43.38233],[-2.7723,43.38236],[-2.77235,43.3824],[-2.7725,43.38253],[-2.77257,43.38255],[-2.77262,43.38254],[-2.77265,43.3825],[-2.77266,43.38244],[-2.77268,43.38235],[-2.77271,43.38226],[-2.77277,43.38218],[-2.77283,43.38212],[-2.77288,43.3821],[-2.77295,43.38209],[-2.77301,43.38211],[-2.77317,43.38224],[-2.77328,43.3823],[-2.77342,43.3824],[-2.77349,43.38244],[-2.77357,43.3825],[-2.77366,43.38251]]]}},{"type":"Feature","properties":{"id":383578478,"highway":"primary","nombre":"Bilbao - Bermeo errepidea","izena_eu":"Bilbao - Bermeo errepidea","nombre_es":"Carretera Bilbao - Bermeo","ref":"BI-631","superficie":"asphalt"},"geometry":{"type":"LineString","coordinates":[[-2.80455,43.37125],[-2.80409,43.37154],[-2.80323,43.37208],[-2.80303,43.37221],[-2.80276,43.37238],[-2.80222,43.37273],[-2.80182,43.37298],[-2.80176,43.37301]]}},{"type":"Feature","properties":{"id":386197208,"highway":"track"},"geometry":{"type":"LineString","coordinates":[[-2.76963,43.36543],[-2.76964,43.36543],[-2.76971,43.36538],[-2.76979,43.36529],[-2.76983,43.36522],[-2.7698,43.36512],[-2.76971,43.36503],[-2.7697,43.36484],[-2.76974,43.36471],[-2.76981,43.36459],[-2.77001,43.36431],[-2.77017,43.36419],[-2.77031,43.36408],[-2.77037,43.36403],[-2.77049,43.36385],[-2.77063,43.3637],[-2.77072,43.36356],[-2.77079,43.36341],[-2.77085,43.36319],[-2.77087,43.36307],[-2.77091,43.36295],[-2.77099,43.36285],[-2.77106,43.36279]]}},{"type":"Feature","properties":{"id":386197209,"highway":"track"},"geometry":{"type":"LineString","coordinates":[[-2.8097,43.37246],[-2.8098,43.37255],[-2.81001,43.37276],[-2.81009,43.37284],[-2.81013,43.37288],[-2.81026,43.37291],[-2.81047,43.37294],[-2.81058,43.37296]]}},{"type":"Feature","properties":{"id":386197210,"highway":"track"},"geometry":{"type":"MultiLineString","coordinates":[[[-2.8097,43.37246],[-2.8096,43.37267],[-2.80957,43.37274],[-2.8095,43.37281],[-2.80942,43.37284],[-2.8093,43.37284],[-2.80907,43.3728]],[[-2.80815,43.37302],[-2.80788,43.37309],[-2.80757,43.37315],[-2.80751,43.37317],[-2.80747,43.3732],[-2.80741,43.37324],[-2.80728,43.37346],[-2.80724,43.37352],[-2.80708,43.37367],[-2.8068,43.37399],[-2.80674,43.37405],[-2.80664,43.37421],[-2.80655,43.37432],[-2.80644,43.37439],[-2.80637,43.37443],[-2.80618,43.37453],[-2.806,43.3746],[-2.80585,43.37471],[-2.80579,43.37476],[-2.80577,43.37479],[-2.80577,43.37485],[-2.80582,43.37492],[-2.80584,43.37495],[-2.80596,43.37507],[-2.80604,43.37517],[-2.80609,43.37521],[-2.80615,43.37523],[-2.80622,43.37526]]]}},{"type":"Feature","properties":{"id":386197213,"highway":"service"},"geometry":{"type":"LineString","coordinates":[[-2.80475,43.37127],[-2.80484,43.37136],[-2.80487,43.37138],[-2.80493,43.37141],[-2.80506,43.37146],[-2.80526,43.37156],[-2.80541,43.37168],[-2.80559,43.37181]]}},{"type":"Feature","properties":{"id":386197214,"highway":"service","puente":"yes"},"geometry":{"type":"LineString","coordinates":[[-2.80559,43.37181],[-2.80571,43.37186]]}},{"type":"Feature","properties":{"id":386197215,"highway":"service"},"geometry":{"type":"LineString","coordinates":[[-2.80571,43.37186],[-2.80586,43.37191],[-2.80606,43.37197],[-2.80609,43.372],[-2.80612,43.37204],[-2.80614,43.37211]]}},{"type":"Feature","properties":{"id":447653956,"highway":"track"},"geometry":{"type":"LineString","coordinates":[[-2.79074,43.35859],[-2.79059,43.35803],[-2.79056,43.35777],[-2.79056,43.35764],[-2.79063,43.35751],[-2.79076,43.35743],[-2.79088,43.35738],[-2.79113,43.35733],[-2.79141,43.35727],[-2.7918,43.35722],[-2.79222,43.35721]]}},{"type":"Feature","properties":{"id":447653957,"highway":"track"},"geometry":{"type":"LineString","coordinates":[[-2.79128,43.35691],[-2.79173,43.35704],[-2.79222,43.35721],[-2.79247,43.35724],[-2.7927,43.35726],[-2.79285,43.35724],[-2.793,43.35715]]}},{"type":"Feature","properties":{"id":473734647,"highway":"service"},"geometry":{"type":"LineString","coordinates":[[-2.78405,43.39334],[-2.78419,43.39365],[-2.78438,43.39402],[-2.78448,43.39421],[-2.78459,43.39429],[-2.7847,43.39432],[-2.7847,43.39433],[-2.78486,43.39434],[-2.78493,43.39439],[-2.78498,43.39447],[-2.78501,43.39476],[-2.78505,43.39504]]}},{"type":"Feature","properties":{"id":473734648,"highway":"track"},"geometry":{"type":"LineString","coordinates":[[-2.77843,43.38864],[-2.77854,43.38875],[-2.77879,43.38898],[-2.77906,43.38915],[-2.77953,43.38938],[-2.77999,43.38962],[-2.78017,43.38968],[-2.78034,43.38972],[-2.78091,43.38981],[-2.78127,43.38987],[-2.78185,43.39002],[-2.78201,43.39004],[-2.78247,43.39007],[-2.78284,43.39013],[-2.78318,43.39023],[-2.78357,43.39034],[-2.78394,43.39043],[-2.78433,43.39059],[-2.78495,43.39091],[-2.78514,43.39102],[-2.78527,43.39112],[-2.78562,43.39139],[-2.78572,43.39147],[-2.78599,43.39165],[-2.78623,43.39188],[-2.78641,43.39208],[-2.78657,43.39222],[-2.78703,43.39253]]}},{"type":"Feature","properties":{"id":473734649,"highway":"track"},"geometry":{"type":"LineString","coordinates":[[-2.78759,43.39282],[-2.78759,43.39281],[-2.78736,43.39272],[-2.78703,43.39253]]}},{"type":"Feature","properties":{"id":480452342,"highway":"track"},"geometry":{"type":"LineString","coordinates":[[-2.79802,43.36957],[-2.79775,43.36972],[-2.79744,43.3699],[-2.79712,43.37008],[-2.79692,43.37012]]}},{"type":"Feature","properties":{"id":480452343,"highway":"service"},"geometry":{"type":"LineString","coordinates":[[-2.79505,43.37093],[-2.79506,43.37111],[-2.79511,43.3712],[-2.79516,43.37123],[-2.79551,43.3714],[-2.79565,43.37147],[-2.7957,43.37151],[-2.79582,43.37167],[-2.7961,43.37198],[-2.7962,43.37203],[-2.7963,43.37202],[-2.79653,43.37196],[-2.7968,43.37191],[-2.79714,43.3719],[-2.79736,43.37187],[-2.7975,43.37183],[-2.79771,43.37172],[-2.79785,43.37167],[-2.79803,43.37167],[-2.79819,43.37168],[-2.79841,43.37169],[-2.79863,43.37165],[-2.79907,43.37151],[-2.79919,43.37146],[-2.79936,43.37136],[-2.79954,43.37128],[-2.79994,43.37112],[-2.8001,43.37104],[-2.80026,43.371],[-2.80036,43.37099],[-2.80045,43.37099],[-2.80059,43.37099],[-2.80068,43.37104],[-2.80077,43.37108],[-2.80096,43.37113]]}},{"type":"Feature","properties":{"id":480452346,"highway":"service"},"geometry":{"type":"LineString","coordinates":[[-2.79887,43.37756],[-2.7988,43.37752],[-2.79852,43.37736],[-2.79844,43.3773],[-2.79842,43.37723],[-2.79841,43.37716]]}},{"type":"Feature","properties":{"id":480452350,"highway":"service"},"geometry":{"type":"LineString","coordinates":[[-2.79349,43.37728],[-2.79347,43.37723],[-2.79348,43.37719],[-2.79356,43.37719],[-2.79368,43.37721],[-2.79376,43.37718],[-2.79409,43.37694],[-2.79423,43.37685],[-2.79436,43.37679],[-2.79461,43.37674]]}},{"type":"Feature","properties":{"id":480452351,"highway":"service"},"geometry":{"type":"LineString","coordinates":[[-2.79586,43.37679],[-2.79586,43.37688],[-2.7958,43.37706],[-2.79577,43.37716],[-2.79577,43.37722],[-2.79581,43.37728],[-2.796,43.37743],[-2.79612,43.37756],[-2.7962,43.37759],[-2.79638,43.37764],[-2.7965,43.3777],[-2.79658,43.37778]]}},{"type":"Feature","properties":{"id":480452358,"highway":"track"},"geometry":{"type":"LineString","coordinates":[[-2.80495,43.3754],[-2.80499,43.37538],[-2.8057,43.37484],[-2.80577,43.37479]]}},{"type":"Feature","properties":{"id":480452362,"highway":"service"},"geometry":{"type":"LineString","coordinates":[[-2.80935,43.35955],[-2.80934,43.3595],[-2.80938,43.35922],[-2.80935,43.35913],[-2.80936,43.35859]]}},{"type":"Feature","properties":{"id":480453776,"highway":"service"},"geometry":{"type":"LineString","coordinates":[[-2.80075,43.3617],[-2.80057,43.36208]]}},{"type":"Feature","properties":{"id":480453777,"highway":"service"},"geometry":{"type":"LineString","coordinates":[[-2.80142,43.36193],[-2.80125,43.36228]]}},{"type":"Feature","properties":{"id":480453779,"highway":"service"},"geometry":{"type":"LineString","coordinates":[[-2.80037,43.36764],[-2.80085,43.36778],[-2.80107,43.36786],[-2.80117,43.36792]]}},{"type":"Feature","properties":{"id":480454056,"highway":"track"},"geometry":{"type":"LineString","coordinates":[[-2.79727,43.36676],[-2.79708,43.36688],[-2.79694,43.36693],[-2.79684,43.36697],[-2.79666,43.36701],[-2.79649,43.36702],[-2.79606,43.36703],[-2.79585,43.36701],[-2.79529,43.36694],[-2.79519,43.36694],[-2.79493,43.36694],[-2.7948,43.36694],[-2.79467,43.3669],[-2.79461,43.36679],[-2.79464,43.36635],[-2.79467,43.36625],[-2.79482,43.36604],[-2.79486,43.36595],[-2.79487,43.36584],[-2.79499,43.3657]]}},{"type":"Feature","properties":{"id":481822427,"highway":"service","oneway":"yes"},"geometry":{"type":"LineString","coordinates":[[-2.80276,43.37238],[-2.80286,43.37237],[-2.80292,43.37234],[-2.803,43.3723],[-2.80308,43.37229],[-2.80318,43.3723]]}},{"type":"Feature","properties":{"id":481822428,"highway":"service","oneway":"yes"},"geometry":{"type":"LineString","coordinates":[[-2.80318,43.3723],[-2.80316,43.37226],[-2.80315,43.37221],[-2.80317,43.37217],[-2.80323,43.37208]]}},{"type":"Feature","properties":{"id":481822429,"highway":"service","puente":"yes"},"geometry":{"type":"LineString","coordinates":[[-2.80318,43.3723],[-2.80329,43.37237]]}},{"type":"Feature","properties":{"id":481822430,"highway":"service"},"geometry":{"type":"LineString","coordinates":[[-2.80329,43.37237],[-2.80337,43.37249],[-2.80342,43.37253],[-2.80348,43.37254],[-2.80362,43.37255],[-2.80373,43.37258],[-2.80388,43.37265],[-2.80402,43.37273],[-2.80414,43.3728],[-2.80464,43.37308],[-2.80473,43.3731],[-2.80493,43.3731]]}},{"type":"Feature","properties":{"id":481822431,"highway":"service"},"geometry":{"type":"LineString","coordinates":[[-2.80464,43.37308],[-2.80504,43.37332],[-2.80513,43.37342],[-2.80512,43.37348]]}},{"type":"Feature","properties":{"id":483315456,"highway":"primary_link","oneway":"yes"},"geometry":{"type":"LineString","coordinates":[[-2.80086,43.3735],[-2.80083,43.37356],[-2.80068,43.37367],[-2.80066,43.37369],[-2.80067,43.37372]]}},{"type":"Feature","properties":{"id":483315458,"highway":"service","oneway":"yes"},"geometry":{"type":"LineString","coordinates":[[-2.80067,43.37372],[-2.8007,43.37375],[-2.80079,43.37379],[-2.80104,43.37362],[-2.80102,43.37355],[-2.801,43.3735]]}},{"type":"Feature","properties":{"id":544579953,"highway":"track"},"geometry":{"type":"LineString","coordinates":[[-2.77191,43.37184],[-2.772,43.37184],[-2.77213,43.3718],[-2.77229,43.37171],[-2.77242,43.37165],[-2.77266,43.37153],[-2.77279,43.37146],[-2.77287,43.37141],[-2.77313,43.3713],[-2.77327,43.37126],[-2.77351,43.37117],[-2.77359,43.37113],[-2.77371,43.37109],[-2.77381,43.37107],[-2.77394,43.37107],[-2.77402,43.37107],[-2.77408,43.37104],[-2.77412,43.37098],[-2.77421,43.37087],[-2.77431,43.3708],[-2.77448,43.3707],[-2.77457,43.37062],[-2.77459,43.37057]]}},{"type":"Feature","properties":{"id":609496300,"highway":"track"},"geometry":{"type":"LineString","coordinates":[[-2.77708,43.3832],[-2.77695,43.38342],[-2.77692,43.38347],[-2.77694,43.38354],[-2.77702,43.38368],[-2.77703,43.38376],[-2.77702,43.38384],[-2.77692,43.38403],[-2.7769,43.38408],[-2.77692,43.38413],[-2.77697,43.38417],[-2.77704,43.3842],[-2.77725,43.38425],[-2.77735,43.3843],[-2.77748,43.3844],[-2.77763,43.3845],[-2.77783,43.38461],[-2.7779,43.38464],[-2.77797,43.38464],[-2.77802,43.38463]]}},{"type":"Feature","properties":{"id":609496302,"highway":"track"},"geometry":{"type":"LineString","coordinates":[[-2.77797,43.38492],[-2.77801,43.38475],[-2.77802,43.38463],[-2.77805,43.3845],[-2.77811,43.38444],[-2.77816,43.38444],[-2.77844,43.38455]]}},{"type":"Feature","properties":{"id":609498068,"highway":"service"},"geometry":{"type":"LineString","coordinates":[[-2.78167,43.38754],[-2.78152,43.38746],[-2.78122,43.38731],[-2.78109,43.38725],[-2.78102,43.38724]]}},{"type":"Feature","properties":{"id":609499875,"highway":"track"},"geometry":{"type":"LineString","coordinates":[[-2.79351,43.38042],[-2.79345,43.38041],[-2.79338,43.38036],[-2.7933,43.38025],[-2.79326,43.38016],[-2.79322,43.38003],[-2.79313,43.37988],[-2.79312,43.37982],[-2.79319,43.37974],[-2.79342,43.37969],[-2.79348,43.37966],[-2.79357,43.37957]]}},{"type":"Feature","properties":{"id":609499876,"highway":"track"},"geometry":{"type":"LineString","coordinates":[[-2.78562,43.39139],[-2.78574,43.39137],[-2.78585,43.39132],[-2.78592,43.39129],[-2.78597,43.39124],[-2.78598,43.39115],[-2.78595,43.39106],[-2.7857,43.39056],[-2.78561,43.39034],[-2.78556,43.39024],[-2.78554,43.39019],[-2.78556,43.39014],[-2.7856,43.39012],[-2.78567,43.39014],[-2.78596,43.3903],[-2.78624,43.39054],[-2.78644,43.39069],[-2.78655,43.39073],[-2.78668,43.39073],[-2.78703,43.3907],[-2.78712,43.39068],[-2.78717,43.39065],[-2.78719,43.39061],[-2.78716,43.39057],[-2.78696,43.39037],[-2.7866,43.39],[-2.78653,43.38992],[-2.78638,43.38979],[-2.78625,43.38961],[-2.78615,43.38952],[-2.78601,43.38945],[-2.78588,43.38943],[-2.78564,43.38941],[-2.78541,43.38936],[-2.78534,43.38927],[-2.78535,43.38921],[-2.78544,43.38917],[-2.78554,43.38916],[-2.78574,43.38916],[-2.78586,43.38917],[-2.78599,43.38914],[-2.78616,43.38909],[-2.78627,43.38908],[-2.78638,43.38909],[-2.78662,43.38912],[-2.78692,43.38916],[-2.78703,43.38915],[-2.78718,43.38911],[-2.78732,43.38909],[-2.78754,43.38908],[-2.78764,43.38904],[-2.78766,43.389],[-2.78764,43.38896],[-2.78748,43.38891],[-2.78739,43.38886],[-2.78712,43.38862],[-2.78694,43.38852],[-2.78679,43.38843],[-2.7866,43.38831],[-2.78635,43.38815],[-2.78621,43.38804],[-2.78598,43.38785],[-2.78583,43.38779],[-2.78564,43.38774],[-2.78551,43.3877],[-2.78509,43.38756],[-2.78494,43.38753],[-2.78468,43.38743],[-2.78447,43.38734],[-2.78432,43.38728],[-2.78417,43.38726],[-2.78409,43.38722],[-2.78404,43.38719],[-2.78397,43.38702],[-2.78378,43.38671],[-2.7836,43.38634],[-2.78347,43.38618]]}},{"type":"Feature","properties":{"id":609499878,"highway":"service"},"geometry":{"type":"LineString","coordinates":[[-2.78405,43.39334],[-2.78404,43.3934],[-2.78407,43.39364],[-2.78413,43.39398],[-2.78416,43.39423],[-2.78418,43.39441],[-2.78424,43.39461],[-2.78414,43.39483],[-2.78397,43.39497]]}},{"type":"Feature","properties":{"id":611032428,"highway":"service"},"geometry":{"type":"LineString","coordinates":[[-2.81013,43.37288],[-2.81019,43.37299],[-2.81021,43.37305],[-2.81018,43.37312],[-2.81018,43.3732],[-2.81025,43.37326]]}},{"type":"Feature","properties":{"id":611035928,"highway":"service"},"geometry":{"type":"LineString","coordinates":[[-2.81085,43.37078],[-2.81087,43.37089]]}},{"type":"Feature","properties":{"id":611035934,"highway":"service"},"geometry":{"type":"LineString","coordinates":[[-2.81372,43.37121],[-2.81396,43.37123]]}},{"type":"Feature","properties":{"id":611432331,"highway":"service"},"geometry":{"type":"LineString","coordinates":[[-2.80044,43.37229],[-2.80026,43.37239],[-2.80007,43.37245],[-2.79979,43.37247],[-2.79948,43.37249],[-2.79927,43.37249],[-2.79915,43.37247],[-2.79909,43.37241],[-2.79906,43.37233],[-2.79908,43.37229],[-2.79933,43.37219],[-2.79949,43.37215]]}},{"type":"Feature","properties":{"id":611435555,"highway":"service"},"geometry":{"type":"LineString","coordinates":[[-2.79746,43.37578],[-2.79763,43.37587],[-2.79774,43.37592],[-2.79787,43.37594],[-2.79794,43.37594],[-2.79798,43.37594],[-2.79814,43.37594],[-2.79837,43.37596]]}},{"type":"Feature","properties":{"id":611435556,"highway":"service"},"geometry":{"type":"LineString","coordinates":[[-2.79794,43.37594],[-2.7981,43.37585],[-2.79814,43.37582]]}},{"type":"Feature","properties":{"id":611438802,"highway":"service"},"geometry":{"type":"LineString","coordinates":[[-2.79684,43.37618],[-2.79668,43.37605],[-2.79602,43.37611],[-2.79546,43.37619],[-2.79529,43.37636]]}},{"type":"Feature","properties":{"id":615998152,"highway":"service"},"geometry":{"type":"LineString","coordinates":[[-2.79239,43.38328],[-2.79233,43.3833],[-2.79201,43.38332],[-2.79189,43.38332]]}},{"type":"Feature","properties":{"id":615998153,"highway":"service"},"geometry":{"type":"LineString","coordinates":[[-2.79201,43.38332],[-2.79195,43.38341],[-2.79186,43.38345]]}},{"type":"Feature","properties":{"id":615998163,"highway":"service"},"geometry":{"type":"LineString","coordinates":[[-2.79451,43.38173],[-2.79428,43.38189],[-2.79421,43.38192]]}},{"type":"Feature","properties":{"id":615998164,"highway":"service"},"geometry":{"type":"LineString","coordinates":[[-2.79471,43.38153],[-2.79481,43.38161],[-2.79492,43.38168],[-2.79496,43.38171],[-2.79494,43.38176]]}},{"type":"Feature","properties":{"id":619374198,"highway":"service"},"geometry":{"type":"LineString","coordinates":[[-2.801,43.36181],[-2.80113,43.36149]]}},{"type":"Feature","properties":{"id":619374205,"highway":"service"},"geometry":{"type":"LineString","coordinates":[[-2.79773,43.36084],[-2.7978,43.36096],[-2.79789,43.36105],[-2.79802,43.36121]]}},{"type":"Feature","properties":{"id":619374206,"highway":"service"},"geometry":{"type":"LineString","coordinates":[[-2.79789,43.36105],[-2.79814,43.36113],[-2.79825,43.36117],[-2.79832,43.36125]]}},{"type":"Feature","properties":{"id":619374207,"highway":"service"},"geometry":{"type":"LineString","coordinates":[[-2.79928,43.36106],[-2.79918,43.36106],[-2.799,43.36108],[-2.79892,43.36111],[-2.79889,43.36114],[-2.7989,43.36118]]}},{"type":"Feature","properties":{"id":619571881,"highway":"track"},"geometry":{"type":"LineString","coordinates":[[-2.77828,43.37976],[-2.77836,43.38055],[-2.77858,43.38085],[-2.77787,43.38202],[-2.77708,43.3832]]}},{"type":"Feature","properties":{"id":619587519,"highway":"track"},"geometry":{"type":"LineString","coordinates":[[-2.80897,43.35992],[-2.80876,43.35944],[-2.80858,43.35933],[-2.8078,43.35907],[-2.80747,43.35886],[-2.80712,43.35828],[-2.80691,43.35754],[-2.8068,43.35726],[-2.80665,43.35711],[-2.80645,43.35698],[-2.80628,43.35679],[-2.80631,43.35591],[-2.80629,43.35543]]}},{"type":"Feature","properties":{"id":629403329,"highway":"track"},"geometry":{"type":"LineString","coordinates":[[-2.77416,43.36835],[-2.77419,43.36842],[-2.77425,43.36854],[-2.77436,43.36869],[-2.7744,43.36877],[-2.77442,43.36881],[-2.77439,43.36885],[-2.77434,43.36885],[-2.77429,43.36884],[-2.77424,43.36881],[-2.77406,43.36866],[-2.77398,43.3686],[-2.77374,43.36845],[-2.77367,43.36839],[-2.77356,43.3683],[-2.77332,43.36811],[-2.77322,43.36804],[-2.77317,43.36802],[-2.77312,43.368],[-2.77308,43.36799],[-2.77304,43.36798],[-2.77292,43.36797],[-2.77272,43.36799],[-2.7725,43.36804],[-2.77241,43.36808],[-2.77237,43.36811],[-2.77236,43.36814],[-2.77237,43.36816],[-2.7724,43.3682],[-2.77245,43.36821],[-2.77261,43.36824],[-2.77264,43.36824],[-2.77268,43.36826],[-2.77275,43.3683],[-2.77281,43.36835],[-2.77284,43.36837]]}},{"type":"Feature","properties":{"id":629403330,"highway":"track"},"geometry":{"type":"LineString","coordinates":[[-2.77284,43.36837],[-2.77291,43.36845],[-2.77313,43.36877],[-2.77324,43.36897],[-2.77337,43.36926],[-2.7734,43.36939],[-2.7734,43.36948],[-2.7733,43.36972],[-2.77322,43.36991],[-2.77308,43.37022],[-2.77302,43.37048],[-2.773,43.37064],[-2.77299,43.3708],[-2.773,43.37087],[-2.77305,43.37099],[-2.77307,43.37105],[-2.77306,43.37109],[-2.77302,43.3711],[-2.77298,43.37111],[-2.77293,43.37111],[-2.77289,43.37109],[-2.7723,43.37045],[-2.77216,43.37033],[-2.77197,43.37017],[-2.77186,43.37009],[-2.77176,43.37003],[-2.77167,43.37],[-2.7716,43.36999],[-2.77151,43.37],[-2.77139,43.37007],[-2.77131,43.37016],[-2.77127,43.37028],[-2.77122,43.37034],[-2.77113,43.37038],[-2.771,43.37044],[-2.77087,43.37047],[-2.77071,43.37048],[-2.77013,43.3705],[-2.77004,43.37051],[-2.76986,43.37056],[-2.76955,43.3707],[-2.76942,43.37074],[-2.76883,43.37083],[-2.76878,43.37087],[-2.76873,43.37091],[-2.76871,43.37092]]}},{"type":"Feature","properties":{"id":629403337,"highway":"path"},"geometry":{"type":"LineString","coordinates":[[-2.77573,43.3668],[-2.77575,43.36687],[-2.77578,43.36693],[-2.77583,43.36697],[-2.77594,43.36702],[-2.77602,43.36709],[-2.77606,43.36714],[-2.77609,43.36722]]}},{"type":"Feature","properties":{"id":629403338,"highway":"path"},"geometry":{"type":"LineString","coordinates":[[-2.77329,43.36337],[-2.77312,43.36344],[-2.77306,43.3635],[-2.77276,43.3637],[-2.77263,43.36378],[-2.77257,43.36383],[-2.7725,43.36391],[-2.77246,43.36395],[-2.77235,43.36405],[-2.77229,43.36413],[-2.77224,43.36422],[-2.77221,43.36429],[-2.77222,43.36432],[-2.77223,43.36434],[-2.77225,43.36434],[-2.77235,43.36431],[-2.77239,43.36428],[-2.77247,43.36421],[-2.77261,43.36412],[-2.7727,43.36407],[-2.77278,43.36399]]}},{"type":"Feature","properties":{"id":629403339,"highway":"track"},"geometry":{"type":"LineString","coordinates":[[-2.77317,43.36384],[-2.77313,43.36384],[-2.77296,43.36389],[-2.77289,43.36391],[-2.77282,43.36395],[-2.77278,43.36399]]}},{"type":"Feature","properties":{"id":629403345,"highway":"service"},"geometry":{"type":"LineString","coordinates":[[-2.79692,43.34916],[-2.79688,43.34939],[-2.79685,43.34944],[-2.79681,43.34947],[-2.79665,43.3495],[-2.7962,43.34952],[-2.79601,43.3495],[-2.79579,43.3494],[-2.79565,43.34937]]}},{"type":"Feature","properties":{"id":629403346,"highway":"living_street","nombre":"Barrio Meñakabarrena","oneway":"no","superficie":"asphalt"},"geometry":{"type":"LineString","coordinates":[[-2.7988,43.34797],[-2.79885,43.34838],[-2.79887,43.34848],[-2.79887,43.34854],[-2.79884,43.34859],[-2.79877,43.34867],[-2.79858,43.34887],[-2.79853,43.34894],[-2.79849,43.34903],[-2.79848,43.34909]]}},{"type":"Feature","properties":{"id":632651791,"highway":"track"},"geometry":{"type":"LineString","coordinates":[[-2.78038,43.36401],[-2.78017,43.36413],[-2.77998,43.36452],[-2.77977,43.36501],[-2.77959,43.36549],[-2.77967,43.36586],[-2.78017,43.3655],[-2.78003,43.36593],[-2.78003,43.36611],[-2.78008,43.36611],[-2.78085,43.36576],[-2.78104,43.3657],[-2.78086,43.36613],[-2.78073,43.36626],[-2.78045,43.36647],[-2.7802,43.36676],[-2.77979,43.36709],[-2.7797,43.3673]]}},{"type":"Feature","properties":{"id":635712044,"highway":"track"},"geometry":{"type":"LineString","coordinates":[[-2.79856,43.37666],[-2.79891,43.37653],[-2.79901,43.37647],[-2.79905,43.37642],[-2.79904,43.37636]]}},{"type":"Feature","properties":{"id":635713504,"highway":"service"},"geometry":{"type":"LineString","coordinates":[[-2.8071,43.37213],[-2.80702,43.37218],[-2.80683,43.37231],[-2.80674,43.37232],[-2.80664,43.37231]]}},{"type":"Feature","properties":{"id":635967581,"highway":"service"},"geometry":{"type":"LineString","coordinates":[[-2.78294,43.35881],[-2.78287,43.35887],[-2.78268,43.3591],[-2.78251,43.35939],[-2.78245,43.35951],[-2.78244,43.35956],[-2.78245,43.35961]]}},{"type":"Feature","properties":{"id":635967582,"highway":"track"},"geometry":{"type":"LineString","coordinates":[[-2.78304,43.35736],[-2.78321,43.35735],[-2.78326,43.35734],[-2.78329,43.35733],[-2.78334,43.35728],[-2.78342,43.35724],[-2.78361,43.35717],[-2.78389,43.35704],[-2.78406,43.35697],[-2.78424,43.35696],[-2.78437,43.35702],[-2.78456,43.35709],[-2.78472,43.35717],[-2.78479,43.35723],[-2.78483,43.35731],[-2.78483,43.35742],[-2.78481,43.35754],[-2.78467,43.35773],[-2.78448,43.35789],[-2.78444,43.35797],[-2.78443,43.35814],[-2.7844,43.35826],[-2.78435,43.35836],[-2.78425,43.35848],[-2.78421,43.35855]]}},{"type":"Feature","properties":{"id":635967583,"highway":"service"},"geometry":{"type":"LineString","coordinates":[[-2.80049,43.3615],[-2.80035,43.36143],[-2.8002,43.36139]]}},{"type":"Feature","properties":{"id":635967587,"highway":"track"},"geometry":{"type":"LineString","coordinates":[[-2.78223,43.36118],[-2.78225,43.36132],[-2.78226,43.36145],[-2.78222,43.3616],[-2.78221,43.36167],[-2.78225,43.36184],[-2.78229,43.36204],[-2.78229,43.36214],[-2.78226,43.36218],[-2.7822,43.3622],[-2.78214,43.36217],[-2.78193,43.36206],[-2.78177,43.36201],[-2.78165,43.36203],[-2.78152,43.3621],[-2.78147,43.36221],[-2.78143,43.36232],[-2.78133,43.36245],[-2.78131,43.36252],[-2.78131,43.36262]]}},{"type":"Feature","properties":{"id":635972196,"highway":"track"},"geometry":{"type":"LineString","coordinates":[[-2.79263,43.35421],[-2.79268,43.35426],[-2.79269,43.35444],[-2.79273,43.35462],[-2.79278,43.35481],[-2.79284,43.35496]]}},{"type":"Feature","properties":{"id":635972203,"highway":"service"},"geometry":{"type":"LineString","coordinates":[[-2.79436,43.3518],[-2.79444,43.35176]]}},{"type":"Feature","properties":{"id":645943852,"highway":"track"},"geometry":{"type":"LineString","coordinates":[[-2.77279,43.36443],[-2.77265,43.36461]]}},{"type":"Feature","properties":{"id":647367607,"highway":"service"},"geometry":{"type":"LineString","coordinates":[[-2.78245,43.35961],[-2.78249,43.35965],[-2.7826,43.35973],[-2.78328,43.36026],[-2.78362,43.36053],[-2.78393,43.36074],[-2.78428,43.36096],[-2.78466,43.36121],[-2.78511,43.36143],[-2.78526,43.3615],[-2.78546,43.36159],[-2.78559,43.36165],[-2.78578,43.36177],[-2.78588,43.36184],[-2.78602,43.36189],[-2.78617,43.36195],[-2.78628,43.36198],[-2.7865,43.36206],[-2.78666,43.36213],[-2.78681,43.36222],[-2.78687,43.36224],[-2.78697,43.36227],[-2.78717,43.36232],[-2.78734,43.36237],[-2.78749,43.36243],[-2.7878,43.36252],[-2.78799,43.36254],[-2.78808,43.36255],[-2.78832,43.36258],[-2.78854,43.36259],[-2.78889,43.36258],[-2.78933,43.36256],[-2.78951,43.36254],[-2.78979,43.36248],[-2.79014,43.3624],[-2.79027,43.36236],[-2.79062,43.36221],[-2.79084,43.3621],[-2.79104,43.36199],[-2.79113,43.36195],[-2.79129,43.36193],[-2.79152,43.36191],[-2.79176,43.36191],[-2.79196,43.36192],[-2.79221,43.36197],[-2.79249,43.36205],[-2.79272,43.36214],[-2.79289,43.36221],[-2.79302,43.36225],[-2.79311,43.3623],[-2.79329,43.36244],[-2.79343,43.36253],[-2.79356,43.3626],[-2.79368,43.36264],[-2.79383,43.36269],[-2.79398,43.36277],[-2.7941,43.36284],[-2.79427,43.36299],[-2.79447,43.36312],[-2.79461,43.36318],[-2.79477,43.36322],[-2.79486,43.36323],[-2.79491,43.36323],[-2.79504,43.36322],[-2.79515,43.3632],[-2.79545,43.36307],[-2.79564,43.36298],[-2.79577,43.36289],[-2.79588,43.36279],[-2.79605,43.36263],[-2.7961,43.36256],[-2.79622,43.36232],[-2.79636,43.36195],[-2.79644,43.36178],[-2.79649,43.36173],[-2.79657,43.36168],[-2.79679,43.36159],[-2.79697,43.36154],[-2.7972,43.36147],[-2.7973,43.36143],[-2.79736,43.3614],[-2.79744,43.36132],[-2.79752,43.3612],[-2.79766,43.36098],[-2.79773,43.36084],[-2.79784,43.36056],[-2.79788,43.36049],[-2.79792,43.36046],[-2.79795,43.36046],[-2.79802,43.36046],[-2.79813,43.36048],[-2.79832,43.36056],[-2.79843,43.3606],[-2.79857,43.36067],[-2.79896,43.36089],[-2.79928,43.36106],[-2.79946,43.36116],[-2.79954,43.3612],[-2.79986,43.36133],[-2.8,43.36136],[-2.80001,43.36137],[-2.8002,43.36139]]}},{"type":"Feature","properties":{"id":647370093,"highway":"residential","nombre":"Mesterika auzoa"},"geometry":{"type":"LineString","coordinates":[[-2.80267,43.36228],[-2.8023,43.36241],[-2.80214,43.36247],[-2.80204,43.36251],[-2.80197,43.36255],[-2.8019,43.3626],[-2.80183,43.36267],[-2.80177,43.36276],[-2.80173,43.36285],[-2.8017,43.36293],[-2.8017,43.36302],[-2.80172,43.36311],[-2.80174,43.36319],[-2.80185,43.36362],[-2.80184,43.36368]]}},{"type":"Feature","properties":{"id":650049608,"highway":"service"},"geometry":{"type":"LineString","coordinates":[[-2.79994,43.36553],[-2.79985,43.36547],[-2.79951,43.36534],[-2.79949,43.36531],[-2.79951,43.36528],[-2.79967,43.36527],[-2.79975,43.36527],[-2.79994,43.36532]]}},{"type":"Feature","properties":{"id":650049611,"highway":"service"},"geometry":{"type":"LineString","coordinates":[[-2.79946,43.36608],[-2.79953,43.36606],[-2.79957,43.36608],[-2.79961,43.36611],[-2.79972,43.36622],[-2.79982,43.36623],[-2.80004,43.36628],[-2.80011,43.36627],[-2.80013,43.36624],[-2.80011,43.36619]]}},{"type":"Feature","properties":{"id":650049612,"highway":"service"},"geometry":{"type":"LineString","coordinates":[[-2.80099,43.36529],[-2.80078,43.36534],[-2.80061,43.36536]]}},{"type":"Feature","properties":{"id":650049613,"highway":"service"},"geometry":{"type":"LineString","coordinates":[[-2.7985,43.36639],[-2.79847,43.36635],[-2.79841,43.3663],[-2.79833,43.36626],[-2.79829,43.36619]]}},{"type":"Feature","properties":{"id":650049614,"highway":"service"},"geometry":{"type":"LineString","coordinates":[[-2.7981,43.36651],[-2.79808,43.36647],[-2.79803,43.3664]]}},{"type":"Feature","properties":{"id":650049623,"highway":"service"},"geometry":{"type":"LineString","coordinates":[[-2.79748,43.36724],[-2.79751,43.36736],[-2.79753,43.36753],[-2.79763,43.36754],[-2.79773,43.36754]]}},{"type":"Feature","properties":{"id":650049776,"highway":"service"},"geometry":{"type":"LineString","coordinates":[[-2.7974,43.36794],[-2.79747,43.36807],[-2.79749,43.36812],[-2.79752,43.36833]]}},{"type":"Feature","properties":{"id":652191755,"highway":"service"},"geometry":{"type":"LineString","coordinates":[[-2.80414,43.3728],[-2.80418,43.37273],[-2.80428,43.37257],[-2.80434,43.37254],[-2.80442,43.37253],[-2.80471,43.37255],[-2.8051,43.37273]]}},{"type":"Feature","properties":{"id":652191763,"highway":"service"},"geometry":{"type":"LineString","coordinates":[[-2.80141,43.35387],[-2.80229,43.3535]]}},{"type":"Feature","properties":{"id":652634647,"highway":"path"},"geometry":{"type":"LineString","coordinates":[[-2.80488,43.3666],[-2.8048,43.36663],[-2.80465,43.36673],[-2.80448,43.36684],[-2.8043,43.36696]]}},{"type":"Feature","properties":{"id":653469836,"highway":"service"},"geometry":{"type":"LineString","coordinates":[[-2.81334,43.35946],[-2.81324,43.35925],[-2.81296,43.35933],[-2.81304,43.35955]]}},{"type":"Feature","properties":{"id":653469837,"highway":"service"},"geometry":{"type":"LineString","coordinates":[[-2.81256,43.3596],[-2.81268,43.3596],[-2.81304,43.35955],[-2.81334,43.35946],[-2.8134,43.35944]]}},{"type":"Feature","properties":{"id":653469891,"highway":"service"},"geometry":{"type":"LineString","coordinates":[[-2.80791,43.36288],[-2.80773,43.36281],[-2.80766,43.36278],[-2.80746,43.36255],[-2.80741,43.36247]]}},{"type":"Feature","properties":{"id":653478490,"highway":"service"},"geometry":{"type":"LineString","coordinates":[[-2.80375,43.36115],[-2.80431,43.36106],[-2.80438,43.36103],[-2.80443,43.36097],[-2.80445,43.36091],[-2.80444,43.36088]]}},{"type":"Feature","properties":{"id":653478498,"highway":"service"},"geometry":{"type":"LineString","coordinates":[[-2.80291,43.35649],[-2.80291,43.35656],[-2.8029,43.35666],[-2.80287,43.35671],[-2.80289,43.35676],[-2.80294,43.3568],[-2.80302,43.35683],[-2.80307,43.35682]]}},{"type":"Feature","properties":{"id":653478499,"highway":"service"},"geometry":{"type":"LineString","coordinates":[[-2.80354,43.35622],[-2.80363,43.35625],[-2.80386,43.35632],[-2.80397,43.35638],[-2.80402,43.35644],[-2.80403,43.35647]]}},{"type":"Feature","properties":{"id":653478501,"highway":"service"},"geometry":{"type":"LineString","coordinates":[[-2.80401,43.35602],[-2.80404,43.3561],[-2.80415,43.35634]]}},{"type":"Feature","properties":{"id":670680382,"highway":"track"},"geometry":{"type":"LineString","coordinates":[[-2.78107,43.36261],[-2.78101,43.36267],[-2.78082,43.36275],[-2.7806,43.36283],[-2.78049,43.3629],[-2.78027,43.36308],[-2.78008,43.3632],[-2.77984,43.3634],[-2.77957,43.36357],[-2.77944,43.36365],[-2.77935,43.36371],[-2.77927,43.36379]]}},{"type":"Feature","properties":{"id":670680384,"highway":"track"},"geometry":{"type":"LineString","coordinates":[[-2.7813,43.36274],[-2.78137,43.36277],[-2.78143,43.36284],[-2.78149,43.36293],[-2.78154,43.36296],[-2.78165,43.36301],[-2.78179,43.36305],[-2.782,43.36306],[-2.78215,43.36312],[-2.78241,43.36326],[-2.78256,43.36341],[-2.78281,43.36354],[-2.78296,43.3636],[-2.78312,43.36365],[-2.78337,43.36378],[-2.78357,43.3639],[-2.7837,43.364],[-2.78383,43.36406],[-2.78426,43.36417],[-2.78466,43.3643],[-2.78495,43.36438],[-2.78536,43.36446],[-2.78581,43.36453],[-2.78614,43.36457],[-2.78635,43.36462],[-2.78661,43.36475],[-2.78671,43.36479],[-2.78692,43.36488],[-2.78701,43.36494],[-2.78712,43.36505],[-2.78724,43.36514],[-2.78762,43.36532],[-2.78807,43.36549],[-2.78842,43.36563],[-2.7887,43.36577],[-2.78903,43.36589],[-2.78936,43.3661],[-2.7895,43.36623],[-2.78961,43.36634],[-2.78972,43.36636],[-2.78992,43.36635],[-2.79009,43.36628]]}},{"type":"Feature","properties":{"id":670680388,"highway":"track"},"geometry":{"type":"LineString","coordinates":[[-2.78395,43.36379],[-2.78385,43.36371],[-2.78361,43.36347],[-2.78347,43.3634],[-2.78321,43.36331],[-2.7831,43.36326],[-2.78305,43.36318],[-2.78292,43.36287],[-2.78266,43.36269],[-2.78248,43.36263],[-2.78231,43.36259],[-2.7822,43.36255],[-2.78198,43.36246],[-2.78182,43.36236],[-2.78175,43.36223],[-2.7817,43.36209],[-2.78165,43.36203]]}},{"type":"Feature","properties":{"id":670680389,"highway":"path"},"geometry":{"type":"LineString","coordinates":[[-2.77225,43.36434],[-2.7723,43.36436],[-2.77237,43.3644],[-2.7724,43.36446],[-2.77239,43.36451],[-2.77239,43.36456],[-2.77245,43.36463],[-2.77252,43.36468],[-2.77256,43.36468],[-2.77265,43.36461],[-2.77272,43.36467],[-2.77286,43.36474],[-2.77291,43.36476],[-2.77304,43.36473],[-2.77314,43.36471],[-2.7733,43.36472],[-2.77355,43.36468],[-2.77367,43.36469],[-2.77376,43.3647],[-2.77388,43.36468],[-2.77398,43.3647],[-2.77414,43.36473],[-2.77428,43.36476],[-2.77446,43.36479],[-2.7746,43.36485],[-2.77472,43.36491],[-2.77475,43.36496],[-2.77478,43.36502],[-2.77479,43.3651],[-2.77476,43.36518],[-2.77461,43.36524],[-2.77446,43.36532],[-2.77433,43.36542],[-2.77416,43.36559],[-2.77398,43.36577],[-2.7739,43.36587],[-2.77377,43.36608],[-2.77368,43.3662],[-2.77363,43.36631],[-2.77361,43.36632],[-2.77355,43.36637],[-2.77343,43.36651],[-2.77335,43.36665],[-2.7732,43.36693],[-2.77311,43.3671],[-2.77306,43.36733],[-2.77306,43.36755],[-2.77309,43.36772],[-2.77308,43.3679],[-2.77308,43.36799]]}},{"type":"Feature","properties":{"id":670680391,"highway":"path"},"geometry":{"type":"LineString","coordinates":[[-2.77506,43.36487],[-2.77501,43.36487],[-2.77498,43.36486],[-2.77495,43.36487],[-2.77489,43.36489],[-2.77482,43.36494],[-2.77478,43.36494],[-2.77475,43.36496]]}},{"type":"Feature","properties":{"id":670680392,"highway":"track"},"geometry":{"type":"LineString","coordinates":[[-2.77423,43.36736],[-2.77417,43.36726],[-2.77412,43.36702],[-2.77407,43.36683],[-2.77404,43.36668],[-2.77401,43.36659],[-2.77393,43.36651],[-2.77382,43.3664],[-2.7737,43.36634],[-2.77361,43.36632],[-2.77349,43.36632],[-2.77336,43.36634],[-2.7731,43.36643],[-2.7728,43.36656],[-2.7723,43.36685],[-2.77188,43.36711]]}},{"type":"Feature","properties":{"id":670681556,"highway":"track"},"geometry":{"type":"LineString","coordinates":[[-2.77962,43.36732],[-2.77954,43.36729],[-2.77927,43.36724],[-2.77912,43.36725],[-2.77899,43.36729],[-2.77867,43.36743],[-2.77849,43.36755],[-2.7783,43.36764],[-2.77808,43.36771],[-2.77757,43.36781],[-2.77717,43.36788],[-2.77711,43.3679],[-2.77695,43.36794],[-2.77678,43.36801]]}},{"type":"Feature","properties":{"id":670681558,"highway":"track"},"geometry":{"type":"LineString","coordinates":[[-2.77717,43.36788],[-2.7773,43.36778],[-2.77749,43.36764],[-2.77774,43.36744],[-2.77786,43.36737],[-2.77797,43.36734],[-2.77811,43.36734],[-2.77817,43.3673],[-2.77817,43.36724],[-2.77814,43.36718],[-2.77809,43.36708],[-2.77809,43.367],[-2.77819,43.36689],[-2.77843,43.36678]]}},{"type":"Feature","properties":{"id":670681561,"highway":"track"},"geometry":{"type":"LineString","coordinates":[[-2.77809,43.36708],[-2.77803,43.36697],[-2.77805,43.36687],[-2.77809,43.3668],[-2.77822,43.36663],[-2.7783,43.36657],[-2.77842,43.36643],[-2.77843,43.3664],[-2.77838,43.36639],[-2.77804,43.36644],[-2.77785,43.36647]]}},{"type":"Feature","properties":{"id":670681563,"highway":"track"},"geometry":{"type":"LineString","coordinates":[[-2.77814,43.36718],[-2.778,43.3672],[-2.77773,43.36719],[-2.77761,43.36723],[-2.7773,43.36749],[-2.77717,43.36754],[-2.77686,43.36764],[-2.77654,43.36777],[-2.77627,43.36794]]}},{"type":"Feature","properties":{"id":670681564,"highway":"track"},"geometry":{"type":"LineString","coordinates":[[-2.77826,43.36809],[-2.7785,43.36803],[-2.77862,43.36795],[-2.77875,43.36793],[-2.77884,43.36794],[-2.77894,43.368],[-2.7792,43.36822],[-2.77927,43.36827],[-2.77935,43.36829],[-2.77948,43.36838],[-2.77965,43.36847],[-2.77982,43.36859],[-2.78012,43.36876],[-2.78044,43.36887],[-2.78083,43.36901]]}},{"type":"Feature","properties":{"id":670681565,"highway":"track"},"geometry":{"type":"LineString","coordinates":[[-2.77703,43.36142],[-2.77718,43.36139],[-2.77732,43.36133],[-2.7775,43.36129],[-2.77768,43.36129],[-2.77803,43.36132]]}},{"type":"Feature","properties":{"id":670685896,"highway":"track"},"geometry":{"type":"LineString","coordinates":[[-2.79486,43.36323],[-2.79486,43.36336],[-2.79485,43.36347],[-2.7948,43.36356],[-2.79472,43.36364],[-2.79431,43.36378],[-2.79385,43.36392],[-2.79364,43.36395],[-2.79348,43.36393],[-2.79333,43.36389],[-2.79321,43.36381],[-2.79313,43.3637],[-2.79296,43.36323]]}},{"type":"Feature","properties":{"id":670685897,"highway":"track"},"geometry":{"type":"LineString","coordinates":[[-2.79726,43.36721],[-2.79716,43.36742],[-2.79702,43.36764],[-2.79691,43.3678],[-2.7968,43.36793],[-2.79663,43.36807],[-2.79656,43.36815],[-2.79616,43.3686],[-2.79604,43.36872],[-2.79595,43.36881],[-2.79563,43.36907],[-2.79552,43.36917],[-2.79536,43.36925],[-2.79498,43.36938],[-2.79484,43.3694],[-2.79444,43.36944],[-2.79423,43.36944],[-2.79403,43.3694],[-2.79383,43.36932],[-2.79361,43.36919],[-2.7934,43.369],[-2.79301,43.36895],[-2.79289,43.36897],[-2.79287,43.36902],[-2.79288,43.36913],[-2.7928,43.3693],[-2.79267,43.3694],[-2.79247,43.3695],[-2.79198,43.36972],[-2.79191,43.36982],[-2.7917,43.36996],[-2.79153,43.37004],[-2.79126,43.37009],[-2.79095,43.37009],[-2.79051,43.37009],[-2.78998,43.37009],[-2.7895,43.3701],[-2.78927,43.37006],[-2.78893,43.3699],[-2.78881,43.3699],[-2.78865,43.36994],[-2.78851,43.36993],[-2.78837,43.36987],[-2.78803,43.36966],[-2.78778,43.3695],[-2.78765,43.36939],[-2.78759,43.36932]]}},{"type":"Feature","properties":{"id":672825465,"highway":"track"},"geometry":{"type":"LineString","coordinates":[[-2.77703,43.36142],[-2.77689,43.36141],[-2.77651,43.36147],[-2.7762,43.36153],[-2.77605,43.36158],[-2.77593,43.36165],[-2.77582,43.36168],[-2.77561,43.3617],[-2.77548,43.36173],[-2.77531,43.36178]]}},{"type":"Feature","properties":{"id":672825467,"highway":"path"},"geometry":{"type":"LineString","coordinates":[[-2.7733,43.36972],[-2.77322,43.3697],[-2.77302,43.36971],[-2.77269,43.36964],[-2.77247,43.36965],[-2.77224,43.36968],[-2.77212,43.36973],[-2.77207,43.36981],[-2.772,43.36988],[-2.77187,43.3699],[-2.77173,43.3699],[-2.77165,43.36993],[-2.77161,43.36995],[-2.7716,43.36999]]}},{"type":"Feature","properties":{"id":674378560,"highway":"track"},"geometry":{"type":"LineString","coordinates":[[-2.78624,43.35492],[-2.78605,43.3548],[-2.78593,43.35469],[-2.78587,43.35454],[-2.78585,43.35434],[-2.78589,43.35424],[-2.78607,43.35391],[-2.78609,43.35376],[-2.78604,43.35354],[-2.786,43.35345],[-2.78603,43.35342],[-2.78611,43.35347],[-2.78621,43.35361],[-2.78635,43.35382],[-2.78646,43.35409],[-2.78652,43.35416],[-2.78663,43.3542],[-2.78677,43.35424],[-2.78702,43.35427],[-2.78715,43.35426],[-2.78717,43.35422],[-2.78713,43.35409],[-2.78694,43.3538],[-2.78693,43.35369],[-2.78694,43.35349],[-2.78699,43.35344],[-2.78711,43.35327],[-2.78723,43.35315],[-2.78749,43.35301],[-2.78759,43.35296],[-2.78774,43.35282],[-2.78779,43.35276],[-2.78786,43.35261],[-2.78791,43.3525],[-2.78793,43.35241]]}},{"type":"Feature","properties":{"id":674378561,"highway":"track"},"geometry":{"type":"LineString","coordinates":[[-2.78821,43.35248],[-2.78804,43.35245],[-2.78793,43.35241],[-2.7877,43.35231],[-2.78756,43.35226],[-2.78745,43.35219],[-2.7873,43.35212],[-2.78717,43.35206],[-2.78709,43.35196],[-2.78706,43.35187]]}},{"type":"Feature","properties":{"id":674378562,"highway":"track"},"geometry":{"type":"LineString","coordinates":[[-2.7843,43.35574],[-2.7845,43.35578],[-2.78469,43.35585],[-2.78479,43.35587],[-2.78507,43.35599],[-2.78528,43.35606],[-2.78542,43.3561]]}},{"type":"Feature","properties":{"id":679564765,"highway":"track"},"geometry":{"type":"LineString","coordinates":[[-2.7925,43.38868],[-2.79227,43.38845],[-2.79215,43.38839],[-2.79208,43.38828],[-2.79218,43.38816],[-2.79234,43.38805],[-2.79246,43.38788],[-2.79249,43.38777],[-2.7926,43.38767]]}},{"type":"Feature","properties":{"id":688118049,"highway":"track"},"geometry":{"type":"LineString","coordinates":[[-2.78808,43.36255],[-2.78813,43.36262],[-2.78829,43.3627],[-2.78855,43.36282],[-2.78862,43.36287],[-2.7887,43.36297],[-2.78877,43.36303],[-2.78892,43.36308],[-2.78923,43.3631],[-2.7897,43.36307],[-2.78995,43.36302]]}},{"type":"Feature","properties":{"id":688118050,"highway":"track"},"geometry":{"type":"LineString","coordinates":[[-2.77609,43.3709],[-2.77614,43.37107],[-2.77618,43.37122],[-2.77625,43.37134],[-2.77638,43.37148],[-2.77653,43.37162],[-2.77661,43.37178],[-2.77666,43.37197],[-2.7767,43.3722],[-2.77668,43.37248],[-2.77663,43.37264],[-2.77654,43.37277],[-2.77635,43.37293],[-2.77618,43.37303]]}},{"type":"Feature","properties":{"id":690224811,"highway":"track"},"geometry":{"type":"LineString","coordinates":[[-2.78992,43.35537],[-2.78992,43.3554],[-2.78989,43.35546],[-2.78975,43.35581],[-2.78973,43.35585],[-2.78968,43.35586],[-2.78963,43.35585],[-2.78958,43.35583],[-2.78939,43.35572],[-2.78911,43.35557],[-2.78899,43.35555],[-2.7889,43.35555],[-2.7888,43.35559],[-2.78879,43.35564],[-2.78887,43.3558],[-2.7889,43.35592],[-2.78896,43.3561],[-2.78904,43.35622],[-2.78914,43.35631],[-2.78929,43.35639],[-2.78948,43.35648],[-2.78958,43.35659],[-2.78964,43.35669],[-2.78966,43.35677],[-2.78965,43.35696],[-2.78968,43.3571],[-2.78967,43.35713],[-2.78962,43.35713],[-2.78952,43.35703],[-2.78943,43.35698],[-2.78931,43.35696],[-2.78916,43.357],[-2.78902,43.35705],[-2.78895,43.3571],[-2.78894,43.35718],[-2.78894,43.35735],[-2.78892,43.35748],[-2.78882,43.35775],[-2.78875,43.35791],[-2.78875,43.35801],[-2.78879,43.3581],[-2.78884,43.35816],[-2.78899,43.35831],[-2.78901,43.35836],[-2.78901,43.35843],[-2.78899,43.35861],[-2.78902,43.35877]]}},{"type":"Feature","properties":{"id":840848566,"highway":"track"},"geometry":{"type":"MultiLineString","coordinates":[[[-2.77099,43.36089],[-2.77112,43.36084],[-2.77109,43.36055]],[[-2.77132,43.35983],[-2.77144,43.35965],[-2.77122,43.35909],[-2.77118,43.35903]]]}},{"type":"Feature","properties":{"id":866217565,"highway":"track"},"geometry":{"type":"LineString","coordinates":[[-2.77988,43.36247],[-2.77995,43.36231],[-2.7801,43.3621],[-2.78025,43.3618],[-2.78033,43.36145],[-2.78035,43.36135],[-2.78031,43.36128],[-2.78018,43.3611],[-2.78013,43.36099],[-2.78012,43.36089]]}},{"type":"Feature","properties":{"id":901150189,"highway":"tertiary","ref":"BI-4105","superficie":"asphalt"},"geometry":{"type":"LineString","coordinates":[[-2.80293,43.3622],[-2.80292,43.36212]]}},{"type":"Feature","properties":{"id":901150190,"highway":"tertiary","ref":"BI-4105"},"geometry":{"type":"LineString","coordinates":[[-2.80417,43.36379],[-2.80381,43.36368],[-2.80365,43.36363],[-2.80351,43.36355],[-2.80322,43.36328],[-2.80308,43.36312],[-2.80304,43.36304],[-2.80301,43.36296],[-2.80298,43.36269],[-2.80296,43.36251],[-2.80293,43.3622]]}},{"type":"Feature","properties":{"id":1072414942,"highway":"primary","nombre":"Arripiku biribilgunea","ref":"BI-631"},"geometry":{"type":"LineString","coordinates":[[-2.8014,43.37312],[-2.80135,43.37311],[-2.80129,43.37311],[-2.80124,43.37312],[-2.80119,43.37314],[-2.80115,43.37317],[-2.80112,43.37321],[-2.80111,43.37325]]}},{"type":"Feature","properties":{"id":1072414943,"highway":"primary","nombre":"Arripiku biribilgunea","ref":"BI-631"},"geometry":{"type":"LineString","coordinates":[[-2.80128,43.37342],[-2.80134,43.37343],[-2.80139,43.37342],[-2.80144,43.3734],[-2.80148,43.37337]]}},{"type":"Feature","properties":{"id":1072414944,"highway":"primary","nombre":"Arripiku biribilgunea","ref":"BI-631"},"geometry":{"type":"LineString","coordinates":[[-2.80148,43.37337],[-2.80151,43.37334],[-2.80153,43.37331],[-2.80154,43.37328],[-2.80153,43.37324]]}},{"type":"Feature","properties":{"id":1133402631,"highway":"service"},"geometry":{"type":"LineString","coordinates":[[-2.80236,43.36216],[-2.80229,43.36219],[-2.8022,43.36223],[-2.80212,43.36223],[-2.80174,43.36213]]}},{"type":"Feature","properties":{"id":1304058775,"highway":"unclassified"},"geometry":{"type":"LineString","coordinates":[[-2.79606,43.38128],[-2.79605,43.38125],[-2.79604,43.3812]]}},{"type":"Feature","properties":{"id":1304058776,"highway":"unclassified","puente":"yes"},"geometry":{"type":"LineString","coordinates":[[-2.79608,43.38137],[-2.79606,43.38128]]}},{"type":"Feature","properties":{"id":1304058777,"highway":"unclassified"},"geometry":{"type":"LineString","coordinates":[[-2.79246,43.3833],[-2.79246,43.38339],[-2.79249,43.38351],[-2.79261,43.38362],[-2.79279,43.3837],[-2.79312,43.38381],[-2.7935,43.38388],[-2.79375,43.38399],[-2.79409,43.38429]]}},{"type":"Feature","properties":{"id":1421546870,"highway":"tertiary","nombre":"Agirre auzoa","ref":"BI-4207","superficie":"asphalt"},"geometry":{"type":"LineString","coordinates":[[-2.76559,43.37636],[-2.76571,43.37634],[-2.76578,43.3763],[-2.76584,43.37625],[-2.76589,43.37618],[-2.76598,43.37562],[-2.76598,43.37546],[-2.76595,43.37532]]}},{"type":"Feature","properties":{"id":1554803441,"highway":"primary","nombre":"Arripiku biribilgunea","ref":"BI-631"},"geometry":{"type":"LineString","coordinates":[[-2.80123,43.37341],[-2.80128,43.37342]]}},{"type":"Feature","properties":{"id":1554803450,"highway":"primary","nombre":"Arripiku biribilgunea","ref":"BI-631"},"geometry":{"type":"LineString","coordinates":[[-2.80111,43.37325],[-2.80111,43.37329],[-2.80112,43.37332],[-2.80114,43.37336],[-2.80118,43.37339],[-2.80123,43.37341]]}}]}
