{"type":"FeatureCollection","features":[{"type":"Feature","properties":{"id":27576508,"highway":"secondary","ref":"GI-2637"},"geometry":{"type":"LineString","coordinates":[[-2.25041,43.01451],[-2.25035,43.01453],[-2.25033,43.01455],[-2.2503,43.01457],[-2.25027,43.01461],[-2.25026,43.01465],[-2.25027,43.0147],[-2.25029,43.01474],[-2.25033,43.01478],[-2.25038,43.01481],[-2.25045,43.01482],[-2.25051,43.01482],[-2.25058,43.01481]]}},{"type":"Feature","properties":{"id":43338171,"highway":"pedestrian"},"geometry":{"type":"LineString","coordinates":[[-2.25215,43.00923],[-2.25244,43.00927],[-2.25248,43.00927]]}},{"type":"Feature","properties":{"id":203243049,"highway":"service","nombre":"Hiri Sakabanatua"},"geometry":{"type":"LineString","coordinates":[[-2.24653,43.01432],[-2.24656,43.01442],[-2.24657,43.01456],[-2.24643,43.01457],[-2.24639,43.01457]]}},{"type":"Feature","properties":{"id":203243090,"highway":"service","nombre":"Hiri Sakabanatua"},"geometry":{"type":"LineString","coordinates":[[-2.24646,43.01431],[-2.24653,43.01432]]}},{"type":"Feature","properties":{"id":203243242,"highway":"unclassified","nombre":"Landa barreiatua"},"geometry":{"type":"LineString","coordinates":[[-2.24503,43.01189],[-2.2451,43.01192],[-2.24528,43.01201],[-2.24539,43.01209],[-2.24546,43.0122],[-2.24549,43.01235],[-2.24549,43.01247],[-2.24551,43.0127],[-2.24551,43.01288],[-2.24554,43.01298],[-2.24555,43.01301],[-2.24557,43.01305]]}},{"type":"Feature","properties":{"id":203243585,"highway":"unclassified","nombre":"Hiri Sakabanatua"},"geometry":{"type":"LineString","coordinates":[[-2.2468,43.01477],[-2.2466,43.01482],[-2.2466,43.01482],[-2.2465,43.01484],[-2.24632,43.01487]]}},{"type":"Feature","properties":{"id":203243614,"highway":"path"},"geometry":{"type":"LineString","coordinates":[[-2.24527,42.98845],[-2.24531,42.98853],[-2.24538,42.98864],[-2.24554,42.98874],[-2.24572,42.98883],[-2.24596,42.98896],[-2.24617,42.98905],[-2.24641,42.98919],[-2.24655,42.98926],[-2.24671,42.98938],[-2.24681,42.98947],[-2.24695,42.98956],[-2.247,42.98959],[-2.24703,42.98962],[-2.24708,42.98962],[-2.2471,42.98963],[-2.24716,42.9896],[-2.24719,42.98958],[-2.24725,42.98956],[-2.24732,42.98954],[-2.24738,42.98953],[-2.24746,42.98954],[-2.24762,42.98954],[-2.24773,42.98954],[-2.24785,42.98957],[-2.248,42.98958],[-2.24813,42.98959],[-2.24827,42.98961],[-2.24853,42.98965],[-2.24878,42.98968],[-2.24897,42.98971],[-2.2491,42.98973],[-2.24924,42.98975],[-2.2493,42.98976],[-2.24935,42.98977],[-2.24937,42.98977],[-2.2494,42.98976],[-2.24942,42.98975],[-2.24947,42.98972],[-2.24953,42.9897],[-2.24958,42.98969],[-2.24965,42.98966],[-2.24969,42.98964],[-2.24974,42.98959],[-2.24978,42.98955],[-2.2498,42.98952],[-2.24981,42.98951],[-2.24984,42.98951],[-2.24987,42.98952],[-2.24993,42.98956],[-2.25003,42.98962],[-2.25012,42.98967],[-2.25021,42.98973],[-2.25034,42.98977],[-2.25046,42.98983],[-2.25065,42.98991],[-2.25082,42.98997],[-2.25096,42.99002],[-2.25105,42.99006],[-2.25107,42.99005],[-2.25108,42.99004],[-2.25111,42.99],[-2.25112,42.98992],[-2.25112,42.98982],[-2.25113,42.98967],[-2.25114,42.98956],[-2.25115,42.98951],[-2.2512,42.98945],[-2.25133,42.9894]]}},{"type":"Feature","properties":{"id":204153301,"highway":"service","nombre":"Aitzgorri auzoa"},"geometry":{"type":"LineString","coordinates":[[-2.25083,43.01203],[-2.25082,43.01263],[-2.25089,43.01267],[-2.25094,43.0127]]}},{"type":"Feature","properties":{"id":204153304,"highway":"residential","nombre":"Akelarre kalea"},"geometry":{"type":"LineString","coordinates":[[-2.25219,43.00714],[-2.25278,43.00709],[-2.25312,43.00707],[-2.25345,43.00696]]}},{"type":"Feature","properties":{"id":204153305,"highway":"residential","nombre":"Akelarre kalea"},"geometry":{"type":"LineString","coordinates":[[-2.25271,43.00634],[-2.25275,43.00669],[-2.25278,43.00701],[-2.25278,43.00709]]}},{"type":"Feature","properties":{"id":204153306,"highway":"residential","nombre":"Andraitz kalea"},"geometry":{"type":"LineString","coordinates":[[-2.25348,43.00506],[-2.25362,43.00508],[-2.25377,43.00513],[-2.25471,43.0058],[-2.2547,43.00587],[-2.25432,43.00617]]}},{"type":"Feature","properties":{"id":204153307,"highway":"unclassified","nombre":"Beheko Arrabal kalea"},"geometry":{"type":"LineString","coordinates":[[-2.25163,43.01225],[-2.25163,43.01221],[-2.25163,43.0122],[-2.25167,43.01213],[-2.2518,43.01192],[-2.25189,43.01177],[-2.25198,43.0116],[-2.25205,43.01149],[-2.25209,43.01138],[-2.25211,43.01136]]}},{"type":"Feature","properties":{"id":204153308,"highway":"residential","nombre":"Bekosoroa kalea"},"geometry":{"type":"LineString","coordinates":[[-2.25324,43.00584],[-2.2534,43.00525]]}},{"type":"Feature","properties":{"id":204153309,"highway":"residential","nombre":"Bekosoroa kalea"},"geometry":{"type":"LineString","coordinates":[[-2.25319,43.00601],[-2.25324,43.00584]]}},{"type":"Feature","properties":{"id":204153311,"highway":"residential","nombre":"Gain Argi etxetaldea"},"geometry":{"type":"LineString","coordinates":[[-2.25487,43.00456],[-2.25476,43.00499]]}},{"type":"Feature","properties":{"id":204153312,"highway":"residential","nombre":"Gain Argi etxetaldea"},"geometry":{"type":"LineString","coordinates":[[-2.25385,43.00435],[-2.25424,43.00442],[-2.25447,43.00448],[-2.25487,43.00456],[-2.25533,43.00462]]}},{"type":"Feature","properties":{"id":204153314,"highway":"residential","nombre":"Gain Argi etxetaldea"},"geometry":{"type":"LineString","coordinates":[[-2.25424,43.00442],[-2.25408,43.00482]]}},{"type":"Feature","properties":{"id":204153315,"highway":"living_street","nombre":"Kale Nagusia","oneway":"yes"},"geometry":{"type":"LineString","coordinates":[[-2.25334,43.00898],[-2.25341,43.00886],[-2.25347,43.00877],[-2.25348,43.00875],[-2.25354,43.00864],[-2.2536,43.00852],[-2.25361,43.00849],[-2.25363,43.00844],[-2.25364,43.00839],[-2.25371,43.00816],[-2.25375,43.00806],[-2.25378,43.00802],[-2.25381,43.008]]}},{"type":"Feature","properties":{"id":204153316,"highway":"living_street","nombre":"Kale Nagusia","oneway":"yes"},"geometry":{"type":"LineString","coordinates":[[-2.25239,43.01021],[-2.25248,43.01012],[-2.25253,43.01008],[-2.25259,43.01002],[-2.25265,43.00996],[-2.2527,43.00992],[-2.25274,43.00988],[-2.25282,43.00981],[-2.25288,43.00974],[-2.25311,43.00939]]}},{"type":"Feature","properties":{"id":204153318,"highway":"unclassified","nombre":"Kale Nagusia"},"geometry":{"type":"LineString","coordinates":[[-2.25334,43.00898],[-2.25364,43.00906]]}},{"type":"Feature","properties":{"id":204153320,"highway":"residential","nombre":"Kale Nagusia"},"geometry":{"type":"LineString","coordinates":[[-2.25354,43.00921],[-2.25364,43.00906],[-2.25372,43.00895],[-2.25381,43.00877],[-2.25383,43.00871]]}},{"type":"Feature","properties":{"id":204153321,"highway":"unclassified","nombre":"Kale Nagusia"},"geometry":{"type":"LineString","coordinates":[[-2.25372,43.00895],[-2.25379,43.00897],[-2.25389,43.00903],[-2.25394,43.00906]]}},{"type":"Feature","properties":{"id":204153323,"highway":"living_street","nombre":"Kale Nagusia","oneway":"yes"},"geometry":{"type":"LineString","coordinates":[[-2.25311,43.00939],[-2.25333,43.00899],[-2.25334,43.00898]]}},{"type":"Feature","properties":{"id":204153324,"highway":"living_street","nombre":"Kale Nagusia"},"geometry":{"type":"LineString","coordinates":[[-2.25225,43.0108],[-2.25227,43.01069],[-2.25229,43.01062],[-2.25232,43.01049],[-2.25235,43.01035],[-2.25237,43.01027],[-2.25239,43.01021]]}},{"type":"Feature","properties":{"id":204153328,"highway":"residential","nombre":"Lardizabal kalea","oneway":"yes"},"geometry":{"type":"LineString","coordinates":[[-2.25342,43.00785],[-2.25315,43.00784],[-2.25297,43.00783],[-2.25287,43.00783],[-2.25276,43.00784],[-2.25274,43.00787],[-2.25268,43.00799],[-2.25261,43.00813],[-2.25259,43.00818],[-2.25254,43.00831],[-2.2525,43.00841],[-2.2525,43.00845],[-2.25248,43.00862],[-2.25247,43.00875],[-2.25248,43.00912],[-2.25248,43.00927]]}},{"type":"Feature","properties":{"id":204153329,"highway":"service","nombre":"Segura barreiatua"},"geometry":{"type":"LineString","coordinates":[[-2.25934,43.0],[-2.2594,43.00001],[-2.25942,43.00001],[-2.25958,43.00005],[-2.25961,43.00006],[-2.25967,43.00009],[-2.25979,43.00017],[-2.25993,43.00029],[-2.26015,43.00046],[-2.26022,43.00052],[-2.2604,43.00059],[-2.26045,43.00063],[-2.26047,43.00066],[-2.26047,43.00069],[-2.26046,43.00071],[-2.26044,43.00072],[-2.26042,43.00071]]}},{"type":"Feature","properties":{"id":204153330,"highway":"track","nombre":"Segura barreiatua"},"geometry":{"type":"LineString","coordinates":[[-2.25714,43.01777],[-2.25716,43.01792],[-2.25717,43.01806],[-2.25717,43.01817],[-2.25716,43.01824],[-2.25718,43.01841],[-2.2572,43.0187],[-2.25721,43.01874],[-2.25725,43.01883],[-2.25731,43.01892]]}},{"type":"Feature","properties":{"id":204153331,"highway":"unclassified","nombre":"Segura barreiatua"},"geometry":{"type":"LineString","coordinates":[[-2.25112,43.01325],[-2.25114,43.01322],[-2.25116,43.01318],[-2.25123,43.01307],[-2.25123,43.01307],[-2.25129,43.01294],[-2.25133,43.01287],[-2.25147,43.01261],[-2.25162,43.01235],[-2.25163,43.01225]]}},{"type":"Feature","properties":{"id":204153332,"highway":"unclassified","nombre":"Segura barreiatua"},"geometry":{"type":"MultiLineString","coordinates":[[[-2.24661,43.01335],[-2.24661,43.01337],[-2.24661,43.01339],[-2.24661,43.01345]],[[-2.24661,43.01378],[-2.24661,43.0138],[-2.24662,43.01403],[-2.24667,43.01461],[-2.2467,43.0147],[-2.24679,43.01476],[-2.2468,43.01477]]]}},{"type":"Feature","properties":{"id":204153333,"highway":"track","nombre":"Segura barreiatua"},"geometry":{"type":"LineString","coordinates":[[-2.25215,43.01409],[-2.25214,43.01409],[-2.25198,43.01404],[-2.2519,43.014],[-2.25187,43.01399],[-2.25184,43.01397],[-2.25183,43.01397],[-2.25183,43.01396],[-2.2518,43.01393],[-2.25177,43.01389]]}},{"type":"Feature","properties":{"id":204153335,"highway":"unclassified","nombre":"Segura barreiatua"},"geometry":{"type":"LineString","coordinates":[[-2.24761,43.00817],[-2.24757,43.00831],[-2.2476,43.00853],[-2.24765,43.00872],[-2.24766,43.00891],[-2.24763,43.00908],[-2.24755,43.00928],[-2.24743,43.00944],[-2.24726,43.0097],[-2.24719,43.00979]]}},{"type":"Feature","properties":{"id":204153336,"highway":"tertiary","ref":"GI-3701"},"geometry":{"type":"LineString","coordinates":[[-2.26574,42.98712],[-2.26588,42.98719],[-2.26604,42.98727],[-2.26619,42.98737],[-2.2664,42.98756],[-2.26659,42.9877],[-2.26675,42.98783],[-2.26692,42.988],[-2.26706,42.98818],[-2.26728,42.98844]]}},{"type":"Feature","properties":{"id":204153341,"highway":"unclassified","nombre":"Segura barreiatua","superficie":"asphalt"},"geometry":{"type":"LineString","coordinates":[[-2.25975,43.00562],[-2.25955,43.00568],[-2.25927,43.00573],[-2.25904,43.00576],[-2.25898,43.00576],[-2.25894,43.00577],[-2.25869,43.0058],[-2.25835,43.00584],[-2.25814,43.00585],[-2.25793,43.00584]]}},{"type":"Feature","properties":{"id":204153347,"highway":"unclassified","nombre":"Segura barreiatua"},"geometry":{"type":"LineString","coordinates":[[-2.25642,43.01585],[-2.25627,43.01596],[-2.25611,43.01605],[-2.2557,43.01626],[-2.25536,43.01645],[-2.25521,43.01656],[-2.25498,43.01672],[-2.25479,43.0169],[-2.25463,43.01708],[-2.25455,43.0172]]}},{"type":"Feature","properties":{"id":204153348,"highway":"unclassified","nombre":"Segura barreiatua"},"geometry":{"type":"LineString","coordinates":[[-2.2574,43.01013],[-2.25732,43.01013],[-2.25726,43.01013],[-2.25721,43.01011],[-2.25718,43.0101],[-2.25715,43.01008]]}},{"type":"Feature","properties":{"id":204153349,"highway":"track","nombre":"Segura barreiatua"},"geometry":{"type":"LineString","coordinates":[[-2.25637,43.01315],[-2.25602,43.01305],[-2.25573,43.01295],[-2.25549,43.0129],[-2.25528,43.01287],[-2.25513,43.01284],[-2.25444,43.01268]]}},{"type":"Feature","properties":{"id":204153351,"highway":"service","nombre":"Segura barreiatua"},"geometry":{"type":"LineString","coordinates":[[-2.25793,43.00584],[-2.2579,43.00588],[-2.25787,43.00596],[-2.25785,43.00602]]}},{"type":"Feature","properties":{"id":204153352,"highway":"service","nombre":"Segura barreiatua"},"geometry":{"type":"LineString","coordinates":[[-2.25767,42.97816],[-2.25778,42.97809],[-2.25796,42.97793],[-2.25805,42.9778],[-2.25807,42.97775],[-2.25825,42.97754],[-2.2583,42.97749],[-2.25842,42.97727],[-2.25857,42.97703],[-2.25861,42.97695],[-2.25865,42.97689]]}},{"type":"Feature","properties":{"id":204153353,"highway":"unclassified","nombre":"Segura barreiatua"},"geometry":{"type":"LineString","coordinates":[[-2.25364,43.01797],[-2.25359,43.01801],[-2.2535,43.01813],[-2.25344,43.01825],[-2.2534,43.01838],[-2.25331,43.0185],[-2.25303,43.01856],[-2.25272,43.01862],[-2.25268,43.01863],[-2.2526,43.01864],[-2.25225,43.0187]]}},{"type":"Feature","properties":{"id":204153355,"highway":"secondary","ref":"GI-2637","superficie":"asphalt"},"geometry":{"type":"LineString","coordinates":[[-2.26915,42.99935],[-2.26913,42.99938],[-2.26899,42.99955],[-2.26882,42.99971],[-2.26863,42.99985],[-2.26839,43.00001],[-2.2682,43.00012],[-2.26802,43.00023],[-2.26777,43.00038],[-2.26754,43.00052],[-2.2675,43.00055]]}},{"type":"Feature","properties":{"id":204153356,"highway":"unclassified","nombre":"Segura barreiatua"},"geometry":{"type":"LineString","coordinates":[[-2.25036,43.01305],[-2.25037,43.01303],[-2.25044,43.01295],[-2.25052,43.01285],[-2.25056,43.01282],[-2.25063,43.01279],[-2.25072,43.01275],[-2.25082,43.01273],[-2.25092,43.01275],[-2.25101,43.01277],[-2.25105,43.01277]]}},{"type":"Feature","properties":{"id":204153357,"highway":"unclassified","nombre":"Segura barreiatua"},"geometry":{"type":"LineString","coordinates":[[-2.24722,43.01023],[-2.24724,43.01034],[-2.24728,43.01044],[-2.24734,43.01052],[-2.24742,43.0106],[-2.24759,43.01074],[-2.24765,43.01079],[-2.24766,43.01082],[-2.24767,43.01085],[-2.24769,43.01092],[-2.2477,43.01096]]}},{"type":"Feature","properties":{"id":204153358,"highway":"service","nombre":"Segura barreiatua"},"geometry":{"type":"LineString","coordinates":[[-2.25457,43.01794],[-2.25434,43.01818],[-2.25414,43.0184],[-2.25409,43.01845],[-2.25407,43.01847],[-2.25405,43.01848],[-2.25401,43.01847]]}},{"type":"Feature","properties":{"id":204153359,"highway":"track","nombre":"Segura barreiatua"},"geometry":{"type":"LineString","coordinates":[[-2.25251,42.98186],[-2.25257,42.98201],[-2.25269,42.98223],[-2.25288,42.9825],[-2.25293,42.98259],[-2.25296,42.98269],[-2.25308,42.98285],[-2.25318,42.98297],[-2.2532,42.98301]]}},{"type":"Feature","properties":{"id":204153360,"highway":"tertiary","ref":"GI-3571","superficie":"asphalt"},"geometry":{"type":"LineString","coordinates":[[-2.25225,43.0187],[-2.25235,43.01891],[-2.25247,43.01915],[-2.25258,43.01927],[-2.25268,43.01934],[-2.25276,43.01941],[-2.25295,43.01952],[-2.25312,43.0196],[-2.25333,43.01968],[-2.2537,43.01977],[-2.25381,43.01979]]}},{"type":"Feature","properties":{"id":204153361,"highway":"unclassified","nombre":"Segura barreiatua"},"geometry":{"type":"LineString","coordinates":[[-2.25714,43.01777],[-2.25708,43.01777],[-2.257,43.01778],[-2.25694,43.01779],[-2.25689,43.01781],[-2.2568,43.01786],[-2.25675,43.01788],[-2.25671,43.0179],[-2.25668,43.01789],[-2.25665,43.01787],[-2.25664,43.01784]]}},{"type":"Feature","properties":{"id":204153362,"highway":"unclassified","nombre":"Segura barreiatua"},"geometry":{"type":"LineString","coordinates":[[-2.24983,43.01391],[-2.2499,43.01386],[-2.25002,43.01378],[-2.25012,43.01367],[-2.25028,43.0135],[-2.25021,43.01339],[-2.2502,43.01334],[-2.25024,43.01324],[-2.25028,43.01316],[-2.25035,43.01307],[-2.25036,43.01305]]}},{"type":"Feature","properties":{"id":204153363,"highway":"track","nombre":"Segura barreiatua"},"geometry":{"type":"LineString","coordinates":[[-2.25872,42.97566],[-2.25872,42.97556],[-2.2587,42.97552],[-2.25866,42.97542],[-2.25857,42.97523],[-2.25853,42.97506],[-2.25851,42.97496],[-2.25849,42.97488],[-2.25843,42.97481],[-2.25824,42.97469],[-2.25811,42.97463],[-2.25801,42.97464],[-2.25778,42.97481],[-2.25759,42.97499],[-2.25751,42.97509],[-2.25742,42.9751],[-2.25738,42.97503],[-2.25739,42.97493],[-2.2574,42.97481],[-2.2574,42.97463],[-2.25739,42.97445],[-2.25737,42.9743],[-2.25736,42.97425],[-2.2573,42.97428],[-2.25724,42.9744],[-2.25712,42.97457],[-2.25705,42.97471],[-2.257,42.97477],[-2.25693,42.97474],[-2.2569,42.97463],[-2.25685,42.97446],[-2.25677,42.97427],[-2.25672,42.97408],[-2.25668,42.97386],[-2.25666,42.97368],[-2.25665,42.97356],[-2.25664,42.9735],[-2.25656,42.97353],[-2.25642,42.97365],[-2.25625,42.97382],[-2.2562,42.97386]]}},{"type":"Feature","properties":{"id":204153365,"highway":"footway"},"geometry":{"type":"LineString","coordinates":[[-2.25536,43.00936],[-2.25541,43.00934],[-2.25542,43.00934],[-2.25553,43.00931],[-2.25566,43.00928]]}},{"type":"Feature","properties":{"id":204153366,"highway":"tertiary","ref":"GI-3701"},"geometry":{"type":"LineString","coordinates":[[-2.26533,42.9872],[-2.26526,42.98721],[-2.2652,42.98721],[-2.26509,42.98719],[-2.2649,42.98716],[-2.26474,42.98714],[-2.26464,42.98712],[-2.26449,42.98708],[-2.26435,42.98703],[-2.26428,42.98702],[-2.26417,42.98703],[-2.26397,42.98706]]}},{"type":"Feature","properties":{"id":204153367,"highway":"service","nombre":"Segura barreiatua"},"geometry":{"type":"LineString","coordinates":[[-2.25685,43.01736],[-2.25691,43.01735],[-2.25694,43.01737],[-2.25697,43.01742],[-2.25698,43.01748],[-2.25699,43.01752],[-2.25701,43.01755],[-2.25708,43.01766],[-2.25712,43.01771],[-2.25714,43.01774],[-2.25714,43.01776],[-2.25714,43.01777]]}},{"type":"Feature","properties":{"id":204153368,"highway":"unclassified","nombre":"Segura barreiatua"},"geometry":{"type":"LineString","coordinates":[[-2.24881,43.00147],[-2.24876,43.00146],[-2.24872,43.00144],[-2.24867,43.00141],[-2.24863,43.00137],[-2.2486,43.00132],[-2.24858,43.00126],[-2.24857,43.001],[-2.24856,43.00068],[-2.24855,43.00062],[-2.24855,43.00056],[-2.24854,43.00053]]}},{"type":"Feature","properties":{"id":204153369,"highway":"service","nombre":"Segura barreiatua"},"geometry":{"type":"LineString","coordinates":[[-2.25865,42.97689],[-2.25866,42.97688],[-2.25868,42.97683],[-2.25871,42.97678],[-2.25872,42.97663],[-2.25868,42.97646],[-2.25864,42.97621],[-2.25862,42.97601],[-2.25862,42.97592],[-2.25864,42.97583],[-2.25868,42.97572],[-2.25872,42.97566]]}},{"type":"Feature","properties":{"id":204153370,"highway":"secondary","ref":"GI-2637","superficie":"asphalt"},"geometry":{"type":"LineString","coordinates":[[-2.27218,42.99564],[-2.2721,42.99573],[-2.27192,42.99591],[-2.27176,42.99603],[-2.27159,42.99616],[-2.27146,42.99624],[-2.27139,42.9963],[-2.27133,42.99635],[-2.27122,42.99645],[-2.27106,42.99662],[-2.27085,42.99685],[-2.27074,42.99697],[-2.2706,42.99713]]}},{"type":"Feature","properties":{"id":204153371,"highway":"unclassified","nombre":"Segura barreiatua"},"geometry":{"type":"LineString","coordinates":[[-2.25164,43.01377],[-2.2516,43.01374],[-2.25156,43.01372],[-2.25141,43.01365],[-2.25129,43.01361],[-2.25122,43.0136],[-2.25116,43.01359],[-2.25112,43.01353],[-2.25112,43.01349],[-2.25112,43.01342],[-2.25112,43.0133],[-2.25112,43.01325]]}},{"type":"Feature","properties":{"id":204153372,"highway":"service","nombre":"Segura barreiatua"},"geometry":{"type":"LineString","coordinates":[[-2.26733,43.00164],[-2.26732,43.00173],[-2.26733,43.00183],[-2.26734,43.00192],[-2.26737,43.002],[-2.26742,43.00211],[-2.26749,43.00218],[-2.26753,43.00223],[-2.26764,43.00229],[-2.26773,43.00234],[-2.2678,43.00236],[-2.26779,43.00248]]}},{"type":"Feature","properties":{"id":204153373,"highway":"unclassified","nombre":"Aitzgorri auzoa"},"geometry":{"type":"LineString","coordinates":[[-2.25105,43.01277],[-2.25117,43.01257],[-2.2512,43.01252],[-2.25127,43.01242],[-2.25136,43.01228],[-2.25151,43.01207],[-2.25174,43.01173],[-2.25191,43.01149],[-2.25199,43.01135],[-2.25207,43.01122],[-2.25211,43.01117],[-2.25215,43.01108],[-2.25218,43.01099],[-2.25219,43.01097]]}},{"type":"Feature","properties":{"id":204153374,"highway":"service","nombre":"Segura barreiatua"},"geometry":{"type":"LineString","coordinates":[[-2.25642,43.01585],[-2.25643,43.0158],[-2.25641,43.01576],[-2.25642,43.01568],[-2.25636,43.0156],[-2.25633,43.01555],[-2.25633,43.01544],[-2.25633,43.0154],[-2.25632,43.01537],[-2.25638,43.01523],[-2.25644,43.01514],[-2.25645,43.0151],[-2.25645,43.01507],[-2.25644,43.01505],[-2.25643,43.01504],[-2.2564,43.01503],[-2.25638,43.01503],[-2.25636,43.01504],[-2.25634,43.01505]]}},{"type":"Feature","properties":{"id":204153376,"highway":"service","nombre":"Segura barreiatua"},"geometry":{"type":"LineString","coordinates":[[-2.25452,43.01168],[-2.25449,43.01167],[-2.25444,43.01168],[-2.2544,43.0117],[-2.25432,43.01177],[-2.25427,43.01182],[-2.25424,43.01192],[-2.25412,43.01219],[-2.25403,43.01237],[-2.25396,43.01251],[-2.25394,43.01255],[-2.25391,43.01258]]}},{"type":"Feature","properties":{"id":204153378,"highway":"track","nombre":"Segura barreiatua"},"geometry":{"type":"LineString","coordinates":[[-2.26241,42.98592],[-2.26235,42.9858],[-2.26229,42.9857],[-2.26215,42.98538],[-2.26197,42.9852],[-2.2619,42.98511],[-2.26182,42.98502],[-2.26177,42.98493],[-2.26163,42.98478],[-2.26153,42.98466],[-2.26148,42.9846],[-2.26142,42.98445],[-2.26135,42.98431]]}},{"type":"Feature","properties":{"id":204153380,"highway":"unclassified","nombre":"Segura barreiatua"},"geometry":{"type":"LineString","coordinates":[[-2.26443,43.00172],[-2.26454,43.00166],[-2.26457,43.00164],[-2.2646,43.00164],[-2.26468,43.00159],[-2.26478,43.00154],[-2.2649,43.00149],[-2.26501,43.00145],[-2.26506,43.00141],[-2.2651,43.00135],[-2.26511,43.00129],[-2.26512,43.00118],[-2.26517,43.00107]]}},{"type":"Feature","properties":{"id":204153381,"highway":"unclassified","nombre":"Segura barreiatua"},"geometry":{"type":"LineString","coordinates":[[-2.25112,43.01325],[-2.251,43.0133],[-2.25092,43.01334],[-2.25084,43.0134],[-2.25076,43.01346],[-2.25065,43.01359],[-2.25063,43.01364]]}},{"type":"Feature","properties":{"id":204153382,"highway":"service","nombre":"Segura barreiatua"},"geometry":{"type":"LineString","coordinates":[[-2.25089,43.01402],[-2.25087,43.01417],[-2.25084,43.01423],[-2.2508,43.01427],[-2.25074,43.01429],[-2.2507,43.0143],[-2.25066,43.0143],[-2.25062,43.01429],[-2.2506,43.01425],[-2.25058,43.01421],[-2.25057,43.01415],[-2.25058,43.01404]]}},{"type":"Feature","properties":{"id":204153385,"highway":"unclassified","nombre":"Segura barreiatua"},"geometry":{"type":"LineString","coordinates":[[-2.25249,43.01242],[-2.2524,43.01237],[-2.2523,43.01233],[-2.25189,43.0122],[-2.25182,43.0122],[-2.25174,43.01221],[-2.25168,43.01224],[-2.25163,43.01225]]}},{"type":"Feature","properties":{"id":204153386,"highway":"service","nombre":"Segura barreiatua"},"geometry":{"type":"LineString","coordinates":[[-2.25016,43.0119],[-2.25022,43.01209],[-2.25027,43.01226],[-2.25029,43.01239],[-2.25032,43.01256],[-2.25032,43.0126],[-2.25031,43.01263],[-2.25029,43.0127],[-2.25026,43.01279],[-2.25026,43.01285],[-2.25026,43.01289],[-2.2503,43.01297],[-2.25036,43.01305]]}},{"type":"Feature","properties":{"id":204153387,"highway":"track","nombre":"Segura barreiatua"},"geometry":{"type":"LineString","coordinates":[[-2.25596,43.01873],[-2.2559,43.0188],[-2.25586,43.01886],[-2.25583,43.01894],[-2.25583,43.01905],[-2.25582,43.01917],[-2.25584,43.01927],[-2.25583,43.01954],[-2.25583,43.01968],[-2.25581,43.01984],[-2.25581,43.01988],[-2.2558,43.0199],[-2.2558,43.01993],[-2.2558,43.01996]]}},{"type":"Feature","properties":{"id":204153389,"highway":"service","nombre":"Segura barreiatua"},"geometry":{"type":"LineString","coordinates":[[-2.25463,42.99974],[-2.25457,42.99969],[-2.25453,42.99966],[-2.25451,42.99964],[-2.25448,42.99962],[-2.25446,42.99959],[-2.25444,42.99956],[-2.25443,42.99953],[-2.25442,42.9995],[-2.25442,42.99938],[-2.25443,42.99927],[-2.25444,42.99914],[-2.25446,42.99899],[-2.25448,42.99887],[-2.25454,42.99876]]}},{"type":"Feature","properties":{"id":204153390,"highway":"unclassified","nombre":"Segura barreiatua"},"geometry":{"type":"LineString","coordinates":[[-2.26504,42.98656],[-2.26499,42.98658],[-2.26492,42.98663],[-2.26488,42.98665],[-2.26488,42.98672],[-2.26474,42.98679],[-2.2647,42.9869],[-2.26464,42.98692],[-2.26456,42.98692],[-2.26439,42.98691],[-2.26422,42.98692],[-2.26414,42.98692],[-2.26407,42.98695],[-2.26402,42.98699],[-2.26397,42.98706]]}},{"type":"Feature","properties":{"id":204153395,"highway":"service","nombre":"Segura barreiatua"},"geometry":{"type":"LineString","coordinates":[[-2.25708,43.00134],[-2.25705,43.00135],[-2.25681,43.0016],[-2.25666,43.00167],[-2.25634,43.00187],[-2.25633,43.00187],[-2.25611,43.00206],[-2.25588,43.00226],[-2.25564,43.00243],[-2.2555,43.00256],[-2.25534,43.00278],[-2.25531,43.00283],[-2.25526,43.0029],[-2.2552,43.003],[-2.25518,43.00305]]}},{"type":"Feature","properties":{"id":204153396,"highway":"service","nombre":"Segura barreiatua"},"geometry":{"type":"LineString","coordinates":[[-2.25325,43.01088],[-2.2532,43.01086],[-2.25318,43.01085],[-2.25311,43.01085],[-2.25306,43.01086],[-2.25297,43.01088],[-2.25288,43.0109],[-2.25278,43.01094],[-2.25278,43.01094],[-2.25269,43.01098],[-2.25265,43.01101],[-2.25256,43.01107],[-2.25243,43.01116],[-2.2524,43.01117],[-2.25225,43.01114]]}},{"type":"Feature","properties":{"id":204153397,"highway":"tertiary","ref":"GI-3701"},"geometry":{"type":"LineString","coordinates":[[-2.26241,42.98592],[-2.26245,42.98594],[-2.26247,42.98597],[-2.26251,42.98602],[-2.26255,42.98612],[-2.2626,42.98623],[-2.26268,42.98641],[-2.26272,42.98648],[-2.26283,42.98657],[-2.26298,42.98669],[-2.26327,42.9869],[-2.26337,42.98699],[-2.26348,42.98705],[-2.26358,42.98708],[-2.26367,42.98709],[-2.26376,42.9871]]}},{"type":"Feature","properties":{"id":204153400,"highway":"service","nombre":"Segura barreiatua"},"geometry":{"type":"LineString","coordinates":[[-2.25708,43.00134],[-2.2572,43.0013],[-2.25738,43.00124],[-2.25764,43.00116],[-2.25792,43.00103],[-2.25803,43.00089],[-2.2582,43.00072],[-2.25828,43.00062],[-2.2584,43.00043],[-2.25864,43.00029],[-2.25885,43.00018],[-2.25899,43.00012],[-2.25904,43.00009],[-2.25911,43.00007],[-2.25924,43.00002],[-2.25934,43.0]]}},{"type":"Feature","properties":{"id":204153401,"highway":"track","nombre":"Segura barreiatua"},"geometry":{"type":"LineString","coordinates":[[-2.27018,43.00403],[-2.27021,43.00406],[-2.27026,43.00408],[-2.27038,43.00408],[-2.27052,43.00408],[-2.27064,43.00407],[-2.27079,43.00408],[-2.27099,43.00409],[-2.27114,43.00408],[-2.27133,43.00405],[-2.27155,43.00401],[-2.27181,43.00397],[-2.27209,43.00392],[-2.27223,43.00388],[-2.2726,43.00385],[-2.2727,43.00386],[-2.27278,43.00388],[-2.27294,43.00393],[-2.27302,43.00397],[-2.2731,43.004],[-2.27316,43.00404],[-2.27318,43.00409],[-2.27318,43.00412],[-2.27319,43.00417],[-2.27318,43.00423],[-2.27318,43.0043],[-2.27317,43.00437],[-2.27319,43.00439],[-2.2733,43.00439]]}},{"type":"Feature","properties":{"id":204153402,"highway":"track","nombre":"Segura barreiatua"},"geometry":{"type":"LineString","coordinates":[[-2.25879,42.99371],[-2.25898,42.99386],[-2.25907,42.99395],[-2.25914,42.99405],[-2.25921,42.99413],[-2.25925,42.99418],[-2.25932,42.99421],[-2.2594,42.99424],[-2.25948,42.99428],[-2.25966,42.99444],[-2.2599,42.99468],[-2.26007,42.99484],[-2.26032,42.99505],[-2.26057,42.99527],[-2.26083,42.99544],[-2.26092,42.99549]]}},{"type":"Feature","properties":{"id":204153403,"highway":"unclassified","nombre":"GR-34 Segura barreiatua","superficie":"asphalt"},"geometry":{"type":"LineString","coordinates":[[-2.24982,43.02023],[-2.24993,43.02014],[-2.24997,43.02008],[-2.24996,43.01999],[-2.24992,43.01984],[-2.24989,43.01972],[-2.24989,43.01968],[-2.24989,43.01953],[-2.24994,43.01933],[-2.25,43.01921],[-2.25008,43.0191],[-2.25021,43.01891],[-2.25041,43.01874],[-2.25064,43.01851],[-2.2508,43.01832],[-2.2509,43.01813],[-2.25103,43.01793],[-2.25119,43.01771],[-2.25129,43.01758],[-2.25135,43.01745],[-2.25142,43.0173],[-2.25154,43.0172]]}},{"type":"Feature","properties":{"id":204153408,"highway":"service","nombre":"Segura barreiatua"},"geometry":{"type":"LineString","coordinates":[[-2.25187,43.01356],[-2.25188,43.01357],[-2.25191,43.01358],[-2.25196,43.0136],[-2.25199,43.01363],[-2.252,43.01368],[-2.25201,43.01375],[-2.252,43.01384],[-2.25201,43.01387],[-2.252,43.01389],[-2.25201,43.01391],[-2.25203,43.01394],[-2.25205,43.01395],[-2.25208,43.01396],[-2.25212,43.01397],[-2.25216,43.01396]]}},{"type":"Feature","properties":{"id":204153409,"highway":"unclassified","nombre":"Segura barreiatua"},"geometry":{"type":"LineString","coordinates":[[-2.26733,43.00164],[-2.2673,43.00161],[-2.26728,43.00158],[-2.26724,43.00153],[-2.26721,43.00147],[-2.26717,43.00141],[-2.26716,43.00136],[-2.26715,43.0013],[-2.2672,43.00124],[-2.26727,43.00122],[-2.26735,43.0012],[-2.26739,43.00118],[-2.26742,43.00113],[-2.2674,43.00108],[-2.26737,43.00104],[-2.2673,43.00101],[-2.26725,43.001]]}},{"type":"Feature","properties":{"id":204153411,"highway":"tertiary","ref":"GI-3701"},"geometry":{"type":"LineString","coordinates":[[-2.25884,42.98345],[-2.25888,42.98347],[-2.25893,42.98349],[-2.259,42.9835],[-2.25915,42.98352],[-2.25925,42.98354],[-2.25939,42.98359],[-2.25951,42.98365],[-2.25964,42.98373],[-2.25973,42.98377],[-2.25983,42.98382],[-2.25999,42.98387],[-2.2601,42.98392],[-2.26018,42.98398],[-2.26022,42.98406],[-2.26027,42.98417],[-2.26036,42.98437]]}},{"type":"Feature","properties":{"id":204153412,"highway":"service","nombre":"Segura barreiatua"},"geometry":{"type":"LineString","coordinates":[[-2.2487,43.00019],[-2.24863,43.00016],[-2.24854,43.00006],[-2.24846,42.99993],[-2.24836,42.99982],[-2.24828,42.99976],[-2.24818,42.99958],[-2.24808,42.99932],[-2.24804,42.99916],[-2.248,42.99906],[-2.24794,42.99898],[-2.24791,42.99884],[-2.24785,42.99872],[-2.24777,42.99858],[-2.2477,42.99849],[-2.24762,42.99835],[-2.24759,42.99825],[-2.24757,42.99805]]}},{"type":"Feature","properties":{"id":204153413,"highway":"unclassified","nombre":"Segura barreiatua"},"geometry":{"type":"LineString","coordinates":[[-2.2477,43.01096],[-2.24774,43.011],[-2.24782,43.01108],[-2.24784,43.01113],[-2.24784,43.01118],[-2.24783,43.01124],[-2.24784,43.01127],[-2.24786,43.01133],[-2.24785,43.01137],[-2.24784,43.0114],[-2.24781,43.01141],[-2.24767,43.01143],[-2.24752,43.01145],[-2.24731,43.01146],[-2.2472,43.01147],[-2.24715,43.01147],[-2.24704,43.01146],[-2.24683,43.01142],[-2.24672,43.01141]]}},{"type":"Feature","properties":{"id":204153414,"highway":"unclassified","nombre":"Segura barreiatua"},"geometry":{"type":"LineString","coordinates":[[-2.25004,43.01401],[-2.25001,43.01406],[-2.24996,43.01415],[-2.24995,43.01422],[-2.24993,43.01424],[-2.24989,43.01428],[-2.24983,43.01431],[-2.2498,43.01435],[-2.2498,43.01437],[-2.24981,43.01439],[-2.24985,43.01442],[-2.2499,43.01442],[-2.24997,43.01438],[-2.25004,43.01433],[-2.25013,43.01426],[-2.25018,43.01421],[-2.25027,43.01407],[-2.25035,43.01396]]}},{"type":"Feature","properties":{"id":204153415,"highway":"unclassified","nombre":"Segura barreiatua"},"geometry":{"type":"LineString","coordinates":[[-2.27292,42.99465],[-2.27287,42.99464],[-2.27285,42.99464],[-2.27272,42.99467],[-2.27263,42.99473],[-2.2726,42.9948],[-2.2726,42.9949],[-2.27262,42.99503],[-2.27262,42.99513],[-2.27259,42.99527],[-2.27253,42.99538],[-2.27248,42.99547],[-2.27246,42.99554],[-2.27246,42.99562],[-2.27244,42.99567],[-2.27238,42.99569],[-2.27227,42.99568],[-2.27222,42.99566],[-2.27218,42.99564]]}},{"type":"Feature","properties":{"id":204153416,"highway":"service","nombre":"Segura barreiatua"},"geometry":{"type":"LineString","coordinates":[[-2.2529,43.01271],[-2.25295,43.01272],[-2.2531,43.01271],[-2.2531,43.01269],[-2.25311,43.01268],[-2.25315,43.01259],[-2.25318,43.01255],[-2.25322,43.01253],[-2.25326,43.01252],[-2.25332,43.01252],[-2.25345,43.01253],[-2.25362,43.01255],[-2.25386,43.01258],[-2.25391,43.01258]]}},{"type":"Feature","properties":{"id":204153418,"highway":"secondary","ref":"GI-2637","superficie":"asphalt"},"geometry":{"type":"LineString","coordinates":[[-2.27031,42.99745],[-2.2706,42.99713]]}},{"type":"Feature","properties":{"id":204153419,"highway":"tertiary","ref":"GI-3571","superficie":"asphalt"},"geometry":{"type":"LineString","coordinates":[[-2.25566,43.01995],[-2.2558,43.01996]]}},{"type":"Feature","properties":{"id":204153420,"highway":"secondary","ref":"GI-2637"},"geometry":{"type":"LineString","coordinates":[[-2.26922,42.99924],[-2.26915,42.99935]]}},{"type":"Feature","properties":{"id":204153423,"highway":"unclassified","nombre":"Segura barreiatua","tunel":"yes"},"geometry":{"type":"LineString","coordinates":[[-2.25177,43.01389],[-2.25164,43.01377]]}},{"type":"Feature","properties":{"id":204153425,"highway":"unclassified","nombre":"Segura barreiatua","superficie":"asphalt"},"geometry":{"type":"LineString","coordinates":[[-2.24763,43.01497],[-2.24773,43.01506]]}},{"type":"Feature","properties":{"id":204153426,"highway":"unclassified","nombre":"Segura barreiatua"},"geometry":{"type":"LineString","coordinates":[[-2.25664,43.01784],[-2.25663,43.0178],[-2.25663,43.01779],[-2.25663,43.01778],[-2.25663,43.01775],[-2.25663,43.01773],[-2.25663,43.01772],[-2.25659,43.01769],[-2.25651,43.01765],[-2.25645,43.01763],[-2.25639,43.01761],[-2.2563,43.01759],[-2.25618,43.01757],[-2.25604,43.01753],[-2.25577,43.01747],[-2.25546,43.0174],[-2.25521,43.01735],[-2.25501,43.01731],[-2.25485,43.01728],[-2.25475,43.01725],[-2.25458,43.01721],[-2.25455,43.0172]]}},{"type":"Feature","properties":{"id":204153427,"highway":"unclassified","nombre":"Segura barreiatua"},"geometry":{"type":"LineString","coordinates":[[-2.25223,43.0037],[-2.25223,43.00376],[-2.25223,43.00384],[-2.25224,43.00397],[-2.25228,43.00417],[-2.2523,43.00433],[-2.25233,43.00455],[-2.25234,43.00462],[-2.25236,43.00472],[-2.25238,43.00476],[-2.25239,43.0048],[-2.25242,43.00487],[-2.25248,43.00499],[-2.25256,43.00513],[-2.25258,43.00519],[-2.25259,43.00522],[-2.2526,43.00526],[-2.25261,43.00529],[-2.25263,43.00541],[-2.25267,43.0056],[-2.25271,43.00571],[-2.25275,43.00583],[-2.25283,43.00598]]}},{"type":"Feature","properties":{"id":204153428,"highway":"unclassified","nombre":"Segura barreiatua"},"geometry":{"type":"LineString","coordinates":[[-2.26548,43.00082],[-2.26548,43.00089],[-2.2655,43.001],[-2.26555,43.00112],[-2.26561,43.00124],[-2.26563,43.00131],[-2.26565,43.00142],[-2.26567,43.00169],[-2.26567,43.00175],[-2.26568,43.00181],[-2.26573,43.00191],[-2.26577,43.0021],[-2.26579,43.00226],[-2.2658,43.00233],[-2.26583,43.00239],[-2.26596,43.00247],[-2.26602,43.00255],[-2.26607,43.00264],[-2.26609,43.0027]]}},{"type":"Feature","properties":{"id":204153429,"highway":"secondary","ref":"GI-2637","superficie":"asphalt"},"geometry":{"type":"LineString","coordinates":[[-2.26691,43.00135],[-2.26692,43.00139],[-2.26693,43.00146],[-2.26696,43.00157],[-2.26702,43.00171],[-2.26706,43.00182],[-2.2671,43.00195],[-2.26711,43.00205],[-2.26711,43.00215],[-2.2671,43.00223],[-2.26707,43.00229],[-2.26704,43.00237],[-2.26699,43.00244],[-2.26693,43.00251],[-2.26687,43.00256],[-2.26679,43.00263],[-2.26668,43.00271],[-2.26652,43.00281],[-2.26621,43.00299]]}},{"type":"Feature","properties":{"id":204153430,"highway":"tertiary","nombre":"Segura barreiatua","ref":"GI-3261"},"geometry":{"type":"LineString","coordinates":[[-2.279,43.00116],[-2.27922,43.00102],[-2.27946,43.00089],[-2.27964,43.00075],[-2.27968,43.00071],[-2.27975,43.00062],[-2.27979,43.00056],[-2.27981,43.0005],[-2.27984,43.00046],[-2.27987,43.00039],[-2.27991,43.00032],[-2.27996,43.00027],[-2.28005,43.00022],[-2.28016,43.00019],[-2.2804,43.00014],[-2.28065,43.0001],[-2.28076,43.00007],[-2.28085,43.00001],[-2.28099,42.99986],[-2.28104,42.99978],[-2.2811,42.99971],[-2.28117,42.99967],[-2.2812,42.99965]]}},{"type":"Feature","properties":{"id":204153431,"highway":"service","nombre":"Segura barreiatua"},"geometry":{"type":"LineString","coordinates":[[-2.25331,43.00014],[-2.2534,43.00009],[-2.25345,43.00006],[-2.25352,42.99999],[-2.25354,42.99998],[-2.25358,42.99993],[-2.25361,42.9999],[-2.25365,42.99987],[-2.2537,42.99984],[-2.25375,42.99981],[-2.2538,42.99979],[-2.25384,42.99978],[-2.25393,42.99977],[-2.25402,42.99977],[-2.25411,42.99978],[-2.25427,42.99981],[-2.25435,42.99982],[-2.25444,42.99982],[-2.2545,42.99982],[-2.25452,42.99981],[-2.25453,42.99981],[-2.25457,42.99979],[-2.25463,42.99974]]}},{"type":"Feature","properties":{"id":204153432,"highway":"unclassified","nombre":"Segura barreiatua"},"geometry":{"type":"LineString","coordinates":[[-2.24672,43.01141],[-2.24666,43.01146],[-2.24664,43.0115],[-2.24663,43.0115],[-2.2466,43.01157],[-2.24658,43.01166],[-2.24655,43.01178],[-2.24653,43.01191],[-2.24651,43.01206],[-2.2465,43.01218],[-2.24649,43.01226],[-2.24648,43.01239],[-2.24646,43.01253],[-2.24647,43.01263],[-2.24647,43.01273],[-2.24648,43.01281],[-2.24648,43.01287],[-2.24649,43.013],[-2.24653,43.01306],[-2.24658,43.01317],[-2.24657,43.01329]]}},{"type":"Feature","properties":{"id":204153433,"highway":"unclassified","nombre":"Segura barreiatua"},"geometry":{"type":"LineString","coordinates":[[-2.26304,43.00346],[-2.26306,43.0035],[-2.26309,43.00355],[-2.26308,43.00361],[-2.26304,43.00367],[-2.26275,43.00388],[-2.2626,43.00399],[-2.26253,43.00402],[-2.26247,43.00406],[-2.26237,43.00412],[-2.26225,43.00422],[-2.26213,43.00433],[-2.26206,43.00438],[-2.2619,43.00449],[-2.26184,43.00455],[-2.26179,43.00461],[-2.26171,43.00472],[-2.26163,43.0048],[-2.26156,43.00486],[-2.2615,43.00491],[-2.26139,43.00501],[-2.26131,43.00508],[-2.26125,43.00519]]}},{"type":"Feature","properties":{"id":204153434,"highway":"service","nombre":"Segura barreiatua"},"geometry":{"type":"LineString","coordinates":[[-2.25463,42.99974],[-2.25469,42.99969],[-2.25473,42.99965],[-2.25478,42.99959],[-2.25483,42.99953],[-2.25484,42.99949],[-2.25484,42.99944],[-2.25484,42.99939],[-2.25483,42.99934],[-2.25482,42.99929],[-2.2548,42.99925],[-2.2548,42.99919],[-2.25478,42.99902],[-2.25477,42.99895],[-2.25476,42.99891],[-2.25474,42.99887],[-2.25471,42.99883],[-2.25469,42.9988],[-2.25466,42.99879],[-2.25462,42.99876],[-2.25459,42.99875],[-2.25457,42.99875],[-2.25454,42.99876]]}},{"type":"Feature","properties":{"id":204153435,"highway":"unclassified","nombre":"Segura barreiatua"},"geometry":{"type":"LineString","coordinates":[[-2.25006,43.00092],[-2.25023,43.00086],[-2.2504,43.00083],[-2.25103,43.0007],[-2.25124,43.00067],[-2.25137,43.00065],[-2.25147,43.00065],[-2.25159,43.00064],[-2.25175,43.00063],[-2.25185,43.00062],[-2.25187,43.00061],[-2.25194,43.00057],[-2.25198,43.00051],[-2.25202,43.00041],[-2.25205,43.00035],[-2.25211,43.0003],[-2.25224,43.00027],[-2.25239,43.00026],[-2.25249,43.00025],[-2.2526,43.00023],[-2.2527,43.0002],[-2.25286,43.00012]]}},{"type":"Feature","properties":{"id":204153436,"highway":"secondary","ref":"GI-2637","superficie":"asphalt"},"geometry":{"type":"LineString","coordinates":[[-2.26072,43.00631],[-2.26064,43.00637],[-2.26059,43.0064],[-2.26045,43.00651],[-2.26023,43.00671],[-2.26001,43.0069],[-2.25975,43.00716],[-2.25955,43.00735],[-2.25946,43.00743],[-2.25946,43.00744],[-2.25935,43.00754],[-2.25927,43.00762],[-2.25927,43.00762],[-2.25917,43.00771],[-2.25907,43.00781],[-2.25895,43.00791],[-2.25895,43.00792],[-2.25887,43.00798],[-2.25875,43.00806],[-2.25862,43.00813],[-2.25849,43.0082],[-2.25843,43.00822],[-2.25834,43.00825],[-2.25819,43.00829],[-2.25809,43.00831]]}},{"type":"Feature","properties":{"id":204153437,"highway":"tertiary","nombre":"Segura barreiatua","ref":"GI-3261"},"geometry":{"type":"LineString","coordinates":[[-2.2733,43.00439],[-2.27332,43.00435],[-2.27338,43.00428],[-2.27344,43.0042],[-2.27349,43.00413],[-2.27351,43.00407],[-2.2735,43.004],[-2.27347,43.00395],[-2.2734,43.00386],[-2.27321,43.00368],[-2.27302,43.00348],[-2.27281,43.00329],[-2.27256,43.00306],[-2.27249,43.00299],[-2.27241,43.00291],[-2.27237,43.00284],[-2.27233,43.00276],[-2.2723,43.00265],[-2.27232,43.00256],[-2.27236,43.00247],[-2.27241,43.0024],[-2.27248,43.00232],[-2.27249,43.00227]]}},{"type":"Feature","properties":{"id":204153438,"highway":"track","nombre":"Segura barreiatua"},"geometry":{"type":"LineString","coordinates":[[-2.26052,42.98496],[-2.26051,42.98499],[-2.26048,42.98522],[-2.2605,42.98535],[-2.26054,42.98549],[-2.26053,42.98566],[-2.26051,42.98574],[-2.26052,42.98583],[-2.26064,42.98598],[-2.26087,42.98624],[-2.26091,42.98642],[-2.26093,42.98647],[-2.26095,42.98653],[-2.26099,42.98662],[-2.26112,42.98684],[-2.26118,42.98701],[-2.26122,42.98711],[-2.26128,42.98747],[-2.2613,42.98758],[-2.2613,42.98771],[-2.26126,42.98796],[-2.26126,42.98806],[-2.2613,42.9881],[-2.26151,42.98816],[-2.26167,42.98824],[-2.26188,42.98838],[-2.26203,42.98851]]}},{"type":"Feature","properties":{"id":204153439,"highway":"track","nombre":"Segura barreiatua"},"geometry":{"type":"LineString","coordinates":[[-2.25715,43.01008],[-2.2571,43.01011],[-2.25699,43.01015],[-2.2568,43.01023],[-2.25668,43.01029],[-2.25653,43.01037],[-2.25645,43.01041],[-2.25636,43.01044],[-2.25626,43.01047],[-2.25608,43.0105],[-2.25591,43.01053],[-2.25585,43.01055],[-2.25581,43.01056],[-2.2558,43.01058],[-2.25581,43.0106],[-2.25585,43.01062],[-2.25592,43.01065],[-2.25602,43.01069],[-2.25612,43.01076],[-2.25621,43.01083],[-2.25635,43.01091],[-2.25644,43.01095],[-2.25649,43.01099],[-2.2565,43.01102],[-2.25648,43.01107],[-2.25632,43.0112]]}},{"type":"Feature","properties":{"id":204153440,"highway":"service","nombre":"Segura barreiatua"},"geometry":{"type":"LineString","coordinates":[[-2.26105,43.00523],[-2.26099,43.00519],[-2.26091,43.00518],[-2.26085,43.00517],[-2.26078,43.00515],[-2.26071,43.00512],[-2.26062,43.0051],[-2.2605,43.00506],[-2.26042,43.00503],[-2.26034,43.00502],[-2.26026,43.00501],[-2.26016,43.005],[-2.26007,43.005],[-2.25997,43.005],[-2.2599,43.00499],[-2.25976,43.00497],[-2.25962,43.00496],[-2.25953,43.00496],[-2.25944,43.00496],[-2.25933,43.00497],[-2.25914,43.00498],[-2.25906,43.00499],[-2.25898,43.005],[-2.25891,43.005],[-2.2588,43.00502],[-2.25867,43.00503],[-2.25847,43.00506]]}},{"type":"Feature","properties":{"id":204153441,"highway":"service","nombre":"Segura barreiatua"},"geometry":{"type":"LineString","coordinates":[[-2.26548,43.00082],[-2.26553,43.00074],[-2.26563,43.0006],[-2.2658,43.00031],[-2.26584,43.0002],[-2.26586,43.00009],[-2.26584,43.00004],[-2.26571,42.99986],[-2.26571,42.99983],[-2.2658,42.9997],[-2.26587,42.99959],[-2.26591,42.99956],[-2.2661,42.99948],[-2.26615,42.99945],[-2.26618,42.99942],[-2.2662,42.99935],[-2.2662,42.99928],[-2.26622,42.99921],[-2.26627,42.99916],[-2.26634,42.99909],[-2.2664,42.99901],[-2.26643,42.99896],[-2.26649,42.99886],[-2.26654,42.99875],[-2.26663,42.99865],[-2.26671,42.99852],[-2.26687,42.99836],[-2.2669,42.99833]]}},{"type":"Feature","properties":{"id":204153442,"highway":"track","nombre":"Segura barreiatua"},"geometry":{"type":"LineString","coordinates":[[-2.26203,42.98851],[-2.26216,42.98863],[-2.26221,42.98868],[-2.26227,42.98873],[-2.26236,42.98881],[-2.26252,42.98896],[-2.26257,42.98902],[-2.2626,42.98909],[-2.26271,42.98933],[-2.26282,42.98954],[-2.26292,42.98971],[-2.26296,42.98975],[-2.26304,42.9898],[-2.26322,42.9899],[-2.26337,42.99003],[-2.26348,42.9902],[-2.26359,42.99036],[-2.26376,42.99056],[-2.26391,42.99073],[-2.26404,42.99089],[-2.26413,42.99103],[-2.26417,42.99111],[-2.2642,42.99118],[-2.26422,42.99131],[-2.26421,42.99147],[-2.26421,42.99152],[-2.26421,42.99156],[-2.26424,42.9916],[-2.26434,42.99162],[-2.26456,42.99164]]}},{"type":"Feature","properties":{"id":204153443,"highway":"secondary","ref":"GI-2637","superficie":"asphalt"},"geometry":{"type":"LineString","coordinates":[[-2.25536,43.00936],[-2.25537,43.00928],[-2.25539,43.00922],[-2.25541,43.00915],[-2.25546,43.00904],[-2.25549,43.00898],[-2.25553,43.00893],[-2.25557,43.00888],[-2.25562,43.00883],[-2.25572,43.00873],[-2.25577,43.00869],[-2.25583,43.00864],[-2.2559,43.0086],[-2.25596,43.00857],[-2.2561,43.0085],[-2.25617,43.00847],[-2.25624,43.00845],[-2.25638,43.00841],[-2.25649,43.00839],[-2.25662,43.00837],[-2.25677,43.00836],[-2.25693,43.00835],[-2.25712,43.00836],[-2.25726,43.00836],[-2.2574,43.00836],[-2.25756,43.00836],[-2.25772,43.00836],[-2.25788,43.00835],[-2.25809,43.00831]]}},{"type":"Feature","properties":{"id":204153444,"highway":"unclassified","nombre":"Segura barreiatua"},"geometry":{"type":"LineString","coordinates":[[-2.25393,43.01773],[-2.25405,43.01763],[-2.25418,43.01753]]}},{"type":"Feature","properties":{"id":204153445,"highway":"service","nombre":"Segura Barreiatua"},"geometry":{"type":"LineString","coordinates":[[-2.2684,43.00068],[-2.26839,43.00072],[-2.26833,43.00085]]}},{"type":"Feature","properties":{"id":204153446,"highway":"tertiary","ref":"GI-3701"},"geometry":{"type":"LineString","coordinates":[[-2.26376,42.9871],[-2.26385,42.98708],[-2.26397,42.98706]]}},{"type":"Feature","properties":{"id":204153447,"highway":"unclassified","nombre":"Segura barreiatua"},"geometry":{"type":"LineString","coordinates":[[-2.25418,43.01753],[-2.25436,43.01736],[-2.25455,43.0172]]}},{"type":"Feature","properties":{"id":204153448,"highway":"unclassified","nombre":"Segura barreiatua"},"geometry":{"type":"LineString","coordinates":[[-2.25767,42.97816],[-2.2576,42.9782]]}},{"type":"Feature","properties":{"id":204153449,"highway":"unclassified","nombre":"Segura barreiatua"},"geometry":{"type":"LineString","coordinates":[[-2.25035,43.01396],[-2.25043,43.01377]]}},{"type":"Feature","properties":{"id":204153451,"highway":"service","nombre":"Segura Barreiatua"},"geometry":{"type":"LineString","coordinates":[[-2.27594,43.00328],[-2.27599,43.00336],[-2.27601,43.00343]]}},{"type":"Feature","properties":{"id":204153452,"highway":"unclassified","nombre":"Segura barreiatua","superficie":"asphalt"},"geometry":{"type":"LineString","coordinates":[[-2.25809,43.00831],[-2.25811,43.00835],[-2.25815,43.00846]]}},{"type":"Feature","properties":{"id":204153453,"highway":"track","nombre":"Segura Barreiatua"},"geometry":{"type":"LineString","coordinates":[[-2.25731,43.01892],[-2.25712,43.01895],[-2.25675,43.01898]]}},{"type":"Feature","properties":{"id":204153454,"highway":"service","nombre":"Segura barreiatua"},"geometry":{"type":"LineString","coordinates":[[-2.24722,43.01023],[-2.24754,43.01041]]}},{"type":"Feature","properties":{"id":204153457,"highway":"unclassified","nombre":"Segura barreiatua"},"geometry":{"type":"LineString","coordinates":[[-2.25381,43.01979],[-2.25379,43.01987],[-2.25379,43.01988]]}},{"type":"Feature","properties":{"id":204153458,"highway":"service","nombre":"Segura barreiatua"},"geometry":{"type":"LineString","coordinates":[[-2.25974,43.00585],[-2.25976,43.00574],[-2.25975,43.00562]]}},{"type":"Feature","properties":{"id":204153459,"highway":"unclassified","nombre":"Segura barreiatua","superficie":"asphalt"},"geometry":{"type":"LineString","coordinates":[[-2.26164,43.00521],[-2.26156,43.00518],[-2.26153,43.00517],[-2.26143,43.00515],[-2.26125,43.00519],[-2.26105,43.00523],[-2.26069,43.00534],[-2.26032,43.00545],[-2.26007,43.00553],[-2.25986,43.00559],[-2.25975,43.00562]]}},{"type":"Feature","properties":{"id":204153460,"highway":"unclassified","nombre":"Segura Barreiatua"},"geometry":{"type":"LineString","coordinates":[[-2.27292,42.99465],[-2.27295,42.99461],[-2.27308,42.99447]]}},{"type":"Feature","properties":{"id":204153461,"highway":"unclassified","nombre":"Segura barreiatua"},"geometry":{"type":"LineString","coordinates":[[-2.25364,43.01797],[-2.25378,43.01784],[-2.25393,43.01773]]}},{"type":"Feature","properties":{"id":204153463,"highway":"service","nombre":"Segura barreiatua"},"geometry":{"type":"LineString","coordinates":[[-2.24876,43.00045],[-2.24892,43.00046],[-2.24894,43.00047],[-2.24896,43.00047],[-2.24898,43.00047],[-2.24899,43.00046],[-2.24901,43.00046],[-2.24903,43.00046],[-2.24905,43.00046],[-2.24908,43.00045],[-2.24911,43.00044],[-2.24915,43.00043],[-2.24918,43.00041],[-2.24921,43.00039],[-2.24925,43.00036],[-2.2493,43.00032],[-2.24938,43.00025],[-2.24951,43.00017],[-2.24962,43.0001],[-2.24969,43.00006],[-2.24975,43.00002],[-2.24982,42.99998],[-2.24988,42.99995],[-2.24992,42.99995],[-2.24998,42.99994],[-2.25002,42.99995],[-2.25004,42.99995],[-2.25007,42.99994],[-2.25011,42.99994],[-2.25013,42.99993],[-2.25017,42.99992]]}},{"type":"Feature","properties":{"id":204153465,"highway":"service","nombre":"Segura barreiatua"},"geometry":{"type":"LineString","coordinates":[[-2.25708,43.00134],[-2.25704,43.00128],[-2.25701,43.00123],[-2.25701,43.00119],[-2.25702,43.00113],[-2.25704,43.00108],[-2.25707,43.00103],[-2.25713,43.00097],[-2.25718,43.00091],[-2.25725,43.00087],[-2.25734,43.00081],[-2.25748,43.00073],[-2.25749,43.00072],[-2.2575,43.00071],[-2.2575,43.00071],[-2.25751,43.0007],[-2.25752,43.00069],[-2.25752,43.00068],[-2.25753,43.00067],[-2.25753,43.00066],[-2.25754,43.00065],[-2.25754,43.00065],[-2.25754,43.00064],[-2.25754,43.00063],[-2.25754,43.00062],[-2.25753,43.00061],[-2.25753,43.0006],[-2.25753,43.00059],[-2.25738,43.00036],[-2.25735,43.00031],[-2.25734,43.00027],[-2.25734,43.00022],[-2.25742,43.00016]]}},{"type":"Feature","properties":{"id":204153466,"highway":"unclassified","nombre":"Segura barreiatua"},"geometry":{"type":"LineString","coordinates":[[-2.27081,42.9971],[-2.2709,42.99713],[-2.27096,42.99714],[-2.2711,42.99716],[-2.27121,42.99717],[-2.2713,42.99717],[-2.27136,42.99714],[-2.27141,42.99709],[-2.27151,42.99689],[-2.27158,42.99671],[-2.27164,42.99661],[-2.27167,42.99657],[-2.27171,42.99655],[-2.27176,42.99656],[-2.27181,42.99658],[-2.27189,42.99664],[-2.27198,42.99668],[-2.27206,42.99669],[-2.27219,42.99668],[-2.27251,42.9966],[-2.27256,42.99659],[-2.2726,42.9966],[-2.27263,42.99662],[-2.27264,42.99668],[-2.27262,42.99674],[-2.27256,42.99687],[-2.27255,42.99693],[-2.27255,42.99699],[-2.27257,42.99706],[-2.27261,42.99714],[-2.27262,42.99718],[-2.27263,42.99725],[-2.2726,42.99737]]}},{"type":"Feature","properties":{"id":204153467,"highway":"tertiary","nombre":"Segura barreiatua","ref":"GI-3261"},"geometry":{"type":"LineString","coordinates":[[-2.27574,43.00315],[-2.27579,43.00316],[-2.27585,43.00316],[-2.2759,43.00314],[-2.27595,43.00309],[-2.27601,43.00294],[-2.27607,43.00279],[-2.27611,43.00265],[-2.27619,43.00246],[-2.27626,43.00228],[-2.27632,43.00217],[-2.27639,43.00205],[-2.27643,43.002],[-2.27648,43.00194],[-2.27658,43.00184],[-2.27668,43.00178],[-2.27676,43.00174],[-2.27681,43.00172],[-2.27692,43.00171],[-2.27702,43.00171],[-2.27709,43.00171],[-2.27719,43.00174],[-2.27736,43.00179],[-2.27743,43.00181],[-2.27749,43.00182],[-2.27757,43.00183],[-2.27766,43.00182],[-2.27776,43.00179],[-2.27785,43.00175],[-2.27792,43.00172],[-2.27803,43.00167],[-2.27821,43.00159],[-2.27857,43.00142],[-2.27875,43.00132],[-2.27887,43.00124],[-2.279,43.00116]]}},{"type":"Feature","properties":{"id":204153468,"highway":"unclassified","nombre":"Segura barreiatua"},"geometry":{"type":"LineString","coordinates":[[-2.24718,42.99873],[-2.24724,42.9988],[-2.24735,42.99889],[-2.24741,42.99896],[-2.24747,42.99902],[-2.24751,42.99908],[-2.24756,42.99917],[-2.24759,42.99923],[-2.24768,42.99941],[-2.24777,42.99962],[-2.24783,42.99976],[-2.24785,42.9998],[-2.24788,42.99983],[-2.24792,42.99985],[-2.24799,42.99989],[-2.24808,42.99993],[-2.24818,42.99996],[-2.24822,42.99998],[-2.24825,43.00001],[-2.24826,43.00005],[-2.24827,43.00013],[-2.24827,43.00016],[-2.24828,43.0002],[-2.24829,43.00026],[-2.24832,43.00031],[-2.24836,43.00036],[-2.24848,43.00049],[-2.2485,43.00051],[-2.24852,43.00052],[-2.24854,43.00053]]}},{"type":"Feature","properties":{"id":204153471,"highway":"service","nombre":"Segura barreiatua"},"geometry":{"type":"LineString","coordinates":[[-2.25445,43.01759],[-2.25431,43.01756],[-2.25422,43.01754],[-2.25418,43.01753]]}},{"type":"Feature","properties":{"id":204153472,"highway":"secondary","ref":"GI-2637","superficie":"asphalt"},"geometry":{"type":"LineString","coordinates":[[-2.25187,43.01356],[-2.25211,43.0132],[-2.2523,43.0129],[-2.25254,43.01252]]}},{"type":"Feature","properties":{"id":204153473,"highway":"unclassified","nombre":"Segura barreiatua"},"geometry":{"type":"LineString","coordinates":[[-2.24657,43.01329],[-2.24649,43.01329],[-2.2464,43.01331],[-2.2463,43.01333]]}},{"type":"Feature","properties":{"id":204153474,"highway":"track","nombre":"Segura barreiatua"},"geometry":{"type":"LineString","coordinates":[[-2.25865,42.97689],[-2.25883,42.97693],[-2.25897,42.977],[-2.25904,42.97712],[-2.25908,42.97721],[-2.25908,42.97733],[-2.25907,42.97747],[-2.25907,42.97763]]}},{"type":"Feature","properties":{"id":204153475,"highway":"unclassified","nombre":"Segura barreiatua"},"geometry":{"type":"LineString","coordinates":[[-2.26847,43.00063],[-2.2684,43.00068],[-2.26828,43.00074],[-2.26813,43.00086],[-2.26803,43.00098],[-2.26801,43.001]]}},{"type":"Feature","properties":{"id":204153477,"highway":"unclassified","nombre":"Segura barreiatua"},"geometry":{"type":"LineString","coordinates":[[-2.24657,43.01329],[-2.24658,43.01331],[-2.24661,43.01334],[-2.24661,43.01335]]}},{"type":"Feature","properties":{"id":204153478,"highway":"service","nombre":"Segura barreiatua"},"geometry":{"type":"LineString","coordinates":[[-2.25566,43.01995],[-2.25566,43.01997]]}},{"type":"Feature","properties":{"id":204153479,"highway":"tertiary","ref":"GI-3701"},"geometry":{"type":"LineString","coordinates":[[-2.26728,42.98844],[-2.26735,42.98851],[-2.26742,42.9886],[-2.26743,42.98865]]}},{"type":"Feature","properties":{"id":204153482,"highway":"service","nombre":"Segura Barreiatua"},"geometry":{"type":"LineString","coordinates":[[-2.27608,43.0031],[-2.27606,43.00312],[-2.276,43.00318],[-2.27594,43.00328]]}},{"type":"Feature","properties":{"id":204153483,"highway":"tertiary","ref":"GI-3701","oneway":"yes"},"geometry":{"type":"LineString","coordinates":[[-2.27247,42.99437],[-2.27241,42.99439],[-2.27233,42.9944],[-2.27229,42.99442]]}},{"type":"Feature","properties":{"id":204153484,"highway":"service","nombre":"Segura barreiatua"},"geometry":{"type":"LineString","coordinates":[[-2.27013,42.99729],[-2.27012,42.99727],[-2.27009,42.99723],[-2.2701,42.9971],[-2.27008,42.99708],[-2.27002,42.9971],[-2.26995,42.99718],[-2.26997,42.99721],[-2.27009,42.99723]]}},{"type":"Feature","properties":{"id":204153485,"highway":"secondary","ref":"GI-2637","oneway":"yes","superficie":"asphalt"},"geometry":{"type":"LineString","coordinates":[[-2.2623,43.00536],[-2.26234,43.00522],[-2.26242,43.00507],[-2.26247,43.00498]]}},{"type":"Feature","properties":{"id":204153486,"highway":"unclassified","nombre":"Segura barreiatua"},"geometry":{"type":"LineString","coordinates":[[-2.25042,43.01402],[-2.25053,43.01403],[-2.25058,43.01404]]}},{"type":"Feature","properties":{"id":204153489,"highway":"track","nombre":"Segura barreiatua"},"geometry":{"type":"LineString","coordinates":[[-2.279,43.00116],[-2.27901,43.00106],[-2.27902,43.00099],[-2.27905,43.00093],[-2.27908,43.00087],[-2.27915,43.00082],[-2.27925,43.00073],[-2.27933,43.00066],[-2.27936,43.0006],[-2.27939,43.00055],[-2.27941,43.00045],[-2.27945,43.00027],[-2.27949,43.00016],[-2.27952,43.00008],[-2.27957,43.00001],[-2.27965,42.99993],[-2.27973,42.99987],[-2.27983,42.99982],[-2.27995,42.99979],[-2.28011,42.99974],[-2.28028,42.99967],[-2.28039,42.9996],[-2.28044,42.99955],[-2.28045,42.99951],[-2.28045,42.99944],[-2.28041,42.99939],[-2.28035,42.99935],[-2.28031,42.9993],[-2.28028,42.9992],[-2.28026,42.99907],[-2.28025,42.99901],[-2.28025,42.99895],[-2.28031,42.99886],[-2.28034,42.99876],[-2.28036,42.99868],[-2.28036,42.99863],[-2.28035,42.99856],[-2.28034,42.9985],[-2.28029,42.99843],[-2.28023,42.99837]]}},{"type":"Feature","properties":{"id":204153490,"highway":"service","nombre":"Segura barreiatua"},"geometry":{"type":"LineString","coordinates":[[-2.25518,43.00305],[-2.25551,43.00318],[-2.25585,43.00332],[-2.25601,43.0034],[-2.25607,43.00343],[-2.25616,43.00345],[-2.25621,43.00345],[-2.25627,43.00344],[-2.25644,43.00339],[-2.25698,43.00324],[-2.25733,43.00314],[-2.25748,43.00309],[-2.25757,43.00305],[-2.25765,43.003],[-2.25781,43.00289],[-2.2579,43.00285],[-2.25798,43.00283],[-2.25806,43.00281],[-2.25815,43.00281],[-2.25823,43.0028],[-2.2583,43.00277],[-2.25836,43.00274],[-2.25844,43.0027],[-2.2585,43.00265],[-2.2586,43.00261],[-2.25875,43.00259],[-2.25888,43.00257],[-2.25897,43.00257],[-2.25901,43.00259],[-2.25901,43.0026],[-2.25904,43.00263],[-2.25907,43.00271],[-2.25913,43.00288],[-2.25916,43.00293],[-2.25921,43.003],[-2.25927,43.00304],[-2.25933,43.00306],[-2.25943,43.00307],[-2.25951,43.00305],[-2.25954,43.00303],[-2.25958,43.00298],[-2.25963,43.00286],[-2.25933,43.00277]]}},{"type":"Feature","properties":{"id":204153491,"highway":"track","nombre":"Segura barreiatua"},"geometry":{"type":"LineString","coordinates":[[-2.27011,42.98686],[-2.2701,42.98697],[-2.27009,42.98701],[-2.27005,42.98704],[-2.26999,42.98705],[-2.26993,42.98704],[-2.26981,42.98696],[-2.26955,42.98679],[-2.26929,42.98665],[-2.26924,42.98662],[-2.26922,42.98662],[-2.2692,42.98664],[-2.26921,42.98668],[-2.26933,42.98679],[-2.26937,42.98689],[-2.26939,42.98701],[-2.26937,42.9871],[-2.26933,42.98721],[-2.26927,42.98731],[-2.26921,42.98736],[-2.26913,42.98739],[-2.26902,42.98741],[-2.26891,42.98741],[-2.26879,42.9874],[-2.26866,42.98736],[-2.26834,42.98724],[-2.26791,42.98711],[-2.26763,42.987],[-2.26754,42.98696],[-2.26747,42.98694],[-2.2674,42.98693],[-2.26735,42.98695],[-2.26721,42.98699],[-2.26713,42.987],[-2.26703,42.987],[-2.26694,42.98699],[-2.26682,42.98694],[-2.26656,42.98683],[-2.26631,42.98674],[-2.26595,42.98664],[-2.26563,42.98656],[-2.26534,42.9865]]}},{"type":"Feature","properties":{"id":204153492,"highway":"secondary","ref":"GI-2637","superficie":"asphalt"},"geometry":{"type":"LineString","coordinates":[[-2.25536,43.00936],[-2.25535,43.00947],[-2.25535,43.00948],[-2.25535,43.00951],[-2.25534,43.00961],[-2.25534,43.00961],[-2.25533,43.00974],[-2.25532,43.00987],[-2.2553,43.00999],[-2.25528,43.01011],[-2.25524,43.01023],[-2.25521,43.01029],[-2.25517,43.01036],[-2.2551,43.01047],[-2.25506,43.01052],[-2.25501,43.01058],[-2.2549,43.01068],[-2.25477,43.01077],[-2.25462,43.01086],[-2.25446,43.01094],[-2.25431,43.01101],[-2.2543,43.01102],[-2.25414,43.01109],[-2.25411,43.0111],[-2.25399,43.01116],[-2.25386,43.01122],[-2.2537,43.01129],[-2.25356,43.01137],[-2.25342,43.01146],[-2.25328,43.01156],[-2.25316,43.01167],[-2.25307,43.01177],[-2.25296,43.0119],[-2.25296,43.0119],[-2.25294,43.01192]]}},{"type":"Feature","properties":{"id":204153493,"highway":"path","nombre":"Segura barreiatua"},"geometry":{"type":"LineString","coordinates":[[-2.2532,42.98301],[-2.25325,42.98311],[-2.25336,42.98327],[-2.25344,42.9834],[-2.25352,42.98361],[-2.25353,42.98369],[-2.25353,42.98382],[-2.25357,42.9841],[-2.25357,42.98419],[-2.25359,42.98425],[-2.25374,42.98447],[-2.25381,42.98459],[-2.25391,42.98471],[-2.25405,42.98488],[-2.25423,42.98503],[-2.25431,42.98515],[-2.25439,42.98523],[-2.2547,42.98544],[-2.25489,42.98558],[-2.25502,42.98574],[-2.25509,42.98588],[-2.25519,42.98606],[-2.2553,42.98623],[-2.25538,42.98633],[-2.25547,42.98644],[-2.25556,42.98656],[-2.25568,42.98672],[-2.25584,42.98694],[-2.25602,42.9871],[-2.25632,42.98732],[-2.25673,42.98756],[-2.25677,42.9876],[-2.25683,42.98766],[-2.25686,42.98772],[-2.25686,42.9878],[-2.25684,42.98786],[-2.25681,42.9879],[-2.25674,42.98796],[-2.25657,42.98806],[-2.25654,42.98811],[-2.25651,42.98818],[-2.2565,42.98829],[-2.25651,42.98837]]}},{"type":"Feature","properties":{"id":204153494,"highway":"tertiary","ref":"GI-3701"},"geometry":{"type":"LineString","coordinates":[[-2.26743,42.98865],[-2.26745,42.98868],[-2.26745,42.98877],[-2.26744,42.98884],[-2.2674,42.989],[-2.26739,42.98905],[-2.26741,42.98914],[-2.26745,42.98921],[-2.26753,42.9893],[-2.26762,42.98935],[-2.26796,42.98948],[-2.26821,42.98956],[-2.26831,42.9896],[-2.2684,42.98965],[-2.26849,42.98972],[-2.26857,42.98983],[-2.26873,42.99007],[-2.26879,42.99014],[-2.26904,42.99042],[-2.26912,42.9905],[-2.26916,42.99057],[-2.26919,42.99065],[-2.26921,42.99074],[-2.26924,42.99085],[-2.26927,42.99097],[-2.2693,42.99107],[-2.26934,42.99116],[-2.26941,42.99125],[-2.26949,42.99134],[-2.26958,42.99142],[-2.26967,42.99147],[-2.26978,42.99153],[-2.26983,42.99158],[-2.26986,42.99163],[-2.26986,42.99169],[-2.26983,42.99174],[-2.26976,42.99178],[-2.26969,42.99179],[-2.26962,42.99178],[-2.26944,42.99164],[-2.26933,42.99154],[-2.2691,42.99139],[-2.26894,42.99129]]}},{"type":"Feature","properties":{"id":204153495,"highway":"service","nombre":"Segura barreiatua"},"geometry":{"type":"LineString","coordinates":[[-2.26304,43.00346],[-2.26296,43.00347],[-2.2629,43.00348],[-2.26282,43.0035],[-2.26275,43.00352],[-2.26263,43.00357],[-2.26256,43.00358],[-2.26236,43.0036],[-2.26189,43.00361],[-2.26143,43.00361],[-2.26111,43.00362],[-2.26082,43.00362],[-2.26074,43.00362],[-2.26069,43.00361],[-2.26067,43.00359],[-2.26068,43.00356],[-2.2607,43.00354],[-2.26073,43.00352],[-2.26077,43.00348],[-2.26116,43.00321],[-2.26148,43.00298],[-2.26167,43.00282],[-2.26186,43.00265],[-2.26198,43.00248],[-2.2621,43.00237],[-2.26221,43.00228],[-2.26223,43.00225]]}},{"type":"Feature","properties":{"id":204153496,"highway":"service","nombre":"Segura barreiatua"},"geometry":{"type":"LineString","coordinates":[[-2.25042,42.99622],[-2.25035,42.99631],[-2.25031,42.99645],[-2.25025,42.99671],[-2.25015,42.99694],[-2.2501,42.99707],[-2.24995,42.99734],[-2.24993,42.99736],[-2.24989,42.99744],[-2.24975,42.9976],[-2.24968,42.99769],[-2.24965,42.9978],[-2.24956,42.99801],[-2.24948,42.99815],[-2.24939,42.99828],[-2.24934,42.99832],[-2.24925,42.99835],[-2.24915,42.99836],[-2.24904,42.99833],[-2.24891,42.99829],[-2.24882,42.99823],[-2.24877,42.99816],[-2.24872,42.99806],[-2.2487,42.998],[-2.24868,42.99797],[-2.24863,42.99796],[-2.24857,42.99797],[-2.24852,42.99801],[-2.24845,42.99807],[-2.24841,42.99817],[-2.24842,42.99829],[-2.24845,42.9984],[-2.24846,42.9985],[-2.24843,42.99861],[-2.24842,42.99869],[-2.24847,42.99894],[-2.24853,42.99917],[-2.24856,42.99945],[-2.24858,42.99955],[-2.2486,42.99967],[-2.24861,42.99977],[-2.24864,42.99989],[-2.24866,43.00006],[-2.24867,43.00012],[-2.2487,43.00019]]}},{"type":"Feature","properties":{"id":204153497,"highway":"track","nombre":"Segura barreiatua"},"geometry":{"type":"LineString","coordinates":[[-2.25651,42.98837],[-2.25651,42.98844],[-2.25651,42.98855],[-2.25652,42.98874],[-2.25653,42.98885],[-2.25658,42.98899],[-2.25663,42.98909],[-2.25674,42.98924],[-2.25687,42.98941],[-2.25696,42.98955],[-2.25718,42.98984],[-2.25728,42.98999],[-2.25734,42.99017],[-2.25736,42.99024],[-2.25739,42.99031],[-2.25743,42.9904],[-2.25749,42.99054],[-2.25752,42.99063],[-2.25753,42.99073],[-2.25752,42.99083],[-2.25752,42.9909],[-2.25754,42.99101],[-2.25758,42.99109],[-2.25762,42.99118],[-2.25764,42.99129],[-2.25762,42.99136],[-2.25757,42.99146],[-2.25749,42.99155],[-2.25747,42.99161],[-2.25743,42.99173],[-2.2574,42.99185],[-2.25734,42.99201],[-2.25732,42.99209],[-2.25732,42.99222],[-2.25735,42.99236],[-2.25739,42.99244],[-2.25753,42.99264],[-2.25761,42.99278],[-2.25766,42.99286],[-2.25784,42.99298],[-2.25801,42.99309],[-2.25808,42.99314],[-2.25822,42.99328],[-2.25837,42.99342],[-2.25851,42.99356],[-2.25863,42.99362],[-2.25879,42.99371]]}},{"type":"Feature","properties":{"id":204153498,"highway":"unclassified","nombre":"Segura barreiatua"},"geometry":{"type":"LineString","coordinates":[[-2.26443,43.00172],[-2.2644,43.00173],[-2.26433,43.00176],[-2.26423,43.00182],[-2.26408,43.00189],[-2.26402,43.00192],[-2.26402,43.00192],[-2.26392,43.00198],[-2.26383,43.00202],[-2.26373,43.00205],[-2.26367,43.00206],[-2.26362,43.00206],[-2.26355,43.00206],[-2.26349,43.00205],[-2.26341,43.00204],[-2.26331,43.00202],[-2.26322,43.00198],[-2.26315,43.00196],[-2.26311,43.00194],[-2.26307,43.00192],[-2.26306,43.00191],[-2.26303,43.00189],[-2.263,43.00189],[-2.26296,43.0019],[-2.26294,43.00192],[-2.26293,43.00193],[-2.26292,43.00196],[-2.26292,43.002],[-2.26292,43.00204],[-2.26294,43.00209],[-2.26295,43.00213],[-2.26299,43.00223],[-2.26305,43.00233],[-2.2631,43.00239],[-2.26314,43.00244],[-2.26318,43.00248],[-2.26322,43.00256],[-2.26325,43.0027],[-2.26325,43.00276],[-2.26325,43.00283],[-2.26324,43.00289],[-2.26321,43.00298],[-2.26319,43.00305],[-2.26314,43.00319],[-2.2631,43.00329],[-2.26307,43.00339],[-2.26304,43.00346]]}},{"type":"Feature","properties":{"id":204153499,"highway":"track","nombre":"Segura barreiatua"},"geometry":{"type":"LineString","coordinates":[[-2.25731,43.01892],[-2.2574,43.01899],[-2.25752,43.01906],[-2.25766,43.01915],[-2.25778,43.01921],[-2.25786,43.01927],[-2.25799,43.01936],[-2.25817,43.01948],[-2.25822,43.01952],[-2.25825,43.01955],[-2.25827,43.01958],[-2.2583,43.01961],[-2.25831,43.01963],[-2.25832,43.01965],[-2.25832,43.01967],[-2.25832,43.01969],[-2.25832,43.01972],[-2.25832,43.01975],[-2.25832,43.01978],[-2.25834,43.01981],[-2.25836,43.01984],[-2.25838,43.01986],[-2.2584,43.01988],[-2.25841,43.0199],[-2.25842,43.01991],[-2.25845,43.01993],[-2.25847,43.01995],[-2.2585,43.01998],[-2.25854,43.02001],[-2.25858,43.02004],[-2.25863,43.02007],[-2.25866,43.02009],[-2.2587,43.02011],[-2.25875,43.02014],[-2.25878,43.02016],[-2.2588,43.02017],[-2.25881,43.02017],[-2.25888,43.02019],[-2.25893,43.0202],[-2.259,43.02022],[-2.25904,43.02022],[-2.25906,43.02023],[-2.25908,43.02023],[-2.2591,43.02023],[-2.25912,43.02023],[-2.25915,43.02023],[-2.25919,43.02023]]}},{"type":"Feature","properties":{"id":204153500,"highway":"unclassified","nombre":"Segura barreiatua"},"geometry":{"type":"LineString","coordinates":[[-2.26504,42.98656],[-2.26511,42.9865],[-2.26517,42.98649],[-2.26525,42.98649],[-2.26534,42.9865]]}},{"type":"Feature","properties":{"id":204153501,"highway":"service","nombre":"Segura barreiatua"},"geometry":{"type":"LineString","coordinates":[[-2.2487,43.00019],[-2.2487,43.00021],[-2.24873,43.0003],[-2.24876,43.00041],[-2.24876,43.00045]]}},{"type":"Feature","properties":{"id":204153503,"highway":"unclassified","nombre":"Segura barreiatua"},"geometry":{"type":"LineString","coordinates":[[-2.25036,43.01435],[-2.25035,43.01428],[-2.25037,43.0142],[-2.2504,43.01408],[-2.25042,43.01402],[-2.25045,43.01392],[-2.25049,43.01378]]}},{"type":"Feature","properties":{"id":204153505,"highway":"tertiary","ref":"GI-3701","oneway":"yes"},"geometry":{"type":"LineString","coordinates":[[-2.27229,42.99442],[-2.27231,42.99442],[-2.27237,42.99443],[-2.27239,42.99444],[-2.27243,42.99446],[-2.27246,42.99447]]}},{"type":"Feature","properties":{"id":204153506,"highway":"service","nombre":"Aizkoeta industrialdea","superficie":"asphalt"},"geometry":{"type":"LineString","coordinates":[[-2.249,43.0137],[-2.24885,43.01379],[-2.24787,43.01436],[-2.24732,43.01469],[-2.24763,43.01497]]}},{"type":"Feature","properties":{"id":204153507,"highway":"secondary","ref":"GI-2637","oneway":"yes","superficie":"asphalt"},"geometry":{"type":"LineString","coordinates":[[-2.26139,43.0058],[-2.26158,43.00573],[-2.26166,43.00569],[-2.26184,43.00562],[-2.26194,43.00559]]}},{"type":"Feature","properties":{"id":204153508,"highway":"secondary","ref":"GI-2637","superficie":"asphalt"},"geometry":{"type":"LineString","coordinates":[[-2.25187,43.01356],[-2.25183,43.01363],[-2.25172,43.01378],[-2.25154,43.014],[-2.25136,43.01418],[-2.25122,43.0143],[-2.25111,43.01439],[-2.25111,43.01439],[-2.25102,43.01445],[-2.25089,43.0145]]}},{"type":"Feature","properties":{"id":204153509,"highway":"unclassified","nombre":"Segura barreiatua","superficie":"asphalt"},"geometry":{"type":"LineString","coordinates":[[-2.25815,43.00846],[-2.25812,43.00851],[-2.25798,43.00866],[-2.25784,43.00881],[-2.2577,43.00891]]}},{"type":"Feature","properties":{"id":204153511,"highway":"secondary","ref":"GI-2637","superficie":"asphalt"},"geometry":{"type":"LineString","coordinates":[[-2.26072,43.00631],[-2.26096,43.00611],[-2.26103,43.00606],[-2.26111,43.00601],[-2.26139,43.0058]]}},{"type":"Feature","properties":{"id":204153513,"highway":"unclassified","nombre":"Segura barreiatua"},"geometry":{"type":"LineString","coordinates":[[-2.24719,43.00979],[-2.24719,43.00984],[-2.24718,43.00988],[-2.24719,43.00999],[-2.24721,43.01017],[-2.24722,43.01023]]}},{"type":"Feature","properties":{"id":204153514,"highway":"unclassified","nombre":"Segura barreiatua"},"geometry":{"type":"LineString","coordinates":[[-2.24708,43.01065],[-2.24708,43.01082],[-2.24705,43.01093],[-2.24689,43.01117],[-2.24672,43.01141]]}},{"type":"Feature","properties":{"id":204153515,"highway":"secondary","ref":"GI-2637","oneway":"yes","superficie":"asphalt"},"geometry":{"type":"LineString","coordinates":[[-2.26184,43.00545],[-2.26177,43.00552],[-2.26168,43.00558],[-2.26155,43.00566],[-2.26148,43.0057],[-2.26139,43.0058]]}},{"type":"Feature","properties":{"id":204153516,"highway":"unclassified","nombre":"Aitzgorri auzoa"},"geometry":{"type":"LineString","coordinates":[[-2.25225,43.0108],[-2.25223,43.01085],[-2.25223,43.01085],[-2.25222,43.01089],[-2.25219,43.01097]]}},{"type":"Feature","properties":{"id":204153518,"highway":"unclassified","nombre":"Segura barreiatua"},"geometry":{"type":"LineString","coordinates":[[-2.26517,43.00107],[-2.26521,43.00099],[-2.26524,43.00096],[-2.26529,43.00092],[-2.26548,43.00082]]}},{"type":"Feature","properties":{"id":204153519,"highway":"tertiary","ref":"GI-3571","superficie":"asphalt"},"geometry":{"type":"LineString","coordinates":[[-2.25156,43.01638],[-2.2515,43.0163],[-2.25144,43.01627]]}},{"type":"Feature","properties":{"id":204153520,"highway":"tertiary","ref":"GI-3571","superficie":"asphalt"},"geometry":{"type":"LineString","coordinates":[[-2.25154,43.0172],[-2.25163,43.01742],[-2.25177,43.01772],[-2.25218,43.01855],[-2.25225,43.0187]]}},{"type":"Feature","properties":{"id":204153521,"highway":"unclassified","nombre":"Segura barreiatua"},"geometry":{"type":"LineString","coordinates":[[-2.25984,43.00625],[-2.25986,43.00626],[-2.25994,43.00626],[-2.26009,43.00623],[-2.26025,43.00621],[-2.26035,43.00621],[-2.26047,43.00623],[-2.26054,43.00625],[-2.26059,43.00627],[-2.26067,43.00629],[-2.26072,43.00631]]}},{"type":"Feature","properties":{"id":204153522,"highway":"unclassified","nombre":"Segura barreiatua"},"geometry":{"type":"LineString","coordinates":[[-2.26504,42.98656],[-2.26509,42.98663],[-2.26518,42.98679],[-2.2653,42.98684],[-2.26537,42.98685],[-2.26574,42.98712]]}},{"type":"Feature","properties":{"id":204153523,"highway":"service","nombre":"Segura barreiatua"},"geometry":{"type":"LineString","coordinates":[[-2.26342,43.00448],[-2.26349,43.00451],[-2.26358,43.00457],[-2.26358,43.00473],[-2.26349,43.00482],[-2.26349,43.00486],[-2.26354,43.00489],[-2.26354,43.00493],[-2.26351,43.00498],[-2.26348,43.00505]]}},{"type":"Feature","properties":{"id":204153524,"highway":"unclassified","nombre":"Segura barreiatua"},"geometry":{"type":"LineString","coordinates":[[-2.24983,43.01391],[-2.24965,43.01404],[-2.24935,43.01416],[-2.24915,43.01426],[-2.24909,43.01429]]}},{"type":"Feature","properties":{"id":204153525,"highway":"tertiary","ref":"GI-3701"},"geometry":{"type":"LineString","coordinates":[[-2.26574,42.98712],[-2.26565,42.98711],[-2.26558,42.98711],[-2.26553,42.98713],[-2.26533,42.9872]]}},{"type":"Feature","properties":{"id":204153526,"highway":"unclassified","nombre":"Segura barreiatua","oneway":"yes"},"geometry":{"type":"LineString","coordinates":[[-2.26922,42.99924],[-2.26918,42.99925],[-2.26916,42.99925],[-2.26914,42.99925],[-2.2691,42.99925],[-2.26908,42.99925]]}},{"type":"Feature","properties":{"id":204153527,"highway":"secondary","ref":"GI-2637","oneway":"yes","superficie":"asphalt"},"geometry":{"type":"LineString","coordinates":[[-2.26247,43.00498],[-2.26238,43.00503],[-2.26235,43.00507],[-2.26224,43.00519],[-2.26219,43.00523],[-2.26211,43.00527]]}},{"type":"Feature","properties":{"id":204153528,"highway":"service","nombre":"Segura barreiatua"},"geometry":{"type":"LineString","coordinates":[[-2.25131,43.01317],[-2.25125,43.01324],[-2.25122,43.01325],[-2.25118,43.01325],[-2.25112,43.01325]]}},{"type":"Feature","properties":{"id":204153529,"highway":"service","nombre":"Segura barreiatua"},"geometry":{"type":"LineString","coordinates":[[-2.24876,43.00045],[-2.24871,43.00045],[-2.24863,43.00048],[-2.24859,43.00051],[-2.24854,43.00053]]}},{"type":"Feature","properties":{"id":204153530,"highway":"unclassified","nombre":"Segura barreiatua","oneway":"yes"},"geometry":{"type":"LineString","coordinates":[[-2.26908,42.99925],[-2.26909,42.99926],[-2.26912,42.99929],[-2.26914,42.99933],[-2.26915,42.99935]]}},{"type":"Feature","properties":{"id":204153531,"highway":"track","nombre":"Segura barreiatua"},"geometry":{"type":"LineString","coordinates":[[-2.25872,42.97566],[-2.25885,42.97568],[-2.25908,42.97578],[-2.25916,42.9758],[-2.25925,42.9758],[-2.25928,42.97579],[-2.25936,42.97576],[-2.25956,42.97565],[-2.25969,42.97555],[-2.25978,42.97546],[-2.25982,42.97538],[-2.25988,42.97532],[-2.25995,42.97529],[-2.2603,42.9752],[-2.26087,42.97508],[-2.2611,42.97497],[-2.26126,42.97486],[-2.26131,42.9748],[-2.26137,42.97474],[-2.26139,42.97472],[-2.26144,42.97461],[-2.26155,42.97446],[-2.26168,42.97429],[-2.26176,42.9742],[-2.26184,42.97404],[-2.2619,42.97392],[-2.26192,42.97383],[-2.26193,42.97378],[-2.26197,42.9737],[-2.26199,42.97365],[-2.26202,42.97356],[-2.26206,42.97344],[-2.26205,42.97335],[-2.26201,42.97309],[-2.26199,42.97294],[-2.26197,42.9728],[-2.26195,42.97269],[-2.2619,42.97254],[-2.2618,42.97234],[-2.26175,42.97217],[-2.2617,42.97201],[-2.26161,42.97181],[-2.26156,42.97166],[-2.26146,42.97141],[-2.26135,42.97117],[-2.26124,42.97093],[-2.26137,42.97087],[-2.26147,42.97083],[-2.26161,42.97079],[-2.26189,42.97073],[-2.26212,42.97068],[-2.26222,42.97067],[-2.26239,42.97067],[-2.26253,42.97067],[-2.26264,42.97067],[-2.26272,42.9707],[-2.26282,42.97076],[-2.26292,42.97081],[-2.26307,42.97089],[-2.26318,42.97093],[-2.26328,42.97096],[-2.26342,42.971],[-2.26358,42.97102]]}},{"type":"Feature","properties":{"id":204153532,"highway":"tertiary","ref":"GI-3701"},"geometry":{"type":"LineString","coordinates":[[-2.26036,42.98437],[-2.26044,42.98455],[-2.26047,42.98462],[-2.26052,42.98471],[-2.26058,42.98479],[-2.26067,42.98488],[-2.26078,42.98496],[-2.2609,42.98503],[-2.26104,42.98513],[-2.26112,42.9852],[-2.2612,42.98528],[-2.26127,42.98537],[-2.2613,42.98543],[-2.26133,42.98551],[-2.26137,42.9856],[-2.26142,42.98565],[-2.26149,42.98572],[-2.26156,42.98578],[-2.26161,42.98583],[-2.26164,42.98589],[-2.26167,42.98593],[-2.26168,42.98603],[-2.26166,42.98615],[-2.26166,42.98623],[-2.26168,42.98634],[-2.26172,42.98643],[-2.26177,42.98654],[-2.26184,42.98667],[-2.26195,42.98689],[-2.262,42.98699],[-2.26205,42.98704],[-2.2621,42.98708],[-2.26217,42.98709],[-2.26224,42.98708],[-2.26231,42.98704],[-2.26233,42.98699],[-2.26232,42.98693],[-2.26226,42.98684],[-2.26217,42.98674],[-2.26208,42.98663],[-2.26203,42.98649],[-2.26203,42.98642],[-2.26204,42.98631],[-2.26206,42.98621],[-2.26208,42.98614],[-2.26212,42.98603],[-2.26219,42.98594],[-2.26225,42.98591],[-2.26231,42.9859],[-2.26236,42.98591],[-2.26241,42.98592]]}},{"type":"Feature","properties":{"id":204153533,"highway":"unclassified","nombre":"Segura barreiatua"},"geometry":{"type":"LineString","coordinates":[[-2.24881,43.00147],[-2.24877,43.00153],[-2.24876,43.00155],[-2.24864,43.00171],[-2.24857,43.00182],[-2.24853,43.00188],[-2.24845,43.002],[-2.24842,43.00206],[-2.24838,43.00221],[-2.24833,43.00243],[-2.24827,43.00265],[-2.24824,43.00284],[-2.24819,43.00301],[-2.24815,43.00316],[-2.24811,43.00325],[-2.24804,43.00341],[-2.24797,43.00356],[-2.24793,43.00369],[-2.24786,43.00399],[-2.24777,43.00426],[-2.2477,43.00442],[-2.2476,43.00459],[-2.24755,43.00486],[-2.24751,43.0051],[-2.24744,43.00547],[-2.24738,43.00573],[-2.24729,43.00595],[-2.24721,43.00613],[-2.2472,43.00618],[-2.24719,43.00625],[-2.2472,43.00629],[-2.24723,43.00633],[-2.24726,43.00636],[-2.24735,43.00639],[-2.24762,43.00651],[-2.24772,43.00656],[-2.2478,43.00663],[-2.24791,43.00675],[-2.24806,43.00691],[-2.2482,43.00711],[-2.24824,43.00718],[-2.24827,43.00721],[-2.24827,43.00726],[-2.24826,43.00732],[-2.24823,43.00741],[-2.2482,43.00748],[-2.24804,43.00769],[-2.24784,43.0079],[-2.2477,43.00804],[-2.24766,43.00808],[-2.24763,43.00812],[-2.24761,43.00817]]}},{"type":"Feature","properties":{"id":204153534,"highway":"tertiary","ref":"GI-3701"},"geometry":{"type":"LineString","coordinates":[[-2.25884,42.98345],[-2.25877,42.98339],[-2.25875,42.98335],[-2.25872,42.98325],[-2.25869,42.98312],[-2.25864,42.98304],[-2.25857,42.98295],[-2.25851,42.98291],[-2.25844,42.98289],[-2.25836,42.98288],[-2.2581,42.98291],[-2.25787,42.98294],[-2.25777,42.98294],[-2.25769,42.98292],[-2.25756,42.98287],[-2.25742,42.98278],[-2.25737,42.98271],[-2.25737,42.98266],[-2.25739,42.98258],[-2.25746,42.9825],[-2.25761,42.98238],[-2.25771,42.98229],[-2.25786,42.98213],[-2.25791,42.98205],[-2.25794,42.98195],[-2.25792,42.98185],[-2.25786,42.98168],[-2.25779,42.98149],[-2.25774,42.98133],[-2.25772,42.98125],[-2.2577,42.98117],[-2.25771,42.98107],[-2.25774,42.98095],[-2.25775,42.98086],[-2.25772,42.98077],[-2.25764,42.98067],[-2.25747,42.98052],[-2.2574,42.98041],[-2.25733,42.98024],[-2.25722,42.98002],[-2.25706,42.97964],[-2.25703,42.97952],[-2.25703,42.97927],[-2.25702,42.97908],[-2.25703,42.97899],[-2.25708,42.97893],[-2.25725,42.97882],[-2.25735,42.97875],[-2.25744,42.97863],[-2.25749,42.97851],[-2.25755,42.97833],[-2.25756,42.9783],[-2.25758,42.97822],[-2.2576,42.9782]]}},{"type":"Feature","properties":{"id":204153538,"highway":"tertiary","ref":"GI-3571","superficie":"asphalt"},"geometry":{"type":"LineString","coordinates":[[-2.25156,43.01638],[-2.25157,43.01642],[-2.25156,43.01663],[-2.25154,43.01689],[-2.25153,43.01707],[-2.25154,43.0172]]}},{"type":"Feature","properties":{"id":204153539,"highway":"secondary","ref":"GI-2637","oneway":"yes","superficie":"asphalt"},"geometry":{"type":"LineString","coordinates":[[-2.26691,43.00135],[-2.26693,43.00131],[-2.26695,43.00124],[-2.267,43.00117],[-2.26705,43.00112],[-2.26709,43.00109]]}},{"type":"Feature","properties":{"id":204153540,"highway":"service","nombre":"Segura barreiatua"},"geometry":{"type":"LineString","coordinates":[[-2.25285,43.00005],[-2.2529,43.00003],[-2.25293,43.0],[-2.25299,42.99996],[-2.25312,42.99986]]}},{"type":"Feature","properties":{"id":204153541,"highway":"secondary","ref":"GI-2637","oneway":"yes","superficie":"asphalt"},"geometry":{"type":"LineString","coordinates":[[-2.26727,43.00088],[-2.2673,43.00083],[-2.26735,43.00074],[-2.26741,43.00065],[-2.26746,43.00059],[-2.2675,43.00055]]}},{"type":"Feature","properties":{"id":204153542,"highway":"secondary","ref":"GI-2637","superficie":"asphalt"},"geometry":{"type":"LineString","coordinates":[[-2.26621,43.00299],[-2.26586,43.0032],[-2.26551,43.0034],[-2.2652,43.00356],[-2.26514,43.0036]]}},{"type":"Feature","properties":{"id":204153543,"highway":"unclassified","nombre":"Segura barreiatua"},"geometry":{"type":"LineString","coordinates":[[-2.26899,42.99922],[-2.26892,42.9992],[-2.26888,42.99919],[-2.26884,42.99917],[-2.2688,42.99917],[-2.26872,42.9993]]}},{"type":"Feature","properties":{"id":204153544,"highway":"unclassified","nombre":"Segura barreiatua"},"geometry":{"type":"LineString","coordinates":[[-2.27292,42.99465],[-2.27294,42.99467],[-2.27296,42.99475],[-2.27302,42.99491],[-2.27307,42.99509],[-2.27311,42.99515]]}},{"type":"Feature","properties":{"id":204153545,"highway":"unclassified","nombre":"Segura barreiatua","superficie":"asphalt"},"geometry":{"type":"LineString","coordinates":[[-2.24909,43.01429],[-2.24895,43.01437],[-2.24861,43.01457],[-2.24821,43.01479],[-2.24782,43.01502],[-2.24773,43.01506]]}},{"type":"Feature","properties":{"id":204153546,"highway":"service","nombre":"Segura barreiatua"},"geometry":{"type":"LineString","coordinates":[[-2.25693,43.00584],[-2.2569,43.0058],[-2.25689,43.00576],[-2.25688,43.00574],[-2.25686,43.00572],[-2.25681,43.00563]]}},{"type":"Feature","properties":{"id":204153547,"highway":"service","nombre":"Segura barreiatua"},"geometry":{"type":"LineString","coordinates":[[-2.26847,43.00063],[-2.26848,43.00071],[-2.26845,43.00099],[-2.26842,43.0011],[-2.26841,43.00115],[-2.26837,43.0012],[-2.26834,43.0012],[-2.26829,43.0012],[-2.2682,43.00116],[-2.26817,43.00117],[-2.26816,43.00118],[-2.26813,43.00118],[-2.26809,43.00118],[-2.26805,43.00116],[-2.26804,43.00114],[-2.26803,43.00111],[-2.26803,43.00098]]}},{"type":"Feature","properties":{"id":204153548,"highway":"unclassified","nombre":"Segura barreiatua","superficie":"asphalt"},"geometry":{"type":"LineString","coordinates":[[-2.24773,43.01506],[-2.24776,43.01511],[-2.24778,43.01517],[-2.24777,43.01521],[-2.24776,43.01523],[-2.24754,43.01543]]}},{"type":"Feature","properties":{"id":204153550,"highway":"service","nombre":"Segura barreiatua"},"geometry":{"type":"LineString","coordinates":[[-2.27311,42.99515],[-2.27322,42.9951],[-2.27339,42.99501],[-2.27349,42.99494],[-2.27353,42.99491],[-2.27367,42.99492],[-2.27366,42.99505],[-2.27368,42.99513],[-2.27373,42.99519],[-2.27384,42.9953],[-2.27383,42.99535]]}},{"type":"Feature","properties":{"id":204153551,"highway":"unclassified","nombre":"Segura barreiatua"},"geometry":{"type":"LineString","coordinates":[[-2.26052,42.98496],[-2.26055,42.98498],[-2.26056,42.98502],[-2.26058,42.98517],[-2.2606,42.98524],[-2.26061,42.98528]]}},{"type":"Feature","properties":{"id":204153553,"highway":"secondary","ref":"GI-2637","oneway":"yes","superficie":"asphalt"},"geometry":{"type":"LineString","coordinates":[[-2.2669,43.00104],[-2.26689,43.0011],[-2.26689,43.00119],[-2.26689,43.00129],[-2.26691,43.00135]]}},{"type":"Feature","properties":{"id":204153555,"highway":"unclassified","nombre":"Segura barreiatua"},"geometry":{"type":"LineString","coordinates":[[-2.25223,43.0037],[-2.25225,43.00365],[-2.2523,43.00359],[-2.25237,43.00353],[-2.25244,43.00349],[-2.25253,43.00345],[-2.25258,43.00341],[-2.25261,43.00339],[-2.25263,43.00335],[-2.25265,43.0033],[-2.25266,43.00323],[-2.25267,43.00311],[-2.25266,43.00301],[-2.25265,43.00293],[-2.25264,43.00287],[-2.25258,43.00269],[-2.25251,43.00241],[-2.25248,43.00229],[-2.25248,43.0022],[-2.25248,43.00214],[-2.2525,43.00206],[-2.25252,43.00202],[-2.25255,43.00198],[-2.25258,43.00195],[-2.25262,43.00192],[-2.25268,43.00191],[-2.25277,43.00189],[-2.25286,43.0019],[-2.25289,43.00191],[-2.25299,43.00192],[-2.25311,43.00195],[-2.25319,43.00197],[-2.25323,43.00197],[-2.25328,43.00196],[-2.25333,43.00195],[-2.25338,43.00192],[-2.2534,43.00187],[-2.25341,43.00186],[-2.25341,43.00181],[-2.2534,43.00176],[-2.25338,43.00171],[-2.25328,43.00161],[-2.25322,43.00154],[-2.25315,43.00142],[-2.2531,43.00133],[-2.25299,43.00112],[-2.25291,43.00095],[-2.25291,43.00086],[-2.25291,43.00082],[-2.25291,43.00075],[-2.25293,43.0007],[-2.25297,43.00063],[-2.25302,43.00058],[-2.25306,43.00055],[-2.25313,43.00048],[-2.25322,43.00041],[-2.25329,43.00032],[-2.25332,43.00026],[-2.25333,43.00021],[-2.25332,43.00016],[-2.25331,43.00014]]}},{"type":"Feature","properties":{"id":204153559,"highway":"track","nombre":"Segura barreiatua"},"geometry":{"type":"LineString","coordinates":[[-2.26203,42.98851],[-2.26207,42.98865],[-2.26209,42.98886],[-2.26208,42.98903],[-2.26208,42.98911],[-2.26206,42.98921],[-2.26209,42.98933],[-2.26214,42.98949],[-2.26221,42.98956],[-2.26224,42.98962],[-2.26229,42.98987],[-2.26233,42.98999],[-2.26236,42.9901],[-2.26235,42.99021],[-2.26242,42.99036],[-2.26244,42.99042],[-2.26247,42.9905],[-2.26247,42.99056],[-2.26249,42.99064],[-2.26255,42.99077],[-2.26264,42.99114],[-2.26272,42.99147],[-2.26274,42.99175],[-2.26276,42.992],[-2.26278,42.99221],[-2.26286,42.99239],[-2.26284,42.9925],[-2.26281,42.99261],[-2.2628,42.99264],[-2.26268,42.9928],[-2.26249,42.99299],[-2.26231,42.99314],[-2.26217,42.99318],[-2.26199,42.99323],[-2.2618,42.99329],[-2.26136,42.9934],[-2.26129,42.99342],[-2.2612,42.99345],[-2.2611,42.99348],[-2.261,42.99348],[-2.26091,42.99344],[-2.26083,42.99341],[-2.26076,42.99339],[-2.26068,42.9934],[-2.26053,42.99341],[-2.2603,42.99344],[-2.26023,42.99342],[-2.26017,42.99341],[-2.26011,42.99338],[-2.26006,42.99339],[-2.26003,42.99341],[-2.26002,42.99347],[-2.26006,42.99363],[-2.26009,42.99375],[-2.26015,42.99393],[-2.26024,42.99414],[-2.26029,42.99434],[-2.26034,42.99452],[-2.26037,42.99471],[-2.26037,42.99477],[-2.2604,42.99486],[-2.26051,42.99499],[-2.26059,42.99508],[-2.26064,42.99516],[-2.26072,42.99524],[-2.26082,42.99531],[-2.26088,42.99541],[-2.26092,42.99549]]}},{"type":"Feature","properties":{"id":204153560,"highway":"unclassified","nombre":"Segura barreiatua"},"geometry":{"type":"LineString","coordinates":[[-2.25004,43.01401],[-2.25016,43.0139],[-2.25028,43.01381],[-2.25041,43.01369],[-2.25046,43.01366],[-2.25049,43.01365],[-2.25053,43.01363]]}},{"type":"Feature","properties":{"id":204153561,"highway":"secondary","ref":"GI-2637","superficie":"asphalt"},"geometry":{"type":"LineString","coordinates":[[-2.26514,43.0036],[-2.26509,43.00362],[-2.26486,43.00374],[-2.26459,43.00387],[-2.26404,43.00416],[-2.26355,43.00441],[-2.26342,43.00448]]}},{"type":"Feature","properties":{"id":204153562,"highway":"unclassified","nombre":"Segura barreiatua","superficie":"asphalt"},"geometry":{"type":"LineString","coordinates":[[-2.25693,43.00584],[-2.25708,43.00581],[-2.25722,43.0058],[-2.25738,43.00579],[-2.25761,43.0058],[-2.25778,43.00582],[-2.25793,43.00584]]}},{"type":"Feature","properties":{"id":204153563,"highway":"secondary","ref":"GI-2637","superficie":"asphalt"},"geometry":{"type":"LineString","coordinates":[[-2.26247,43.00498],[-2.26249,43.00496],[-2.26254,43.00493],[-2.2626,43.00489],[-2.2629,43.00474],[-2.26315,43.00461],[-2.26342,43.00448]]}},{"type":"Feature","properties":{"id":204153564,"highway":"service","nombre":"Segura barreiatua"},"geometry":{"type":"LineString","coordinates":[[-2.26894,42.99129],[-2.26894,42.99122],[-2.26881,42.99105],[-2.26871,42.99083],[-2.26856,42.99064],[-2.26841,42.99047],[-2.2683,42.99037]]}},{"type":"Feature","properties":{"id":204153569,"highway":"unclassified","nombre":"Segura barreiatua"},"geometry":{"type":"LineString","coordinates":[[-2.25004,43.01401],[-2.25,43.01402],[-2.24976,43.01415],[-2.24962,43.0142],[-2.24942,43.01428],[-2.24932,43.01431],[-2.24924,43.01432],[-2.24909,43.01429]]}},{"type":"Feature","properties":{"id":204153570,"highway":"secondary","ref":"GI-2637","superficie":"asphalt"},"geometry":{"type":"LineString","coordinates":[[-2.27248,42.99485],[-2.27247,42.9949],[-2.27244,42.99502],[-2.27238,42.9952],[-2.27229,42.99544],[-2.2722,42.9956],[-2.27218,42.99564]]}},{"type":"Feature","properties":{"id":204153571,"highway":"secondary","ref":"GI-2637","oneway":"yes","superficie":"asphalt"},"geometry":{"type":"LineString","coordinates":[[-2.27289,42.99437],[-2.27292,42.99433],[-2.27294,42.99428],[-2.27297,42.9942],[-2.27301,42.99414],[-2.27303,42.9941],[-2.27304,42.99406]]}},{"type":"Feature","properties":{"id":204153572,"highway":"secondary","ref":"GI-2637","oneway":"yes","superficie":"asphalt"},"geometry":{"type":"LineString","coordinates":[[-2.27248,42.99485],[-2.27251,42.99481],[-2.27253,42.99476],[-2.27258,42.9947],[-2.27264,42.99465],[-2.27267,42.99463],[-2.27269,42.99459]]}},{"type":"Feature","properties":{"id":204153573,"highway":"service","nombre":"Segura Barreiatua"},"geometry":{"type":"LineString","coordinates":[[-2.27594,43.00328],[-2.27592,43.00326],[-2.27587,43.00324],[-2.27581,43.00322],[-2.27577,43.00319],[-2.27575,43.00317],[-2.27574,43.00315]]}},{"type":"Feature","properties":{"id":204153575,"highway":"unclassified","nombre":"Segura barreiatua"},"geometry":{"type":"LineString","coordinates":[[-2.24708,43.01065],[-2.24707,43.01057],[-2.24704,43.0104],[-2.24705,43.01021],[-2.24709,43.00998],[-2.24715,43.00984],[-2.24719,43.00979]]}},{"type":"Feature","properties":{"id":204153576,"highway":"secondary","ref":"GI-2637","oneway":"yes","superficie":"asphalt"},"geometry":{"type":"LineString","coordinates":[[-2.27249,42.99452],[-2.2725,42.99456],[-2.2725,42.9946],[-2.27251,42.99467],[-2.27249,42.99474],[-2.27248,42.9948],[-2.27248,42.99485]]}},{"type":"Feature","properties":{"id":204153579,"highway":"secondary","ref":"GI-2637","oneway":"yes","superficie":"asphalt"},"geometry":{"type":"LineString","coordinates":[[-2.27303,42.99406],[-2.27299,42.99409],[-2.27294,42.99414],[-2.2729,42.99418],[-2.27283,42.99423],[-2.27279,42.99424],[-2.27271,42.99427]]}},{"type":"Feature","properties":{"id":204153580,"highway":"unclassified","nombre":"Segura barreiatua"},"geometry":{"type":"LineString","coordinates":[[-2.26036,42.98437],[-2.2603,42.98447],[-2.26037,42.98466],[-2.26042,42.98479],[-2.26048,42.98488],[-2.2605,42.98492],[-2.26052,42.98496]]}},{"type":"Feature","properties":{"id":204153581,"highway":"secondary","ref":"GI-2637","oneway":"yes","superficie":"asphalt"},"geometry":{"type":"LineString","coordinates":[[-2.2675,43.00055],[-2.26746,43.00056],[-2.26738,43.00061],[-2.2673,43.00067],[-2.26723,43.00071],[-2.26717,43.00074],[-2.2671,43.00077]]}},{"type":"Feature","properties":{"id":204153582,"highway":"unclassified","nombre":"Segura barreiatua"},"geometry":{"type":"LineString","coordinates":[[-2.26801,43.001],[-2.26792,43.00109],[-2.26779,43.00127],[-2.26771,43.00135],[-2.2676,43.00145],[-2.26738,43.00162],[-2.26733,43.00164]]}},{"type":"Feature","properties":{"id":204153583,"highway":"tertiary","nombre":"Segura barreiatua","ref":"GI-3261"},"geometry":{"type":"LineString","coordinates":[[-2.27249,43.00227],[-2.2725,43.00223],[-2.27247,43.00217],[-2.2724,43.00213],[-2.2723,43.00211],[-2.27222,43.00211],[-2.27211,43.00215],[-2.27204,43.00222],[-2.27193,43.00234],[-2.27183,43.00246],[-2.27174,43.00256],[-2.27166,43.00273],[-2.27163,43.00284],[-2.27161,43.00293],[-2.2716,43.00297],[-2.27161,43.00304],[-2.27161,43.00308],[-2.27164,43.00317],[-2.2717,43.00326],[-2.27178,43.00333],[-2.27186,43.0034],[-2.27193,43.00346],[-2.27199,43.00351],[-2.27203,43.00357],[-2.27205,43.00364],[-2.27203,43.00372],[-2.27198,43.00377],[-2.27191,43.0038],[-2.27184,43.00383],[-2.27169,43.00386],[-2.27146,43.00389],[-2.27135,43.00391],[-2.27128,43.00392],[-2.27118,43.00394],[-2.27099,43.00396],[-2.2708,43.00399],[-2.27062,43.00401],[-2.27045,43.00402],[-2.27031,43.00403],[-2.27018,43.00403],[-2.27013,43.00403],[-2.26999,43.00401],[-2.26966,43.00393],[-2.26954,43.00391],[-2.26943,43.00391],[-2.26935,43.00392],[-2.26929,43.00395],[-2.26919,43.00399],[-2.26905,43.00409],[-2.26885,43.00426],[-2.26867,43.00438],[-2.26848,43.00449],[-2.26835,43.00459],[-2.26823,43.00467],[-2.26787,43.00492],[-2.26779,43.00503],[-2.26768,43.00523],[-2.26756,43.00539],[-2.26747,43.00552],[-2.26741,43.00564],[-2.26737,43.00576],[-2.26734,43.00586],[-2.26733,43.00597],[-2.26734,43.00605],[-2.26738,43.00617],[-2.26743,43.00627],[-2.26748,43.00635],[-2.26754,43.00642],[-2.26755,43.00645],[-2.26757,43.0065],[-2.26758,43.00658],[-2.26757,43.00662],[-2.26751,43.00672],[-2.2674,43.00686],[-2.26736,43.00696],[-2.26732,43.00708],[-2.2673,43.00716],[-2.26729,43.00724]]}},{"type":"Feature","properties":{"id":204153584,"highway":"track","nombre":"Segura barreiatua"},"geometry":{"type":"LineString","coordinates":[[-2.26092,42.99549],[-2.26105,42.99557],[-2.26149,42.99575],[-2.26191,42.99593],[-2.26223,42.99608],[-2.26238,42.99617],[-2.26244,42.99625],[-2.26246,42.99635],[-2.26248,42.99656],[-2.26246,42.99662],[-2.2624,42.99671],[-2.26231,42.99679],[-2.26213,42.99692],[-2.26194,42.99706],[-2.26168,42.99724],[-2.26151,42.99741],[-2.26138,42.99751],[-2.26121,42.99756],[-2.26109,42.9976],[-2.26088,42.99765],[-2.26061,42.99772],[-2.26045,42.99776],[-2.26036,42.99779],[-2.26029,42.99785],[-2.26021,42.99792],[-2.26019,42.99807],[-2.26026,42.99827],[-2.2603,42.99848],[-2.2603,42.99873],[-2.26028,42.99885],[-2.26025,42.99894],[-2.26019,42.99906],[-2.26013,42.99917],[-2.26003,42.99923],[-2.25996,42.99925],[-2.25985,42.99926],[-2.25966,42.99927],[-2.25937,42.99927],[-2.25906,42.99925],[-2.25886,42.99924],[-2.2587,42.99923],[-2.25856,42.99923],[-2.25848,42.99924],[-2.25845,42.99927],[-2.25845,42.99928],[-2.25844,42.9993],[-2.25843,42.99932],[-2.25843,42.99933]]}},{"type":"Feature","properties":{"id":204153585,"highway":"tertiary","nombre":"Segura barreiatua","ref":"GI-3261"},"geometry":{"type":"LineString","coordinates":[[-2.27574,43.00315],[-2.27568,43.00312],[-2.27567,43.00306],[-2.2757,43.00302],[-2.27576,43.00296],[-2.2758,43.0029],[-2.27583,43.00285],[-2.27584,43.00279],[-2.27584,43.00273],[-2.27582,43.00267],[-2.2758,43.00262],[-2.27579,43.00256],[-2.27579,43.00246],[-2.2758,43.00233],[-2.27582,43.00225],[-2.27587,43.00215],[-2.2759,43.00207],[-2.27592,43.002],[-2.27594,43.00197],[-2.27596,43.00189],[-2.27597,43.0018],[-2.27597,43.00161],[-2.27599,43.00143],[-2.27601,43.00135],[-2.27604,43.00128],[-2.2761,43.00119],[-2.27614,43.00114],[-2.27617,43.00109],[-2.27618,43.00105],[-2.27619,43.001],[-2.27617,43.00096],[-2.27612,43.00092],[-2.27605,43.0009],[-2.27598,43.0009],[-2.27591,43.00092],[-2.27587,43.00096],[-2.2758,43.00104],[-2.27573,43.00113],[-2.27568,43.00122],[-2.27561,43.00133],[-2.27555,43.00146],[-2.27546,43.00172],[-2.27542,43.00181],[-2.27535,43.00189],[-2.27521,43.002],[-2.27514,43.00205],[-2.27508,43.00212],[-2.27503,43.0022],[-2.275,43.00226],[-2.27497,43.00234],[-2.27496,43.00238],[-2.27492,43.00248],[-2.27487,43.00257],[-2.27479,43.00263],[-2.2747,43.00267],[-2.2746,43.0027],[-2.27441,43.00273],[-2.27431,43.00276],[-2.27419,43.00282],[-2.27413,43.00287],[-2.27408,43.00293],[-2.27406,43.00299],[-2.27398,43.0033],[-2.27391,43.00364],[-2.27389,43.00378],[-2.2739,43.00393],[-2.27394,43.00406],[-2.27395,43.00413],[-2.27396,43.00421],[-2.27391,43.00427],[-2.27385,43.00433],[-2.27368,43.00443],[-2.27353,43.00449],[-2.27345,43.00451],[-2.27337,43.00449],[-2.27333,43.00445],[-2.2733,43.00439]]}},{"type":"Feature","properties":{"id":204153590,"highway":"unclassified","nombre":"Segura barreiatua","superficie":"asphalt"},"geometry":{"type":"LineString","coordinates":[[-2.24763,43.01497],[-2.24747,43.01497],[-2.24733,43.01495],[-2.24714,43.01491],[-2.24705,43.01489],[-2.24696,43.01485],[-2.24684,43.01479],[-2.2468,43.01477]]}},{"type":"Feature","properties":{"id":204153592,"highway":"unclassified","nombre":"Segura barreiatua"},"geometry":{"type":"LineString","coordinates":[[-2.25006,43.00092],[-2.25003,43.00093],[-2.24992,43.00099],[-2.24957,43.00116],[-2.24907,43.00139],[-2.2489,43.00146],[-2.24885,43.00147],[-2.24881,43.00147]]}},{"type":"Feature","properties":{"id":204153593,"highway":"service","nombre":"Segura barreiatua"},"geometry":{"type":"LineString","coordinates":[[-2.25118,43.01616],[-2.25116,43.01623],[-2.25111,43.0164],[-2.25107,43.01651],[-2.25101,43.01662],[-2.25099,43.01663],[-2.25097,43.01665],[-2.25094,43.01666]]}},{"type":"Feature","properties":{"id":204153594,"highway":"service","nombre":"Segura barreiatua"},"geometry":{"type":"LineString","coordinates":[[-2.24761,43.00817],[-2.2476,43.00815],[-2.24759,43.00811],[-2.24756,43.00806],[-2.24753,43.00799],[-2.24751,43.00793],[-2.24751,43.00789],[-2.24751,43.00787]]}},{"type":"Feature","properties":{"id":204153595,"highway":"unclassified","nombre":"GR-34 Segura barreiatua","superficie":"asphalt"},"geometry":{"type":"LineString","coordinates":[[-2.2577,43.00891],[-2.25752,43.00901],[-2.2573,43.00916],[-2.2572,43.00922],[-2.25708,43.00926],[-2.25687,43.00929],[-2.25667,43.00929],[-2.2566,43.00929]]}},{"type":"Feature","properties":{"id":204153596,"highway":"unclassified","nombre":"Segura barreiatua"},"geometry":{"type":"LineString","coordinates":[[-2.25515,43.00941],[-2.25512,43.00941]]}},{"type":"Feature","properties":{"id":204153597,"highway":"unclassified","nombre":"Segura barreiatua"},"geometry":{"type":"LineString","coordinates":[[-2.26376,42.9871],[-2.26368,42.98712],[-2.2636,42.98714],[-2.26353,42.98715],[-2.26347,42.98714],[-2.26335,42.9871],[-2.26321,42.98703],[-2.26298,42.98685]]}},{"type":"Feature","properties":{"id":204153598,"highway":"track","nombre":"Segura barreiatua"},"geometry":{"type":"LineString","coordinates":[[-2.25805,42.99375],[-2.25811,42.99375],[-2.25817,42.99376],[-2.25829,42.99376],[-2.25835,42.99376],[-2.25848,42.99375],[-2.25861,42.99373],[-2.25879,42.99371]]}},{"type":"Feature","properties":{"id":204153599,"highway":"unclassified","nombre":"Segura barreiatua"},"geometry":{"type":"LineString","coordinates":[[-2.24708,43.01065],[-2.24713,43.01066],[-2.24718,43.01066],[-2.24729,43.0107],[-2.2474,43.01076],[-2.24749,43.01082],[-2.24756,43.01086],[-2.2477,43.01096]]}},{"type":"Feature","properties":{"id":204153600,"highway":"track","nombre":"Segura Barreiatua"},"geometry":{"type":"LineString","coordinates":[[-2.25209,43.01578],[-2.25205,43.01578],[-2.25202,43.01578],[-2.25198,43.01579],[-2.25194,43.01581],[-2.25189,43.01587],[-2.2518,43.01602],[-2.25178,43.01608]]}},{"type":"Feature","properties":{"id":204153602,"highway":"tertiary","ref":"GI-3571","superficie":"asphalt"},"geometry":{"type":"MultiLineString","coordinates":[[[-2.25381,43.01979],[-2.25413,43.01984],[-2.25426,43.01986]],[[-2.25555,43.01994],[-2.25566,43.01995]]]}},{"type":"Feature","properties":{"id":204153603,"highway":"service","nombre":"Segura barreiatua"},"geometry":{"type":"LineString","coordinates":[[-2.25436,43.01794],[-2.25429,43.0179],[-2.25428,43.0179],[-2.25423,43.01788],[-2.25414,43.01785],[-2.25404,43.01779],[-2.25393,43.01773]]}},{"type":"Feature","properties":{"id":204153604,"highway":"track","nombre":"Segura barreiatua"},"geometry":{"type":"LineString","coordinates":[[-2.2532,42.98301],[-2.25327,42.98302],[-2.25332,42.98304],[-2.25344,42.9831],[-2.25359,42.98317],[-2.25369,42.98321],[-2.25377,42.98321],[-2.25386,42.98321],[-2.25395,42.98322],[-2.2541,42.98324],[-2.25452,42.98335],[-2.25469,42.9834],[-2.25478,42.98344],[-2.25487,42.98349],[-2.25493,42.98354],[-2.25497,42.98358],[-2.2551,42.9838],[-2.25514,42.98385],[-2.2553,42.98401],[-2.25538,42.98408],[-2.25564,42.98424],[-2.25583,42.98432],[-2.25604,42.98446],[-2.25614,42.98453],[-2.25621,42.98458],[-2.25641,42.98467],[-2.2566,42.98476],[-2.25673,42.98488],[-2.25686,42.985],[-2.25699,42.98509],[-2.25715,42.98518],[-2.25737,42.9853],[-2.25757,42.98544],[-2.25764,42.98551],[-2.25766,42.98554],[-2.2577,42.98557],[-2.25775,42.98559],[-2.2578,42.98559],[-2.25786,42.9856],[-2.25792,42.98559],[-2.25797,42.98558],[-2.25801,42.98556],[-2.25803,42.98553],[-2.25807,42.98546],[-2.25809,42.98534],[-2.25809,42.98525],[-2.25807,42.98516],[-2.25801,42.98501],[-2.25797,42.98486],[-2.25791,42.98467],[-2.25786,42.9845],[-2.25784,42.9844],[-2.25787,42.98423],[-2.25788,42.98416],[-2.25787,42.9841],[-2.25775,42.98392],[-2.2577,42.98384],[-2.25768,42.98379],[-2.25767,42.98372],[-2.25767,42.98365],[-2.25769,42.98362],[-2.25772,42.98359],[-2.25777,42.98354],[-2.25784,42.98348],[-2.25787,42.98344],[-2.25791,42.98335],[-2.25792,42.98329],[-2.25792,42.98323],[-2.25793,42.9832],[-2.25796,42.98318],[-2.25801,42.98318],[-2.25806,42.98322],[-2.25817,42.9833],[-2.25823,42.98335],[-2.25837,42.98345],[-2.25844,42.98349],[-2.25851,42.98349],[-2.2586,42.98349],[-2.25871,42.98348],[-2.25884,42.98345]]}},{"type":"Feature","properties":{"id":204153605,"highway":"track","nombre":"Segura barreiatua"},"geometry":{"type":"LineString","coordinates":[[-2.2624,43.00574],[-2.26238,43.00574],[-2.26234,43.00576],[-2.26231,43.00578],[-2.26229,43.00579],[-2.26226,43.00579],[-2.2622,43.00578],[-2.26211,43.00574],[-2.26204,43.00572],[-2.26199,43.00571],[-2.26195,43.0057],[-2.26192,43.00571],[-2.26188,43.00571],[-2.26185,43.00571],[-2.26179,43.00572],[-2.26173,43.00574],[-2.26168,43.00577],[-2.26162,43.00579],[-2.26145,43.00589],[-2.26139,43.00593],[-2.2613,43.006],[-2.2612,43.00607],[-2.2611,43.00614],[-2.26094,43.00625],[-2.26093,43.00626],[-2.26086,43.00632],[-2.26078,43.00639],[-2.26072,43.00644],[-2.26062,43.00652],[-2.26054,43.00658],[-2.26045,43.00666],[-2.26044,43.00667],[-2.26034,43.00676],[-2.26024,43.00685],[-2.26024,43.00685],[-2.26007,43.00701],[-2.26007,43.00701],[-2.25997,43.0071],[-2.25997,43.00711],[-2.25983,43.00724],[-2.25982,43.00725],[-2.25974,43.00733],[-2.25973,43.00734],[-2.25963,43.00744],[-2.25962,43.00745],[-2.2595,43.00757],[-2.25938,43.00768],[-2.25927,43.00779],[-2.25916,43.00789],[-2.25906,43.00798],[-2.25895,43.00807],[-2.25895,43.00807],[-2.25884,43.00814],[-2.25874,43.0082],[-2.25861,43.00826],[-2.25856,43.00828],[-2.25852,43.0083],[-2.25848,43.00833],[-2.25845,43.00835],[-2.25842,43.00837],[-2.2584,43.00839],[-2.25837,43.00842],[-2.25836,43.00843],[-2.25836,43.00844],[-2.25835,43.00845],[-2.25834,43.00845],[-2.25833,43.00846],[-2.25832,43.00847],[-2.25831,43.00847],[-2.2583,43.00848],[-2.25829,43.00848],[-2.25828,43.00848],[-2.25827,43.00849],[-2.25826,43.00849],[-2.25825,43.00849],[-2.25824,43.00849],[-2.25823,43.00849],[-2.25822,43.00849],[-2.25821,43.00849],[-2.2582,43.00849],[-2.25816,43.00847],[-2.25815,43.00846]]}},{"type":"Feature","properties":{"id":204153606,"highway":"tertiary","ref":"GI-3701"},"geometry":{"type":"LineString","coordinates":[[-2.26894,42.99129],[-2.2688,42.99118],[-2.26871,42.9911],[-2.26863,42.99104],[-2.26853,42.99095],[-2.26845,42.99089],[-2.26837,42.99086],[-2.2682,42.9908],[-2.26813,42.99077],[-2.26805,42.99072],[-2.26793,42.99059],[-2.26789,42.99053],[-2.26784,42.99046],[-2.26781,42.99037],[-2.26775,42.99028],[-2.2677,42.99023],[-2.26764,42.99019],[-2.26758,42.99018],[-2.26751,42.99018],[-2.26742,42.99021],[-2.26738,42.99027],[-2.26736,42.99034],[-2.26738,42.99043],[-2.26741,42.99057],[-2.26745,42.99071],[-2.2675,42.99091],[-2.26754,42.99109],[-2.26755,42.99137],[-2.26756,42.99149],[-2.26758,42.99156],[-2.26765,42.99163],[-2.26781,42.99172],[-2.26799,42.99185],[-2.26802,42.99188],[-2.26816,42.99202],[-2.26828,42.99214],[-2.2685,42.99235],[-2.26859,42.99244],[-2.26866,42.99253],[-2.26875,42.99265],[-2.26881,42.99278],[-2.26882,42.99286],[-2.2688,42.99291],[-2.2688,42.99295],[-2.26879,42.99299],[-2.26881,42.99304],[-2.26883,42.99307],[-2.26887,42.9931],[-2.26893,42.99312],[-2.269,42.99313],[-2.26909,42.99312],[-2.26917,42.9931],[-2.26927,42.99307],[-2.26933,42.99306],[-2.26944,42.99303],[-2.26954,42.99299],[-2.26962,42.99296],[-2.26965,42.99294],[-2.26977,42.99286],[-2.26985,42.99281],[-2.26994,42.99278],[-2.27002,42.99277],[-2.27014,42.9928],[-2.2702,42.99283],[-2.27027,42.99289],[-2.27031,42.99296],[-2.27032,42.99296],[-2.27038,42.99306],[-2.27047,42.99317],[-2.2706,42.99328],[-2.27067,42.99336],[-2.27072,42.99344],[-2.27081,42.99352],[-2.27094,42.99361],[-2.27103,42.99365],[-2.27113,42.99369],[-2.27122,42.99375],[-2.2713,42.99381],[-2.27143,42.99393],[-2.27148,42.99398],[-2.27164,42.99416],[-2.27171,42.99422],[-2.27178,42.99428],[-2.27185,42.99432],[-2.27192,42.99435]]}},{"type":"Feature","properties":{"id":204153612,"highway":"track","superficie":"unpaved"},"geometry":{"type":"LineString","coordinates":[[-2.25883,43.00916],[-2.25871,43.00913],[-2.25857,43.00909],[-2.25833,43.00905],[-2.25804,43.009],[-2.25786,43.00897],[-2.25775,43.00893],[-2.25773,43.00892],[-2.2577,43.00891]]}},{"type":"Feature","properties":{"id":204153616,"highway":"unclassified","nombre":"Segura barreiatua"},"geometry":{"type":"LineString","coordinates":[[-2.2566,43.00929],[-2.25657,43.00934],[-2.25658,43.00939],[-2.25667,43.00949],[-2.25676,43.0096],[-2.25689,43.00976],[-2.25702,43.00991],[-2.2571,43.01002],[-2.25715,43.01008]]}},{"type":"Feature","properties":{"id":204153617,"highway":"service","nombre":"Segura barreiatua"},"geometry":{"type":"LineString","coordinates":[[-2.26743,42.98865],[-2.2676,42.98873],[-2.26784,42.98889],[-2.2679,42.98888],[-2.26803,42.98881],[-2.26812,42.98874],[-2.2682,42.98864],[-2.26819,42.98858],[-2.26817,42.98852],[-2.26814,42.98849]]}},{"type":"Feature","properties":{"id":204153619,"highway":"unclassified","nombre":"Segura barreiatua"},"geometry":{"type":"LineString","coordinates":[[-2.25286,43.00012],[-2.25294,43.00009],[-2.25302,43.00006],[-2.25306,43.00005],[-2.25311,43.00004],[-2.25316,43.00003],[-2.25321,43.00005],[-2.25327,43.00007],[-2.2533,43.0001],[-2.25331,43.00014]]}},{"type":"Feature","properties":{"id":204153620,"highway":"service","nombre":"Segura Barreiatua"},"geometry":{"type":"LineString","coordinates":[[-2.26443,43.00172],[-2.26434,43.00172],[-2.26425,43.00172],[-2.2642,43.00173],[-2.2641,43.00175],[-2.26398,43.00177],[-2.2639,43.00177],[-2.26383,43.00177],[-2.26372,43.00177]]}},{"type":"Feature","properties":{"id":204153621,"highway":"service","nombre":"Segura barreiatua"},"geometry":{"type":"LineString","coordinates":[[-2.24661,43.01335],[-2.24665,43.01331],[-2.24673,43.01324],[-2.24686,43.01315],[-2.24689,43.0131],[-2.24693,43.01303],[-2.24696,43.01296],[-2.24696,43.0129]]}},{"type":"Feature","properties":{"id":204153623,"highway":"service","nombre":"Segura barreiatua"},"geometry":{"type":"LineString","coordinates":[[-2.27322,43.00178],[-2.27307,43.00175],[-2.27302,43.00177],[-2.27287,43.00197],[-2.27285,43.00198],[-2.27272,43.00211],[-2.27263,43.00219],[-2.27256,43.00223],[-2.27249,43.00227]]}},{"type":"Feature","properties":{"id":204153624,"highway":"secondary","ref":"GI-2637","superficie":"asphalt"},"geometry":{"type":"LineString","coordinates":[[-2.27031,42.99745],[-2.2701,42.99769],[-2.26986,42.99798],[-2.26967,42.99824],[-2.26953,42.99848],[-2.26946,42.9987],[-2.26936,42.99897],[-2.26925,42.99919],[-2.26922,42.99924]]}},{"type":"Feature","properties":{"id":204153625,"highway":"unclassified","nombre":"Segura barreiatua"},"geometry":{"type":"LineString","coordinates":[[-2.25053,43.01363],[-2.25056,43.01357],[-2.25061,43.01347],[-2.25071,43.01328],[-2.25082,43.01312],[-2.25086,43.01307],[-2.251,43.01284],[-2.25101,43.01282],[-2.25105,43.01277]]}},{"type":"Feature","properties":{"id":204153626,"highway":"track","nombre":"Segura barreiatua"},"geometry":{"type":"LineString","coordinates":[[-2.25042,42.99622],[-2.25042,42.99628],[-2.25043,42.99637],[-2.25049,42.99648],[-2.25057,42.9966],[-2.25066,42.99667],[-2.25075,42.99667],[-2.25083,42.99668],[-2.25088,42.9967],[-2.25088,42.99675],[-2.25086,42.99683],[-2.25084,42.99688],[-2.25083,42.99696],[-2.25081,42.99701],[-2.25082,42.99702],[-2.25088,42.99704],[-2.25096,42.99706],[-2.25102,42.99707],[-2.25107,42.99707],[-2.25112,42.99706],[-2.25119,42.99704],[-2.25123,42.99703],[-2.25131,42.99703],[-2.25136,42.99703],[-2.25141,42.99705],[-2.25145,42.9971]]}},{"type":"Feature","properties":{"id":204153627,"highway":"unclassified","nombre":"Segura barreiatua"},"geometry":{"type":"LineString","coordinates":[[-2.26847,43.00063],[-2.2686,43.00047],[-2.26873,43.00034],[-2.26889,43.0002],[-2.269,43.00011],[-2.26908,43.00006],[-2.26916,42.99998],[-2.26922,42.9999],[-2.26931,42.99983],[-2.26937,42.9998],[-2.26944,42.99977],[-2.26963,42.99971],[-2.26983,42.99964],[-2.26998,42.99961],[-2.2701,42.99959],[-2.27024,42.99961],[-2.27036,42.99964],[-2.27047,42.99965],[-2.27055,42.99966],[-2.27063,42.99964],[-2.27075,42.9996],[-2.27086,42.99954],[-2.2709,42.9995],[-2.27097,42.99942],[-2.27101,42.99937],[-2.27105,42.99935],[-2.27108,42.99935],[-2.27113,42.99936],[-2.27115,42.99938],[-2.27116,42.99942],[-2.27116,42.99963],[-2.27114,42.99973],[-2.27112,42.99978],[-2.27107,42.99983],[-2.27094,42.99988],[-2.27071,42.99994],[-2.27056,42.99998],[-2.27051,43.00002],[-2.27047,43.00006],[-2.27045,43.00012],[-2.27045,43.00018],[-2.27046,43.00027],[-2.27051,43.00043],[-2.27056,43.00067],[-2.27058,43.0007],[-2.27061,43.00072],[-2.27064,43.00072],[-2.27069,43.00069],[-2.27075,43.00063],[-2.27084,43.00053],[-2.27098,43.00041],[-2.2711,43.00035],[-2.27116,43.00031],[-2.27121,43.0003],[-2.27128,43.00031],[-2.27136,43.00035],[-2.27149,43.00039],[-2.27152,43.00039],[-2.27167,43.00044],[-2.27189,43.00052],[-2.27199,43.00055],[-2.27207,43.00057],[-2.27212,43.00058],[-2.27216,43.00058]]}},{"type":"Feature","properties":{"id":204153628,"highway":"residential","nombre":"Santa Barbara bidea"},"geometry":{"type":"LineString","coordinates":[[-2.25518,43.00305],[-2.25511,43.00309],[-2.25488,43.00325],[-2.25458,43.00343],[-2.25436,43.00357],[-2.25428,43.00364],[-2.25419,43.00373],[-2.2541,43.00384],[-2.25402,43.004],[-2.25385,43.00435]]}},{"type":"Feature","properties":{"id":204153629,"highway":"residential","nombre":"Segura bildua"},"geometry":{"type":"LineString","coordinates":[[-2.25488,43.00587],[-2.2551,43.00603],[-2.25504,43.0061],[-2.25491,43.00621],[-2.25488,43.00626],[-2.25486,43.0063],[-2.25484,43.00637],[-2.25483,43.00646],[-2.25479,43.00665],[-2.25475,43.00669]]}},{"type":"Feature","properties":{"id":204153630,"highway":"residential","nombre":"Zerkalde kalea"},"geometry":{"type":"LineString","coordinates":[[-2.25235,43.00761],[-2.25232,43.00763],[-2.2523,43.00765],[-2.25226,43.00769],[-2.25225,43.00771]]}},{"type":"Feature","properties":{"id":204153632,"highway":"residential","nombre":"Segura Bildua","oneway":"yes"},"geometry":{"type":"LineString","coordinates":[[-2.25204,43.00654],[-2.25206,43.00672]]}},{"type":"Feature","properties":{"id":204153635,"highway":"residential","nombre":"Akelarre kalea","oneway":"yes"},"geometry":{"type":"LineString","coordinates":[[-2.25326,43.00665],[-2.25275,43.00669],[-2.25206,43.00672]]}},{"type":"Feature","properties":{"id":204153637,"highway":"service","nombre":"Segura bildua"},"geometry":{"type":"LineString","coordinates":[[-2.2537,43.00762],[-2.25386,43.0077]]}},{"type":"Feature","properties":{"id":204153638,"highway":"track","nombre":"Zerkalde Aizkoeta"},"geometry":{"type":"LineString","coordinates":[[-2.25144,43.00621],[-2.25152,43.0063],[-2.25156,43.00638],[-2.25157,43.00641],[-2.25157,43.00649],[-2.25154,43.00654],[-2.25151,43.00661],[-2.2515,43.00664],[-2.25151,43.00667],[-2.25155,43.00671],[-2.25161,43.00674],[-2.25169,43.00676],[-2.25177,43.00678],[-2.25182,43.0068],[-2.25186,43.00682],[-2.25191,43.00685]]}},{"type":"Feature","properties":{"id":204153639,"highway":"residential","nombre":"Segura bildua"},"geometry":{"type":"LineString","coordinates":[[-2.25283,43.00598],[-2.25236,43.00605]]}},{"type":"Feature","properties":{"id":204153642,"highway":"pedestrian","nombre":"Akelarre kalea"},"geometry":{"type":"LineString","coordinates":[[-2.25314,43.00731],[-2.25266,43.00733],[-2.25225,43.00737]]}},{"type":"Feature","properties":{"id":204153643,"highway":"residential","nombre":"Goiko Arrabal aldea","oneway":"yes"},"geometry":{"type":"LineString","coordinates":[[-2.25271,43.00634],[-2.25234,43.00639],[-2.25229,43.00639],[-2.25211,43.00642]]}},{"type":"Feature","properties":{"id":204153644,"highway":"residential","nombre":"Segura Bildua","oneway":"yes"},"geometry":{"type":"LineString","coordinates":[[-2.25211,43.00642],[-2.25207,43.00647],[-2.25204,43.00651],[-2.25204,43.00654]]}},{"type":"Feature","properties":{"id":204153646,"highway":"residential","nombre":"Segura bildua","oneway":"yes"},"geometry":{"type":"LineString","coordinates":[[-2.25302,43.0063],[-2.25283,43.00632],[-2.25276,43.00633],[-2.25271,43.00634]]}},{"type":"Feature","properties":{"id":204153648,"highway":"residential","nombre":"Segura bildua"},"geometry":{"type":"LineString","coordinates":[[-2.25302,43.0063],[-2.25306,43.00636],[-2.2531,43.0064],[-2.25317,43.00653],[-2.25326,43.00665],[-2.25332,43.00676],[-2.2534,43.00689],[-2.25345,43.00696],[-2.25355,43.0071],[-2.25357,43.00713],[-2.25367,43.00729],[-2.25371,43.00733],[-2.25372,43.00741],[-2.25373,43.00748],[-2.25372,43.00755],[-2.2537,43.00762]]}},{"type":"Feature","properties":{"id":204153649,"highway":"residential","nombre":"Goiko Arrabal lekua","superficie":"asphalt"},"geometry":{"type":"LineString","coordinates":[[-2.25316,43.00754],[-2.25332,43.00756],[-2.25361,43.0076],[-2.2537,43.00762]]}},{"type":"Feature","properties":{"id":204153650,"highway":"service","nombre":"Segura bildua"},"geometry":{"type":"LineString","coordinates":[[-2.25386,43.0077],[-2.25394,43.00775],[-2.25437,43.00743],[-2.25422,43.00734],[-2.25386,43.0077]]}},{"type":"Feature","properties":{"id":204153651,"highway":"residential","nombre":"Akelarre kalea"},"geometry":{"type":"LineString","coordinates":[[-2.25312,43.00707],[-2.25314,43.00731],[-2.25316,43.00754]]}},{"type":"Feature","properties":{"id":204153652,"highway":"unclassified","nombre":"Beheko Arrabal kalea"},"geometry":{"type":"LineString","coordinates":[[-2.25211,43.01136],[-2.25217,43.01126],[-2.25221,43.01118],[-2.25225,43.01114]]}},{"type":"Feature","properties":{"id":204153654,"highway":"residential","nombre":"Segura Bildua","oneway":"yes"},"geometry":{"type":"LineString","coordinates":[[-2.25211,43.00642],[-2.25208,43.0064],[-2.25204,43.00637],[-2.25201,43.00628]]}},{"type":"Feature","properties":{"id":204153655,"highway":"residential","nombre":"Xesterialde kalea"},"geometry":{"type":"LineString","coordinates":[[-2.25201,43.00628],[-2.25194,43.00561],[-2.25193,43.00555]]}},{"type":"Feature","properties":{"id":204153656,"highway":"residential","nombre":"Segura bildua"},"geometry":{"type":"LineString","coordinates":[[-2.25488,43.00723],[-2.25477,43.00713],[-2.25469,43.00708],[-2.25461,43.00701],[-2.25451,43.00693]]}},{"type":"Feature","properties":{"id":204153660,"highway":"residential","nombre":"Bekosoroa kalea"},"geometry":{"type":"LineString","coordinates":[[-2.25319,43.00601],[-2.25312,43.00631],[-2.2531,43.0064]]}},{"type":"Feature","properties":{"id":204153661,"highway":"residential","nombre":"Zerkalde kalea","oneway":"yes"},"geometry":{"type":"LineString","coordinates":[[-2.25206,43.00672],[-2.25207,43.00683],[-2.25211,43.00714],[-2.25212,43.00723]]}},{"type":"Feature","properties":{"id":204153662,"highway":"residential","nombre":"Xesterialde kalea","oneway":"yes"},"geometry":{"type":"LineString","coordinates":[[-2.25201,43.00628],[-2.25201,43.00645],[-2.25203,43.00652],[-2.25204,43.00654]]}},{"type":"Feature","properties":{"id":204153663,"highway":"residential","nombre":"Segura bildua"},"geometry":{"type":"LineString","coordinates":[[-2.25451,43.00693],[-2.25463,43.00687],[-2.25483,43.00674],[-2.25492,43.00683],[-2.25489,43.0069]]}},{"type":"Feature","properties":{"id":204153664,"highway":"unclassified","nombre":"Segura bildua"},"geometry":{"type":"LineString","coordinates":[[-2.25246,43.0109],[-2.25246,43.01092],[-2.25239,43.011],[-2.25234,43.01105],[-2.2523,43.01109],[-2.25225,43.01114]]}},{"type":"Feature","properties":{"id":204153665,"highway":"residential","nombre":"Akelarre kalea","superficie":"asphalt"},"geometry":{"type":"LineString","coordinates":[[-2.25235,43.00761],[-2.25239,43.0076],[-2.25246,43.00758],[-2.25258,43.00757],[-2.25287,43.00756],[-2.25316,43.00754]]}},{"type":"Feature","properties":{"id":204153666,"highway":"unclassified","nombre":"Zerkalde Zerain kalea"},"geometry":{"type":"LineString","coordinates":[[-2.25225,43.01114],[-2.25227,43.01108],[-2.25226,43.01106],[-2.25225,43.01101],[-2.25223,43.01099],[-2.25219,43.01097]]}},{"type":"Feature","properties":{"id":204153668,"highway":"residential","nombre":"Segura bildua"},"geometry":{"type":"LineString","coordinates":[[-2.25324,43.00584],[-2.25332,43.00583],[-2.25355,43.0058],[-2.25357,43.00579],[-2.25361,43.00555],[-2.2536,43.00553],[-2.25352,43.00551]]}},{"type":"Feature","properties":{"id":204153669,"highway":"residential","nombre":"Segura bildua"},"geometry":{"type":"LineString","coordinates":[[-2.25451,43.00693],[-2.25452,43.00686],[-2.25459,43.0068],[-2.25466,43.00677],[-2.25472,43.00672],[-2.25475,43.00669]]}},{"type":"Feature","properties":{"id":204153670,"highway":"residential","nombre":"Segura bildua"},"geometry":{"type":"LineString","coordinates":[[-2.25475,43.00611],[-2.25442,43.00636],[-2.25435,43.00642],[-2.25451,43.00653],[-2.25466,43.00664],[-2.25475,43.00669]]}},{"type":"Feature","properties":{"id":204153671,"highway":"residential","nombre":"Segura bildua"},"geometry":{"type":"LineString","coordinates":[[-2.25283,43.00598],[-2.25287,43.00606],[-2.25291,43.00612],[-2.25298,43.00623],[-2.25301,43.00628],[-2.25302,43.0063]]}},{"type":"Feature","properties":{"id":204153672,"highway":"residential","nombre":"Segura bildua"},"geometry":{"type":"LineString","coordinates":[[-2.25451,43.00693],[-2.25431,43.00705],[-2.2542,43.00711],[-2.25406,43.00717],[-2.2538,43.00728],[-2.25371,43.00733]]}},{"type":"Feature","properties":{"id":204153673,"highway":"unclassified","nombre":"Zerkalde Zerain kalea"},"geometry":{"type":"LineString","coordinates":[[-2.25225,43.0108],[-2.25233,43.0108],[-2.25237,43.01081],[-2.25242,43.01082],[-2.25244,43.01084],[-2.25246,43.01085],[-2.25247,43.01086],[-2.25247,43.01089],[-2.25246,43.0109]]}},{"type":"Feature","properties":{"id":204153674,"highway":"living_street","nombre":"Unzurrunzaga kalea","oneway":"yes"},"geometry":{"type":"LineString","coordinates":[[-2.25248,43.00927],[-2.25247,43.00933],[-2.25243,43.00944],[-2.2524,43.00952],[-2.25239,43.00964],[-2.25237,43.00978],[-2.25237,43.00982],[-2.25236,43.0101],[-2.25239,43.01021]]}},{"type":"Feature","properties":{"id":204153675,"highway":"unclassified","nombre":"Segura bildua","superficie":"asphalt"},"geometry":{"type":"LineString","coordinates":[[-2.25604,43.00638],[-2.25595,43.00645],[-2.25589,43.0065],[-2.2558,43.00656],[-2.25567,43.00665],[-2.25563,43.00668],[-2.25552,43.00676],[-2.25533,43.0069],[-2.25526,43.00695],[-2.25519,43.00701],[-2.25502,43.00713],[-2.25488,43.00723]]}},{"type":"Feature","properties":{"id":204153676,"highway":"unclassified","nombre":"Zegama bidea"},"geometry":{"type":"LineString","coordinates":[[-2.25381,43.008],[-2.25385,43.00797],[-2.25401,43.00786],[-2.25452,43.00749],[-2.2548,43.00729],[-2.25488,43.00723]]}},{"type":"Feature","properties":{"id":204153677,"highway":"unclassified","nombre":"Zegama bidea","superficie":"asphalt"},"geometry":{"type":"LineString","coordinates":[[-2.25693,43.00584],[-2.25669,43.00593],[-2.25641,43.00609],[-2.25628,43.00619],[-2.25624,43.00623],[-2.25613,43.00631],[-2.25607,43.00636],[-2.25605,43.00637],[-2.25604,43.00638]]}},{"type":"Feature","properties":{"id":204153678,"highway":"living_street","nombre":"Zurbano kalea","oneway":"yes"},"geometry":{"type":"LineString","coordinates":[[-2.25342,43.00785],[-2.25336,43.00791],[-2.25329,43.00799],[-2.25316,43.00815],[-2.25303,43.00832],[-2.25294,43.00845],[-2.25288,43.00857],[-2.25281,43.0087],[-2.25279,43.00873],[-2.25269,43.00891],[-2.25265,43.00898],[-2.25263,43.00903],[-2.2526,43.00908],[-2.25256,43.00917],[-2.25248,43.00927]]}},{"type":"Feature","properties":{"id":204159926,"highway":"tertiary","ref":"GI-3571","superficie":"asphalt"},"geometry":{"type":"LineString","coordinates":[[-2.25118,43.01616],[-2.25113,43.01612],[-2.25107,43.01608],[-2.25102,43.01601],[-2.25098,43.01592],[-2.25091,43.01564],[-2.25084,43.01533],[-2.2508,43.01522],[-2.25078,43.01517],[-2.25074,43.01508],[-2.25069,43.015]]}},{"type":"Feature","properties":{"id":204164048,"highway":"unclassified","nombre":"Barrenaldea auzoa"},"geometry":{"type":"MultiLineString","coordinates":[[[-2.2725,42.99374],[-2.27255,42.99377]],[[-2.27272,42.99403],[-2.27273,42.99404],[-2.27282,42.99405],[-2.27284,42.99404]],[[-2.27253,42.99374],[-2.2725,42.99374]],[[-2.2725,42.99374],[-2.27255,42.99421],[-2.27256,42.99424],[-2.27257,42.99428]]]}},{"type":"Feature","properties":{"id":204164332,"highway":"track","nombre":"Olanaldea auzoa"},"geometry":{"type":"LineString","coordinates":[[-2.26358,42.97102],[-2.26362,42.97106],[-2.26372,42.97115],[-2.2638,42.97119],[-2.26388,42.97121],[-2.26396,42.97122],[-2.26398,42.97123]]}},{"type":"Feature","properties":{"id":204164361,"highway":"track","nombre":"Olanaldea auzoa"},"geometry":{"type":"MultiLineString","coordinates":[[[-2.26252,42.96834],[-2.26254,42.96838],[-2.26269,42.96851],[-2.26288,42.96876],[-2.26302,42.96893],[-2.2631,42.96908],[-2.26315,42.96913],[-2.26323,42.9692],[-2.26328,42.96926]],[[-2.26373,42.9707],[-2.26372,42.97071],[-2.26364,42.97081],[-2.26357,42.9709],[-2.26355,42.97097],[-2.26358,42.97102]]]}},{"type":"Feature","properties":{"id":204164510,"highway":"track","nombre":"Zulaaldea auzoa"},"geometry":{"type":"MultiLineString","coordinates":[[[-2.27011,42.98686],[-2.2701,42.98678],[-2.27012,42.98659],[-2.27014,42.98639],[-2.27019,42.98615]],[[-2.26959,42.98421],[-2.26946,42.98421],[-2.26933,42.98419],[-2.26919,42.98415],[-2.26883,42.98409],[-2.26844,42.98399],[-2.26807,42.98388],[-2.26776,42.98378],[-2.26758,42.98368],[-2.26751,42.98364]]]}},{"type":"Feature","properties":{"id":204164513,"highway":"track","nombre":"Zulaaldea auzoa"},"geometry":{"type":"LineString","coordinates":[[-2.27035,42.98673],[-2.2703,42.9868],[-2.27023,42.98684],[-2.27017,42.98686],[-2.27011,42.98686]]}},{"type":"Feature","properties":{"id":210761698,"highway":"tertiary","ref":"GI-3571","superficie":"asphalt"},"geometry":{"type":"LineString","coordinates":[[-2.25911,43.02032],[-2.2589,43.02031],[-2.25861,43.02028],[-2.25822,43.02024],[-2.25797,43.02022],[-2.25779,43.02019],[-2.25759,43.02017],[-2.2573,43.02012],[-2.25699,43.02008],[-2.25664,43.02003],[-2.25655,43.02002],[-2.25625,43.01999],[-2.2558,43.01996]]}},{"type":"Feature","properties":{"id":210761701,"highway":"unclassified","nombre":"Elbarrena auzoa"},"geometry":{"type":"LineString","coordinates":[[-2.2592,43.02024],[-2.2592,43.02024],[-2.25919,43.02023]]}},{"type":"Feature","properties":{"id":210761704,"highway":"unclassified","nombre":"Elbarrena auzoa"},"geometry":{"type":"LineString","coordinates":[[-2.25935,43.01792],[-2.25921,43.01799],[-2.25915,43.01803],[-2.25905,43.01809],[-2.25891,43.01818],[-2.25883,43.01821],[-2.25878,43.01824],[-2.25865,43.01828],[-2.25855,43.01831],[-2.25848,43.01831],[-2.25841,43.01831],[-2.25824,43.01828],[-2.25797,43.01822],[-2.25778,43.01818],[-2.25762,43.01817],[-2.25755,43.01817],[-2.25748,43.0182],[-2.25743,43.01823],[-2.25739,43.01828],[-2.25734,43.01833],[-2.2573,43.01838],[-2.25729,43.01844],[-2.25728,43.01852],[-2.25728,43.0186],[-2.25729,43.01866],[-2.25733,43.01877],[-2.25735,43.01884],[-2.25739,43.01889],[-2.25744,43.01893],[-2.2576,43.01903],[-2.25787,43.0192],[-2.25803,43.01932],[-2.25817,43.0194],[-2.25827,43.01948],[-2.25834,43.01955],[-2.25837,43.01958],[-2.25839,43.01963],[-2.25841,43.0197],[-2.25841,43.01975],[-2.25843,43.01978],[-2.25845,43.01982],[-2.25846,43.01985],[-2.25852,43.0199],[-2.25856,43.01993],[-2.25865,43.02001],[-2.25875,43.02007],[-2.2588,43.02009],[-2.25886,43.02012],[-2.259,43.02015],[-2.2591,43.02018],[-2.25916,43.02021],[-2.25919,43.02023]]}},{"type":"Feature","properties":{"id":210927625,"highway":"unclassified"},"geometry":{"type":"MultiLineString","coordinates":[[[-2.25935,43.01792],[-2.25952,43.01782]],[[-2.26018,43.01788],[-2.26021,43.01793],[-2.26021,43.01801],[-2.26019,43.01812],[-2.26019,43.01819],[-2.26022,43.01822],[-2.26029,43.01825],[-2.26036,43.01826],[-2.26043,43.01823],[-2.26052,43.01816],[-2.26063,43.01804],[-2.26071,43.01793]],[[-2.26093,43.01795],[-2.26091,43.01798],[-2.26089,43.01802],[-2.26084,43.01811],[-2.2608,43.01818],[-2.26074,43.01826],[-2.26064,43.01839],[-2.26055,43.01853],[-2.26047,43.01864],[-2.26041,43.01876],[-2.26037,43.01885],[-2.26034,43.0189],[-2.2603,43.01896],[-2.26025,43.01902],[-2.26019,43.01907],[-2.2601,43.01913],[-2.26,43.01919],[-2.25987,43.01929],[-2.2598,43.01935],[-2.25973,43.01943],[-2.25969,43.01949],[-2.25966,43.01957],[-2.25963,43.01961],[-2.25953,43.01974],[-2.25946,43.01985],[-2.25942,43.01991],[-2.25938,43.01994],[-2.25932,43.01998],[-2.25925,43.02002],[-2.25918,43.02003],[-2.25912,43.02005],[-2.25901,43.02004],[-2.25889,43.02001],[-2.25878,43.01997],[-2.25869,43.01992],[-2.25859,43.01984],[-2.25854,43.01982],[-2.25845,43.01982]]]}},{"type":"Feature","properties":{"id":210928315,"highway":"track","nombre":"Laiotz-Lasusti auzoa"},"geometry":{"type":"LineString","coordinates":[[-2.27503,43.00585],[-2.27481,43.00585],[-2.27467,43.00584],[-2.27451,43.00578],[-2.27408,43.00574],[-2.27393,43.00573],[-2.27361,43.00576],[-2.27347,43.00576],[-2.27314,43.00572],[-2.27298,43.00569],[-2.27272,43.00567],[-2.27243,43.00568],[-2.27186,43.00581],[-2.27143,43.00589],[-2.27124,43.00593],[-2.27111,43.00597],[-2.27099,43.00602],[-2.27087,43.00607],[-2.27085,43.0061]]}},{"type":"Feature","properties":{"id":210928330,"highway":"track","nombre":"GR-34 Otatza auzoa","superficie":"gravel"},"geometry":{"type":"LineString","coordinates":[[-2.25883,43.00916],[-2.25886,43.00919]]}},{"type":"Feature","properties":{"id":210928331,"highway":"tertiary","nombre":"Otatza auzoa","ref":"GI-3520","superficie":"asphalt"},"geometry":{"type":"LineString","coordinates":[[-2.26315,43.00709],[-2.2632,43.00694],[-2.26324,43.00686],[-2.26326,43.00675],[-2.26326,43.00666],[-2.26325,43.00658],[-2.26318,43.0065],[-2.26313,43.00641],[-2.26303,43.00632],[-2.26288,43.00617],[-2.26264,43.00595],[-2.2624,43.00574]]}},{"type":"Feature","properties":{"id":210928336,"highway":"tertiary","nombre":"Otatza auzoa","ref":"GI-3261"},"geometry":{"type":"LineString","coordinates":[[-2.26729,43.00724],[-2.2673,43.00757]]}},{"type":"Feature","properties":{"id":210928353,"highway":"path","nombre":"Otatza auzoa"},"geometry":{"type":"LineString","coordinates":[[-2.25935,43.00891],[-2.25926,43.00893],[-2.25907,43.00901],[-2.25896,43.00908],[-2.25894,43.00909],[-2.25883,43.00916]]}},{"type":"Feature","properties":{"id":212892018,"highway":"secondary","ref":"GI-2637","superficie":"asphalt"},"geometry":{"type":"LineString","coordinates":[[-2.26727,43.00088],[-2.26723,43.00083],[-2.26717,43.00079],[-2.2671,43.00077],[-2.26703,43.00077],[-2.26697,43.00079],[-2.26691,43.00081],[-2.26687,43.00085],[-2.26684,43.0009],[-2.26684,43.00095],[-2.26686,43.001],[-2.2669,43.00104],[-2.26695,43.00107],[-2.26702,43.00109],[-2.26709,43.00109]]}},{"type":"Feature","properties":{"id":212892020,"highway":"secondary","ref":"GI-2637","superficie":"asphalt"},"geometry":{"type":"LineString","coordinates":[[-2.26208,43.00563],[-2.26216,43.00562],[-2.26223,43.0056],[-2.26228,43.00556],[-2.26232,43.00551],[-2.26233,43.00546],[-2.26233,43.00541],[-2.2623,43.00536],[-2.26225,43.00531],[-2.26219,43.00528],[-2.26211,43.00527],[-2.26205,43.00527],[-2.26199,43.00529],[-2.26194,43.00531],[-2.26189,43.00535],[-2.26186,43.0054],[-2.26184,43.00545],[-2.26186,43.0055],[-2.26189,43.00555],[-2.26194,43.00559],[-2.26201,43.00562],[-2.26208,43.00563]]}},{"type":"Feature","properties":{"id":212892021,"highway":"secondary","ref":"GI-2637","superficie":"asphalt"},"geometry":{"type":"LineString","coordinates":[[-2.27289,42.99437],[-2.27285,42.99432],[-2.27279,42.99429],[-2.27271,42.99427],[-2.27264,42.99427],[-2.27257,42.99428],[-2.27253,42.99431],[-2.27249,42.99434],[-2.27247,42.99437],[-2.27245,42.99442],[-2.27246,42.99447],[-2.27247,42.99448],[-2.27247,42.9945],[-2.27249,42.99452],[-2.27255,42.99456],[-2.27261,42.99459],[-2.27269,42.99459]]}},{"type":"Feature","properties":{"id":232563649,"highway":"living_street","oneway":"yes","superficie":"asphalt"},"geometry":{"type":"LineString","coordinates":[[-2.25365,43.0047],[-2.25357,43.0047],[-2.25331,43.0047],[-2.25323,43.00472],[-2.2532,43.00477],[-2.25317,43.00483],[-2.25316,43.00489],[-2.25313,43.00493],[-2.25309,43.00497],[-2.25309,43.00502],[-2.25308,43.00507],[-2.25305,43.00512],[-2.25302,43.00516],[-2.25303,43.00523]]}},{"type":"Feature","properties":{"id":232564006,"highway":"living_street","oneway":"yes","superficie":"asphalt"},"geometry":{"type":"LineString","coordinates":[[-2.25323,43.00472],[-2.2532,43.00472],[-2.25305,43.00472],[-2.25294,43.00472],[-2.2529,43.00473],[-2.25287,43.00476],[-2.25285,43.00478],[-2.25284,43.0048],[-2.25285,43.00482],[-2.25287,43.00486],[-2.25288,43.00489],[-2.25291,43.00493],[-2.25293,43.00497],[-2.25294,43.005],[-2.25295,43.00503],[-2.25297,43.00508],[-2.25299,43.0051],[-2.25301,43.00513],[-2.25302,43.00516]]}},{"type":"Feature","properties":{"id":232564007,"highway":"steps"},"geometry":{"type":"LineString","coordinates":[[-2.25284,43.0048],[-2.25277,43.00475],[-2.25272,43.00473],[-2.25247,43.00474],[-2.25238,43.00476]]}},{"type":"Feature","properties":{"id":232564008,"highway":"steps","nombre":"Bekosoroa kalea"},"geometry":{"type":"LineString","coordinates":[[-2.25303,43.00523],[-2.25295,43.00525],[-2.25285,43.00526],[-2.25275,43.00526],[-2.25265,43.00527],[-2.2526,43.00526]]}},{"type":"Feature","properties":{"id":242290657,"highway":"cycleway","puente":"yes"},"geometry":{"type":"LineString","coordinates":[[-2.26517,43.00321],[-2.26545,43.00331]]}},{"type":"Feature","properties":{"id":242290658,"highway":"cycleway"},"geometry":{"type":"LineString","coordinates":[[-2.26156,43.00518],[-2.26171,43.00499],[-2.26209,43.00465],[-2.26232,43.0045],[-2.26261,43.00437],[-2.26292,43.00425],[-2.26323,43.00409],[-2.26356,43.00393],[-2.2639,43.00382],[-2.26413,43.00372],[-2.26442,43.00357],[-2.26464,43.00349],[-2.26485,43.00339],[-2.26498,43.00331],[-2.26513,43.00323],[-2.26517,43.00321]]}},{"type":"Feature","properties":{"id":242290659,"highway":"cycleway"},"geometry":{"type":"LineString","coordinates":[[-2.25274,43.01208],[-2.25249,43.01242],[-2.25222,43.01285],[-2.25216,43.01301],[-2.25195,43.01331],[-2.25173,43.01366],[-2.25167,43.01374],[-2.25161,43.01381],[-2.2515,43.01394],[-2.25136,43.0141],[-2.25121,43.01423],[-2.25111,43.01431],[-2.251,43.01436],[-2.2509,43.01441],[-2.25079,43.01444],[-2.25072,43.01445],[-2.25065,43.01445],[-2.25059,43.01444],[-2.25054,43.01441],[-2.2505,43.01438],[-2.25048,43.01434],[-2.25047,43.0143],[-2.25048,43.01425],[-2.25052,43.0141],[-2.25053,43.01403],[-2.25054,43.01398],[-2.25057,43.01386],[-2.25056,43.01381],[-2.25055,43.01377]]}},{"type":"Feature","properties":{"id":242290660,"highway":"cycleway","puente":"yes"},"geometry":{"type":"LineString","coordinates":[[-2.26175,43.00534],[-2.26154,43.00523]]}},{"type":"Feature","properties":{"id":242290661,"highway":"cycleway"},"geometry":{"type":"LineString","coordinates":[[-2.26545,43.00331],[-2.26552,43.00332],[-2.26557,43.00331],[-2.26611,43.003],[-2.26617,43.00296],[-2.26624,43.00293],[-2.2667,43.00263],[-2.26683,43.00253],[-2.26691,43.00245],[-2.26697,43.00236],[-2.267,43.0023],[-2.26699,43.00206],[-2.26699,43.00181],[-2.26694,43.00168],[-2.26688,43.00152],[-2.26685,43.00136],[-2.26685,43.00117],[-2.26683,43.00108],[-2.26679,43.00101],[-2.26677,43.00094],[-2.26678,43.00088],[-2.26682,43.00081],[-2.26688,43.00076],[-2.26696,43.00073],[-2.26705,43.00072],[-2.26713,43.00071],[-2.26719,43.0007],[-2.26727,43.00065],[-2.26747,43.00052],[-2.26814,43.00011],[-2.26847,42.99991],[-2.26867,42.99977],[-2.26882,42.99965],[-2.26896,42.9995],[-2.26909,42.99934],[-2.26912,42.99929],[-2.26914,42.99925],[-2.26918,42.9992],[-2.26925,42.99904],[-2.26945,42.9985],[-2.26952,42.99833],[-2.26962,42.99815],[-2.26972,42.99802],[-2.27023,42.99744],[-2.27026,42.99741],[-2.27035,42.99732],[-2.271,42.99659],[-2.27119,42.99639],[-2.27135,42.99626],[-2.27171,42.996],[-2.27185,42.99589],[-2.27198,42.99578],[-2.27207,42.99566],[-2.27211,42.99559],[-2.27213,42.9955],[-2.27218,42.99537],[-2.27225,42.99524],[-2.27232,42.99513],[-2.27235,42.99504],[-2.27239,42.99487],[-2.27242,42.99475],[-2.27244,42.99465],[-2.27243,42.99459],[-2.27242,42.99453],[-2.2724,42.9945],[-2.27237,42.99448],[-2.27236,42.99447],[-2.27228,42.99445],[-2.27229,42.99442],[-2.27229,42.99437],[-2.27235,42.99435],[-2.2724,42.99433],[-2.27245,42.9943],[-2.27249,42.99426],[-2.27256,42.99424],[-2.27258,42.99423],[-2.27264,42.99422],[-2.27273,42.99421],[-2.27279,42.99419],[-2.27286,42.99415],[-2.27291,42.99411],[-2.27294,42.99407],[-2.27295,42.99405]]}},{"type":"Feature","properties":{"id":242352239,"highway":"unclassified","nombre":"Segura barreiatua"},"geometry":{"type":"LineString","coordinates":[[-2.26611,43.0028],[-2.26614,43.00294],[-2.26617,43.00296],[-2.26621,43.00299]]}},{"type":"Feature","properties":{"id":242352240,"highway":"unclassified"},"geometry":{"type":"LineString","coordinates":[[-2.26175,43.00526],[-2.26182,43.00527],[-2.26194,43.00531]]}},{"type":"Feature","properties":{"id":242352241,"highway":"unclassified","nombre":"Segura barreiatua","puente":"yes"},"geometry":{"type":"LineString","coordinates":[[-2.26164,43.00521],[-2.26175,43.00526]]}},{"type":"Feature","properties":{"id":242352242,"highway":"unclassified","nombre":"Segura barreiatua","puente":"yes"},"geometry":{"type":"LineString","coordinates":[[-2.26609,43.0027],[-2.26611,43.0028]]}},{"type":"Feature","properties":{"id":250622980,"highway":"residential","nombre":"Goardia industrialdea","oneway":"no","superficie":"asphalt"},"geometry":{"type":"LineString","coordinates":[[-2.24862,43.01586],[-2.24892,43.01562],[-2.24909,43.01537],[-2.24917,43.01527],[-2.24919,43.01522],[-2.24927,43.01507],[-2.2488,43.01488]]}},{"type":"Feature","properties":{"id":337379162,"highway":"living_street"},"geometry":{"type":"LineString","coordinates":[[-2.25364,43.00839],[-2.2536,43.00838]]}},{"type":"Feature","properties":{"id":370778619,"highway":"secondary","ref":"GI-2637"},"geometry":{"type":"LineString","coordinates":[[-2.25067,43.01474],[-2.2507,43.0147],[-2.2507,43.01466],[-2.25069,43.01462],[-2.25067,43.01458],[-2.25063,43.01455],[-2.25059,43.01452],[-2.25055,43.01451],[-2.2505,43.0145],[-2.25045,43.0145],[-2.25041,43.01451]]}},{"type":"Feature","properties":{"id":370778636,"highway":"service","nombre":"Segura barreiatua"},"geometry":{"type":"LineString","coordinates":[[-2.25491,43.00944],[-2.25472,43.00947],[-2.2546,43.00947],[-2.25452,43.00944],[-2.25447,43.0094],[-2.25438,43.00932],[-2.25434,43.00929],[-2.25428,43.00927],[-2.25421,43.00928],[-2.25417,43.00928],[-2.25391,43.00933],[-2.25375,43.00937],[-2.2535,43.00948]]}},{"type":"Feature","properties":{"id":370778637,"highway":"service","nombre":"Segura barreiatua","puente":"yes"},"geometry":{"type":"LineString","coordinates":[[-2.25512,43.00941],[-2.25491,43.00944]]}},{"type":"Feature","properties":{"id":370778638,"highway":"service","nombre":"Segura barreiatua"},"geometry":{"type":"LineString","coordinates":[[-2.25444,43.01268],[-2.25422,43.01263],[-2.25408,43.0126],[-2.25391,43.01258]]}},{"type":"Feature","properties":{"id":370778639,"highway":"service","nombre":"GR-34 Segura barreiatua","superficie":"asphalt"},"geometry":{"type":"LineString","coordinates":[[-2.25566,43.00928],[-2.25585,43.00925],[-2.25596,43.00925],[-2.25605,43.00924],[-2.25616,43.00925],[-2.25642,43.00928],[-2.25651,43.00929],[-2.2566,43.00929]]}},{"type":"Feature","properties":{"id":370778697,"highway":"footway"},"geometry":{"type":"LineString","coordinates":[[-2.24989,43.01968],[-2.24953,43.01967]]}},{"type":"Feature","properties":{"id":370778706,"highway":"track"},"geometry":{"type":"LineString","coordinates":[[-2.25157,43.01642],[-2.25165,43.01637],[-2.25167,43.01631],[-2.25171,43.01622],[-2.25174,43.01615],[-2.25176,43.0161],[-2.25178,43.01608],[-2.25183,43.01606],[-2.25192,43.01605],[-2.25213,43.01607],[-2.25235,43.01612],[-2.25289,43.01628],[-2.25307,43.01632],[-2.25335,43.01634],[-2.25357,43.01631],[-2.25377,43.01628],[-2.25396,43.01621],[-2.25409,43.01614],[-2.25425,43.01601],[-2.25434,43.01595],[-2.25447,43.01589],[-2.25464,43.01584],[-2.25527,43.01561],[-2.2555,43.01553],[-2.25567,43.01548],[-2.25593,43.01542],[-2.25617,43.01536],[-2.25624,43.01536],[-2.25632,43.01537]]}},{"type":"Feature","properties":{"id":370778710,"highway":"footway"},"geometry":{"type":"LineString","coordinates":[[-2.25536,43.00936],[-2.25528,43.00938],[-2.25515,43.00941]]}},{"type":"Feature","properties":{"id":386902291,"highway":"secondary","ref":"GI-2637","oneway":"-1"},"geometry":{"type":"LineString","coordinates":[[-2.25038,43.01481],[-2.24999,43.01484]]}},{"type":"Feature","properties":{"id":386902292,"highway":"secondary","ref":"GI-2637","oneway":"yes"},"geometry":{"type":"LineString","coordinates":[[-2.2507,43.0147],[-2.25084,43.01456],[-2.25089,43.0145]]}},{"type":"Feature","properties":{"id":386902317,"highway":"tertiary","ref":"GI-3520","oneway":"yes","superficie":"asphalt"},"geometry":{"type":"LineString","coordinates":[[-2.26208,43.00563],[-2.26225,43.00566],[-2.2624,43.00574]]}},{"type":"Feature","properties":{"id":386944179,"highway":"tertiary","ref":"GI-3571","oneway":"yes"},"geometry":{"type":"LineString","coordinates":[[-2.25069,43.015],[-2.25067,43.01474]]}},{"type":"Feature","properties":{"id":389866964,"highway":"pedestrian","tunel":"yes"},"geometry":{"type":"LineString","coordinates":[[-2.25334,43.00944],[-2.25338,43.00945],[-2.2535,43.00948]]}},{"type":"Feature","properties":{"id":389866965,"highway":"pedestrian"},"geometry":{"type":"LineString","coordinates":[[-2.25311,43.00939],[-2.25334,43.00944]]}},{"type":"Feature","properties":{"id":401074051,"highway":"secondary","ref":"GI-2637"},"geometry":{"type":"LineString","coordinates":[[-2.25058,43.01481],[-2.25063,43.01478],[-2.25067,43.01474]]}},{"type":"Feature","properties":{"id":401074052,"highway":"tertiary","ref":"GI-3571","oneway":"yes"},"geometry":{"type":"LineString","coordinates":[[-2.25051,43.01482],[-2.25069,43.015]]}},{"type":"Feature","properties":{"id":401074060,"highway":"unclassified","nombre":"Segura barreiatua"},"geometry":{"type":"LineString","coordinates":[[-2.25049,43.01378],[-2.25053,43.01363]]}},{"type":"Feature","properties":{"id":401074061,"highway":"unclassified","nombre":"Segura barreiatua"},"geometry":{"type":"LineString","coordinates":[[-2.25063,43.01364],[-2.25063,43.01371],[-2.25062,43.01378],[-2.25061,43.01392],[-2.25058,43.01404]]}},{"type":"Feature","properties":{"id":401074137,"highway":"cycleway"},"geometry":{"type":"LineString","coordinates":[[-2.25055,43.01377],[-2.25049,43.01378]]}},{"type":"Feature","properties":{"id":401074139,"highway":"steps"},"geometry":{"type":"LineString","coordinates":[[-2.25055,43.01377],[-2.25059,43.01369],[-2.25063,43.01364]]}},{"type":"Feature","properties":{"id":401074141,"highway":"cycleway","superficie":"asphalt"},"geometry":{"type":"LineString","coordinates":[[-2.25043,43.01377],[-2.2504,43.01392],[-2.25037,43.01401],[-2.25032,43.0141],[-2.25023,43.01424],[-2.25016,43.01432],[-2.24996,43.0145],[-2.24985,43.01461],[-2.24976,43.01468],[-2.24965,43.01476],[-2.24956,43.01483],[-2.24948,43.0149],[-2.24941,43.01499],[-2.24936,43.01509],[-2.24932,43.0152],[-2.24927,43.01531],[-2.24921,43.01543],[-2.24914,43.01552],[-2.24903,43.01563],[-2.24873,43.0159]]}},{"type":"Feature","properties":{"id":401276437,"highway":"service"},"geometry":{"type":"LineString","coordinates":[[-2.25029,43.0127],[-2.25019,43.01271],[-2.25014,43.01273],[-2.25007,43.01279],[-2.24996,43.01299]]}},{"type":"Feature","properties":{"id":402956246,"highway":"service","nombre":"Segura barreiatua"},"geometry":{"type":"LineString","coordinates":[[-2.25318,42.99946],[-2.25314,42.99948],[-2.25312,42.9995],[-2.25309,42.99953],[-2.25306,42.99956],[-2.25305,42.9996],[-2.25303,42.99964],[-2.25301,42.99969],[-2.25299,42.99975],[-2.25297,42.99979],[-2.25296,42.99986],[-2.25294,42.99989],[-2.25291,42.99993],[-2.2529,42.99996],[-2.25289,42.99996],[-2.25287,42.99999],[-2.25286,43.00002],[-2.25285,43.00004],[-2.25285,43.00005],[-2.25286,43.00012]]}},{"type":"Feature","properties":{"id":402956248,"highway":"track","nombre":"Segura barreiatua"},"geometry":{"type":"LineString","coordinates":[[-2.25145,42.9971],[-2.25151,42.99719],[-2.25156,42.99729],[-2.25164,42.99741],[-2.25169,42.99747],[-2.25174,42.99748],[-2.2518,42.99747],[-2.25186,42.99742],[-2.25197,42.99722],[-2.25201,42.99709],[-2.25207,42.99703],[-2.25213,42.997],[-2.25217,42.99699],[-2.25222,42.99701],[-2.25225,42.99706],[-2.25232,42.99725],[-2.25235,42.99733],[-2.25238,42.99742],[-2.25242,42.99758],[-2.25243,42.99766],[-2.25243,42.99781],[-2.25245,42.99786],[-2.2525,42.99789],[-2.25258,42.99789],[-2.25266,42.99789],[-2.2528,42.99783],[-2.25301,42.99774],[-2.25314,42.99771],[-2.25322,42.99771],[-2.25329,42.99774],[-2.25347,42.99785],[-2.25353,42.99791],[-2.25356,42.99796],[-2.25359,42.99802],[-2.2536,42.99807],[-2.25359,42.99824],[-2.25356,42.99832],[-2.25352,42.99835],[-2.25333,42.99851],[-2.25329,42.99858],[-2.25328,42.99865],[-2.25327,42.99879],[-2.25327,42.99897],[-2.25327,42.99909],[-2.25325,42.99923],[-2.25322,42.99931],[-2.25318,42.99946]]}},{"type":"Feature","properties":{"id":412164458,"highway":"path"},"geometry":{"type":"LineString","coordinates":[[-2.25736,42.99024],[-2.2573,42.99021],[-2.25719,42.99016],[-2.25703,42.99013],[-2.25676,42.99009],[-2.25656,42.99002],[-2.25643,42.98997],[-2.25633,42.98984],[-2.2563,42.98979],[-2.25617,42.9897],[-2.25601,42.98964],[-2.25576,42.98957],[-2.25556,42.98949],[-2.25534,42.98936],[-2.25511,42.98927],[-2.25486,42.98922],[-2.25469,42.98922],[-2.25447,42.98925],[-2.25428,42.98928],[-2.25399,42.98933],[-2.25377,42.98939],[-2.25352,42.98951],[-2.25329,42.9896],[-2.25306,42.98969],[-2.25297,42.98977],[-2.25279,42.98989],[-2.25247,42.99003],[-2.25218,42.99007],[-2.25204,42.99006],[-2.25189,42.99001],[-2.25186,42.99],[-2.2517,42.9899],[-2.2516,42.9898],[-2.25153,42.98973],[-2.25145,42.9896],[-2.25139,42.98953],[-2.25133,42.9894],[-2.25128,42.98928],[-2.25119,42.98882],[-2.25119,42.9886],[-2.25106,42.98798],[-2.25101,42.98758],[-2.25104,42.98734],[-2.25112,42.98707],[-2.25123,42.98677],[-2.25127,42.98657],[-2.25126,42.98635],[-2.25119,42.98618]]}},{"type":"Feature","properties":{"id":412167080,"highway":"track"},"geometry":{"type":"MultiLineString","coordinates":[[[-2.24981,42.98381],[-2.25002,42.98377],[-2.25027,42.9837],[-2.25045,42.98359],[-2.25062,42.98345],[-2.25082,42.98333],[-2.25099,42.98324],[-2.25107,42.98311],[-2.2511,42.98296]],[[-2.25809,42.97231],[-2.25821,42.97232],[-2.25838,42.97238],[-2.25861,42.97241],[-2.25894,42.97244],[-2.25921,42.97246],[-2.25943,42.97249],[-2.25966,42.97254],[-2.25979,42.97258],[-2.25992,42.97257],[-2.26001,42.97245],[-2.2601,42.97227],[-2.26024,42.972],[-2.26036,42.97185],[-2.26054,42.97153],[-2.26062,42.9713],[-2.26069,42.97099],[-2.26073,42.97087]],[[-2.2614,42.97029],[-2.26156,42.9703],[-2.2618,42.97029],[-2.26205,42.97028],[-2.26214,42.97025],[-2.26222,42.97019],[-2.26225,42.97013],[-2.26229,42.97004],[-2.26229,42.96995],[-2.26226,42.96982],[-2.26222,42.96966],[-2.26216,42.96952],[-2.26208,42.96939],[-2.26206,42.96931],[-2.26206,42.96925],[-2.26206,42.96921]]]}},{"type":"Feature","properties":{"id":412167082,"highway":"path"},"geometry":{"type":"LineString","coordinates":[[-2.25119,42.98618],[-2.25105,42.98602],[-2.25081,42.98588],[-2.25063,42.98572],[-2.25045,42.98557],[-2.25034,42.98537],[-2.25019,42.98525],[-2.24999,42.98514],[-2.2498,42.98511],[-2.24963,42.98497],[-2.24951,42.98484],[-2.24943,42.98466],[-2.24938,42.98448],[-2.24927,42.98433],[-2.24921,42.98428]]}},{"type":"Feature","properties":{"id":412171123,"highway":"track"},"geometry":{"type":"LineString","coordinates":[[-2.26229,42.96995],[-2.26235,42.96995],[-2.26249,42.96996],[-2.26267,42.97003],[-2.26288,42.9701],[-2.26303,42.97015],[-2.26314,42.97028],[-2.26322,42.97045],[-2.26326,42.97059],[-2.26341,42.97075],[-2.26351,42.97088],[-2.26355,42.97097]]}},{"type":"Feature","properties":{"id":412171313,"highway":"track"},"geometry":{"type":"LineString","coordinates":[[-2.26564,42.97664],[-2.26556,42.97668],[-2.26554,42.97673],[-2.26554,42.97683],[-2.26556,42.97689],[-2.26556,42.97699],[-2.26553,42.97707],[-2.26552,42.97714],[-2.2655,42.97724],[-2.26549,42.97738],[-2.26546,42.97744],[-2.2654,42.97743],[-2.26531,42.97735],[-2.26523,42.97725],[-2.26508,42.97712],[-2.26493,42.97703],[-2.26481,42.97689],[-2.26469,42.97674],[-2.2646,42.97659],[-2.26455,42.97641],[-2.26455,42.97625],[-2.26459,42.97608],[-2.26463,42.97595],[-2.26471,42.97582],[-2.26478,42.97572],[-2.2649,42.97565],[-2.26498,42.97561],[-2.26502,42.97556],[-2.265,42.97551],[-2.26493,42.97549],[-2.26478,42.97551],[-2.26458,42.97554],[-2.26442,42.97559],[-2.26424,42.97569],[-2.26408,42.97581],[-2.26394,42.97596],[-2.26386,42.97606],[-2.26375,42.97617],[-2.2637,42.97629],[-2.26367,42.97642],[-2.26367,42.97655],[-2.26366,42.97675],[-2.26362,42.97688],[-2.26361,42.977],[-2.26357,42.97711],[-2.26352,42.97717],[-2.26347,42.97725],[-2.26343,42.97734],[-2.26343,42.97742],[-2.26345,42.97749],[-2.26346,42.97758],[-2.26344,42.97764],[-2.26333,42.97772],[-2.26328,42.97781],[-2.26328,42.97789],[-2.26329,42.97798],[-2.26332,42.97809],[-2.26333,42.97818],[-2.2633,42.97825],[-2.26324,42.97816],[-2.26315,42.97799],[-2.26311,42.9779],[-2.26305,42.97782],[-2.26304,42.97769],[-2.26305,42.97756],[-2.26301,42.97743],[-2.26297,42.9773],[-2.26296,42.97718],[-2.263,42.97706],[-2.26294,42.97696],[-2.26289,42.97682],[-2.26284,42.97671],[-2.2628,42.9766],[-2.26274,42.97654],[-2.26263,42.97648],[-2.26257,42.97642],[-2.2625,42.97635],[-2.26243,42.97629],[-2.26241,42.97625],[-2.26239,42.9762],[-2.26237,42.97613],[-2.26232,42.97606],[-2.2622,42.976],[-2.2621,42.97595],[-2.26207,42.97588],[-2.26209,42.97572],[-2.26209,42.97559],[-2.26207,42.97549],[-2.26205,42.97538],[-2.26205,42.97525],[-2.26205,42.97517],[-2.26204,42.9751],[-2.26197,42.97497],[-2.26192,42.97483],[-2.26193,42.97464],[-2.26195,42.97443],[-2.26194,42.97434],[-2.26192,42.97429],[-2.26184,42.97427],[-2.26174,42.97428],[-2.26168,42.97429]]}},{"type":"Feature","properties":{"id":412171314,"highway":"track"},"geometry":{"type":"LineString","coordinates":[[-2.26203,42.98012],[-2.26206,42.98002],[-2.26213,42.97992],[-2.2622,42.97987],[-2.26223,42.9798],[-2.26221,42.97969],[-2.26217,42.97957],[-2.26204,42.97945],[-2.26195,42.97938],[-2.26183,42.97924],[-2.26156,42.97885],[-2.26143,42.9786],[-2.26135,42.97846],[-2.26127,42.97827],[-2.26126,42.97814],[-2.26128,42.97789],[-2.26127,42.9777],[-2.26125,42.97754],[-2.2612,42.97743],[-2.26115,42.97732],[-2.26115,42.97722],[-2.26107,42.97712],[-2.26097,42.97696],[-2.26093,42.97681],[-2.26089,42.97667],[-2.26089,42.97654],[-2.26093,42.97642],[-2.26098,42.97633],[-2.26096,42.97623],[-2.26097,42.97612],[-2.26104,42.97597],[-2.26112,42.97585],[-2.26119,42.97571],[-2.26126,42.97563],[-2.26131,42.97554],[-2.26137,42.97541],[-2.26146,42.97523],[-2.26146,42.97487],[-2.26144,42.97482],[-2.26139,42.97479],[-2.26131,42.9748],[-2.26128,42.9748],[-2.26103,42.97479],[-2.26079,42.97479],[-2.26066,42.97478],[-2.26048,42.97474],[-2.26043,42.97472]]}},{"type":"Feature","properties":{"id":415727454,"highway":"track"},"geometry":{"type":"LineString","coordinates":[[-2.26456,42.99164],[-2.2647,42.99177],[-2.26488,42.99197],[-2.26498,42.99223],[-2.26504,42.9925],[-2.26502,42.99271],[-2.26498,42.9929],[-2.2649,42.9931],[-2.2648,42.99323],[-2.26465,42.99332],[-2.2646,42.99347],[-2.26451,42.99363],[-2.26439,42.9938],[-2.26429,42.99392],[-2.26421,42.99412],[-2.26409,42.99432],[-2.26396,42.99443],[-2.26383,42.99456],[-2.26373,42.99471],[-2.26355,42.99479],[-2.26341,42.99489],[-2.26319,42.99494],[-2.26297,42.99497],[-2.26286,42.99504],[-2.26284,42.99511],[-2.26293,42.99519],[-2.26321,42.99538],[-2.26343,42.9955],[-2.26369,42.99558],[-2.26386,42.99567],[-2.2639,42.99569],[-2.26409,42.9958],[-2.26425,42.99595],[-2.26436,42.9961],[-2.2645,42.99621],[-2.2647,42.99632],[-2.26488,42.99638],[-2.26495,42.99645],[-2.26485,42.99649],[-2.26453,42.99652],[-2.26419,42.99652],[-2.26392,42.99647],[-2.26373,42.99642],[-2.26361,42.99641],[-2.26317,42.9963],[-2.26294,42.99624],[-2.26263,42.99622],[-2.2625,42.99622],[-2.26238,42.99617]]}},{"type":"Feature","properties":{"id":420028290,"highway":"secondary","ref":"GI-2637","superficie":"asphalt"},"geometry":{"type":"LineString","coordinates":[[-2.25274,43.01222],[-2.25254,43.01252]]}},{"type":"Feature","properties":{"id":420028293,"highway":"secondary","ref":"GI-2637","puente":"yes"},"geometry":{"type":"LineString","coordinates":[[-2.25294,43.01192],[-2.25288,43.01201],[-2.25286,43.01204],[-2.2528,43.01213],[-2.25276,43.01218],[-2.25274,43.01222]]}},{"type":"Feature","properties":{"id":441624768,"highway":"secondary","ref":"GI-2637","oneway":"yes"},"geometry":{"type":"LineString","coordinates":[[-2.25026,43.01465],[-2.24999,43.01484]]}},{"type":"Feature","properties":{"id":499700369,"highway":"service"},"geometry":{"type":"LineString","coordinates":[[-2.26275,43.00388],[-2.26244,43.00399],[-2.26203,43.00412],[-2.26179,43.00418]]}},{"type":"Feature","properties":{"id":499700380,"highway":"track","nombre":"Segura barreiatua"},"geometry":{"type":"LineString","coordinates":[[-2.27216,43.00058],[-2.27219,43.00057],[-2.27222,43.00055],[-2.27223,43.0005],[-2.27224,43.00046],[-2.27226,43.0004],[-2.27231,43.00034],[-2.27252,43.00007],[-2.27262,42.99999],[-2.2727,42.99993],[-2.27277,42.99988],[-2.27281,42.99982],[-2.27287,42.99975],[-2.27291,42.99969],[-2.27292,42.99963],[-2.27292,42.99944],[-2.27293,42.99929],[-2.27296,42.99914],[-2.273,42.99904],[-2.27307,42.99892],[-2.27315,42.99883],[-2.27322,42.99878],[-2.27328,42.99875],[-2.27334,42.99875],[-2.27346,42.99876],[-2.27358,42.99878],[-2.27375,42.99881],[-2.2739,42.99884],[-2.2742,42.9989],[-2.27428,42.99891],[-2.27433,42.99892],[-2.27442,42.9989],[-2.27448,42.99888],[-2.27457,42.99886],[-2.27464,42.99885],[-2.2747,42.99885],[-2.27478,42.99886],[-2.27498,42.99891],[-2.27511,42.99896],[-2.27526,42.99903],[-2.27533,42.99905],[-2.2754,42.99907],[-2.27553,42.99909],[-2.27565,42.99904],[-2.27574,42.99897]]}},{"type":"Feature","properties":{"id":499700404,"highway":"unclassified","nombre":"Segura barreiatua","puente":"yes"},"geometry":{"type":"LineString","coordinates":[[-2.25971,43.00618],[-2.25984,43.00625]]}},{"type":"Feature","properties":{"id":499700405,"highway":"unclassified","nombre":"Segura barreiatua"},"geometry":{"type":"LineString","coordinates":[[-2.25962,43.00613],[-2.25968,43.00616],[-2.25971,43.00618]]}},{"type":"Feature","properties":{"id":499968563,"highway":"cycleway"},"geometry":{"type":"LineString","coordinates":[[-2.26175,43.00534],[-2.26176,43.00536],[-2.26175,43.00539],[-2.26156,43.00551],[-2.2608,43.00598],[-2.26054,43.00618],[-2.26047,43.00623],[-2.26039,43.00633],[-2.25999,43.00661],[-2.25982,43.00675],[-2.25959,43.007],[-2.25907,43.0076],[-2.25897,43.00769],[-2.25883,43.00779],[-2.25871,43.00787],[-2.25857,43.00795],[-2.25821,43.00811],[-2.25807,43.00816],[-2.25792,43.00819],[-2.25756,43.00821],[-2.25708,43.00821],[-2.25701,43.00822],[-2.25693,43.00823],[-2.25683,43.00825],[-2.2567,43.00824],[-2.25614,43.00814],[-2.25605,43.00813],[-2.25594,43.00814],[-2.25584,43.00817],[-2.25578,43.00822],[-2.25558,43.00853],[-2.25553,43.0086],[-2.25541,43.00872],[-2.2553,43.0088],[-2.25505,43.00904],[-2.255,43.00911],[-2.255,43.00915],[-2.25502,43.00922],[-2.25513,43.00932],[-2.25515,43.00936],[-2.25515,43.00941]]}},{"type":"Feature","properties":{"id":499968564,"highway":"unclassified","nombre":"Segura barreiatua"},"geometry":{"type":"LineString","coordinates":[[-2.25043,43.01377],[-2.25053,43.01363]]}},{"type":"Feature","properties":{"id":499968565,"highway":"cycleway","superficie":"asphalt"},"geometry":{"type":"LineString","coordinates":[[-2.25049,43.01378],[-2.25043,43.01377]]}},{"type":"Feature","properties":{"id":499968568,"highway":"cycleway"},"geometry":{"type":"LineString","coordinates":[[-2.26154,43.00523],[-2.26153,43.00521],[-2.26156,43.00518]]}},{"type":"Feature","properties":{"id":499968637,"highway":"tertiary","ref":"GI-3701"},"geometry":{"type":"LineString","coordinates":[[-2.27217,42.9944],[-2.27229,42.99442]]}},{"type":"Feature","properties":{"id":499968638,"highway":"tertiary","ref":"GI-3701","puente":"yes"},"geometry":{"type":"LineString","coordinates":[[-2.27192,42.99435],[-2.27204,42.99437],[-2.27217,42.9944]]}},{"type":"Feature","properties":{"id":499968643,"highway":"service","nombre":"Segura barreiatua"},"geometry":{"type":"LineString","coordinates":[[-2.27311,42.99515],[-2.27308,42.99539],[-2.2731,42.99541],[-2.27315,42.99542],[-2.27328,42.99542]]}},{"type":"Feature","properties":{"id":499968649,"highway":"service","nombre":"Segura barreiatua","puente":"yes"},"geometry":{"type":"LineString","coordinates":[[-2.27021,42.99736],[-2.27013,42.99729]]}},{"type":"Feature","properties":{"id":499968650,"highway":"service","nombre":"Segura barreiatua"},"geometry":{"type":"LineString","coordinates":[[-2.27031,42.99745],[-2.27026,42.99741],[-2.27021,42.99736]]}},{"type":"Feature","properties":{"id":512632617,"highway":"track"},"geometry":{"type":"LineString","coordinates":[[-2.26247,42.9905],[-2.26253,42.99056],[-2.26259,42.99064],[-2.26265,42.99069],[-2.26272,42.99077],[-2.26273,42.99084],[-2.26273,42.99102],[-2.26276,42.99114],[-2.26277,42.99125],[-2.26281,42.99138],[-2.26285,42.99153],[-2.2629,42.99179],[-2.26293,42.99198],[-2.26296,42.99209],[-2.26301,42.9922],[-2.26303,42.99228],[-2.26303,42.99236],[-2.26297,42.99244],[-2.26292,42.99254],[-2.26286,42.99259],[-2.26282,42.99261],[-2.26281,42.99261]]}},{"type":"Feature","properties":{"id":512632618,"highway":"track"},"geometry":{"type":"MultiLineString","coordinates":[[[-2.25664,42.9735],[-2.25674,42.97326],[-2.25681,42.97308]],[[-2.2574,42.97265],[-2.25742,42.97266],[-2.25762,42.9727],[-2.25791,42.97277],[-2.25811,42.97281],[-2.25826,42.97283],[-2.25839,42.9729],[-2.2585,42.97293],[-2.25869,42.97296],[-2.25882,42.97305],[-2.25897,42.97313],[-2.25913,42.97316],[-2.2594,42.97329],[-2.25963,42.97335]]]}},{"type":"Feature","properties":{"id":512632621,"highway":"track"},"geometry":{"type":"LineString","coordinates":[[-2.26414,42.97157],[-2.26409,42.9715],[-2.26396,42.97139],[-2.26385,42.97128],[-2.2638,42.97119]]}},{"type":"Feature","properties":{"id":512632622,"highway":"track"},"geometry":{"type":"LineString","coordinates":[[-2.26124,42.97093],[-2.26122,42.97089],[-2.26119,42.97081],[-2.26117,42.97071],[-2.26117,42.9706],[-2.26117,42.97053]]}},{"type":"Feature","properties":{"id":512632623,"highway":"track"},"geometry":{"type":"LineString","coordinates":[[-2.25796,42.98318],[-2.25788,42.98316],[-2.25772,42.98315],[-2.25752,42.98312],[-2.25732,42.98311],[-2.25725,42.98309],[-2.2571,42.98303],[-2.25698,42.983],[-2.25688,42.98296],[-2.25678,42.98291],[-2.25668,42.98284]]}},{"type":"Feature","properties":{"id":512632624,"highway":"track"},"geometry":{"type":"LineString","coordinates":[[-2.26043,42.97472],[-2.26025,42.97468],[-2.26008,42.97467],[-2.25995,42.97465],[-2.25981,42.97462],[-2.25965,42.97457]]}},{"type":"Feature","properties":{"id":512632625,"highway":"track"},"geometry":{"type":"LineString","coordinates":[[-2.26573,42.97527],[-2.2657,42.97534],[-2.26558,42.97553],[-2.26551,42.97567],[-2.26548,42.97577]]}},{"type":"Feature","properties":{"id":512632626,"highway":"track"},"geometry":{"type":"LineString","coordinates":[[-2.26093,42.98647],[-2.26088,42.98658],[-2.26086,42.98669],[-2.26083,42.98681],[-2.26081,42.98695],[-2.26077,42.98711],[-2.26069,42.98726],[-2.26061,42.9874],[-2.26049,42.98756],[-2.26035,42.98773],[-2.26007,42.988],[-2.25987,42.98819],[-2.25958,42.98853],[-2.25918,42.98888],[-2.25893,42.98904],[-2.25869,42.98909],[-2.25863,42.98908],[-2.25839,42.98893],[-2.25814,42.98879],[-2.25802,42.98864],[-2.25795,42.98842],[-2.25777,42.98803],[-2.25767,42.98782],[-2.25757,42.98771],[-2.25746,42.98767],[-2.25724,42.98765],[-2.25677,42.9876]]}},{"type":"Feature","properties":{"id":512632627,"highway":"track"},"geometry":{"type":"LineString","coordinates":[[-2.26043,42.97472],[-2.26027,42.97462],[-2.2601,42.97451],[-2.25988,42.97437],[-2.25975,42.97424],[-2.25968,42.97413],[-2.25958,42.97401],[-2.25949,42.9739]]}},{"type":"Feature","properties":{"id":512640129,"highway":"track"},"geometry":{"type":"LineString","coordinates":[[-2.25345,42.97943],[-2.2535,42.97942],[-2.25357,42.97935],[-2.25372,42.97916],[-2.25386,42.97894],[-2.25389,42.97887],[-2.25388,42.97875],[-2.25385,42.97859],[-2.25388,42.97843],[-2.25392,42.97826],[-2.25392,42.9781],[-2.25394,42.978],[-2.25399,42.97792],[-2.25409,42.9779],[-2.25418,42.97798],[-2.25424,42.97806],[-2.25425,42.97817],[-2.2543,42.97832],[-2.2544,42.97843],[-2.25446,42.97847],[-2.25458,42.97851],[-2.25473,42.97858],[-2.25498,42.97873],[-2.25517,42.97883],[-2.25526,42.9789],[-2.25529,42.97899],[-2.25535,42.97903],[-2.25541,42.97902],[-2.25552,42.97895],[-2.25561,42.97888],[-2.25559,42.9788],[-2.25551,42.97869],[-2.25547,42.97859],[-2.25548,42.97848],[-2.25552,42.9784],[-2.2557,42.97828],[-2.25589,42.97821],[-2.25609,42.97811],[-2.25619,42.97805],[-2.25625,42.97798],[-2.25633,42.97788],[-2.25643,42.97779],[-2.25649,42.97775],[-2.25656,42.97775],[-2.25658,42.9778],[-2.25659,42.97791],[-2.25663,42.97799],[-2.25674,42.97807],[-2.25687,42.97814],[-2.25707,42.97821],[-2.25727,42.97829],[-2.25738,42.97834],[-2.25755,42.97833]]}},{"type":"Feature","properties":{"id":525229103,"highway":"track"},"geometry":{"type":"LineString","coordinates":[[-2.27087,43.00607],[-2.27083,43.00603],[-2.27075,43.00595],[-2.27074,43.00591],[-2.27076,43.00585],[-2.27079,43.0058],[-2.27085,43.00573],[-2.27089,43.00569],[-2.27095,43.00568],[-2.27104,43.00567],[-2.27125,43.0056],[-2.27148,43.00551],[-2.27186,43.00535],[-2.27208,43.00523],[-2.27224,43.00511],[-2.27236,43.00498],[-2.2724,43.0049],[-2.27241,43.00486],[-2.27243,43.00483],[-2.27248,43.0048],[-2.27258,43.00476],[-2.27263,43.00471],[-2.27267,43.00467],[-2.27273,43.00462],[-2.27279,43.00458],[-2.27284,43.00452],[-2.27287,43.00445],[-2.27291,43.00441],[-2.27298,43.00438],[-2.27304,43.00437],[-2.27312,43.00438],[-2.27319,43.00439]]}},{"type":"Feature","properties":{"id":525229105,"highway":"track"},"geometry":{"type":"LineString","coordinates":[[-2.27968,43.00071],[-2.27971,43.00074],[-2.2797,43.00078],[-2.27969,43.00084],[-2.27965,43.0009],[-2.27956,43.00099],[-2.27946,43.00109],[-2.27937,43.00121],[-2.27926,43.00137],[-2.27914,43.00151],[-2.27901,43.00164],[-2.27889,43.00177],[-2.27881,43.00183],[-2.27869,43.00189],[-2.27841,43.00204],[-2.27815,43.00215],[-2.27784,43.00231],[-2.27769,43.00243],[-2.2776,43.00258],[-2.27748,43.00288],[-2.27732,43.00323],[-2.27711,43.00384],[-2.27693,43.00431],[-2.27677,43.00464]]}},{"type":"Feature","properties":{"id":525229108,"highway":"track"},"geometry":{"type":"LineString","coordinates":[[-2.27616,43.0057],[-2.2763,43.00555],[-2.27644,43.00536],[-2.27649,43.00528],[-2.27662,43.00506],[-2.27671,43.00483],[-2.27677,43.00464]]}},{"type":"Feature","properties":{"id":605527439,"highway":"path"},"geometry":{"type":"MultiLineString","coordinates":[[[-2.25925,43.02019],[-2.25927,43.02016],[-2.25935,43.02008],[-2.25944,43.02002]],[[-2.25985,43.01965],[-2.25983,43.01961],[-2.25979,43.0195],[-2.25985,43.01941],[-2.26003,43.01925],[-2.26025,43.01911],[-2.26033,43.01905],[-2.2604,43.01894],[-2.26051,43.01872],[-2.26064,43.01852],[-2.26084,43.01823],[-2.26099,43.01802],[-2.26103,43.01796]]]}},{"type":"Feature","properties":{"id":605527442,"highway":"service","nombre":"Segura barreiatua"},"geometry":{"type":"LineString","coordinates":[[-2.25401,43.01847],[-2.25398,43.01844],[-2.25388,43.0183],[-2.25368,43.01801],[-2.25364,43.01797]]}},{"type":"Feature","properties":{"id":605527447,"highway":"service","nombre":"Segura barreiatua"},"geometry":{"type":"LineString","coordinates":[[-2.26223,43.00225],[-2.26223,43.00222],[-2.2622,43.0022],[-2.26216,43.00219],[-2.26211,43.00219],[-2.26203,43.00221],[-2.26178,43.00229],[-2.26158,43.00234],[-2.2614,43.00238],[-2.26124,43.00238],[-2.26075,43.00237],[-2.26058,43.00235],[-2.26053,43.00234],[-2.26049,43.00231],[-2.26049,43.00228],[-2.26053,43.00219],[-2.26074,43.00209],[-2.26086,43.00203],[-2.26094,43.00199]]}},{"type":"Feature","properties":{"id":605529249,"highway":"service","nombre":"Segura barreiatua"},"geometry":{"type":"LineString","coordinates":[[-2.25843,42.99933],[-2.25837,42.99938],[-2.25836,42.99941],[-2.25835,42.99944],[-2.25837,42.99947],[-2.2584,42.99949],[-2.25845,42.99951],[-2.25861,42.99956],[-2.25866,42.99958],[-2.25872,42.99961],[-2.25875,42.99966],[-2.25874,42.99968],[-2.2587,42.99971],[-2.25859,42.99972],[-2.2585,42.99974],[-2.25838,42.99975],[-2.25824,42.99974],[-2.25815,42.99975],[-2.25811,42.9998],[-2.25811,42.99982],[-2.25811,42.99985],[-2.25814,42.99987],[-2.25817,42.9999],[-2.25822,42.99991],[-2.25829,42.99994],[-2.25841,42.99997],[-2.25861,43.00001],[-2.25884,43.00002],[-2.25919,42.99998],[-2.25934,43.0]]}},{"type":"Feature","properties":{"id":605529252,"highway":"service","nombre":"Zerkalde Aizkoeta"},"geometry":{"type":"LineString","coordinates":[[-2.25191,43.00685],[-2.25196,43.00688],[-2.25198,43.0069],[-2.25201,43.00697],[-2.25203,43.00702],[-2.25207,43.00728],[-2.25208,43.00733],[-2.25215,43.00737]]}},{"type":"Feature","properties":{"id":605529254,"highway":"living_street","nombre":"Zerkalde Zerain kalea"},"geometry":{"type":"LineString","coordinates":[[-2.2535,43.00948],[-2.25345,43.00956],[-2.25339,43.00962],[-2.25331,43.0097],[-2.25314,43.00991],[-2.25298,43.01006],[-2.25285,43.01017],[-2.25274,43.01035],[-2.25273,43.0104],[-2.2527,43.01051],[-2.2527,43.01056],[-2.25269,43.01061],[-2.2526,43.01076],[-2.25253,43.0108],[-2.25242,43.01082]]}},{"type":"Feature","properties":{"id":607659996,"highway":"track"},"geometry":{"type":"LineString","coordinates":[[-2.25727,43.01597],[-2.25697,43.01589],[-2.25677,43.01584],[-2.25672,43.01578],[-2.25682,43.01568]]}},{"type":"Feature","properties":{"id":607659997,"highway":"service"},"geometry":{"type":"LineString","coordinates":[[-2.25672,43.01578],[-2.25653,43.0158],[-2.25643,43.0158]]}},{"type":"Feature","properties":{"id":679659456,"highway":"pedestrian","nombre":"Zurbano kalea"},"geometry":{"type":"LineString","coordinates":[[-2.25303,43.00832],[-2.25259,43.00818],[-2.25225,43.0081],[-2.25212,43.00808]]}},{"type":"Feature","properties":{"id":800472732,"highway":"residential","nombre":"Goardia industrialdea","superficie":"asphalt"},"geometry":{"type":"LineString","coordinates":[[-2.2475,43.01546],[-2.24754,43.01543]]}},{"type":"Feature","properties":{"id":808856959,"highway":"path","superficie":"ground"},"geometry":{"type":"LineString","coordinates":[[-2.25016,43.0119],[-2.25011,43.01174],[-2.25004,43.01147],[-2.24999,43.01133],[-2.24987,43.0111],[-2.24961,43.01095],[-2.24938,43.01083],[-2.24925,43.01059],[-2.24917,43.01041],[-2.24904,43.01062],[-2.24891,43.01076],[-2.2487,43.01082],[-2.24843,43.01092],[-2.24823,43.01095],[-2.24797,43.01092],[-2.24778,43.01088],[-2.24767,43.01085]]}},{"type":"Feature","properties":{"id":808856960,"highway":"footway","superficie":"asphalt"},"geometry":{"type":"LineString","coordinates":[[-2.25249,43.01242],[-2.25254,43.01245],[-2.25254,43.01252]]}},{"type":"Feature","properties":{"id":808856991,"highway":"pedestrian","tunel":"yes"},"geometry":{"type":"LineString","coordinates":[[-2.25215,43.00923],[-2.25212,43.00923],[-2.25207,43.00923]]}},{"type":"Feature","properties":{"id":808856992,"highway":"pedestrian"},"geometry":{"type":"LineString","coordinates":[[-2.25207,43.00923],[-2.25196,43.00922]]}},{"type":"Feature","properties":{"id":808856993,"highway":"living_street","nombre":"Gernika kalea"},"geometry":{"type":"LineString","coordinates":[[-2.25281,43.00932],[-2.25248,43.00927]]}},{"type":"Feature","properties":{"id":808867647,"highway":"footway"},"geometry":{"type":"LineString","coordinates":[[-2.25483,43.00674],[-2.25491,43.00669],[-2.2553,43.00645],[-2.25563,43.00668]]}},{"type":"Feature","properties":{"id":808867648,"highway":"footway"},"geometry":{"type":"LineString","coordinates":[[-2.25491,43.00669],[-2.25526,43.00695]]}},{"type":"Feature","properties":{"id":808867649,"highway":"pedestrian"},"geometry":{"type":"LineString","coordinates":[[-2.25394,43.00775],[-2.2537,43.00793]]}},{"type":"Feature","properties":{"id":808867650,"highway":"footway"},"geometry":{"type":"LineString","coordinates":[[-2.2535,43.00948],[-2.2536,43.00939],[-2.25396,43.00921],[-2.25409,43.00916],[-2.25421,43.00915],[-2.25437,43.00914],[-2.25447,43.00908],[-2.2545,43.00901],[-2.25452,43.0089],[-2.25449,43.00878],[-2.25446,43.00872],[-2.25442,43.00869],[-2.25403,43.00867],[-2.25383,43.00871]]}},{"type":"Feature","properties":{"id":808867651,"highway":"footway"},"geometry":{"type":"LineString","coordinates":[[-2.25383,43.00871],[-2.25354,43.00864]]}},{"type":"Feature","properties":{"id":808867652,"highway":"footway"},"geometry":{"type":"LineString","coordinates":[[-2.25383,43.00871],[-2.25347,43.00877]]}},{"type":"Feature","properties":{"id":808867653,"highway":"footway"},"geometry":{"type":"LineString","coordinates":[[-2.25383,43.00871],[-2.25361,43.00849]]}},{"type":"Feature","properties":{"id":808867656,"highway":"footway"},"geometry":{"type":"LineString","coordinates":[[-2.25194,43.00561],[-2.25178,43.00562],[-2.25186,43.00635],[-2.25181,43.00646],[-2.25173,43.00654],[-2.25169,43.00662],[-2.25171,43.00668],[-2.25183,43.00669],[-2.25189,43.00673],[-2.25191,43.00677],[-2.25191,43.00685]]}},{"type":"Feature","properties":{"id":808867657,"highway":"footway"},"geometry":{"type":"LineString","coordinates":[[-2.25201,43.00628],[-2.25188,43.00642],[-2.25181,43.00646]]}},{"type":"Feature","properties":{"id":808867659,"highway":"track","superficie":"gravel"},"geometry":{"type":"LineString","coordinates":[[-2.25708,43.00134],[-2.25712,43.00118],[-2.2572,43.00106],[-2.25732,43.00095],[-2.25745,43.00086],[-2.25758,43.00078],[-2.25763,43.0007],[-2.25766,43.00048],[-2.25769,43.00014],[-2.25769,43.00011],[-2.25771,43.00005],[-2.25778,42.99977],[-2.25781,42.99961],[-2.25788,42.99949],[-2.25802,42.99934],[-2.2582,42.99934],[-2.25832,42.99931],[-2.25845,42.99928]]}},{"type":"Feature","properties":{"id":809064542,"highway":"path","superficie":"cobblestone"},"geometry":{"type":"LineString","coordinates":[[-2.25962,43.00613],[-2.25937,43.00619],[-2.25897,43.0062],[-2.25828,43.00616],[-2.25806,43.00611],[-2.25792,43.00607],[-2.25785,43.00602]]}},{"type":"Feature","properties":{"id":809064543,"highway":"path"},"geometry":{"type":"LineString","coordinates":[[-2.25974,43.00585],[-2.2597,43.0059],[-2.25965,43.00594],[-2.25961,43.00606],[-2.25962,43.00613]]}},{"type":"Feature","properties":{"id":809067521,"highway":"footway"},"geometry":{"type":"LineString","coordinates":[[-2.25079,43.01444],[-2.25082,43.01452],[-2.25084,43.01456]]}},{"type":"Feature","properties":{"id":879558324,"highway":"unclassified","nombre":"Elbarrena auzoa","superficie":"concrete"},"geometry":{"type":"LineString","coordinates":[[-2.24982,43.02023],[-2.24982,43.02023]]}},{"type":"Feature","properties":{"id":879558325,"highway":"tertiary","ref":"GI-3571","puente":"yes"},"geometry":{"type":"LineString","coordinates":[[-2.25144,43.01627],[-2.25125,43.0162]]}},{"type":"Feature","properties":{"id":879558326,"highway":"tertiary","ref":"GI-3571","superficie":"asphalt"},"geometry":{"type":"LineString","coordinates":[[-2.25125,43.0162],[-2.25118,43.01616]]}},{"type":"Feature","properties":{"id":879558327,"highway":"unclassified","nombre":"Segura barreiatua","puente":"yes"},"geometry":{"type":"LineString","coordinates":[[-2.26908,42.99925],[-2.26899,42.99922]]}},{"type":"Feature","properties":{"id":879558328,"highway":"cycleway","puente":"yes"},"geometry":{"type":"LineString","coordinates":[[-2.25287,43.01189],[-2.25274,43.01208]]}},{"type":"Feature","properties":{"id":879558329,"highway":"cycleway"},"geometry":{"type":"LineString","coordinates":[[-2.25515,43.00941],[-2.25517,43.00943],[-2.25523,43.00951],[-2.25525,43.00956],[-2.25525,43.00966],[-2.25522,43.00991],[-2.25518,43.01008],[-2.25513,43.01022],[-2.25506,43.01036],[-2.25496,43.0105],[-2.25483,43.01063],[-2.2547,43.01073],[-2.25453,43.01081],[-2.25422,43.01097],[-2.25395,43.0111],[-2.25371,43.01121],[-2.25354,43.01129],[-2.25337,43.01141],[-2.25324,43.0115],[-2.25306,43.01165],[-2.25287,43.01189]]}},{"type":"Feature","properties":{"id":879558330,"highway":"track","nombre":"Segura barreiatua"},"geometry":{"type":"LineString","coordinates":[[-2.25222,43.01416],[-2.2522,43.01414],[-2.25215,43.01409]]}},{"type":"Feature","properties":{"id":879558331,"highway":"track","nombre":"Segura barreiatua"},"geometry":{"type":"LineString","coordinates":[[-2.25278,43.01432],[-2.25272,43.01431],[-2.25261,43.01428],[-2.25249,43.01427],[-2.25236,43.01424],[-2.25229,43.01421],[-2.25224,43.01418],[-2.25222,43.01416]]}},{"type":"Feature","properties":{"id":879558332,"highway":"service","nombre":"Segura barreiatua","puente":"yes"},"geometry":{"type":"LineString","coordinates":[[-2.25276,43.01266],[-2.2529,43.01271]]}},{"type":"Feature","properties":{"id":879558333,"highway":"service","nombre":"Segura barreiatua"},"geometry":{"type":"LineString","coordinates":[[-2.25254,43.01252],[-2.2526,43.01259],[-2.25264,43.01261],[-2.25274,43.01265],[-2.25276,43.01266]]}},{"type":"Feature","properties":{"id":896103075,"highway":"service","nombre":"Segura barreiatua"},"geometry":{"type":"LineString","coordinates":[[-2.2574,43.01013],[-2.25748,43.0102],[-2.2576,43.01031],[-2.2577,43.01046],[-2.25781,43.01061],[-2.25805,43.01084],[-2.25843,43.01101],[-2.25862,43.01114],[-2.25869,43.01123],[-2.25869,43.01128],[-2.25865,43.01138],[-2.25855,43.01148]]}},{"type":"Feature","properties":{"id":896103076,"highway":"path"},"geometry":{"type":"MultiLineString","coordinates":[[[-2.25869,43.01123],[-2.25881,43.01124],[-2.25892,43.0113],[-2.25901,43.0114],[-2.2591,43.01147],[-2.25917,43.0115]],[[-2.25923,43.01199],[-2.25922,43.01205],[-2.25921,43.01218],[-2.25935,43.01232],[-2.25941,43.0125],[-2.25946,43.01267],[-2.25955,43.01275]]]}},{"type":"Feature","properties":{"id":901689679,"highway":"track"},"geometry":{"type":"LineString","coordinates":[[-2.27148,42.99398],[-2.27123,42.99388],[-2.27108,42.99383],[-2.27102,42.99382],[-2.27096,42.99383],[-2.27094,42.99387],[-2.27096,42.99415],[-2.27097,42.99441],[-2.27094,42.99447],[-2.2709,42.99453],[-2.27081,42.99456],[-2.27055,42.99461],[-2.27024,42.99472],[-2.27,42.99481]]}},{"type":"Feature","properties":{"id":901689680,"highway":"track"},"geometry":{"type":"LineString","coordinates":[[-2.26893,42.99312],[-2.26884,42.9932],[-2.26876,42.99328],[-2.26855,42.99344],[-2.26844,42.99348],[-2.26827,42.99351],[-2.2681,42.99356],[-2.268,42.99361],[-2.26787,42.9938],[-2.26779,42.99391],[-2.26771,42.99397],[-2.26764,42.994],[-2.26761,42.99404],[-2.26761,42.99406],[-2.26764,42.99407],[-2.2677,42.99406],[-2.26778,42.99403],[-2.268,42.99401],[-2.26808,42.99398],[-2.26818,42.99393],[-2.26823,42.99391],[-2.26828,42.9939],[-2.26836,42.99391],[-2.26848,42.99394],[-2.26858,42.99396],[-2.26864,42.99396],[-2.26881,42.99393],[-2.2689,42.99393],[-2.26897,42.99392],[-2.26906,42.99394],[-2.26914,42.99398],[-2.26919,42.99402],[-2.26922,42.99408],[-2.26924,42.99414],[-2.26926,42.99422],[-2.26921,42.99431],[-2.26914,42.99439],[-2.26905,42.99446],[-2.26892,42.99454],[-2.26876,42.99467],[-2.2686,42.99472],[-2.26841,42.99481],[-2.26826,42.9949],[-2.26814,42.99501],[-2.26802,42.99504],[-2.26779,42.99511],[-2.26759,42.9952],[-2.26743,42.9952],[-2.26728,42.99521],[-2.26723,42.99523],[-2.267,42.99529],[-2.26671,42.9954],[-2.2665,42.99549],[-2.26622,42.99556],[-2.26609,42.99558],[-2.26592,42.99557],[-2.26565,42.99554],[-2.26547,42.99553],[-2.26537,42.99555],[-2.26521,42.99561],[-2.26512,42.99565],[-2.26497,42.99565],[-2.26484,42.99564],[-2.26454,42.99557],[-2.26438,42.99555],[-2.26432,42.99555],[-2.26416,42.99558],[-2.26398,42.99564],[-2.26386,42.99567]]}},{"type":"Feature","properties":{"id":901689681,"highway":"track"},"geometry":{"type":"LineString","coordinates":[[-2.27,42.99481],[-2.27001,42.99469],[-2.27003,42.99446],[-2.27001,42.99436],[-2.26998,42.99422],[-2.26991,42.99411],[-2.26982,42.99403],[-2.26969,42.99396],[-2.26955,42.99392],[-2.26936,42.99388],[-2.26919,42.99387],[-2.2691,42.99388],[-2.26897,42.99392]]}},{"type":"Feature","properties":{"id":901689682,"highway":"track"},"geometry":{"type":"LineString","coordinates":[[-2.26298,42.98685],[-2.26289,42.98691],[-2.26309,42.98716],[-2.26321,42.98725],[-2.26326,42.98733],[-2.26323,42.9874],[-2.26315,42.98747],[-2.263,42.98756],[-2.26292,42.98759],[-2.26294,42.98767],[-2.26302,42.98775],[-2.26315,42.98791],[-2.26322,42.98799],[-2.26329,42.98801],[-2.26349,42.98809],[-2.26373,42.98821],[-2.26405,42.98842],[-2.26432,42.98855],[-2.26453,42.98871],[-2.26474,42.98884],[-2.265,42.98893],[-2.26512,42.98904],[-2.26524,42.98916],[-2.26539,42.98931],[-2.26554,42.98948],[-2.26565,42.98965]]}},{"type":"Feature","properties":{"id":901689683,"highway":"track"},"geometry":{"type":"LineString","coordinates":[[-2.26565,42.98965],[-2.26579,42.98976],[-2.26605,42.98996],[-2.26626,42.9901],[-2.26655,42.99021],[-2.26688,42.99041],[-2.26719,42.99074],[-2.26735,42.99108],[-2.26742,42.99123],[-2.26743,42.9914],[-2.26742,42.99151],[-2.26743,42.99159],[-2.26751,42.99168],[-2.26783,42.99181],[-2.26802,42.99188]]}},{"type":"Feature","properties":{"id":909085506,"highway":"path"},"geometry":{"type":"LineString","coordinates":[[-2.25963,43.00286],[-2.25978,43.00281],[-2.25991,43.00267],[-2.26002,43.00252],[-2.26011,43.00243],[-2.26035,43.00227],[-2.26053,43.00219]]}},{"type":"Feature","properties":{"id":909085507,"highway":"track"},"geometry":{"type":"LineString","coordinates":[[-2.26094,43.00199],[-2.26119,43.00186],[-2.26129,43.00163],[-2.26141,43.00134],[-2.26148,43.0011],[-2.26158,43.00087],[-2.26165,43.00058],[-2.26162,43.00042],[-2.26165,43.0003],[-2.26166,43.0002],[-2.26179,43.00006],[-2.2619,42.99987],[-2.26228,42.99974],[-2.26268,42.99958],[-2.26281,42.9995],[-2.26295,42.99937],[-2.26296,42.99917],[-2.26303,42.99913],[-2.26316,42.99907],[-2.26342,42.99907],[-2.26368,42.99906],[-2.26388,42.99901]]}},{"type":"Feature","properties":{"id":909085508,"highway":"track"},"geometry":{"type":"LineString","coordinates":[[-2.2669,42.99833],[-2.26693,42.99815],[-2.26697,42.99801],[-2.26689,42.99777],[-2.26683,42.99767],[-2.26688,42.99752],[-2.26702,42.99723],[-2.26716,42.99705],[-2.26736,42.99685],[-2.26756,42.99671],[-2.26776,42.99646],[-2.26783,42.99634],[-2.26785,42.99615],[-2.26782,42.99596],[-2.26782,42.99575],[-2.26784,42.99546],[-2.26779,42.99525],[-2.26779,42.99511]]}},{"type":"Feature","properties":{"id":909085509,"highway":"path"},"geometry":{"type":"LineString","coordinates":[[-2.26723,42.99523],[-2.267,42.9952],[-2.26652,42.99523],[-2.26624,42.99523],[-2.26594,42.99517],[-2.26577,42.99513],[-2.26562,42.99502],[-2.26539,42.99495],[-2.26532,42.99487],[-2.26531,42.99483],[-2.26533,42.99477],[-2.26537,42.99467],[-2.26547,42.99449],[-2.26553,42.99442],[-2.26559,42.99425],[-2.26573,42.99407],[-2.26587,42.99387],[-2.26595,42.99369],[-2.26599,42.99359],[-2.26627,42.99336],[-2.2664,42.99316],[-2.26648,42.99293],[-2.26652,42.9927],[-2.26652,42.99259]]}},{"type":"Feature","properties":{"id":909085510,"highway":"track"},"geometry":{"type":"LineString","coordinates":[[-2.26652,42.99259],[-2.26653,42.99246],[-2.26649,42.99224],[-2.26639,42.99206],[-2.26629,42.99191],[-2.2662,42.99164],[-2.26611,42.9914],[-2.26605,42.99119],[-2.26601,42.99105],[-2.26595,42.99088],[-2.26587,42.9907],[-2.26587,42.99061],[-2.2659,42.99048],[-2.26588,42.99031],[-2.26586,42.99023],[-2.26577,42.9901],[-2.26573,42.98998],[-2.26568,42.98985],[-2.26565,42.98972],[-2.26565,42.98965]]}},{"type":"Feature","properties":{"id":909085511,"highway":"track"},"geometry":{"type":"LineString","coordinates":[[-2.26322,42.98799],[-2.2632,42.98806],[-2.26316,42.98822],[-2.2632,42.98842],[-2.26328,42.98864],[-2.26339,42.98881],[-2.26343,42.98894],[-2.26344,42.98901],[-2.26327,42.98895],[-2.26295,42.98888],[-2.26271,42.98884],[-2.2626,42.98882],[-2.26227,42.98873]]}},{"type":"Feature","properties":{"id":909086954,"highway":"path"},"geometry":{"type":"LineString","coordinates":[[-2.26495,42.99645],[-2.26499,42.99651],[-2.26501,42.99657],[-2.26498,42.99662],[-2.26481,42.99684],[-2.26465,42.99703],[-2.26452,42.99717],[-2.26438,42.99728],[-2.26419,42.99738],[-2.26398,42.9974],[-2.26383,42.99742],[-2.26363,42.99751],[-2.26333,42.99764],[-2.26317,42.99775],[-2.26308,42.99785],[-2.26295,42.99792],[-2.2627,42.99794],[-2.26248,42.99794],[-2.26219,42.99794],[-2.26199,42.99798],[-2.26174,42.9981],[-2.26156,42.99823],[-2.26141,42.99829],[-2.26133,42.99833],[-2.26128,42.99847],[-2.26124,42.9986],[-2.26118,42.99883],[-2.2611,42.99903],[-2.26099,42.99937],[-2.26096,42.9997],[-2.26094,42.99994],[-2.26086,43.00016],[-2.26078,43.00038],[-2.26054,43.00054],[-2.2604,43.00059]]}},{"type":"Feature","properties":{"id":912564485,"highway":"track"},"geometry":{"type":"MultiLineString","coordinates":[[[-2.24474,42.98897],[-2.2448,42.98894],[-2.24489,42.98885],[-2.24492,42.98879]],[[-2.24524,42.98847],[-2.24527,42.98845],[-2.24541,42.98842],[-2.24557,42.98836],[-2.24566,42.98832],[-2.24576,42.98821],[-2.24579,42.98809],[-2.24579,42.98792],[-2.24585,42.98774],[-2.24588,42.9877],[-2.24598,42.9876],[-2.24618,42.98743],[-2.24641,42.98728],[-2.24657,42.98708],[-2.24657,42.98703],[-2.24654,42.98686],[-2.24653,42.98677]]]}},{"type":"Feature","properties":{"id":912567841,"highway":"track"},"geometry":{"type":"LineString","coordinates":[[-2.24438,42.99305],[-2.24443,42.99316],[-2.24455,42.9933],[-2.24466,42.99342],[-2.24472,42.99354],[-2.24474,42.99369],[-2.2447,42.99393],[-2.24467,42.99405],[-2.24464,42.99423],[-2.24463,42.99429],[-2.24459,42.99435]]}},{"type":"Feature","properties":{"id":913251583,"highway":"path"},"geometry":{"type":"LineString","coordinates":[[-2.25196,43.00927],[-2.25183,43.00926],[-2.25186,43.00906],[-2.25184,43.00905],[-2.25182,43.00905],[-2.25178,43.00905],[-2.25159,43.00912],[-2.25153,43.00912],[-2.2515,43.00915],[-2.25147,43.00922],[-2.2514,43.00926],[-2.25131,43.00934],[-2.25124,43.00941],[-2.25118,43.00943],[-2.2511,43.00941],[-2.25092,43.00937],[-2.2507,43.00933],[-2.2506,43.00933],[-2.2504,43.00937],[-2.24997,43.00939],[-2.24974,43.00937],[-2.24959,43.00937],[-2.24945,43.00937],[-2.24929,43.00936],[-2.24915,43.00936],[-2.24902,43.0094],[-2.24894,43.00947],[-2.2489,43.00954],[-2.24892,43.00962],[-2.24901,43.0097],[-2.24914,43.00981],[-2.2492,43.00991],[-2.24925,43.01006],[-2.24927,43.01018],[-2.24926,43.01023],[-2.24917,43.01041]]}},{"type":"Feature","properties":{"id":913253999,"highway":"path"},"geometry":{"type":"LineString","coordinates":[[-2.25225,43.00365],[-2.25209,43.00344],[-2.25159,43.00271],[-2.25058,43.00139],[-2.25041,43.00121],[-2.25003,43.00093]]}},{"type":"Feature","properties":{"id":914447373,"highway":"track"},"geometry":{"type":"LineString","coordinates":[[-2.24735,42.99625],[-2.24741,42.9963],[-2.24746,42.99648],[-2.2475,42.99675],[-2.24753,42.9969],[-2.24753,42.9974],[-2.24757,42.99772],[-2.24757,42.99805]]}},{"type":"Feature","properties":{"id":1017883969,"highway":"path"},"geometry":{"type":"LineString","coordinates":[[-2.26554,42.97683],[-2.26563,42.97689],[-2.26582,42.97697],[-2.26604,42.97703],[-2.26616,42.97713],[-2.26627,42.97719],[-2.26641,42.9772],[-2.26647,42.97724]]}},{"type":"Feature","properties":{"id":1017886491,"highway":"track"},"geometry":{"type":"LineString","coordinates":[[-2.25868,42.97683],[-2.2588,42.97677],[-2.25898,42.97669],[-2.25918,42.97661],[-2.2593,42.97657],[-2.25937,42.97656],[-2.25941,42.97659],[-2.25938,42.97669],[-2.25942,42.97691],[-2.25948,42.97717],[-2.25953,42.97726],[-2.25961,42.97727],[-2.25968,42.97724],[-2.25975,42.97719],[-2.25983,42.97715],[-2.2599,42.97711],[-2.25993,42.97701],[-2.25996,42.97689],[-2.26003,42.97678],[-2.26011,42.97667],[-2.2602,42.9766],[-2.26025,42.97652],[-2.26029,42.97638],[-2.26031,42.97624],[-2.26031,42.97613],[-2.26031,42.97601],[-2.26033,42.97592],[-2.26029,42.97588],[-2.26021,42.97587],[-2.26004,42.9759],[-2.25989,42.97591],[-2.25972,42.97591],[-2.25956,42.97589],[-2.25937,42.97582],[-2.25928,42.97579]]}},{"type":"Feature","properties":{"id":1017893017,"highway":"path"},"geometry":{"type":"LineString","coordinates":[[-2.26206,42.96925],[-2.26204,42.96924]]}},{"type":"Feature","properties":{"id":1054566387,"highway":"service"},"geometry":{"type":"LineString","coordinates":[[-2.25281,43.00932],[-2.25287,43.00922],[-2.25295,43.00909],[-2.25302,43.00895],[-2.25307,43.00882],[-2.25319,43.0086],[-2.25327,43.00844],[-2.25329,43.00839]]}},{"type":"Feature","properties":{"id":1054566388,"highway":"residential","nombre":"Andraitz kalea"},"geometry":{"type":"LineString","coordinates":[[-2.25348,43.00506],[-2.25346,43.00511],[-2.2534,43.00525]]}},{"type":"Feature","properties":{"id":1054566391,"highway":"unclassified","nombre":"Segura barreiatua"},"geometry":{"type":"LineString","coordinates":[[-2.25968,43.00616],[-2.25971,43.00611],[-2.25982,43.00611],[-2.2599,43.0061],[-2.26,43.00606],[-2.26007,43.00602],[-2.26008,43.00595],[-2.26007,43.00587],[-2.26006,43.00581],[-2.26006,43.00578],[-2.26008,43.00577]]}},{"type":"Feature","properties":{"id":1065216945,"highway":"path"},"geometry":{"type":"LineString","coordinates":[[-2.25996,42.99925],[-2.25989,42.99916],[-2.25982,42.99906],[-2.25972,42.99891],[-2.25965,42.99879],[-2.25967,42.99871],[-2.2597,42.99863],[-2.25971,42.99853],[-2.25974,42.99841],[-2.2598,42.99814],[-2.25982,42.99804],[-2.25984,42.99787],[-2.25989,42.99779],[-2.25993,42.99772],[-2.25995,42.99763],[-2.25997,42.99755],[-2.26,42.99749],[-2.26007,42.99742],[-2.26014,42.99738],[-2.26023,42.99735],[-2.26038,42.99734],[-2.26047,42.99734],[-2.26057,42.99733],[-2.26076,42.99729],[-2.26084,42.99721],[-2.26089,42.99716],[-2.2609,42.99711],[-2.2609,42.99704],[-2.26087,42.997],[-2.26077,42.99699],[-2.26065,42.99697],[-2.2605,42.99688],[-2.26038,42.99681],[-2.26021,42.99675],[-2.2601,42.99669],[-2.26,42.99663],[-2.25989,42.99654],[-2.25981,42.99647],[-2.25964,42.99638],[-2.25948,42.99628],[-2.25938,42.99622],[-2.25929,42.99613],[-2.25916,42.99608],[-2.25904,42.99603],[-2.25891,42.99595],[-2.25877,42.99587],[-2.2587,42.99576],[-2.25866,42.99572],[-2.25859,42.99568],[-2.25852,42.99559],[-2.25848,42.99556],[-2.25834,42.99546],[-2.25816,42.99529],[-2.25798,42.99509],[-2.25787,42.995],[-2.25781,42.99494],[-2.2576,42.99467],[-2.25743,42.99445],[-2.25735,42.9944],[-2.25725,42.99435],[-2.25716,42.99424],[-2.25696,42.99399],[-2.25687,42.99382],[-2.25676,42.99365],[-2.25672,42.99359],[-2.25663,42.99352],[-2.25657,42.99343],[-2.25642,42.99325],[-2.25638,42.99319],[-2.25625,42.99307],[-2.25619,42.99297],[-2.25612,42.99292],[-2.25603,42.99277],[-2.25589,42.99258],[-2.25584,42.99254],[-2.25583,42.99252]]}},{"type":"Feature","properties":{"id":1065218417,"highway":"track"},"geometry":{"type":"LineString","coordinates":[[-2.25736,42.99024],[-2.25715,42.99037],[-2.25698,42.99051],[-2.2567,42.99064],[-2.2566,42.99074],[-2.25636,42.99094],[-2.2562,42.99108],[-2.25612,42.99118],[-2.25604,42.99129],[-2.25595,42.99145],[-2.25588,42.99159],[-2.25584,42.99176],[-2.2558,42.99198],[-2.25579,42.99201],[-2.25577,42.99206],[-2.25571,42.99213],[-2.2556,42.99223],[-2.25546,42.99232],[-2.25524,42.99236],[-2.25496,42.99242],[-2.25463,42.99252],[-2.25432,42.99257]]}},{"type":"Feature","properties":{"id":1067730371,"highway":"path"},"geometry":{"type":"LineString","coordinates":[[-2.24708,43.01065],[-2.24687,43.01049],[-2.24677,43.01041],[-2.24668,43.01029],[-2.24653,43.01007],[-2.24649,43.01003],[-2.2463,43.00993],[-2.24615,43.00981],[-2.24607,43.00967],[-2.246,43.00953],[-2.24591,43.00944],[-2.24581,43.00934],[-2.24576,43.00921],[-2.24572,43.00909],[-2.24561,43.00888],[-2.24546,43.00857],[-2.24519,43.00808],[-2.24513,43.00794],[-2.24507,43.00781],[-2.24499,43.00769],[-2.24487,43.00752],[-2.24482,43.00745],[-2.2448,43.00744],[-2.24467,43.00731],[-2.24461,43.00711],[-2.24456,43.00702]]}},{"type":"Feature","properties":{"id":1067730372,"highway":"path"},"geometry":{"type":"LineString","coordinates":[[-2.24482,43.00745],[-2.24474,43.00744],[-2.24471,43.00746],[-2.24467,43.00749],[-2.24462,43.00748]]}},{"type":"Feature","properties":{"id":1075379058,"highway":"path"},"geometry":{"type":"LineString","coordinates":[[-2.25194,43.01581],[-2.25196,43.01564],[-2.252,43.01553],[-2.2521,43.01525],[-2.25218,43.01514],[-2.25223,43.01504],[-2.25234,43.01466],[-2.25234,43.01461],[-2.25234,43.01452],[-2.25233,43.01441],[-2.25233,43.01436],[-2.25235,43.01431],[-2.25236,43.01424]]}},{"type":"Feature","properties":{"id":1075379059,"highway":"path"},"geometry":{"type":"LineString","coordinates":[[-2.25062,43.01429],[-2.25065,43.01435],[-2.25079,43.01444]]}},{"type":"Feature","properties":{"id":1075379060,"highway":"footway"},"geometry":{"type":"LineString","coordinates":[[-2.25084,43.01456],[-2.25086,43.0146],[-2.25082,43.01465],[-2.25075,43.01472],[-2.25071,43.01478],[-2.2507,43.01482],[-2.2507,43.01484],[-2.25071,43.01488],[-2.25073,43.01493],[-2.25075,43.015],[-2.25078,43.01508],[-2.25078,43.01517]]}},{"type":"Feature","properties":{"id":1075379061,"highway":"living_street","nombre":"Gernika kalea"},"geometry":{"type":"LineString","coordinates":[[-2.25311,43.00939],[-2.25281,43.00932]]}},{"type":"Feature","properties":{"id":1075379062,"highway":"service"},"geometry":{"type":"LineString","coordinates":[[-2.25237,43.00982],[-2.25252,43.00985],[-2.25262,43.00966],[-2.25281,43.00932]]}},{"type":"Feature","properties":{"id":1075878056,"highway":"path"},"geometry":{"type":"LineString","coordinates":[[-2.24435,42.99283],[-2.24437,42.99276],[-2.24438,42.99267],[-2.24437,42.99256],[-2.24436,42.99242],[-2.24433,42.9923],[-2.24433,42.9922],[-2.24433,42.9921],[-2.24435,42.992],[-2.24438,42.99192],[-2.24445,42.99185],[-2.2446,42.99183],[-2.24472,42.99185],[-2.24484,42.99189],[-2.24492,42.99192],[-2.24503,42.99192],[-2.24516,42.9919],[-2.24535,42.99179],[-2.24547,42.99157],[-2.24555,42.99142],[-2.24559,42.99124],[-2.24559,42.99113],[-2.24559,42.99101],[-2.24557,42.9909],[-2.2455,42.99082],[-2.2452,42.99069],[-2.24496,42.99061],[-2.2448,42.99056],[-2.24445,42.99035],[-2.24414,42.99022],[-2.24392,42.99015]]}},{"type":"Feature","properties":{"id":1084465380,"highway":"path"},"geometry":{"type":"LineString","coordinates":[[-2.25726,43.01599],[-2.25722,43.01598],[-2.25717,43.01597],[-2.25708,43.01596],[-2.25696,43.01593],[-2.25685,43.0159],[-2.25671,43.01586],[-2.25654,43.01582],[-2.25643,43.0158]]}},{"type":"Feature","properties":{"id":1084465381,"highway":"path"},"geometry":{"type":"LineString","coordinates":[[-2.25843,43.00822],[-2.25849,43.00809],[-2.25857,43.008],[-2.25871,43.00787]]}},{"type":"Feature","properties":{"id":1084465382,"highway":"path"},"geometry":{"type":"LineString","coordinates":[[-2.27012,42.99727],[-2.27009,42.99728],[-2.27007,42.9973],[-2.27001,42.9974],[-2.26999,42.99741],[-2.26976,42.99736]]}},{"type":"Feature","properties":{"id":1085677499,"highway":"service","nombre":"Elbarrena auzoa"},"geometry":{"type":"LineString","coordinates":[[-2.25938,43.01781],[-2.25935,43.01792]]}},{"type":"Feature","properties":{"id":1085677501,"highway":"service","nombre":"Segura barreiatua"},"geometry":{"type":"LineString","coordinates":[[-2.25788,43.01013],[-2.25773,43.0101],[-2.25762,43.01009],[-2.25752,43.0101],[-2.2574,43.01013]]}},{"type":"Feature","properties":{"id":1092677185,"highway":"service"},"geometry":{"type":"LineString","coordinates":[[-2.26769,42.98914],[-2.26788,42.98906],[-2.2679,42.9889],[-2.2679,42.98888]]}},{"type":"Feature","properties":{"id":1092677186,"highway":"service"},"geometry":{"type":"LineString","coordinates":[[-2.2683,42.99037],[-2.26827,42.99034],[-2.2683,42.99029],[-2.2682,42.99017],[-2.2682,42.99013],[-2.26804,42.99004]]}},{"type":"Feature","properties":{"id":1092677190,"highway":"service"},"geometry":{"type":"LineString","coordinates":[[-2.27117,42.99516],[-2.27131,42.99505],[-2.27156,42.99489],[-2.27167,42.9948],[-2.27172,42.99471],[-2.2718,42.99453],[-2.27183,42.99445],[-2.27183,42.99439],[-2.27184,42.99434],[-2.27185,42.99432]]}},{"type":"Feature","properties":{"id":1092677199,"highway":"service"},"geometry":{"type":"LineString","coordinates":[[-2.27213,42.99472],[-2.2722,42.99462],[-2.27224,42.99461],[-2.27237,42.99448],[-2.27247,42.99448]]}},{"type":"Feature","properties":{"id":1092684449,"highway":"unclassified"},"geometry":{"type":"LineString","coordinates":[[-2.26884,42.99917],[-2.26891,42.99908],[-2.26894,42.99907]]}},{"type":"Feature","properties":{"id":1092684450,"highway":"track"},"geometry":{"type":"LineString","coordinates":[[-2.26894,42.99907],[-2.26904,42.99898],[-2.26914,42.99884],[-2.26918,42.99874],[-2.26922,42.99859],[-2.26924,42.99848],[-2.26927,42.99836],[-2.26928,42.9982]]}},{"type":"Feature","properties":{"id":1092684455,"highway":"service"},"geometry":{"type":"LineString","coordinates":[[-2.2653,42.98684],[-2.26501,42.98688],[-2.26493,42.98678],[-2.26481,42.98679],[-2.26474,42.98679]]}},{"type":"Feature","properties":{"id":1092684462,"highway":"service"},"geometry":{"type":"LineString","coordinates":[[-2.26032,43.0011],[-2.26035,43.0011],[-2.26037,43.00109],[-2.26039,43.00107],[-2.26037,43.00103],[-2.26026,43.00091],[-2.26011,43.0008],[-2.26009,43.00076],[-2.26009,43.00073],[-2.26012,43.00072],[-2.26017,43.00074],[-2.26027,43.0008],[-2.26031,43.00082],[-2.26035,43.0008],[-2.26044,43.00072]]}},{"type":"Feature","properties":{"id":1092684466,"highway":"service"},"geometry":{"type":"LineString","coordinates":[[-2.25452,42.99981],[-2.25443,42.99974],[-2.2543,42.99974],[-2.25408,42.99962],[-2.25418,42.99948],[-2.25433,42.99956]]}},{"type":"Feature","properties":{"id":1092687107,"highway":"residential"},"geometry":{"type":"LineString","coordinates":[[-2.25203,43.01072],[-2.2521,43.01077],[-2.25215,43.01082],[-2.25217,43.01088],[-2.25218,43.01092],[-2.25218,43.01099]]}},{"type":"Feature","properties":{"id":1092687108,"highway":"unclassified"},"geometry":{"type":"LineString","coordinates":[[-2.25117,43.01257],[-2.25102,43.01267],[-2.25094,43.0127],[-2.25087,43.01272],[-2.25082,43.01273]]}},{"type":"Feature","properties":{"id":1092687109,"highway":"residential","nombre":"Goardia industrialdea"},"geometry":{"type":"LineString","coordinates":[[-2.24874,43.01502],[-2.24903,43.01517],[-2.24917,43.01527]]}},{"type":"Feature","properties":{"id":1092840030,"highway":"secondary","ref":"GI-2637","superficie":"asphalt"},"geometry":{"type":"LineString","coordinates":[[-2.27269,42.99459],[-2.27276,42.99458],[-2.27282,42.99456],[-2.27287,42.99452],[-2.2729,42.99447],[-2.2729,42.99442],[-2.27289,42.99437]]}},{"type":"Feature","properties":{"id":1092840031,"highway":"secondary","ref":"GI-2637","superficie":"asphalt"},"geometry":{"type":"LineString","coordinates":[[-2.26709,43.00109],[-2.26716,43.00108],[-2.26721,43.00105],[-2.26725,43.001],[-2.26727,43.00096],[-2.26728,43.00092],[-2.26727,43.00088]]}},{"type":"Feature","properties":{"id":1159003098,"highway":"steps"},"geometry":{"type":"LineString","coordinates":[[-2.24965,43.01404],[-2.24947,43.01394],[-2.24912,43.01374],[-2.249,43.0137]]}},{"type":"Feature","properties":{"id":1159003773,"highway":"steps"},"geometry":{"type":"LineString","coordinates":[[-2.25194,43.00561],[-2.25225,43.00559]]}},{"type":"Feature","properties":{"id":1159003774,"highway":"footway"},"geometry":{"type":"LineString","coordinates":[[-2.25225,43.00559],[-2.25234,43.00639]]}},{"type":"Feature","properties":{"id":1159003775,"highway":"path"},"geometry":{"type":"LineString","coordinates":[[-2.25225,43.00559],[-2.2523,43.00553],[-2.25233,43.00546],[-2.25236,43.00536],[-2.25241,43.00528],[-2.25247,43.00525],[-2.25253,43.00523],[-2.25258,43.00519]]}},{"type":"Feature","properties":{"id":1159714820,"highway":"path"},"geometry":{"type":"LineString","coordinates":[[-2.28042,42.9957],[-2.28041,42.99575],[-2.28038,42.99594],[-2.28036,42.99617],[-2.28034,42.9963],[-2.28033,42.99643],[-2.28038,42.99656],[-2.28042,42.99674],[-2.28045,42.99686],[-2.28044,42.99699]]}},{"type":"Feature","properties":{"id":1159714821,"highway":"track"},"geometry":{"type":"LineString","coordinates":[[-2.28044,42.99699],[-2.28035,42.99704],[-2.28021,42.99717],[-2.28005,42.99731],[-2.2799,42.99748],[-2.27983,42.99759],[-2.27978,42.99768],[-2.27977,42.99779],[-2.27978,42.99788],[-2.27985,42.99798],[-2.27993,42.99808],[-2.28005,42.99819],[-2.28013,42.99826],[-2.28023,42.99837]]}},{"type":"Feature","properties":{"id":1159714822,"highway":"path"},"geometry":{"type":"LineString","coordinates":[[-2.28029,42.99843],[-2.28019,42.99842],[-2.27998,42.99837],[-2.27976,42.99828],[-2.27931,42.99807],[-2.27919,42.998],[-2.27907,42.99796],[-2.27896,42.99794],[-2.27892,42.99796],[-2.2789,42.99799],[-2.2789,42.99804],[-2.27893,42.9981],[-2.27895,42.99819],[-2.279,42.99829],[-2.27908,42.99845],[-2.27911,42.99857],[-2.2791,42.99864],[-2.27904,42.9988],[-2.27901,42.99886],[-2.27894,42.99896],[-2.27887,42.99904],[-2.27875,42.99911],[-2.27863,42.99916],[-2.27851,42.99922],[-2.27843,42.99928],[-2.27836,42.99934],[-2.27826,42.99942],[-2.27812,42.99949],[-2.27799,42.99956],[-2.27784,42.99964],[-2.27769,42.99974],[-2.27756,42.99982],[-2.27748,42.9999],[-2.27735,42.99999],[-2.27723,43.00005],[-2.27711,43.0001],[-2.27699,43.00012],[-2.27689,43.00014],[-2.2768,43.00014],[-2.27674,43.00012],[-2.27664,43.0001],[-2.27656,43.00007],[-2.27651,43.0],[-2.27647,42.9999],[-2.27642,42.99981],[-2.27636,42.99973],[-2.27626,42.99963],[-2.27603,42.9994],[-2.27587,42.99926],[-2.27579,42.99921],[-2.27565,42.99916],[-2.27553,42.99909]]}},{"type":"Feature","properties":{"id":1159714823,"highway":"path"},"geometry":{"type":"LineString","coordinates":[[-2.27346,42.99876],[-2.27344,42.9987],[-2.27342,42.9986],[-2.27339,42.9985],[-2.27334,42.99842],[-2.27325,42.99838],[-2.27316,42.99835],[-2.27304,42.99833],[-2.27293,42.99835],[-2.27281,42.99841],[-2.27272,42.99845],[-2.27263,42.99847],[-2.2726,42.99845],[-2.2726,42.99838],[-2.27263,42.99831],[-2.27269,42.99813],[-2.27274,42.99803],[-2.27282,42.99785],[-2.27285,42.99777],[-2.27289,42.99768],[-2.27293,42.99763],[-2.27293,42.9976],[-2.2729,42.99756]]}},{"type":"Feature","properties":{"id":1159714824,"highway":"track"},"geometry":{"type":"LineString","coordinates":[[-2.27262,42.99718],[-2.27275,42.99733],[-2.27283,42.99748],[-2.2729,42.99756],[-2.273,42.99755],[-2.2731,42.99753],[-2.27321,42.99746],[-2.27334,42.99729],[-2.27345,42.99724],[-2.27357,42.99721],[-2.27365,42.99719],[-2.27373,42.99716],[-2.27378,42.99711],[-2.27378,42.99705],[-2.27376,42.99699],[-2.27374,42.99694],[-2.27371,42.99687],[-2.27369,42.99681],[-2.27372,42.99676],[-2.27383,42.99665],[-2.27393,42.99655],[-2.27401,42.99649],[-2.27424,42.99639],[-2.27438,42.99635],[-2.27452,42.99631],[-2.27461,42.99626],[-2.27466,42.9962],[-2.27472,42.99615],[-2.27477,42.99614],[-2.27487,42.99614],[-2.27501,42.99615],[-2.27506,42.99615],[-2.27513,42.99613],[-2.27525,42.99608],[-2.27532,42.99607],[-2.27538,42.99607],[-2.27542,42.9961],[-2.27545,42.99614],[-2.27546,42.99618],[-2.27544,42.99623],[-2.2754,42.99633],[-2.27533,42.99648],[-2.27529,42.99651],[-2.27517,42.99658],[-2.27509,42.99662],[-2.27503,42.99669],[-2.27499,42.99675],[-2.27496,42.99683],[-2.27497,42.99691],[-2.27497,42.997],[-2.27501,42.99711],[-2.27507,42.99718],[-2.27511,42.99724],[-2.27512,42.99731],[-2.2751,42.99741],[-2.2751,42.99748],[-2.27513,42.99756],[-2.27523,42.99762],[-2.27528,42.99765],[-2.27531,42.99768],[-2.27533,42.99771],[-2.27533,42.99777],[-2.2753,42.99784],[-2.2753,42.99788],[-2.27533,42.99795],[-2.27535,42.99802],[-2.27536,42.99808],[-2.27535,42.99814],[-2.27533,42.99819],[-2.27533,42.99831],[-2.27535,42.99838],[-2.27537,42.99842],[-2.27537,42.99847],[-2.27533,42.99855],[-2.27527,42.99865]]}},{"type":"Feature","properties":{"id":1159720286,"highway":"track"},"geometry":{"type":"LineString","coordinates":[[-2.27527,42.99865],[-2.27535,42.99867],[-2.27549,42.99866],[-2.27561,42.99862],[-2.27567,42.99859],[-2.27571,42.99854],[-2.27578,42.99843],[-2.27587,42.99831],[-2.2759,42.99824],[-2.2759,42.9982],[-2.2759,42.99815],[-2.27588,42.9981],[-2.27583,42.99798],[-2.27582,42.99793],[-2.27584,42.99778],[-2.27588,42.99765],[-2.27592,42.99753],[-2.27597,42.9974],[-2.27603,42.99733],[-2.27606,42.9973],[-2.27611,42.99728],[-2.27615,42.99728],[-2.27618,42.99729],[-2.27621,42.99731],[-2.27623,42.99733],[-2.27627,42.9974],[-2.27632,42.99752],[-2.27635,42.99758],[-2.27638,42.9976],[-2.27642,42.99762],[-2.27646,42.99762],[-2.27652,42.99761],[-2.27656,42.9976],[-2.27662,42.99756],[-2.27666,42.99753],[-2.27672,42.99745],[-2.27679,42.9974],[-2.27699,42.99729],[-2.27713,42.99725],[-2.2772,42.99724],[-2.27731,42.99723],[-2.2774,42.9972],[-2.27745,42.99716],[-2.27748,42.99713],[-2.2775,42.99709],[-2.27753,42.997],[-2.27757,42.99691],[-2.27758,42.99685],[-2.27759,42.99679],[-2.27759,42.99675],[-2.27757,42.9967],[-2.27752,42.99664],[-2.27748,42.99659],[-2.27747,42.99656],[-2.27747,42.99651],[-2.2775,42.99637],[-2.27751,42.99631],[-2.2775,42.99627],[-2.27747,42.99621],[-2.27744,42.99617],[-2.27741,42.99613],[-2.2774,42.99609],[-2.27741,42.99605],[-2.27742,42.996],[-2.27744,42.99593],[-2.27748,42.99581],[-2.27755,42.99569],[-2.27758,42.99563],[-2.27766,42.99553]]}},{"type":"Feature","properties":{"id":1159720405,"highway":"track"},"geometry":{"type":"LineString","coordinates":[[-2.27346,42.99876],[-2.2736,42.99874],[-2.27379,42.99872],[-2.27393,42.99869],[-2.27403,42.99869],[-2.27416,42.99868],[-2.27423,42.99867],[-2.27446,42.99858],[-2.27451,42.99856],[-2.27459,42.99854],[-2.27466,42.99853],[-2.27475,42.99853],[-2.27481,42.99855],[-2.27494,42.99858],[-2.27506,42.99861],[-2.27519,42.99863],[-2.27527,42.99865]]}},{"type":"Feature","properties":{"id":1161471988,"highway":"path"},"geometry":{"type":"LineString","coordinates":[[-2.26647,42.97724],[-2.26661,42.97739],[-2.26669,42.97742]]}},{"type":"Feature","properties":{"id":1161472617,"highway":"path"},"geometry":{"type":"LineString","coordinates":[[-2.26564,42.97664],[-2.26561,42.97662],[-2.26559,42.9766],[-2.26556,42.97657],[-2.26555,42.97653],[-2.26554,42.97651],[-2.26544,42.97641],[-2.2654,42.97639],[-2.26537,42.97635],[-2.26535,42.97631],[-2.26531,42.97628],[-2.26529,42.97624],[-2.2653,42.9762],[-2.26531,42.97618],[-2.26531,42.97615],[-2.2653,42.97613],[-2.26532,42.97609],[-2.26532,42.97596],[-2.2653,42.97593],[-2.2653,42.97583],[-2.2653,42.9758],[-2.26534,42.97574],[-2.26534,42.97568],[-2.26539,42.97561],[-2.26542,42.97555],[-2.26548,42.97543],[-2.26553,42.97537],[-2.26554,42.97534],[-2.26554,42.97533],[-2.26555,42.97532],[-2.2656,42.9753],[-2.26564,42.97528],[-2.26566,42.97526],[-2.26568,42.97525],[-2.26569,42.97522],[-2.26571,42.97522]]}},{"type":"Feature","properties":{"id":1161472618,"highway":"track"},"geometry":{"type":"LineString","coordinates":[[-2.2576,42.9782],[-2.25769,42.97822],[-2.25771,42.97826],[-2.25776,42.97836],[-2.2578,42.97848],[-2.25787,42.97863],[-2.25792,42.97877],[-2.258,42.97888],[-2.25811,42.97901],[-2.25823,42.97911],[-2.25832,42.97915],[-2.25851,42.9792],[-2.25867,42.97924],[-2.2588,42.97924],[-2.25895,42.9792],[-2.2591,42.97916],[-2.2592,42.97912],[-2.25928,42.97911],[-2.25938,42.97912],[-2.25948,42.97914],[-2.25961,42.9792],[-2.25979,42.9793],[-2.25991,42.97936],[-2.26,42.97939],[-2.26011,42.9795],[-2.26022,42.9796],[-2.26037,42.97967],[-2.26064,42.97976],[-2.26078,42.97979],[-2.26087,42.97979],[-2.26093,42.97981],[-2.26094,42.97985],[-2.26096,42.97999],[-2.26093,42.98023],[-2.2609,42.98035],[-2.26091,42.98049]]}},{"type":"Feature","properties":{"id":1162630671,"highway":"track"},"geometry":{"type":"LineString","coordinates":[[-2.2716,43.00297],[-2.27155,43.00291],[-2.27151,43.00285],[-2.27147,43.00278],[-2.27144,43.00272],[-2.2714,43.0026],[-2.27142,43.00247],[-2.27145,43.00238],[-2.27148,43.00233],[-2.2716,43.00223],[-2.27171,43.00212],[-2.27175,43.00208],[-2.27179,43.00198],[-2.27184,43.00187],[-2.27191,43.00176],[-2.27189,43.00164],[-2.27189,43.00154],[-2.27187,43.00146],[-2.27187,43.00141],[-2.27188,43.00136],[-2.2719,43.00129],[-2.27194,43.00121],[-2.27195,43.00118]]}},{"type":"Feature","properties":{"id":1162630672,"highway":"path"},"geometry":{"type":"LineString","coordinates":[[-2.27195,43.00118],[-2.27192,43.00115],[-2.27187,43.00112],[-2.27182,43.00108],[-2.27175,43.00103],[-2.27171,43.00099],[-2.2717,43.00095],[-2.27168,43.00092],[-2.27167,43.00091],[-2.27165,43.00091],[-2.27162,43.00091],[-2.2716,43.00089],[-2.27159,43.00085],[-2.27158,43.00081],[-2.27157,43.00076],[-2.27155,43.00072],[-2.27152,43.00067],[-2.2715,43.00063],[-2.27148,43.00058]]}},{"type":"Feature","properties":{"id":1162630673,"highway":"service"},"geometry":{"type":"LineString","coordinates":[[-2.27121,43.0003],[-2.2713,43.0005],[-2.27132,43.00052],[-2.27135,43.00053],[-2.27141,43.00054],[-2.27149,43.00053]]}},{"type":"Feature","properties":{"id":1162630674,"highway":"steps"},"geometry":{"type":"LineString","coordinates":[[-2.27148,43.00058],[-2.27148,43.00054],[-2.27149,43.00053],[-2.27145,43.0005],[-2.27149,43.00039]]}},{"type":"Feature","properties":{"id":1162631064,"highway":"path"},"geometry":{"type":"LineString","coordinates":[[-2.26937,42.9998],[-2.26938,42.99977],[-2.2694,42.99974],[-2.26943,42.99971],[-2.26948,42.99969],[-2.2696,42.99962],[-2.26966,42.9996],[-2.26969,42.99957],[-2.26971,42.99955],[-2.26972,42.99952],[-2.26973,42.99949],[-2.26973,42.99945],[-2.26973,42.99938],[-2.26971,42.99935],[-2.2697,42.99932],[-2.26968,42.99929],[-2.26968,42.99928],[-2.26971,42.99922],[-2.26973,42.99914],[-2.26976,42.99907],[-2.26977,42.999],[-2.26978,42.99896],[-2.2698,42.99894],[-2.26984,42.99889],[-2.26985,42.99886],[-2.26986,42.99885],[-2.26985,42.99884],[-2.26985,42.99884],[-2.26984,42.99883],[-2.26982,42.99884],[-2.26982,42.99884],[-2.26981,42.99884],[-2.26981,42.99883],[-2.26981,42.99881],[-2.26981,42.99878],[-2.26981,42.99873],[-2.26981,42.9987],[-2.26981,42.99869],[-2.2698,42.99868],[-2.26975,42.99866],[-2.26971,42.99864],[-2.26969,42.99862],[-2.26968,42.9986]]}},{"type":"Feature","properties":{"id":1162631065,"highway":"track"},"geometry":{"type":"LineString","coordinates":[[-2.26968,42.9986],[-2.26968,42.99856],[-2.26969,42.9985],[-2.26973,42.99838],[-2.26985,42.9982],[-2.27003,42.99796],[-2.27023,42.99773],[-2.27052,42.99741],[-2.27059,42.99733],[-2.27077,42.99722],[-2.27084,42.99717],[-2.2709,42.99713]]}},{"type":"Feature","properties":{"id":1174575852,"highway":"path"},"geometry":{"type":"LineString","coordinates":[[-2.25247,42.99003],[-2.25254,42.99012],[-2.25265,42.99018],[-2.25274,42.9902],[-2.25282,42.99026],[-2.25283,42.99033],[-2.25283,42.99043],[-2.25288,42.99055],[-2.253,42.99068],[-2.25312,42.99076],[-2.2532,42.99084],[-2.2533,42.99097],[-2.2534,42.99108],[-2.25351,42.99124],[-2.25361,42.99132],[-2.25376,42.9914],[-2.25388,42.99148],[-2.25402,42.99161],[-2.2541,42.99168],[-2.2542,42.99178],[-2.25425,42.99186],[-2.25431,42.9919],[-2.2544,42.99195]]}},{"type":"Feature","properties":{"id":1174575853,"highway":"track"},"geometry":{"type":"LineString","coordinates":[[-2.25736,42.99024],[-2.25717,42.9903],[-2.25699,42.99032],[-2.25668,42.99034],[-2.25646,42.99037],[-2.25616,42.9904],[-2.25599,42.99042],[-2.25583,42.99046],[-2.25563,42.99052],[-2.25556,42.99057],[-2.25544,42.99076],[-2.25538,42.99088],[-2.25523,42.99114],[-2.25512,42.99131],[-2.25504,42.99144],[-2.25495,42.99155],[-2.25485,42.99169],[-2.2548,42.99175],[-2.2547,42.9918],[-2.25452,42.99189],[-2.2544,42.99195],[-2.2543,42.992],[-2.25415,42.99205],[-2.25403,42.99208],[-2.25395,42.99209],[-2.25381,42.99208]]}},{"type":"Feature","properties":{"id":1174575854,"highway":"path"},"geometry":{"type":"LineString","coordinates":[[-2.25452,42.99189],[-2.25464,42.99196],[-2.25469,42.992],[-2.25481,42.99205],[-2.25492,42.9921],[-2.25504,42.99213],[-2.25517,42.99214],[-2.25529,42.99213],[-2.25541,42.99211],[-2.25551,42.99211],[-2.2556,42.99212],[-2.25571,42.99213]]}},{"type":"Feature","properties":{"id":1174575855,"highway":"path"},"geometry":{"type":"LineString","coordinates":[[-2.25579,42.99201],[-2.25586,42.99206],[-2.25591,42.99209],[-2.25593,42.99215],[-2.25589,42.99224],[-2.25588,42.9923],[-2.25586,42.99235],[-2.25583,42.9924],[-2.25582,42.99246],[-2.25583,42.99252]]}},{"type":"Feature","properties":{"id":1174576035,"highway":"path"},"geometry":{"type":"LineString","coordinates":[[-2.25965,42.99879],[-2.25959,42.99873],[-2.25953,42.99866]]}},{"type":"Feature","properties":{"id":1174576064,"highway":"path"},"geometry":{"type":"LineString","coordinates":[[-2.2609,42.99704],[-2.26094,42.99698],[-2.26096,42.99691],[-2.26097,42.99683]]}},{"type":"Feature","properties":{"id":1174576175,"highway":"path"},"geometry":{"type":"LineString","coordinates":[[-2.25742,43.00016],[-2.25755,43.00014],[-2.25762,43.00014],[-2.25769,43.00011]]}},{"type":"Feature","properties":{"id":1192824213,"highway":"path"},"geometry":{"type":"LineString","coordinates":[[-2.2633,42.97825],[-2.26335,42.97834],[-2.26345,42.97852],[-2.26356,42.97874],[-2.26363,42.97894],[-2.26367,42.97918],[-2.26367,42.97928],[-2.26378,42.97952],[-2.26387,42.97978],[-2.26398,42.98008],[-2.26408,42.98024],[-2.26419,42.98038],[-2.26424,42.98047],[-2.26425,42.98052],[-2.26422,42.98055],[-2.26418,42.98055],[-2.26411,42.98051],[-2.26383,42.98034],[-2.2635,42.98015],[-2.26331,42.98004],[-2.26325,42.97995],[-2.26319,42.97982],[-2.26319,42.9797],[-2.26319,42.97961],[-2.26314,42.97953],[-2.26294,42.97942],[-2.26262,42.97924],[-2.26252,42.9792],[-2.26242,42.97918],[-2.26227,42.97912],[-2.2621,42.97906],[-2.26188,42.97896],[-2.26174,42.97885],[-2.26164,42.97878],[-2.26143,42.9786]]}},{"type":"Feature","properties":{"id":1228010679,"highway":"service"},"geometry":{"type":"LineString","coordinates":[[-2.24719,43.00984],[-2.24728,43.00988],[-2.24733,43.00994],[-2.24737,43.01002],[-2.24742,43.01009],[-2.24748,43.01014],[-2.24755,43.01016],[-2.24762,43.01017],[-2.24767,43.01016]]}},{"type":"Feature","properties":{"id":1228010746,"highway":"track"},"geometry":{"type":"LineString","coordinates":[[-2.26764,42.99407],[-2.2675,42.99409],[-2.2674,42.99407],[-2.26736,42.99398],[-2.2673,42.99379],[-2.2675,42.99345],[-2.26765,42.99314],[-2.26777,42.99299],[-2.26779,42.99288],[-2.2677,42.99287],[-2.2674,42.993],[-2.26703,42.99313],[-2.2667,42.99322],[-2.26648,42.99325],[-2.26627,42.99336]]}},{"type":"Feature","properties":{"id":1293016648,"highway":"unclassified","nombre":"Elbarrena auzoa","puente":"yes"},"geometry":{"type":"LineString","coordinates":[[-2.25379,43.01988],[-2.25378,43.0199]]}},{"type":"Feature","properties":{"id":1349738788,"highway":"unclassified","oneway":"yes"},"geometry":{"type":"LineString","coordinates":[[-2.25036,43.01435],[-2.25036,43.01442],[-2.25034,43.01448],[-2.25033,43.01455]]}},{"type":"Feature","properties":{"id":1349738789,"highway":"unclassified","oneway":"yes"},"geometry":{"type":"LineString","coordinates":[[-2.25055,43.01451],[-2.25046,43.01444],[-2.25042,43.01441],[-2.25036,43.01435]]}},{"type":"Feature","properties":{"id":1355788172,"highway":"secondary","ref":"GI-2637","oneway":"yes"},"geometry":{"type":"LineString","coordinates":[[-2.25089,43.0145],[-2.25082,43.01452],[-2.25063,43.01455]]}},{"type":"Feature","properties":{"id":1422787609,"highway":"secondary","ref":"GI-2637","superficie":"asphalt"},"geometry":{"type":"LineString","coordinates":[[-2.24894,43.01598],[-2.24899,43.01594],[-2.24909,43.01584],[-2.24919,43.01573],[-2.24929,43.01563],[-2.2494,43.01549],[-2.24948,43.01538],[-2.24956,43.01527],[-2.24963,43.01516],[-2.24973,43.01502],[-2.24981,43.01494],[-2.2499,43.01488],[-2.24999,43.01484]]}},{"type":"Feature","properties":{"id":1457057633,"highway":"pedestrian"},"geometry":{"type":"LineString","coordinates":[[-2.25273,43.0104],[-2.25235,43.01035],[-2.25207,43.01034]]}},{"type":"Feature","properties":{"id":1457127437,"highway":"steps"},"geometry":{"type":"LineString","coordinates":[[-2.25212,43.00884],[-2.25212,43.00875],[-2.25213,43.0087],[-2.25211,43.0087],[-2.25211,43.00872]]}},{"type":"Feature","properties":{"id":1457127441,"highway":"residential","nombre":"Lardizabal kalea"},"geometry":{"type":"LineString","coordinates":[[-2.25316,43.00754],[-2.25316,43.0076],[-2.25317,43.00767],[-2.25315,43.00784]]}},{"type":"Feature","properties":{"id":1457127442,"highway":"residential","nombre":"Xesterialde kalea"},"geometry":{"type":"LineString","coordinates":[[-2.25252,43.00564],[-2.25246,43.00534],[-2.25247,43.00529],[-2.25249,43.00526],[-2.2526,43.00526]]}},{"type":"Feature","properties":{"id":1457127443,"highway":"residential","nombre":"Bekosoroa kalea","oneway":"yes","superficie":"asphalt"},"geometry":{"type":"LineString","coordinates":[[-2.25303,43.00523],[-2.25308,43.00523],[-2.25316,43.00524],[-2.25331,43.00524],[-2.2534,43.00525]]}},{"type":"Feature","properties":{"id":1457127444,"highway":"residential","nombre":"Goiko Arrabal lekua","superficie":"asphalt"},"geometry":{"type":"LineString","coordinates":[[-2.2537,43.00762],[-2.25367,43.00767],[-2.25365,43.00772],[-2.25363,43.00777],[-2.25361,43.00782],[-2.25359,43.00788]]}},{"type":"Feature","properties":{"id":1457127445,"highway":"residential","nombre":"Kale Nagusia","oneway":"yes"},"geometry":{"type":"LineString","coordinates":[[-2.25381,43.008],[-2.2537,43.00793],[-2.25362,43.00788],[-2.25359,43.00788],[-2.25342,43.00785]]}},{"type":"Feature","properties":{"id":1457127446,"highway":"residential","nombre":"Segura bildua"},"geometry":{"type":"LineString","coordinates":[[-2.25385,43.00435],[-2.25365,43.0047],[-2.25352,43.00498],[-2.25348,43.00506]]}},{"type":"Feature","properties":{"id":1457127448,"highway":"pedestrian"},"geometry":{"type":"LineString","coordinates":[[-2.25211,43.00872],[-2.25201,43.00872]]}},{"type":"Feature","properties":{"id":1484397060,"highway":"path"},"geometry":{"type":"LineString","coordinates":[[-2.27969,43.00336],[-2.27971,43.00323],[-2.27974,43.003],[-2.27972,43.00283],[-2.27966,43.00269],[-2.2795,43.0026],[-2.27936,43.00257],[-2.27913,43.00241],[-2.27883,43.00223],[-2.27875,43.0022],[-2.2786,43.00213],[-2.27841,43.00204]]}},{"type":"Feature","properties":{"id":1486241888,"highway":"track"},"geometry":{"type":"LineString","coordinates":[[-2.28003,43.00179],[-2.27955,43.00189],[-2.27934,43.00196],[-2.27922,43.00203],[-2.27895,43.00214],[-2.27875,43.0022],[-2.27844,43.00226],[-2.27816,43.00233],[-2.27796,43.0024],[-2.27775,43.00249],[-2.2776,43.00258]]}},{"type":"Feature","properties":{"id":1499315576,"highway":"tertiary","nombre":"Otatza auzoa","ref":"GI-3520","oneway":"yes","superficie":"asphalt"},"geometry":{"type":"LineString","coordinates":[[-2.2624,43.00574],[-2.26231,43.0056],[-2.26228,43.00556]]}},{"type":"Feature","properties":{"id":1499315577,"highway":"unclassified","nombre":"Segura barreiatua","oneway":"yes"},"geometry":{"type":"LineString","coordinates":[[-2.27081,42.9971],[-2.27076,42.99706],[-2.27074,42.99697]]}},{"type":"Feature","properties":{"id":1499315578,"highway":"unclassified","nombre":"Segura barreiatua","oneway":"yes"},"geometry":{"type":"LineString","coordinates":[[-2.2706,42.99713],[-2.27068,42.99711],[-2.27073,42.9971],[-2.27081,42.9971]]}},{"type":"Feature","properties":{"id":1499393270,"highway":"residential","nombre":"Zerkalde kalea","oneway":"yes"},"geometry":{"type":"LineString","coordinates":[[-2.25223,43.00753],[-2.25224,43.00759],[-2.25224,43.00764],[-2.25225,43.00771]]}},{"type":"Feature","properties":{"id":1499393271,"highway":"residential","nombre":"Zerkalde kalea"},"geometry":{"type":"LineString","coordinates":[[-2.25212,43.00723],[-2.25213,43.00727],[-2.25215,43.00737],[-2.25217,43.00741],[-2.25219,43.00747],[-2.25223,43.00753]]}},{"type":"Feature","properties":{"id":1499393272,"highway":"residential","nombre":"Zerkalde kalea"},"geometry":{"type":"LineString","coordinates":[[-2.25225,43.00771],[-2.2522,43.00783],[-2.25212,43.00808],[-2.25205,43.00839],[-2.25201,43.00869],[-2.25201,43.00872],[-2.252,43.00883],[-2.25198,43.00901],[-2.25196,43.00922],[-2.25196,43.00927],[-2.25193,43.00953],[-2.2519,43.00992],[-2.25191,43.0102],[-2.25194,43.0105],[-2.25196,43.01063],[-2.25199,43.0107],[-2.25203,43.01072],[-2.25225,43.0108]]}},{"type":"Feature","properties":{"id":1499393273,"highway":"residential","nombre":"Zerkalde kalea"},"geometry":{"type":"LineString","coordinates":[[-2.25223,43.00753],[-2.25225,43.00756],[-2.25232,43.00759],[-2.25235,43.00761]]}},{"type":"Feature","properties":{"id":1499393274,"highway":"service"},"geometry":{"type":"LineString","coordinates":[[-2.25193,43.00555],[-2.25218,43.00553]]}}]}
