{"type":"FeatureCollection","features":[{"type":"Feature","properties":{"id":37569844,"highway":"tertiary","nombre":"Carretera del Baular","oneway":"yes","superficie":"asphalt"},"geometry":{"type":"LineString","coordinates":[[-3.12479,43.21091],[-3.12475,43.21085],[-3.12468,43.21078],[-3.12461,43.21066],[-3.12456,43.21058],[-3.12451,43.21047],[-3.12447,43.21032],[-3.12444,43.21016],[-3.12445,43.21006],[-3.12448,43.20997],[-3.12453,43.20987],[-3.12457,43.20975]]}},{"type":"Feature","properties":{"id":37569845,"highway":"primary_link","oneway":"yes","superficie":"asphalt"},"geometry":{"type":"LineString","coordinates":[[-3.11957,43.20597],[-3.12074,43.20592],[-3.12129,43.20591],[-3.12184,43.20594],[-3.12213,43.20596],[-3.12241,43.206],[-3.12269,43.20606],[-3.12296,43.20613],[-3.12339,43.20633]]}},{"type":"Feature","properties":{"id":37569846,"highway":"tertiary","oneway":"yes","superficie":"asphalt"},"geometry":{"type":"LineString","coordinates":[[-3.12439,43.20891],[-3.1243,43.20911],[-3.12428,43.20916],[-3.12409,43.20945]]}},{"type":"Feature","properties":{"id":37569847,"highway":"tertiary","oneway":"yes","superficie":"asphalt"},"geometry":{"type":"LineString","coordinates":[[-3.12456,43.20945],[-3.12446,43.2092],[-3.12439,43.20891]]}},{"type":"Feature","properties":{"id":37570231,"highway":"tertiary","nombre":"Carretera del Baular","oneway":"yes","superficie":"asphalt"},"geometry":{"type":"LineString","coordinates":[[-3.12416,43.2098],[-3.12431,43.21013],[-3.12445,43.2106],[-3.12456,43.21092],[-3.12459,43.21098]]}},{"type":"Feature","properties":{"id":37570232,"highway":"tertiary","superficie":"asphalt"},"geometry":{"type":"LineString","coordinates":[[-3.12493,43.21106],[-3.12493,43.21103],[-3.12492,43.21098],[-3.12488,43.21095],[-3.12484,43.21092],[-3.12479,43.21091]]}},{"type":"Feature","properties":{"id":37571027,"highway":"tertiary","nombre":"Rotonda Eroski","oneway":"yes","superficie":"asphalt"},"geometry":{"type":"LineString","coordinates":[[-3.12409,43.20945],[-3.12405,43.20949],[-3.12403,43.20953],[-3.12401,43.20957],[-3.12401,43.20962],[-3.12402,43.20966],[-3.12404,43.2097],[-3.12407,43.20974],[-3.12411,43.20977],[-3.12416,43.2098]]}},{"type":"Feature","properties":{"id":37571029,"highway":"tertiary","nombre":"Baular auzoa","izena_eu":"Baular auzoa","nombre_es":"Barrio el Baular","ref":"BI-3602","oneway":"yes","superficie":"asphalt"},"geometry":{"type":"LineString","coordinates":[[-3.12556,43.21154],[-3.12498,43.2111],[-3.12493,43.21106]]}},{"type":"Feature","properties":{"id":37571032,"highway":"tertiary","nombre":"Baular auzoa","izena_eu":"Baular auzoa","nombre_es":"Barrio el Baular","ref":"BI-3602","oneway":"yes","superficie":"asphalt"},"geometry":{"type":"LineString","coordinates":[[-3.12473,43.21116],[-3.12556,43.21154]]}},{"type":"Feature","properties":{"id":54233844,"highway":"tertiary","oneway":"no","superficie":"asphalt"},"geometry":{"type":"LineString","coordinates":[[-3.10753,43.21207],[-3.10772,43.21198],[-3.1079,43.21189],[-3.10838,43.21165]]}},{"type":"Feature","properties":{"id":55689836,"highway":"tertiary","nombre":"Avenida Trabajadores","oneway":"yes","superficie":"asphalt"},"geometry":{"type":"LineString","coordinates":[[-3.12458,43.21099],[-3.12447,43.21104],[-3.12437,43.21108],[-3.12428,43.2111],[-3.12421,43.21111],[-3.12406,43.21112]]}},{"type":"Feature","properties":{"id":55689837,"highway":"tertiary","nombre":"Avenida Trabajadores","oneway":"yes","superficie":"asphalt"},"geometry":{"type":"LineString","coordinates":[[-3.12406,43.21112],[-3.12418,43.21115],[-3.12431,43.21116],[-3.12449,43.21116],[-3.12461,43.21116],[-3.12469,43.21116]]}},{"type":"Feature","properties":{"id":60727309,"highway":"service","nombre":"Barrio Arrieta"},"geometry":{"type":"LineString","coordinates":[[-3.14868,43.21921],[-3.14863,43.21924],[-3.14858,43.21931],[-3.14856,43.21934],[-3.14847,43.21945],[-3.14843,43.21953],[-3.14844,43.2196],[-3.14844,43.21963],[-3.14844,43.21977],[-3.1485,43.22005],[-3.14856,43.2202],[-3.14858,43.22027],[-3.14858,43.22032],[-3.14855,43.22051],[-3.14853,43.2206],[-3.14856,43.22069],[-3.14864,43.22078],[-3.14868,43.22085],[-3.14869,43.22097],[-3.14866,43.22106],[-3.14852,43.22121],[-3.14846,43.22124],[-3.14835,43.22127],[-3.14821,43.2213],[-3.14802,43.2213],[-3.14764,43.22131],[-3.14732,43.22131],[-3.14679,43.22133],[-3.1465,43.22135],[-3.14642,43.22136],[-3.14634,43.22138],[-3.14628,43.22141],[-3.14624,43.22147],[-3.14622,43.22152],[-3.14622,43.22159],[-3.14625,43.22171],[-3.14628,43.22181],[-3.14627,43.22186],[-3.14638,43.22199]]}},{"type":"Feature","properties":{"id":62067076,"highway":"primary_link","ref":"BI-630","oneway":"yes","superficie":"asphalt"},"geometry":{"type":"LineString","coordinates":[[-3.18373,43.19772],[-3.18396,43.19771]]}},{"type":"Feature","properties":{"id":62067080,"highway":"primary_link","ref":"BI-630","oneway":"yes","superficie":"asphalt"},"geometry":{"type":"LineString","coordinates":[[-3.18404,43.19741],[-3.18402,43.19738],[-3.184,43.19731],[-3.18399,43.19724]]}},{"type":"Feature","properties":{"id":62067081,"highway":"primary","nombre":"Kadaguako igarobidea","izena_eu":"Kadaguako igarobidea","nombre_es":"Corredor del Cadagua","oneway":"no","puente":"yes","superficie":"asphalt"},"geometry":{"type":"LineString","coordinates":[[-3.17419,43.20305],[-3.17391,43.20309]]}},{"type":"Feature","properties":{"id":62067082,"highway":"primary","nombre":"Kadaguako igarobidea","izena_eu":"Kadaguako igarobidea","nombre_es":"Corredor del Cadagua","oneway":"no","superficie":"asphalt"},"geometry":{"type":"LineString","coordinates":[[-3.17391,43.20309],[-3.17362,43.20311],[-3.17324,43.20311],[-3.17295,43.20308],[-3.17267,43.20304],[-3.17238,43.20298],[-3.17206,43.20287],[-3.17175,43.20274],[-3.17149,43.2026],[-3.17129,43.20245]]}},{"type":"Feature","properties":{"id":62067083,"highway":"primary","nombre":"Bolunburu","izena_eu":"Bolunburu","ref":"BI-636","oneway":"no","tunel":"yes","superficie":"asphalt"},"geometry":{"type":"LineString","coordinates":[[-3.15328,43.19782],[-3.1518,43.19825],[-3.15085,43.19842]]}},{"type":"Feature","properties":{"id":62067084,"highway":"primary","nombre":"Kadaguako igarobidea","izena_eu":"Kadaguako igarobidea","nombre_es":"Corredor del Cadagua","ref":"BI-636","oneway":"no","superficie":"asphalt"},"geometry":{"type":"LineString","coordinates":[[-3.15085,43.19842],[-3.15044,43.19845],[-3.14995,43.19846],[-3.14947,43.19845],[-3.14853,43.19838],[-3.14809,43.19837],[-3.14777,43.1984],[-3.14748,43.19844],[-3.14716,43.19851],[-3.14694,43.19858],[-3.14669,43.19867],[-3.14639,43.19881],[-3.14611,43.19897],[-3.14361,43.20047],[-3.14322,43.20074],[-3.14297,43.20092],[-3.14278,43.20109],[-3.14257,43.20129],[-3.14239,43.20149],[-3.14224,43.20168],[-3.1421,43.20187],[-3.14194,43.20214],[-3.14164,43.20268],[-3.14148,43.20295],[-3.1413,43.20319],[-3.14113,43.20339],[-3.14101,43.20352],[-3.14089,43.20363]]}},{"type":"Feature","properties":{"id":62067093,"highway":"tertiary","ref":"BI-3651","oneway":"yes","superficie":"asphalt"},"geometry":{"type":"LineString","coordinates":[[-3.12482,43.20792],[-3.12464,43.20795]]}},{"type":"Feature","properties":{"id":62067094,"highway":"tertiary","nombre":"Barrio La Herrera-Ijalde","ref":"BI-3651","puente":"yes","superficie":"asphalt"},"geometry":{"type":"LineString","coordinates":[[-3.16994,43.2035],[-3.1706,43.20361]]}},{"type":"Feature","properties":{"id":62067095,"highway":"tertiary","nombre":"Barrio La Herrera-Ijalde","ref":"BI-3651","superficie":"asphalt"},"geometry":{"type":"LineString","coordinates":[[-3.17096,43.20367],[-3.17118,43.20371],[-3.17136,43.20375],[-3.1715,43.20379],[-3.17194,43.20395],[-3.17214,43.20399],[-3.17236,43.20402],[-3.1726,43.20402],[-3.17286,43.20399],[-3.17312,43.20392]]}},{"type":"Feature","properties":{"id":62067096,"highway":"primary_link","oneway":"yes","superficie":"asphalt"},"geometry":{"type":"LineString","coordinates":[[-3.17699,43.20112],[-3.17618,43.20176],[-3.17561,43.20228],[-3.17543,43.20245],[-3.17518,43.20253],[-3.17491,43.2026],[-3.17462,43.20267],[-3.17437,43.20275],[-3.17415,43.20289],[-3.17405,43.203],[-3.17392,43.20325],[-3.17376,43.20349],[-3.17357,43.20367],[-3.17336,43.20381],[-3.17312,43.20392]]}},{"type":"Feature","properties":{"id":62067097,"highway":"primary_link","oneway":"yes","superficie":"asphalt"},"geometry":{"type":"LineString","coordinates":[[-3.17312,43.20392],[-3.17355,43.20378],[-3.1738,43.20365],[-3.17425,43.20334],[-3.17455,43.20317],[-3.17465,43.20312],[-3.17502,43.20296],[-3.17523,43.20285],[-3.17538,43.20276],[-3.17575,43.2025],[-3.1761,43.20214],[-3.17632,43.20179]]}},{"type":"Feature","properties":{"id":62067551,"highway":"tertiary","nombre":"Barrio Ibarra","ref":"BI-3651","puente":"yes","superficie":"asphalt"},"geometry":{"type":"LineString","coordinates":[[-3.14322,43.20449],[-3.14377,43.20467]]}},{"type":"Feature","properties":{"id":62067552,"highway":"tertiary","nombre":"Barrio Gobeo","ref":"BI-3651","superficie":"asphalt"},"geometry":{"type":"LineString","coordinates":[[-3.14493,43.20399],[-3.1457,43.20349],[-3.1462,43.20315],[-3.14663,43.20287],[-3.14672,43.20281],[-3.14681,43.20274],[-3.14686,43.20271],[-3.14719,43.2025],[-3.14722,43.20248],[-3.1473,43.20243],[-3.14755,43.20225],[-3.14767,43.20215],[-3.14774,43.20202],[-3.14813,43.20113],[-3.14839,43.20056],[-3.14854,43.20023],[-3.1486,43.2001],[-3.14866,43.20004],[-3.14873,43.2],[-3.14884,43.19998],[-3.14898,43.19998],[-3.14915,43.20001],[-3.14934,43.20007],[-3.1494,43.2001]]}},{"type":"Feature","properties":{"id":62067553,"highway":"residential","nombre":"Longar auzoa","oneway":"yes","superficie":"asphalt"},"geometry":{"type":"LineString","coordinates":[[-3.14251,43.20449],[-3.14249,43.20455],[-3.14246,43.20457],[-3.14239,43.20465]]}},{"type":"Feature","properties":{"id":62067554,"highway":"residential","nombre":"Longar auzoa","oneway":"yes"},"geometry":{"type":"LineString","coordinates":[[-3.14483,43.20051],[-3.14488,43.20052],[-3.14493,43.20051],[-3.14497,43.20049],[-3.14499,43.20046],[-3.145,43.20045],[-3.145,43.20042],[-3.145,43.20039],[-3.14498,43.20036],[-3.14494,43.20034],[-3.1449,43.20032],[-3.14484,43.20032],[-3.14479,43.20034],[-3.14475,43.20038],[-3.14474,43.20043],[-3.14475,43.20047],[-3.14478,43.20049],[-3.14481,43.20051],[-3.14483,43.20051]]}},{"type":"Feature","properties":{"id":62067555,"highway":"service","nombre":"Longar auzoa"},"geometry":{"type":"LineString","coordinates":[[-3.14512,43.20051],[-3.14527,43.20057],[-3.14529,43.20058],[-3.14555,43.20067]]}},{"type":"Feature","properties":{"id":62067556,"highway":"tertiary","nombre":"Avenida Lehendakari Agirre","ref":"BI-3636","superficie":"asphalt"},"geometry":{"type":"LineString","coordinates":[[-3.14493,43.20399],[-3.14488,43.20408],[-3.14466,43.20441],[-3.14443,43.20476],[-3.14439,43.20483],[-3.14431,43.20496],[-3.14376,43.20586],[-3.14373,43.20591],[-3.14308,43.20698],[-3.14288,43.20732],[-3.14267,43.20768],[-3.14248,43.20796],[-3.14239,43.20807]]}},{"type":"Feature","properties":{"id":62067557,"highway":"tertiary","nombre":"Carretera del Baular","puente":"yes","superficie":"asphalt"},"geometry":{"type":"LineString","coordinates":[[-3.12444,43.20811],[-3.12444,43.20822]]}},{"type":"Feature","properties":{"id":62067559,"highway":"residential","nombre":"Lanzagorta ibilbidea","izena_eu":"Lanzagorta ibilbidea","nombre_es":"Avenida Lanzagorta","superficie":"asphalt"},"geometry":{"type":"LineString","coordinates":[[-3.13154,43.21378],[-3.13155,43.21374],[-3.13158,43.21361],[-3.13162,43.21345]]}},{"type":"Feature","properties":{"id":62068442,"highway":"residential","nombre":"Avenida Labrador","superficie":"asphalt"},"geometry":{"type":"LineString","coordinates":[[-3.13337,43.20566],[-3.13337,43.20563],[-3.13354,43.20483],[-3.13356,43.20475]]}},{"type":"Feature","properties":{"id":62068443,"highway":"residential","nombre":"Avenida Labrador","tunel":"yes","superficie":"asphalt"},"geometry":{"type":"LineString","coordinates":[[-3.13356,43.20475],[-3.1336,43.20461]]}},{"type":"Feature","properties":{"id":62068444,"highway":"unclassified","nombre":"Avenida Labrador","superficie":"asphalt"},"geometry":{"type":"LineString","coordinates":[[-3.1336,43.20461],[-3.13361,43.20455],[-3.13396,43.203],[-3.13402,43.20275],[-3.13412,43.20235],[-3.13416,43.20225],[-3.13418,43.20223],[-3.13421,43.20218],[-3.13433,43.20208],[-3.13436,43.20207],[-3.13468,43.20186],[-3.13503,43.20163],[-3.13506,43.20161],[-3.13573,43.20117],[-3.1361,43.20092],[-3.13622,43.20085],[-3.13633,43.20077]]}},{"type":"Feature","properties":{"id":62068446,"highway":"unclassified","nombre":"Barrio Codujo","superficie":"asphalt"},"geometry":{"type":"LineString","coordinates":[[-3.13859,43.19962],[-3.13873,43.19966],[-3.13889,43.19972],[-3.1392,43.19989],[-3.13935,43.19999],[-3.13934,43.20005],[-3.13934,43.20011]]}},{"type":"Feature","properties":{"id":62068447,"highway":"residential","nombre":"Barrio Gallardi","superficie":"asphalt"},"geometry":{"type":"LineString","coordinates":[[-3.12855,43.20613],[-3.12855,43.2061],[-3.12855,43.20576],[-3.12856,43.20541],[-3.12846,43.20499]]}},{"type":"Feature","properties":{"id":62071821,"highway":"primary_link","oneway":"yes","puente":"yes","superficie":"asphalt"},"geometry":{"type":"LineString","coordinates":[[-3.12438,43.20767],[-3.12433,43.20744]]}},{"type":"Feature","properties":{"id":62071823,"highway":"primary_link","oneway":"yes","superficie":"asphalt"},"geometry":{"type":"LineString","coordinates":[[-3.12249,43.20554],[-3.12182,43.20559],[-3.12165,43.2056],[-3.12149,43.2056],[-3.12135,43.20557],[-3.12124,43.20551],[-3.12116,43.20543],[-3.12113,43.20537],[-3.12112,43.20527],[-3.12116,43.20519],[-3.12125,43.2051],[-3.1214,43.20502]]}},{"type":"Feature","properties":{"id":62071824,"highway":"primary_link","oneway":"yes","superficie":"asphalt"},"geometry":{"type":"LineString","coordinates":[[-3.1214,43.20502],[-3.12127,43.20503],[-3.1211,43.2051],[-3.12041,43.2055],[-3.12015,43.20564],[-3.11993,43.20573],[-3.11967,43.20583],[-3.11942,43.2059],[-3.11906,43.20598],[-3.11857,43.20605],[-3.11757,43.20619],[-3.11734,43.20626]]}},{"type":"Feature","properties":{"id":62071826,"highway":"primary_link","superficie":"asphalt"},"geometry":{"type":"LineString","coordinates":[[-3.1214,43.20502],[-3.12155,43.20499],[-3.12175,43.20499],[-3.12195,43.20501],[-3.12216,43.20508],[-3.1223,43.20515],[-3.12247,43.20529],[-3.12339,43.20633]]}},{"type":"Feature","properties":{"id":62071829,"highway":"primary","nombre":"Kadaguako igarobidea","izena_eu":"Kadaguako igarobidea","nombre_es":"Corredor del Cadagua","ref":"BI-636","oneway":"no","puente":"yes","superficie":"asphalt"},"geometry":{"type":"LineString","coordinates":[[-3.10968,43.20756],[-3.11045,43.20741]]}},{"type":"Feature","properties":{"id":62071830,"highway":"primary","nombre":"Kadaguako igarobidea","izena_eu":"Kadaguako igarobidea","nombre_es":"Corredor del Cadagua","ref":"BI-636","oneway":"no","superficie":"asphalt"},"geometry":{"type":"LineString","coordinates":[[-3.11045,43.20741],[-3.11225,43.20709],[-3.11371,43.20683]]}},{"type":"Feature","properties":{"id":62071831,"highway":"tertiary","ref":"BI-3621","oneway":"no","superficie":"asphalt"},"geometry":{"type":"MultiLineString","coordinates":[[[-3.10768,43.20343],[-3.10765,43.20357]],[[-3.10764,43.20396],[-3.10767,43.20401],[-3.10772,43.20407],[-3.10777,43.20411],[-3.10784,43.20415],[-3.10793,43.20419],[-3.10806,43.20422],[-3.10828,43.20425],[-3.10841,43.20428],[-3.10853,43.20431],[-3.10865,43.20436],[-3.10895,43.20453],[-3.10907,43.20458],[-3.10918,43.20462],[-3.10928,43.20464],[-3.10941,43.20466],[-3.10955,43.20466],[-3.11001,43.20465],[-3.11017,43.20465],[-3.11029,43.20467],[-3.1104,43.2047],[-3.1105,43.20474],[-3.11057,43.20478],[-3.11067,43.20487],[-3.11073,43.20495],[-3.11077,43.20504],[-3.11078,43.20513],[-3.11078,43.20522],[-3.11075,43.20533],[-3.11065,43.20553],[-3.11037,43.20605],[-3.11022,43.20638]]]}},{"type":"Feature","properties":{"id":62071832,"highway":"tertiary","nombre":"Nicolas Maria Urgoiti kalea","izena_eu":"Nicolas Maria Urgoiti kalea","nombre_es":"Calle Nicolás María Urgoiti","superficie":"asphalt"},"geometry":{"type":"LineString","coordinates":[[-3.11516,43.2107],[-3.11511,43.21067],[-3.11495,43.21059],[-3.11446,43.21036],[-3.11433,43.2103],[-3.11423,43.21025],[-3.11349,43.20991],[-3.11342,43.20988],[-3.11329,43.20983]]}},{"type":"Feature","properties":{"id":62071833,"highway":"tertiary","nombre":"Nicolas Maria Urgoiti kalea","izena_eu":"Nicolas Maria Urgoiti kalea","nombre_es":"Calle Nicolás María Urgoiti","puente":"yes","superficie":"asphalt"},"geometry":{"type":"LineString","coordinates":[[-3.1131,43.20977],[-3.11265,43.20978],[-3.11256,43.20978]]}},{"type":"Feature","properties":{"id":62071834,"highway":"tertiary","nombre":"Nicolas Maria Urgoiti kalea","izena_eu":"Nicolas Maria Urgoiti kalea","nombre_es":"Calle Nicolás María Urgoiti","superficie":"asphalt"},"geometry":{"type":"LineString","coordinates":[[-3.11256,43.20978],[-3.11248,43.20977],[-3.11238,43.20972],[-3.11232,43.20968],[-3.11216,43.20946],[-3.1121,43.20938],[-3.11206,43.20934],[-3.11199,43.20928],[-3.11191,43.20923],[-3.11176,43.20914],[-3.11147,43.20902],[-3.11108,43.20885],[-3.11096,43.20879]]}},{"type":"Feature","properties":{"id":62071844,"highway":"primary","nombre":"Kadaguako igarobidea","izena_eu":"Kadaguako igarobidea","nombre_es":"Corredor del Cadagua","ref":"BI-636","oneway":"no","superficie":"asphalt"},"geometry":{"type":"LineString","coordinates":[[-3.10772,43.20791],[-3.10836,43.2078],[-3.10968,43.20756]]}},{"type":"Feature","properties":{"id":62091525,"highway":"primary_link","oneway":"yes","superficie":"asphalt"},"geometry":{"type":"LineString","coordinates":[[-3.11023,43.20766],[-3.11033,43.20769],[-3.11038,43.2077],[-3.11047,43.20771],[-3.1106,43.20768]]}},{"type":"Feature","properties":{"id":62091526,"highway":"primary_link","oneway":"yes","superficie":"asphalt"},"geometry":{"type":"LineString","coordinates":[[-3.11033,43.20802],[-3.11036,43.20791],[-3.11041,43.20781],[-3.1105,43.20773],[-3.1106,43.20768]]}},{"type":"Feature","properties":{"id":62091527,"highway":"primary_link","oneway":"yes"},"geometry":{"type":"LineString","coordinates":[[-3.11045,43.20671],[-3.11031,43.20669],[-3.1102,43.20671],[-3.11014,43.20673],[-3.11008,43.20676]]}},{"type":"Feature","properties":{"id":62091528,"highway":"primary_link","oneway":"yes"},"geometry":{"type":"LineString","coordinates":[[-3.11371,43.20683],[-3.11297,43.20692],[-3.11219,43.20702],[-3.11173,43.20707],[-3.11149,43.20709],[-3.1113,43.20709],[-3.11113,43.20706],[-3.11096,43.20701],[-3.11072,43.20689],[-3.11045,43.20671]]}},{"type":"Feature","properties":{"id":62210382,"highway":"unclassified","nombre":"Arechaga auzoa","izena_eu":"Arechaga auzoa","nombre_es":"Barrio Arechaga"},"geometry":{"type":"LineString","coordinates":[[-3.13064,43.20876],[-3.13061,43.20888],[-3.13065,43.20898],[-3.13066,43.20917],[-3.13065,43.20922],[-3.13061,43.20941],[-3.13059,43.20958],[-3.1305,43.21003]]}},{"type":"Feature","properties":{"id":62210386,"highway":"residential","nombre":"Urbanización La Robla"},"geometry":{"type":"LineString","coordinates":[[-3.13095,43.20652],[-3.13081,43.20658],[-3.13075,43.20665],[-3.13062,43.2069],[-3.13043,43.20729],[-3.13031,43.20753],[-3.13024,43.20765]]}},{"type":"Feature","properties":{"id":62210387,"highway":"residential","nombre":"Avenida Lanzagorta"},"geometry":{"type":"LineString","coordinates":[[-3.12843,43.20746],[-3.12847,43.20753],[-3.12851,43.20757],[-3.1286,43.20759],[-3.13007,43.20768],[-3.13024,43.20765],[-3.13034,43.20766],[-3.13048,43.20766],[-3.13155,43.20771],[-3.13166,43.20771]]}},{"type":"Feature","properties":{"id":62210389,"highway":"residential","nombre":"Barrio Gallardi","superficie":"asphalt"},"geometry":{"type":"LineString","coordinates":[[-3.12843,43.20746],[-3.12845,43.20703],[-3.12848,43.20676],[-3.12854,43.20623]]}},{"type":"Feature","properties":{"id":62210390,"highway":"living_street","nombre":"Barrio Arechaga","oneway":"no"},"geometry":{"type":"LineString","coordinates":[[-3.13064,43.20876],[-3.13043,43.2086],[-3.1302,43.2085],[-3.12991,43.20836],[-3.12943,43.20824],[-3.12869,43.20808],[-3.12852,43.20802],[-3.12849,43.20801],[-3.1283,43.2078],[-3.12833,43.20763],[-3.12838,43.20755],[-3.12842,43.20748],[-3.12843,43.20746]]}},{"type":"Feature","properties":{"id":62210392,"highway":"service","oneway":"yes","superficie":"asphalt"},"geometry":{"type":"LineString","coordinates":[[-3.13021,43.21068],[-3.12988,43.21101],[-3.12999,43.21114],[-3.13038,43.21076],[-3.13021,43.21068]]}},{"type":"Feature","properties":{"id":76379851,"highway":"residential","nombre":"Calle Juan Antonio del Yermo","oneway":"yes","superficie":"asphalt"},"geometry":{"type":"LineString","coordinates":[[-3.12984,43.21337],[-3.12981,43.21344],[-3.1297,43.21368],[-3.12967,43.21374],[-3.12964,43.21379],[-3.12955,43.21401],[-3.12953,43.21407]]}},{"type":"Feature","properties":{"id":76379852,"highway":"residential","nombre":"Barrio Artebizkarra","superficie":"asphalt"},"geometry":{"type":"LineString","coordinates":[[-3.13529,43.21389],[-3.13538,43.21386],[-3.13581,43.21373],[-3.13584,43.21372],[-3.13639,43.21351]]}},{"type":"Feature","properties":{"id":76379854,"highway":"residential","nombre":"Calle Doctor Andrés Aya Goñi","superficie":"asphalt"},"geometry":{"type":"LineString","coordinates":[[-3.13176,43.21295],[-3.13167,43.21296],[-3.13162,43.21297],[-3.13129,43.213],[-3.13075,43.21307],[-3.13048,43.2131],[-3.1299,43.21317]]}},{"type":"Feature","properties":{"id":76379855,"highway":"residential"},"geometry":{"type":"LineString","coordinates":[[-3.13171,43.21462],[-3.13167,43.21461],[-3.13132,43.21453],[-3.13126,43.21452],[-3.13121,43.21451]]}},{"type":"Feature","properties":{"id":76379856,"highway":"residential","nombre":"Barrio Artebizkarra"},"geometry":{"type":"LineString","coordinates":[[-3.13542,43.21313],[-3.13507,43.21322],[-3.13502,43.21323],[-3.13496,43.21324]]}},{"type":"Feature","properties":{"id":76379860,"highway":"residential","nombre":"Calle Jose Etxezarraga","oneway":"yes","superficie":"asphalt"},"geometry":{"type":"LineString","coordinates":[[-3.12995,43.21416],[-3.13006,43.21389],[-3.13009,43.21384],[-3.13012,43.21378],[-3.13023,43.21354],[-3.13023,43.21353],[-3.13022,43.2135],[-3.13022,43.21346]]}},{"type":"Feature","properties":{"id":76379862,"highway":"residential","nombre":"Barrio Artebizkarra","oneway":"yes"},"geometry":{"type":"LineString","coordinates":[[-3.13511,43.21254],[-3.13515,43.21261],[-3.13537,43.21304],[-3.13542,43.21313]]}},{"type":"Feature","properties":{"id":76379863,"highway":"residential","oneway":"yes","superficie":"asphalt"},"geometry":{"type":"LineString","coordinates":[[-3.13657,43.21338],[-3.1366,43.21337],[-3.13662,43.21335],[-3.13663,43.21332],[-3.13661,43.21329],[-3.13659,43.21328],[-3.13657,43.21327],[-3.13653,43.21327],[-3.13649,43.21329],[-3.13647,43.21331],[-3.13647,43.21333],[-3.13648,43.21336],[-3.13651,43.21338],[-3.13654,43.21339],[-3.13657,43.21338]]}},{"type":"Feature","properties":{"id":76379864,"highway":"residential","nombre":"Calle Bizkaitarra","oneway":"yes"},"geometry":{"type":"LineString","coordinates":[[-3.13205,43.21342],[-3.13183,43.2138],[-3.13182,43.21381],[-3.13178,43.21384]]}},{"type":"Feature","properties":{"id":76379865,"highway":"residential","nombre":"Avenida Taramona","oneway":"yes"},"geometry":{"type":"LineString","coordinates":[[-3.13366,43.21295],[-3.13355,43.21296],[-3.13323,43.21302],[-3.13315,43.21304],[-3.13303,43.21326],[-3.13294,43.21342],[-3.13293,43.21344],[-3.1328,43.21367],[-3.1326,43.214],[-3.13259,43.21402],[-3.13256,43.21406]]}},{"type":"Feature","properties":{"id":76379866,"highway":"residential"},"geometry":{"type":"LineString","coordinates":[[-3.12914,43.21361],[-3.12928,43.21365],[-3.12959,43.21372],[-3.12967,43.21374],[-3.1297,43.21375],[-3.12974,43.21376],[-3.13,43.21382],[-3.13005,43.21383]]}},{"type":"Feature","properties":{"id":76379867,"highway":"residential","nombre":"Barrio Lusa","superficie":"asphalt"},"geometry":{"type":"LineString","coordinates":[[-3.12895,43.21392],[-3.12899,43.21387],[-3.12905,43.2138],[-3.12914,43.21361],[-3.12916,43.21353],[-3.12915,43.21349],[-3.12913,43.21348],[-3.12911,43.21347],[-3.12907,43.21347],[-3.12901,43.21346],[-3.12888,43.21346],[-3.12875,43.21346],[-3.1286,43.21345]]}},{"type":"Feature","properties":{"id":76379868,"highway":"residential","nombre":"Barrio Artebizkarra"},"geometry":{"type":"LineString","coordinates":[[-3.13699,43.21309],[-3.13695,43.21307],[-3.13642,43.21275],[-3.13639,43.21274]]}},{"type":"Feature","properties":{"id":76379869,"highway":"residential","nombre":"Avenida Kosme Bibanko Etxeberria","oneway":"yes"},"geometry":{"type":"LineString","coordinates":[[-3.13363,43.2142],[-3.13363,43.21409],[-3.13363,43.21365],[-3.13366,43.21301],[-3.13366,43.21295]]}},{"type":"Feature","properties":{"id":76379871,"highway":"residential","nombre":"Barrio Artebizkarra","superficie":"asphalt"},"geometry":{"type":"LineString","coordinates":[[-3.13533,43.21395],[-3.1353,43.21392],[-3.13529,43.21389],[-3.13525,43.21382],[-3.13496,43.21324],[-3.13479,43.21291],[-3.13472,43.21278],[-3.13469,43.2127],[-3.13468,43.21265]]}},{"type":"Feature","properties":{"id":76379872,"highway":"residential","nombre":"Barrio Landarondo"},"geometry":{"type":"LineString","coordinates":[[-3.13817,43.21211],[-3.13813,43.21208],[-3.13808,43.21205],[-3.13795,43.21197],[-3.13788,43.21193],[-3.13781,43.21186],[-3.13775,43.21182],[-3.1376,43.21166],[-3.13756,43.21161],[-3.13754,43.21159],[-3.13793,43.21139],[-3.1381,43.21134]]}},{"type":"Feature","properties":{"id":76379874,"highway":"residential","nombre":"Calle Doctor Alberto Cadiñanos Ochoa","oneway":"yes"},"geometry":{"type":"LineString","coordinates":[[-3.13008,43.21469],[-3.13022,43.21435],[-3.13025,43.21427],[-3.13024,43.21427],[-3.13023,43.21425],[-3.13022,43.21424],[-3.13023,43.21423],[-3.13025,43.21422],[-3.13027,43.21421],[-3.13034,43.21419],[-3.13036,43.21418],[-3.13043,43.21401],[-3.13046,43.21393],[-3.13058,43.21364],[-3.13058,43.21363]]}},{"type":"Feature","properties":{"id":76379875,"highway":"residential","nombre":"Calle Lucio Azkoaga","oneway":"yes"},"geometry":{"type":"LineString","coordinates":[[-3.12916,43.21398],[-3.12911,43.21409],[-3.12897,43.21442],[-3.12957,43.21456],[-3.13008,43.21469]]}},{"type":"Feature","properties":{"id":83057262,"highway":"tertiary","nombre":"Barrio Ahedo","ref":"BI-3602","superficie":"asphalt"},"geometry":{"type":"LineString","coordinates":[[-3.16225,43.21939],[-3.16192,43.2194],[-3.16143,43.21945],[-3.16127,43.21948],[-3.16105,43.21951],[-3.16089,43.21953],[-3.16074,43.21958],[-3.16057,43.21964],[-3.16051,43.21966],[-3.16011,43.21976],[-3.15997,43.21978],[-3.15981,43.21978],[-3.15958,43.21977],[-3.15936,43.21974],[-3.15899,43.21969],[-3.15865,43.21969],[-3.15845,43.2197],[-3.15826,43.21972]]}},{"type":"Feature","properties":{"id":83895086,"highway":"primary","nombre":"Kadaguako igarobidea","izena_eu":"Kadaguako igarobidea","nombre_es":"Corredor del Cadagua","ref":"BI-636","oneway":"no","superficie":"asphalt"},"geometry":{"type":"LineString","coordinates":[[-3.11371,43.20683],[-3.1143,43.20672],[-3.11575,43.20649]]}},{"type":"Feature","properties":{"id":83895088,"highway":"tertiary","superficie":"asphalt"},"geometry":{"type":"LineString","coordinates":[[-3.12443,43.208],[-3.12443,43.20805]]}},{"type":"Feature","properties":{"id":84629329,"highway":"residential","nombre":"Barrio Gallardi","tunel":"yes","superficie":"asphalt"},"geometry":{"type":"LineString","coordinates":[[-3.12846,43.20499],[-3.12841,43.20482],[-3.12841,43.20478]]}},{"type":"Feature","properties":{"id":84629331,"highway":"unclassified","oneway":"no","superficie":"asphalt"},"geometry":{"type":"LineString","coordinates":[[-3.12846,43.20462],[-3.12848,43.20458],[-3.12854,43.20446],[-3.12857,43.20441],[-3.12862,43.20429],[-3.12863,43.20414],[-3.12862,43.20398],[-3.12855,43.20383],[-3.12852,43.20372],[-3.12853,43.20361],[-3.12855,43.20356],[-3.12857,43.2035],[-3.12869,43.20337],[-3.12882,43.2033],[-3.12893,43.20326],[-3.1291,43.20323],[-3.12923,43.20324],[-3.1294,43.20326],[-3.1296,43.20329],[-3.12988,43.2033],[-3.13015,43.20327],[-3.13048,43.20321],[-3.13072,43.20312],[-3.13093,43.20296],[-3.1311,43.20275],[-3.13117,43.20264],[-3.13158,43.20188],[-3.13184,43.20131],[-3.13189,43.20114],[-3.13187,43.20088],[-3.13184,43.20067],[-3.13177,43.20047],[-3.13137,43.19961],[-3.13132,43.19948],[-3.13129,43.19937],[-3.13129,43.19923],[-3.1313,43.19915],[-3.13136,43.19905],[-3.13142,43.19899],[-3.13153,43.19893],[-3.13162,43.1989],[-3.13175,43.19888],[-3.13189,43.19888],[-3.13203,43.19891],[-3.13214,43.19896],[-3.13222,43.19903],[-3.13231,43.19917],[-3.13275,43.20004],[-3.13287,43.20016],[-3.13305,43.20023],[-3.1332,43.20023],[-3.13341,43.2002],[-3.13355,43.20012],[-3.13372,43.19988],[-3.13385,43.19968],[-3.13397,43.19953],[-3.13418,43.19931],[-3.1344,43.19911],[-3.13466,43.19891],[-3.13514,43.19864],[-3.13544,43.1985],[-3.13577,43.19836],[-3.13583,43.19834],[-3.1362,43.19812],[-3.13635,43.198],[-3.1364,43.19796],[-3.13654,43.19788],[-3.13668,43.19786],[-3.13688,43.19786],[-3.13709,43.19789],[-3.13732,43.19797],[-3.13744,43.1981],[-3.13757,43.19827],[-3.13769,43.19834],[-3.1379,43.1984],[-3.1381,43.19841],[-3.13833,43.19836],[-3.13889,43.19824],[-3.1391,43.19816],[-3.13943,43.198],[-3.13979,43.19774],[-3.14023,43.19731],[-3.14055,43.19708],[-3.1408,43.19697]]}},{"type":"Feature","properties":{"id":159510245,"highway":"secondary","ref":"BI-2701","superficie":"asphalt"},"geometry":{"type":"LineString","coordinates":[[-3.16085,43.22862],[-3.16085,43.22866],[-3.16086,43.22869],[-3.16088,43.22872],[-3.16092,43.22874],[-3.16096,43.22876],[-3.161,43.22876],[-3.16105,43.22876],[-3.16109,43.22875],[-3.16113,43.22873],[-3.16116,43.2287],[-3.16118,43.22867],[-3.16118,43.22863],[-3.16117,43.2286],[-3.16115,43.22857],[-3.1611,43.22854],[-3.16103,43.22852],[-3.16096,43.22852],[-3.1609,43.22855],[-3.16086,43.22859],[-3.16085,43.22862]]}},{"type":"Feature","properties":{"id":159510246,"highway":"secondary","nombre":"Otxaran Goikoa auzoa","izena_eu":"Otxaran Goikoa auzoa","ref":"BI-2701","oneway":"no","superficie":"asphalt"},"geometry":{"type":"LineString","coordinates":[[-3.16556,43.22746],[-3.16557,43.22726],[-3.16561,43.22704],[-3.16576,43.2265],[-3.16576,43.22635],[-3.1657,43.22619],[-3.16527,43.22501],[-3.16524,43.22488],[-3.16524,43.22477],[-3.16532,43.22466],[-3.16545,43.22456],[-3.16573,43.22438],[-3.16603,43.2242],[-3.16625,43.22404],[-3.16673,43.22361],[-3.16693,43.22349],[-3.16742,43.22323],[-3.16752,43.22319],[-3.16764,43.22318],[-3.16776,43.22321],[-3.1679,43.22331],[-3.16863,43.22399],[-3.16872,43.22406],[-3.16883,43.22409],[-3.16891,43.22408],[-3.16902,43.22404],[-3.16909,43.22399],[-3.16921,43.22385],[-3.16926,43.22379],[-3.16941,43.2236]]}},{"type":"Feature","properties":{"id":159510247,"highway":"tertiary","ref":"BI-4612"},"geometry":{"type":"LineString","coordinates":[[-3.16181,43.22949],[-3.1619,43.22939],[-3.16196,43.22931],[-3.16195,43.22923],[-3.16188,43.22918],[-3.1612,43.22882],[-3.16114,43.22878],[-3.16109,43.22875]]}},{"type":"Feature","properties":{"id":159510254,"highway":"service"},"geometry":{"type":"LineString","coordinates":[[-3.17075,43.22397],[-3.17063,43.22396],[-3.17044,43.22396],[-3.17003,43.22392],[-3.16957,43.22383],[-3.16926,43.22379]]}},{"type":"Feature","properties":{"id":160050682,"highway":"residential","nombre":"Urbanización Etxalde","oneway":"yes"},"geometry":{"type":"LineString","coordinates":[[-3.14421,43.20803],[-3.14432,43.20793],[-3.14487,43.20743],[-3.14484,43.20742],[-3.14422,43.20717],[-3.14373,43.20697],[-3.1436,43.20696],[-3.14357,43.20696],[-3.14348,43.20698],[-3.14339,43.20701],[-3.14331,43.20706],[-3.14328,43.20713],[-3.14329,43.20724],[-3.14331,43.20728],[-3.14335,43.20734],[-3.14362,43.20748],[-3.14373,43.2076],[-3.14421,43.20803]]}},{"type":"Feature","properties":{"id":160050683,"highway":"residential","nombre":"Urbanización Etxalde"},"geometry":{"type":"LineString","coordinates":[[-3.14331,43.20706],[-3.14327,43.20704],[-3.14313,43.207],[-3.14308,43.20698]]}},{"type":"Feature","properties":{"id":160050684,"highway":"residential","nombre":"Barrio San Pedro"},"geometry":{"type":"LineString","coordinates":[[-3.14043,43.21084],[-3.14046,43.21081],[-3.14069,43.21058],[-3.14125,43.21003],[-3.14132,43.21001],[-3.14139,43.21002],[-3.14155,43.21014],[-3.14178,43.21029],[-3.1418,43.21031]]}},{"type":"Feature","properties":{"id":160050688,"highway":"residential","nombre":"Barrio San Pedro"},"geometry":{"type":"LineString","coordinates":[[-3.14297,43.20841],[-3.14295,43.20844],[-3.1425,43.20886],[-3.14207,43.20926],[-3.14208,43.20929],[-3.14208,43.20933],[-3.1423,43.20946],[-3.14254,43.2096],[-3.14258,43.20962]]}},{"type":"Feature","properties":{"id":160050689,"highway":"residential","nombre":"Barrio San Pedro"},"geometry":{"type":"LineString","coordinates":[[-3.13993,43.21046],[-3.13996,43.21048],[-3.13997,43.21049],[-3.14014,43.21061],[-3.14043,43.21084],[-3.14082,43.21115],[-3.14107,43.21133],[-3.1412,43.21134],[-3.14142,43.21134],[-3.14167,43.2114],[-3.14186,43.21145]]}},{"type":"Feature","properties":{"id":160050690,"highway":"residential","nombre":"Barrio San Pedro"},"geometry":{"type":"LineString","coordinates":[[-3.14232,43.20816],[-3.14237,43.20818],[-3.14251,43.20823],[-3.14297,43.20841],[-3.14323,43.20852],[-3.14359,43.20866],[-3.14423,43.20893],[-3.1446,43.20881]]}},{"type":"Feature","properties":{"id":160050691,"highway":"residential","nombre":"Barrio San Pedro"},"geometry":{"type":"LineString","coordinates":[[-3.14359,43.20866],[-3.14356,43.20868],[-3.143,43.20921],[-3.14258,43.20962],[-3.1422,43.20998],[-3.1418,43.21031],[-3.14127,43.21076],[-3.14085,43.21112],[-3.14082,43.21115]]}},{"type":"Feature","properties":{"id":160051153,"highway":"pedestrian","nombre":"Calle Juan Francisco Estefanía"},"geometry":{"type":"LineString","coordinates":[[-3.13197,43.2122],[-3.13126,43.21203],[-3.13065,43.21186]]}},{"type":"Feature","properties":{"id":160051154,"highway":"residential","nombre":"Calle Secretario Quirino Yagüe","oneway":"yes","superficie":"asphalt"},"geometry":{"type":"LineString","coordinates":[[-3.1319,43.2125],[-3.13181,43.21248],[-3.13117,43.21233],[-3.13111,43.21231]]}},{"type":"Feature","properties":{"id":160051155,"highway":"residential","nombre":"Gudariren kalea","izena_eu":"Gudariren kalea","nombre_es":"Calle Gudari","oneway":"yes"},"geometry":{"type":"LineString","coordinates":[[-3.13207,43.21189],[-3.132,43.21188],[-3.13142,43.21175]]}},{"type":"Feature","properties":{"id":160051156,"highway":"residential","nombre":"Ibaiondo kalea","oneway":"yes","superficie":"asphalt"},"geometry":{"type":"LineString","coordinates":[[-3.13142,43.21175],[-3.13139,43.21178],[-3.1313,43.21196],[-3.13126,43.21203],[-3.13125,43.21205],[-3.13111,43.21231],[-3.13107,43.21237],[-3.13098,43.21251],[-3.1309,43.21268],[-3.13085,43.21276],[-3.13077,43.21291],[-3.13075,43.21298],[-3.13073,43.21303],[-3.13075,43.21307]]}},{"type":"Feature","properties":{"id":170052418,"highway":"service"},"geometry":{"type":"LineString","coordinates":[[-3.13851,43.21627],[-3.13829,43.21685]]}},{"type":"Feature","properties":{"id":183754324,"highway":"secondary","ref":"BI-2701","oneway":"no","superficie":"asphalt"},"geometry":{"type":"LineString","coordinates":[[-3.16062,43.22919],[-3.16072,43.22899],[-3.16083,43.22882],[-3.16088,43.22878],[-3.16092,43.22874]]}},{"type":"Feature","properties":{"id":185008483,"highway":"residential","nombre":"Barrio Bolumburu"},"geometry":{"type":"LineString","coordinates":[[-3.15428,43.19929],[-3.15433,43.1992],[-3.15445,43.19911],[-3.15459,43.19904],[-3.15472,43.199],[-3.1555,43.19888],[-3.15554,43.19888],[-3.15562,43.19887],[-3.15577,43.19889],[-3.15606,43.19893],[-3.15627,43.19896],[-3.15639,43.199]]}},{"type":"Feature","properties":{"id":185008484,"highway":"residential","nombre":"El Charco auzoa","izena_eu":"El Charco auzoa","nombre_es":"Barrio el Charco","oneway":"yes"},"geometry":{"type":"LineString","coordinates":[[-3.13135,43.21096],[-3.13155,43.21108],[-3.13171,43.21117],[-3.13184,43.21125],[-3.13211,43.2114],[-3.13217,43.21143],[-3.13221,43.21146]]}},{"type":"Feature","properties":{"id":185008485,"highway":"service"},"geometry":{"type":"LineString","coordinates":[[-3.10991,43.21146],[-3.10991,43.2114],[-3.10978,43.21136],[-3.10961,43.21132],[-3.10934,43.21128],[-3.10922,43.21127],[-3.1091,43.21127],[-3.10897,43.21129],[-3.10889,43.21132],[-3.10881,43.21135],[-3.10875,43.21139],[-3.10867,43.21143],[-3.10851,43.21152],[-3.10838,43.21165]]}},{"type":"Feature","properties":{"id":185008489,"highway":"pedestrian","nombre":"Gudariren kalea","izena_eu":"Gudariren kalea","nombre_es":"Calle Gudari"},"geometry":{"type":"LineString","coordinates":[[-3.13086,43.21158],[-3.13104,43.21163],[-3.13142,43.21175]]}},{"type":"Feature","properties":{"id":185008496,"highway":"pedestrian"},"geometry":{"type":"LineString","coordinates":[[-3.13045,43.21211],[-3.13054,43.21214],[-3.13111,43.21231]]}},{"type":"Feature","properties":{"id":185008498,"highway":"residential","nombre":"Barrio Gobeo"},"geometry":{"type":"LineString","coordinates":[[-3.14428,43.20385],[-3.14431,43.20377],[-3.14465,43.2033],[-3.14482,43.20307],[-3.14505,43.20269],[-3.1453,43.20234],[-3.14551,43.20208],[-3.14571,43.20184],[-3.14596,43.20148],[-3.14643,43.20082],[-3.14684,43.20021],[-3.14706,43.19993],[-3.14731,43.19971],[-3.14758,43.19955],[-3.14786,43.19946],[-3.14816,43.19938],[-3.14849,43.19931],[-3.14886,43.1993],[-3.14914,43.1993],[-3.14937,43.19936]]}},{"type":"Feature","properties":{"id":185008502,"highway":"pedestrian"},"geometry":{"type":"LineString","coordinates":[[-3.13,43.21283],[-3.13017,43.21287],[-3.13067,43.21301],[-3.13075,43.21298]]}},{"type":"Feature","properties":{"id":185008505,"highway":"service"},"geometry":{"type":"LineString","coordinates":[[-3.1091,43.21127],[-3.10896,43.21108],[-3.10869,43.21109],[-3.10875,43.21139]]}},{"type":"Feature","properties":{"id":185008509,"highway":"cycleway","superficie":"asphalt"},"geometry":{"type":"LineString","coordinates":[[-3.1625,43.20496],[-3.16239,43.20482],[-3.16209,43.20463],[-3.16185,43.2045],[-3.16166,43.20411]]}},{"type":"Feature","properties":{"id":185008510,"highway":"residential","nombre":"Villa Gernika kalea","izena_eu":"Villa Gernika kalea","nombre_es":"Calle Villa Guernica","oneway":"yes"},"geometry":{"type":"LineString","coordinates":[[-3.13238,43.21056],[-3.13226,43.21057],[-3.13224,43.21057],[-3.13206,43.21063],[-3.13188,43.2107],[-3.13154,43.21086],[-3.13135,43.21096]]}},{"type":"Feature","properties":{"id":185008512,"highway":"cycleway","oneway":"no","superficie":"paving_stones"},"geometry":{"type":"LineString","coordinates":[[-3.16166,43.20411],[-3.16154,43.20398],[-3.16074,43.20334],[-3.16033,43.20305],[-3.16018,43.20297],[-3.16003,43.20289],[-3.15934,43.2026],[-3.15923,43.20253],[-3.15873,43.20219],[-3.15852,43.20203],[-3.15842,43.20194],[-3.15829,43.2018],[-3.15809,43.20153],[-3.15798,43.20131],[-3.1578,43.2009],[-3.15776,43.20082],[-3.15777,43.2007],[-3.15775,43.20005],[-3.15776,43.19942],[-3.15775,43.19934],[-3.15768,43.19927],[-3.15677,43.19883],[-3.1567,43.1988],[-3.15612,43.19854],[-3.15601,43.19852],[-3.15536,43.19858],[-3.15525,43.1986],[-3.1543,43.19898],[-3.15424,43.19901],[-3.15422,43.19906],[-3.15428,43.19929],[-3.15429,43.19941],[-3.15446,43.19998],[-3.15447,43.20015],[-3.1544,43.20036],[-3.15432,43.20051],[-3.15411,43.20074],[-3.15396,43.2008],[-3.15379,43.20089],[-3.15348,43.201],[-3.153,43.20109],[-3.15276,43.2011],[-3.15266,43.2011],[-3.15253,43.20109],[-3.15235,43.20106],[-3.1522,43.20102],[-3.1521,43.20098],[-3.15182,43.20087],[-3.15149,43.20065],[-3.1508,43.20018],[-3.15019,43.19975],[-3.15002,43.19964],[-3.14983,43.19954],[-3.14962,43.19943],[-3.14937,43.19936]]}},{"type":"Feature","properties":{"id":185008524,"highway":"pedestrian","nombre":"Calle el Charco"},"geometry":{"type":"LineString","coordinates":[[-3.13,43.21283],[-3.13045,43.21211],[-3.13059,43.21189],[-3.13065,43.21186],[-3.13086,43.21158],[-3.13104,43.21128],[-3.13114,43.21118],[-3.13122,43.21109],[-3.13123,43.21107],[-3.13125,43.21106]]}},{"type":"Feature","properties":{"id":185008529,"highway":"residential","nombre":"Calle Etxegorria","oneway":"yes"},"geometry":{"type":"LineString","coordinates":[[-3.13258,43.21235],[-3.13288,43.21161]]}},{"type":"Feature","properties":{"id":185178605,"highway":"unclassified","nombre":"Barrio Avellaneda","oneway":"no","superficie":"asphalt"},"geometry":{"type":"LineString","coordinates":[[-3.16086,43.22859],[-3.16081,43.22857],[-3.16069,43.22851],[-3.16059,43.22842],[-3.16057,43.22836],[-3.16055,43.22832],[-3.16052,43.22826],[-3.16039,43.22813],[-3.16026,43.22804],[-3.16015,43.22797],[-3.16003,43.22791],[-3.15997,43.2279]]}},{"type":"Feature","properties":{"id":192249526,"highway":"primary_link","superficie":"asphalt"},"geometry":{"type":"LineString","coordinates":[[-3.18412,43.19713],[-3.1841,43.19714],[-3.18402,43.19719],[-3.18399,43.19724]]}},{"type":"Feature","properties":{"id":204862199,"highway":"primary","nombre":"Barrio Venta del Sol","ref":"BI-630","superficie":"asphalt"},"geometry":{"type":"MultiLineString","coordinates":[[[-3.17817,43.20359],[-3.17837,43.20343],[-3.17854,43.20335],[-3.1788,43.20328],[-3.17898,43.20323],[-3.17916,43.20313],[-3.17943,43.20285],[-3.17959,43.20272],[-3.17975,43.20266],[-3.17994,43.20262],[-3.1802,43.20261],[-3.18037,43.2026]],[[-3.18064,43.20243],[-3.18065,43.20238],[-3.18066,43.20213],[-3.18072,43.202]]]}},{"type":"Feature","properties":{"id":204862200,"highway":"primary","nombre":"Barrio Venta del Sol","ref":"BI-630"},"geometry":{"type":"LineString","coordinates":[[-3.18072,43.202],[-3.18082,43.20182],[-3.18099,43.2014],[-3.18108,43.20118],[-3.18119,43.201],[-3.18126,43.20092],[-3.18186,43.20037],[-3.18241,43.19988],[-3.1826,43.1997],[-3.1827,43.19964],[-3.18276,43.19961],[-3.18283,43.1996],[-3.18297,43.1996],[-3.18395,43.19976],[-3.18409,43.1998],[-3.18435,43.1999],[-3.18461,43.2],[-3.18518,43.20015],[-3.18535,43.20018]]}},{"type":"Feature","properties":{"id":204862201,"highway":"residential"},"geometry":{"type":"LineString","coordinates":[[-3.17959,43.20311],[-3.17953,43.20314],[-3.17952,43.20315]]}},{"type":"Feature","properties":{"id":204862202,"highway":"residential"},"geometry":{"type":"MultiLineString","coordinates":[[[-3.18499,43.20072],[-3.18485,43.20064],[-3.18481,43.20063],[-3.18473,43.20059],[-3.18465,43.20058],[-3.18449,43.20059],[-3.18441,43.20062],[-3.18432,43.20066],[-3.18378,43.20087]],[[-3.18345,43.20093],[-3.18327,43.20096],[-3.18311,43.20097],[-3.18277,43.20109],[-3.18239,43.20119],[-3.18215,43.20135]]]}},{"type":"Feature","properties":{"id":220311074,"highway":"tertiary","nombre":"Urbanización Tepeyac","ref":"BI-3636"},"geometry":{"type":"LineString","coordinates":[[-3.13533,43.21395],[-3.13517,43.21398],[-3.13501,43.214],[-3.13447,43.21408],[-3.1341,43.21414],[-3.13388,43.21418],[-3.13385,43.21418],[-3.13377,43.21419],[-3.13372,43.2142],[-3.13363,43.2142]]}},{"type":"Feature","properties":{"id":220311076,"highway":"residential","nombre":"Trenbide etorbidea","izena_eu":"Trenbide etorbidea","nombre_es":"Avenida Trenbide","oneway":"yes"},"geometry":{"type":"LineString","coordinates":[[-3.13468,43.21265],[-3.13484,43.21261],[-3.13511,43.21254],[-3.13525,43.2125],[-3.13564,43.21236],[-3.13569,43.21235],[-3.13606,43.21222]]}},{"type":"Feature","properties":{"id":220311077,"highway":"residential","nombre":"Barrio Artebizkarra"},"geometry":{"type":"LineString","coordinates":[[-3.13814,43.21314],[-3.13836,43.21293]]}},{"type":"Feature","properties":{"id":220311078,"highway":"service","nombre":"Longar auzoa","oneway":"no"},"geometry":{"type":"LineString","coordinates":[[-3.14471,43.20037],[-3.14454,43.20029]]}},{"type":"Feature","properties":{"id":220311079,"highway":"residential","nombre":"Barrio Artebizkarra","oneway":"yes"},"geometry":{"type":"LineString","coordinates":[[-3.13639,43.21274],[-3.13631,43.21278],[-3.13609,43.21291],[-3.13606,43.21293]]}},{"type":"Feature","properties":{"id":220311080,"highway":"residential","nombre":"Calle Hermano León","oneway":"yes"},"geometry":{"type":"LineString","coordinates":[[-3.13162,43.21345],[-3.13153,43.21343],[-3.13145,43.21342],[-3.13135,43.21366],[-3.13134,43.21367],[-3.13134,43.21368],[-3.13133,43.21372]]}},{"type":"Feature","properties":{"id":220311081,"highway":"residential","nombre":"Longar auzoa","izena_eu":"Longar auzoa","nombre_es":"Barrio Longar"},"geometry":{"type":"LineString","coordinates":[[-3.1431,43.20448],[-3.1437,43.20295],[-3.14344,43.20285],[-3.14327,43.20279],[-3.14322,43.20278]]}},{"type":"Feature","properties":{"id":220311082,"highway":"residential","nombre":"Barrio Artebizkarra","oneway":"yes"},"geometry":{"type":"LineString","coordinates":[[-3.1356,43.2134],[-3.13626,43.21314]]}},{"type":"Feature","properties":{"id":220311083,"highway":"cycleway","oneway":"no","superficie":"asphalt"},"geometry":{"type":"LineString","coordinates":[[-3.14022,43.2052],[-3.14012,43.20524],[-3.13978,43.20539],[-3.13949,43.20552],[-3.13926,43.20562],[-3.13904,43.20572],[-3.13874,43.20584],[-3.13841,43.20598],[-3.13815,43.20608],[-3.13794,43.20617],[-3.13765,43.20631],[-3.13741,43.20641],[-3.13708,43.20656],[-3.13669,43.20671],[-3.1362,43.20692],[-3.13581,43.20709],[-3.13547,43.20724],[-3.13516,43.20737],[-3.13491,43.20747],[-3.13458,43.20761],[-3.13431,43.2077],[-3.13402,43.20778],[-3.13384,43.20782],[-3.13365,43.20784],[-3.13344,43.20786]]}},{"type":"Feature","properties":{"id":220311084,"highway":"residential","nombre":"Barrio Artebizkarra","oneway":"yes"},"geometry":{"type":"LineString","coordinates":[[-3.1368,43.2134],[-3.13686,43.21341],[-3.13692,43.21342],[-3.13728,43.21308],[-3.13757,43.21281],[-3.13753,43.21272]]}},{"type":"Feature","properties":{"id":235000957,"highway":"service","oneway":"yes"},"geometry":{"type":"LineString","coordinates":[[-3.12503,43.21073],[-3.12505,43.21076],[-3.12511,43.21084],[-3.12516,43.2109],[-3.12525,43.211],[-3.12526,43.21102],[-3.12532,43.2111],[-3.12537,43.21116],[-3.1254,43.21119],[-3.12545,43.21123],[-3.1255,43.21126],[-3.12565,43.21134],[-3.12578,43.21141],[-3.1258,43.21142],[-3.12591,43.21148],[-3.12595,43.2115]]}},{"type":"Feature","properties":{"id":235000958,"highway":"service","oneway":"yes"},"geometry":{"type":"LineString","coordinates":[[-3.12502,43.21031],[-3.12482,43.2104],[-3.12478,43.21042]]}},{"type":"Feature","properties":{"id":235000959,"highway":"service","oneway":"yes"},"geometry":{"type":"LineString","coordinates":[[-3.12629,43.21137],[-3.12611,43.21155],[-3.12609,43.21157]]}},{"type":"Feature","properties":{"id":235000960,"highway":"service"},"geometry":{"type":"LineString","coordinates":[[-3.12595,43.2115],[-3.12597,43.21147],[-3.12614,43.21129]]}},{"type":"Feature","properties":{"id":235000961,"highway":"service","oneway":"yes"},"geometry":{"type":"LineString","coordinates":[[-3.12541,43.2108],[-3.1252,43.21088],[-3.12516,43.2109]]}},{"type":"Feature","properties":{"id":235000962,"highway":"service","oneway":"yes"},"geometry":{"type":"LineString","coordinates":[[-3.1254,43.21119],[-3.12569,43.21108]]}},{"type":"Feature","properties":{"id":235000963,"highway":"service","oneway":"yes"},"geometry":{"type":"LineString","coordinates":[[-3.12521,43.21054],[-3.125,43.21063],[-3.12496,43.21065]]}},{"type":"Feature","properties":{"id":235000964,"highway":"service","oneway":"yes"},"geometry":{"type":"LineString","coordinates":[[-3.1258,43.21142],[-3.12598,43.21123],[-3.126,43.21122]]}},{"type":"Feature","properties":{"id":235000965,"highway":"service","oneway":"yes"},"geometry":{"type":"LineString","coordinates":[[-3.12526,43.21102],[-3.12548,43.21092],[-3.1255,43.21091]]}},{"type":"Feature","properties":{"id":235000966,"highway":"service","oneway":"yes"},"geometry":{"type":"LineString","coordinates":[[-3.12496,43.21023],[-3.12478,43.21029],[-3.12471,43.21032]]}},{"type":"Feature","properties":{"id":235000967,"highway":"service","oneway":"yes"},"geometry":{"type":"LineString","coordinates":[[-3.12551,43.20992],[-3.12495,43.21015],[-3.12494,43.21016],[-3.12491,43.21017]]}},{"type":"Feature","properties":{"id":235000968,"highway":"service","oneway":"yes"},"geometry":{"type":"LineString","coordinates":[[-3.12505,43.21076],[-3.12528,43.21067],[-3.1253,43.21066]]}},{"type":"Feature","properties":{"id":235000969,"highway":"service","oneway":"yes"},"geometry":{"type":"LineString","coordinates":[[-3.12487,43.21053],[-3.1251,43.21044],[-3.12512,43.21043]]}},{"type":"Feature","properties":{"id":235000970,"highway":"service","oneway":"yes"},"geometry":{"type":"LineString","coordinates":[[-3.12624,43.21165],[-3.12643,43.21146],[-3.12644,43.21145]]}},{"type":"Feature","properties":{"id":235000971,"highway":"service","oneway":"yes"},"geometry":{"type":"LineString","coordinates":[[-3.12595,43.2115],[-3.12609,43.21157]]}},{"type":"Feature","properties":{"id":235000972,"highway":"service","oneway":"yes"},"geometry":{"type":"LineString","coordinates":[[-3.12469,43.20997],[-3.12462,43.21009],[-3.12462,43.21015],[-3.12469,43.21028],[-3.12471,43.21032],[-3.12476,43.2104],[-3.12478,43.21042],[-3.12487,43.21053],[-3.12489,43.21055],[-3.12496,43.21065],[-3.12498,43.21067],[-3.12503,43.21073],[-3.12504,43.21077],[-3.12502,43.21082],[-3.12499,43.21086],[-3.12493,43.21088],[-3.12491,43.21089],[-3.12484,43.21092]]}},{"type":"Feature","properties":{"id":235000973,"highway":"service","oneway":"yes"},"geometry":{"type":"LineString","coordinates":[[-3.12595,43.21173],[-3.1259,43.21166],[-3.1259,43.21162],[-3.12591,43.21156],[-3.12595,43.2115]]}},{"type":"Feature","properties":{"id":235000974,"highway":"service","oneway":"yes"},"geometry":{"type":"LineString","coordinates":[[-3.12595,43.2115],[-3.12586,43.21155],[-3.1258,43.21157],[-3.12575,43.21158],[-3.12568,43.2116]]}},{"type":"Feature","properties":{"id":235000975,"highway":"service","oneway":"yes"},"geometry":{"type":"LineString","coordinates":[[-3.12493,43.21103],[-3.12504,43.21099],[-3.12509,43.21097],[-3.12513,43.21097],[-3.1252,43.21098],[-3.12525,43.211]]}},{"type":"Feature","properties":{"id":239915624,"highway":"residential","nombre":"Foruen kalea","izena_eu":"Foruen kalea","nombre_es":"Calle Foruen"},"geometry":{"type":"LineString","coordinates":[[-3.13288,43.21161],[-3.13281,43.2116],[-3.13275,43.2116],[-3.13265,43.21159],[-3.13238,43.21153],[-3.13227,43.21151],[-3.13221,43.21146]]}},{"type":"Feature","properties":{"id":239915626,"highway":"residential","nombre":"Gipuzkoa kalea","oneway":"yes"},"geometry":{"type":"LineString","coordinates":[[-3.13142,43.21175],[-3.13146,43.21166],[-3.13164,43.21131],[-3.13169,43.21122],[-3.13171,43.21117]]}},{"type":"Feature","properties":{"id":241136691,"highway":"residential","nombre":"Urbanización Tepeyac","oneway":"yes"},"geometry":{"type":"LineString","coordinates":[[-3.13341,43.21453],[-3.13346,43.21455],[-3.13364,43.21462],[-3.1337,43.21464]]}},{"type":"Feature","properties":{"id":241136693,"highway":"residential","nombre":"Urbanización Tepeyac","oneway":"yes"},"geometry":{"type":"LineString","coordinates":[[-3.13548,43.21487],[-3.13536,43.21483],[-3.13529,43.2148],[-3.13525,43.21479],[-3.13508,43.21472],[-3.13485,43.21464],[-3.13479,43.21462],[-3.13474,43.21461],[-3.13472,43.2146],[-3.13457,43.21458],[-3.13421,43.21454],[-3.13398,43.21452],[-3.13384,43.2145],[-3.13372,43.21452],[-3.1337,43.21453],[-3.13368,43.21453]]}},{"type":"Feature","properties":{"id":241136697,"highway":"residential","nombre":"Urbanización Tepeyac","oneway":"yes"},"geometry":{"type":"LineString","coordinates":[[-3.13467,43.21484],[-3.13474,43.21461]]}},{"type":"Feature","properties":{"id":251109225,"highway":"residential","nombre":"Mendi Alde Hegoa auzoa","oneway":"yes"},"geometry":{"type":"LineString","coordinates":[[-3.11689,43.21115],[-3.11657,43.21118],[-3.11647,43.21119],[-3.11645,43.2112],[-3.11644,43.21122],[-3.11644,43.21125],[-3.11645,43.21126],[-3.11648,43.21127],[-3.11682,43.21123],[-3.11685,43.21121],[-3.11686,43.2112],[-3.11689,43.21115]]}},{"type":"Feature","properties":{"id":251109226,"highway":"residential","nombre":"Torre de Maruri bidea","izena_eu":"Torre de Maruri bidea","nombre_es":"Camino de la Torre de Maruri","oneway":"yes"},"geometry":{"type":"LineString","coordinates":[[-3.1166,43.21163],[-3.11654,43.21163],[-3.11642,43.21164],[-3.11629,43.21164],[-3.11613,43.21162],[-3.11579,43.21156],[-3.11565,43.21154],[-3.1156,43.21154],[-3.11554,43.2116]]}},{"type":"Feature","properties":{"id":251109227,"highway":"service"},"geometry":{"type":"LineString","coordinates":[[-3.12149,43.20734],[-3.12146,43.20729],[-3.12142,43.20724],[-3.12143,43.20721],[-3.12151,43.20719],[-3.12153,43.20723],[-3.1215,43.20731],[-3.12149,43.20734],[-3.12137,43.20752],[-3.12136,43.20763],[-3.12147,43.20806],[-3.12158,43.20827],[-3.12166,43.20846],[-3.12165,43.20851],[-3.12165,43.20853],[-3.1218,43.20867],[-3.12182,43.20871],[-3.12182,43.20874],[-3.12182,43.20881],[-3.12181,43.20888],[-3.12179,43.20889],[-3.12177,43.20891],[-3.1217,43.20894],[-3.12092,43.20931],[-3.12088,43.20933]]}},{"type":"Feature","properties":{"id":251109228,"highway":"service"},"geometry":{"type":"LineString","coordinates":[[-3.11743,43.2153],[-3.11737,43.21532],[-3.11732,43.21533],[-3.11729,43.21534],[-3.11725,43.21534],[-3.11722,43.21533],[-3.11719,43.21531],[-3.11718,43.21529],[-3.11715,43.21525],[-3.11705,43.21501],[-3.11698,43.21491],[-3.11685,43.21477],[-3.11666,43.2146],[-3.11658,43.21453],[-3.11639,43.2143],[-3.11632,43.21424],[-3.11628,43.21421],[-3.11608,43.21407],[-3.11591,43.21395],[-3.11576,43.21383],[-3.11564,43.21372],[-3.11559,43.2137],[-3.11535,43.21356],[-3.11517,43.21347],[-3.11502,43.21339]]}},{"type":"Feature","properties":{"id":251109229,"highway":"residential","nombre":"Torre de Maruri bidea","izena_eu":"Torre de Maruri bidea","nombre_es":"Camino de la Torre de Maruri"},"geometry":{"type":"LineString","coordinates":[[-3.11397,43.21123],[-3.11412,43.21139],[-3.11416,43.21139],[-3.1152,43.21164],[-3.11542,43.21161],[-3.11549,43.21161],[-3.11554,43.2116]]}},{"type":"Feature","properties":{"id":251109230,"highway":"residential","nombre":"La Inmaculada auzoa","izena_eu":"La Inmaculada auzoa","nombre_es":"Barrio La Inmaculada","oneway":"yes"},"geometry":{"type":"LineString","coordinates":[[-3.11822,43.20999],[-3.11821,43.20992],[-3.11811,43.20946],[-3.1181,43.20938]]}},{"type":"Feature","properties":{"id":251109231,"highway":"residential","nombre":"Mendi Alde auzoa","izena_eu":"Mendi Alde auzoa","nombre_es":"Barrio Mendi Alde"},"geometry":{"type":"LineString","coordinates":[[-3.11804,43.21269],[-3.11795,43.21253]]}},{"type":"Feature","properties":{"id":251109232,"highway":"living_street","nombre":"Lacabex auzoa","izena_eu":"Lacabex auzoa","nombre_es":"Barrio Lacabex"},"geometry":{"type":"LineString","coordinates":[[-3.115,43.20956],[-3.115,43.2096],[-3.11503,43.21014],[-3.11503,43.21021]]}},{"type":"Feature","properties":{"id":251109233,"highway":"residential","nombre":"La Inmaculada auzoa","izena_eu":"La Inmaculada auzoa","nombre_es":"Barrio La Inmaculada"},"geometry":{"type":"LineString","coordinates":[[-3.11599,43.20907],[-3.11659,43.20913]]}},{"type":"Feature","properties":{"id":251109234,"highway":"residential","nombre":"San Juan auzoa","izena_eu":"San Juan auzoa","nombre_es":"Barrio San Juan","oneway":"yes"},"geometry":{"type":"LineString","coordinates":[[-3.11869,43.20995],[-3.11868,43.20972]]}},{"type":"Feature","properties":{"id":251109235,"highway":"steps"},"geometry":{"type":"LineString","coordinates":[[-3.11333,43.21205],[-3.11321,43.21157]]}},{"type":"Feature","properties":{"id":251109236,"highway":"residential","nombre":"Urbanización Padres Paulinos","oneway":"yes"},"geometry":{"type":"LineString","coordinates":[[-3.12898,43.2068],[-3.1293,43.20683],[-3.12939,43.20683],[-3.12947,43.20683],[-3.12954,43.20681],[-3.12957,43.20676],[-3.12955,43.20661],[-3.12951,43.20657],[-3.12947,43.20656],[-3.12941,43.20656],[-3.12935,43.20658],[-3.12931,43.20662],[-3.1293,43.20674],[-3.12928,43.20676],[-3.12926,43.20678],[-3.12922,43.20679],[-3.12917,43.20679],[-3.1291,43.20679],[-3.12898,43.2068]]}},{"type":"Feature","properties":{"id":251109237,"highway":"residential","nombre":"San Juan auzoa","izena_eu":"San Juan auzoa","nombre_es":"Barrio San Juan","oneway":"yes"},"geometry":{"type":"LineString","coordinates":[[-3.11825,43.20954],[-3.1183,43.20937]]}},{"type":"Feature","properties":{"id":251109238,"highway":"residential","nombre":"Mendi Alde auzoa","izena_eu":"Mendi Alde auzoa","nombre_es":"Barrio Mendi Alde"},"geometry":{"type":"LineString","coordinates":[[-3.11697,43.21246],[-3.1171,43.21268],[-3.11713,43.21268],[-3.1178,43.21268],[-3.11799,43.21269],[-3.11804,43.21269],[-3.11809,43.21268],[-3.11819,43.21265],[-3.11854,43.2125],[-3.1187,43.21244]]}},{"type":"Feature","properties":{"id":251109239,"highway":"service","nombre":"Chavarri auzoa","izena_eu":"Chavarri auzoa","nombre_es":"Barrio Chavarri"},"geometry":{"type":"LineString","coordinates":[[-3.11999,43.21221],[-3.11988,43.21178],[-3.11977,43.21149],[-3.11968,43.21124],[-3.11967,43.21121]]}},{"type":"Feature","properties":{"id":251109240,"highway":"residential","nombre":"Mendi Alde Hegoa auzoa","izena_eu":"Mendi Alde Hegoa auzoa","nombre_es":"Barrio Mendi Alde Hegoa"},"geometry":{"type":"LineString","coordinates":[[-3.11751,43.21041],[-3.11751,43.21045],[-3.11752,43.2105],[-3.1175,43.21057],[-3.11745,43.21061],[-3.11742,43.21064],[-3.11739,43.21069],[-3.11738,43.21075],[-3.11739,43.21097],[-3.11743,43.21102],[-3.11744,43.21103],[-3.11747,43.21103],[-3.11753,43.21106],[-3.11769,43.21106],[-3.11779,43.21107],[-3.11782,43.21108],[-3.11784,43.21109],[-3.11785,43.21111],[-3.11788,43.21119],[-3.11791,43.21133]]}},{"type":"Feature","properties":{"id":251109241,"highway":"residential","nombre":"Arangoiti auzoa","izena_eu":"Arangoiti auzoa","nombre_es":"Barrio Arangoiti"},"geometry":{"type":"LineString","coordinates":[[-3.10996,43.21122],[-3.10939,43.21111],[-3.10934,43.21128]]}},{"type":"Feature","properties":{"id":251109242,"highway":"service","oneway":"no"},"geometry":{"type":"LineString","coordinates":[[-3.11604,43.20846],[-3.11572,43.20841],[-3.11573,43.20829]]}},{"type":"Feature","properties":{"id":251109243,"highway":"residential","nombre":"La Inmaculada auzoa","izena_eu":"La Inmaculada auzoa","nombre_es":"Barrio La Inmaculada"},"geometry":{"type":"LineString","coordinates":[[-3.11766,43.20992],[-3.11725,43.20994],[-3.11656,43.21001]]}},{"type":"Feature","properties":{"id":251109244,"highway":"residential","nombre":"San Juan auzoa","izena_eu":"San Juan auzoa","nombre_es":"Barrio San Juan"},"geometry":{"type":"LineString","coordinates":[[-3.11868,43.20972],[-3.11866,43.2095],[-3.11825,43.20954]]}},{"type":"Feature","properties":{"id":251109245,"highway":"service"},"geometry":{"type":"LineString","coordinates":[[-3.11483,43.21127],[-3.11458,43.21121],[-3.11416,43.21139]]}},{"type":"Feature","properties":{"id":251109246,"highway":"pedestrian","nombre":"Calle Cadagua"},"geometry":{"type":"LineString","coordinates":[[-3.11258,43.21216],[-3.11333,43.21205],[-3.11369,43.212]]}},{"type":"Feature","properties":{"id":251109247,"highway":"unclassified","nombre":"Oreña auzoa","izena_eu":"Oreña auzoa","nombre_es":"Barrio Oreña","superficie":"asphalt"},"geometry":{"type":"LineString","coordinates":[[-3.12087,43.21005],[-3.1208,43.20996],[-3.12078,43.20991],[-3.12082,43.20971],[-3.1209,43.20944],[-3.1209,43.20937],[-3.12088,43.20933],[-3.12085,43.20933],[-3.12063,43.20931],[-3.12013,43.20927],[-3.11974,43.20919],[-3.11906,43.20901],[-3.11852,43.2089],[-3.11843,43.20889]]}},{"type":"Feature","properties":{"id":251109248,"highway":"residential","nombre":"La Inmaculada auzoa","izena_eu":"La Inmaculada auzoa","nombre_es":"Barrio La Inmaculada","oneway":"yes"},"geometry":{"type":"LineString","coordinates":[[-3.11814,43.20938],[-3.1181,43.20938],[-3.118,43.20938],[-3.11792,43.20939],[-3.11778,43.2094],[-3.11714,43.20945]]}},{"type":"Feature","properties":{"id":251109249,"highway":"service"},"geometry":{"type":"LineString","coordinates":[[-3.11673,43.21234],[-3.11689,43.21227],[-3.11699,43.21225],[-3.11708,43.21224],[-3.11758,43.21223]]}},{"type":"Feature","properties":{"id":251109250,"highway":"pedestrian","nombre":"Mendi Alde auzoa","izena_eu":"Mendi Alde auzoa","nombre_es":"Barrio Mendi Alde"},"geometry":{"type":"LineString","coordinates":[[-3.1182,43.21192],[-3.1179,43.21209],[-3.11788,43.21214],[-3.1176,43.21226]]}},{"type":"Feature","properties":{"id":251109251,"highway":"service","nombre":"Chavarri auzoa","izena_eu":"Chavarri auzoa","nombre_es":"Barrio Chavarri"},"geometry":{"type":"LineString","coordinates":[[-3.12156,43.21205],[-3.12066,43.21219],[-3.12033,43.21222],[-3.12028,43.21223],[-3.11999,43.21221]]}},{"type":"Feature","properties":{"id":251109252,"highway":"service"},"geometry":{"type":"LineString","coordinates":[[-3.11409,43.20934],[-3.11393,43.20949],[-3.11384,43.2095],[-3.11367,43.20957],[-3.11362,43.20958],[-3.11355,43.20958]]}},{"type":"Feature","properties":{"id":251109253,"highway":"residential","nombre":"San Juan auzoa","izena_eu":"San Juan auzoa","nombre_es":"Barrio San Juan","oneway":"yes"},"geometry":{"type":"LineString","coordinates":[[-3.11868,43.20972],[-3.11835,43.20976],[-3.11831,43.20975],[-3.11829,43.20974],[-3.11825,43.20954]]}},{"type":"Feature","properties":{"id":251109254,"highway":"residential","nombre":"Mendi Alde Hegoa auzoa"},"geometry":{"type":"LineString","coordinates":[[-3.11744,43.21103],[-3.11737,43.21107],[-3.11723,43.21111],[-3.11703,43.21113],[-3.11692,43.21114],[-3.11689,43.21115]]}},{"type":"Feature","properties":{"id":251109255,"highway":"residential","nombre":"La Inmaculada auzoa","izena_eu":"La Inmaculada auzoa","nombre_es":"Barrio La Inmaculada"},"geometry":{"type":"LineString","coordinates":[[-3.11714,43.20945],[-3.11715,43.20949],[-3.11722,43.20987],[-3.11725,43.20994],[-3.11727,43.20998],[-3.11728,43.21004],[-3.11729,43.21007],[-3.11729,43.21009]]}},{"type":"Feature","properties":{"id":251109256,"highway":"residential","nombre":"Muñeran auzoa","izena_eu":"Muñeran auzoa","nombre_es":"Barrio Muñeran"},"geometry":{"type":"LineString","coordinates":[[-3.11349,43.21146],[-3.11364,43.21167],[-3.11368,43.21177],[-3.11379,43.21193],[-3.11382,43.21199],[-3.11383,43.21209],[-3.11378,43.21235]]}},{"type":"Feature","properties":{"id":251109257,"highway":"residential","nombre":"La Inmaculada auzoa","izena_eu":"La Inmaculada auzoa","nombre_es":"Barrio La Inmaculada"},"geometry":{"type":"LineString","coordinates":[[-3.11673,43.20854],[-3.1167,43.20867],[-3.11662,43.20898],[-3.1166,43.20909],[-3.11659,43.20913],[-3.11658,43.20915],[-3.11656,43.2095],[-3.11656,43.20953],[-3.11656,43.2096],[-3.11656,43.21001],[-3.11656,43.21003],[-3.11657,43.2101],[-3.11657,43.21012],[-3.11658,43.21014]]}},{"type":"Feature","properties":{"id":251109258,"highway":"pedestrian","nombre":"Mendi Alde auzoa","izena_eu":"Mendi Alde auzoa","nombre_es":"Barrio Mendi Alde"},"geometry":{"type":"LineString","coordinates":[[-3.1184,43.21212],[-3.1181,43.21232],[-3.11795,43.21238],[-3.11777,43.21243],[-3.11767,43.21244],[-3.11729,43.21245],[-3.117,43.21246],[-3.11697,43.21246],[-3.11693,43.21247]]}},{"type":"Feature","properties":{"id":251109259,"highway":"residential","nombre":"Maestra Consuelo Robledo kalea","izena_eu":"Maestra Consuelo Robledo kalea","nombre_es":"Calle Maestra Consuelo Robledo"},"geometry":{"type":"LineString","coordinates":[[-3.11321,43.21038],[-3.11315,43.21055],[-3.11314,43.21065],[-3.11316,43.21129],[-3.11315,43.21143],[-3.11326,43.21156]]}},{"type":"Feature","properties":{"id":251109260,"highway":"pedestrian","nombre":"Mendi Alde auzoa","izena_eu":"Mendi Alde auzoa","nombre_es":"Barrio Mendi Alde"},"geometry":{"type":"LineString","coordinates":[[-3.11809,43.21169],[-3.11771,43.21192],[-3.11761,43.212],[-3.11754,43.21203],[-3.11739,43.21204]]}},{"type":"Feature","properties":{"id":251109261,"highway":"residential","nombre":"La Inmaculada auzoa","izena_eu":"La Inmaculada auzoa","nombre_es":"Barrio La Inmaculada","oneway":"yes","superficie":"asphalt"},"geometry":{"type":"LineString","coordinates":[[-3.11503,43.21021],[-3.11588,43.21018],[-3.11658,43.21014],[-3.11729,43.21009],[-3.11822,43.20999]]}},{"type":"Feature","properties":{"id":251109262,"highway":"pedestrian","nombre":"Mendi Alde auzoa","izena_eu":"Mendi Alde auzoa","nombre_es":"Barrio Mendi Alde"},"geometry":{"type":"LineString","coordinates":[[-3.11803,43.21154],[-3.11778,43.21163],[-3.11764,43.21166],[-3.11755,43.21172],[-3.11735,43.21185],[-3.11722,43.21186]]}},{"type":"Feature","properties":{"id":251109601,"highway":"tertiary","nombre":"Avenida Trabajadores","superficie":"asphalt"},"geometry":{"type":"LineString","coordinates":[[-3.11516,43.2107],[-3.11531,43.21068],[-3.11548,43.21066],[-3.11561,43.21064],[-3.11587,43.2106],[-3.11598,43.21059],[-3.11603,43.21059],[-3.11614,43.21057],[-3.11637,43.21054],[-3.11653,43.21053],[-3.11685,43.21049],[-3.11692,43.21048],[-3.11709,43.21046],[-3.11751,43.21041],[-3.11762,43.21039],[-3.11831,43.21031],[-3.11838,43.2103],[-3.11887,43.21025],[-3.11898,43.21023],[-3.11974,43.21013],[-3.12006,43.21009],[-3.12025,43.21007],[-3.12038,43.21005],[-3.12062,43.21003],[-3.12082,43.21004],[-3.12087,43.21005],[-3.12095,43.21007],[-3.12109,43.21011],[-3.12145,43.21028],[-3.12193,43.21049],[-3.1226,43.21078],[-3.12282,43.21088],[-3.12297,43.21093],[-3.12321,43.21099],[-3.12339,43.21102],[-3.12349,43.21103],[-3.12359,43.21104],[-3.12361,43.21105],[-3.12377,43.21107],[-3.12406,43.21112]]}},{"type":"Feature","properties":{"id":251109603,"highway":"tertiary","nombre":"Maestra Consuelo Robledo kalea","izena_eu":"Maestra Consuelo Robledo kalea","nombre_es":"Calle Maestra Consuelo Robledo","superficie":"asphalt"},"geometry":{"type":"LineString","coordinates":[[-3.11326,43.21156],[-3.11349,43.21146],[-3.11369,43.21136],[-3.11397,43.21123],[-3.11437,43.21104],[-3.11474,43.21087],[-3.11479,43.21084],[-3.11488,43.2108],[-3.11499,43.21076],[-3.11516,43.2107]]}},{"type":"Feature","properties":{"id":251111884,"highway":"steps"},"geometry":{"type":"LineString","coordinates":[[-3.13051,43.21527],[-3.13074,43.21514],[-3.13077,43.21514],[-3.13073,43.21525],[-3.13086,43.21532]]}},{"type":"Feature","properties":{"id":251111885,"highway":"residential","nombre":"Urbanización Tepeyac","oneway":"yes"},"geometry":{"type":"LineString","coordinates":[[-3.13368,43.21453],[-3.13367,43.21456],[-3.13368,43.21461],[-3.1337,43.21464]]}},{"type":"Feature","properties":{"id":251150149,"highway":"tertiary","ref":"BI-3602","superficie":"asphalt"},"geometry":{"type":"LineString","coordinates":[[-3.1296,43.21331],[-3.1294,43.21323]]}},{"type":"Feature","properties":{"id":251150151,"highway":"service","oneway":"yes"},"geometry":{"type":"LineString","coordinates":[[-3.13139,43.21409],[-3.13147,43.21411],[-3.13172,43.21417],[-3.1319,43.21417],[-3.13193,43.21414],[-3.13194,43.2141],[-3.13173,43.21399],[-3.13154,43.21395],[-3.13147,43.21393]]}},{"type":"Feature","properties":{"id":251150152,"highway":"residential","nombre":"Baular auzoa","izena_eu":"Baular auzoa","nombre_es":"Barrio el Baular","oneway":"no"},"geometry":{"type":"LineString","coordinates":[[-3.12673,43.21217],[-3.12681,43.21214],[-3.12686,43.21212]]}},{"type":"Feature","properties":{"id":251150153,"highway":"residential","nombre":"Baular auzoa","izena_eu":"Baular auzoa","nombre_es":"Barrio el Baular"},"geometry":{"type":"LineString","coordinates":[[-3.1273,43.21241],[-3.12766,43.21224],[-3.12773,43.21232],[-3.12778,43.2124],[-3.12787,43.21246]]}},{"type":"Feature","properties":{"id":251150154,"highway":"living_street","nombre":"Lusa auzoa","izena_eu":"Lusa auzoa","nombre_es":"Barrio Lusa"},"geometry":{"type":"LineString","coordinates":[[-3.12808,43.21315],[-3.12785,43.21308],[-3.12763,43.21299],[-3.12736,43.21285],[-3.12746,43.21271]]}},{"type":"Feature","properties":{"id":251150155,"highway":"residential","nombre":"Baular auzoa","izena_eu":"Baular auzoa","nombre_es":"Barrio el Baular"},"geometry":{"type":"LineString","coordinates":[[-3.12686,43.21212],[-3.12694,43.21221],[-3.12706,43.21231],[-3.12712,43.21234]]}},{"type":"Feature","properties":{"id":251150156,"highway":"service","nombre":"Barrio Lusa"},"geometry":{"type":"LineString","coordinates":[[-3.12825,43.21293],[-3.12806,43.21286],[-3.12801,43.21284],[-3.1278,43.21281],[-3.12773,43.2128],[-3.1277,43.21279],[-3.12763,43.21274]]}},{"type":"Feature","properties":{"id":251150572,"highway":"residential","oneway":"yes","superficie":"asphalt"},"geometry":{"type":"LineString","coordinates":[[-3.12981,43.21344],[-3.12949,43.21336],[-3.12942,43.21337],[-3.12928,43.21365],[-3.12917,43.21391],[-3.12917,43.21392],[-3.12916,43.21398]]}},{"type":"Feature","properties":{"id":251152278,"highway":"residential","superficie":"asphalt"},"geometry":{"type":"LineString","coordinates":[[-3.13034,43.21429],[-3.13025,43.21427],[-3.13021,43.21426],[-3.13003,43.21418],[-3.12995,43.21416],[-3.12964,43.21409],[-3.12953,43.21407],[-3.12916,43.21398],[-3.12895,43.21392]]}},{"type":"Feature","properties":{"id":251152279,"highway":"residential","nombre":"Plaza Euskadi","puente":"yes"},"geometry":{"type":"LineString","coordinates":[[-3.13247,43.21539],[-3.13245,43.21542],[-3.13242,43.21548]]}},{"type":"Feature","properties":{"id":251152280,"highway":"residential","nombre":"Plaza Euskadi"},"geometry":{"type":"LineString","coordinates":[[-3.13248,43.21535],[-3.13247,43.21539]]}},{"type":"Feature","properties":{"id":251152281,"highway":"residential","nombre":"Plaza Euskadi"},"geometry":{"type":"LineString","coordinates":[[-3.13242,43.21548],[-3.13239,43.21554]]}},{"type":"Feature","properties":{"id":251152282,"highway":"residential","puente":"yes"},"geometry":{"type":"LineString","coordinates":[[-3.13049,43.21433],[-3.13034,43.21429]]}},{"type":"Feature","properties":{"id":251152283,"highway":"service","oneway":"yes"},"geometry":{"type":"LineString","coordinates":[[-3.13248,43.21535],[-3.13255,43.21537],[-3.13295,43.21546],[-3.13303,43.21526],[-3.13267,43.21518],[-3.13253,43.21516]]}},{"type":"Feature","properties":{"id":251152284,"highway":"service","oneway":"yes"},"geometry":{"type":"LineString","coordinates":[[-3.13253,43.21516],[-3.13237,43.21512],[-3.13233,43.21528],[-3.13236,43.21531],[-3.13241,43.21533],[-3.13248,43.21535]]}},{"type":"Feature","properties":{"id":251152654,"highway":"residential","nombre":"San Miguel auzoa","izena_eu":"San Miguel auzoa","nombre_es":"Barrio San Miguel"},"geometry":{"type":"LineString","coordinates":[[-3.13705,43.21631],[-3.13719,43.21635]]}},{"type":"Feature","properties":{"id":251152655,"highway":"service"},"geometry":{"type":"LineString","coordinates":[[-3.13776,43.21659],[-3.13798,43.21613]]}},{"type":"Feature","properties":{"id":251152656,"highway":"track","puente":"yes"},"geometry":{"type":"LineString","coordinates":[[-3.13508,43.21575],[-3.13501,43.21587]]}},{"type":"Feature","properties":{"id":251152657,"highway":"residential","nombre":"San Miguel auzoa","izena_eu":"San Miguel auzoa","nombre_es":"Barrio San Miguel","oneway":"yes"},"geometry":{"type":"LineString","coordinates":[[-3.13725,43.21591],[-3.13723,43.21596],[-3.1372,43.21603]]}},{"type":"Feature","properties":{"id":251152658,"highway":"residential","nombre":"San Miguel auzoa","izena_eu":"San Miguel auzoa","nombre_es":"Barrio San Miguel"},"geometry":{"type":"LineString","coordinates":[[-3.13652,43.21616],[-3.1364,43.21612]]}},{"type":"Feature","properties":{"id":251152659,"highway":"residential","nombre":"Ligueti auzoa","izena_eu":"Ligueti auzoa","nombre_es":"Barrio Ligueti"},"geometry":{"type":"LineString","coordinates":[[-3.13466,43.21525],[-3.13464,43.21529],[-3.13463,43.21533]]}},{"type":"Feature","properties":{"id":251152660,"highway":"service"},"geometry":{"type":"LineString","coordinates":[[-3.13795,43.21662],[-3.13776,43.21659],[-3.13754,43.21656]]}},{"type":"Feature","properties":{"id":251152661,"highway":"residential","nombre":"Ligueti auzoa","izena_eu":"Ligueti auzoa","nombre_es":"Barrio Ligueti"},"geometry":{"type":"LineString","coordinates":[[-3.13508,43.21575],[-3.13546,43.21585],[-3.13554,43.21588]]}},{"type":"Feature","properties":{"id":251152662,"highway":"residential","nombre":"Ligueti auzoa","izena_eu":"Ligueti auzoa","nombre_es":"Barrio Ligueti","oneway":"yes"},"geometry":{"type":"LineString","coordinates":[[-3.13458,43.21532],[-3.13451,43.21549],[-3.13459,43.21551],[-3.13466,43.21534]]}},{"type":"Feature","properties":{"id":251152663,"highway":"track"},"geometry":{"type":"LineString","coordinates":[[-3.13501,43.21587],[-3.13494,43.21598],[-3.13488,43.2161],[-3.13481,43.21626],[-3.1348,43.2163],[-3.13477,43.21638],[-3.13472,43.21653],[-3.13467,43.21659],[-3.13453,43.21664],[-3.13445,43.21667],[-3.13436,43.21666],[-3.13419,43.21664],[-3.13393,43.21665],[-3.13332,43.21674],[-3.13327,43.21675],[-3.13326,43.21677],[-3.13324,43.21681],[-3.13323,43.21686],[-3.13326,43.2169],[-3.13329,43.21693],[-3.13333,43.21694],[-3.13344,43.21696],[-3.13352,43.217],[-3.13364,43.21708],[-3.13372,43.21717],[-3.13373,43.21722],[-3.13375,43.21732],[-3.13375,43.21745],[-3.13377,43.21751],[-3.13381,43.21757],[-3.13387,43.21761],[-3.13397,43.21768],[-3.13405,43.21772],[-3.13413,43.21774],[-3.13422,43.21778],[-3.1343,43.21783],[-3.13438,43.21788],[-3.13455,43.21797],[-3.1348,43.21808],[-3.13498,43.21814],[-3.13517,43.2182],[-3.13532,43.21827],[-3.13539,43.21831],[-3.13542,43.21835],[-3.13541,43.21841],[-3.13535,43.21847],[-3.13526,43.21849],[-3.13505,43.21854],[-3.13473,43.21859],[-3.13452,43.21863],[-3.13431,43.21871],[-3.13402,43.21885]]}},{"type":"Feature","properties":{"id":251152664,"highway":"residential","nombre":"Ligueti auzoa","izena_eu":"Ligueti auzoa","nombre_es":"Barrio Ligueti","oneway":"yes"},"geometry":{"type":"LineString","coordinates":[[-3.13488,43.21539],[-3.1348,43.21556],[-3.13488,43.21558],[-3.13496,43.21541]]}},{"type":"Feature","properties":{"id":251152665,"highway":"residential","nombre":"San Miguel auzoa","izena_eu":"San Miguel auzoa","nombre_es":"Barrio San Miguel","oneway":"yes"},"geometry":{"type":"LineString","coordinates":[[-3.13667,43.21588],[-3.13658,43.21605],[-3.13652,43.21616],[-3.13678,43.21624],[-3.13705,43.21631],[-3.1371,43.21621],[-3.1372,43.21603]]}},{"type":"Feature","properties":{"id":251152666,"highway":"residential","nombre":"Ligueti auzoa","izena_eu":"Ligueti auzoa","nombre_es":"Barrio Ligueti"},"geometry":{"type":"LineString","coordinates":[[-3.13523,43.21538],[-3.13521,43.21542],[-3.1352,43.21543],[-3.13519,43.21546],[-3.13508,43.21575],[-3.13492,43.21576],[-3.13455,43.21572]]}},{"type":"Feature","properties":{"id":251152667,"highway":"residential","nombre":"Ligueti auzoa","izena_eu":"Ligueti auzoa","nombre_es":"Barrio Ligueti","oneway":"yes"},"geometry":{"type":"LineString","coordinates":[[-3.13569,43.2155],[-3.13567,43.21554],[-3.13553,43.21583],[-3.13554,43.21588],[-3.13579,43.21595],[-3.13584,43.21595],[-3.13587,43.21592],[-3.136,43.21563],[-3.13602,43.21559]]}},{"type":"Feature","properties":{"id":251152668,"highway":"residential","nombre":"Ligueti auzoa","izena_eu":"Ligueti auzoa","nombre_es":"Barrio Ligueti","oneway":"yes"},"geometry":{"type":"LineString","coordinates":[[-3.13433,43.21526],[-3.13458,43.21532],[-3.13463,43.21533],[-3.13466,43.21534],[-3.13488,43.21539],[-3.13496,43.21541],[-3.13519,43.21546]]}},{"type":"Feature","properties":{"id":251152984,"highway":"tertiary","nombre":"Avenida Hermanos Maristas","ref":"BI-3602","superficie":"asphalt"},"geometry":{"type":"LineString","coordinates":[[-3.13208,43.21399],[-3.13194,43.21391],[-3.13178,43.21384]]}},{"type":"Feature","properties":{"id":251152985,"highway":"service","oneway":"yes"},"geometry":{"type":"LineString","coordinates":[[-3.1313,43.21196],[-3.13106,43.2119],[-3.13116,43.2117],[-3.13139,43.21178]]}},{"type":"Feature","properties":{"id":251153459,"highway":"tertiary","nombre":"Barrio Gallardi","ref":"BI-3651","puente":"yes","superficie":"asphalt"},"geometry":{"type":"LineString","coordinates":[[-3.13259,43.20574],[-3.13277,43.20571]]}},{"type":"Feature","properties":{"id":251153460,"highway":"tertiary","nombre":"Barrio Llantada","ref":"BI-3651","superficie":"asphalt"},"geometry":{"type":"LineString","coordinates":[[-3.13428,43.20563],[-3.13504,43.20562],[-3.13548,43.20561],[-3.13607,43.20559],[-3.13626,43.20559],[-3.13628,43.20559],[-3.13723,43.20557],[-3.13813,43.20555],[-3.13838,43.20554]]}},{"type":"Feature","properties":{"id":251153461,"highway":"unclassified","nombre":"Barrio Llantada"},"geometry":{"type":"LineString","coordinates":[[-3.13428,43.20563],[-3.13398,43.20611],[-3.13388,43.20636]]}},{"type":"Feature","properties":{"id":251153462,"highway":"residential","nombre":"Barrio Uribarri"},"geometry":{"type":"LineString","coordinates":[[-3.13235,43.20576],[-3.13252,43.20609],[-3.1326,43.20653],[-3.1326,43.20657],[-3.13258,43.20661],[-3.13252,43.20667],[-3.1323,43.20688],[-3.13228,43.20692],[-3.13194,43.20755],[-3.13185,43.20759]]}},{"type":"Feature","properties":{"id":251153463,"highway":"residential","nombre":"Uribarri auzoa","izena_eu":"Uribarri auzoa","nombre_es":"Barrio Uribarri","puente":"yes"},"geometry":{"type":"LineString","coordinates":[[-3.13257,43.20701],[-3.13254,43.20701],[-3.13251,43.20699]]}},{"type":"Feature","properties":{"id":251153464,"highway":"residential","nombre":"Uribarri auzoa","izena_eu":"Uribarri auzoa","nombre_es":"Barrio Uribarri"},"geometry":{"type":"LineString","coordinates":[[-3.13251,43.20699],[-3.13228,43.20692]]}},{"type":"Feature","properties":{"id":251153465,"highway":"residential","nombre":"Barrio Gallardi"},"geometry":{"type":"LineString","coordinates":[[-3.13108,43.20658],[-3.13132,43.20606],[-3.13135,43.20593],[-3.13136,43.2059],[-3.13137,43.20587]]}},{"type":"Feature","properties":{"id":251153466,"highway":"service"},"geometry":{"type":"LineString","coordinates":[[-3.12904,43.20877],[-3.12916,43.20872],[-3.12928,43.20845],[-3.12943,43.20824]]}},{"type":"Feature","properties":{"id":251153467,"highway":"residential","nombre":"Barrio Uribarri"},"geometry":{"type":"LineString","coordinates":[[-3.13359,43.20686],[-3.13317,43.20678],[-3.13303,43.20682],[-3.1329,43.20691],[-3.13265,43.20701],[-3.13261,43.20701],[-3.13257,43.20701]]}},{"type":"Feature","properties":{"id":251154309,"highway":"track","nombre":"Camino La Estación"},"geometry":{"type":"LineString","coordinates":[[-3.10759,43.21072],[-3.10819,43.2107],[-3.10966,43.21063],[-3.11033,43.2106],[-3.11079,43.21058],[-3.1109,43.21057],[-3.11101,43.21059],[-3.11111,43.21063],[-3.11117,43.21066],[-3.1114,43.21072],[-3.11243,43.21095]]}},{"type":"Feature","properties":{"id":251154388,"highway":"tertiary","nombre":"La Llana auzoa","izena_eu":"La Llana auzoa","nombre_es":"Barrio La Llana","ref":"BI-3602","superficie":"asphalt"},"geometry":{"type":"LineString","coordinates":[[-3.14737,43.21864],[-3.14646,43.21825],[-3.14605,43.21805],[-3.1457,43.2178],[-3.14545,43.21766],[-3.14488,43.21745],[-3.14481,43.21743],[-3.14422,43.21726],[-3.14413,43.21723],[-3.14394,43.21717],[-3.14363,43.21714],[-3.14283,43.21704],[-3.14196,43.21693],[-3.14043,43.21674],[-3.14002,43.21669],[-3.13996,43.21667]]}},{"type":"Feature","properties":{"id":251163223,"highway":"track"},"geometry":{"type":"LineString","coordinates":[[-3.1349,43.19543],[-3.13496,43.19538],[-3.13495,43.19534],[-3.1349,43.19525],[-3.13483,43.19519],[-3.13482,43.19511],[-3.13486,43.19507],[-3.1349,43.19502],[-3.13496,43.19495],[-3.13498,43.19486],[-3.13497,43.19475],[-3.13495,43.19466],[-3.13487,43.19454],[-3.13483,43.19445],[-3.13483,43.1943],[-3.13483,43.19416],[-3.13479,43.19402],[-3.13475,43.19385],[-3.13467,43.19364],[-3.13462,43.19351],[-3.13461,43.19341],[-3.13462,43.19327],[-3.1346,43.19315],[-3.13464,43.19301],[-3.13479,43.19311],[-3.13483,43.19341],[-3.13499,43.19362],[-3.13509,43.19375],[-3.13524,43.19393],[-3.13538,43.19417],[-3.13549,43.19432],[-3.13565,43.19449],[-3.13576,43.19466],[-3.13583,43.19484],[-3.13587,43.19491],[-3.13595,43.19497],[-3.13607,43.19508],[-3.13612,43.19514],[-3.13627,43.19549],[-3.13637,43.19588],[-3.13653,43.19623],[-3.13657,43.19636],[-3.13661,43.19673],[-3.13666,43.19688],[-3.13668,43.19696],[-3.13659,43.19722],[-3.13656,43.19755],[-3.13651,43.19769],[-3.13633,43.19791],[-3.13631,43.19795],[-3.13635,43.198]]}},{"type":"Feature","properties":{"id":267076650,"highway":"unclassified","nombre":"Barrio La Magdalena","superficie":"asphalt"},"geometry":{"type":"LineString","coordinates":[[-3.1278,43.2158],[-3.12779,43.21592],[-3.12773,43.21604],[-3.12766,43.21614],[-3.12746,43.21629],[-3.12731,43.21644],[-3.12718,43.21664],[-3.12707,43.21682],[-3.12699,43.21699],[-3.12699,43.21718],[-3.12694,43.21735],[-3.12694,43.21751],[-3.12696,43.21764],[-3.12701,43.21773],[-3.12731,43.21804],[-3.12744,43.21829],[-3.12766,43.21858],[-3.12799,43.21922],[-3.12822,43.21963],[-3.12834,43.21989],[-3.12839,43.22001],[-3.12833,43.22008],[-3.12821,43.22008],[-3.12752,43.21971],[-3.12689,43.21932],[-3.12675,43.21927],[-3.12664,43.21924],[-3.12642,43.21922],[-3.12627,43.2192],[-3.12615,43.21916],[-3.12545,43.21873],[-3.12452,43.2181],[-3.12407,43.21785],[-3.12386,43.21772],[-3.12366,43.21756],[-3.12329,43.21728],[-3.12297,43.21711],[-3.12277,43.217],[-3.1226,43.21693],[-3.12246,43.21686],[-3.12237,43.21685],[-3.12232,43.21686],[-3.12228,43.2169],[-3.12225,43.21694],[-3.12221,43.21718],[-3.12221,43.21727],[-3.12225,43.21737],[-3.12251,43.21801],[-3.12263,43.2182],[-3.12267,43.2183],[-3.12269,43.21838],[-3.12274,43.21858],[-3.12279,43.21867],[-3.12286,43.21877],[-3.12303,43.21898],[-3.12313,43.21912],[-3.12318,43.21922],[-3.12324,43.21936],[-3.12332,43.21948],[-3.12337,43.21956],[-3.12353,43.21971],[-3.12356,43.21975],[-3.12365,43.21994],[-3.12367,43.22002],[-3.12373,43.22039],[-3.12376,43.22072],[-3.12378,43.22079],[-3.12382,43.22086],[-3.12393,43.22094],[-3.12413,43.22108],[-3.12424,43.22118],[-3.12427,43.22123],[-3.12427,43.22129],[-3.12422,43.22133],[-3.12412,43.22136],[-3.12404,43.22136],[-3.12382,43.22136],[-3.12362,43.22139],[-3.12339,43.22146],[-3.12306,43.22158],[-3.12302,43.22162],[-3.12298,43.22166],[-3.12297,43.2217],[-3.12298,43.22174],[-3.123,43.22177],[-3.12304,43.22179],[-3.12321,43.22184],[-3.1234,43.22188],[-3.12384,43.22204],[-3.12424,43.22225],[-3.12429,43.22232],[-3.12431,43.22241],[-3.12429,43.22247],[-3.12427,43.22254],[-3.12425,43.22265],[-3.12425,43.22269],[-3.12426,43.22273],[-3.12432,43.22294],[-3.12431,43.22298]]}},{"type":"Feature","properties":{"id":267076651,"highway":"unclassified","superficie":"asphalt"},"geometry":{"type":"LineString","coordinates":[[-3.12343,43.22413],[-3.12347,43.22413],[-3.12371,43.22412],[-3.12386,43.22413],[-3.12401,43.22416],[-3.12405,43.22418],[-3.12409,43.2242],[-3.12412,43.22424],[-3.12414,43.22427],[-3.12414,43.22438],[-3.12415,43.22448],[-3.12417,43.22454],[-3.1242,43.22458],[-3.12423,43.22461],[-3.12428,43.22463],[-3.12466,43.22479],[-3.12477,43.22482],[-3.12494,43.22486],[-3.12527,43.22494],[-3.12572,43.22507],[-3.12613,43.22522],[-3.12666,43.22543],[-3.12723,43.22573],[-3.12779,43.22606]]}},{"type":"Feature","properties":{"id":267076652,"highway":"unclassified","superficie":"paved"},"geometry":{"type":"LineString","coordinates":[[-3.12779,43.22606],[-3.12849,43.22662],[-3.12857,43.22686],[-3.12859,43.2269],[-3.12865,43.22694],[-3.12872,43.22696],[-3.12879,43.22697],[-3.1289,43.22697],[-3.129,43.22699],[-3.1291,43.22703],[-3.1292,43.22709],[-3.12931,43.22716],[-3.12942,43.22725],[-3.12953,43.22739],[-3.12963,43.22755],[-3.12986,43.22783],[-3.1302,43.2282],[-3.13046,43.22839],[-3.13089,43.22873],[-3.13101,43.22886],[-3.13111,43.22899],[-3.13116,43.22911],[-3.13124,43.22923],[-3.13133,43.22931],[-3.13145,43.22934],[-3.13157,43.22934],[-3.13167,43.22933],[-3.13175,43.22932],[-3.13181,43.22929],[-3.13184,43.22926],[-3.13188,43.22922],[-3.13196,43.22907],[-3.13201,43.22902],[-3.13207,43.22898],[-3.13216,43.22895],[-3.13237,43.22893],[-3.13251,43.22893],[-3.13263,43.22895],[-3.13278,43.229],[-3.13291,43.22907],[-3.13341,43.22934],[-3.13379,43.22959],[-3.13402,43.22971],[-3.13424,43.22985],[-3.13465,43.23022],[-3.13472,43.23028],[-3.13486,43.23039],[-3.13499,43.23053],[-3.13504,43.23058],[-3.13508,43.23064],[-3.13513,43.23072],[-3.13516,43.2308],[-3.13519,43.23098],[-3.13543,43.23132],[-3.13548,43.23136],[-3.13554,43.23139],[-3.13561,43.2314],[-3.13566,43.23139],[-3.13589,43.23137],[-3.13602,43.23138],[-3.13616,43.23141],[-3.13626,43.23144],[-3.13633,43.23146],[-3.13646,43.23148],[-3.13657,43.23147],[-3.13673,43.23148],[-3.13686,43.23149],[-3.1371,43.23156],[-3.13737,43.23165],[-3.13785,43.23183],[-3.13812,43.23193],[-3.13835,43.23204],[-3.13851,43.23217],[-3.13898,43.23266],[-3.13914,43.23285],[-3.1392,43.23288],[-3.13926,43.23291],[-3.13933,43.23291],[-3.13939,43.23289],[-3.13994,43.23256],[-3.14001,43.23251],[-3.14009,43.23249],[-3.14022,43.23246],[-3.14043,43.23245],[-3.14065,43.23246],[-3.14105,43.23253],[-3.14147,43.23263],[-3.14232,43.23282],[-3.14247,43.23284],[-3.14262,43.23284],[-3.14278,43.23283],[-3.1429,43.23281],[-3.1432,43.23274],[-3.14338,43.23269],[-3.14349,43.23265],[-3.14357,43.23258],[-3.14382,43.23221],[-3.14388,43.23215],[-3.1439,43.23214],[-3.14395,43.23212],[-3.14397,43.23212],[-3.144,43.23212],[-3.14402,43.23214],[-3.14403,43.23216],[-3.14402,43.23217],[-3.14401,43.23219],[-3.14397,43.23223],[-3.14387,43.23231],[-3.14376,43.23253],[-3.14369,43.23276],[-3.14367,43.23279],[-3.14365,43.23282],[-3.14362,43.23285],[-3.14358,43.23287],[-3.14341,43.2329],[-3.14323,43.23295],[-3.14292,43.23306],[-3.1426,43.23315],[-3.14241,43.23318],[-3.1422,43.23321],[-3.14193,43.23322],[-3.1418,43.23323],[-3.14167,43.23325],[-3.14151,43.23329],[-3.14143,43.23332],[-3.14136,43.23335],[-3.14123,43.23347],[-3.1412,43.23349],[-3.14117,43.23351],[-3.14111,43.23354],[-3.1411,43.23354],[-3.14098,43.23356],[-3.14081,43.23359],[-3.14069,43.23361],[-3.14063,43.23363],[-3.14055,43.23366],[-3.14041,43.23375],[-3.14031,43.23381],[-3.14021,43.23388],[-3.14017,43.23394],[-3.14014,43.234],[-3.14011,43.2341],[-3.14007,43.23417],[-3.13999,43.23423],[-3.1397,43.23441],[-3.13968,43.23444]]}},{"type":"Feature","properties":{"id":267076653,"highway":"unclassified","superficie":"paved"},"geometry":{"type":"LineString","coordinates":[[-3.15349,43.23113],[-3.15352,43.23091],[-3.15354,43.23083],[-3.1536,43.23074],[-3.15375,43.23061],[-3.15379,43.23056],[-3.15385,43.23043],[-3.15395,43.23016],[-3.15401,43.22998],[-3.15404,43.22993],[-3.1541,43.22976],[-3.15413,43.22971],[-3.15418,43.22966],[-3.15473,43.22925],[-3.15494,43.22912],[-3.15509,43.22906],[-3.15576,43.22882],[-3.15597,43.22877],[-3.15614,43.22876],[-3.15642,43.22877],[-3.1566,43.22876],[-3.15697,43.22869],[-3.15717,43.22863],[-3.15735,43.22856],[-3.15754,43.22848],[-3.15763,43.22842],[-3.15788,43.22822],[-3.15799,43.22817],[-3.15805,43.22816],[-3.15816,43.22814],[-3.15849,43.22813],[-3.15865,43.22813],[-3.15893,43.22812],[-3.15914,43.22813],[-3.15926,43.22813],[-3.15937,43.22812],[-3.15944,43.22811],[-3.15992,43.22792],[-3.15997,43.2279]]}},{"type":"Feature","properties":{"id":267076654,"highway":"unclassified","superficie":"paved"},"geometry":{"type":"LineString","coordinates":[[-3.16195,43.22923],[-3.16206,43.22922],[-3.16217,43.22921]]}},{"type":"Feature","properties":{"id":270845256,"highway":"residential","nombre":"Barrio Lusa"},"geometry":{"type":"LineString","coordinates":[[-3.1265,43.21276],[-3.1265,43.21278],[-3.1265,43.2128],[-3.12651,43.21282],[-3.12652,43.21283],[-3.12654,43.21284],[-3.1266,43.21284],[-3.12681,43.21283]]}},{"type":"Feature","properties":{"id":270845334,"highway":"service","oneway":"no"},"geometry":{"type":"LineString","coordinates":[[-3.12489,43.2225],[-3.12474,43.22256],[-3.12467,43.2226],[-3.12464,43.22261],[-3.12462,43.22262],[-3.12459,43.22264],[-3.12453,43.22272],[-3.12452,43.22276],[-3.12448,43.22288],[-3.12446,43.22295],[-3.12441,43.22299],[-3.12438,43.223],[-3.12431,43.22298]]}},{"type":"Feature","properties":{"id":270845337,"highway":"service"},"geometry":{"type":"LineString","coordinates":[[-3.1166,43.21163],[-3.11652,43.2117],[-3.11641,43.21176],[-3.11631,43.21181],[-3.11626,43.21185],[-3.11621,43.21191],[-3.1162,43.21193],[-3.11619,43.21198],[-3.11619,43.21206],[-3.11619,43.21217],[-3.11619,43.21222],[-3.11618,43.21237]]}},{"type":"Feature","properties":{"id":270845340,"highway":"residential","nombre":"Lusa auzoa","izena_eu":"Lusa auzoa","nombre_es":"Barrio Lusa"},"geometry":{"type":"LineString","coordinates":[[-3.12718,43.2126],[-3.12722,43.21254]]}},{"type":"Feature","properties":{"id":270845341,"highway":"service"},"geometry":{"type":"LineString","coordinates":[[-3.11635,43.21206],[-3.11624,43.21215],[-3.11619,43.21222]]}},{"type":"Feature","properties":{"id":270845342,"highway":"service","oneway":"no"},"geometry":{"type":"LineString","coordinates":[[-3.12427,43.22129],[-3.1243,43.22129],[-3.12439,43.2213],[-3.12473,43.22143]]}},{"type":"Feature","properties":{"id":270845346,"highway":"service","oneway":"no"},"geometry":{"type":"LineString","coordinates":[[-3.12464,43.22261],[-3.12461,43.22258],[-3.12457,43.22255],[-3.12429,43.22247],[-3.12398,43.22239]]}},{"type":"Feature","properties":{"id":270845347,"highway":"service","oneway":"no"},"geometry":{"type":"LineString","coordinates":[[-3.1244,43.22104],[-3.12436,43.22113],[-3.12453,43.22122],[-3.12455,43.22124],[-3.12453,43.22126],[-3.12449,43.22127],[-3.12445,43.22126],[-3.12427,43.22123]]}},{"type":"Feature","properties":{"id":270845350,"highway":"service","oneway":"no"},"geometry":{"type":"LineString","coordinates":[[-3.12422,43.22133],[-3.12424,43.22138],[-3.12427,43.22142],[-3.12431,43.22145],[-3.1244,43.22149],[-3.12452,43.22154]]}},{"type":"Feature","properties":{"id":270845351,"highway":"residential","nombre":"Baular auzoa","izena_eu":"Baular auzoa","nombre_es":"Barrio El Baular","oneway":"yes"},"geometry":{"type":"LineString","coordinates":[[-3.12683,43.21255],[-3.12688,43.21259],[-3.12693,43.21261],[-3.12696,43.2126],[-3.12701,43.21257],[-3.12705,43.21251],[-3.12708,43.21244]]}},{"type":"Feature","properties":{"id":271144068,"highway":"service"},"geometry":{"type":"LineString","coordinates":[[-3.11584,43.21341],[-3.11586,43.21346],[-3.11591,43.21358],[-3.11599,43.21369],[-3.11611,43.21382],[-3.11619,43.21393],[-3.1163,43.21406],[-3.11633,43.21411],[-3.11634,43.21415],[-3.11634,43.21418],[-3.11633,43.21421],[-3.11632,43.21424]]}},{"type":"Feature","properties":{"id":271144069,"highway":"residential","nombre":"Muñeran auzoa","izena_eu":"Muñeran auzoa","nombre_es":"Barrio Muñeran"},"geometry":{"type":"LineString","coordinates":[[-3.11433,43.21293],[-3.11446,43.21279]]}},{"type":"Feature","properties":{"id":271144071,"highway":"service"},"geometry":{"type":"LineString","coordinates":[[-3.11502,43.21339],[-3.11488,43.21326],[-3.11476,43.21314],[-3.11464,43.213],[-3.11459,43.21295],[-3.11446,43.21279],[-3.11428,43.21255],[-3.11419,43.21248],[-3.11414,43.21245],[-3.11378,43.21235],[-3.1137,43.21232],[-3.11333,43.21226],[-3.11323,43.21226],[-3.11311,43.21227],[-3.11272,43.21236],[-3.11268,43.21237],[-3.11264,43.21238],[-3.11236,43.21255],[-3.11221,43.21261],[-3.11193,43.2126],[-3.11127,43.21257],[-3.11105,43.21259],[-3.11086,43.21262],[-3.11073,43.21267],[-3.11069,43.21271],[-3.11069,43.21276]]}},{"type":"Feature","properties":{"id":271430013,"highway":"service","nombre":"El Corso"},"geometry":{"type":"LineString","coordinates":[[-3.11573,43.21112],[-3.11565,43.21114],[-3.11548,43.21117],[-3.11545,43.21117],[-3.11541,43.21117],[-3.11533,43.21114],[-3.11494,43.21098],[-3.11488,43.21092],[-3.11485,43.21088],[-3.11474,43.21087]]}},{"type":"Feature","properties":{"id":271430014,"highway":"service"},"geometry":{"type":"LineString","coordinates":[[-3.12026,43.21169],[-3.12032,43.21163],[-3.12035,43.21157],[-3.12035,43.21149],[-3.12031,43.21142],[-3.12024,43.21137],[-3.12016,43.21135],[-3.12004,43.21134],[-3.11987,43.21129],[-3.11972,43.21124],[-3.11968,43.21124]]}},{"type":"Feature","properties":{"id":271430015,"highway":"service"},"geometry":{"type":"LineString","coordinates":[[-3.11263,43.20713],[-3.11264,43.20719],[-3.11263,43.20721],[-3.11258,43.20724],[-3.11233,43.20742],[-3.11224,43.2075],[-3.11193,43.20776],[-3.11179,43.20788],[-3.11172,43.20794],[-3.11156,43.2081],[-3.11149,43.20821]]}},{"type":"Feature","properties":{"id":271430016,"highway":"residential","nombre":"Torre de Maruri bidea","izena_eu":"Torre de Maruri bidea","nombre_es":"Camino de la Torre de Maruri"},"geometry":{"type":"LineString","coordinates":[[-3.11517,43.21119],[-3.11526,43.21128]]}},{"type":"Feature","properties":{"id":271430017,"highway":"service"},"geometry":{"type":"LineString","coordinates":[[-3.11877,43.21118],[-3.11868,43.21099]]}},{"type":"Feature","properties":{"id":271430018,"highway":"service"},"geometry":{"type":"LineString","coordinates":[[-3.11982,43.21109],[-3.11972,43.21113],[-3.11965,43.2112]]}},{"type":"Feature","properties":{"id":271430019,"highway":"service"},"geometry":{"type":"LineString","coordinates":[[-3.11587,43.21247],[-3.11606,43.21245],[-3.11605,43.21233],[-3.11606,43.21225],[-3.1161,43.21217]]}},{"type":"Feature","properties":{"id":271430020,"highway":"service"},"geometry":{"type":"LineString","coordinates":[[-3.11087,43.20808],[-3.11119,43.20801],[-3.11152,43.20796],[-3.11172,43.20791],[-3.11179,43.20788]]}},{"type":"Feature","properties":{"id":271430021,"highway":"service"},"geometry":{"type":"LineString","coordinates":[[-3.11571,43.21317],[-3.11587,43.21319],[-3.11591,43.21318],[-3.11594,43.21316],[-3.11599,43.21295],[-3.116,43.21288],[-3.11602,43.21283],[-3.11599,43.21274],[-3.11599,43.21271],[-3.11607,43.21268],[-3.11618,43.21266],[-3.11619,43.21261],[-3.11619,43.21253],[-3.1162,43.2125],[-3.11622,43.21247]]}},{"type":"Feature","properties":{"id":271430022,"highway":"service"},"geometry":{"type":"LineString","coordinates":[[-3.119,43.21066],[-3.11911,43.21064],[-3.11914,43.21065],[-3.11915,43.21068],[-3.11917,43.21091],[-3.11915,43.21096]]}},{"type":"Feature","properties":{"id":271430023,"highway":"service"},"geometry":{"type":"LineString","coordinates":[[-3.11882,43.21156],[-3.11879,43.21154],[-3.11876,43.21151],[-3.11867,43.21141],[-3.11858,43.21127],[-3.11856,43.21125]]}},{"type":"Feature","properties":{"id":271430024,"highway":"residential","nombre":"Torre de Maruri bidea","izena_eu":"Torre de Maruri bidea","nombre_es":"Camino de la Torre de Maruri"},"geometry":{"type":"LineString","coordinates":[[-3.11509,43.21122],[-3.11518,43.21125],[-3.11526,43.21128],[-3.11528,43.21128],[-3.11542,43.21142],[-3.11545,43.21145],[-3.11548,43.21157],[-3.11549,43.21161]]}},{"type":"Feature","properties":{"id":271430025,"highway":"unclassified","nombre":"Chavarri auzoa","izena_eu":"Chavarri auzoa","nombre_es":"Barrio Chavarri"},"geometry":{"type":"LineString","coordinates":[[-3.11928,43.21114],[-3.11915,43.21096],[-3.11909,43.21086],[-3.119,43.21066],[-3.11898,43.21061],[-3.11897,43.21056],[-3.11896,43.21054],[-3.11895,43.21052],[-3.11896,43.21049],[-3.11887,43.21025]]}},{"type":"Feature","properties":{"id":271786675,"highway":"service"},"geometry":{"type":"LineString","coordinates":[[-3.15136,43.21979],[-3.15132,43.21988],[-3.15129,43.22],[-3.15129,43.22007],[-3.15131,43.22014],[-3.15131,43.2202],[-3.15127,43.22027],[-3.15118,43.22039],[-3.15115,43.22041],[-3.1511,43.22046],[-3.15104,43.22049],[-3.15102,43.22052],[-3.15101,43.22055],[-3.15101,43.22058],[-3.15101,43.2206],[-3.15104,43.22065],[-3.15113,43.22077],[-3.15114,43.2208],[-3.15116,43.22087],[-3.15116,43.2209],[-3.15116,43.22093],[-3.15115,43.2211],[-3.15116,43.22119],[-3.15117,43.22128],[-3.15118,43.22133],[-3.15121,43.22138],[-3.15126,43.22145],[-3.1513,43.22148],[-3.15147,43.2216],[-3.15152,43.22164],[-3.15155,43.22168],[-3.15157,43.22173],[-3.1516,43.22183],[-3.15165,43.22213],[-3.15166,43.2223],[-3.15166,43.22233],[-3.15169,43.22237],[-3.15173,43.2224],[-3.15177,43.22241],[-3.15184,43.22242],[-3.15191,43.22244],[-3.15195,43.22247],[-3.15197,43.22249],[-3.15201,43.22257],[-3.15204,43.22262],[-3.15206,43.22266],[-3.1521,43.22269],[-3.15218,43.22275],[-3.15221,43.2228],[-3.15221,43.22286]]}},{"type":"Feature","properties":{"id":271787216,"highway":"service"},"geometry":{"type":"LineString","coordinates":[[-3.13818,43.23381],[-3.13819,43.2339],[-3.13818,43.23395],[-3.13818,43.23398],[-3.13821,43.23401],[-3.13832,43.23409],[-3.13846,43.23417],[-3.13869,43.2343],[-3.13876,43.23435],[-3.13879,43.23438]]}},{"type":"Feature","properties":{"id":271787217,"highway":"service"},"geometry":{"type":"LineString","coordinates":[[-3.16365,43.22004],[-3.16343,43.22004],[-3.16336,43.22003],[-3.16331,43.22001],[-3.16325,43.21999],[-3.16322,43.21996],[-3.16321,43.21992],[-3.16317,43.21982],[-3.16312,43.21976],[-3.1631,43.21976]]}},{"type":"Feature","properties":{"id":271787218,"highway":"service"},"geometry":{"type":"LineString","coordinates":[[-3.16105,43.21951],[-3.16108,43.21944],[-3.16116,43.21932],[-3.1612,43.21927],[-3.16123,43.21925],[-3.16142,43.21925],[-3.16148,43.21925],[-3.16164,43.21925],[-3.16168,43.21921],[-3.1617,43.21885]]}},{"type":"Feature","properties":{"id":271787219,"highway":"service","nombre":"Barrio Retola"},"geometry":{"type":"LineString","coordinates":[[-3.17167,43.22148],[-3.17176,43.22137],[-3.1719,43.22122],[-3.17195,43.22119],[-3.17202,43.22118],[-3.17212,43.22118],[-3.17217,43.22119],[-3.17223,43.22119],[-3.17261,43.22131]]}},{"type":"Feature","properties":{"id":271787220,"highway":"unclassified","nombre":"Barrio Torrejón"},"geometry":{"type":"LineString","coordinates":[[-3.11065,43.20553],[-3.11083,43.20556],[-3.1109,43.20561],[-3.111,43.20572],[-3.11112,43.20594],[-3.11121,43.20616],[-3.11124,43.20633],[-3.11129,43.20643],[-3.11137,43.20649],[-3.11149,43.20653],[-3.11171,43.20655],[-3.11236,43.20661],[-3.11248,43.20661],[-3.11256,43.20659],[-3.11263,43.20655],[-3.1127,43.20651],[-3.11275,43.20644],[-3.11301,43.20612],[-3.11312,43.20599],[-3.11332,43.20576],[-3.11363,43.20539],[-3.11371,43.20532],[-3.11375,43.20527],[-3.11378,43.20521],[-3.11375,43.20511],[-3.1137,43.20502],[-3.11367,43.20493],[-3.11368,43.20482],[-3.1137,43.20478],[-3.11372,43.20472],[-3.11375,43.20463],[-3.11377,43.20451],[-3.11378,43.20434],[-3.11381,43.20429],[-3.11383,43.20423],[-3.1139,43.20414],[-3.11402,43.204],[-3.11408,43.20394],[-3.11412,43.20391],[-3.11419,43.2039],[-3.11444,43.2039],[-3.11452,43.20389],[-3.11457,43.20387],[-3.11459,43.20384],[-3.11461,43.20379],[-3.11461,43.20357],[-3.1146,43.20353],[-3.11458,43.20339],[-3.11451,43.20302],[-3.11451,43.20297]]}},{"type":"Feature","properties":{"id":271787221,"highway":"service"},"geometry":{"type":"LineString","coordinates":[[-3.12838,43.2082],[-3.12828,43.20821],[-3.12819,43.20823],[-3.12812,43.20833],[-3.12808,43.20838],[-3.12797,43.20845],[-3.12785,43.2085],[-3.12772,43.20852],[-3.12767,43.20853],[-3.12743,43.20856],[-3.12732,43.20863]]}},{"type":"Feature","properties":{"id":271787222,"highway":"service"},"geometry":{"type":"LineString","coordinates":[[-3.12928,43.22123],[-3.12935,43.22126],[-3.1294,43.22129],[-3.12947,43.22132],[-3.12952,43.22135],[-3.12962,43.22136],[-3.1297,43.22138],[-3.12978,43.2214],[-3.12985,43.2214],[-3.12989,43.22141],[-3.12991,43.22144]]}},{"type":"Feature","properties":{"id":271787223,"highway":"service"},"geometry":{"type":"LineString","coordinates":[[-3.13241,43.22325],[-3.1324,43.2233],[-3.13242,43.22335],[-3.13245,43.22341],[-3.13245,43.22357],[-3.13246,43.22365],[-3.13245,43.22371],[-3.13242,43.22378],[-3.13237,43.22389],[-3.13226,43.22409],[-3.13222,43.22417]]}},{"type":"Feature","properties":{"id":271787224,"highway":"service"},"geometry":{"type":"LineString","coordinates":[[-3.15684,43.22011],[-3.15683,43.21997],[-3.15682,43.21988],[-3.15691,43.21974],[-3.15695,43.21967],[-3.15693,43.21961],[-3.15682,43.21932],[-3.15681,43.21923],[-3.15681,43.21916],[-3.15684,43.21908],[-3.15691,43.21901]]}},{"type":"Feature","properties":{"id":271787225,"highway":"service"},"geometry":{"type":"LineString","coordinates":[[-3.15994,43.22013],[-3.15994,43.22018],[-3.15998,43.22033],[-3.16002,43.22041],[-3.16007,43.2205],[-3.16019,43.22071],[-3.16022,43.22076],[-3.16038,43.22101],[-3.16039,43.22105],[-3.16039,43.2211],[-3.16035,43.22118]]}},{"type":"Feature","properties":{"id":271787226,"highway":"residential","nombre":"Azarbe auzoa","izena_eu":"Azarbe auzoa","nombre_es":"Barrio Azarbe"},"geometry":{"type":"LineString","coordinates":[[-3.12448,43.20587],[-3.12465,43.20611],[-3.12467,43.2062],[-3.12469,43.20626],[-3.12474,43.20631],[-3.12482,43.20635],[-3.12485,43.20642],[-3.12487,43.20646]]}},{"type":"Feature","properties":{"id":271787227,"highway":"service"},"geometry":{"type":"LineString","coordinates":[[-3.17074,43.2222],[-3.1709,43.22236],[-3.17095,43.22243],[-3.17101,43.22247],[-3.17106,43.22251],[-3.17125,43.2226],[-3.17146,43.2227],[-3.1715,43.22272]]}},{"type":"Feature","properties":{"id":271787228,"highway":"service"},"geometry":{"type":"LineString","coordinates":[[-3.13077,43.22286],[-3.13065,43.22285],[-3.1306,43.22284],[-3.13067,43.22277],[-3.13077,43.22264],[-3.13079,43.22258],[-3.13077,43.22254],[-3.13071,43.22249],[-3.1306,43.22242],[-3.13056,43.22234],[-3.13057,43.22228],[-3.13061,43.22224]]}},{"type":"Feature","properties":{"id":271787229,"highway":"track"},"geometry":{"type":"LineString","coordinates":[[-3.12435,43.22632],[-3.12422,43.22633],[-3.12409,43.22634],[-3.12397,43.22637],[-3.12377,43.22641],[-3.12371,43.22645],[-3.12366,43.2265],[-3.12363,43.22654],[-3.12359,43.22662],[-3.1236,43.2267],[-3.12361,43.22678],[-3.12367,43.22692],[-3.12374,43.22704],[-3.12378,43.22712],[-3.12381,43.22719],[-3.1238,43.22723]]}},{"type":"Feature","properties":{"id":271787230,"highway":"service"},"geometry":{"type":"LineString","coordinates":[[-3.16072,43.22097],[-3.16087,43.22106],[-3.16088,43.22109],[-3.16086,43.22112],[-3.16083,43.22113],[-3.16078,43.22114],[-3.16071,43.22114],[-3.16067,43.22113],[-3.16059,43.22109],[-3.16055,43.22107],[-3.16049,43.22105],[-3.16045,43.22105],[-3.16039,43.22105]]}},{"type":"Feature","properties":{"id":271787231,"highway":"living_street","nombre":"Barrio La Lastra"},"geometry":{"type":"LineString","coordinates":[[-3.16303,43.21943],[-3.16304,43.21954],[-3.16305,43.21957],[-3.1631,43.21976],[-3.16296,43.21994],[-3.16296,43.21999],[-3.16305,43.22006],[-3.16343,43.22027],[-3.16424,43.22061],[-3.16439,43.22075],[-3.16443,43.22086],[-3.16445,43.22088]]}},{"type":"Feature","properties":{"id":271787232,"highway":"primary_link","oneway":"yes","superficie":"asphalt"},"geometry":{"type":"LineString","coordinates":[[-3.12433,43.20744],[-3.12429,43.2073],[-3.12417,43.20707],[-3.12389,43.20663],[-3.12383,43.20651],[-3.12378,43.20637],[-3.12376,43.20625],[-3.12376,43.20615],[-3.12381,43.20602],[-3.1239,43.20592],[-3.124,43.20583],[-3.1242,43.20573],[-3.12442,43.20565],[-3.12474,43.20554],[-3.12508,43.20545],[-3.12536,43.20539],[-3.12576,43.20531],[-3.12679,43.20516],[-3.12792,43.20499],[-3.12861,43.20488],[-3.12928,43.20476]]}},{"type":"Feature","properties":{"id":271787234,"highway":"residential"},"geometry":{"type":"LineString","coordinates":[[-3.12477,43.22482],[-3.12481,43.22487],[-3.12497,43.22496],[-3.12509,43.22506],[-3.12521,43.22515],[-3.12527,43.22521],[-3.1253,43.22525],[-3.12533,43.22536],[-3.12536,43.22547],[-3.12539,43.22553],[-3.1254,43.22558],[-3.1254,43.22563],[-3.12538,43.22569],[-3.12533,43.22576],[-3.12532,43.22584],[-3.1253,43.22593],[-3.12528,43.22609],[-3.12526,43.22613],[-3.12522,43.22616]]}},{"type":"Feature","properties":{"id":271787235,"highway":"service"},"geometry":{"type":"LineString","coordinates":[[-3.12092,43.20931],[-3.12091,43.20925],[-3.12091,43.20912],[-3.12092,43.20903],[-3.12095,43.20898],[-3.12097,43.20895],[-3.12099,43.20892],[-3.12102,43.20883],[-3.12101,43.20879],[-3.12101,43.20871],[-3.12097,43.20869],[-3.12092,43.20872],[-3.12089,43.20878],[-3.12088,43.20884],[-3.1209,43.20887],[-3.12097,43.20895]]}},{"type":"Feature","properties":{"id":271787236,"highway":"service"},"geometry":{"type":"LineString","coordinates":[[-3.12403,43.21041],[-3.12381,43.21016],[-3.12357,43.20999],[-3.12332,43.20985],[-3.12324,43.20977],[-3.12313,43.20964],[-3.12307,43.20959],[-3.12292,43.2095],[-3.12276,43.20943],[-3.12275,43.2094],[-3.12276,43.20935],[-3.12273,43.20932],[-3.12266,43.20928],[-3.12262,43.20925],[-3.12255,43.20919],[-3.12244,43.20915],[-3.12221,43.20909],[-3.12199,43.20899],[-3.12179,43.20889]]}},{"type":"Feature","properties":{"id":271787237,"highway":"track"},"geometry":{"type":"LineString","coordinates":[[-3.12522,43.22616],[-3.12514,43.22622],[-3.12503,43.22628],[-3.12495,43.22631],[-3.12486,43.22634],[-3.12478,43.22635],[-3.1247,43.22635],[-3.12457,43.22633],[-3.12447,43.22632],[-3.12435,43.22632],[-3.12417,43.22627],[-3.12407,43.22624],[-3.12382,43.22618],[-3.12366,43.22613],[-3.12361,43.2261],[-3.12352,43.22608],[-3.12335,43.22606],[-3.12321,43.226],[-3.12308,43.22595],[-3.12296,43.22588],[-3.12283,43.22579],[-3.12268,43.22571],[-3.12254,43.22563]]}},{"type":"Feature","properties":{"id":271787238,"highway":"service","nombre":"Barrio Santibañez"},"geometry":{"type":"LineString","coordinates":[[-3.16057,43.22836],[-3.16066,43.22825],[-3.1607,43.22814],[-3.16073,43.22804],[-3.16075,43.22791],[-3.16076,43.22775],[-3.16074,43.22756],[-3.16069,43.22734],[-3.16069,43.22715],[-3.16077,43.22688],[-3.16076,43.2268],[-3.16073,43.22672],[-3.1607,43.22663],[-3.16069,43.22654],[-3.16075,43.22639],[-3.16084,43.22622],[-3.16101,43.22595],[-3.16121,43.226],[-3.16142,43.22605]]}},{"type":"Feature","properties":{"id":271787239,"highway":"service"},"geometry":{"type":"LineString","coordinates":[[-3.16089,43.21953],[-3.16081,43.21947],[-3.16075,43.21944],[-3.16069,43.21941],[-3.16062,43.21935],[-3.16055,43.21928],[-3.16047,43.21918],[-3.16041,43.2191]]}},{"type":"Feature","properties":{"id":271787240,"highway":"service"},"geometry":{"type":"LineString","coordinates":[[-3.12509,43.22506],[-3.12504,43.2251],[-3.12494,43.22518]]}},{"type":"Feature","properties":{"id":271787241,"highway":"service"},"geometry":{"type":"LineString","coordinates":[[-3.15068,43.22053],[-3.1509,43.22046]]}},{"type":"Feature","properties":{"id":271787242,"highway":"service"},"geometry":{"type":"LineString","coordinates":[[-3.15866,43.21999],[-3.15863,43.22022]]}},{"type":"Feature","properties":{"id":271787243,"highway":"residential","nombre":"Barrio Ahedo"},"geometry":{"type":"LineString","coordinates":[[-3.15958,43.21977],[-3.15957,43.21984]]}},{"type":"Feature","properties":{"id":271787245,"highway":"service"},"geometry":{"type":"LineString","coordinates":[[-3.15115,43.22041],[-3.15125,43.22049]]}},{"type":"Feature","properties":{"id":271787246,"highway":"service"},"geometry":{"type":"LineString","coordinates":[[-3.16272,43.21967],[-3.16305,43.21957]]}},{"type":"Feature","properties":{"id":271787248,"highway":"primary_link","superficie":"asphalt"},"geometry":{"type":"LineString","coordinates":[[-3.12438,43.20767],[-3.1244,43.20778]]}},{"type":"Feature","properties":{"id":271787249,"highway":"service"},"geometry":{"type":"LineString","coordinates":[[-3.16148,43.21925],[-3.16151,43.2191]]}},{"type":"Feature","properties":{"id":271787250,"highway":"primary_link","puente":"yes","superficie":"asphalt"},"geometry":{"type":"LineString","coordinates":[[-3.12427,43.20744],[-3.12438,43.20767]]}},{"type":"Feature","properties":{"id":271787251,"highway":"residential","nombre":"Azarbe auzoa","izena_eu":"Azarbe auzoa","nombre_es":"Barrio Azarbe"},"geometry":{"type":"LineString","coordinates":[[-3.12487,43.20646],[-3.12486,43.20651]]}},{"type":"Feature","properties":{"id":271787252,"highway":"service"},"geometry":{"type":"LineString","coordinates":[[-3.1307,43.22204],[-3.13071,43.22176],[-3.13067,43.22171],[-3.13057,43.22165],[-3.13024,43.22153],[-3.12995,43.22143],[-3.12991,43.22144]]}},{"type":"Feature","properties":{"id":271787253,"highway":"unclassified","superficie":"unpaved"},"geometry":{"type":"LineString","coordinates":[[-3.16289,43.21645],[-3.1629,43.2162],[-3.16288,43.21611],[-3.16282,43.21599],[-3.16276,43.21594],[-3.16269,43.21588],[-3.16256,43.21575],[-3.16237,43.21563],[-3.16224,43.21547],[-3.16223,43.21538],[-3.16218,43.21519],[-3.16194,43.21499],[-3.16191,43.21493],[-3.16189,43.21487],[-3.16189,43.21482],[-3.16189,43.21476],[-3.16192,43.21471],[-3.16198,43.21453],[-3.16197,43.21447],[-3.16194,43.21444],[-3.16189,43.21444],[-3.16186,43.21446],[-3.1618,43.21452],[-3.16176,43.21461],[-3.1617,43.21471],[-3.16166,43.21479],[-3.16156,43.21491],[-3.16144,43.21496],[-3.1613,43.21501],[-3.16116,43.21504],[-3.16102,43.21508],[-3.16096,43.21511],[-3.16094,43.21516],[-3.16094,43.21521],[-3.16097,43.21525],[-3.16102,43.21529],[-3.16104,43.21535],[-3.16104,43.21539],[-3.16101,43.21545],[-3.16094,43.21549],[-3.16088,43.21552],[-3.1608,43.21557],[-3.16077,43.21562],[-3.16075,43.21574],[-3.16073,43.21584],[-3.16068,43.21594],[-3.1606,43.21607],[-3.16055,43.21612],[-3.16048,43.21615],[-3.16043,43.21618],[-3.16041,43.2162],[-3.16039,43.21625],[-3.16048,43.21631],[-3.16056,43.21639],[-3.16058,43.21644],[-3.16056,43.21649],[-3.16048,43.21649],[-3.1604,43.21648],[-3.16031,43.21641],[-3.16019,43.21633],[-3.16011,43.21629],[-3.16006,43.21621],[-3.16004,43.21613],[-3.16,43.21591],[-3.15997,43.21577],[-3.15981,43.21548],[-3.15977,43.21538],[-3.15978,43.21527],[-3.15983,43.21518],[-3.15987,43.21507],[-3.15987,43.21501],[-3.15988,43.21489],[-3.1599,43.21479],[-3.1599,43.21465],[-3.15991,43.21456],[-3.15992,43.21447],[-3.15993,43.21442],[-3.15994,43.21434],[-3.15987,43.21415],[-3.1597,43.21399],[-3.15966,43.21393],[-3.1596,43.21386],[-3.15954,43.21375],[-3.15953,43.21369],[-3.15954,43.21361],[-3.15955,43.21352],[-3.15946,43.2134],[-3.15938,43.21321],[-3.15928,43.21302],[-3.15929,43.21298],[-3.15931,43.21284],[-3.15932,43.21274],[-3.15934,43.21262],[-3.15933,43.21254],[-3.15933,43.21244],[-3.15931,43.21237],[-3.15928,43.21229],[-3.15924,43.21224],[-3.15902,43.21198],[-3.15893,43.21184],[-3.15887,43.21173],[-3.15881,43.21161],[-3.15881,43.21142],[-3.15885,43.21131],[-3.15896,43.21117],[-3.15906,43.21107],[-3.15914,43.21099],[-3.15918,43.21086],[-3.15915,43.21074],[-3.15912,43.21065],[-3.15902,43.21052],[-3.15892,43.21038],[-3.15889,43.21031],[-3.15888,43.21023],[-3.15885,43.21008],[-3.15876,43.20992],[-3.1587,43.20983],[-3.1586,43.20978],[-3.15848,43.20975],[-3.15828,43.20975],[-3.15798,43.20975],[-3.15754,43.20972],[-3.15708,43.20968],[-3.1567,43.20969],[-3.15645,43.20965],[-3.15633,43.20961],[-3.15622,43.20957],[-3.1561,43.20951],[-3.15606,43.20942],[-3.15601,43.20928],[-3.15596,43.20921],[-3.15586,43.20916],[-3.15572,43.20913],[-3.15565,43.20908],[-3.15549,43.20896],[-3.15535,43.2089],[-3.15517,43.20888],[-3.15497,43.20889],[-3.15483,43.20889],[-3.15458,43.20882],[-3.15436,43.20874],[-3.15419,43.20867],[-3.15398,43.20868],[-3.15378,43.20872],[-3.15368,43.20877],[-3.15366,43.20882],[-3.15362,43.20892],[-3.15357,43.20898],[-3.15348,43.20907],[-3.15324,43.20918],[-3.15304,43.20928],[-3.15291,43.20931],[-3.15267,43.20931],[-3.15246,43.20931],[-3.15219,43.2093],[-3.15187,43.20926],[-3.15141,43.20914],[-3.15132,43.20912],[-3.15121,43.20912],[-3.15106,43.20913],[-3.15094,43.20912],[-3.15081,43.20909],[-3.15069,43.20906],[-3.15045,43.20895],[-3.15033,43.20887],[-3.15017,43.20882],[-3.14998,43.20878],[-3.14983,43.20875],[-3.14967,43.2087],[-3.14955,43.20865],[-3.14944,43.20859],[-3.14924,43.20843],[-3.14911,43.20837],[-3.14885,43.20831],[-3.14871,43.20829],[-3.14857,43.20827],[-3.14848,43.20824],[-3.14844,43.20823],[-3.14839,43.20819],[-3.14834,43.20815],[-3.14796,43.20765],[-3.14778,43.20739],[-3.14768,43.20722],[-3.14759,43.20712],[-3.14745,43.20704],[-3.14735,43.20695],[-3.14736,43.20687],[-3.14738,43.20685],[-3.14742,43.20681],[-3.14753,43.20681],[-3.14769,43.20682],[-3.14787,43.20683],[-3.14793,43.20682],[-3.14794,43.20679],[-3.14789,43.20672],[-3.14758,43.20649],[-3.14747,43.20638],[-3.14737,43.20626],[-3.14725,43.20613],[-3.14703,43.20599],[-3.14679,43.20585]]}},{"type":"Feature","properties":{"id":271787254,"highway":"service"},"geometry":{"type":"LineString","coordinates":[[-3.17046,43.2222],[-3.1706,43.22221],[-3.17069,43.22221],[-3.17074,43.2222]]}},{"type":"Feature","properties":{"id":271787255,"highway":"service"},"geometry":{"type":"LineString","coordinates":[[-3.16143,43.2205],[-3.16134,43.22043],[-3.16119,43.22038],[-3.161,43.22038],[-3.16086,43.22038],[-3.16068,43.22039],[-3.16061,43.22038],[-3.16053,43.22036],[-3.16045,43.22032],[-3.16024,43.22023],[-3.15999,43.22014],[-3.15994,43.22013],[-3.15991,43.22012],[-3.15969,43.21994],[-3.15964,43.2199],[-3.15959,43.21988],[-3.15956,43.21988],[-3.15952,43.21987],[-3.15946,43.21988],[-3.15938,43.21991],[-3.15916,43.22002],[-3.15892,43.22016],[-3.15887,43.22018],[-3.15878,43.2202],[-3.15869,43.22022],[-3.15863,43.22022]]}},{"type":"Feature","properties":{"id":271787258,"highway":"service"},"geometry":{"type":"LineString","coordinates":[[-3.10777,43.20682],[-3.10797,43.20679],[-3.10812,43.20668]]}},{"type":"Feature","properties":{"id":271787259,"highway":"service"},"geometry":{"type":"LineString","coordinates":[[-3.16049,43.22083],[-3.16026,43.22073],[-3.16019,43.22071]]}},{"type":"Feature","properties":{"id":271787260,"highway":"service"},"geometry":{"type":"LineString","coordinates":[[-3.16057,43.21964],[-3.16053,43.21957],[-3.16046,43.21952]]}},{"type":"Feature","properties":{"id":271787261,"highway":"service"},"geometry":{"type":"LineString","coordinates":[[-3.15055,43.21938],[-3.15054,43.2195],[-3.1505,43.21962]]}},{"type":"Feature","properties":{"id":271787262,"highway":"service"},"geometry":{"type":"LineString","coordinates":[[-3.12496,43.20778],[-3.12466,43.2076],[-3.12451,43.20756]]}},{"type":"Feature","properties":{"id":271787263,"highway":"service"},"geometry":{"type":"LineString","coordinates":[[-3.129,43.22666],[-3.12876,43.22661],[-3.12866,43.22664],[-3.12849,43.22662]]}},{"type":"Feature","properties":{"id":271787264,"highway":"service"},"geometry":{"type":"LineString","coordinates":[[-3.15939,43.21965],[-3.15926,43.21964],[-3.159,43.21956],[-3.15892,43.2195]]}},{"type":"Feature","properties":{"id":271787265,"highway":"service"},"geometry":{"type":"LineString","coordinates":[[-3.11955,43.21201],[-3.11949,43.21193],[-3.11943,43.21188],[-3.11928,43.21185]]}},{"type":"Feature","properties":{"id":271787266,"highway":"service"},"geometry":{"type":"LineString","coordinates":[[-3.11914,43.21261],[-3.11909,43.21249],[-3.11903,43.21237],[-3.11897,43.21235]]}},{"type":"Feature","properties":{"id":271787267,"highway":"service"},"geometry":{"type":"LineString","coordinates":[[-3.13171,43.2241],[-3.13191,43.22413],[-3.13198,43.22414],[-3.13205,43.22411]]}},{"type":"Feature","properties":{"id":271787268,"highway":"service","oneway":"no"},"geometry":{"type":"LineString","coordinates":[[-3.15657,43.21975],[-3.15623,43.21979],[-3.15604,43.2198],[-3.15587,43.21984]]}},{"type":"Feature","properties":{"id":271787269,"highway":"service"},"geometry":{"type":"LineString","coordinates":[[-3.15131,43.22014],[-3.15127,43.22016],[-3.1512,43.22016],[-3.15109,43.22013]]}},{"type":"Feature","properties":{"id":271787271,"highway":"service"},"geometry":{"type":"LineString","coordinates":[[-3.15446,43.21991],[-3.15447,43.22011],[-3.15452,43.22019],[-3.15471,43.2202]]}},{"type":"Feature","properties":{"id":271787272,"highway":"track"},"geometry":{"type":"LineString","coordinates":[[-3.12343,43.22413],[-3.12342,43.2242],[-3.1234,43.22433],[-3.1234,43.22442],[-3.12343,43.22451],[-3.12351,43.22464],[-3.12358,43.22479],[-3.12362,43.22494],[-3.12364,43.22505],[-3.12363,43.22508],[-3.12359,43.2251],[-3.12354,43.22511],[-3.12346,43.2251],[-3.12334,43.22509],[-3.12321,43.22509],[-3.12303,43.22513],[-3.12289,43.22519],[-3.12277,43.22526],[-3.12268,43.22535],[-3.12263,43.22546],[-3.12259,43.22558],[-3.12254,43.22563],[-3.12252,43.22566],[-3.12239,43.22582],[-3.12236,43.22589],[-3.12236,43.22603],[-3.12237,43.22621],[-3.12241,43.22634],[-3.12248,43.22645],[-3.12259,43.22657],[-3.12271,43.22665],[-3.12286,43.22671],[-3.12301,43.22677],[-3.12318,43.22685],[-3.12338,43.22694],[-3.12354,43.22702],[-3.12368,43.22714],[-3.1238,43.22723],[-3.12383,43.22725],[-3.12393,43.22743],[-3.124,43.22759],[-3.12408,43.22775]]}},{"type":"Feature","properties":{"id":271787273,"highway":"unclassified","nombre":"Otxaran Behekoa auzoa","izena_eu":"Otxaran Behekoa auzoa","oneway":"no"},"geometry":{"type":"LineString","coordinates":[[-3.16941,43.2236],[-3.16935,43.22358],[-3.16924,43.22355],[-3.1691,43.22347],[-3.1688,43.22328],[-3.16854,43.22299],[-3.16829,43.22279],[-3.16803,43.2226],[-3.16791,43.22253],[-3.16774,43.22244],[-3.16741,43.22235],[-3.16739,43.22226],[-3.16735,43.22212],[-3.16726,43.22208],[-3.16716,43.22202],[-3.16714,43.22195],[-3.16708,43.22173],[-3.16709,43.22171],[-3.16711,43.22168],[-3.16713,43.22166],[-3.16719,43.22165],[-3.16731,43.22164],[-3.16751,43.22163],[-3.16764,43.22162],[-3.16769,43.2216],[-3.16773,43.22157],[-3.1678,43.22124],[-3.16783,43.22118],[-3.16787,43.22111],[-3.16794,43.22103],[-3.16799,43.22095],[-3.16803,43.22086],[-3.16809,43.22071],[-3.16815,43.22052],[-3.16816,43.22045],[-3.16816,43.2204],[-3.16815,43.22036],[-3.16814,43.22031],[-3.16813,43.22028],[-3.16814,43.22024],[-3.16817,43.22019],[-3.16822,43.22008]]}},{"type":"Feature","properties":{"id":271787274,"highway":"service"},"geometry":{"type":"LineString","coordinates":[[-3.15732,43.2196],[-3.15721,43.21966],[-3.15718,43.2197],[-3.15719,43.2198],[-3.15721,43.21985]]}},{"type":"Feature","properties":{"id":271787275,"highway":"service"},"geometry":{"type":"LineString","coordinates":[[-3.12085,43.20933],[-3.12084,43.20929],[-3.12082,43.20924],[-3.12081,43.20918],[-3.12081,43.2091]]}},{"type":"Feature","properties":{"id":271787276,"highway":"service"},"geometry":{"type":"LineString","coordinates":[[-3.16127,43.21948],[-3.16131,43.21956],[-3.16137,43.21978],[-3.16136,43.21986],[-3.16128,43.22008]]}},{"type":"Feature","properties":{"id":271787277,"highway":"service"},"geometry":{"type":"LineString","coordinates":[[-3.1206,43.21246],[-3.12056,43.21239],[-3.12046,43.21234],[-3.1204,43.2123],[-3.12033,43.21222]]}},{"type":"Feature","properties":{"id":271787278,"highway":"service"},"geometry":{"type":"LineString","coordinates":[[-3.10944,43.20478],[-3.10948,43.20493],[-3.10946,43.20516],[-3.10943,43.20536],[-3.10921,43.20571]]}},{"type":"Feature","properties":{"id":271787279,"highway":"unclassified"},"geometry":{"type":"LineString","coordinates":[[-3.10941,43.20466],[-3.10944,43.20478],[-3.10942,43.20488],[-3.10932,43.20502],[-3.10916,43.20515],[-3.10886,43.2054],[-3.10874,43.20553],[-3.10859,43.20566],[-3.1084,43.20578],[-3.10833,43.20586],[-3.10824,43.20623],[-3.10812,43.20668],[-3.10811,43.20678],[-3.10812,43.20685],[-3.10818,43.20691],[-3.10828,43.20696],[-3.10839,43.20701],[-3.10846,43.20706],[-3.10852,43.20713],[-3.10856,43.20728],[-3.10858,43.20738],[-3.10857,43.20745],[-3.10849,43.2075],[-3.10825,43.2076],[-3.10781,43.20773],[-3.10773,43.20775]]}},{"type":"Feature","properties":{"id":271787280,"highway":"service","oneway":"yes"},"geometry":{"type":"LineString","coordinates":[[-3.15577,43.21956],[-3.1556,43.21943],[-3.15551,43.21927],[-3.15552,43.21917],[-3.1556,43.21914],[-3.15574,43.21914]]}},{"type":"Feature","properties":{"id":271787281,"highway":"service"},"geometry":{"type":"LineString","coordinates":[[-3.15863,43.22022],[-3.15858,43.22023],[-3.15848,43.22023],[-3.15839,43.22024],[-3.15834,43.22026],[-3.15831,43.22031]]}},{"type":"Feature","properties":{"id":271787282,"highway":"unclassified","superficie":"concrete"},"geometry":{"type":"LineString","coordinates":[[-3.13994,43.23477],[-3.13984,43.23479],[-3.13973,43.23482],[-3.13961,43.23483],[-3.13952,43.2348],[-3.13948,43.23478]]}},{"type":"Feature","properties":{"id":271787283,"highway":"service"},"geometry":{"type":"LineString","coordinates":[[-3.15867,43.2195],[-3.15871,43.21954],[-3.15879,43.21956],[-3.15889,43.21958],[-3.15896,43.21957],[-3.159,43.21956]]}},{"type":"Feature","properties":{"id":271787284,"highway":"service"},"geometry":{"type":"LineString","coordinates":[[-3.15936,43.21974],[-3.15939,43.21965],[-3.15947,43.2194],[-3.15947,43.21933],[-3.1591,43.21918],[-3.15915,43.21903]]}},{"type":"Feature","properties":{"id":271787285,"highway":"service"},"geometry":{"type":"LineString","coordinates":[[-3.12699,43.21718],[-3.12702,43.21729],[-3.12701,43.21741],[-3.12702,43.21747],[-3.12705,43.21759],[-3.12712,43.2177],[-3.12728,43.21778],[-3.12746,43.21788],[-3.12751,43.21796],[-3.12757,43.21808],[-3.12783,43.21841],[-3.12803,43.21869],[-3.12838,43.2191],[-3.12855,43.21936],[-3.1286,43.21941],[-3.1287,43.21947],[-3.12892,43.21957],[-3.12913,43.21972],[-3.12922,43.21981],[-3.12932,43.21992],[-3.1295,43.22014],[-3.12955,43.22019],[-3.12962,43.22024],[-3.12972,43.2203],[-3.13,43.22046],[-3.13012,43.22053],[-3.13027,43.22064],[-3.13038,43.22074],[-3.13056,43.2209],[-3.13067,43.22101],[-3.13086,43.22127],[-3.13095,43.22142],[-3.13092,43.22165],[-3.13081,43.22186],[-3.1307,43.22204],[-3.13063,43.22216],[-3.13061,43.22224],[-3.13063,43.22228],[-3.13067,43.22234],[-3.13071,43.22239],[-3.13078,43.22243],[-3.131,43.22253],[-3.13109,43.22258],[-3.13114,43.22264],[-3.1312,43.22277],[-3.13134,43.22311],[-3.13146,43.22343],[-3.13152,43.22354],[-3.13161,43.22364],[-3.13168,43.22373],[-3.13185,43.22393],[-3.13194,43.22403],[-3.13202,43.22409],[-3.13205,43.22411],[-3.13209,43.22413],[-3.13215,43.22415],[-3.13222,43.22417]]}},{"type":"Feature","properties":{"id":271787286,"highway":"service"},"geometry":{"type":"LineString","coordinates":[[-3.16121,43.21897],[-3.16115,43.21903],[-3.16111,43.21906],[-3.1611,43.21911],[-3.16113,43.21916],[-3.16117,43.21922],[-3.1612,43.21927]]}},{"type":"Feature","properties":{"id":271787287,"highway":"service"},"geometry":{"type":"LineString","coordinates":[[-3.12955,43.23182],[-3.12965,43.23185],[-3.12973,43.23191],[-3.12986,43.23206],[-3.13001,43.23223],[-3.13011,43.23232],[-3.13025,43.23237],[-3.13033,43.23238]]}},{"type":"Feature","properties":{"id":271787288,"highway":"service"},"geometry":{"type":"LineString","coordinates":[[-3.1559,43.21909],[-3.15589,43.21885],[-3.1554,43.21888],[-3.1553,43.21879],[-3.15525,43.21843],[-3.15527,43.21834],[-3.15534,43.21826],[-3.15543,43.2182]]}},{"type":"Feature","properties":{"id":271787289,"highway":"service"},"geometry":{"type":"LineString","coordinates":[[-3.15102,43.22052],[-3.1509,43.22046],[-3.15084,43.22043],[-3.15077,43.2204],[-3.1507,43.22038],[-3.1506,43.22035],[-3.15054,43.22038]]}},{"type":"Feature","properties":{"id":271787291,"highway":"service"},"geometry":{"type":"LineString","coordinates":[[-3.12852,43.20802],[-3.12847,43.20807],[-3.1284,43.20817],[-3.12838,43.2082],[-3.12837,43.20824],[-3.12832,43.20835],[-3.12831,43.20847]]}},{"type":"Feature","properties":{"id":271787292,"highway":"service"},"geometry":{"type":"LineString","coordinates":[[-3.12899,43.23587],[-3.12904,43.23577],[-3.1291,43.23564],[-3.12921,43.2354],[-3.12928,43.23519],[-3.12925,43.23509],[-3.1292,43.23493],[-3.12916,43.23479],[-3.12915,43.23467],[-3.12914,43.23456],[-3.12915,43.23442],[-3.12918,43.23419],[-3.12923,43.23397],[-3.12925,43.23391],[-3.12929,43.23384],[-3.12934,43.23378],[-3.12944,43.23371],[-3.12966,43.2336],[-3.12974,43.23356],[-3.13022,43.23334],[-3.13061,43.23319],[-3.13081,43.23312],[-3.13097,43.23307],[-3.13115,43.23305],[-3.13137,43.23303],[-3.13152,43.23301],[-3.13161,43.23298],[-3.13172,43.23291],[-3.13185,43.23282],[-3.13198,43.23274],[-3.13209,43.2327],[-3.13224,43.23266],[-3.13237,43.23263],[-3.13253,43.23261],[-3.13268,43.2326],[-3.1329,43.23261],[-3.1331,43.23263],[-3.13341,43.23268],[-3.13373,43.23275],[-3.13395,43.23281],[-3.13418,43.23286],[-3.13442,43.23293],[-3.13464,43.23298],[-3.1349,43.23304],[-3.13517,43.23308],[-3.13529,43.23308],[-3.13537,43.23308],[-3.13545,43.23308],[-3.13555,43.23308],[-3.13576,43.2331],[-3.13608,43.23315],[-3.13634,43.2332],[-3.13649,43.23324],[-3.1367,43.23332],[-3.13692,43.2334],[-3.13704,43.23345],[-3.13715,43.23351],[-3.13747,43.23369],[-3.13778,43.23388],[-3.13795,43.23397],[-3.13815,43.23405],[-3.13838,43.23418],[-3.13857,43.2343],[-3.13866,43.23434],[-3.13879,43.23438],[-3.13888,43.23441],[-3.13902,43.23448],[-3.13915,43.23456],[-3.13927,43.23467],[-3.13935,43.23473],[-3.13941,43.23476],[-3.13948,43.23478]]}},{"type":"Feature","properties":{"id":271787293,"highway":"track"},"geometry":{"type":"LineString","coordinates":[[-3.12752,43.23474],[-3.12761,43.23465],[-3.12769,43.23451],[-3.12778,43.23438],[-3.12784,43.23424],[-3.12788,43.23412],[-3.12764,43.23366],[-3.12757,43.23352],[-3.12755,43.2334],[-3.12755,43.23331],[-3.12757,43.23322],[-3.12761,43.23316],[-3.12768,43.23309],[-3.1278,43.23303],[-3.12785,43.23301],[-3.12816,43.23287],[-3.12829,43.23278],[-3.12845,43.23268],[-3.1286,43.2326],[-3.12883,43.23253],[-3.12904,43.23247],[-3.12924,43.23242],[-3.12933,43.2324],[-3.12946,43.23237],[-3.12965,43.23237],[-3.12983,43.23236],[-3.12994,43.23237],[-3.1301,43.23239],[-3.1302,43.2324],[-3.13027,43.2324],[-3.13033,43.23238],[-3.13041,43.23238],[-3.13073,43.2324],[-3.13108,43.23243],[-3.13116,43.23244],[-3.13137,43.23248],[-3.13148,43.23251],[-3.13159,43.23252],[-3.1317,43.2325],[-3.13181,43.23244],[-3.13189,43.23239],[-3.13198,43.23237],[-3.13212,43.23235],[-3.13231,43.23233],[-3.13245,43.23233],[-3.13267,43.23236],[-3.13287,43.23241],[-3.13311,43.23247],[-3.1334,43.23257],[-3.13366,43.23268],[-3.13379,43.23271],[-3.13394,43.23277],[-3.13418,43.23286]]}},{"type":"Feature","properties":{"id":271787294,"highway":"service"},"geometry":{"type":"LineString","coordinates":[[-3.15242,43.21997],[-3.15238,43.22005],[-3.15232,43.22011],[-3.15227,43.22017],[-3.15227,43.22021],[-3.15228,43.22027],[-3.1523,43.22032],[-3.15233,43.22034]]}},{"type":"Feature","properties":{"id":271787295,"highway":"residential","nombre":"Azarbe auzoa","izena_eu":"Azarbe auzoa","nombre_es":"Barrio Azarbe","oneway":"yes"},"geometry":{"type":"LineString","coordinates":[[-3.12486,43.20651],[-3.12492,43.20654],[-3.12496,43.20658]]}},{"type":"Feature","properties":{"id":271787296,"highway":"living_street","nombre":"Barrio Otxaran de Abajo"},"geometry":{"type":"LineString","coordinates":[[-3.16817,43.22019],[-3.16808,43.22017],[-3.16783,43.22019],[-3.16769,43.22021],[-3.1676,43.22024],[-3.16747,43.22025],[-3.1674,43.22025],[-3.1673,43.22022],[-3.16721,43.22018]]}},{"type":"Feature","properties":{"id":271787297,"highway":"service","oneway":"no"},"geometry":{"type":"LineString","coordinates":[[-3.15628,43.21905],[-3.1559,43.21909],[-3.15574,43.21911],[-3.15574,43.21914],[-3.15574,43.21935],[-3.15577,43.21956],[-3.1558,43.21979],[-3.15585,43.21982],[-3.15587,43.21984],[-3.15592,43.21995]]}},{"type":"Feature","properties":{"id":271787298,"highway":"service"},"geometry":{"type":"LineString","coordinates":[[-3.12736,43.23257],[-3.12744,43.23263],[-3.1275,43.23269],[-3.12758,43.23277],[-3.12763,43.23282],[-3.12764,43.23288],[-3.12767,43.23296],[-3.12773,43.23301],[-3.1278,43.23303]]}},{"type":"Feature","properties":{"id":271787299,"highway":"service","nombre":"Barrio Retola"},"geometry":{"type":"LineString","coordinates":[[-3.17252,43.2215],[-3.1723,43.22142],[-3.17223,43.22138],[-3.1722,43.22135],[-3.17217,43.22127],[-3.17217,43.22119]]}},{"type":"Feature","properties":{"id":271787301,"highway":"service"},"geometry":{"type":"LineString","coordinates":[[-3.1591,43.21918],[-3.15896,43.21914],[-3.15887,43.21911],[-3.15881,43.21907],[-3.15878,43.21902],[-3.15877,43.21899],[-3.15879,43.21895],[-3.15881,43.21892],[-3.15894,43.21886]]}},{"type":"Feature","properties":{"id":276701223,"highway":"service","nombre":"Bilbato auzoa","izena_eu":"Bilbato auzoa","nombre_es":"Barrio Bilbato","oneway":"no"},"geometry":{"type":"LineString","coordinates":[[-3.12225,43.21694],[-3.12205,43.21678],[-3.12162,43.21649],[-3.12143,43.21623],[-3.12127,43.21608],[-3.12104,43.21596],[-3.12075,43.21579],[-3.12053,43.21562],[-3.12042,43.2155],[-3.12028,43.21534],[-3.12014,43.21521],[-3.12003,43.21504],[-3.11991,43.21476]]}},{"type":"Feature","properties":{"id":276701224,"highway":"service","oneway":"no"},"geometry":{"type":"LineString","coordinates":[[-3.1229,43.21514],[-3.12315,43.21524],[-3.12305,43.21544],[-3.12303,43.21552],[-3.12301,43.21566],[-3.12299,43.21573],[-3.12293,43.21579],[-3.12272,43.21591],[-3.12265,43.21598],[-3.12258,43.21609],[-3.12254,43.21628],[-3.12251,43.21636],[-3.12244,43.21651],[-3.12235,43.21667],[-3.12237,43.21685]]}},{"type":"Feature","properties":{"id":276701225,"highway":"service"},"geometry":{"type":"LineString","coordinates":[[-3.1278,43.2158],[-3.12768,43.21574],[-3.12758,43.21567],[-3.12753,43.21565],[-3.12745,43.21569],[-3.12724,43.21589],[-3.1271,43.21601],[-3.12678,43.21623],[-3.1264,43.21639],[-3.12609,43.21655],[-3.12594,43.21661],[-3.12585,43.21662],[-3.12577,43.2166],[-3.12572,43.21654],[-3.12553,43.21573],[-3.12551,43.21559]]}},{"type":"Feature","properties":{"id":276701226,"highway":"track"},"geometry":{"type":"LineString","coordinates":[[-3.11991,43.21476],[-3.11987,43.2147],[-3.1198,43.21464],[-3.11972,43.21457],[-3.11966,43.21453],[-3.1196,43.21451],[-3.11953,43.21448],[-3.11946,43.21445],[-3.11941,43.21442],[-3.11938,43.2144],[-3.11936,43.21437],[-3.11934,43.21432],[-3.11932,43.21426],[-3.11928,43.21422],[-3.11923,43.21417],[-3.11917,43.21413],[-3.11911,43.21409],[-3.11907,43.21404],[-3.11905,43.21402],[-3.11905,43.21398],[-3.11904,43.21395],[-3.11909,43.21392],[-3.11911,43.2139],[-3.11912,43.21386],[-3.11918,43.21376],[-3.11915,43.21368]]}},{"type":"Feature","properties":{"id":276701227,"highway":"residential"},"geometry":{"type":"LineString","coordinates":[[-3.12221,43.21727],[-3.12204,43.21723],[-3.12193,43.21718]]}},{"type":"Feature","properties":{"id":276701228,"highway":"residential"},"geometry":{"type":"LineString","coordinates":[[-3.12221,43.21727],[-3.12215,43.2173],[-3.1221,43.21734],[-3.12195,43.21752]]}},{"type":"Feature","properties":{"id":276701229,"highway":"service","oneway":"no"},"geometry":{"type":"LineString","coordinates":[[-3.12232,43.21686],[-3.12223,43.21678],[-3.12207,43.2166],[-3.1219,43.21652],[-3.12192,43.21632]]}},{"type":"Feature","properties":{"id":277771478,"highway":"residential","nombre":"Avenida Lanzagorta","superficie":"asphalt"},"geometry":{"type":"LineString","coordinates":[[-3.13228,43.21],[-3.1323,43.20999],[-3.13239,43.20985],[-3.13242,43.20979],[-3.13257,43.20958],[-3.1326,43.20949],[-3.13261,43.20941],[-3.13257,43.2093]]}},{"type":"Feature","properties":{"id":277771511,"highway":"path"},"geometry":{"type":"LineString","coordinates":[[-3.1127,43.21337],[-3.11233,43.21346]]}},{"type":"Feature","properties":{"id":277771512,"highway":"track"},"geometry":{"type":"LineString","coordinates":[[-3.12702,43.21747],[-3.12715,43.21751],[-3.12747,43.21764],[-3.12755,43.21764],[-3.1276,43.21764],[-3.12766,43.21759],[-3.12758,43.21751],[-3.12752,43.21739],[-3.12752,43.21733],[-3.12755,43.2173],[-3.12766,43.21719],[-3.12769,43.21714],[-3.12774,43.21703],[-3.12784,43.21689],[-3.12789,43.21685],[-3.12796,43.21681],[-3.12799,43.21684],[-3.12797,43.21688],[-3.12792,43.2169],[-3.12784,43.21689]]}},{"type":"Feature","properties":{"id":277771513,"highway":"living_street","nombre":"Barrio La Lastra"},"geometry":{"type":"LineString","coordinates":[[-3.16501,43.22068],[-3.1648,43.22073],[-3.16445,43.22088],[-3.16439,43.22091],[-3.16412,43.2211],[-3.16392,43.22117],[-3.16372,43.22132],[-3.16351,43.22142],[-3.16347,43.22146],[-3.1635,43.22151],[-3.16362,43.22157],[-3.16424,43.22191],[-3.16456,43.22202],[-3.16498,43.22221]]}},{"type":"Feature","properties":{"id":277771514,"highway":"track"},"geometry":{"type":"LineString","coordinates":[[-3.13323,43.21686],[-3.13315,43.21684],[-3.13292,43.21678],[-3.13247,43.21685],[-3.13244,43.21689],[-3.13245,43.21697],[-3.13243,43.21707],[-3.1324,43.21717],[-3.13231,43.21725],[-3.13219,43.21727],[-3.13197,43.21723],[-3.13168,43.21718],[-3.13149,43.21717],[-3.13129,43.2172],[-3.13115,43.21723],[-3.131,43.21728],[-3.13086,43.21729],[-3.13075,43.21728],[-3.13063,43.21726],[-3.13042,43.21721],[-3.13026,43.21717],[-3.13015,43.21713],[-3.12993,43.21703],[-3.12972,43.21695],[-3.12942,43.21685],[-3.12928,43.21679],[-3.12917,43.21684]]}},{"type":"Feature","properties":{"id":277771515,"highway":"track"},"geometry":{"type":"LineString","coordinates":[[-3.12755,43.21764],[-3.12763,43.21772],[-3.12781,43.21802],[-3.12789,43.2181],[-3.12831,43.21829],[-3.12851,43.21838],[-3.12871,43.21853],[-3.12888,43.21867],[-3.12902,43.21881],[-3.12919,43.21892],[-3.12933,43.21898],[-3.12967,43.21905],[-3.13004,43.21921],[-3.13042,43.21941],[-3.1307,43.21953],[-3.131,43.21962],[-3.13129,43.21971],[-3.13152,43.21973],[-3.13171,43.21975],[-3.13176,43.21972],[-3.13169,43.21969],[-3.13157,43.21968],[-3.13142,43.21961],[-3.13108,43.21936],[-3.13057,43.21893],[-3.1304,43.21873],[-3.13036,43.21866],[-3.13033,43.21858]]}},{"type":"Feature","properties":{"id":277771516,"highway":"track"},"geometry":{"type":"LineString","coordinates":[[-3.11069,43.21276],[-3.11052,43.21272],[-3.1104,43.21269],[-3.10982,43.21264],[-3.10977,43.21262],[-3.10974,43.2126],[-3.10974,43.21258],[-3.10974,43.21256],[-3.10977,43.21254],[-3.10981,43.21251],[-3.11001,43.21244],[-3.11034,43.21234],[-3.11035,43.21232],[-3.11034,43.21231],[-3.11033,43.21229],[-3.11029,43.21227],[-3.11009,43.21219],[-3.10999,43.21213],[-3.10995,43.21209],[-3.10993,43.21206],[-3.10993,43.212],[-3.10993,43.21195],[-3.10994,43.21191],[-3.11016,43.21188],[-3.11024,43.21185],[-3.11022,43.21181],[-3.11014,43.21174],[-3.11,43.21167],[-3.10957,43.21154],[-3.10947,43.21151],[-3.1094,43.21151],[-3.10934,43.21152]]}},{"type":"Feature","properties":{"id":277771517,"highway":"service"},"geometry":{"type":"LineString","coordinates":[[-3.11216,43.21348],[-3.1119,43.2135],[-3.11167,43.21355],[-3.11129,43.21363]]}},{"type":"Feature","properties":{"id":277771518,"highway":"service"},"geometry":{"type":"LineString","coordinates":[[-3.11137,43.21402],[-3.11138,43.21392],[-3.11139,43.21379],[-3.1114,43.21374]]}},{"type":"Feature","properties":{"id":277771519,"highway":"service"},"geometry":{"type":"LineString","coordinates":[[-3.16268,43.2204],[-3.1627,43.2203],[-3.16272,43.22018],[-3.16277,43.22008],[-3.16288,43.22001],[-3.16296,43.21994]]}},{"type":"Feature","properties":{"id":277771520,"highway":"residential","nombre":"Arangoiti auzoa","izena_eu":"Arangoiti auzoa","nombre_es":"Barrio Arangoiti"},"geometry":{"type":"LineString","coordinates":[[-3.10772,43.21198],[-3.10782,43.21198],[-3.1079,43.21199],[-3.1081,43.21196],[-3.10855,43.21185],[-3.10875,43.21177],[-3.10921,43.21156],[-3.10934,43.21152]]}},{"type":"Feature","properties":{"id":277820019,"highway":"pedestrian","nombre":"Barrio Ibaiondo"},"geometry":{"type":"LineString","coordinates":[[-3.13054,43.21214],[-3.13017,43.21287]]}},{"type":"Feature","properties":{"id":277825039,"highway":"service"},"geometry":{"type":"LineString","coordinates":[[-3.14481,43.21743],[-3.14484,43.21737],[-3.14486,43.21728],[-3.14487,43.21706],[-3.14486,43.21692],[-3.14489,43.2169],[-3.14491,43.21689],[-3.14497,43.21688],[-3.14505,43.21687],[-3.14625,43.21697],[-3.1469,43.21709]]}},{"type":"Feature","properties":{"id":277825040,"highway":"track"},"geometry":{"type":"LineString","coordinates":[[-3.14547,43.22584],[-3.14549,43.2257],[-3.14547,43.22559],[-3.14539,43.22542],[-3.14538,43.22526],[-3.14541,43.22524],[-3.14554,43.2253],[-3.14573,43.2254],[-3.14586,43.22546],[-3.14594,43.22556],[-3.14602,43.2256]]}},{"type":"Feature","properties":{"id":277825042,"highway":"service"},"geometry":{"type":"LineString","coordinates":[[-3.1659,43.22056],[-3.16591,43.2209]]}},{"type":"Feature","properties":{"id":277825043,"highway":"service"},"geometry":{"type":"LineString","coordinates":[[-3.16899,43.22461],[-3.16882,43.22464]]}},{"type":"Feature","properties":{"id":277825044,"highway":"service"},"geometry":{"type":"LineString","coordinates":[[-3.14363,43.21714],[-3.14366,43.21696]]}},{"type":"Feature","properties":{"id":277825045,"highway":"service"},"geometry":{"type":"LineString","coordinates":[[-3.14422,43.21726],[-3.14432,43.2171]]}},{"type":"Feature","properties":{"id":277825047,"highway":"service"},"geometry":{"type":"LineString","coordinates":[[-3.16639,43.22096],[-3.16633,43.22065],[-3.16622,43.22055]]}},{"type":"Feature","properties":{"id":277825050,"highway":"service"},"geometry":{"type":"LineString","coordinates":[[-3.16659,43.22086],[-3.16649,43.22082],[-3.16643,43.22078],[-3.16641,43.22067],[-3.16639,43.22053]]}},{"type":"Feature","properties":{"id":277825051,"highway":"service"},"geometry":{"type":"LineString","coordinates":[[-3.16725,43.21995],[-3.16728,43.21984],[-3.16731,43.21966],[-3.16731,43.21954],[-3.16726,43.21926]]}},{"type":"Feature","properties":{"id":277825052,"highway":"service"},"geometry":{"type":"LineString","coordinates":[[-3.12371,43.22387],[-3.12372,43.22379],[-3.12349,43.22375],[-3.1234,43.22376],[-3.12339,43.22376],[-3.1233,43.22377]]}},{"type":"Feature","properties":{"id":277825053,"highway":"service"},"geometry":{"type":"LineString","coordinates":[[-3.16659,43.21986],[-3.16661,43.21994],[-3.16665,43.22008],[-3.16671,43.2201],[-3.16685,43.22011],[-3.16698,43.22009]]}},{"type":"Feature","properties":{"id":277825054,"highway":"service"},"geometry":{"type":"LineString","coordinates":[[-3.166,43.21979],[-3.16602,43.21985],[-3.16611,43.2199],[-3.16625,43.21994],[-3.16637,43.21995],[-3.16645,43.21991],[-3.16647,43.21985]]}},{"type":"Feature","properties":{"id":277825055,"highway":"service"},"geometry":{"type":"LineString","coordinates":[[-3.14061,43.21699],[-3.14051,43.21708],[-3.14033,43.21749],[-3.14032,43.21754],[-3.14035,43.21762],[-3.14039,43.21767],[-3.14069,43.21784]]}},{"type":"Feature","properties":{"id":277825056,"highway":"service"},"geometry":{"type":"LineString","coordinates":[[-3.14043,43.21674],[-3.14049,43.21682],[-3.14058,43.21695],[-3.14061,43.21699],[-3.14068,43.21706],[-3.14093,43.21719],[-3.14101,43.21724],[-3.14131,43.21741],[-3.1414,43.21745]]}},{"type":"Feature","properties":{"id":277825057,"highway":"service"},"geometry":{"type":"LineString","coordinates":[[-3.13996,43.21667],[-3.13995,43.21676],[-3.13994,43.21691],[-3.14,43.21695],[-3.14029,43.21698],[-3.14028,43.21707],[-3.14024,43.21716],[-3.14014,43.2172]]}},{"type":"Feature","properties":{"id":277825059,"highway":"living_street","nombre":"Barrio Somovalle"},"geometry":{"type":"LineString","coordinates":[[-3.16554,43.21974],[-3.16549,43.21969],[-3.16528,43.21961],[-3.16459,43.21945],[-3.16408,43.21929],[-3.16385,43.21921],[-3.16354,43.21914],[-3.16321,43.21911],[-3.16297,43.21911]]}},{"type":"Feature","properties":{"id":277825062,"highway":"service"},"geometry":{"type":"LineString","coordinates":[[-3.16872,43.22406],[-3.16868,43.22413],[-3.16865,43.22423],[-3.16865,43.22434],[-3.16869,43.22446],[-3.16879,43.22461],[-3.16882,43.22464],[-3.169,43.22488],[-3.16913,43.22501]]}},{"type":"Feature","properties":{"id":277825063,"highway":"track"},"geometry":{"type":"LineString","coordinates":[[-3.1414,43.21745],[-3.14138,43.2175],[-3.14138,43.21756],[-3.14145,43.21761],[-3.14148,43.21764],[-3.14148,43.2177],[-3.14147,43.21776],[-3.14144,43.21786],[-3.14142,43.2179],[-3.14144,43.21794],[-3.14154,43.21794],[-3.1416,43.21792],[-3.1416,43.21797],[-3.14158,43.21802],[-3.1416,43.2181],[-3.14163,43.21815],[-3.14158,43.21818],[-3.14151,43.21824],[-3.14144,43.21842],[-3.14137,43.21858],[-3.14136,43.21865],[-3.14137,43.21869],[-3.14142,43.21871],[-3.14151,43.2187],[-3.14159,43.21867],[-3.14167,43.21869],[-3.14169,43.21876],[-3.14169,43.21891],[-3.14165,43.21898],[-3.14158,43.21902],[-3.14153,43.21908],[-3.14152,43.21915],[-3.14148,43.21922],[-3.14146,43.21926],[-3.1415,43.21929],[-3.14154,43.2193],[-3.14152,43.21935],[-3.14149,43.21942],[-3.14148,43.2195],[-3.14149,43.21957],[-3.14152,43.21963],[-3.14159,43.2198],[-3.14168,43.22006],[-3.14169,43.22014],[-3.14169,43.22022],[-3.14169,43.22028],[-3.14175,43.22036],[-3.14185,43.22048],[-3.14197,43.22062],[-3.14198,43.22065],[-3.14197,43.22072],[-3.14194,43.22079],[-3.1419,43.22086],[-3.14189,43.22093],[-3.1419,43.22098],[-3.14192,43.22103],[-3.142,43.22112],[-3.14202,43.22117],[-3.14202,43.22126],[-3.14202,43.22136],[-3.14202,43.22146],[-3.14206,43.22153],[-3.14219,43.22162],[-3.14227,43.22172],[-3.14235,43.22181],[-3.14246,43.22189],[-3.14255,43.22193],[-3.14265,43.22194],[-3.14274,43.22195],[-3.14283,43.22197],[-3.14298,43.22205],[-3.14337,43.22229],[-3.14362,43.22242],[-3.14389,43.2226],[-3.14401,43.22271],[-3.14407,43.22281],[-3.14413,43.22291],[-3.14415,43.22299],[-3.14413,43.22311],[-3.1441,43.22322],[-3.14411,43.22328],[-3.1442,43.22336],[-3.14434,43.22342],[-3.14473,43.22359],[-3.14478,43.22369],[-3.14479,43.22378],[-3.14478,43.22393],[-3.14484,43.22398],[-3.14495,43.22409],[-3.14539,43.22462],[-3.14554,43.2249],[-3.14567,43.2251],[-3.14602,43.2256],[-3.14614,43.22572],[-3.14617,43.2258],[-3.14617,43.22589]]}},{"type":"Feature","properties":{"id":277992299,"highway":"residential","nombre":"Barrio Gallardi"},"geometry":{"type":"LineString","coordinates":[[-3.12845,43.20703],[-3.12791,43.20708],[-3.12786,43.20689],[-3.12784,43.20685],[-3.12778,43.20682],[-3.12768,43.20683],[-3.12682,43.20691],[-3.1258,43.207],[-3.12575,43.20704],[-3.12574,43.20708],[-3.12578,43.2074],[-3.12583,43.20744],[-3.12592,43.20746],[-3.12606,43.20745],[-3.12779,43.20729],[-3.12789,43.20725],[-3.12792,43.2072],[-3.12791,43.20708]]}},{"type":"Feature","properties":{"id":277992300,"highway":"residential","nombre":"Barrio Gallardi"},"geometry":{"type":"LineString","coordinates":[[-3.12682,43.20691],[-3.12673,43.20644],[-3.12672,43.20639],[-3.12671,43.20634],[-3.1267,43.2063]]}},{"type":"Feature","properties":{"id":277992301,"highway":"residential","nombre":"Barrio Gallardi"},"geometry":{"type":"LineString","coordinates":[[-3.12855,43.20613],[-3.12854,43.20617],[-3.12854,43.20619],[-3.12854,43.20623],[-3.12841,43.20624],[-3.1268,43.20643],[-3.12673,43.20644],[-3.12665,43.20645],[-3.12549,43.20658]]}},{"type":"Feature","properties":{"id":277992302,"highway":"service"},"geometry":{"type":"LineString","coordinates":[[-3.14322,43.21223],[-3.14335,43.21213],[-3.14355,43.21206]]}},{"type":"Feature","properties":{"id":277992303,"highway":"footway"},"geometry":{"type":"LineString","coordinates":[[-3.13603,43.213],[-3.13596,43.21299],[-3.1359,43.21297],[-3.13585,43.21296],[-3.13578,43.21292],[-3.13571,43.21289]]}},{"type":"Feature","properties":{"id":277992304,"highway":"footway"},"geometry":{"type":"LineString","coordinates":[[-3.13595,43.21287],[-3.13591,43.21287],[-3.13586,43.21288],[-3.1358,43.21288],[-3.13572,43.21287]]}},{"type":"Feature","properties":{"id":277992305,"highway":"service"},"geometry":{"type":"LineString","coordinates":[[-3.14186,43.21145],[-3.1419,43.2115],[-3.14196,43.21175]]}},{"type":"Feature","properties":{"id":277992306,"highway":"service"},"geometry":{"type":"LineString","coordinates":[[-3.14492,43.21215],[-3.14479,43.21222],[-3.14458,43.21223],[-3.14446,43.21224]]}},{"type":"Feature","properties":{"id":277992307,"highway":"footway"},"geometry":{"type":"LineString","coordinates":[[-3.13561,43.21292],[-3.13559,43.21294],[-3.13557,43.21296],[-3.13555,43.21298],[-3.13553,43.21299],[-3.13551,43.213],[-3.13547,43.21301],[-3.13543,43.21303],[-3.13542,43.21303],[-3.13537,43.21304]]}},{"type":"Feature","properties":{"id":277992308,"highway":"footway"},"geometry":{"type":"LineString","coordinates":[[-3.13553,43.21317],[-3.13557,43.21313],[-3.13561,43.21308],[-3.13563,43.21306],[-3.13564,43.21303],[-3.13565,43.213],[-3.13565,43.21297],[-3.13565,43.21295],[-3.13565,43.21293]]}},{"type":"Feature","properties":{"id":277992309,"highway":"service"},"geometry":{"type":"LineString","coordinates":[[-3.14493,43.21301],[-3.14499,43.21306],[-3.14501,43.21311],[-3.14498,43.21319],[-3.14488,43.2133],[-3.14477,43.21338]]}},{"type":"Feature","properties":{"id":277992311,"highway":"footway"},"geometry":{"type":"LineString","coordinates":[[-3.13562,43.21281],[-3.1356,43.21275],[-3.13559,43.21269],[-3.13559,43.21266],[-3.1356,43.21263],[-3.1356,43.21261],[-3.13561,43.21258],[-3.13564,43.21252],[-3.13568,43.21247]]}},{"type":"Feature","properties":{"id":277992312,"highway":"unclassified","nombre":"Barrio Mendieta","oneway":"no"},"geometry":{"type":"LineString","coordinates":[[-3.13372,43.20932],[-3.13407,43.20932],[-3.13461,43.20926],[-3.1349,43.20924],[-3.1351,43.20924],[-3.13524,43.20924],[-3.1353,43.20924],[-3.1354,43.20927],[-3.13549,43.2093],[-3.13553,43.20931]]}},{"type":"Feature","properties":{"id":277992313,"highway":"service"},"geometry":{"type":"LineString","coordinates":[[-3.14405,43.21233],[-3.14418,43.2124],[-3.14431,43.2124],[-3.14438,43.21236],[-3.14447,43.21228],[-3.14446,43.21224],[-3.14446,43.21221],[-3.14432,43.21214],[-3.14368,43.21186]]}},{"type":"Feature","properties":{"id":277992315,"highway":"footway"},"geometry":{"type":"LineString","coordinates":[[-3.13563,43.21293],[-3.13565,43.21293],[-3.13565,43.21293],[-3.13567,43.21292],[-3.1357,43.21291],[-3.13571,43.21289],[-3.13572,43.21288],[-3.13572,43.21287],[-3.13572,43.21285],[-3.1357,43.21284],[-3.13569,43.21282],[-3.13567,43.21281],[-3.13564,43.21281],[-3.13562,43.21281],[-3.1356,43.21282],[-3.13558,43.21282],[-3.13557,43.21284],[-3.13556,43.21286],[-3.13556,43.21288],[-3.13557,43.2129],[-3.13559,43.21291],[-3.13561,43.21292],[-3.13563,43.21293]]}},{"type":"Feature","properties":{"id":281803923,"highway":"footway"},"geometry":{"type":"LineString","coordinates":[[-3.13433,43.21309],[-3.13434,43.21307],[-3.13432,43.21305],[-3.1343,43.21304],[-3.13428,43.21305],[-3.13427,43.21305],[-3.13426,43.21307],[-3.13426,43.21309],[-3.13429,43.2131],[-3.13431,43.2131],[-3.13433,43.21309],[-3.13433,43.21309]]}},{"type":"Feature","properties":{"id":281803924,"highway":"footway"},"geometry":{"type":"LineString","coordinates":[[-3.13433,43.21309],[-3.13435,43.21309],[-3.13458,43.21321],[-3.13462,43.2133],[-3.13474,43.21355],[-3.13464,43.21367],[-3.1346,43.21371],[-3.13444,43.21388],[-3.1344,43.2139],[-3.13435,43.21391],[-3.13429,43.2139],[-3.13423,43.2139],[-3.13413,43.21392],[-3.13403,43.21394],[-3.13393,43.21398],[-3.13392,43.21399]]}},{"type":"Feature","properties":{"id":281803925,"highway":"footway"},"geometry":{"type":"LineString","coordinates":[[-3.1351,43.21388],[-3.13509,43.21388],[-3.13496,43.21385],[-3.13488,43.21382],[-3.13474,43.21374],[-3.13465,43.21368],[-3.13464,43.21367],[-3.13456,43.21359],[-3.13451,43.21355],[-3.13445,43.21354],[-3.13436,43.21355],[-3.13429,43.21356],[-3.13432,43.21365],[-3.13409,43.2137],[-3.134,43.21373],[-3.13392,43.21399],[-3.13389,43.21408],[-3.13388,43.21409]]}},{"type":"Feature","properties":{"id":281803926,"highway":"residential","nombre":"Nicolas Maria Urgoitia kalea","izena_eu":"Nicolas Maria Urgoitia kalea","nombre_es":"Calle Nicolás Maria Urgoitia"},"geometry":{"type":"LineString","coordinates":[[-3.11436,43.20876],[-3.11435,43.20871],[-3.11435,43.20869],[-3.11445,43.20841]]}},{"type":"Feature","properties":{"id":281803927,"highway":"footway"},"geometry":{"type":"LineString","coordinates":[[-3.13429,43.21356],[-3.13421,43.2134],[-3.13415,43.21341]]}},{"type":"Feature","properties":{"id":281803928,"highway":"footway"},"geometry":{"type":"LineString","coordinates":[[-3.13474,43.21328],[-3.13462,43.2133],[-3.13459,43.21331],[-3.13441,43.21332],[-3.13419,43.21336],[-3.13421,43.2134]]}},{"type":"Feature","properties":{"id":281803929,"highway":"footway"},"geometry":{"type":"LineString","coordinates":[[-3.13136,43.21127],[-3.13123,43.21122],[-3.13114,43.21118]]}},{"type":"Feature","properties":{"id":281803930,"highway":"steps"},"geometry":{"type":"LineString","coordinates":[[-3.13122,43.21109],[-3.13124,43.21115],[-3.13124,43.2112],[-3.13123,43.21122]]}},{"type":"Feature","properties":{"id":281803931,"highway":"footway"},"geometry":{"type":"LineString","coordinates":[[-3.1342,43.21292],[-3.13421,43.21295],[-3.13428,43.21304],[-3.13428,43.21305]]}},{"type":"Feature","properties":{"id":281803932,"highway":"footway"},"geometry":{"type":"LineString","coordinates":[[-3.13357,43.2141],[-3.13363,43.21409],[-3.13373,43.21409]]}},{"type":"Feature","properties":{"id":281803934,"highway":"pedestrian"},"geometry":{"type":"LineString","coordinates":[[-3.13155,43.21108],[-3.13152,43.2111],[-3.13138,43.21125],[-3.13136,43.21127],[-3.13123,43.21141],[-3.13104,43.21163]]}},{"type":"Feature","properties":{"id":281803935,"highway":"steps"},"geometry":{"type":"LineString","coordinates":[[-3.13104,43.21128],[-3.1311,43.21128],[-3.13115,43.21127],[-3.13119,43.21125],[-3.13121,43.21124],[-3.13123,43.21122]]}},{"type":"Feature","properties":{"id":281803936,"highway":"footway"},"geometry":{"type":"LineString","coordinates":[[-3.13467,43.21294],[-3.13447,43.21294],[-3.13429,43.21291],[-3.13421,43.21292],[-3.1342,43.21292],[-3.13414,43.21292],[-3.13387,43.21296]]}},{"type":"Feature","properties":{"id":281803937,"highway":"footway"},"geometry":{"type":"LineString","coordinates":[[-3.13406,43.21362],[-3.13399,43.21346],[-3.13406,43.21345],[-3.13415,43.21341],[-3.13412,43.21335],[-3.13406,43.2133],[-3.13399,43.21324],[-3.13395,43.21316],[-3.13387,43.21296],[-3.13377,43.21298],[-3.13375,43.21298],[-3.13372,43.213]]}},{"type":"Feature","properties":{"id":282238182,"highway":"footway"},"geometry":{"type":"LineString","coordinates":[[-3.14385,43.20734],[-3.14389,43.20731],[-3.14389,43.20726],[-3.14386,43.20722],[-3.14383,43.20722],[-3.1438,43.20721],[-3.14374,43.20722],[-3.1437,43.20725],[-3.14369,43.2073],[-3.14373,43.20734],[-3.14379,43.20735],[-3.14385,43.20734]]}},{"type":"Feature","properties":{"id":282238183,"highway":"footway"},"geometry":{"type":"LineString","coordinates":[[-3.14336,43.20727],[-3.14338,43.20727],[-3.14344,43.20727],[-3.14354,43.20728],[-3.14362,43.2073],[-3.1437,43.20733],[-3.14372,43.20735],[-3.14376,43.20737],[-3.14378,43.20743],[-3.14379,43.20751],[-3.14378,43.20756],[-3.14377,43.20757]]}},{"type":"Feature","properties":{"id":282238184,"highway":"footway"},"geometry":{"type":"LineString","coordinates":[[-3.14418,43.20721],[-3.14414,43.20721],[-3.14406,43.20722],[-3.14395,43.20723],[-3.14387,43.20722],[-3.14384,43.20721],[-3.14381,43.2072],[-3.14374,43.20716],[-3.14366,43.2071],[-3.1436,43.20704],[-3.14358,43.20699]]}},{"type":"Feature","properties":{"id":282238185,"highway":"footway"},"geometry":{"type":"LineString","coordinates":[[-3.14202,43.20986],[-3.14203,43.20985],[-3.14205,43.20983],[-3.14205,43.20979],[-3.14203,43.20975],[-3.14201,43.20973],[-3.14199,43.20972],[-3.14194,43.20971],[-3.14189,43.20972],[-3.14184,43.20974],[-3.14182,43.20977],[-3.14181,43.20981],[-3.14183,43.20985],[-3.14186,43.20987],[-3.14187,43.20988],[-3.14192,43.20989],[-3.14198,43.20988],[-3.14202,43.20986]]}},{"type":"Feature","properties":{"id":282238186,"highway":"footway"},"geometry":{"type":"LineString","coordinates":[[-3.14184,43.20974],[-3.14164,43.2096]]}},{"type":"Feature","properties":{"id":282238187,"highway":"footway"},"geometry":{"type":"LineString","coordinates":[[-3.14223,43.21],[-3.1422,43.20998],[-3.14216,43.20995]]}},{"type":"Feature","properties":{"id":282238188,"highway":"footway"},"geometry":{"type":"LineString","coordinates":[[-3.14384,43.20721],[-3.14383,43.20722]]}},{"type":"Feature","properties":{"id":282238189,"highway":"footway"},"geometry":{"type":"LineString","coordinates":[[-3.14186,43.20987],[-3.14162,43.21008]]}},{"type":"Feature","properties":{"id":282238190,"highway":"footway"},"geometry":{"type":"LineString","coordinates":[[-3.14373,43.20734],[-3.14372,43.20735]]}},{"type":"Feature","properties":{"id":282238191,"highway":"footway"},"geometry":{"type":"LineString","coordinates":[[-3.1423,43.20946],[-3.14224,43.20952],[-3.14201,43.20973]]}},{"type":"Feature","properties":{"id":282238192,"highway":"residential","nombre":"Barrio la Baluga"},"geometry":{"type":"LineString","coordinates":[[-3.14679,43.20585],[-3.14656,43.20571],[-3.14627,43.20558],[-3.146,43.20545],[-3.14564,43.20534],[-3.14535,43.20525],[-3.14506,43.20513],[-3.14467,43.20495],[-3.14439,43.20483]]}},{"type":"Feature","properties":{"id":282238193,"highway":"footway"},"geometry":{"type":"LineString","coordinates":[[-3.14428,43.20385],[-3.14417,43.20395],[-3.14393,43.20431],[-3.14372,43.20462],[-3.14366,43.2047]]}},{"type":"Feature","properties":{"id":282238195,"highway":"footway"},"geometry":{"type":"LineString","coordinates":[[-3.14193,43.20934],[-3.1419,43.20936],[-3.14164,43.2096],[-3.14158,43.20966],[-3.14151,43.20973],[-3.14135,43.20989]]}},{"type":"Feature","properties":{"id":283769404,"highway":"footway"},"geometry":{"type":"LineString","coordinates":[[-3.14366,43.2047],[-3.14358,43.20481],[-3.14341,43.20511],[-3.14326,43.20542],[-3.14311,43.20574],[-3.14297,43.20602],[-3.14289,43.20632],[-3.14269,43.20661],[-3.14255,43.20696],[-3.14237,43.20745],[-3.14233,43.2076],[-3.14232,43.20778],[-3.14233,43.20794],[-3.14237,43.20798],[-3.1424,43.20799],[-3.14235,43.20805]]}},{"type":"Feature","properties":{"id":283769407,"highway":"service","tunel":"yes"},"geometry":{"type":"LineString","coordinates":[[-3.12451,43.20756],[-3.1242,43.20762]]}},{"type":"Feature","properties":{"id":283769408,"highway":"service"},"geometry":{"type":"LineString","coordinates":[[-3.1242,43.20762],[-3.12391,43.20756],[-3.12377,43.20749],[-3.12363,43.20737],[-3.12347,43.20721],[-3.12327,43.20704],[-3.12299,43.20688],[-3.12253,43.20672],[-3.12217,43.20665],[-3.12184,43.20662],[-3.12155,43.20664],[-3.12113,43.2067],[-3.12094,43.20674],[-3.12069,43.20686],[-3.12048,43.20697],[-3.12028,43.20705],[-3.12,43.2071],[-3.11972,43.20716],[-3.11954,43.20728],[-3.11931,43.20744],[-3.11902,43.20771],[-3.11887,43.2078],[-3.11858,43.20793],[-3.11814,43.20809],[-3.1178,43.20818],[-3.11757,43.20818],[-3.11732,43.20815],[-3.11719,43.20811],[-3.11715,43.20807],[-3.11711,43.20797],[-3.11708,43.20779],[-3.11709,43.20766],[-3.11714,43.20761],[-3.11721,43.20757],[-3.11727,43.20753],[-3.11729,43.20749]]}},{"type":"Feature","properties":{"id":288761327,"highway":"primary","nombre":"Kadaguako igarobidea","izena_eu":"Kadaguako igarobidea","nombre_es":"Corredor del Cadagua","ref":"BI-636","oneway":"no","superficie":"asphalt"},"geometry":{"type":"LineString","coordinates":[[-3.1405,43.20395],[-3.14026,43.20409],[-3.13997,43.20426],[-3.13966,43.2044],[-3.13937,43.2045],[-3.1391,43.20459],[-3.13879,43.20467],[-3.13848,43.20472],[-3.13815,43.20477],[-3.13778,43.20479],[-3.13744,43.2048],[-3.13365,43.20468],[-3.13237,43.20464],[-3.13188,43.20464],[-3.13152,43.20464],[-3.13109,43.20465],[-3.13066,43.20467],[-3.13004,43.2047],[-3.12956,43.20474],[-3.12928,43.20476]]}},{"type":"Feature","properties":{"id":288761328,"highway":"primary","nombre":"Kadaguako igarobidea","izena_eu":"Kadaguako igarobidea","nombre_es":"Corredor del Cadagua","ref":"BI-636","oneway":"no","puente":"yes"},"geometry":{"type":"LineString","coordinates":[[-3.14089,43.20363],[-3.1405,43.20395]]}},{"type":"Feature","properties":{"id":288761329,"highway":"service"},"geometry":{"type":"LineString","coordinates":[[-3.13649,43.20159],[-3.13651,43.20152],[-3.1365,43.20148],[-3.13645,43.20142],[-3.13637,43.20141],[-3.13631,43.20142],[-3.13611,43.20153],[-3.13606,43.20152],[-3.13602,43.20149],[-3.13573,43.20117]]}},{"type":"Feature","properties":{"id":288761330,"highway":"footway"},"geometry":{"type":"LineString","coordinates":[[-3.14022,43.19801],[-3.14023,43.19808],[-3.14008,43.19816],[-3.13999,43.1983],[-3.13997,43.19841],[-3.13995,43.1986],[-3.13976,43.1989],[-3.13962,43.19914]]}},{"type":"Feature","properties":{"id":288761331,"highway":"service"},"geometry":{"type":"LineString","coordinates":[[-3.13502,43.20106],[-3.13486,43.20106],[-3.13477,43.2011],[-3.1347,43.20122],[-3.1346,43.20137],[-3.13431,43.20163],[-3.13426,43.20168],[-3.1343,43.20179],[-3.13439,43.20185],[-3.13459,43.20182],[-3.13468,43.20186]]}},{"type":"Feature","properties":{"id":288761332,"highway":"service"},"geometry":{"type":"LineString","coordinates":[[-3.14241,43.19961],[-3.14217,43.19968],[-3.14185,43.19977],[-3.14157,43.19992],[-3.14143,43.20005],[-3.14125,43.2003],[-3.14105,43.20042],[-3.14085,43.20045],[-3.14031,43.20035],[-3.13993,43.20025],[-3.13934,43.20005]]}},{"type":"Feature","properties":{"id":288761333,"highway":"service"},"geometry":{"type":"LineString","coordinates":[[-3.12702,43.204],[-3.12682,43.20406],[-3.12668,43.20408],[-3.12658,43.20412],[-3.12658,43.20419],[-3.12663,43.20429],[-3.12666,43.2044],[-3.12662,43.20443],[-3.12654,43.20442],[-3.12639,43.20438],[-3.1262,43.20428],[-3.12613,43.20425],[-3.12607,43.20427]]}},{"type":"Feature","properties":{"id":288761334,"highway":"unclassified"},"geometry":{"type":"LineString","coordinates":[[-3.13453,43.20095],[-3.13422,43.20077],[-3.1341,43.20067],[-3.13428,43.20047],[-3.13438,43.20025],[-3.13453,43.19998],[-3.13469,43.19982],[-3.13505,43.19959],[-3.13541,43.1992],[-3.13557,43.19903],[-3.13592,43.19858],[-3.13617,43.19832],[-3.13638,43.19812],[-3.13638,43.19804],[-3.13635,43.198]]}},{"type":"Feature","properties":{"id":288761335,"highway":"service"},"geometry":{"type":"LineString","coordinates":[[-3.11924,43.20476],[-3.11928,43.20471],[-3.11927,43.20465],[-3.11905,43.20416],[-3.11903,43.20409],[-3.11905,43.20402],[-3.11908,43.20393],[-3.11916,43.20387],[-3.11932,43.20378],[-3.11946,43.20374],[-3.11973,43.2037],[-3.11984,43.20368],[-3.11995,43.2036],[-3.12025,43.20347],[-3.12038,43.20345],[-3.12061,43.2035],[-3.1207,43.2035]]}},{"type":"Feature","properties":{"id":288761336,"highway":"unclassified"},"geometry":{"type":"LineString","coordinates":[[-3.14062,43.2037],[-3.14044,43.2038],[-3.14031,43.2039],[-3.1395,43.20429],[-3.13946,43.2043],[-3.13924,43.20437],[-3.13861,43.20455],[-3.13805,43.20465],[-3.13778,43.20464],[-3.13763,43.20463],[-3.13735,43.20463],[-3.1371,43.20459],[-3.13687,43.20459],[-3.13673,43.20462],[-3.13652,43.20465],[-3.13597,43.20464],[-3.13535,43.20461]]}},{"type":"Feature","properties":{"id":288761337,"highway":"service","nombre":"Barrio El Campo"},"geometry":{"type":"LineString","coordinates":[[-3.1402,43.20086],[-3.14033,43.20101],[-3.14034,43.20108],[-3.14028,43.20135],[-3.14022,43.20139],[-3.14007,43.20145],[-3.14,43.20151],[-3.13994,43.20162],[-3.1398,43.20185],[-3.13969,43.20201],[-3.13919,43.2024],[-3.13902,43.20245],[-3.13874,43.20246],[-3.13858,43.2024],[-3.13838,43.20231],[-3.13821,43.20219],[-3.13812,43.20211],[-3.13802,43.20198]]}},{"type":"Feature","properties":{"id":288761338,"highway":"service"},"geometry":{"type":"LineString","coordinates":[[-3.13385,43.19968],[-3.13375,43.19967],[-3.13356,43.19974],[-3.13343,43.19993],[-3.13326,43.19998],[-3.13308,43.19998],[-3.13288,43.1999],[-3.13281,43.1998],[-3.13283,43.19966],[-3.13287,43.19949],[-3.13284,43.19929],[-3.1327,43.1991],[-3.13255,43.19892],[-3.13257,43.19888],[-3.13272,43.1989],[-3.13271,43.19895],[-3.13313,43.19908],[-3.13313,43.19895],[-3.13326,43.19892]]}},{"type":"Feature","properties":{"id":288761339,"highway":"service"},"geometry":{"type":"LineString","coordinates":[[-3.13641,43.20606],[-3.13629,43.20601]]}},{"type":"Feature","properties":{"id":288761340,"highway":"service"},"geometry":{"type":"LineString","coordinates":[[-3.13449,43.20098],[-3.13429,43.20091]]}},{"type":"Feature","properties":{"id":288761341,"highway":"service"},"geometry":{"type":"LineString","coordinates":[[-3.13597,43.20003],[-3.13615,43.19996]]}},{"type":"Feature","properties":{"id":288761342,"highway":"service"},"geometry":{"type":"LineString","coordinates":[[-3.13834,43.20149],[-3.13813,43.20141]]}},{"type":"Feature","properties":{"id":288761343,"highway":"service"},"geometry":{"type":"LineString","coordinates":[[-3.14028,43.2005],[-3.14031,43.20035]]}},{"type":"Feature","properties":{"id":288761344,"highway":"service"},"geometry":{"type":"LineString","coordinates":[[-3.13433,43.20208],[-3.13422,43.20199]]}},{"type":"Feature","properties":{"id":288761345,"highway":"service","nombre":"Barrio Torrejón"},"geometry":{"type":"LineString","coordinates":[[-3.1146,43.20353],[-3.11519,43.20355]]}},{"type":"Feature","properties":{"id":288761346,"highway":"service"},"geometry":{"type":"LineString","coordinates":[[-3.13632,43.20113],[-3.1361,43.20092]]}},{"type":"Feature","properties":{"id":288761347,"highway":"unclassified","nombre":"Barrio El Llano","superficie":"asphalt"},"geometry":{"type":"LineString","coordinates":[[-3.13794,43.1995],[-3.13799,43.19935],[-3.13802,43.19927],[-3.13805,43.19921],[-3.13818,43.19901],[-3.13832,43.19889],[-3.13843,43.1988],[-3.13889,43.19856],[-3.13943,43.19839],[-3.13982,43.19821],[-3.14018,43.19806],[-3.14022,43.19801],[-3.14026,43.19797],[-3.14038,43.19768],[-3.14044,43.19751],[-3.14052,43.19741],[-3.1407,43.19727],[-3.1408,43.19714],[-3.14081,43.19703],[-3.1408,43.19697]]}},{"type":"Feature","properties":{"id":288761348,"highway":"unclassified","nombre":"Barrio Codujo"},"geometry":{"type":"LineString","coordinates":[[-3.13934,43.20005],[-3.13948,43.19992],[-3.13966,43.19964],[-3.1397,43.19958],[-3.13997,43.19937],[-3.14008,43.19921],[-3.14025,43.19908],[-3.14045,43.19892],[-3.14047,43.19892],[-3.14063,43.19886],[-3.1409,43.19872],[-3.14101,43.19877],[-3.1412,43.19884],[-3.14137,43.19884],[-3.14176,43.19876],[-3.14191,43.1987],[-3.14194,43.19864],[-3.14191,43.19852],[-3.14185,43.19843],[-3.14168,43.19838],[-3.14152,43.19828],[-3.1415,43.19821],[-3.14151,43.19819],[-3.14155,43.1981],[-3.14186,43.19766],[-3.14194,43.19756],[-3.14202,43.19752],[-3.14221,43.19746],[-3.14225,43.19743],[-3.14228,43.1974],[-3.14236,43.19729],[-3.14242,43.19717],[-3.1425,43.19706],[-3.14256,43.19698],[-3.14273,43.19688],[-3.14282,43.19684],[-3.14319,43.19673],[-3.14343,43.19662],[-3.1436,43.19647],[-3.14377,43.1963]]}},{"type":"Feature","properties":{"id":288761349,"highway":"unclassified","nombre":"Barrio Ibarra"},"geometry":{"type":"LineString","coordinates":[[-3.14223,43.20471],[-3.14213,43.20462],[-3.1419,43.20449],[-3.14176,43.2044],[-3.14173,43.20438],[-3.1417,43.20433],[-3.14165,43.20421],[-3.14161,43.20413],[-3.14151,43.20403],[-3.14136,43.20396],[-3.14118,43.20394],[-3.14095,43.20391],[-3.1408,43.20386]]}},{"type":"Feature","properties":{"id":288761350,"highway":"service"},"geometry":{"type":"LineString","coordinates":[[-3.13857,43.20018],[-3.13844,43.19999],[-3.13859,43.19962]]}},{"type":"Feature","properties":{"id":288761351,"highway":"service"},"geometry":{"type":"LineString","coordinates":[[-3.13832,43.19889],[-3.13851,43.199],[-3.13861,43.19906]]}},{"type":"Feature","properties":{"id":288761352,"highway":"service"},"geometry":{"type":"LineString","coordinates":[[-3.14083,43.20311],[-3.14076,43.20342],[-3.14067,43.20355]]}},{"type":"Feature","properties":{"id":288761353,"highway":"service"},"geometry":{"type":"LineString","coordinates":[[-3.13798,43.19994],[-3.13767,43.19963],[-3.13765,43.19961],[-3.13756,43.19952]]}},{"type":"Feature","properties":{"id":288761354,"highway":"service"},"geometry":{"type":"LineString","coordinates":[[-3.1137,43.20478],[-3.11355,43.20472],[-3.11338,43.20464]]}},{"type":"Feature","properties":{"id":288761355,"highway":"service"},"geometry":{"type":"LineString","coordinates":[[-3.12778,43.20468],[-3.12757,43.20439],[-3.12753,43.2043]]}},{"type":"Feature","properties":{"id":288761356,"highway":"service"},"geometry":{"type":"LineString","coordinates":[[-3.13805,43.19921],[-3.13811,43.19922],[-3.13851,43.199]]}},{"type":"Feature","properties":{"id":288761357,"highway":"service"},"geometry":{"type":"LineString","coordinates":[[-3.13237,43.20275],[-3.13228,43.20267],[-3.13204,43.2026]]}},{"type":"Feature","properties":{"id":288761358,"highway":"service"},"geometry":{"type":"LineString","coordinates":[[-3.12128,43.20365],[-3.12121,43.20382],[-3.12107,43.20398]]}},{"type":"Feature","properties":{"id":288761359,"highway":"service"},"geometry":{"type":"LineString","coordinates":[[-3.13804,43.19949],[-3.13807,43.19963],[-3.13821,43.19998]]}},{"type":"Feature","properties":{"id":288761360,"highway":"service"},"geometry":{"type":"LineString","coordinates":[[-3.13297,43.20451],[-3.13299,43.20439],[-3.13299,43.20428]]}},{"type":"Feature","properties":{"id":288761361,"highway":"service"},"geometry":{"type":"LineString","coordinates":[[-3.13631,43.20623],[-3.13629,43.20601],[-3.13626,43.20559]]}},{"type":"Feature","properties":{"id":288761362,"highway":"service"},"geometry":{"type":"LineString","coordinates":[[-3.12113,43.20464],[-3.12131,43.20435],[-3.12124,43.20419]]}},{"type":"Feature","properties":{"id":288761363,"highway":"service"},"geometry":{"type":"LineString","coordinates":[[-3.13557,43.20516],[-3.1355,43.20524],[-3.13548,43.20561]]}},{"type":"Feature","properties":{"id":288761364,"highway":"service","nombre":"Barrio Gallardi"},"geometry":{"type":"LineString","coordinates":[[-3.13168,43.20549],[-3.13178,43.20559],[-3.13176,43.20583]]}},{"type":"Feature","properties":{"id":288761365,"highway":"unclassified","nombre":"Artzabe auzoa","izena_eu":"Artzabe auzoa","nombre_es":"Barrio Arzabe"},"geometry":{"type":"LineString","coordinates":[[-3.1236,43.20219],[-3.12397,43.20232],[-3.12407,43.20238],[-3.12421,43.20251],[-3.12453,43.20268],[-3.12455,43.20273],[-3.12455,43.20279],[-3.1245,43.2029],[-3.12453,43.20296],[-3.1246,43.20298],[-3.12469,43.20296],[-3.12487,43.20287],[-3.125,43.20276],[-3.12507,43.20275],[-3.12516,43.20279],[-3.12521,43.2029],[-3.12525,43.20313],[-3.12529,43.20322],[-3.12535,43.20328],[-3.12551,43.20339],[-3.12574,43.20361],[-3.12578,43.2037],[-3.1258,43.20383],[-3.12584,43.20396],[-3.1259,43.20411],[-3.126,43.20421],[-3.12607,43.20427],[-3.12612,43.20431],[-3.12639,43.20454],[-3.12647,43.20464],[-3.1265,43.20472]]}},{"type":"Feature","properties":{"id":288761366,"highway":"service"},"geometry":{"type":"LineString","coordinates":[[-3.13422,43.20077],[-3.13426,43.20069],[-3.1344,43.20056],[-3.13446,43.20056]]}},{"type":"Feature","properties":{"id":288761367,"highway":"service"},"geometry":{"type":"LineString","coordinates":[[-3.13681,43.20033],[-3.13689,43.20048],[-3.13676,43.20048],[-3.13664,43.20047]]}},{"type":"Feature","properties":{"id":288761368,"highway":"service"},"geometry":{"type":"LineString","coordinates":[[-3.1324,43.20394],[-3.13229,43.20379],[-3.1319,43.2037],[-3.13164,43.20366]]}},{"type":"Feature","properties":{"id":288761369,"highway":"service"},"geometry":{"type":"LineString","coordinates":[[-3.14198,43.19935],[-3.14146,43.19993],[-3.14144,43.20002],[-3.14143,43.20005]]}},{"type":"Feature","properties":{"id":288761370,"highway":"service","nombre":"Barrio Gallardi"},"geometry":{"type":"LineString","coordinates":[[-3.13235,43.20556],[-3.13223,43.20562],[-3.13216,43.20569],[-3.13214,43.20579]]}},{"type":"Feature","properties":{"id":288761371,"highway":"service"},"geometry":{"type":"LineString","coordinates":[[-3.13269,43.20181],[-3.13254,43.20188],[-3.13249,43.20198],[-3.13249,43.20203]]}},{"type":"Feature","properties":{"id":288761372,"highway":"service"},"geometry":{"type":"LineString","coordinates":[[-3.11502,43.20253],[-3.11491,43.20272],[-3.11481,43.20273],[-3.11462,43.20273]]}},{"type":"Feature","properties":{"id":288761373,"highway":"service"},"geometry":{"type":"LineString","coordinates":[[-3.13402,43.20168],[-3.13411,43.20166],[-3.13419,43.20167],[-3.13426,43.20168]]}},{"type":"Feature","properties":{"id":288761374,"highway":"residential","nombre":"Gallardi auzoa","izena_eu":"Gallardi auzoa","nombre_es":"Barrio Gallardi"},"geometry":{"type":"LineString","coordinates":[[-3.12908,43.20608],[-3.12908,43.20604],[-3.12906,43.20597],[-3.12902,43.20577],[-3.12901,43.20572],[-3.12939,43.20569],[-3.1295,43.20568],[-3.12954,43.20593],[-3.12956,43.206],[-3.12956,43.20604]]}},{"type":"Feature","properties":{"id":288761375,"highway":"residential","nombre":"Barrio San Pantaleón"},"geometry":{"type":"LineString","coordinates":[[-3.13029,43.20597],[-3.12999,43.20545],[-3.12982,43.20525],[-3.12974,43.2051]]}},{"type":"Feature","properties":{"id":288761376,"highway":"service"},"geometry":{"type":"LineString","coordinates":[[-3.13792,43.20203],[-3.13782,43.20202],[-3.13742,43.2022],[-3.13729,43.20218]]}},{"type":"Feature","properties":{"id":288761377,"highway":"service"},"geometry":{"type":"LineString","coordinates":[[-3.13871,43.20567],[-3.13856,43.20563],[-3.13852,43.20559],[-3.13851,43.20554]]}},{"type":"Feature","properties":{"id":288761378,"highway":"service"},"geometry":{"type":"LineString","coordinates":[[-3.11312,43.20599],[-3.11293,43.20592],[-3.11273,43.20584],[-3.1127,43.20589]]}},{"type":"Feature","properties":{"id":288761379,"highway":"service"},"geometry":{"type":"LineString","coordinates":[[-3.13659,43.19999],[-3.13642,43.19998],[-3.13627,43.19998],[-3.13615,43.19996],[-3.13607,43.19987]]}},{"type":"Feature","properties":{"id":288761380,"highway":"service"},"geometry":{"type":"LineString","coordinates":[[-3.13917,43.20143],[-3.13919,43.20133],[-3.13917,43.20121],[-3.13911,43.20113],[-3.13907,43.20112]]}},{"type":"Feature","properties":{"id":288761381,"highway":"service"},"geometry":{"type":"LineString","coordinates":[[-3.13178,43.20299],[-3.13162,43.20296],[-3.13158,43.20293],[-3.13145,43.20295],[-3.13147,43.20302]]}},{"type":"Feature","properties":{"id":288761382,"highway":"service"},"geometry":{"type":"LineString","coordinates":[[-3.1366,43.20005],[-3.13651,43.20008],[-3.13634,43.20013],[-3.13627,43.20013],[-3.1361,43.2002]]}},{"type":"Feature","properties":{"id":288761383,"highway":"service"},"geometry":{"type":"LineString","coordinates":[[-3.13307,43.20568],[-3.13297,43.20554],[-3.13282,43.20537],[-3.1326,43.2053],[-3.13266,43.20519]]}},{"type":"Feature","properties":{"id":288761384,"highway":"service"},"geometry":{"type":"LineString","coordinates":[[-3.13815,43.20062],[-3.13812,43.20054],[-3.13819,43.20044],[-3.13831,43.20028],[-3.13844,43.19999]]}},{"type":"Feature","properties":{"id":288761385,"highway":"service"},"geometry":{"type":"LineString","coordinates":[[-3.13224,43.20233],[-3.13219,43.20223],[-3.1321,43.20218],[-3.13201,43.20217],[-3.13195,43.20213]]}},{"type":"Feature","properties":{"id":288761386,"highway":"residential"},"geometry":{"type":"LineString","coordinates":[[-3.14225,43.19743],[-3.1423,43.1975],[-3.14229,43.19757],[-3.14219,43.1977],[-3.14189,43.19794],[-3.14164,43.19816],[-3.14151,43.19819]]}},{"type":"Feature","properties":{"id":288761387,"highway":"unclassified","nombre":"Barrio La Peñuela"},"geometry":{"type":"LineString","coordinates":[[-3.13065,43.20443],[-3.13083,43.20433],[-3.13094,43.20423],[-3.13111,43.20403],[-3.13124,43.20387],[-3.13135,43.20376],[-3.13155,43.2037],[-3.13164,43.20366],[-3.13171,43.20363],[-3.13178,43.20349],[-3.13181,43.2034],[-3.13179,43.20326],[-3.13176,43.20315],[-3.13177,43.20304],[-3.13178,43.20299],[-3.1318,43.20291],[-3.13182,43.20285],[-3.13184,43.20278],[-3.13204,43.2026],[-3.13216,43.20246],[-3.13222,43.20235],[-3.13224,43.20233],[-3.13228,43.20231],[-3.13234,43.20216],[-3.13239,43.20208],[-3.13245,43.20204],[-3.13249,43.20203],[-3.13254,43.20202],[-3.13277,43.20202],[-3.13287,43.20202]]}},{"type":"Feature","properties":{"id":288761388,"highway":"service","nombre":"Barrio Ibarra"},"geometry":{"type":"LineString","coordinates":[[-3.14035,43.20352],[-3.14028,43.20365],[-3.14012,43.20384],[-3.1397,43.20404],[-3.13949,43.20419],[-3.13946,43.2043]]}},{"type":"Feature","properties":{"id":288761389,"highway":"service"},"geometry":{"type":"LineString","coordinates":[[-3.13577,43.19836],[-3.13581,43.19843],[-3.13576,43.19852],[-3.13561,43.19872],[-3.13532,43.19895],[-3.13527,43.19898]]}},{"type":"Feature","properties":{"id":288761390,"highway":"service"},"geometry":{"type":"LineString","coordinates":[[-3.13334,43.20193],[-3.13322,43.20193],[-3.13312,43.20199],[-3.13302,43.20203],[-3.13294,43.20204],[-3.13277,43.20202]]}},{"type":"Feature","properties":{"id":288761391,"highway":"service","nombre":"Barrio Gallardi"},"geometry":{"type":"LineString","coordinates":[[-3.13192,43.20581],[-3.13193,43.20573],[-3.13195,43.20563],[-3.13204,43.20553],[-3.13219,43.20548],[-3.13219,43.20542]]}},{"type":"Feature","properties":{"id":288761392,"highway":"service"},"geometry":{"type":"LineString","coordinates":[[-3.13767,43.20589],[-3.13754,43.20589],[-3.13743,43.20585],[-3.13733,43.20577],[-3.13728,43.20569],[-3.13723,43.20557]]}},{"type":"Feature","properties":{"id":288761393,"highway":"service"},"geometry":{"type":"LineString","coordinates":[[-3.13579,43.20634],[-3.13582,43.2063],[-3.13612,43.20623],[-3.13618,43.20607],[-3.13623,43.20592],[-3.1361,43.20582],[-3.13607,43.20559]]}},{"type":"Feature","properties":{"id":288761394,"highway":"service"},"geometry":{"type":"LineString","coordinates":[[-3.13682,43.20523],[-3.13662,43.20532],[-3.13655,43.20539],[-3.1365,43.20546],[-3.13639,43.20549],[-3.13631,43.20551],[-3.13628,43.20559]]}},{"type":"Feature","properties":{"id":288761395,"highway":"service"},"geometry":{"type":"LineString","coordinates":[[-3.13182,43.20285],[-3.13177,43.20284],[-3.13173,43.20275],[-3.13168,43.20265],[-3.13167,43.20256],[-3.1317,43.20249],[-3.13174,43.20243]]}},{"type":"Feature","properties":{"id":288761396,"highway":"service"},"geometry":{"type":"LineString","coordinates":[[-3.12367,43.20504],[-3.12348,43.20502],[-3.1234,43.20496],[-3.12328,43.20482],[-3.12319,43.2047],[-3.12315,43.2046],[-3.12314,43.20441]]}},{"type":"Feature","properties":{"id":288761397,"highway":"unclassified","nombre":"Artzabe auzoa","izena_eu":"Artzabe auzoa","nombre_es":"Barrio Arzabe"},"geometry":{"type":"LineString","coordinates":[[-3.12728,43.20467],[-3.12719,43.20459],[-3.12714,43.20445],[-3.12691,43.20418],[-3.12682,43.20406],[-3.12672,43.20393],[-3.12659,43.20362],[-3.12644,43.20324]]}},{"type":"Feature","properties":{"id":288761398,"highway":"service","nombre":"Barrio San Pantaleón"},"geometry":{"type":"LineString","coordinates":[[-3.1296,43.20447],[-3.12961,43.20441],[-3.12982,43.20426],[-3.13011,43.20411],[-3.13017,43.20396],[-3.13022,43.2038],[-3.13025,43.20377],[-3.13033,43.20376]]}},{"type":"Feature","properties":{"id":288761399,"highway":"service"},"geometry":{"type":"LineString","coordinates":[[-3.12493,43.20405],[-3.12517,43.20402],[-3.1252,43.20408],[-3.12527,43.20407],[-3.12553,43.20393],[-3.12562,43.2039],[-3.1257,43.20391],[-3.12584,43.20396]]}},{"type":"Feature","properties":{"id":288761400,"highway":"service"},"geometry":{"type":"LineString","coordinates":[[-3.14025,43.20345],[-3.14033,43.2033],[-3.14044,43.20313],[-3.14052,43.20295],[-3.14057,43.2028],[-3.14058,43.2027],[-3.14052,43.20265],[-3.1404,43.20262]]}},{"type":"Feature","properties":{"id":288761401,"highway":"service","nombre":"Avenida Labrador"},"geometry":{"type":"LineString","coordinates":[[-3.13539,43.20039],[-3.13529,43.20044],[-3.13518,43.20048],[-3.13507,43.20047],[-3.13494,43.2005],[-3.13482,43.20058],[-3.13477,43.20066],[-3.13471,43.20079],[-3.13472,43.20088]]}},{"type":"Feature","properties":{"id":288761402,"highway":"service","nombre":"Barrio El Llano"},"geometry":{"type":"LineString","coordinates":[[-3.13799,43.19935],[-3.13776,43.19924],[-3.13769,43.19927],[-3.13763,43.19928],[-3.13754,43.19925],[-3.13746,43.19917],[-3.13737,43.19912],[-3.1373,43.19909],[-3.13726,43.19913]]}},{"type":"Feature","properties":{"id":288761403,"highway":"residential","nombre":"Barrio El Campo"},"geometry":{"type":"LineString","coordinates":[[-3.13876,43.20087],[-3.13912,43.20097],[-3.13907,43.20112],[-3.13899,43.20116],[-3.13891,43.20122],[-3.13884,43.20135],[-3.13882,43.20142],[-3.13869,43.20138],[-3.13843,43.20129]]}},{"type":"Feature","properties":{"id":288761404,"highway":"service"},"geometry":{"type":"LineString","coordinates":[[-3.12881,43.20576],[-3.12879,43.20572],[-3.12877,43.20571],[-3.12874,43.2057],[-3.1287,43.20571],[-3.12867,43.20573],[-3.12864,43.20575],[-3.12859,43.20576],[-3.12855,43.20576]]}},{"type":"Feature","properties":{"id":288761405,"highway":"footway"},"geometry":{"type":"LineString","coordinates":[[-3.13503,43.20163],[-3.13511,43.20207],[-3.13517,43.20224],[-3.13526,43.20234],[-3.13555,43.20239],[-3.13596,43.20245],[-3.13616,43.20251],[-3.13647,43.2026],[-3.13678,43.20272]]}},{"type":"Feature","properties":{"id":288763369,"highway":"residential","nombre":"Urbanización Padres Paulinos"},"geometry":{"type":"LineString","coordinates":[[-3.12954,43.20681],[-3.1296,43.20682],[-3.12965,43.20708]]}},{"type":"Feature","properties":{"id":288771913,"highway":"service"},"geometry":{"type":"LineString","coordinates":[[-3.14047,43.19892],[-3.14096,43.19918],[-3.1413,43.19932],[-3.14132,43.19935],[-3.14131,43.19939],[-3.14111,43.19953],[-3.14107,43.19955],[-3.14101,43.19955],[-3.14094,43.19953],[-3.1409,43.19951]]}},{"type":"Feature","properties":{"id":288771914,"highway":"track"},"geometry":{"type":"LineString","coordinates":[[-3.14377,43.1963],[-3.14389,43.19642],[-3.14419,43.19665],[-3.14441,43.1967],[-3.14475,43.19677],[-3.14554,43.19681],[-3.14611,43.19674],[-3.14654,43.19663],[-3.14672,43.19654],[-3.14694,43.19623],[-3.1472,43.19585],[-3.14728,43.19539],[-3.14736,43.19528],[-3.14768,43.19506],[-3.14817,43.19435],[-3.14819,43.19423],[-3.14815,43.19409],[-3.14778,43.1937],[-3.14775,43.19363],[-3.14778,43.19356],[-3.14808,43.19326],[-3.14812,43.19313],[-3.14807,43.19298],[-3.14799,43.19289],[-3.14776,43.19273],[-3.14763,43.19253],[-3.14736,43.19223],[-3.1471,43.19207],[-3.14701,43.19191],[-3.14724,43.19165],[-3.14744,43.1913],[-3.14758,43.19099],[-3.14765,43.19061],[-3.14769,43.19023],[-3.14767,43.18999],[-3.14772,43.18981],[-3.14769,43.18974],[-3.14744,43.18945],[-3.14739,43.18932],[-3.14746,43.18878],[-3.14762,43.18832],[-3.14763,43.18824],[-3.14754,43.18799],[-3.14756,43.18787],[-3.148,43.18736],[-3.14801,43.1873],[-3.14779,43.18692],[-3.14789,43.18649],[-3.14782,43.18637],[-3.14773,43.18631],[-3.14676,43.18607]]}},{"type":"Feature","properties":{"id":288771924,"highway":"track"},"geometry":{"type":"LineString","coordinates":[[-3.17085,43.19716],[-3.17075,43.19726],[-3.17062,43.19741],[-3.1705,43.19748],[-3.17042,43.19749],[-3.17049,43.19759],[-3.17061,43.19766],[-3.17077,43.19769],[-3.17096,43.1977],[-3.17147,43.19772],[-3.17187,43.19771],[-3.17195,43.19774],[-3.17199,43.19779],[-3.172,43.19792],[-3.17205,43.19808],[-3.17214,43.19827],[-3.17229,43.19859]]}},{"type":"Feature","properties":{"id":288771925,"highway":"service"},"geometry":{"type":"LineString","coordinates":[[-3.17103,43.19907],[-3.17131,43.19913],[-3.17149,43.1992],[-3.17162,43.1993],[-3.17176,43.19951],[-3.17196,43.19982],[-3.1721,43.20011],[-3.17218,43.20028],[-3.17218,43.20044],[-3.17218,43.20058],[-3.17224,43.20079],[-3.17225,43.20085],[-3.17227,43.20102],[-3.17227,43.20127],[-3.17226,43.20137],[-3.17224,43.20138]]}},{"type":"Feature","properties":{"id":288771926,"highway":"track"},"geometry":{"type":"LineString","coordinates":[[-3.1745,43.18841],[-3.17401,43.18884],[-3.17404,43.18886],[-3.17415,43.18886],[-3.17443,43.18879],[-3.17462,43.18877],[-3.1746,43.18883],[-3.17442,43.18893],[-3.17405,43.18905],[-3.17399,43.18922],[-3.17405,43.18944],[-3.17414,43.18965],[-3.17431,43.18983],[-3.17489,43.19018],[-3.17534,43.19055],[-3.17564,43.19062],[-3.17578,43.19065],[-3.17584,43.1907],[-3.17585,43.19079],[-3.17576,43.19085],[-3.17552,43.19092],[-3.17523,43.19081],[-3.1742,43.19045],[-3.17357,43.19036],[-3.17318,43.1904],[-3.17262,43.19055],[-3.1724,43.19067],[-3.17225,43.19077],[-3.17216,43.19094],[-3.17215,43.19106],[-3.1722,43.19123],[-3.17221,43.19134],[-3.17217,43.1915],[-3.17209,43.1918],[-3.17207,43.192],[-3.17209,43.19215],[-3.17218,43.1923],[-3.17226,43.19241],[-3.17229,43.19255],[-3.1723,43.19273],[-3.17233,43.19291],[-3.17236,43.19308],[-3.17233,43.19329],[-3.1723,43.19351],[-3.17228,43.1938],[-3.17225,43.19398],[-3.17229,43.19415],[-3.17235,43.19437],[-3.17235,43.19445],[-3.17232,43.1945],[-3.17229,43.19458],[-3.17228,43.19471],[-3.17229,43.19495],[-3.17229,43.19519],[-3.17228,43.19543],[-3.1723,43.19561],[-3.17236,43.19575],[-3.17247,43.19586],[-3.17271,43.19597],[-3.17297,43.19607],[-3.17322,43.19618],[-3.17349,43.19631],[-3.1737,43.19643],[-3.17383,43.19654],[-3.17389,43.19668],[-3.17395,43.19687],[-3.17401,43.19697],[-3.17416,43.19706],[-3.17422,43.19709],[-3.17428,43.19712],[-3.17433,43.19714],[-3.17439,43.19717],[-3.17445,43.19722],[-3.17446,43.19727],[-3.17446,43.19745],[-3.17455,43.19757],[-3.17457,43.19764],[-3.17459,43.19771],[-3.17452,43.19778],[-3.17446,43.19782],[-3.17428,43.19794],[-3.17403,43.19802],[-3.17385,43.19806],[-3.17375,43.19815],[-3.17371,43.19824],[-3.17372,43.19854],[-3.17372,43.19864],[-3.17372,43.19869],[-3.17373,43.19877],[-3.17375,43.19881],[-3.17382,43.19882],[-3.17395,43.19882],[-3.17405,43.19879],[-3.17419,43.19874],[-3.17432,43.19866],[-3.17453,43.19852],[-3.17474,43.19839],[-3.17503,43.19824],[-3.17525,43.19814],[-3.1753,43.19815],[-3.17534,43.19817],[-3.17533,43.19822],[-3.17529,43.19827],[-3.17518,43.19833],[-3.17497,43.19856],[-3.17473,43.19883],[-3.1744,43.19914],[-3.17414,43.19935],[-3.17398,43.19953],[-3.17388,43.19968],[-3.17379,43.19979],[-3.17367,43.19987],[-3.17367,43.19995],[-3.17365,43.20005],[-3.17364,43.20019],[-3.17363,43.20035],[-3.17366,43.20046],[-3.17373,43.20053],[-3.17379,43.20057],[-3.17392,43.20048],[-3.17403,43.2004],[-3.17414,43.2003],[-3.17423,43.20019],[-3.17452,43.19984],[-3.17473,43.1996],[-3.17499,43.19941],[-3.17531,43.19921],[-3.17568,43.19906],[-3.17574,43.19904],[-3.17576,43.19906],[-3.17576,43.19908],[-3.17573,43.19912],[-3.17568,43.19917],[-3.17561,43.19932],[-3.1755,43.19949],[-3.17536,43.19972],[-3.17522,43.19991],[-3.17512,43.2001],[-3.17499,43.20037],[-3.17487,43.2006],[-3.17469,43.20088],[-3.17454,43.20111],[-3.17425,43.20159],[-3.17399,43.20202],[-3.17382,43.20219],[-3.17362,43.20229],[-3.17342,43.20233],[-3.17318,43.20232],[-3.17294,43.20226],[-3.17273,43.20214],[-3.17255,43.20196],[-3.17246,43.20182],[-3.17242,43.2017],[-3.17237,43.20158],[-3.17229,43.20145],[-3.17224,43.20138]]}},{"type":"Feature","properties":{"id":288771930,"highway":"service"},"geometry":{"type":"LineString","coordinates":[[-3.18389,43.19467],[-3.18399,43.19462]]}},{"type":"Feature","properties":{"id":288771931,"highway":"track","nombre":"Barrio Angostura","superficie":"fine_gravel"},"geometry":{"type":"LineString","coordinates":[[-3.14368,43.18064],[-3.1438,43.18055],[-3.1444,43.18047],[-3.14472,43.18039],[-3.14533,43.18021],[-3.14567,43.18008],[-3.14603,43.17988],[-3.14653,43.1797],[-3.14678,43.17966],[-3.14713,43.17951],[-3.1475,43.1793],[-3.1478,43.17889],[-3.14791,43.17879],[-3.14819,43.17864],[-3.14839,43.17848],[-3.14856,43.17835],[-3.14864,43.17824],[-3.14872,43.17815],[-3.14879,43.17814],[-3.14886,43.17815],[-3.14891,43.17816],[-3.14897,43.17822],[-3.14908,43.1784],[-3.14926,43.17903],[-3.14936,43.17922],[-3.14951,43.17937],[-3.14956,43.17944],[-3.14954,43.17953],[-3.14948,43.17967],[-3.14949,43.17981],[-3.14957,43.18031],[-3.14957,43.18062],[-3.14959,43.181],[-3.14962,43.18109],[-3.14968,43.1812],[-3.14979,43.18129],[-3.14992,43.18137],[-3.15007,43.18142],[-3.15029,43.18144],[-3.15051,43.18143],[-3.15086,43.18136],[-3.15103,43.18132],[-3.15108,43.1813],[-3.15192,43.18095],[-3.15244,43.18076],[-3.15273,43.18073],[-3.15297,43.18068],[-3.15329,43.18057],[-3.15349,43.18058],[-3.15359,43.18066],[-3.15364,43.18094],[-3.15356,43.18134],[-3.15344,43.18155],[-3.1532,43.18177],[-3.15305,43.18195],[-3.153,43.18216],[-3.15311,43.18237],[-3.15344,43.18277],[-3.1538,43.18308],[-3.15389,43.18314]]}},{"type":"Feature","properties":{"id":288771932,"highway":"track"},"geometry":{"type":"LineString","coordinates":[[-3.14812,43.19313],[-3.14816,43.19329],[-3.14809,43.19358],[-3.14813,43.19361],[-3.14827,43.19365],[-3.14846,43.19367],[-3.14849,43.19358],[-3.14856,43.19346],[-3.14865,43.19333],[-3.14885,43.19288],[-3.14884,43.19281],[-3.14879,43.19274],[-3.14874,43.19268],[-3.14867,43.19264],[-3.14865,43.19257],[-3.14866,43.19249],[-3.14868,43.19243],[-3.14875,43.1923],[-3.14876,43.19205],[-3.14883,43.19198],[-3.14896,43.19184],[-3.14906,43.19177],[-3.1491,43.1917],[-3.14919,43.19152],[-3.14923,43.19123],[-3.1493,43.19121],[-3.14936,43.19122],[-3.14949,43.19135],[-3.14963,43.19158],[-3.14973,43.19187],[-3.14976,43.19192],[-3.14981,43.19198],[-3.14991,43.19203],[-3.15006,43.19208],[-3.15028,43.19217],[-3.1504,43.19225],[-3.15049,43.19239],[-3.15056,43.1925],[-3.15064,43.19259],[-3.15074,43.19269],[-3.15086,43.19276],[-3.15102,43.19284],[-3.1512,43.19293],[-3.15124,43.19296],[-3.15131,43.19301],[-3.15148,43.19316],[-3.15156,43.19326],[-3.15163,43.19337],[-3.15172,43.19347],[-3.15175,43.1935],[-3.15189,43.19351],[-3.15208,43.19346],[-3.15226,43.19342],[-3.15242,43.19337],[-3.15263,43.19328],[-3.15325,43.19303],[-3.15378,43.19278],[-3.15404,43.19269],[-3.15432,43.1926],[-3.1546,43.19246],[-3.1549,43.19225],[-3.15503,43.19212],[-3.15524,43.19197],[-3.15559,43.19176],[-3.15577,43.19161],[-3.15589,43.1914],[-3.15596,43.1912],[-3.1561,43.1909],[-3.15615,43.1908],[-3.15621,43.19047],[-3.15622,43.19033],[-3.15621,43.19016],[-3.15626,43.19005],[-3.15635,43.18985],[-3.15639,43.18965],[-3.15641,43.18956],[-3.15637,43.1891],[-3.1564,43.18902],[-3.15647,43.18898],[-3.15656,43.18899],[-3.15664,43.18903],[-3.15669,43.18913]]}},{"type":"Feature","properties":{"id":288771933,"highway":"track"},"geometry":{"type":"LineString","coordinates":[[-3.18079,43.19363],[-3.18083,43.1935],[-3.18103,43.19334],[-3.18118,43.19324],[-3.18132,43.19318],[-3.18146,43.19314],[-3.18151,43.19309],[-3.18155,43.19302],[-3.18158,43.1929],[-3.18159,43.19282],[-3.18158,43.19272],[-3.18157,43.19265],[-3.18159,43.19256],[-3.18161,43.19242],[-3.18165,43.1922],[-3.18168,43.19211],[-3.1817,43.192],[-3.18171,43.19187],[-3.18173,43.19174],[-3.18176,43.19162],[-3.18176,43.19142],[-3.18175,43.1913]]}},{"type":"Feature","properties":{"id":288771937,"highway":"unclassified","nombre":"Barrio El Nocedal","oneway":"no","superficie":"asphalt"},"geometry":{"type":"LineString","coordinates":[[-3.18399,43.19724],[-3.18385,43.1972],[-3.18374,43.19717],[-3.18372,43.19704],[-3.18373,43.19692],[-3.18378,43.19625],[-3.1838,43.19611],[-3.18384,43.19599],[-3.18392,43.19591],[-3.18405,43.1958],[-3.18414,43.19574],[-3.18423,43.19565],[-3.18429,43.19556],[-3.1844,43.19537],[-3.18453,43.19517],[-3.1846,43.19504],[-3.18465,43.19491],[-3.18468,43.19478],[-3.18471,43.19465],[-3.18473,43.19451],[-3.18472,43.19442],[-3.18471,43.19434],[-3.18469,43.19424],[-3.18465,43.19411],[-3.1846,43.19405],[-3.18457,43.19398],[-3.18452,43.1939],[-3.1845,43.19384],[-3.1845,43.19377],[-3.18451,43.1937],[-3.18455,43.19357],[-3.18464,43.19331],[-3.18463,43.19321],[-3.18459,43.19303],[-3.1845,43.19281],[-3.18447,43.19273],[-3.18443,43.19257],[-3.18442,43.19236],[-3.18437,43.1922],[-3.18426,43.19191],[-3.18421,43.19181],[-3.18412,43.19159],[-3.18401,43.19141],[-3.1839,43.19126],[-3.1838,43.19117],[-3.18368,43.19111],[-3.18359,43.19107],[-3.18347,43.19099],[-3.18323,43.19085],[-3.18315,43.19078],[-3.18303,43.19062],[-3.18282,43.19045],[-3.18266,43.19034],[-3.1824,43.19013],[-3.18218,43.18996],[-3.18201,43.18984],[-3.18166,43.18962],[-3.18157,43.18956]]}},{"type":"Feature","properties":{"id":288771938,"highway":"residential"},"geometry":{"type":"LineString","coordinates":[[-3.14186,43.19766],[-3.1418,43.19755],[-3.14181,43.19738],[-3.14189,43.19725]]}},{"type":"Feature","properties":{"id":288771940,"highway":"service"},"geometry":{"type":"LineString","coordinates":[[-3.184,43.1944],[-3.18396,43.19449],[-3.18395,43.19458],[-3.18399,43.19462],[-3.18405,43.19466],[-3.18413,43.19467],[-3.18418,43.19469]]}},{"type":"Feature","properties":{"id":288771942,"highway":"track"},"geometry":{"type":"LineString","coordinates":[[-3.16273,43.20099],[-3.16286,43.20088],[-3.16301,43.20071],[-3.16307,43.20057],[-3.16308,43.20036],[-3.16308,43.2002],[-3.16322,43.19976],[-3.1634,43.19952],[-3.16399,43.19897],[-3.16447,43.19861],[-3.16491,43.19836],[-3.16543,43.19815],[-3.16589,43.19787],[-3.16623,43.19765],[-3.16648,43.19744],[-3.16655,43.19729],[-3.1666,43.1971],[-3.16681,43.19682],[-3.16708,43.1964],[-3.16706,43.19586],[-3.16704,43.19543],[-3.16699,43.19481],[-3.16697,43.19451],[-3.16702,43.19436],[-3.16711,43.1938],[-3.16693,43.19338],[-3.16692,43.19327],[-3.16698,43.19314],[-3.16712,43.19292],[-3.16715,43.19277],[-3.16716,43.1926],[-3.16711,43.19245],[-3.16703,43.19232],[-3.16702,43.19224],[-3.16699,43.19217],[-3.16702,43.19208],[-3.16709,43.192],[-3.16722,43.19193],[-3.16725,43.1919]]}},{"type":"Feature","properties":{"id":288771943,"highway":"service"},"geometry":{"type":"LineString","coordinates":[[-3.1846,43.19405],[-3.18453,43.19415],[-3.18447,43.19435],[-3.18442,43.19449],[-3.18437,43.19456],[-3.18432,43.19461],[-3.18425,43.19466],[-3.18418,43.19469],[-3.18412,43.19475],[-3.18388,43.19486],[-3.1837,43.19494],[-3.18358,43.19498],[-3.18354,43.19496],[-3.18352,43.19493],[-3.18354,43.19484],[-3.18357,43.19475]]}},{"type":"Feature","properties":{"id":288799934,"highway":"primary","nombre":"Kadaguako igarobidea","izena_eu":"Kadaguako igarobidea","nombre_es":"Corredor del Cadagua","oneway":"no","puente":"yes","superficie":"asphalt"},"geometry":{"type":"LineString","coordinates":[[-3.17129,43.20245],[-3.17107,43.2023]]}},{"type":"Feature","properties":{"id":288799937,"highway":"primary","nombre":"Kadaguako igarobidea","izena_eu":"Kadaguako igarobidea","nombre_es":"Corredor del Cadagua","oneway":"no","superficie":"asphalt"},"geometry":{"type":"LineString","coordinates":[[-3.17107,43.2023],[-3.17073,43.202],[-3.17043,43.20175],[-3.17004,43.20145],[-3.16975,43.20129],[-3.16946,43.20116],[-3.16905,43.20102],[-3.16882,43.20098],[-3.16854,43.20093],[-3.16826,43.2009],[-3.16803,43.20089],[-3.16781,43.20089],[-3.16753,43.20092],[-3.16732,43.20095],[-3.16709,43.20099],[-3.16688,43.20104],[-3.1667,43.2011],[-3.16652,43.20117],[-3.1663,43.20127],[-3.16607,43.20139],[-3.1658,43.20155],[-3.16519,43.20198],[-3.16479,43.20225],[-3.16456,43.20238],[-3.16425,43.20252],[-3.16398,43.20262],[-3.16372,43.20269],[-3.16341,43.20275],[-3.16311,43.20279],[-3.16279,43.20281],[-3.16255,43.20281],[-3.16232,43.2028],[-3.16201,43.20276],[-3.16176,43.20271],[-3.16154,43.20266],[-3.16131,43.20259],[-3.16112,43.20251],[-3.16088,43.2024],[-3.16063,43.20226],[-3.16045,43.20214],[-3.16025,43.20198],[-3.16007,43.20182],[-3.15994,43.20167],[-3.15982,43.2015],[-3.15973,43.20134],[-3.15963,43.20114],[-3.15958,43.20101],[-3.15954,43.20083],[-3.15949,43.20054],[-3.15944,43.19972],[-3.15943,43.19956],[-3.1594,43.19942],[-3.15935,43.19923],[-3.15929,43.1991],[-3.15919,43.19891],[-3.15907,43.19872],[-3.15892,43.19854],[-3.15875,43.19838],[-3.15855,43.19821],[-3.1583,43.19805],[-3.15804,43.1979],[-3.15774,43.19778],[-3.15739,43.19767],[-3.15705,43.19759],[-3.15672,43.19752],[-3.15635,43.19746],[-3.15605,43.19744],[-3.15578,43.19742],[-3.15543,43.19743],[-3.15515,43.19744],[-3.15477,43.19747],[-3.15445,43.19752],[-3.15415,43.19758],[-3.15387,43.19765],[-3.15363,43.19772],[-3.15328,43.19782]]}},{"type":"Feature","properties":{"id":288799941,"highway":"service"},"geometry":{"type":"LineString","coordinates":[[-3.18469,43.20075],[-3.18466,43.20071],[-3.1845,43.20064],[-3.18441,43.20062]]}},{"type":"Feature","properties":{"id":288799942,"highway":"service"},"geometry":{"type":"LineString","coordinates":[[-3.1751,43.21713],[-3.17501,43.21712],[-3.17492,43.21709],[-3.1749,43.21697],[-3.1749,43.21686],[-3.17479,43.21682],[-3.17464,43.21688],[-3.17453,43.2169]]}},{"type":"Feature","properties":{"id":288799943,"highway":"service","nombre":"Barrio La Calzadilla"},"geometry":{"type":"LineString","coordinates":[[-3.17316,43.21772],[-3.17329,43.21773],[-3.17384,43.21783],[-3.17406,43.21792],[-3.1743,43.21799],[-3.17452,43.21809],[-3.17481,43.2183]]}},{"type":"Feature","properties":{"id":288799944,"highway":"service"},"geometry":{"type":"LineString","coordinates":[[-3.17092,43.2069],[-3.17121,43.20682],[-3.17136,43.2068],[-3.17148,43.20677],[-3.17154,43.20668],[-3.17157,43.20664],[-3.17159,43.2064],[-3.17163,43.20633],[-3.17173,43.20623],[-3.17188,43.20616],[-3.1721,43.20609],[-3.17217,43.20606],[-3.1722,43.20601]]}},{"type":"Feature","properties":{"id":288799945,"highway":"residential","nombre":"Barrio La Presa"},"geometry":{"type":"LineString","coordinates":[[-3.14213,43.20627],[-3.14198,43.20619],[-3.14185,43.20611],[-3.14179,43.20608],[-3.14175,43.20608],[-3.14171,43.20611],[-3.14159,43.20625],[-3.14161,43.20627],[-3.1417,43.20631],[-3.14176,43.20634],[-3.14188,43.20634],[-3.14201,43.20633],[-3.14211,43.20634]]}},{"type":"Feature","properties":{"id":288799946,"highway":"service","nombre":"Barrio Basoaga"},"geometry":{"type":"LineString","coordinates":[[-3.17537,43.21124],[-3.17521,43.2113],[-3.17493,43.21133],[-3.17468,43.21132],[-3.17436,43.21129],[-3.17419,43.21123],[-3.17388,43.21115],[-3.17381,43.21115],[-3.17376,43.21116]]}},{"type":"Feature","properties":{"id":288799947,"highway":"residential","nombre":"Barrio Ibarra"},"geometry":{"type":"LineString","coordinates":[[-3.14131,43.205],[-3.14118,43.2051],[-3.14104,43.20515],[-3.14066,43.20521],[-3.14049,43.20525],[-3.14043,43.20526],[-3.14031,43.20527],[-3.14001,43.20541],[-3.13956,43.20559],[-3.13908,43.20578],[-3.13879,43.20592],[-3.13859,43.20603],[-3.13851,43.20609]]}},{"type":"Feature","properties":{"id":288799948,"highway":"track"},"geometry":{"type":"LineString","coordinates":[[-3.17377,43.21566],[-3.17352,43.21541],[-3.17327,43.21514],[-3.17321,43.21499],[-3.17317,43.21488],[-3.17319,43.21475],[-3.17329,43.21464],[-3.17352,43.21454],[-3.17364,43.21445],[-3.17381,43.21425],[-3.17392,43.21414],[-3.17397,43.21407],[-3.17404,43.21392],[-3.17413,43.2137],[-3.17422,43.21347],[-3.17439,43.21324]]}},{"type":"Feature","properties":{"id":288799949,"highway":"track"},"geometry":{"type":"LineString","coordinates":[[-3.16726,43.218],[-3.16742,43.218],[-3.16753,43.21797],[-3.16765,43.21795],[-3.16775,43.21796],[-3.16788,43.21802],[-3.16811,43.21811],[-3.16828,43.21817],[-3.16844,43.2182],[-3.16881,43.21827],[-3.16896,43.2183],[-3.16919,43.21828],[-3.1694,43.21831],[-3.16954,43.21838]]}},{"type":"Feature","properties":{"id":288799950,"highway":"track"},"geometry":{"type":"LineString","coordinates":[[-3.16516,43.18688],[-3.16528,43.1869],[-3.16536,43.18686],[-3.16539,43.18682],[-3.16534,43.18677],[-3.16511,43.18664],[-3.16502,43.18654],[-3.16496,43.18651],[-3.16486,43.1865],[-3.16476,43.18643],[-3.16469,43.18633],[-3.16462,43.18625],[-3.16451,43.18619],[-3.16443,43.18613],[-3.16436,43.18607]]}},{"type":"Feature","properties":{"id":288799951,"highway":"service"},"geometry":{"type":"LineString","coordinates":[[-3.17272,43.21562],[-3.17287,43.21566],[-3.17295,43.21568],[-3.17319,43.21585],[-3.17327,43.21595],[-3.1732,43.21605],[-3.17289,43.21623],[-3.17279,43.21625],[-3.17272,43.2162],[-3.17266,43.2161],[-3.1726,43.21595],[-3.17256,43.21581],[-3.1726,43.21575],[-3.17265,43.21567],[-3.17266,43.21563]]}},{"type":"Feature","properties":{"id":288799952,"highway":"track","nombre":"Carretera del Aeródromo de Zalla-Forestal"},"geometry":{"type":"LineString","coordinates":[[-3.12175,43.18812],[-3.1218,43.18816],[-3.12182,43.18824],[-3.1218,43.18835],[-3.12171,43.18853],[-3.12166,43.18871],[-3.12164,43.18876],[-3.12163,43.18885],[-3.12165,43.18895],[-3.1217,43.18907],[-3.12182,43.18923],[-3.1219,43.18936],[-3.12213,43.18963],[-3.12233,43.18983],[-3.12239,43.18988],[-3.12248,43.18995],[-3.12279,43.1902],[-3.12287,43.19022],[-3.12291,43.19017],[-3.12281,43.19004],[-3.12264,43.18974],[-3.12258,43.18956],[-3.12257,43.18951],[-3.1226,43.18948],[-3.12268,43.18946],[-3.12273,43.18946],[-3.12276,43.18951],[-3.12282,43.18964],[-3.12287,43.1897],[-3.12294,43.18978],[-3.12311,43.18987],[-3.12326,43.18993],[-3.12352,43.19005],[-3.12378,43.19016],[-3.12418,43.1904],[-3.1256,43.19117],[-3.12589,43.1913],[-3.12606,43.19144],[-3.1261,43.19149],[-3.12612,43.19158],[-3.12578,43.19242],[-3.12566,43.1925],[-3.12552,43.19258],[-3.12561,43.19263],[-3.12571,43.19261],[-3.12597,43.19258],[-3.12612,43.19255],[-3.12623,43.19249],[-3.12653,43.19213],[-3.12682,43.19176],[-3.12703,43.19155],[-3.1271,43.19146],[-3.12712,43.19136],[-3.12711,43.19128],[-3.12706,43.1912],[-3.12652,43.19076],[-3.12626,43.19056],[-3.12624,43.19051],[-3.12628,43.19045],[-3.12634,43.19045],[-3.12643,43.19049],[-3.12655,43.19057],[-3.12686,43.19072],[-3.12752,43.191],[-3.12772,43.19111],[-3.12784,43.1912],[-3.12788,43.19128],[-3.12789,43.19133],[-3.12799,43.19168],[-3.12804,43.19178],[-3.12806,43.1919],[-3.1281,43.19188],[-3.12814,43.19174],[-3.1281,43.19154],[-3.12811,43.19148],[-3.12817,43.19137],[-3.12818,43.19126],[-3.12813,43.19118],[-3.12799,43.19104],[-3.12772,43.19084],[-3.12769,43.19076],[-3.12775,43.19075],[-3.12786,43.19076],[-3.12822,43.19103],[-3.12859,43.19129],[-3.12869,43.1914],[-3.12884,43.19156],[-3.12889,43.19155],[-3.12895,43.19146],[-3.12903,43.19143],[-3.12909,43.19143],[-3.12921,43.19144],[-3.12931,43.19149],[-3.12953,43.1916],[-3.12977,43.19169],[-3.12982,43.19174],[-3.12989,43.19179],[-3.12996,43.19176],[-3.12998,43.19172],[-3.12996,43.19167],[-3.12989,43.19158],[-3.1299,43.19156],[-3.12995,43.19154],[-3.13003,43.19156],[-3.13025,43.19165],[-3.13042,43.19167],[-3.13077,43.1917],[-3.13139,43.19169],[-3.1315,43.19171],[-3.13162,43.19174],[-3.13172,43.19178],[-3.13178,43.19183],[-3.13179,43.19188],[-3.13177,43.19193],[-3.13173,43.19197],[-3.13157,43.19206],[-3.13112,43.19228],[-3.13101,43.1923],[-3.13078,43.19233],[-3.1307,43.19235],[-3.13065,43.19241],[-3.13065,43.19249],[-3.13068,43.19263],[-3.1307,43.1927],[-3.13073,43.19276],[-3.13077,43.19281],[-3.13097,43.19292],[-3.13124,43.19305],[-3.13151,43.19318],[-3.13191,43.19331],[-3.13236,43.1935],[-3.13256,43.19361],[-3.13292,43.19377],[-3.13349,43.19414],[-3.13367,43.19428],[-3.13375,43.1944],[-3.13377,43.19448],[-3.13382,43.19467],[-3.13382,43.19482],[-3.13378,43.1949],[-3.13371,43.19496],[-3.13355,43.19504],[-3.13349,43.19509],[-3.13345,43.19514],[-3.13344,43.19519],[-3.13346,43.19525],[-3.13354,43.19532],[-3.13369,43.1954],[-3.13383,43.19546],[-3.13386,43.1955],[-3.1339,43.19556],[-3.13394,43.19569],[-3.13399,43.19578],[-3.13407,43.19586],[-3.13416,43.1959],[-3.13429,43.19597],[-3.13444,43.19608],[-3.13452,43.19617],[-3.13461,43.19627],[-3.13469,43.19637],[-3.1347,43.19647],[-3.13469,43.19651],[-3.13469,43.19659],[-3.13475,43.19659],[-3.1348,43.1965],[-3.13483,43.19637],[-3.1348,43.19622],[-3.13473,43.19609],[-3.13461,43.19593],[-3.13453,43.19583],[-3.13448,43.19571],[-3.13448,43.19561],[-3.13462,43.19554],[-3.1349,43.19543]]}},{"type":"Feature","properties":{"id":288799953,"highway":"track"},"geometry":{"type":"LineString","coordinates":[[-3.18373,43.19692],[-3.18355,43.19694],[-3.18302,43.19703],[-3.18253,43.19713],[-3.18224,43.19719],[-3.18201,43.19723],[-3.18179,43.19727],[-3.18044,43.19758],[-3.18015,43.1977],[-3.17986,43.19788],[-3.17969,43.198],[-3.17953,43.19815],[-3.1792,43.19854],[-3.17906,43.19871],[-3.17894,43.19889],[-3.17889,43.19894],[-3.17884,43.19894],[-3.17877,43.19891],[-3.17875,43.19884],[-3.17869,43.19872]]}},{"type":"Feature","properties":{"id":288799954,"highway":"track"},"geometry":{"type":"LineString","coordinates":[[-3.13895,43.21071],[-3.13891,43.2107],[-3.13884,43.21067],[-3.13875,43.21065],[-3.13855,43.2107],[-3.13833,43.21076],[-3.13813,43.21083],[-3.1378,43.21096],[-3.13769,43.21099],[-3.13748,43.21105],[-3.13725,43.21113],[-3.13706,43.21122],[-3.13696,43.2113],[-3.13675,43.21151],[-3.13655,43.21166],[-3.13628,43.21193]]}},{"type":"Feature","properties":{"id":288799955,"highway":"track"},"geometry":{"type":"LineString","coordinates":[[-3.16456,43.18693],[-3.16449,43.18731],[-3.16437,43.18764],[-3.16426,43.18809],[-3.16427,43.18815],[-3.16441,43.18823],[-3.16459,43.18832],[-3.16461,43.18837],[-3.16463,43.18841],[-3.16467,43.18847],[-3.16488,43.18858]]}},{"type":"Feature","properties":{"id":288799956,"highway":"service"},"geometry":{"type":"LineString","coordinates":[[-3.18398,43.19356],[-3.18399,43.19348]]}},{"type":"Feature","properties":{"id":288799957,"highway":"service"},"geometry":{"type":"LineString","coordinates":[[-3.13872,43.2082],[-3.13834,43.20785]]}},{"type":"Feature","properties":{"id":288799958,"highway":"service"},"geometry":{"type":"LineString","coordinates":[[-3.16502,43.1888],[-3.16488,43.18858]]}},{"type":"Feature","properties":{"id":288799960,"highway":"service"},"geometry":{"type":"LineString","coordinates":[[-3.17291,43.21589],[-3.17274,43.21568]]}},{"type":"Feature","properties":{"id":288799961,"highway":"service"},"geometry":{"type":"LineString","coordinates":[[-3.17478,43.21091],[-3.17504,43.21113]]}},{"type":"Feature","properties":{"id":288799965,"highway":"track"},"geometry":{"type":"LineString","coordinates":[[-3.17001,43.18663],[-3.16963,43.18671],[-3.16923,43.18679],[-3.16901,43.18687],[-3.16851,43.18712],[-3.16802,43.18726],[-3.16731,43.18747],[-3.16719,43.18744],[-3.16698,43.18743],[-3.16681,43.18739],[-3.16664,43.18739],[-3.1665,43.18743],[-3.16639,43.18741],[-3.1662,43.18739],[-3.16594,43.18742],[-3.16575,43.18743],[-3.16505,43.18727],[-3.16483,43.18716],[-3.1646,43.18696],[-3.16456,43.18693]]}},{"type":"Feature","properties":{"id":288799968,"highway":"service","nombre":"Barrio La Herrera-Ijalde"},"geometry":{"type":"LineString","coordinates":[[-3.16607,43.20774],[-3.16601,43.20776],[-3.1659,43.20775],[-3.1658,43.20768],[-3.16497,43.20715],[-3.16479,43.20701],[-3.16468,43.20687],[-3.1645,43.20671],[-3.1643,43.20656],[-3.16407,43.20633],[-3.164,43.20617],[-3.16393,43.20606],[-3.16388,43.20604],[-3.16379,43.20597],[-3.16369,43.20581],[-3.16367,43.20561],[-3.16358,43.20546],[-3.16356,43.20536],[-3.16348,43.20526],[-3.16326,43.20514],[-3.16314,43.20508],[-3.16298,43.20505],[-3.16288,43.205]]}},{"type":"Feature","properties":{"id":288799971,"highway":"residential","nombre":"Barrio Terreros","puente":"yes","superficie":"metal"},"geometry":{"type":"LineString","coordinates":[[-3.17008,43.20587],[-3.17054,43.20569]]}},{"type":"Feature","properties":{"id":288799974,"highway":"residential","nombre":"Barrio Basoaga"},"geometry":{"type":"LineString","coordinates":[[-3.17616,43.21174],[-3.17597,43.2116],[-3.17557,43.21139],[-3.17543,43.21132],[-3.17537,43.21124],[-3.17532,43.21118],[-3.17526,43.21115],[-3.17497,43.21096],[-3.17485,43.21078],[-3.17465,43.21049],[-3.1744,43.21003],[-3.17421,43.20971],[-3.1741,43.2096],[-3.17401,43.20955],[-3.17357,43.20961],[-3.17339,43.20954],[-3.17289,43.20929],[-3.1724,43.2091],[-3.17218,43.20908],[-3.17212,43.20899],[-3.17227,43.20887],[-3.17268,43.20872],[-3.17294,43.20851]]}},{"type":"Feature","properties":{"id":288799977,"highway":"service"},"geometry":{"type":"LineString","coordinates":[[-3.17572,43.21222],[-3.1758,43.21193],[-3.17557,43.21139]]}},{"type":"Feature","properties":{"id":288799978,"highway":"service"},"geometry":{"type":"LineString","coordinates":[[-3.13909,43.20668],[-3.13886,43.20632],[-3.13859,43.20603]]}},{"type":"Feature","properties":{"id":288799984,"highway":"service"},"geometry":{"type":"LineString","coordinates":[[-3.17531,43.21152],[-3.17536,43.21142],[-3.17543,43.21132]]}},{"type":"Feature","properties":{"id":288799985,"highway":"service"},"geometry":{"type":"LineString","coordinates":[[-3.13644,43.20352],[-3.13607,43.20333],[-3.13597,43.20326]]}},{"type":"Feature","properties":{"id":288799987,"highway":"service"},"geometry":{"type":"LineString","coordinates":[[-3.13893,43.20624],[-3.13895,43.20612],[-3.13879,43.20592]]}},{"type":"Feature","properties":{"id":288799989,"highway":"track"},"geometry":{"type":"LineString","coordinates":[[-3.17206,43.21567],[-3.17224,43.21586],[-3.17244,43.21616],[-3.1726,43.21648]]}},{"type":"Feature","properties":{"id":288799990,"highway":"residential","nombre":"Avenida Lehendakari José Antonio Agirre","superficie":"concrete"},"geometry":{"type":"LineString","coordinates":[[-3.13953,43.21083],[-3.13931,43.21079],[-3.13895,43.21071]]}},{"type":"Feature","properties":{"id":288799993,"highway":"service"},"geometry":{"type":"LineString","coordinates":[[-3.16504,43.18849],[-3.1648,43.18839],[-3.16461,43.18837]]}},{"type":"Feature","properties":{"id":288799995,"highway":"service"},"geometry":{"type":"LineString","coordinates":[[-3.18481,43.20063],[-3.18483,43.20074]]}},{"type":"Feature","properties":{"id":288799996,"highway":"service"},"geometry":{"type":"LineString","coordinates":[[-3.17287,43.21566],[-3.17274,43.21568],[-3.1726,43.21575]]}},{"type":"Feature","properties":{"id":288799999,"highway":"service"},"geometry":{"type":"LineString","coordinates":[[-3.16419,43.18876],[-3.16456,43.18859],[-3.16467,43.18847]]}},{"type":"Feature","properties":{"id":288800001,"highway":"service"},"geometry":{"type":"LineString","coordinates":[[-3.16693,43.2163],[-3.16711,43.21592],[-3.16717,43.21586],[-3.16726,43.21584],[-3.16738,43.21584],[-3.16743,43.21583],[-3.16764,43.21579],[-3.16807,43.21568],[-3.16825,43.21567],[-3.16851,43.2157],[-3.1688,43.21575],[-3.16895,43.21577],[-3.16917,43.21576],[-3.16934,43.21574],[-3.16951,43.21574],[-3.16967,43.21577],[-3.16981,43.21575],[-3.17014,43.21571],[-3.17087,43.21561],[-3.17163,43.21563],[-3.17198,43.21567],[-3.17206,43.21567],[-3.1726,43.21563],[-3.17266,43.21563],[-3.17272,43.21562],[-3.17298,43.21559],[-3.17334,43.21558],[-3.17354,43.2156],[-3.17377,43.21566]]}},{"type":"Feature","properties":{"id":288800005,"highway":"track","nombre":"Carretera del Aeródromo de Zalla-Forestal","superficie":"fine_gravel"},"geometry":{"type":"LineString","coordinates":[[-3.12124,43.18669],[-3.12108,43.18699],[-3.1209,43.18724],[-3.12065,43.18749],[-3.12061,43.18759],[-3.1206,43.18769],[-3.12062,43.18782],[-3.1207,43.18808],[-3.12081,43.18835],[-3.12095,43.18866],[-3.12099,43.18872],[-3.12106,43.18875],[-3.12115,43.18874],[-3.12122,43.18869],[-3.12146,43.18841],[-3.12164,43.18821],[-3.12175,43.18812],[-3.12193,43.18799],[-3.12203,43.18794],[-3.12223,43.18786],[-3.12241,43.18781],[-3.12263,43.18777],[-3.12293,43.18776],[-3.12373,43.18783],[-3.12401,43.18784],[-3.12434,43.18779],[-3.12506,43.18768],[-3.12517,43.18763],[-3.12521,43.18757],[-3.12522,43.18749],[-3.125,43.1871],[-3.1246,43.18674],[-3.12434,43.18646],[-3.12417,43.18632],[-3.12405,43.1862],[-3.12403,43.18603],[-3.12414,43.18586],[-3.12412,43.18575],[-3.12404,43.18564],[-3.12374,43.18532],[-3.12348,43.1851],[-3.12327,43.18493]]}},{"type":"Feature","properties":{"id":288800009,"highway":"track"},"geometry":{"type":"LineString","coordinates":[[-3.13538,43.20996],[-3.13553,43.20951],[-3.13555,43.20937],[-3.13553,43.20931]]}},{"type":"Feature","properties":{"id":288800011,"highway":"service"},"geometry":{"type":"LineString","coordinates":[[-3.13633,43.20077],[-3.13632,43.20072],[-3.13632,43.20066],[-3.13624,43.20062]]}},{"type":"Feature","properties":{"id":288800013,"highway":"service"},"geometry":{"type":"LineString","coordinates":[[-3.13418,43.20223],[-3.13413,43.20223],[-3.13384,43.2021],[-3.13384,43.202]]}},{"type":"Feature","properties":{"id":288800014,"highway":"track"},"geometry":{"type":"LineString","coordinates":[[-3.13461,43.20926],[-3.13436,43.20918],[-3.13443,43.20901],[-3.1342,43.2089]]}},{"type":"Feature","properties":{"id":288800015,"highway":"service"},"geometry":{"type":"LineString","coordinates":[[-3.1655,43.18861],[-3.16531,43.18869],[-3.16519,43.18869],[-3.16488,43.18858]]}},{"type":"Feature","properties":{"id":288800016,"highway":"service"},"geometry":{"type":"LineString","coordinates":[[-3.17419,43.21945],[-3.17411,43.21945],[-3.17404,43.21943],[-3.17398,43.21937]]}},{"type":"Feature","properties":{"id":288800017,"highway":"service"},"geometry":{"type":"LineString","coordinates":[[-3.17585,43.21624],[-3.17581,43.21622],[-3.1755,43.21596]]}},{"type":"Feature","properties":{"id":288800018,"highway":"service"},"geometry":{"type":"LineString","coordinates":[[-3.13338,43.20295],[-3.13354,43.20285],[-3.13374,43.20287],[-3.13384,43.20282],[-3.13387,43.20274]]}},{"type":"Feature","properties":{"id":288800019,"highway":"service","nombre":"Barrio Bolumburu"},"geometry":{"type":"LineString","coordinates":[[-3.15518,43.19928],[-3.15513,43.1993],[-3.15502,43.19926],[-3.15488,43.19911],[-3.15472,43.199]]}},{"type":"Feature","properties":{"id":288800021,"highway":"service"},"geometry":{"type":"LineString","coordinates":[[-3.13402,43.20275],[-3.13387,43.20274],[-3.13362,43.20274],[-3.13348,43.20271],[-3.13333,43.2026]]}},{"type":"Feature","properties":{"id":288800022,"highway":"service","superficie":"asphalt"},"geometry":{"type":"LineString","coordinates":[[-3.18238,43.19743],[-3.1825,43.19761],[-3.18256,43.19776],[-3.18246,43.19782],[-3.18239,43.1979]]}},{"type":"Feature","properties":{"id":288800023,"highway":"track"},"geometry":{"type":"LineString","coordinates":[[-3.15718,43.18476],[-3.15707,43.18463],[-3.15711,43.18446],[-3.15719,43.18421],[-3.15732,43.184]]}},{"type":"Feature","properties":{"id":288800024,"highway":"service"},"geometry":{"type":"LineString","coordinates":[[-3.18385,43.1972],[-3.18372,43.1974],[-3.1835,43.19745],[-3.18324,43.19746],[-3.18326,43.19729]]}},{"type":"Feature","properties":{"id":288800025,"highway":"service"},"geometry":{"type":"LineString","coordinates":[[-3.13469,43.20216],[-3.13464,43.20219],[-3.13456,43.20219],[-3.13442,43.20212],[-3.13436,43.20207]]}},{"type":"Feature","properties":{"id":288800026,"highway":"service"},"geometry":{"type":"LineString","coordinates":[[-3.14085,43.20561],[-3.1406,43.20564],[-3.14054,43.20562],[-3.1405,43.20553],[-3.14043,43.20526]]}},{"type":"Feature","properties":{"id":288800027,"highway":"service"},"geometry":{"type":"LineString","coordinates":[[-3.16979,43.20368],[-3.16989,43.20384],[-3.16994,43.20395],[-3.16994,43.20412],[-3.16965,43.20416]]}},{"type":"Feature","properties":{"id":288800028,"highway":"unclassified","nombre":"Carretera del Aeródromo de Zalla-Forestal","superficie":"fine_gravel"},"geometry":{"type":"LineString","coordinates":[[-3.12868,43.18118],[-3.12869,43.1812]]}},{"type":"Feature","properties":{"id":288800029,"highway":"track"},"geometry":{"type":"LineString","coordinates":[[-3.13663,43.1998],[-3.13624,43.19965],[-3.13589,43.19947],[-3.13557,43.19929],[-3.13542,43.19921],[-3.13541,43.1992]]}},{"type":"Feature","properties":{"id":288800030,"highway":"service"},"geometry":{"type":"LineString","coordinates":[[-3.13349,43.20841],[-3.13344,43.20846],[-3.13336,43.20845],[-3.13328,43.20843],[-3.1332,43.20843],[-3.13312,43.20846]]}},{"type":"Feature","properties":{"id":288800031,"highway":"track"},"geometry":{"type":"LineString","coordinates":[[-3.18378,43.19625],[-3.18363,43.19617],[-3.18333,43.19612],[-3.18302,43.19614],[-3.18284,43.1962],[-3.18255,43.19631]]}},{"type":"Feature","properties":{"id":288800033,"highway":"service"},"geometry":{"type":"LineString","coordinates":[[-3.17191,43.20659],[-3.17187,43.20671],[-3.17181,43.20674],[-3.1717,43.20678],[-3.17157,43.20678],[-3.17153,43.20674],[-3.17154,43.20668]]}},{"type":"Feature","properties":{"id":288800034,"highway":"service"},"geometry":{"type":"LineString","coordinates":[[-3.13963,43.20629],[-3.13951,43.20615],[-3.13937,43.2061],[-3.13919,43.20613],[-3.13909,43.20606],[-3.13901,43.20597],[-3.13908,43.20578]]}},{"type":"Feature","properties":{"id":288800035,"highway":"service"},"geometry":{"type":"LineString","coordinates":[[-3.17456,43.21061],[-3.1744,43.21072],[-3.1744,43.21087],[-3.17459,43.21102],[-3.17487,43.21113],[-3.17504,43.21113],[-3.17526,43.21115]]}},{"type":"Feature","properties":{"id":288800036,"highway":"track"},"geometry":{"type":"LineString","coordinates":[[-3.13712,43.20848],[-3.13683,43.20821],[-3.13664,43.208],[-3.13644,43.20783],[-3.13635,43.2078],[-3.13629,43.20779],[-3.13621,43.20789]]}},{"type":"Feature","properties":{"id":288800037,"highway":"service","nombre":"Barrio Bolumburu"},"geometry":{"type":"LineString","coordinates":[[-3.15758,43.19867],[-3.15736,43.19879],[-3.15677,43.19883],[-3.15657,43.19881],[-3.15618,43.19877],[-3.15603,43.19876],[-3.15564,43.19878],[-3.15562,43.19868]]}},{"type":"Feature","properties":{"id":288800038,"highway":"path"},"geometry":{"type":"LineString","coordinates":[[-3.13572,43.21238],[-3.13569,43.21235],[-3.13566,43.21232],[-3.13557,43.21235],[-3.13556,43.21234],[-3.13552,43.21232],[-3.13547,43.21229],[-3.13511,43.2122],[-3.13485,43.21213],[-3.13458,43.21208]]}},{"type":"Feature","properties":{"id":288800039,"highway":"service"},"geometry":{"type":"LineString","coordinates":[[-3.1845,43.19281],[-3.18444,43.19284],[-3.1843,43.19301],[-3.18404,43.19346],[-3.18399,43.19348]]}},{"type":"Feature","properties":{"id":288800040,"highway":"track"},"geometry":{"type":"LineString","coordinates":[[-3.13469,43.19659],[-3.13448,43.19675],[-3.13405,43.19715],[-3.13367,43.19739],[-3.13323,43.1975],[-3.1329,43.19743],[-3.1325,43.19722],[-3.13246,43.19702]]}},{"type":"Feature","properties":{"id":288800041,"highway":"service"},"geometry":{"type":"LineString","coordinates":[[-3.13464,43.19301],[-3.13456,43.19295],[-3.13433,43.19253],[-3.13432,43.1925],[-3.13416,43.19172],[-3.13401,43.19147],[-3.13389,43.19119],[-3.13393,43.19103],[-3.13396,43.19086],[-3.13389,43.19074],[-3.1338,43.1907],[-3.13346,43.19059],[-3.13335,43.19052],[-3.1334,43.19048],[-3.13384,43.19054],[-3.13392,43.19054],[-3.134,43.19051],[-3.13406,43.19044],[-3.13414,43.19012],[-3.13414,43.19002],[-3.13408,43.18995],[-3.134,43.18992],[-3.13312,43.1899],[-3.13305,43.18987],[-3.13308,43.18983],[-3.13406,43.18965],[-3.1341,43.18962],[-3.13402,43.1896],[-3.13309,43.18959],[-3.13297,43.18959],[-3.13278,43.1896],[-3.13268,43.18958],[-3.13262,43.18951],[-3.13261,43.18933],[-3.13269,43.18884],[-3.13281,43.18827],[-3.13287,43.18795],[-3.13274,43.18761],[-3.13257,43.18721],[-3.13241,43.18697],[-3.13225,43.18672],[-3.13247,43.18649],[-3.133,43.18629],[-3.13336,43.18604],[-3.1336,43.18576],[-3.13359,43.18561],[-3.13325,43.18559],[-3.13313,43.18566],[-3.13293,43.18595],[-3.13267,43.18607],[-3.13242,43.18609],[-3.13197,43.18604],[-3.13151,43.18593],[-3.13025,43.18574],[-3.13012,43.18573],[-3.12999,43.18577],[-3.12991,43.18585],[-3.12993,43.18596],[-3.13002,43.18623],[-3.13,43.18631],[-3.12995,43.18637],[-3.12988,43.18639],[-3.1298,43.18639],[-3.12973,43.18636],[-3.12966,43.18628],[-3.12945,43.18595],[-3.12936,43.18588],[-3.12905,43.18576],[-3.12899,43.18572],[-3.12891,43.18563],[-3.12888,43.18533],[-3.12889,43.18524],[-3.12893,43.18519],[-3.12898,43.18516],[-3.12911,43.18513],[-3.12987,43.18518],[-3.13014,43.18516],[-3.13135,43.18496],[-3.13148,43.1849],[-3.13156,43.18484],[-3.13159,43.18471],[-3.13156,43.18462],[-3.13105,43.1842],[-3.13081,43.18398]]}},{"type":"Feature","properties":{"id":288800042,"highway":"service"},"geometry":{"type":"LineString","coordinates":[[-3.18519,43.19296],[-3.18521,43.19315],[-3.18516,43.19318],[-3.18488,43.19319],[-3.18483,43.1932],[-3.18473,43.19324],[-3.18464,43.19331]]}},{"type":"Feature","properties":{"id":288800043,"highway":"service","nombre":"Barrio La Presa"},"geometry":{"type":"LineString","coordinates":[[-3.13802,43.20924],[-3.13808,43.20932],[-3.13812,43.20943],[-3.13831,43.20951],[-3.13849,43.20944],[-3.13896,43.20924],[-3.13945,43.20908],[-3.13978,43.20897],[-3.14002,43.20881]]}},{"type":"Feature","properties":{"id":288800044,"highway":"track"},"geometry":{"type":"LineString","coordinates":[[-3.13883,43.20776],[-3.13885,43.20771],[-3.13885,43.20764],[-3.13887,43.20757],[-3.13891,43.20752],[-3.13897,43.20743],[-3.13891,43.20734],[-3.13875,43.20716],[-3.13863,43.20702]]}},{"type":"Feature","properties":{"id":288800046,"highway":"living_street","nombre":"Barrio La Mella","superficie":"asphalt"},"geometry":{"type":"LineString","coordinates":[[-3.16941,43.2033],[-3.16942,43.20339],[-3.16943,43.20345],[-3.16945,43.20364],[-3.16954,43.2038],[-3.16957,43.20401],[-3.16965,43.20416],[-3.16967,43.2042],[-3.1697,43.20442],[-3.16981,43.20469],[-3.16974,43.20482],[-3.16973,43.20493],[-3.16977,43.20511],[-3.16988,43.20533],[-3.16997,43.20567],[-3.17008,43.20587],[-3.17009,43.20588],[-3.17024,43.20605],[-3.17038,43.20614],[-3.17067,43.2062],[-3.17087,43.20621],[-3.17125,43.20612],[-3.17154,43.20606],[-3.17193,43.206],[-3.1722,43.20601],[-3.1723,43.20601],[-3.17261,43.20598],[-3.1729,43.20595],[-3.173,43.20595],[-3.17311,43.20595],[-3.17326,43.20589]]}},{"type":"Feature","properties":{"id":288926476,"highway":"service","nombre":"Avenida Lehendakari Agirre"},"geometry":{"type":"LineString","coordinates":[[-3.13957,43.21226],[-3.13941,43.212],[-3.13885,43.21164]]}},{"type":"Feature","properties":{"id":288926477,"highway":"tertiary","nombre":"Barrio Gallardi","ref":"BI-3651","superficie":"asphalt"},"geometry":{"type":"LineString","coordinates":[[-3.12855,43.20613],[-3.12883,43.20611],[-3.12908,43.20608],[-3.12956,43.20604]]}},{"type":"Feature","properties":{"id":288926486,"highway":"service","nombre":"Barrio El Nocedal"},"geometry":{"type":"LineString","coordinates":[[-3.18282,43.19045],[-3.18283,43.19058],[-3.18286,43.19063],[-3.18292,43.19072],[-3.18295,43.19083],[-3.18296,43.19094],[-3.1829,43.191],[-3.18282,43.19101],[-3.18266,43.19095],[-3.18259,43.19089],[-3.18257,43.19085],[-3.18255,43.19071]]}},{"type":"Feature","properties":{"id":288926488,"highway":"track"},"geometry":{"type":"LineString","coordinates":[[-3.17229,43.19859],[-3.17232,43.19867],[-3.17239,43.19878],[-3.17246,43.19889],[-3.17253,43.19896],[-3.17262,43.19906],[-3.17275,43.19917],[-3.17296,43.19929],[-3.17312,43.19937],[-3.17321,43.19945],[-3.17327,43.19955],[-3.17334,43.19964],[-3.17344,43.19973],[-3.17354,43.19978],[-3.17357,43.1998],[-3.17367,43.19987]]}},{"type":"Feature","properties":{"id":288926489,"highway":"service"},"geometry":{"type":"LineString","coordinates":[[-3.14283,43.21704],[-3.14283,43.21712],[-3.14283,43.21714],[-3.14284,43.21715],[-3.14288,43.21717],[-3.14297,43.2172],[-3.14301,43.21722],[-3.14301,43.21724],[-3.143,43.21726],[-3.14296,43.21727],[-3.14288,43.21728],[-3.14283,43.21729],[-3.14281,43.21731],[-3.14279,43.21736],[-3.14297,43.21738]]}},{"type":"Feature","properties":{"id":288926490,"highway":"residential","nombre":"Barrio Gobeo"},"geometry":{"type":"LineString","coordinates":[[-3.14785,43.20406],[-3.1479,43.20376],[-3.14793,43.20371],[-3.14788,43.20365],[-3.14768,43.20359],[-3.14735,43.20344],[-3.14695,43.20326],[-3.14686,43.20321],[-3.1468,43.20317],[-3.14679,43.20313],[-3.14683,43.20308],[-3.1469,43.20302],[-3.14705,43.20292],[-3.14708,43.20285],[-3.147,43.20278],[-3.14686,43.20271]]}},{"type":"Feature","properties":{"id":288926492,"highway":"service"},"geometry":{"type":"LineString","coordinates":[[-3.16005,43.22775],[-3.15997,43.2279]]}},{"type":"Feature","properties":{"id":288926493,"highway":"service"},"geometry":{"type":"LineString","coordinates":[[-3.12905,43.20837],[-3.12928,43.20845]]}},{"type":"Feature","properties":{"id":288926494,"highway":"service"},"geometry":{"type":"LineString","coordinates":[[-3.14688,43.20289],[-3.14672,43.20281]]}},{"type":"Feature","properties":{"id":288926495,"highway":"residential","nombre":"Barrio Landazuri"},"geometry":{"type":"LineString","coordinates":[[-3.17138,43.20506],[-3.1714,43.20494],[-3.17146,43.20489],[-3.17155,43.20488],[-3.17203,43.2049],[-3.17201,43.20488],[-3.17186,43.20483],[-3.17167,43.20472],[-3.17141,43.20445],[-3.17098,43.2039],[-3.1708,43.20368],[-3.17074,43.20363]]}},{"type":"Feature","properties":{"id":288926497,"highway":"service"},"geometry":{"type":"LineString","coordinates":[[-3.15558,43.20162],[-3.15555,43.20126],[-3.1556,43.20125]]}},{"type":"Feature","properties":{"id":288926499,"highway":"service"},"geometry":{"type":"LineString","coordinates":[[-3.17121,43.20352],[-3.17115,43.20305],[-3.17101,43.20301]]}},{"type":"Feature","properties":{"id":288926500,"highway":"residential","nombre":"Barrio Gobeo"},"geometry":{"type":"LineString","coordinates":[[-3.14663,43.20287],[-3.14652,43.20277],[-3.14613,43.20302],[-3.1462,43.20315]]}},{"type":"Feature","properties":{"id":288926501,"highway":"service"},"geometry":{"type":"LineString","coordinates":[[-3.14717,43.20262],[-3.14731,43.20264],[-3.14739,43.20262],[-3.14777,43.20267]]}},{"type":"Feature","properties":{"id":288926502,"highway":"service"},"geometry":{"type":"LineString","coordinates":[[-3.14413,43.21723],[-3.14388,43.2173],[-3.14351,43.21736],[-3.14331,43.21736]]}},{"type":"Feature","properties":{"id":288926503,"highway":"track"},"geometry":{"type":"LineString","coordinates":[[-3.16899,43.20203],[-3.16922,43.20215],[-3.16939,43.20232],[-3.16966,43.2026]]}},{"type":"Feature","properties":{"id":288926504,"highway":"service"},"geometry":{"type":"LineString","coordinates":[[-3.14248,43.21649],[-3.14197,43.21649],[-3.14198,43.21673],[-3.14196,43.21693]]}},{"type":"Feature","properties":{"id":288926505,"highway":"service"},"geometry":{"type":"LineString","coordinates":[[-3.13065,43.20922],[-3.1305,43.20921],[-3.13039,43.20918],[-3.13035,43.20914]]}},{"type":"Feature","properties":{"id":288926506,"highway":"residential","nombre":"Barrio La Herrera-Ijalde"},"geometry":{"type":"LineString","coordinates":[[-3.16948,43.20333],[-3.16942,43.20325],[-3.16931,43.20313],[-3.1696,43.20263],[-3.16966,43.2026]]}},{"type":"Feature","properties":{"id":288926507,"highway":"service"},"geometry":{"type":"LineString","coordinates":[[-3.13061,43.20888],[-3.13047,43.20885],[-3.13034,43.20884],[-3.13011,43.20885],[-3.13001,43.20893]]}},{"type":"Feature","properties":{"id":288926508,"highway":"service"},"geometry":{"type":"LineString","coordinates":[[-3.14008,43.21138],[-3.13978,43.21117],[-3.13958,43.21095],[-3.13951,43.21091],[-3.13946,43.21089]]}},{"type":"Feature","properties":{"id":288926509,"highway":"service"},"geometry":{"type":"LineString","coordinates":[[-3.16376,43.22765],[-3.16367,43.22759],[-3.16327,43.22737],[-3.16318,43.22733],[-3.16315,43.22732]]}},{"type":"Feature","properties":{"id":288926510,"highway":"service"},"geometry":{"type":"LineString","coordinates":[[-3.16431,43.22832],[-3.16428,43.22808],[-3.16365,43.22787],[-3.1635,43.22792],[-3.16341,43.22799],[-3.16317,43.228]]}},{"type":"Feature","properties":{"id":288926511,"highway":"service"},"geometry":{"type":"LineString","coordinates":[[-3.16068,43.22837],[-3.16059,43.22842],[-3.16037,43.22844],[-3.16022,43.22836],[-3.16014,43.22841],[-3.16003,43.2285],[-3.15995,43.2286]]}},{"type":"Feature","properties":{"id":288926512,"highway":"residential","nombre":"Barrio Gobeo"},"geometry":{"type":"LineString","coordinates":[[-3.14719,43.2025],[-3.14721,43.20254],[-3.14721,43.2026],[-3.14717,43.20262],[-3.14707,43.20268],[-3.14696,43.20272],[-3.14686,43.20271]]}},{"type":"Feature","properties":{"id":288926513,"highway":"residential","nombre":"Barrio La Herrera-Ijalde"},"geometry":{"type":"LineString","coordinates":[[-3.16942,43.20339],[-3.1693,43.20336],[-3.16899,43.20323],[-3.16853,43.20313],[-3.16829,43.20307],[-3.16825,43.20308],[-3.1682,43.20316]]}},{"type":"Feature","properties":{"id":288926514,"highway":"track"},"geometry":{"type":"LineString","coordinates":[[-3.16294,43.22828],[-3.16273,43.22833],[-3.16254,43.22839],[-3.16239,43.22841],[-3.1622,43.2284],[-3.16198,43.22835],[-3.16176,43.22829],[-3.16163,43.22826]]}},{"type":"Feature","properties":{"id":288926515,"highway":"service"},"geometry":{"type":"LineString","coordinates":[[-3.18176,43.19114],[-3.18169,43.19114],[-3.18167,43.19111],[-3.1816,43.1909],[-3.1816,43.19082],[-3.18146,43.19069],[-3.18127,43.1906],[-3.18123,43.19061],[-3.18119,43.19059]]}},{"type":"Feature","properties":{"id":288926517,"highway":"service"},"geometry":{"type":"LineString","coordinates":[[-3.14722,43.20248],[-3.147,43.2024],[-3.14683,43.20243],[-3.14611,43.20224],[-3.14609,43.20223],[-3.14622,43.20201],[-3.14638,43.20205],[-3.1465,43.20211],[-3.14654,43.20215]]}},{"type":"Feature","properties":{"id":290043029,"highway":"footway","nombre":"Erromatar galtzada","nombre_es":"Calzada romana"},"geometry":{"type":"LineString","coordinates":[[-3.16181,43.22949],[-3.16175,43.22956],[-3.1617,43.22958]]}},{"type":"Feature","properties":{"id":308684942,"highway":"cycleway","oneway":"no","superficie":"asphalt"},"geometry":{"type":"LineString","coordinates":[[-3.11843,43.20889],[-3.1186,43.20885],[-3.11884,43.20881],[-3.11911,43.20871],[-3.11953,43.20855],[-3.11966,43.20844],[-3.11978,43.20832],[-3.11997,43.20816],[-3.12021,43.20781],[-3.12051,43.20759],[-3.12098,43.20729],[-3.12117,43.20721],[-3.12146,43.20714],[-3.12178,43.20709],[-3.12199,43.20711],[-3.1223,43.20716],[-3.1226,43.20727],[-3.1229,43.20746],[-3.12313,43.20766],[-3.12339,43.20807],[-3.12387,43.20862],[-3.12396,43.20874]]}},{"type":"Feature","properties":{"id":308685672,"highway":"cycleway","oneway":"no","superficie":"asphalt"},"geometry":{"type":"LineString","coordinates":[[-3.14666,43.19915],[-3.14638,43.19919],[-3.14582,43.19948],[-3.14522,43.19977],[-3.14462,43.20007],[-3.14415,43.20035],[-3.14374,43.20059],[-3.14344,43.20081],[-3.1432,43.20101],[-3.14312,43.20108],[-3.14295,43.20121],[-3.14275,43.20146],[-3.14258,43.20167],[-3.14245,43.20189],[-3.14229,43.20219],[-3.14212,43.20256],[-3.14199,43.20287],[-3.14191,43.20311],[-3.1419,43.2033],[-3.14195,43.20345],[-3.14198,43.20367],[-3.14196,43.20391],[-3.14192,43.20409],[-3.14189,43.20421],[-3.14179,43.20437]]}},{"type":"Feature","properties":{"id":312662737,"highway":"service","nombre":"Acceso al Cementerio"},"geometry":{"type":"LineString","coordinates":[[-3.1706,43.221],[-3.17039,43.22123],[-3.17095,43.22156],[-3.17094,43.22164],[-3.17066,43.22171]]}},{"type":"Feature","properties":{"id":312662738,"highway":"track","nombre":"La Lastra - Avellaneda","superficie":"gravel"},"geometry":{"type":"LineString","coordinates":[[-3.16347,43.22146],[-3.16321,43.22159],[-3.163,43.22187],[-3.16281,43.22212],[-3.16269,43.22235],[-3.16269,43.22242],[-3.16289,43.22254],[-3.16285,43.22276],[-3.16279,43.223],[-3.16284,43.22325],[-3.16317,43.2236],[-3.16339,43.22407],[-3.1631,43.22427],[-3.1629,43.22436],[-3.1626,43.22433],[-3.16231,43.22424],[-3.16205,43.22409],[-3.16182,43.22389],[-3.16166,43.22374],[-3.16142,43.22354],[-3.16136,43.22349],[-3.16134,43.22345],[-3.16132,43.2234],[-3.16128,43.22328],[-3.1612,43.22323],[-3.16104,43.22317],[-3.16079,43.22302],[-3.16058,43.22286],[-3.16007,43.22251],[-3.15977,43.22237],[-3.15963,43.22232],[-3.1595,43.22228]]}},{"type":"Feature","properties":{"id":312662739,"highway":"track","nombre":"La Lastra - Avellaneda","superficie":"gravel"},"geometry":{"type":"LineString","coordinates":[[-3.16119,43.22354],[-3.16112,43.22356],[-3.16098,43.22346],[-3.16084,43.22337],[-3.16072,43.22339],[-3.16061,43.22347],[-3.1605,43.22358],[-3.16046,43.22365],[-3.16048,43.22369],[-3.16058,43.22377],[-3.16073,43.22384],[-3.16087,43.22388],[-3.16088,43.2239],[-3.16087,43.22401],[-3.16089,43.22427],[-3.16095,43.2244],[-3.16101,43.22447],[-3.16128,43.22486],[-3.16143,43.22496],[-3.1614,43.22517],[-3.16131,43.22548],[-3.16123,43.22553],[-3.16112,43.22554],[-3.16106,43.22562],[-3.161,43.22584],[-3.16101,43.22595]]}},{"type":"Feature","properties":{"id":312674145,"highway":"service"},"geometry":{"type":"LineString","coordinates":[[-3.15101,43.22055],[-3.15095,43.22059],[-3.15073,43.22061],[-3.15054,43.22064],[-3.15038,43.22066],[-3.15031,43.22068],[-3.15022,43.22071],[-3.15014,43.22074],[-3.15005,43.22079],[-3.15001,43.22083],[-3.15009,43.22087],[-3.15021,43.22089],[-3.15031,43.2209]]}},{"type":"Feature","properties":{"id":312674146,"highway":"track","nombre":"Ahedo - Avellaneda","superficie":"gravel"},"geometry":{"type":"LineString","coordinates":[[-3.16035,43.22118],[-3.1595,43.22228],[-3.15942,43.22225],[-3.15933,43.22225],[-3.159,43.22222],[-3.15892,43.22221],[-3.15878,43.22219]]}},{"type":"Feature","properties":{"id":312674147,"highway":"track","nombre":"Ahedo - Avellaneda","superficie":"unpaved"},"geometry":{"type":"LineString","coordinates":[[-3.15892,43.22221],[-3.15882,43.22227],[-3.15874,43.22231],[-3.15866,43.22238],[-3.15866,43.2224],[-3.15872,43.22241],[-3.15878,43.22241],[-3.15889,43.22245],[-3.15894,43.22252],[-3.15892,43.22262],[-3.15893,43.22268],[-3.15897,43.22275],[-3.15902,43.22279],[-3.1591,43.22284],[-3.15913,43.22308],[-3.15941,43.22321],[-3.15972,43.22339],[-3.16,43.22367],[-3.16019,43.22379],[-3.16029,43.22389],[-3.16087,43.22388]]}},{"type":"Feature","properties":{"id":312674148,"highway":"track","nombre":"Ahedo - Santelices","superficie":"gravel"},"geometry":{"type":"LineString","coordinates":[[-3.15878,43.22219],[-3.15833,43.22209],[-3.15819,43.22206],[-3.15807,43.22205],[-3.15787,43.22204],[-3.15757,43.22203],[-3.15731,43.22201],[-3.15704,43.22199],[-3.15684,43.22199],[-3.1566,43.22198],[-3.15645,43.22199]]}},{"type":"Feature","properties":{"id":312674149,"highway":"track","superficie":"gravel"},"geometry":{"type":"LineString","coordinates":[[-3.15645,43.22199],[-3.15641,43.22199],[-3.15641,43.22201]]}},{"type":"Feature","properties":{"id":312686100,"highway":"track","superficie":"unpaved"},"geometry":{"type":"LineString","coordinates":[[-3.15116,43.22087],[-3.15136,43.22102]]}},{"type":"Feature","properties":{"id":312686101,"highway":"track","superficie":"unpaved"},"geometry":{"type":"LineString","coordinates":[[-3.15136,43.22102],[-3.15142,43.22109],[-3.15153,43.22123],[-3.15157,43.22124],[-3.15163,43.22122],[-3.15165,43.22121],[-3.15168,43.22119],[-3.15177,43.22116],[-3.1519,43.2211],[-3.15207,43.22099],[-3.15215,43.22096],[-3.15222,43.22097],[-3.15234,43.22098],[-3.15244,43.22098],[-3.15256,43.22098],[-3.15267,43.22102],[-3.15277,43.22108],[-3.15285,43.22117],[-3.15296,43.22126],[-3.15306,43.22134],[-3.15313,43.22135],[-3.15318,43.22133],[-3.15327,43.22127],[-3.15337,43.22122],[-3.15348,43.2212],[-3.15361,43.22122],[-3.15375,43.22125],[-3.1538,43.22126],[-3.15383,43.22138],[-3.15429,43.22224],[-3.15437,43.22227],[-3.15448,43.22235],[-3.15463,43.22244],[-3.15469,43.22243],[-3.1548,43.22236],[-3.15492,43.22228],[-3.15508,43.22221],[-3.15519,43.22216],[-3.15536,43.2221],[-3.15548,43.22206],[-3.15566,43.22203],[-3.15587,43.22201],[-3.15611,43.22199],[-3.15641,43.22199]]}},{"type":"Feature","properties":{"id":312686106,"highway":"track","superficie":"unpaved"},"geometry":{"type":"LineString","coordinates":[[-3.15141,43.20914],[-3.15129,43.20925],[-3.15116,43.20931],[-3.15071,43.20942],[-3.15034,43.20951],[-3.14998,43.20962],[-3.14983,43.20966],[-3.14972,43.20967],[-3.14968,43.20974],[-3.14966,43.20988],[-3.14964,43.20996],[-3.1496,43.2101],[-3.14955,43.21031],[-3.14941,43.21043],[-3.14906,43.21068],[-3.14883,43.21084],[-3.1482,43.21127],[-3.14789,43.21153],[-3.14736,43.21183],[-3.14706,43.21206],[-3.14674,43.21224],[-3.14652,43.21242],[-3.1464,43.21261],[-3.14621,43.21278],[-3.14584,43.21302],[-3.14554,43.21322],[-3.14532,43.21336],[-3.14518,43.21342],[-3.14505,43.21345],[-3.14494,43.21346],[-3.14476,43.21349],[-3.14368,43.21373],[-3.14339,43.21376],[-3.14321,43.21378],[-3.14298,43.21389],[-3.14275,43.21391],[-3.14244,43.21406],[-3.1423,43.21408],[-3.14203,43.21402],[-3.14182,43.21397],[-3.14168,43.214],[-3.14146,43.21408],[-3.14122,43.21419],[-3.14097,43.21431],[-3.14091,43.21434],[-3.14082,43.21434],[-3.14072,43.21431],[-3.14051,43.21435],[-3.14034,43.21444],[-3.14008,43.21455],[-3.13986,43.21458],[-3.13956,43.21463],[-3.13934,43.21466],[-3.13892,43.21481],[-3.13851,43.21493],[-3.13807,43.21496],[-3.13768,43.21494],[-3.13738,43.21498],[-3.13719,43.21499],[-3.13693,43.21492],[-3.13685,43.21489],[-3.13675,43.2147],[-3.13663,43.21447],[-3.13638,43.21427],[-3.13619,43.21413],[-3.13599,43.21404],[-3.13593,43.21401],[-3.1358,43.21385]]}},{"type":"Feature","properties":{"id":312998756,"highway":"residential","nombre":"San Miguel auzoa","izena_eu":"San Miguel auzoa","nombre_es":"Barrio San Miguel","oneway":"yes"},"geometry":{"type":"LineString","coordinates":[[-3.13667,43.21588],[-3.1367,43.21582],[-3.13672,43.21577]]}},{"type":"Feature","properties":{"id":312998757,"highway":"tertiary","nombre":"Avenida Hermanos Maristas","ref":"BI-3636","oneway":"yes","superficie":"asphalt"},"geometry":{"type":"LineString","coordinates":[[-3.13363,43.2142],[-3.13354,43.2142]]}},{"type":"Feature","properties":{"id":312998758,"highway":"residential","nombre":"Avenida Sabino Arana","oneway":"no"},"geometry":{"type":"LineString","coordinates":[[-3.13239,43.21554],[-3.13234,43.21553],[-3.13222,43.21547],[-3.13172,43.21524],[-3.13117,43.21497],[-3.13111,43.21492],[-3.13109,43.21489]]}},{"type":"Feature","properties":{"id":312998759,"highway":"residential","nombre":"Villa Gernika kalea","izena_eu":"Villa Gernika kalea","nombre_es":"Calle Villa Guernica","oneway":"yes"},"geometry":{"type":"LineString","coordinates":[[-3.13125,43.21106],[-3.13135,43.21096]]}},{"type":"Feature","properties":{"id":312998762,"highway":"unclassified","nombre":"Barrio Arechaga","oneway":"yes"},"geometry":{"type":"LineString","coordinates":[[-3.13257,43.2093],[-3.13248,43.20934],[-3.13229,43.20936],[-3.13211,43.20935],[-3.13109,43.20888],[-3.131,43.20886],[-3.13082,43.20881],[-3.13064,43.20876]]}},{"type":"Feature","properties":{"id":312998764,"highway":"residential","nombre":"Azarbe auzoa","izena_eu":"Azarbe auzoa","nombre_es":"Barrio Azarbe","oneway":"yes"},"geometry":{"type":"LineString","coordinates":[[-3.12534,43.20646],[-3.12517,43.20647],[-3.125,43.20647]]}},{"type":"Feature","properties":{"id":312998765,"highway":"residential","nombre":"Azarbe auzoa","izena_eu":"Azarbe auzoa","nombre_es":"Barrio Azarbe"},"geometry":{"type":"LineString","coordinates":[[-3.12486,43.20651],[-3.12471,43.2065],[-3.12442,43.20652],[-3.12422,43.20646],[-3.12407,43.20633],[-3.12405,43.20628]]}},{"type":"Feature","properties":{"id":313507359,"highway":"track","superficie":"unpaved"},"geometry":{"type":"LineString","coordinates":[[-3.15354,43.23083],[-3.15342,43.23084],[-3.15323,43.23091],[-3.15279,43.23117],[-3.15265,43.2313],[-3.15256,43.23141],[-3.15246,43.23142],[-3.15206,43.23141],[-3.15146,43.23142],[-3.1512,43.23143],[-3.15083,43.2314],[-3.15075,43.23141],[-3.15034,43.23159],[-3.14995,43.23176],[-3.14934,43.232],[-3.14924,43.23203],[-3.14881,43.2321],[-3.1486,43.23214],[-3.14838,43.2322],[-3.1481,43.23224],[-3.14792,43.23224],[-3.14768,43.23223],[-3.14728,43.23225],[-3.147,43.23224],[-3.14666,43.23218],[-3.14626,43.23213],[-3.14606,43.23211],[-3.14573,43.2321],[-3.14536,43.23208],[-3.14471,43.23206],[-3.14436,43.23205],[-3.14424,43.23206],[-3.14417,43.23209],[-3.14409,43.23211],[-3.14402,43.23214]]}},{"type":"Feature","properties":{"id":313507360,"highway":"track","superficie":"unpaved"},"geometry":{"type":"LineString","coordinates":[[-3.17218,43.20908],[-3.17168,43.20902],[-3.17144,43.20897],[-3.17109,43.20881],[-3.1708,43.20871],[-3.17066,43.20868],[-3.17043,43.20862],[-3.16992,43.20837],[-3.16963,43.20819],[-3.16927,43.20803],[-3.1689,43.20795],[-3.16849,43.20786],[-3.16802,43.20781],[-3.16735,43.2077],[-3.16722,43.20779],[-3.16724,43.20788],[-3.16752,43.20822],[-3.16781,43.20872],[-3.16817,43.20924],[-3.16813,43.20933],[-3.16789,43.20937],[-3.16766,43.20948],[-3.16737,43.20958],[-3.16685,43.20946],[-3.16639,43.2094],[-3.16616,43.20939],[-3.16579,43.20944],[-3.16572,43.20944],[-3.16544,43.20934],[-3.165,43.20933],[-3.16462,43.2094],[-3.16431,43.20953],[-3.1641,43.20957],[-3.16386,43.20974],[-3.16372,43.20986],[-3.16347,43.21001],[-3.16312,43.20999],[-3.16281,43.20999],[-3.16244,43.21003],[-3.16189,43.21014],[-3.16139,43.2103],[-3.16086,43.21046],[-3.16048,43.21078],[-3.16015,43.21119],[-3.15978,43.2114],[-3.15949,43.21159],[-3.15893,43.21184]]}},{"type":"Feature","properties":{"id":313507361,"highway":"track","superficie":"unpaved"},"geometry":{"type":"LineString","coordinates":[[-3.16722,43.20779],[-3.16694,43.20773],[-3.16675,43.20761],[-3.16661,43.20754],[-3.16652,43.20739],[-3.16639,43.20726],[-3.16622,43.20722],[-3.16613,43.20731],[-3.16614,43.20744],[-3.16616,43.20759],[-3.16607,43.20774]]}},{"type":"Feature","properties":{"id":313626855,"highway":"track","superficie":"unpaved"},"geometry":{"type":"LineString","coordinates":[[-3.15953,43.21369],[-3.15943,43.21356],[-3.15931,43.21344],[-3.15907,43.21334],[-3.15861,43.21319],[-3.15824,43.21313],[-3.15787,43.21317],[-3.1573,43.21327],[-3.15711,43.2134],[-3.15687,43.21363],[-3.15681,43.21371],[-3.15665,43.21382],[-3.15636,43.21396],[-3.1563,43.21392],[-3.15629,43.21372],[-3.15637,43.21361],[-3.15649,43.21343],[-3.15641,43.21336],[-3.15621,43.21316],[-3.15632,43.21303],[-3.1565,43.21281],[-3.15676,43.21252],[-3.15696,43.21237],[-3.15721,43.21211],[-3.15735,43.21181],[-3.15737,43.21153],[-3.15718,43.21135],[-3.15679,43.2112],[-3.15638,43.21106],[-3.15612,43.21094],[-3.15586,43.211],[-3.15563,43.21099],[-3.15533,43.21108],[-3.15519,43.2111],[-3.15483,43.21113],[-3.15467,43.2111],[-3.15454,43.21095],[-3.15441,43.21079],[-3.15441,43.21051],[-3.15441,43.21018],[-3.15433,43.20979],[-3.1542,43.20964],[-3.15404,43.20959],[-3.15391,43.20962],[-3.15378,43.20969],[-3.15362,43.2097],[-3.1535,43.20972],[-3.15323,43.20978],[-3.15304,43.20981],[-3.15291,43.20978],[-3.15278,43.20974],[-3.15223,43.20952],[-3.15198,43.20943],[-3.15153,43.20925],[-3.15143,43.20919],[-3.15141,43.20914]]}},{"type":"Feature","properties":{"id":313626856,"highway":"path","nombre":"La Llana - Avellaneda","superficie":"unpaved"},"geometry":{"type":"LineString","coordinates":[[-3.1414,43.21745],[-3.1418,43.21777],[-3.14203,43.21793],[-3.14246,43.21802],[-3.14284,43.2181],[-3.14295,43.21816],[-3.14312,43.21825],[-3.1433,43.21847],[-3.14348,43.21863],[-3.14378,43.21891],[-3.14426,43.21935],[-3.14455,43.21967],[-3.14482,43.21994],[-3.14512,43.2202],[-3.14562,43.22059],[-3.14586,43.22093],[-3.14601,43.22114],[-3.14599,43.22121],[-3.14585,43.22134],[-3.1456,43.22154],[-3.14564,43.22164],[-3.14594,43.22189],[-3.14617,43.22223],[-3.14651,43.22263],[-3.14677,43.22289],[-3.14714,43.22318],[-3.14748,43.22347],[-3.14792,43.22397],[-3.14802,43.22407],[-3.14829,43.22423],[-3.14915,43.2249],[-3.14948,43.22536],[-3.14994,43.22572],[-3.15031,43.22591],[-3.15067,43.22606],[-3.15147,43.22621],[-3.15214,43.2265],[-3.15256,43.22677],[-3.15304,43.22731],[-3.1531,43.22735],[-3.15326,43.22735],[-3.15357,43.22726],[-3.15405,43.22718],[-3.15445,43.22723],[-3.15486,43.22742],[-3.15558,43.2275],[-3.1567,43.2277],[-3.15693,43.22764],[-3.15727,43.22719],[-3.15736,43.22708],[-3.15784,43.22694],[-3.15808,43.22698],[-3.15818,43.22708],[-3.15817,43.2274],[-3.15842,43.22767],[-3.15893,43.2279],[-3.15914,43.22813]]}},{"type":"Feature","properties":{"id":313762846,"highway":"service"},"geometry":{"type":"LineString","coordinates":[[-3.1522,43.20102],[-3.15197,43.201],[-3.15189,43.201],[-3.15182,43.20101],[-3.15173,43.20103],[-3.15155,43.20109],[-3.15133,43.20107],[-3.15111,43.20102],[-3.15079,43.20097],[-3.15059,43.20093]]}},{"type":"Feature","properties":{"id":313762850,"highway":"track","superficie":"unpaved"},"geometry":{"type":"LineString","coordinates":[[-3.15817,43.20822],[-3.15743,43.20803],[-3.15666,43.20785],[-3.15631,43.2076],[-3.15587,43.20748],[-3.15559,43.20735],[-3.15586,43.20681],[-3.15599,43.20644],[-3.15629,43.20581],[-3.15626,43.20564],[-3.15594,43.2055],[-3.15565,43.20534],[-3.15559,43.20535],[-3.15509,43.20542],[-3.15376,43.20589],[-3.15329,43.20603],[-3.15319,43.20606],[-3.15312,43.20606],[-3.15306,43.20604],[-3.15289,43.20586],[-3.15266,43.20567],[-3.15224,43.20533],[-3.15217,43.20523],[-3.15213,43.20514],[-3.15209,43.20501],[-3.15207,43.20489],[-3.15192,43.20458],[-3.15149,43.20401],[-3.1511,43.20319],[-3.15072,43.20254],[-3.15036,43.20216],[-3.15,43.20156],[-3.15018,43.20116],[-3.14996,43.2009],[-3.14985,43.20086],[-3.14974,43.20082],[-3.14961,43.20059],[-3.14944,43.20038],[-3.1494,43.2001]]}},{"type":"Feature","properties":{"id":313762851,"highway":"track","superficie":"unpaved"},"geometry":{"type":"LineString","coordinates":[[-3.15207,43.20489],[-3.15199,43.20522],[-3.15202,43.20545],[-3.15206,43.20555],[-3.15209,43.2058],[-3.15215,43.20595],[-3.15233,43.20609],[-3.15242,43.20618],[-3.15249,43.20631],[-3.1524,43.20629],[-3.15238,43.20646],[-3.15246,43.20679],[-3.15251,43.20704],[-3.15242,43.20735],[-3.1524,43.2075],[-3.15246,43.20772],[-3.15258,43.20811],[-3.15255,43.20817],[-3.15246,43.20816],[-3.15225,43.20801],[-3.15212,43.20793],[-3.15201,43.20794],[-3.15192,43.20804],[-3.15177,43.20824],[-3.15164,43.20845],[-3.15159,43.20865],[-3.15158,43.20872],[-3.15138,43.20887],[-3.15129,43.20895],[-3.15121,43.20912]]}},{"type":"Feature","properties":{"id":313762852,"highway":"track","superficie":"unpaved"},"geometry":{"type":"LineString","coordinates":[[-3.14964,43.20996],[-3.14945,43.21002],[-3.14928,43.21002],[-3.14907,43.20994],[-3.14863,43.20994],[-3.14809,43.20996],[-3.14777,43.20993],[-3.14757,43.20989],[-3.14746,43.2098],[-3.14744,43.20968],[-3.14746,43.20954],[-3.14764,43.20944],[-3.14785,43.20938],[-3.14804,43.20921],[-3.14809,43.20907],[-3.14795,43.2089],[-3.14778,43.20873],[-3.14745,43.20846],[-3.14751,43.20831],[-3.14762,43.20813],[-3.14772,43.20811],[-3.14839,43.20819]]}},{"type":"Feature","properties":{"id":313762853,"highway":"track","superficie":"unpaved"},"geometry":{"type":"LineString","coordinates":[[-3.14745,43.20846],[-3.14733,43.20842],[-3.14725,43.20837],[-3.14714,43.20826],[-3.14706,43.20814],[-3.14701,43.20798],[-3.14702,43.20787],[-3.14712,43.20772],[-3.14719,43.2076],[-3.14715,43.20746],[-3.14703,43.20733],[-3.14698,43.20722],[-3.14698,43.20712],[-3.14705,43.20701],[-3.14715,43.20691],[-3.14726,43.20684],[-3.14738,43.20685]]}},{"type":"Feature","properties":{"id":313762854,"highway":"track","superficie":"unpaved"},"geometry":{"type":"LineString","coordinates":[[-3.14848,43.20824],[-3.1486,43.20835],[-3.14879,43.2085],[-3.14893,43.20866],[-3.14913,43.20886],[-3.1493,43.20897],[-3.14939,43.20904],[-3.14951,43.20917],[-3.14969,43.20932],[-3.14975,43.20939],[-3.14977,43.20953],[-3.14998,43.20962],[-3.15022,43.20968],[-3.15063,43.20976],[-3.15091,43.20982],[-3.15106,43.20986],[-3.15122,43.20989],[-3.15142,43.2099],[-3.15201,43.20989],[-3.15246,43.20987],[-3.15264,43.20986],[-3.15282,43.20986],[-3.15304,43.20981]]}},{"type":"Feature","properties":{"id":313765817,"highway":"unclassified","oneway":"no","superficie":"asphalt"},"geometry":{"type":"LineString","coordinates":[[-3.13843,43.18113],[-3.13843,43.18111],[-3.13843,43.18109],[-3.13842,43.18108],[-3.13841,43.18104],[-3.13839,43.18102],[-3.13839,43.18102]]}},{"type":"Feature","properties":{"id":314651906,"highway":"track","superficie":"unpaved"},"geometry":{"type":"LineString","coordinates":[[-3.15318,43.22133],[-3.15307,43.22161],[-3.153,43.22182],[-3.15295,43.22199],[-3.15298,43.2221],[-3.15317,43.22222],[-3.15326,43.22226],[-3.15342,43.2223],[-3.15367,43.22238],[-3.15382,43.22249],[-3.15387,43.22264],[-3.15379,43.2228],[-3.15371,43.22289],[-3.15374,43.22297],[-3.15394,43.22319],[-3.15424,43.22351],[-3.15441,43.22388],[-3.15451,43.22425],[-3.15459,43.22436],[-3.15467,43.22438],[-3.1548,43.22437],[-3.15494,43.22429]]}},{"type":"Feature","properties":{"id":314651907,"highway":"track","superficie":"unpaved"},"geometry":{"type":"LineString","coordinates":[[-3.1548,43.22437],[-3.1549,43.22472],[-3.15497,43.22531],[-3.15502,43.22578],[-3.15523,43.22604],[-3.15528,43.22618],[-3.15501,43.22622]]}},{"type":"Feature","properties":{"id":316260849,"highway":"track","superficie":"unpaved"},"geometry":{"type":"LineString","coordinates":[[-3.16289,43.21645],[-3.1629,43.21667],[-3.16289,43.21675],[-3.16286,43.21681],[-3.16282,43.21686],[-3.16275,43.21699],[-3.16256,43.21715],[-3.16238,43.21733],[-3.16224,43.21746],[-3.16205,43.21763]]}},{"type":"Feature","properties":{"id":316260851,"highway":"track","superficie":"unpaved"},"geometry":{"type":"LineString","coordinates":[[-3.16256,43.21715],[-3.16218,43.21732],[-3.16196,43.21741],[-3.16181,43.21744],[-3.16166,43.21738],[-3.16151,43.21734],[-3.16122,43.21733],[-3.16095,43.21736],[-3.16066,43.21752],[-3.16043,43.21762],[-3.16016,43.2177],[-3.15976,43.21768],[-3.15943,43.21765],[-3.15919,43.21763],[-3.15893,43.2176],[-3.15869,43.21758]]}},{"type":"Feature","properties":{"id":316260852,"highway":"track","superficie":"asphalt"},"geometry":{"type":"LineString","coordinates":[[-3.15863,43.22022],[-3.15838,43.22049]]}},{"type":"Feature","properties":{"id":316260853,"highway":"track","superficie":"unpaved"},"geometry":{"type":"LineString","coordinates":[[-3.13241,43.22325],[-3.13245,43.22318],[-3.13256,43.22317],[-3.13272,43.22325],[-3.13287,43.22348],[-3.13319,43.22389],[-3.13331,43.22402],[-3.13352,43.22427],[-3.13372,43.2244],[-3.13419,43.22462],[-3.13441,43.22484],[-3.13473,43.22504],[-3.13509,43.22521],[-3.13534,43.22538],[-3.13545,43.22556],[-3.13553,43.22572],[-3.13554,43.2258],[-3.13568,43.22599],[-3.13582,43.22616],[-3.13596,43.22625],[-3.13626,43.22643],[-3.13645,43.22653],[-3.13669,43.22665],[-3.1368,43.22672],[-3.13694,43.22675],[-3.13704,43.22673],[-3.13705,43.22664],[-3.13697,43.22654],[-3.13683,43.22647],[-3.13672,43.22625],[-3.13667,43.22607],[-3.13673,43.22595],[-3.13689,43.22579],[-3.13707,43.22567],[-3.13719,43.22562],[-3.13732,43.22558],[-3.1375,43.2255],[-3.13775,43.22541],[-3.13792,43.2253],[-3.13801,43.2252],[-3.13805,43.22494],[-3.13808,43.22471],[-3.13809,43.22455],[-3.13814,43.22445],[-3.13822,43.22441],[-3.13834,43.22443],[-3.13853,43.22438],[-3.13867,43.22437],[-3.13876,43.2244],[-3.13877,43.2246],[-3.1388,43.22476],[-3.13875,43.22499],[-3.13879,43.22517],[-3.13884,43.22541],[-3.13889,43.22555],[-3.13882,43.22574],[-3.13879,43.22598],[-3.13881,43.22613],[-3.13891,43.22622],[-3.13897,43.22624],[-3.13893,43.22637],[-3.13877,43.22655],[-3.13865,43.22669],[-3.13868,43.22676],[-3.13884,43.22688],[-3.13904,43.22702],[-3.13928,43.2272],[-3.1395,43.22738],[-3.13968,43.22749],[-3.13976,43.22753],[-3.13972,43.22767],[-3.13974,43.2278]]}},{"type":"Feature","properties":{"id":316260854,"highway":"track","superficie":"unpaved"},"geometry":{"type":"LineString","coordinates":[[-3.1439,43.23214],[-3.14386,43.23212],[-3.14383,43.23207],[-3.1438,43.23196],[-3.14377,43.2319],[-3.14344,43.23146],[-3.14332,43.2313],[-3.14319,43.23108],[-3.14299,43.2309],[-3.14269,43.23072],[-3.14251,43.23057],[-3.14222,43.23033],[-3.1419,43.23007],[-3.14161,43.22985],[-3.14127,43.22956],[-3.14101,43.22937],[-3.14083,43.22925],[-3.14053,43.229],[-3.14045,43.22897],[-3.14041,43.22896],[-3.14005,43.22854],[-3.13995,43.22839],[-3.13975,43.22821],[-3.13968,43.22812],[-3.13968,43.22804],[-3.13974,43.2278]]}},{"type":"Feature","properties":{"id":360912760,"highway":"residential","nombre":"Urbanización Tepeyac"},"geometry":{"type":"LineString","coordinates":[[-3.13548,43.21487],[-3.13571,43.21485],[-3.13595,43.21486],[-3.13594,43.21476],[-3.1359,43.21472]]}},{"type":"Feature","properties":{"id":388821217,"highway":"tertiary","nombre":"La Perenal","ref":"BI-3651","oneway":"no","superficie":"asphalt"},"geometry":{"type":"LineString","coordinates":[[-3.10902,43.20874],[-3.10877,43.20875],[-3.10781,43.20877],[-3.10768,43.20878]]}},{"type":"Feature","properties":{"id":396892780,"highway":"primary_link","ref":"BI-630","oneway":"yes","superficie":"asphalt"},"geometry":{"type":"LineString","coordinates":[[-3.18399,43.19724],[-3.18395,43.1973],[-3.18391,43.1974],[-3.18386,43.19752],[-3.1838,43.19761],[-3.1837,43.19767],[-3.18363,43.1977],[-3.18343,43.19776]]}},{"type":"Feature","properties":{"id":396892781,"highway":"primary","nombre":"Kadaguako igarobidea","izena_eu":"Kadaguako igarobidea","nombre_es":"Corredor del Cadagua","oneway":"no","superficie":"asphalt"},"geometry":{"type":"LineString","coordinates":[[-3.18343,43.19776],[-3.18318,43.19779]]}},{"type":"Feature","properties":{"id":396892782,"highway":"primary","nombre":"Kadaguako igarobidea","izena_eu":"Kadaguako igarobidea","nombre_es":"Corredor del Cadagua","oneway":"no","superficie":"asphalt"},"geometry":{"type":"LineString","coordinates":[[-3.18397,43.19768],[-3.18373,43.19772]]}},{"type":"Feature","properties":{"id":396892783,"highway":"primary","nombre":"Kadaguako igarobidea","izena_eu":"Kadaguako igarobidea","nombre_es":"Corredor del Cadagua","oneway":"no","superficie":"asphalt"},"geometry":{"type":"LineString","coordinates":[[-3.18373,43.19772],[-3.18343,43.19776]]}},{"type":"Feature","properties":{"id":397258263,"highway":"residential","nombre":"San Miguel auzoa","izena_eu":"San Miguel auzoa","nombre_es":"Barrio San Miguel","oneway":"yes"},"geometry":{"type":"LineString","coordinates":[[-3.1372,43.21603],[-3.13667,43.21588]]}},{"type":"Feature","properties":{"id":416250952,"highway":"track"},"geometry":{"type":"LineString","coordinates":[[-3.15565,43.17547],[-3.15607,43.17574],[-3.15622,43.17582],[-3.15643,43.17591],[-3.15717,43.17616],[-3.15736,43.1762],[-3.1575,43.17623],[-3.15833,43.17644],[-3.15894,43.17662],[-3.15958,43.17671],[-3.15979,43.17676],[-3.16004,43.17686],[-3.1606,43.1771],[-3.16093,43.17717],[-3.16112,43.17724],[-3.16118,43.17726],[-3.16139,43.17735],[-3.16167,43.17743],[-3.16184,43.17746],[-3.16193,43.17747],[-3.1622,43.17753],[-3.16269,43.1776],[-3.16283,43.17766]]}},{"type":"Feature","properties":{"id":416250957,"highway":"track"},"geometry":{"type":"MultiLineString","coordinates":[[[-3.17199,43.17777],[-3.17204,43.17775]],[[-3.17224,43.17772],[-3.17226,43.17772],[-3.17234,43.17773],[-3.17242,43.17775],[-3.17284,43.17794],[-3.1739,43.17837],[-3.17411,43.17846],[-3.17421,43.17845],[-3.17426,43.17842],[-3.17433,43.17833],[-3.17439,43.17821],[-3.17441,43.17805],[-3.1744,43.17792],[-3.17444,43.17772],[-3.17457,43.17754],[-3.17467,43.17746],[-3.17472,43.17743],[-3.1747,43.17736],[-3.17463,43.1772],[-3.17463,43.17702],[-3.17467,43.17697],[-3.1747,43.17691],[-3.17476,43.17687],[-3.17486,43.17681],[-3.17497,43.17676],[-3.17552,43.17656],[-3.17601,43.17633],[-3.17629,43.17621],[-3.17673,43.17596],[-3.17742,43.17558],[-3.17765,43.17551],[-3.17846,43.17536],[-3.17874,43.17529]]]}},{"type":"Feature","properties":{"id":434725350,"highway":"track"},"geometry":{"type":"LineString","coordinates":[[-3.16652,43.17852],[-3.16649,43.1786],[-3.16634,43.17864],[-3.16609,43.17868],[-3.16546,43.17878],[-3.1649,43.17886],[-3.1646,43.17884],[-3.1643,43.1787],[-3.16381,43.17833],[-3.16362,43.17817],[-3.16338,43.17803]]}},{"type":"Feature","properties":{"id":434725356,"highway":"track"},"geometry":{"type":"LineString","coordinates":[[-3.15244,43.17723],[-3.15249,43.17737],[-3.15253,43.17749],[-3.15254,43.1777],[-3.15266,43.17784],[-3.15265,43.17796],[-3.15258,43.1781],[-3.15242,43.17832],[-3.15228,43.17832],[-3.15201,43.17825],[-3.15181,43.17812],[-3.15165,43.1779],[-3.15162,43.17778],[-3.15166,43.17771]]}},{"type":"Feature","properties":{"id":434725358,"highway":"track"},"geometry":{"type":"LineString","coordinates":[[-3.16283,43.17766],[-3.16266,43.17766],[-3.1624,43.17772],[-3.16204,43.17784],[-3.16153,43.17805],[-3.16097,43.17832],[-3.16069,43.17845],[-3.16037,43.17865],[-3.16014,43.17885],[-3.15985,43.17911],[-3.15968,43.17923],[-3.15957,43.17927],[-3.15941,43.17929],[-3.15919,43.17927],[-3.15896,43.17922],[-3.15869,43.17916],[-3.1584,43.17914],[-3.15802,43.17915],[-3.1574,43.1792],[-3.15715,43.1792],[-3.15699,43.17919],[-3.1569,43.17914],[-3.15687,43.17909],[-3.15681,43.17886],[-3.15672,43.17863],[-3.1566,43.17843],[-3.15635,43.17833],[-3.15606,43.17818],[-3.15573,43.17799],[-3.15545,43.17764],[-3.1554,43.17759],[-3.15508,43.17759],[-3.15486,43.1776],[-3.15463,43.17765],[-3.15434,43.17774],[-3.15394,43.17793],[-3.15353,43.17811],[-3.15309,43.17826],[-3.15273,43.17835],[-3.15252,43.17835],[-3.15242,43.17832],[-3.15234,43.1783],[-3.15212,43.17816],[-3.15201,43.17802],[-3.15196,43.17784],[-3.15197,43.17777],[-3.15211,43.17747],[-3.1521,43.1774],[-3.15205,43.17711],[-3.15205,43.17703],[-3.15214,43.17683],[-3.15213,43.17671],[-3.15203,43.17648],[-3.15196,43.17629],[-3.15178,43.17613],[-3.15159,43.17601],[-3.15126,43.17593],[-3.15052,43.1758],[-3.15014,43.1757],[-3.14996,43.17557],[-3.14965,43.17532],[-3.14943,43.17518],[-3.14915,43.17515],[-3.14882,43.17517],[-3.14807,43.17532],[-3.1474,43.17544],[-3.14699,43.17557],[-3.1466,43.17572],[-3.14641,43.17585]]}},{"type":"Feature","properties":{"id":434725374,"highway":"track"},"geometry":{"type":"LineString","coordinates":[[-3.14641,43.17585],[-3.14633,43.17585],[-3.14616,43.17594],[-3.14581,43.17616],[-3.1457,43.1762],[-3.14536,43.17628],[-3.14506,43.17631],[-3.14489,43.17632],[-3.14468,43.17629],[-3.14457,43.17626],[-3.14445,43.1762]]}},{"type":"Feature","properties":{"id":434725381,"highway":"track"},"geometry":{"type":"LineString","coordinates":[[-3.17199,43.17777],[-3.17213,43.17778],[-3.17223,43.17782],[-3.17228,43.17787],[-3.17228,43.17796],[-3.17224,43.1781],[-3.17216,43.17823],[-3.17171,43.17853],[-3.17158,43.17864],[-3.17143,43.1788],[-3.17136,43.17888],[-3.17132,43.17894],[-3.17133,43.17896],[-3.17138,43.17897],[-3.17149,43.17896],[-3.1717,43.17897],[-3.17191,43.179],[-3.17198,43.17902],[-3.17203,43.17906],[-3.17189,43.17917],[-3.1717,43.17934],[-3.17155,43.17962],[-3.17142,43.17985],[-3.17129,43.18005],[-3.17122,43.18021],[-3.17116,43.18027],[-3.17107,43.18035],[-3.17104,43.18041],[-3.17098,43.18059],[-3.17081,43.18091],[-3.17065,43.18114],[-3.17044,43.18142],[-3.17041,43.1815],[-3.17023,43.18179],[-3.16998,43.18221],[-3.16989,43.18233],[-3.16977,43.18247],[-3.16975,43.18252],[-3.16967,43.18261],[-3.16957,43.18278],[-3.16948,43.18291],[-3.16932,43.18312],[-3.16909,43.18342],[-3.16886,43.18369],[-3.16865,43.18398],[-3.16855,43.18408],[-3.16832,43.18426],[-3.16827,43.18433],[-3.16819,43.18447],[-3.1681,43.18459],[-3.16789,43.18478],[-3.16767,43.18496],[-3.16736,43.18517],[-3.16708,43.18537],[-3.16693,43.18547],[-3.16687,43.18554]]}},{"type":"Feature","properties":{"id":434725383,"highway":"track"},"geometry":{"type":"LineString","coordinates":[[-3.16079,43.18155],[-3.16123,43.1812],[-3.16146,43.1809],[-3.16156,43.18056],[-3.16154,43.18008],[-3.16161,43.17977],[-3.16166,43.17962],[-3.16183,43.17938],[-3.1621,43.17913],[-3.16249,43.17888],[-3.16279,43.17874],[-3.16302,43.17869],[-3.16313,43.17872],[-3.16408,43.17926],[-3.16425,43.17935],[-3.16454,43.17943],[-3.16497,43.17942],[-3.16574,43.1793],[-3.16591,43.17934],[-3.16644,43.17971],[-3.16679,43.18011],[-3.16716,43.18072],[-3.16731,43.18118],[-3.16737,43.18124],[-3.16741,43.18126],[-3.16745,43.18127],[-3.16756,43.18126],[-3.16773,43.18119],[-3.16825,43.18092],[-3.16904,43.18033],[-3.16935,43.18005],[-3.16983,43.17945],[-3.17021,43.17881],[-3.1704,43.1786],[-3.171,43.17811]]}},{"type":"Feature","properties":{"id":434725384,"highway":"track"},"geometry":{"type":"LineString","coordinates":[[-3.14325,43.17702],[-3.14327,43.17706],[-3.14333,43.17713],[-3.14343,43.17722],[-3.14348,43.1773],[-3.14351,43.17734]]}},{"type":"Feature","properties":{"id":434725389,"highway":"track"},"geometry":{"type":"LineString","coordinates":[[-3.1679,43.17956],[-3.16767,43.17948],[-3.16743,43.17937],[-3.16728,43.17934],[-3.16704,43.17916],[-3.16671,43.17893],[-3.16643,43.17881],[-3.16609,43.17868]]}},{"type":"Feature","properties":{"id":440016380,"highway":"cycleway","nombre":"Bidegorri Ruta del Kadagua","oneway":"no","superficie":"concrete"},"geometry":{"type":"LineString","coordinates":[[-3.17326,43.20589],[-3.17332,43.20578],[-3.17341,43.20563],[-3.17363,43.20546],[-3.1738,43.20534],[-3.17386,43.2053],[-3.17399,43.20519],[-3.17411,43.20509],[-3.17427,43.20503],[-3.1744,43.20494],[-3.17459,43.20479],[-3.17471,43.20473],[-3.17486,43.20468],[-3.17515,43.20462],[-3.17538,43.20456],[-3.17574,43.20434],[-3.17602,43.20414],[-3.17628,43.20388],[-3.17649,43.20356],[-3.17686,43.20299],[-3.17714,43.20261],[-3.17722,43.20244],[-3.17737,43.20218],[-3.17767,43.20179],[-3.1781,43.20144],[-3.17835,43.20119],[-3.17867,43.20087],[-3.17891,43.20058],[-3.17922,43.20019],[-3.17934,43.19987],[-3.1794,43.19981],[-3.17959,43.19966],[-3.17974,43.19949],[-3.17983,43.19941],[-3.18001,43.19931],[-3.18016,43.19924],[-3.1803,43.19921],[-3.18047,43.19916],[-3.18063,43.19904],[-3.18074,43.19898],[-3.1809,43.1989],[-3.18113,43.19884],[-3.18131,43.19878],[-3.18151,43.19874],[-3.18176,43.19867],[-3.18198,43.1986],[-3.18213,43.19857],[-3.18234,43.19854],[-3.18258,43.19854],[-3.18288,43.19857],[-3.18326,43.19862],[-3.18358,43.19866],[-3.18382,43.19874],[-3.18408,43.19888],[-3.18452,43.19923],[-3.18469,43.19934],[-3.18507,43.19952],[-3.18517,43.19961],[-3.18526,43.19969],[-3.18545,43.19977],[-3.18552,43.19982]]}},{"type":"Feature","properties":{"id":441643811,"highway":"unclassified","oneway":"no","superficie":"concrete"},"geometry":{"type":"LineString","coordinates":[[-3.18157,43.18956],[-3.18149,43.18951],[-3.18144,43.18946],[-3.18131,43.18938],[-3.18111,43.18929],[-3.18095,43.1892],[-3.18084,43.1891],[-3.18076,43.18905],[-3.18067,43.18902],[-3.18046,43.18897],[-3.18035,43.18892],[-3.18031,43.18887],[-3.18029,43.1888],[-3.18029,43.18876]]}},{"type":"Feature","properties":{"id":444028187,"highway":"residential","nombre":"Maestra Consuelo Robledo kalea","izena_eu":"Maestra Consuelo Robledo kalea","nombre_es":"Calle Maestra Consuelo Robledo","tunel":"yes"},"geometry":{"type":"LineString","coordinates":[[-3.11321,43.21031],[-3.11321,43.21038]]}},{"type":"Feature","properties":{"id":444028188,"highway":"footway"},"geometry":{"type":"LineString","coordinates":[[-3.11329,43.20983],[-3.1131,43.20987],[-3.11307,43.21017],[-3.11316,43.2102]]}},{"type":"Feature","properties":{"id":445178781,"highway":"footway"},"geometry":{"type":"LineString","coordinates":[[-3.13087,43.2156],[-3.13069,43.21543],[-3.13051,43.21527]]}},{"type":"Feature","properties":{"id":475048599,"highway":"track"},"geometry":{"type":"LineString","coordinates":[[-3.14676,43.18607],[-3.1466,43.1862],[-3.14638,43.18679],[-3.14637,43.18695],[-3.14638,43.18769],[-3.14634,43.18781],[-3.14617,43.18803],[-3.14606,43.18851],[-3.146,43.18875],[-3.14588,43.18915],[-3.14585,43.18938],[-3.14571,43.18973],[-3.14571,43.19003],[-3.14573,43.19025],[-3.14566,43.1906],[-3.14555,43.1908],[-3.14546,43.19153],[-3.14554,43.19171],[-3.14631,43.19244],[-3.14666,43.19297],[-3.1468,43.19318],[-3.1468,43.19337],[-3.14674,43.19381],[-3.14687,43.19402],[-3.14738,43.19446],[-3.14735,43.19486],[-3.14684,43.19544],[-3.14648,43.1962],[-3.14653,43.19627],[-3.1468,43.19621],[-3.14694,43.19623]]}},{"type":"Feature","properties":{"id":475048600,"highway":"track"},"geometry":{"type":"LineString","coordinates":[[-3.14641,43.17585],[-3.14641,43.17577],[-3.14638,43.17574],[-3.14631,43.17572],[-3.14616,43.17574],[-3.146,43.17575],[-3.1458,43.17572],[-3.14567,43.17569],[-3.1456,43.17563],[-3.14558,43.17557],[-3.14561,43.17549],[-3.14569,43.17542]]}},{"type":"Feature","properties":{"id":475048601,"highway":"path"},"geometry":{"type":"MultiLineString","coordinates":[[[-3.16019,43.17775],[-3.16009,43.17776],[-3.15993,43.17776],[-3.15976,43.17774],[-3.15968,43.17775],[-3.1596,43.17778],[-3.15949,43.1778],[-3.1593,43.17782],[-3.15915,43.17782],[-3.15898,43.17783],[-3.15882,43.17783],[-3.15864,43.17782],[-3.15852,43.17782],[-3.15844,43.1778],[-3.15827,43.17778],[-3.15809,43.17776],[-3.1579,43.17775],[-3.15772,43.17773],[-3.15761,43.17771],[-3.15749,43.17767],[-3.15737,43.17761],[-3.15728,43.17756],[-3.15713,43.17746],[-3.15705,43.17741],[-3.15688,43.1773],[-3.15678,43.17724],[-3.15665,43.17718],[-3.15656,43.17715],[-3.15649,43.17711],[-3.15639,43.1771],[-3.15634,43.17711],[-3.1563,43.1771],[-3.1561,43.177],[-3.15599,43.17696],[-3.15592,43.17693],[-3.15581,43.17688],[-3.15563,43.17683],[-3.15554,43.17681],[-3.15549,43.1768],[-3.15544,43.17677],[-3.15534,43.17673],[-3.15522,43.1767],[-3.15494,43.17665],[-3.15481,43.17663],[-3.15463,43.1766],[-3.15452,43.17659],[-3.15436,43.17658],[-3.15421,43.17654],[-3.15411,43.17653],[-3.154,43.17653],[-3.1539,43.17655],[-3.15382,43.17654],[-3.15378,43.17653],[-3.15373,43.1765],[-3.1537,43.17641],[-3.15365,43.17633],[-3.15358,43.17626],[-3.15342,43.17615],[-3.1534,43.17613],[-3.15338,43.17607],[-3.15335,43.17603],[-3.15329,43.17595],[-3.15317,43.17585],[-3.15308,43.17577],[-3.15301,43.17569],[-3.15292,43.17565],[-3.15277,43.17552],[-3.1527,43.17549],[-3.15259,43.17543],[-3.15241,43.17529],[-3.15222,43.17518],[-3.15211,43.17513],[-3.15186,43.17508],[-3.15177,43.17505],[-3.15157,43.175],[-3.1514,43.1749],[-3.15119,43.17479],[-3.15096,43.17465],[-3.15087,43.17458],[-3.15077,43.1745],[-3.15064,43.17443],[-3.15051,43.17435]],[[-3.1484,43.17389],[-3.14839,43.1739],[-3.14832,43.17391],[-3.14822,43.17391]]]}},{"type":"Feature","properties":{"id":475048602,"highway":"track"},"geometry":{"type":"LineString","coordinates":[[-3.16184,43.17746],[-3.16177,43.17747],[-3.16162,43.17753],[-3.16149,43.17756],[-3.16129,43.17759],[-3.16114,43.1776],[-3.16093,43.17764],[-3.16075,43.17767],[-3.16057,43.17768],[-3.16041,43.17771],[-3.16019,43.17775]]}},{"type":"Feature","properties":{"id":475048603,"highway":"path"},"geometry":{"type":"MultiLineString","coordinates":[[[-3.16854,43.17827],[-3.16805,43.17848],[-3.16789,43.17851],[-3.16721,43.17815],[-3.16659,43.17786],[-3.1662,43.1778],[-3.16565,43.17777],[-3.16515,43.17767],[-3.16475,43.17751],[-3.16455,43.1774]],[[-3.16248,43.17695],[-3.16247,43.17696],[-3.16208,43.17718],[-3.16203,43.1774],[-3.16198,43.17743],[-3.16184,43.17746]]]}},{"type":"Feature","properties":{"id":475048604,"highway":"track"},"geometry":{"type":"LineString","coordinates":[[-3.14232,43.17858],[-3.14264,43.17859],[-3.14304,43.17859],[-3.14333,43.17856],[-3.14345,43.17855],[-3.14354,43.17857],[-3.14366,43.17865],[-3.14386,43.17873],[-3.14423,43.17884],[-3.14461,43.17893],[-3.14485,43.17894],[-3.14501,43.17893],[-3.14525,43.17886],[-3.14546,43.17875],[-3.14591,43.17854],[-3.14614,43.17847],[-3.14656,43.17841],[-3.14687,43.17827],[-3.14715,43.17813],[-3.14768,43.17792],[-3.14799,43.17776],[-3.14809,43.1777],[-3.14824,43.17767]]}},{"type":"Feature","properties":{"id":475048605,"highway":"track"},"geometry":{"type":"LineString","coordinates":[[-3.14357,43.17804],[-3.1439,43.17804],[-3.1443,43.178],[-3.1445,43.17797],[-3.14473,43.17792],[-3.14506,43.17781],[-3.14525,43.17778],[-3.14547,43.17775],[-3.1456,43.17774],[-3.14581,43.17773],[-3.14608,43.17772],[-3.14636,43.17771],[-3.14664,43.17767]]}},{"type":"Feature","properties":{"id":475048606,"highway":"track"},"geometry":{"type":"LineString","coordinates":[[-3.14587,43.17706],[-3.14607,43.17696],[-3.14638,43.17679],[-3.14655,43.17669],[-3.14671,43.17662],[-3.14729,43.17638]]}},{"type":"Feature","properties":{"id":475048607,"highway":"track"},"geometry":{"type":"LineString","coordinates":[[-3.14553,43.17664],[-3.1458,43.17654],[-3.14598,43.17643],[-3.14612,43.17638],[-3.14648,43.17625],[-3.14656,43.1762]]}},{"type":"Feature","properties":{"id":475048608,"highway":"track"},"geometry":{"type":"LineString","coordinates":[[-3.15021,43.18181],[-3.15042,43.18177],[-3.15059,43.1817],[-3.15095,43.18153],[-3.1514,43.18133],[-3.1517,43.18123],[-3.15209,43.1811],[-3.15229,43.18102],[-3.1524,43.18097],[-3.15253,43.18094],[-3.15288,43.1809],[-3.15304,43.18088],[-3.15311,43.18089],[-3.15317,43.18093],[-3.15326,43.18102],[-3.15332,43.18114],[-3.15336,43.18127],[-3.15335,43.18134],[-3.1533,43.1815],[-3.15324,43.1816],[-3.15312,43.18178],[-3.15305,43.18195]]}},{"type":"Feature","properties":{"id":475048609,"highway":"track"},"geometry":{"type":"LineString","coordinates":[[-3.14886,43.17815],[-3.14897,43.17855],[-3.14903,43.17897],[-3.14911,43.17967],[-3.14912,43.1799],[-3.14911,43.18029],[-3.14907,43.18062],[-3.14906,43.18089],[-3.14902,43.18102],[-3.1489,43.18135],[-3.14882,43.18151],[-3.14882,43.18158],[-3.14883,43.18167],[-3.14894,43.18189],[-3.14897,43.18197],[-3.14931,43.18194],[-3.14968,43.18196],[-3.14979,43.18195],[-3.1499,43.18191],[-3.15021,43.18181],[-3.15037,43.18174],[-3.15053,43.18166],[-3.15082,43.18149],[-3.15108,43.1813]]}},{"type":"Feature","properties":{"id":475048610,"highway":"track"},"geometry":{"type":"MultiLineString","coordinates":[[[-3.14208,43.17792],[-3.14202,43.17791],[-3.14199,43.17791]],[[-3.14154,43.17822],[-3.14155,43.17825],[-3.14169,43.17833],[-3.14182,43.1784],[-3.14192,43.17842],[-3.14213,43.17847],[-3.14231,43.17848],[-3.14244,43.1785],[-3.14247,43.17852],[-3.14241,43.17856],[-3.14232,43.17858],[-3.14202,43.17864],[-3.14154,43.17871],[-3.14129,43.17874],[-3.14119,43.17874],[-3.1409,43.17875],[-3.14078,43.17875]],[[-3.14045,43.17898],[-3.14047,43.17901],[-3.14054,43.17912],[-3.14062,43.17925],[-3.14072,43.1794],[-3.14089,43.17961],[-3.14108,43.17982],[-3.14124,43.17998],[-3.14128,43.18004],[-3.14126,43.18009],[-3.14115,43.18014],[-3.14039,43.18043],[-3.13998,43.18055],[-3.1394,43.1807],[-3.13908,43.18082],[-3.13886,43.18092],[-3.13875,43.18096],[-3.13869,43.18099],[-3.13864,43.18103],[-3.13863,43.18105],[-3.1386,43.18109],[-3.13858,43.18113],[-3.13856,43.18117]]]}},{"type":"Feature","properties":{"id":475048611,"highway":"track"},"geometry":{"type":"LineString","coordinates":[[-3.17044,43.18142],[-3.17032,43.18145],[-3.17008,43.1815],[-3.16994,43.18151],[-3.16958,43.18154],[-3.16926,43.18158],[-3.16914,43.1816],[-3.16889,43.18164],[-3.16844,43.18177],[-3.16799,43.18192],[-3.16771,43.18203],[-3.1675,43.18207],[-3.16728,43.1821],[-3.16714,43.1821],[-3.16705,43.1821]]}},{"type":"Feature","properties":{"id":475048612,"highway":"track"},"geometry":{"type":"LineString","coordinates":[[-3.16741,43.18126],[-3.1673,43.18142],[-3.16716,43.18169],[-3.16706,43.18193],[-3.16705,43.1821],[-3.16699,43.18253],[-3.16692,43.1829],[-3.1669,43.18297],[-3.16684,43.18302],[-3.16677,43.18307],[-3.16673,43.18321],[-3.16664,43.18332],[-3.16656,43.18336],[-3.16648,43.18337],[-3.16637,43.18316],[-3.16632,43.18284],[-3.16621,43.18233],[-3.1662,43.18219],[-3.16624,43.18203],[-3.16629,43.18181],[-3.16631,43.18159],[-3.16629,43.18145],[-3.16626,43.1813],[-3.16619,43.18108],[-3.16612,43.1809],[-3.16601,43.1807],[-3.16588,43.18052],[-3.16566,43.1803],[-3.16543,43.18013],[-3.16528,43.18009],[-3.16517,43.18011],[-3.16506,43.18016],[-3.16469,43.18019],[-3.1645,43.18017],[-3.16433,43.18011],[-3.16406,43.18002],[-3.16375,43.17994],[-3.16354,43.17982],[-3.16324,43.17965],[-3.16288,43.17947]]}},{"type":"Feature","properties":{"id":475048613,"highway":"track"},"geometry":{"type":"LineString","coordinates":[[-3.1717,43.17934],[-3.17155,43.17944],[-3.17146,43.17946],[-3.17126,43.17951],[-3.17117,43.17955],[-3.17084,43.17971],[-3.17069,43.17979],[-3.17042,43.17993],[-3.17015,43.18009],[-3.16976,43.1803],[-3.16939,43.18051],[-3.16918,43.1806],[-3.16902,43.18066],[-3.16885,43.18071],[-3.16843,43.18089],[-3.16825,43.18092]]}},{"type":"Feature","properties":{"id":475048614,"highway":"path"},"geometry":{"type":"LineString","coordinates":[[-3.16079,43.18155],[-3.16074,43.18163],[-3.16046,43.18186],[-3.16012,43.18217],[-3.15983,43.1824],[-3.15967,43.18255],[-3.15952,43.18265],[-3.15948,43.18271]]}},{"type":"Feature","properties":{"id":475057548,"highway":"track"},"geometry":{"type":"LineString","coordinates":[[-3.12373,43.19201],[-3.12364,43.19204],[-3.12348,43.1921],[-3.12332,43.19223],[-3.12312,43.19241],[-3.12298,43.19255],[-3.12286,43.19263],[-3.12266,43.19278],[-3.12251,43.19285],[-3.12231,43.19291],[-3.12223,43.19294],[-3.1223,43.19299],[-3.12248,43.19307],[-3.12269,43.19312],[-3.12284,43.19312],[-3.12291,43.19312],[-3.12292,43.19314],[-3.12284,43.19321],[-3.12262,43.19334],[-3.12231,43.19352],[-3.12207,43.1936],[-3.12172,43.19364],[-3.12144,43.19364],[-3.12121,43.19357],[-3.12105,43.19349],[-3.12096,43.19343],[-3.12078,43.19342],[-3.12069,43.19345],[-3.12067,43.1935],[-3.12074,43.19364],[-3.12086,43.19375],[-3.12092,43.19381],[-3.12093,43.19385],[-3.12079,43.19394],[-3.12064,43.19403],[-3.12049,43.19412],[-3.12044,43.19421],[-3.1204,43.1944],[-3.12039,43.19444],[-3.12032,43.19454],[-3.12028,43.19467],[-3.12025,43.19488],[-3.12024,43.19501],[-3.12023,43.19508]]}},{"type":"Feature","properties":{"id":475057549,"highway":"track"},"geometry":{"type":"LineString","coordinates":[[-3.12248,43.18995],[-3.12252,43.19003],[-3.12262,43.19017],[-3.12274,43.19039],[-3.12291,43.1908],[-3.12297,43.19102],[-3.12299,43.19119],[-3.12301,43.19135],[-3.12304,43.19144],[-3.12311,43.1915],[-3.12322,43.19158],[-3.12326,43.19163],[-3.12323,43.19168],[-3.12317,43.19173],[-3.12304,43.19178],[-3.12288,43.19181],[-3.12285,43.19184],[-3.12287,43.19187],[-3.12292,43.19188],[-3.12306,43.19189],[-3.1232,43.19192],[-3.12348,43.19196],[-3.12373,43.19201],[-3.12406,43.19207],[-3.12434,43.19216],[-3.12464,43.19229],[-3.12492,43.19243],[-3.12516,43.19253],[-3.12532,43.19257],[-3.12545,43.19259],[-3.12552,43.19258]]}},{"type":"Feature","properties":{"id":475057550,"highway":"path"},"geometry":{"type":"LineString","coordinates":[[-3.11938,43.18761],[-3.1194,43.18765],[-3.11942,43.18775],[-3.11948,43.18791],[-3.11955,43.188],[-3.11963,43.18806],[-3.11977,43.18815],[-3.11985,43.18821],[-3.11989,43.18826],[-3.11998,43.18838],[-3.12007,43.18853],[-3.12012,43.18862],[-3.12027,43.18882],[-3.12037,43.18892],[-3.12054,43.18903],[-3.12061,43.18906],[-3.12075,43.18915],[-3.12081,43.18922],[-3.12091,43.18939],[-3.12101,43.18951],[-3.12108,43.18959],[-3.12119,43.18965],[-3.12131,43.1897],[-3.12146,43.18974],[-3.12166,43.18978],[-3.12191,43.18981],[-3.1222,43.18987],[-3.12231,43.18988],[-3.12239,43.18988]]}},{"type":"Feature","properties":{"id":475057552,"highway":"path"},"geometry":{"type":"LineString","coordinates":[[-3.1143,43.187],[-3.11441,43.18711],[-3.11443,43.18717],[-3.11441,43.18725],[-3.1144,43.1873],[-3.11445,43.18733],[-3.11451,43.18729],[-3.11459,43.18718],[-3.11468,43.18709],[-3.11481,43.18706],[-3.11492,43.18706],[-3.11519,43.18701],[-3.11543,43.18696],[-3.11563,43.18691]]}},{"type":"Feature","properties":{"id":475057553,"highway":"track"},"geometry":{"type":"LineString","coordinates":[[-3.11563,43.18691],[-3.11575,43.18686]]}},{"type":"Feature","properties":{"id":475057558,"highway":"path"},"geometry":{"type":"LineString","coordinates":[[-3.12325,43.185],[-3.12325,43.18505],[-3.12326,43.18517],[-3.12328,43.18541],[-3.12326,43.18557],[-3.12324,43.18569],[-3.12319,43.18577],[-3.12315,43.18583],[-3.1231,43.18589],[-3.123,43.18597],[-3.12287,43.18605],[-3.12277,43.1861],[-3.12264,43.18613],[-3.1225,43.18617],[-3.12234,43.1862],[-3.12208,43.18624],[-3.12192,43.18627],[-3.12182,43.18629]]}},{"type":"Feature","properties":{"id":475057560,"highway":"track"},"geometry":{"type":"LineString","coordinates":[[-3.12573,43.18312],[-3.12569,43.1831],[-3.12564,43.18308]]}},{"type":"Feature","properties":{"id":475057561,"highway":"track"},"geometry":{"type":"MultiLineString","coordinates":[[[-3.12655,43.18252],[-3.12645,43.18261],[-3.12641,43.18264],[-3.12632,43.18269],[-3.12622,43.18275],[-3.12598,43.18289],[-3.12577,43.18303],[-3.12569,43.1831],[-3.12557,43.18313]],[[-3.12464,43.18338],[-3.12456,43.18341],[-3.1244,43.18345],[-3.12434,43.18347],[-3.12401,43.18356],[-3.12383,43.1836],[-3.12372,43.18357]],[[-3.1237,43.18359],[-3.12371,43.18363],[-3.12365,43.18364]]]}},{"type":"Feature","properties":{"id":475057565,"highway":"track"},"geometry":{"type":"LineString","coordinates":[[-3.17203,43.17906],[-3.17209,43.179],[-3.1722,43.17899],[-3.17246,43.17907],[-3.17273,43.17922],[-3.17296,43.17946],[-3.17301,43.17952],[-3.17322,43.17991],[-3.17336,43.18021],[-3.17354,43.18056],[-3.17364,43.18077],[-3.17384,43.18123],[-3.17394,43.18142],[-3.17402,43.18156],[-3.17412,43.18174],[-3.17423,43.18187],[-3.17435,43.18196],[-3.17446,43.18199],[-3.17455,43.18197],[-3.17473,43.1819],[-3.17487,43.18183],[-3.17518,43.18156],[-3.17529,43.18146],[-3.17534,43.18139],[-3.17542,43.18123],[-3.17554,43.18088],[-3.17559,43.1807],[-3.17567,43.18024],[-3.17577,43.17997],[-3.17593,43.17958],[-3.17599,43.17945],[-3.1762,43.17911],[-3.17641,43.17877],[-3.17652,43.17864],[-3.17664,43.17852],[-3.17672,43.17844],[-3.17673,43.17834],[-3.17675,43.17814],[-3.17678,43.17792],[-3.17685,43.1777],[-3.17689,43.17763],[-3.17697,43.17756],[-3.17721,43.17735],[-3.17741,43.17715],[-3.17758,43.17702],[-3.17789,43.17684],[-3.17819,43.17667],[-3.17834,43.17662],[-3.17883,43.17649],[-3.17901,43.17648],[-3.17908,43.1765],[-3.17911,43.17653]]}},{"type":"Feature","properties":{"id":475057568,"highway":"path"},"geometry":{"type":"LineString","coordinates":[[-3.14208,43.17785],[-3.14207,43.17785],[-3.14209,43.17788],[-3.1421,43.1779],[-3.14208,43.17792]]}},{"type":"Feature","properties":{"id":475091146,"highway":"service"},"geometry":{"type":"LineString","coordinates":[[-3.1684,43.20022],[-3.16886,43.20022],[-3.16898,43.20026],[-3.16905,43.20032],[-3.16913,43.20039],[-3.1692,43.20047],[-3.16926,43.20052],[-3.16937,43.20054],[-3.16949,43.20054],[-3.16968,43.20056],[-3.16998,43.20062],[-3.17037,43.20075],[-3.17062,43.20083],[-3.17072,43.20087],[-3.17072,43.20098],[-3.1707,43.20124],[-3.17076,43.20147],[-3.17085,43.20164],[-3.17092,43.20184],[-3.17104,43.20198],[-3.17118,43.20212],[-3.17126,43.20222],[-3.17127,43.20231],[-3.171,43.20249],[-3.17092,43.20257],[-3.17099,43.20291],[-3.17101,43.20301],[-3.17106,43.20336],[-3.17096,43.20367]]}},{"type":"Feature","properties":{"id":475091147,"highway":"service"},"geometry":{"type":"LineString","coordinates":[[-3.17224,43.20138],[-3.17221,43.20138],[-3.17218,43.20134],[-3.17212,43.20119],[-3.17204,43.20105],[-3.17179,43.2008],[-3.17169,43.20074],[-3.17162,43.20072],[-3.17153,43.20074],[-3.17148,43.2008],[-3.17142,43.2009],[-3.17137,43.20096],[-3.17127,43.20098],[-3.17115,43.20097],[-3.17103,43.20091],[-3.17095,43.20087],[-3.17087,43.20086],[-3.17072,43.20087]]}},{"type":"Feature","properties":{"id":475091148,"highway":"track"},"geometry":{"type":"LineString","coordinates":[[-3.17354,43.19978],[-3.17342,43.19961],[-3.17335,43.19947],[-3.17329,43.19933],[-3.17324,43.19924],[-3.17309,43.19903],[-3.17288,43.19874],[-3.17281,43.19857],[-3.17276,43.19828],[-3.17271,43.19799],[-3.17267,43.19768],[-3.17261,43.19758],[-3.17254,43.1975],[-3.17243,43.19745],[-3.17209,43.19732],[-3.17197,43.19729],[-3.17186,43.19729],[-3.17156,43.19731],[-3.17133,43.1973],[-3.17103,43.19726],[-3.17091,43.19722],[-3.17085,43.19716],[-3.17082,43.19707],[-3.17084,43.19693],[-3.17089,43.19679],[-3.17101,43.19655],[-3.17112,43.19634],[-3.17125,43.19611],[-3.17127,43.19605],[-3.17131,43.19569],[-3.17135,43.1955],[-3.17141,43.1953]]}},{"type":"Feature","properties":{"id":475091149,"highway":"track"},"geometry":{"type":"LineString","coordinates":[[-3.17042,43.19749],[-3.17032,43.1974],[-3.17022,43.1972],[-3.17018,43.19703],[-3.1702,43.19682],[-3.17024,43.19673],[-3.17031,43.19663],[-3.17031,43.19654],[-3.17025,43.19645],[-3.17007,43.19629],[-3.16994,43.19617],[-3.16992,43.19605],[-3.16993,43.19594],[-3.16999,43.19569],[-3.17,43.19549],[-3.17001,43.19538],[-3.16978,43.19511],[-3.16979,43.1949],[-3.16973,43.19477]]}},{"type":"Feature","properties":{"id":475098563,"highway":"service","nombre":"Barrio Ibarra"},"geometry":{"type":"LineString","coordinates":[[-3.14062,43.2037],[-3.14062,43.20365],[-3.14067,43.20355],[-3.14052,43.20355],[-3.14039,43.20354],[-3.14035,43.20352],[-3.14029,43.20349],[-3.14025,43.20345],[-3.14022,43.20341],[-3.14019,43.20331],[-3.14019,43.20311],[-3.14028,43.20284],[-3.1404,43.20262],[-3.14042,43.20258],[-3.14049,43.20232],[-3.14063,43.20209]]}},{"type":"Feature","properties":{"id":475098565,"highway":"residential","nombre":"Avenida Lanzagorta"},"geometry":{"type":"LineString","coordinates":[[-3.13186,43.20772],[-3.13185,43.20763],[-3.13185,43.20759],[-3.13181,43.20724],[-3.13181,43.2072],[-3.1318,43.20719],[-3.13177,43.2071],[-3.13171,43.20699],[-3.1316,43.20686],[-3.13142,43.20674],[-3.13138,43.20672],[-3.13108,43.20658],[-3.13103,43.20655],[-3.13095,43.20652],[-3.13054,43.20631],[-3.13041,43.20622],[-3.13037,43.2062]]}},{"type":"Feature","properties":{"id":475098566,"highway":"service","nombre":"Torre de Maruri"},"geometry":{"type":"MultiLineString","coordinates":[[[-3.11554,43.2116],[-3.11559,43.21159],[-3.11565,43.21161],[-3.11578,43.21171],[-3.11588,43.21183],[-3.11603,43.21207],[-3.1161,43.21217],[-3.11616,43.21228],[-3.11618,43.21237],[-3.11619,43.21241],[-3.11622,43.21247],[-3.11639,43.21289],[-3.11659,43.21326],[-3.11683,43.21355],[-3.11697,43.21371],[-3.11704,43.21382],[-3.11713,43.21416],[-3.11716,43.21428],[-3.1172,43.2144],[-3.11723,43.21449],[-3.11728,43.21457],[-3.11736,43.21466],[-3.11738,43.21471],[-3.11743,43.21474],[-3.11746,43.21488],[-3.11745,43.2151],[-3.11743,43.2153],[-3.11743,43.21539],[-3.11741,43.21566],[-3.11742,43.21576],[-3.11745,43.21599],[-3.11748,43.21608],[-3.11752,43.21614]],[[-3.11909,43.21754],[-3.11915,43.2176],[-3.11929,43.21778],[-3.11937,43.21792],[-3.11941,43.21803],[-3.11942,43.21814],[-3.1194,43.2183],[-3.11939,43.21836]]]}},{"type":"Feature","properties":{"id":475098567,"highway":"residential","nombre":"Mendi Alde auzoa","izena_eu":"Mendi Alde auzoa","nombre_es":"Barrio Mendi Alde"},"geometry":{"type":"LineString","coordinates":[[-3.11791,43.21133],[-3.11794,43.21135],[-3.11796,43.21139],[-3.11803,43.21154],[-3.11809,43.21169],[-3.1182,43.21192],[-3.11821,43.21194],[-3.1183,43.21203],[-3.1184,43.21212],[-3.11846,43.21217],[-3.1187,43.21244]]}},{"type":"Feature","properties":{"id":475098568,"highway":"residential","nombre":"Mendi Alde auzoa","izena_eu":"Mendi Alde auzoa","nombre_es":"Barrio Mendi Alde"},"geometry":{"type":"LineString","coordinates":[[-3.11791,43.21133],[-3.11765,43.2114],[-3.11745,43.21144],[-3.11735,43.2115],[-3.11714,43.21164],[-3.11711,43.21169],[-3.11711,43.21173],[-3.11715,43.21179],[-3.11722,43.21186]]}},{"type":"Feature","properties":{"id":475098569,"highway":"unclassified","nombre":"Chavarri auzoa","izena_eu":"Chavarri auzoa","nombre_es":"Barrio Chavarri"},"geometry":{"type":"LineString","coordinates":[[-3.1187,43.21244],[-3.11889,43.21239],[-3.11895,43.21236],[-3.11897,43.21235],[-3.119,43.21232],[-3.1191,43.21211],[-3.11921,43.21199],[-3.11927,43.21189],[-3.11928,43.21185],[-3.1193,43.21168],[-3.11935,43.21164],[-3.11948,43.21158],[-3.11955,43.21155],[-3.11961,43.21152],[-3.11964,43.21145],[-3.11965,43.21137],[-3.11966,43.21123],[-3.11967,43.21121]]}},{"type":"Feature","properties":{"id":475098971,"highway":"service"},"geometry":{"type":"LineString","coordinates":[[-3.11739,43.21204],[-3.11685,43.21204],[-3.11677,43.21205],[-3.11669,43.21209],[-3.11662,43.21214]]}},{"type":"Feature","properties":{"id":475098972,"highway":"residential","nombre":"Mendi Alde auzoa","izena_eu":"Mendi Alde auzoa","nombre_es":"Barrio Mendi Alde"},"geometry":{"type":"LineString","coordinates":[[-3.11739,43.21204],[-3.11758,43.21223],[-3.1176,43.21226],[-3.11777,43.21243]]}},{"type":"Feature","properties":{"id":475098973,"highway":"pedestrian","nombre":"Mendi Alde auzoa","izena_eu":"Mendi Alde auzoa","nombre_es":"Barrio Mendi Alde"},"geometry":{"type":"LineString","coordinates":[[-3.11722,43.21186],[-3.11687,43.21184],[-3.11666,43.21186],[-3.11648,43.21195]]}},{"type":"Feature","properties":{"id":475098974,"highway":"residential","nombre":"Mendi Alde auzoa","izena_eu":"Mendi Alde auzoa","nombre_es":"Barrio Mendi Alde"},"geometry":{"type":"LineString","coordinates":[[-3.11722,43.21186],[-3.11739,43.21204]]}},{"type":"Feature","properties":{"id":475098975,"highway":"unclassified","nombre":"Chavarri auzoa","izena_eu":"Chavarri auzoa","nombre_es":"Barrio Chavarri"},"geometry":{"type":"LineString","coordinates":[[-3.11967,43.21121],[-3.11965,43.2112],[-3.11959,43.21118],[-3.11945,43.21119],[-3.11938,43.21116],[-3.11928,43.21114]]}},{"type":"Feature","properties":{"id":475098976,"highway":"unclassified","nombre":"Chavarri auzoa","izena_eu":"Chavarri auzoa","nombre_es":"Barrio Chavarri"},"geometry":{"type":"LineString","coordinates":[[-3.11928,43.21114],[-3.11924,43.21113],[-3.11911,43.21112],[-3.11898,43.21113],[-3.11877,43.21118],[-3.11873,43.21119],[-3.11856,43.21125],[-3.11851,43.21127],[-3.11823,43.21129],[-3.11791,43.21133]]}},{"type":"Feature","properties":{"id":475099467,"highway":"track","superficie":"ground"},"geometry":{"type":"LineString","coordinates":[[-3.12644,43.20324],[-3.12633,43.20304],[-3.1261,43.20278],[-3.12573,43.20245],[-3.12558,43.20225],[-3.1253,43.20187],[-3.12519,43.20147],[-3.12416,43.20042],[-3.12361,43.19996],[-3.12296,43.19932],[-3.12269,43.1991],[-3.12247,43.19877],[-3.12215,43.19834],[-3.12198,43.19792],[-3.12192,43.1978],[-3.12185,43.19763],[-3.12172,43.19751],[-3.12159,43.19742],[-3.1215,43.19729],[-3.1214,43.19711],[-3.12121,43.19668],[-3.12105,43.19645],[-3.12096,43.19631],[-3.12062,43.19616],[-3.12034,43.19602],[-3.12005,43.19592],[-3.12004,43.19589],[-3.12008,43.19567],[-3.1201,43.19552],[-3.12007,43.19536],[-3.12009,43.19521],[-3.12017,43.19513],[-3.12023,43.19508],[-3.12011,43.19503],[-3.11976,43.19499],[-3.1193,43.19488],[-3.11914,43.19485],[-3.11908,43.19484],[-3.11895,43.19481],[-3.11868,43.19471],[-3.11857,43.19458],[-3.1186,43.1944],[-3.11869,43.19424],[-3.11867,43.19411],[-3.11852,43.19404],[-3.1182,43.19398],[-3.11793,43.19398],[-3.11768,43.19392],[-3.11748,43.1938],[-3.11714,43.19351],[-3.11707,43.19333],[-3.11691,43.19327],[-3.11674,43.19326],[-3.11645,43.1933],[-3.11629,43.19327],[-3.11611,43.19322],[-3.11539,43.19328],[-3.11511,43.19327],[-3.11469,43.19324],[-3.11353,43.19328],[-3.11281,43.19315],[-3.11276,43.19314],[-3.11258,43.19304],[-3.11221,43.19268],[-3.11182,43.19239],[-3.11126,43.19205],[-3.111,43.19184],[-3.11093,43.19174]]}},{"type":"Feature","properties":{"id":475099468,"highway":"track","superficie":"gravel"},"geometry":{"type":"LineString","coordinates":[[-3.11241,43.19748],[-3.11245,43.19716],[-3.11254,43.19672],[-3.11271,43.19614],[-3.11283,43.19587],[-3.11303,43.1957],[-3.11358,43.19494],[-3.11379,43.19463],[-3.11382,43.19453],[-3.11422,43.19423],[-3.1143,43.1941],[-3.11426,43.19398],[-3.11404,43.1938],[-3.11357,43.19356],[-3.11291,43.19325],[-3.11281,43.19315]]}},{"type":"Feature","properties":{"id":484526964,"highway":"residential","nombre":"La Perenal kalea","izena_eu":"La Perenal kalea","nombre_es":"Calle La Perenal"},"geometry":{"type":"LineString","coordinates":[[-3.1076,43.21045],[-3.10826,43.21043],[-3.10927,43.21041]]}},{"type":"Feature","properties":{"id":512552714,"highway":"primary","nombre":"Kadaguako igarobidea","izena_eu":"Kadaguako igarobidea","nombre_es":"Corredor del Cadagua","oneway":"no","superficie":"asphalt"},"geometry":{"type":"LineString","coordinates":[[-3.17632,43.20179],[-3.17609,43.20204],[-3.17587,43.20226],[-3.17568,43.20242],[-3.17548,43.20255],[-3.17524,43.2027],[-3.17497,43.20282],[-3.1747,43.20292],[-3.17446,43.20299],[-3.17419,43.20305]]}},{"type":"Feature","properties":{"id":512552715,"highway":"tertiary","nombre":"Barrio Ibarra","ref":"BI-3651","superficie":"asphalt"},"geometry":{"type":"LineString","coordinates":[[-3.14377,43.20467],[-3.14383,43.20467],[-3.14391,43.20464],[-3.14402,43.20459],[-3.14418,43.20448],[-3.14454,43.20424]]}},{"type":"Feature","properties":{"id":512552718,"highway":"tertiary","nombre":"Avenida Nuestra Señora del Rosario","ref":"BI-3602","oneway":"yes","superficie":"asphalt"},"geometry":{"type":"LineString","coordinates":[[-3.13208,43.21399],[-3.13218,43.2141],[-3.1323,43.21419]]}},{"type":"Feature","properties":{"id":512552719,"highway":"tertiary","superficie":"asphalt"},"geometry":{"type":"LineString","coordinates":[[-3.12469,43.21116],[-3.12473,43.21116]]}},{"type":"Feature","properties":{"id":512554280,"highway":"tertiary","superficie":"asphalt"},"geometry":{"type":"LineString","coordinates":[[-3.12459,43.21098],[-3.12458,43.21099]]}},{"type":"Feature","properties":{"id":512554281,"highway":"tertiary","superficie":"asphalt"},"geometry":{"type":"LineString","coordinates":[[-3.12473,43.21116],[-3.1248,43.21116],[-3.12486,43.21114],[-3.1249,43.2111],[-3.12493,43.21106]]}},{"type":"Feature","properties":{"id":512554282,"highway":"primary","nombre":"Kadaguako igarobidea","izena_eu":"Kadaguako igarobidea","nombre_es":"Corredor del Cadagua","oneway":"no","superficie":"asphalt"},"geometry":{"type":"LineString","coordinates":[[-3.17699,43.20112],[-3.17632,43.20179]]}},{"type":"Feature","properties":{"id":512565800,"highway":"residential","oneway":"yes"},"geometry":{"type":"LineString","coordinates":[[-3.13058,43.21363],[-3.13023,43.21354]]}},{"type":"Feature","properties":{"id":519165154,"highway":"residential","nombre":"Luis Sese kalea","izena_eu":"Luis Sese kalea","nombre_es":"Calle Luis Sese","oneway":"yes"},"geometry":{"type":"LineString","coordinates":[[-3.13166,43.21327],[-3.13175,43.21331],[-3.13205,43.21342]]}},{"type":"Feature","properties":{"id":519165155,"highway":"living_street","nombre":"Calle Luis Sese","oneway":"no"},"geometry":{"type":"LineString","coordinates":[[-3.1328,43.21367],[-3.13284,43.21367],[-3.13286,43.21367],[-3.13287,43.21368],[-3.13301,43.21369],[-3.13321,43.21369],[-3.13358,43.21365],[-3.13359,43.21365]]}},{"type":"Feature","properties":{"id":519165156,"highway":"living_street","nombre":"Luis Sese kalea","izena_eu":"Luis Sese kalea","nombre_es":"Calle Luis Sese"},"geometry":{"type":"LineString","coordinates":[[-3.13205,43.21342],[-3.13211,43.21344],[-3.13275,43.21365],[-3.13275,43.21365],[-3.1328,43.21367]]}},{"type":"Feature","properties":{"id":519166568,"highway":"service"},"geometry":{"type":"LineString","coordinates":[[-3.12806,43.21286],[-3.12806,43.21283],[-3.12807,43.21281],[-3.12808,43.21276]]}},{"type":"Feature","properties":{"id":530892823,"highway":"path"},"geometry":{"type":"LineString","coordinates":[[-3.14119,43.17874],[-3.14129,43.17866],[-3.14141,43.17859],[-3.14154,43.17853],[-3.14164,43.17843],[-3.14169,43.17833],[-3.14176,43.17828],[-3.14185,43.17819],[-3.14199,43.17812],[-3.14206,43.17804],[-3.14208,43.17792]]}},{"type":"Feature","properties":{"id":530892824,"highway":"path"},"geometry":{"type":"MultiLineString","coordinates":[[[-3.14155,43.17825],[-3.14147,43.17827]],[[-3.14135,43.17835],[-3.1413,43.17846],[-3.14115,43.17856],[-3.14106,43.17861],[-3.14097,43.17866],[-3.14092,43.17871],[-3.14094,43.17873],[-3.1409,43.17875],[-3.14084,43.17883],[-3.14069,43.17894],[-3.14061,43.17904],[-3.14056,43.17909],[-3.14054,43.17912],[-3.14043,43.17925],[-3.14028,43.1793],[-3.14002,43.1795],[-3.13976,43.17966],[-3.13955,43.17987],[-3.13922,43.18017],[-3.1389,43.18048],[-3.13866,43.1807]]]}},{"type":"Feature","properties":{"id":530892827,"highway":"path"},"geometry":{"type":"LineString","coordinates":[[-3.14445,43.1762],[-3.14455,43.17617],[-3.14459,43.17613],[-3.14462,43.17608],[-3.14474,43.17609],[-3.1448,43.17607],[-3.14494,43.17595],[-3.14518,43.17579],[-3.14531,43.17568],[-3.14561,43.17549]]}},{"type":"Feature","properties":{"id":530893076,"highway":"track"},"geometry":{"type":"LineString","coordinates":[[-3.16118,43.17726],[-3.16103,43.17725],[-3.16084,43.17724],[-3.16049,43.17719],[-3.1603,43.17715],[-3.16013,43.1771],[-3.15991,43.17706],[-3.1597,43.17704],[-3.1594,43.17703],[-3.15907,43.17702],[-3.15881,43.17702],[-3.15861,43.17701],[-3.15833,43.17694],[-3.15803,43.17688],[-3.15767,43.17684],[-3.15736,43.17677],[-3.15701,43.17669],[-3.1567,43.17664],[-3.15646,43.17658],[-3.15615,43.17651],[-3.15591,43.17647],[-3.15567,43.17642],[-3.15535,43.17634],[-3.15501,43.17622],[-3.15472,43.17609],[-3.15444,43.17597],[-3.15419,43.17585],[-3.15395,43.17574],[-3.15335,43.17545],[-3.15294,43.17528],[-3.15252,43.17509],[-3.15215,43.17491],[-3.15183,43.17476],[-3.15166,43.17466],[-3.15155,43.17458]]}},{"type":"Feature","properties":{"id":531134262,"highway":"track"},"geometry":{"type":"LineString","coordinates":[[-3.12948,43.23647],[-3.12956,43.23633],[-3.12962,43.23621],[-3.12961,43.23607],[-3.12953,43.23576],[-3.12938,43.23535],[-3.12928,43.23519]]}},{"type":"Feature","properties":{"id":531134269,"highway":"track"},"geometry":{"type":"LineString","coordinates":[[-3.13743,43.2378],[-3.13721,43.23772],[-3.1369,43.23756],[-3.13665,43.23745],[-3.1363,43.2373],[-3.13592,43.23705]]}},{"type":"Feature","properties":{"id":531134277,"highway":"track"},"geometry":{"type":"MultiLineString","coordinates":[[[-3.12954,43.23655],[-3.12963,43.2366],[-3.12989,43.23672],[-3.13005,43.23682],[-3.13026,43.23693],[-3.13024,43.23726],[-3.13022,43.23741]],[[-3.13098,43.23808],[-3.13113,43.238],[-3.13139,43.23792],[-3.13164,43.23787],[-3.13196,43.23787],[-3.13228,43.23787],[-3.13249,43.23789],[-3.13274,43.23781],[-3.13295,43.23778],[-3.13335,43.23782],[-3.13365,43.23785],[-3.13404,43.23794],[-3.13436,43.23798],[-3.13459,43.23799],[-3.13486,43.23798],[-3.13511,43.23805],[-3.13535,43.23812],[-3.13574,43.23823],[-3.13587,43.23827],[-3.13598,43.23832]]]}},{"type":"Feature","properties":{"id":544002381,"highway":"residential","nombre":"Calle Doctor Andrés Aya Goñi","oneway":"yes"},"geometry":{"type":"LineString","coordinates":[[-3.13176,43.21295],[-3.13185,43.21295],[-3.1319,43.21295]]}},{"type":"Feature","properties":{"id":544002382,"highway":"residential","nombre":"Calle Doctor Andrés Aya Goñi","oneway":"yes","superficie":"asphalt"},"geometry":{"type":"LineString","coordinates":[[-3.1319,43.21295],[-3.13221,43.21291],[-3.13246,43.21287],[-3.1325,43.21287],[-3.13259,43.21285]]}},{"type":"Feature","properties":{"id":544002383,"highway":"residential","nombre":"Barrio El Carmen","oneway":"yes"},"geometry":{"type":"LineString","coordinates":[[-3.13322,43.2123],[-3.13309,43.21265],[-3.13306,43.21273],[-3.13303,43.21279]]}},{"type":"Feature","properties":{"id":544002385,"highway":"residential","nombre":"Barrio El Carmen","oneway":"yes"},"geometry":{"type":"LineString","coordinates":[[-3.13322,43.2123],[-3.13298,43.21225],[-3.13317,43.21174],[-3.13318,43.21162]]}},{"type":"Feature","properties":{"id":544002386,"highway":"residential","nombre":"Barrio El Carmen","oneway":"yes"},"geometry":{"type":"LineString","coordinates":[[-3.13298,43.21225],[-3.13275,43.2122],[-3.13296,43.21171],[-3.13298,43.21161]]}},{"type":"Feature","properties":{"id":544002387,"highway":"residential","nombre":"Barrio El Carmen"},"geometry":{"type":"LineString","coordinates":[[-3.13322,43.2123],[-3.13332,43.21232]]}},{"type":"Feature","properties":{"id":544002389,"highway":"service"},"geometry":{"type":"LineString","coordinates":[[-3.13117,43.21497],[-3.13086,43.21532]]}},{"type":"Feature","properties":{"id":544002390,"highway":"residential","nombre":"Avenida Sabino Arana","oneway":"yes"},"geometry":{"type":"LineString","coordinates":[[-3.13371,43.21586],[-3.13368,43.21585],[-3.13265,43.2156],[-3.13239,43.21554]]}},{"type":"Feature","properties":{"id":544002391,"highway":"residential","nombre":"Avenida Sabino Arana"},"geometry":{"type":"LineString","coordinates":[[-3.13433,43.21513],[-3.13429,43.21517],[-3.13427,43.2152],[-3.13424,43.21522],[-3.13386,43.21579]]}},{"type":"Feature","properties":{"id":544002392,"highway":"residential","nombre":"Avenida Sabino Arana","oneway":"yes"},"geometry":{"type":"LineString","coordinates":[[-3.13386,43.21579],[-3.13381,43.21584],[-3.13371,43.21586]]}},{"type":"Feature","properties":{"id":544002393,"highway":"residential","nombre":"Ligueti auzoa","izena_eu":"Ligueti auzoa","nombre_es":"Barrio Ligueti","oneway":"yes"},"geometry":{"type":"LineString","coordinates":[[-3.13424,43.21522],[-3.13433,43.21526]]}},{"type":"Feature","properties":{"id":544002394,"highway":"cycleway"},"geometry":{"type":"LineString","coordinates":[[-3.12396,43.20874],[-3.1242,43.20907],[-3.1243,43.20911]]}},{"type":"Feature","properties":{"id":544179619,"highway":"service","oneway":"no","superficie":"asphalt"},"geometry":{"type":"LineString","coordinates":[[-3.14229,43.20436],[-3.14219,43.20419],[-3.14217,43.20409],[-3.14219,43.20396],[-3.14224,43.20384],[-3.1423,43.20376],[-3.14234,43.20377],[-3.14241,43.2038]]}},{"type":"Feature","properties":{"id":544179620,"highway":"residential","nombre":"Longar auzoa","izena_eu":"Longar auzoa","nombre_es":"Barrio Longar","oneway":"yes"},"geometry":{"type":"LineString","coordinates":[[-3.14246,43.20431],[-3.14236,43.20415],[-3.14237,43.20401],[-3.14243,43.2039],[-3.14244,43.20389],[-3.14248,43.20383],[-3.14252,43.20376],[-3.14298,43.20312],[-3.14309,43.20297],[-3.14322,43.20278],[-3.14336,43.20258],[-3.14366,43.20215],[-3.14434,43.20118],[-3.14472,43.20064],[-3.14481,43.20051]]}},{"type":"Feature","properties":{"id":544179621,"highway":"residential","nombre":"Longar auzoa","oneway":"yes","superficie":"asphalt"},"geometry":{"type":"LineString","coordinates":[[-3.14246,43.20431],[-3.14251,43.20449]]}},{"type":"Feature","properties":{"id":544179622,"highway":"residential","nombre":"Longar auzoa","izena_eu":"Longar auzoa","nombre_es":"Barrio Longar","oneway":"yes","superficie":"asphalt"},"geometry":{"type":"LineString","coordinates":[[-3.14251,43.20449],[-3.14257,43.20452],[-3.1426,43.20453]]}},{"type":"Feature","properties":{"id":544179623,"highway":"residential","nombre":"Longar auzoa","izena_eu":"Longar auzoa","nombre_es":"Barrio Longar","oneway":"yes","superficie":"asphalt"},"geometry":{"type":"LineString","coordinates":[[-3.14288,43.2045],[-3.14272,43.20449],[-3.14264,43.20447],[-3.14258,43.20444]]}},{"type":"Feature","properties":{"id":544179624,"highway":"residential","nombre":"Longar auzoa","izena_eu":"Longar auzoa","nombre_es":"Barrio Longar","oneway":"yes","superficie":"asphalt"},"geometry":{"type":"LineString","coordinates":[[-3.14251,43.20462],[-3.14259,43.20456],[-3.1426,43.20453]]}},{"type":"Feature","properties":{"id":544179640,"highway":"unclassified","nombre":"Artzabe auzoa","izena_eu":"Artzabe auzoa","nombre_es":"Barrio Arzabe"},"geometry":{"type":"LineString","coordinates":[[-3.12846,43.20462],[-3.12826,43.20466],[-3.12804,43.20466],[-3.12778,43.20468],[-3.12728,43.20467],[-3.12716,43.20467],[-3.1265,43.20472],[-3.12588,43.20481],[-3.12516,43.20489],[-3.12444,43.20495],[-3.12379,43.20503],[-3.12367,43.20504],[-3.12343,43.20508],[-3.12324,43.20511],[-3.12302,43.20509],[-3.12277,43.205],[-3.12261,43.20491],[-3.12254,43.20479],[-3.12252,43.20429],[-3.12247,43.20419],[-3.12235,43.20413],[-3.12211,43.20413],[-3.12133,43.20419],[-3.12124,43.20419],[-3.12116,43.20415],[-3.12112,43.20409],[-3.12107,43.20398],[-3.12105,43.20393],[-3.12094,43.20357],[-3.12073,43.20352],[-3.1207,43.2035]]}},{"type":"Feature","properties":{"id":544179641,"highway":"unclassified","nombre":"Barrio Ibarra","tunel":"yes"},"geometry":{"type":"LineString","coordinates":[[-3.1408,43.20386],[-3.14062,43.20373]]}},{"type":"Feature","properties":{"id":544179642,"highway":"unclassified","nombre":"Barrio Ibarra"},"geometry":{"type":"LineString","coordinates":[[-3.14062,43.20373],[-3.14062,43.2037]]}},{"type":"Feature","properties":{"id":544179643,"highway":"tertiary_link","nombre":"Avenida Lanzagorta","ref":"BI-3651","oneway":"yes"},"geometry":{"type":"LineString","coordinates":[[-3.1298,43.20602],[-3.12996,43.20602],[-3.13013,43.20608],[-3.13027,43.20616]]}},{"type":"Feature","properties":{"id":544179644,"highway":"tertiary_link","nombre":"Avenida Lanzagorta","ref":"BI-3651","oneway":"yes"},"geometry":{"type":"LineString","coordinates":[[-3.1302,43.20598],[-3.13018,43.206],[-3.13018,43.20606],[-3.13021,43.2061],[-3.13027,43.20616]]}},{"type":"Feature","properties":{"id":544179645,"highway":"tertiary_link","nombre":"Avenida Lanzagorta","ref":"BI-3651","oneway":"yes"},"geometry":{"type":"LineString","coordinates":[[-3.13037,43.2062],[-3.13033,43.20614]]}},{"type":"Feature","properties":{"id":544179646,"highway":"tertiary_link","nombre":"Avenida Lanzagorta","ref":"BI-3651","oneway":"yes"},"geometry":{"type":"LineString","coordinates":[[-3.13033,43.20614],[-3.13027,43.20606],[-3.13025,43.20601],[-3.13023,43.20599],[-3.1302,43.20598]]}},{"type":"Feature","properties":{"id":544179648,"highway":"service","oneway":"yes"},"geometry":{"type":"LineString","coordinates":[[-3.1319,43.2125],[-3.13197,43.21251],[-3.13219,43.21254]]}},{"type":"Feature","properties":{"id":544179649,"highway":"service","oneway":"yes"},"geometry":{"type":"LineString","coordinates":[[-3.13214,43.21269],[-3.1322,43.21287],[-3.1322,43.21289],[-3.13221,43.21291]]}},{"type":"Feature","properties":{"id":544179650,"highway":"service","oneway":"yes"},"geometry":{"type":"LineString","coordinates":[[-3.13219,43.21254],[-3.13214,43.21269],[-3.13222,43.21266],[-3.13226,43.21253],[-3.1322,43.21252],[-3.13219,43.21254]]}},{"type":"Feature","properties":{"id":544179651,"highway":"footway"},"geometry":{"type":"LineString","coordinates":[[-3.1331,43.213],[-3.13311,43.21299],[-3.13311,43.21294],[-3.13287,43.21297],[-3.13261,43.21298]]}},{"type":"Feature","properties":{"id":544179652,"highway":"residential","nombre":"Avenida Taramona","oneway":"yes"},"geometry":{"type":"LineString","coordinates":[[-3.13323,43.21302],[-3.13322,43.21327],[-3.13303,43.21326]]}},{"type":"Feature","properties":{"id":544179653,"highway":"steps"},"geometry":{"type":"LineString","coordinates":[[-3.13529,43.21532],[-3.13538,43.21512],[-3.13571,43.21506],[-3.13527,43.21488]]}},{"type":"Feature","properties":{"id":544179654,"highway":"residential","nombre":"Urbanización Tepeyac","oneway":"yes"},"geometry":{"type":"LineString","coordinates":[[-3.13527,43.21488],[-3.1353,43.21486],[-3.13531,43.21483],[-3.13529,43.2148]]}},{"type":"Feature","properties":{"id":544179655,"highway":"footway"},"geometry":{"type":"LineString","coordinates":[[-3.13474,43.21461],[-3.1348,43.21457],[-3.13501,43.21456],[-3.13519,43.21453],[-3.13523,43.21452],[-3.13538,43.21448],[-3.13562,43.21444]]}},{"type":"Feature","properties":{"id":544179656,"highway":"footway"},"geometry":{"type":"LineString","coordinates":[[-3.13523,43.21452],[-3.13479,43.21445],[-3.13454,43.2144],[-3.1345,43.21436],[-3.13455,43.21432]]}},{"type":"Feature","properties":{"id":544179658,"highway":"service","oneway":"yes"},"geometry":{"type":"LineString","coordinates":[[-3.12585,43.21114],[-3.12568,43.21131],[-3.12565,43.21134]]}},{"type":"Feature","properties":{"id":544179659,"highway":"tertiary","ref":"BI-3651","superficie":"asphalt"},"geometry":{"type":"LineString","coordinates":[[-3.12482,43.20792],[-3.12491,43.20786],[-3.12496,43.20778]]}},{"type":"Feature","properties":{"id":544179660,"highway":"tertiary","nombre":"BI-3651","oneway":"yes","superficie":"asphalt"},"geometry":{"type":"LineString","coordinates":[[-3.12464,43.20795],[-3.12453,43.20792],[-3.12447,43.20787],[-3.12443,43.20784],[-3.1244,43.20778]]}},{"type":"Feature","properties":{"id":544179661,"highway":"tertiary","nombre":"BI-3651","oneway":"yes","superficie":"asphalt"},"geometry":{"type":"LineString","coordinates":[[-3.12444,43.20822],[-3.1245,43.20811],[-3.12454,43.20807],[-3.1247,43.20798],[-3.12482,43.20792]]}},{"type":"Feature","properties":{"id":544179662,"highway":"cycleway","oneway":"no","superficie":"paved"},"geometry":{"type":"LineString","coordinates":[[-3.12396,43.20874],[-3.12406,43.20878],[-3.12429,43.20884],[-3.12456,43.20893],[-3.12469,43.20905],[-3.12475,43.20915]]}},{"type":"Feature","properties":{"id":544179664,"highway":"pedestrian"},"geometry":{"type":"LineString","coordinates":[[-3.11838,43.2103],[-3.11834,43.21006],[-3.11833,43.20998]]}},{"type":"Feature","properties":{"id":544231707,"highway":"path"},"geometry":{"type":"LineString","coordinates":[[-3.14666,43.19915],[-3.14648,43.1993],[-3.14639,43.19944],[-3.14604,43.19979],[-3.14596,43.19985],[-3.14589,43.19991],[-3.14571,43.20009],[-3.1456,43.20023],[-3.14553,43.20029],[-3.14542,43.20039],[-3.14529,43.20058]]}},{"type":"Feature","properties":{"id":546663906,"highway":"cycleway","oneway":"no","puente":"yes","superficie":"wood"},"geometry":{"type":"LineString","coordinates":[[-3.15288,43.20059],[-3.15276,43.2011]]}},{"type":"Feature","properties":{"id":557357636,"highway":"residential","nombre":"Trenbide etorbidea","izena_eu":"Trenbide etorbidea","nombre_es":"Avenida Trenbide","oneway":"yes"},"geometry":{"type":"LineString","coordinates":[[-3.13754,43.21159],[-3.13735,43.21168],[-3.13718,43.21176],[-3.1368,43.21193],[-3.13644,43.21208],[-3.13607,43.21221],[-3.13606,43.21222]]}},{"type":"Feature","properties":{"id":589175056,"highway":"service"},"geometry":{"type":"LineString","coordinates":[[-3.17377,43.21566],[-3.174,43.2158],[-3.17441,43.21595],[-3.17466,43.21601],[-3.1749,43.21606],[-3.17519,43.21607],[-3.1754,43.2161],[-3.1756,43.21618],[-3.17584,43.21631]]}},{"type":"Feature","properties":{"id":589175057,"highway":"track"},"geometry":{"type":"LineString","coordinates":[[-3.16717,43.21586],[-3.16708,43.21581],[-3.16685,43.21575],[-3.16662,43.21565],[-3.1665,43.2156],[-3.16639,43.21551],[-3.16629,43.21544],[-3.16599,43.21526],[-3.1657,43.21507]]}},{"type":"Feature","properties":{"id":589175058,"highway":"living_street","nombre":"Barrio Otxaran de Abajo"},"geometry":{"type":"LineString","coordinates":[[-3.16866,43.21989],[-3.1685,43.22016]]}},{"type":"Feature","properties":{"id":589175059,"highway":"service"},"geometry":{"type":"LineString","coordinates":[[-3.16954,43.21838],[-3.16959,43.21848],[-3.16959,43.21866],[-3.16957,43.2188],[-3.16943,43.21904],[-3.16941,43.21907],[-3.16916,43.2194],[-3.16893,43.21971],[-3.16875,43.21983],[-3.16866,43.21989]]}},{"type":"Feature","properties":{"id":589175060,"highway":"track"},"geometry":{"type":"LineString","coordinates":[[-3.13932,43.21649],[-3.13932,43.21656],[-3.13936,43.21727],[-3.1394,43.21741],[-3.13945,43.21751],[-3.13945,43.21757],[-3.13941,43.21762],[-3.13936,43.21764],[-3.13924,43.21765],[-3.13899,43.21761],[-3.13861,43.21753],[-3.13849,43.21751],[-3.13833,43.21752],[-3.13825,43.21756],[-3.13821,43.21761],[-3.13819,43.2178],[-3.13817,43.21789]]}},{"type":"Feature","properties":{"id":589175061,"highway":"track"},"geometry":{"type":"LineString","coordinates":[[-3.13849,43.21751],[-3.13825,43.21745],[-3.13811,43.21743],[-3.13802,43.21742],[-3.13798,43.21744],[-3.13792,43.2175]]}},{"type":"Feature","properties":{"id":589175062,"highway":"track"},"geometry":{"type":"LineString","coordinates":[[-3.13817,43.21789],[-3.13815,43.21796],[-3.13811,43.21801],[-3.13804,43.21803],[-3.13773,43.21807],[-3.13762,43.21807],[-3.1375,43.21806],[-3.13739,43.21803],[-3.13731,43.21799],[-3.13725,43.21791],[-3.13721,43.21788],[-3.13715,43.21785]]}},{"type":"Feature","properties":{"id":589185923,"highway":"service"},"geometry":{"type":"LineString","coordinates":[[-3.14186,43.21145],[-3.1419,43.21146],[-3.14228,43.21147],[-3.14294,43.21151],[-3.14307,43.21155],[-3.14328,43.21165],[-3.14363,43.21181],[-3.14368,43.21184],[-3.14368,43.21186],[-3.14368,43.21189],[-3.14362,43.21199],[-3.14355,43.21206],[-3.14353,43.21209],[-3.14346,43.21215],[-3.14341,43.21222],[-3.1434,43.21228],[-3.14352,43.21245],[-3.14407,43.21294],[-3.14426,43.21311],[-3.14463,43.21332],[-3.14477,43.21338],[-3.14494,43.21346]]}},{"type":"Feature","properties":{"id":589185924,"highway":"service"},"geometry":{"type":"LineString","coordinates":[[-3.17074,43.2222],[-3.17076,43.2222],[-3.17085,43.22217],[-3.17097,43.2222],[-3.17104,43.22222],[-3.17124,43.22228],[-3.17137,43.22232],[-3.17144,43.22235],[-3.17147,43.22238],[-3.17151,43.22245],[-3.17153,43.2225],[-3.17153,43.22255],[-3.17151,43.22259],[-3.17147,43.2226],[-3.17127,43.22252],[-3.17112,43.22246],[-3.17108,43.22242],[-3.17108,43.22237],[-3.17107,43.22233],[-3.17106,43.22229],[-3.17106,43.22227],[-3.17104,43.22222]]}},{"type":"Feature","properties":{"id":598858347,"highway":"residential","nombre":"Barrio Artebizkarra","oneway":"yes"},"geometry":{"type":"LineString","coordinates":[[-3.13606,43.21222],[-3.13608,43.21225],[-3.13639,43.21274]]}},{"type":"Feature","properties":{"id":598858348,"highway":"residential","nombre":"Taramona hiribidea","izena_eu":"Taramona hiribidea","nombre_es":"Avenida Taramona","oneway":"yes"},"geometry":{"type":"LineString","coordinates":[[-3.13366,43.21295],[-3.13379,43.21293],[-3.13398,43.21286],[-3.13407,43.21286],[-3.13465,43.21271],[-3.13469,43.2127]]}},{"type":"Feature","properties":{"id":609022395,"highway":"unclassified","nombre":"Barrio Codujo"},"geometry":{"type":"LineString","coordinates":[[-3.13962,43.19914],[-3.13961,43.19936],[-3.13966,43.19964]]}},{"type":"Feature","properties":{"id":609022396,"highway":"tertiary","ref":"BI-3602","superficie":"asphalt"},"geometry":{"type":"LineString","coordinates":[[-3.1294,43.21323],[-3.12935,43.21321],[-3.12933,43.2132],[-3.12872,43.21297],[-3.12841,43.21284],[-3.12814,43.21277],[-3.12808,43.21276],[-3.12765,43.2127],[-3.12754,43.21268]]}},{"type":"Feature","properties":{"id":609022397,"highway":"tertiary","ref":"BI-3602","superficie":"asphalt"},"geometry":{"type":"LineString","coordinates":[[-3.12754,43.21268],[-3.12749,43.21266]]}},{"type":"Feature","properties":{"id":609022398,"highway":"tertiary","ref":"BI-3602","superficie":"asphalt"},"geometry":{"type":"LineString","coordinates":[[-3.12749,43.21266],[-3.12741,43.21264],[-3.12722,43.21254]]}},{"type":"Feature","properties":{"id":609022399,"highway":"living_street","nombre":"Lusa auzoa","izena_eu":"Lusa auzoa","nombre_es":"Barrio Lusa"},"geometry":{"type":"LineString","coordinates":[[-3.12746,43.21271],[-3.12749,43.21266]]}},{"type":"Feature","properties":{"id":609022400,"highway":"service","nombre":"Barrio Lusa"},"geometry":{"type":"LineString","coordinates":[[-3.12763,43.21274],[-3.12754,43.21268]]}},{"type":"Feature","properties":{"id":609022401,"highway":"residential","nombre":"Barrio Lusa"},"geometry":{"type":"LineString","coordinates":[[-3.12718,43.2126],[-3.12716,43.21262],[-3.12711,43.21269],[-3.12698,43.21269],[-3.12696,43.21271],[-3.12694,43.21273],[-3.12694,43.21275],[-3.12681,43.21283]]}},{"type":"Feature","properties":{"id":609022402,"highway":"tertiary","nombre":"Avenida Hermanos Maristas","ref":"BI-3602","superficie":"asphalt"},"geometry":{"type":"LineString","coordinates":[[-3.13154,43.21378],[-3.13133,43.21372]]}},{"type":"Feature","properties":{"id":609022403,"highway":"tertiary","nombre":"Avenida Hermanos Maristas","ref":"BI-3602","superficie":"asphalt"},"geometry":{"type":"LineString","coordinates":[[-3.13133,43.21372],[-3.13089,43.21362],[-3.13062,43.21356],[-3.13035,43.21349]]}},{"type":"Feature","properties":{"id":609022404,"highway":"tertiary","nombre":"Avenida Hermanos Maristas","ref":"BI-3602","superficie":"asphalt"},"geometry":{"type":"LineString","coordinates":[[-3.13178,43.21384],[-3.13168,43.21381],[-3.13154,43.21378]]}},{"type":"Feature","properties":{"id":610429053,"highway":"tertiary","superficie":"asphalt"},"geometry":{"type":"LineString","coordinates":[[-3.1244,43.20778],[-3.12443,43.208]]}},{"type":"Feature","properties":{"id":610429056,"highway":"tertiary","ref":"BI-3651","oneway":"yes","superficie":"asphalt"},"geometry":{"type":"LineString","coordinates":[[-3.12464,43.20795],[-3.12448,43.208],[-3.12443,43.20805]]}},{"type":"Feature","properties":{"id":610429062,"highway":"tertiary","superficie":"asphalt"},"geometry":{"type":"LineString","coordinates":[[-3.12443,43.20805],[-3.12444,43.20811]]}},{"type":"Feature","properties":{"id":610429065,"highway":"tertiary","nombre":"Carretera del Baular","puente":"yes","superficie":"asphalt"},"geometry":{"type":"LineString","coordinates":[[-3.12444,43.20822],[-3.12439,43.20891]]}},{"type":"Feature","properties":{"id":610429073,"highway":"tertiary","ref":"BI-3621","superficie":"asphalt"},"geometry":{"type":"LineString","coordinates":[[-3.11033,43.20802],[-3.11035,43.2082]]}},{"type":"Feature","properties":{"id":610429079,"highway":"tertiary","ref":"BI-3621","oneway":"no","superficie":"asphalt"},"geometry":{"type":"LineString","coordinates":[[-3.11023,43.20766],[-3.11026,43.20779],[-3.11033,43.20802]]}},{"type":"Feature","properties":{"id":610429084,"highway":"primary_link","oneway":"yes"},"geometry":{"type":"LineString","coordinates":[[-3.1106,43.20768],[-3.11076,43.20763],[-3.11154,43.20741],[-3.11208,43.20728],[-3.11247,43.20716],[-3.11263,43.20713],[-3.11298,43.20705],[-3.11416,43.20681],[-3.1153,43.20659],[-3.11575,43.20649]]}},{"type":"Feature","properties":{"id":610429090,"highway":"tertiary","ref":"BI-3621","oneway":"no","superficie":"asphalt"},"geometry":{"type":"LineString","coordinates":[[-3.11008,43.20676],[-3.11007,43.20689],[-3.11007,43.20696],[-3.11008,43.20708],[-3.1101,43.2072],[-3.11014,43.20739],[-3.11023,43.20766]]}},{"type":"Feature","properties":{"id":610429095,"highway":"tertiary","ref":"BI-3621","oneway":"no","superficie":"asphalt"},"geometry":{"type":"LineString","coordinates":[[-3.11022,43.20638],[-3.11016,43.2065],[-3.11011,43.20664],[-3.11008,43.20676]]}},{"type":"Feature","properties":{"id":610429225,"highway":"tertiary","ref":"BI-3602","superficie":"asphalt"},"geometry":{"type":"LineString","coordinates":[[-3.12568,43.2116],[-3.12556,43.21154]]}},{"type":"Feature","properties":{"id":610429300,"highway":"primary_link","superficie":"asphalt"},"geometry":{"type":"LineString","coordinates":[[-3.12339,43.20633],[-3.12371,43.20667],[-3.12402,43.20704],[-3.12427,43.20744]]}},{"type":"Feature","properties":{"id":610429302,"highway":"primary","nombre":"Kadaguako igarobidea","izena_eu":"Kadaguako igarobidea","nombre_es":"Corredor del Cadagua","ref":"BI-636","oneway":"no","superficie":"asphalt"},"geometry":{"type":"LineString","coordinates":[[-3.11734,43.20626],[-3.11848,43.2061],[-3.11957,43.20597]]}},{"type":"Feature","properties":{"id":610429307,"highway":"primary","nombre":"Kadaguako igarobidea","izena_eu":"Kadaguako igarobidea","nombre_es":"Corredor del Cadagua","ref":"BI-636","oneway":"no","superficie":"asphalt"},"geometry":{"type":"LineString","coordinates":[[-3.11575,43.20649],[-3.11618,43.20642],[-3.11674,43.20634],[-3.11734,43.20626]]}},{"type":"Feature","properties":{"id":611313385,"highway":"tertiary","nombre":"Barrio Ibarra","ref":"BI-3651","superficie":"asphalt"},"geometry":{"type":"LineString","coordinates":[[-3.14288,43.2045],[-3.14292,43.20449],[-3.14301,43.20448]]}},{"type":"Feature","properties":{"id":611313389,"highway":"residential","nombre":"Longar auzoa","izena_eu":"Longar auzoa","nombre_es":"Barrio Longar","oneway":"yes","superficie":"asphalt"},"geometry":{"type":"LineString","coordinates":[[-3.14258,43.20444],[-3.14246,43.20431]]}},{"type":"Feature","properties":{"id":611313390,"highway":"tertiary","nombre":"Barrio Ibarra","ref":"BI-3651","superficie":"asphalt"},"geometry":{"type":"LineString","coordinates":[[-3.1431,43.20448],[-3.14322,43.20449]]}},{"type":"Feature","properties":{"id":611313392,"highway":"tertiary","nombre":"Barrio Ibarra","ref":"BI-3651","superficie":"asphalt"},"geometry":{"type":"LineString","coordinates":[[-3.14301,43.20448],[-3.1431,43.20448]]}},{"type":"Feature","properties":{"id":611313395,"highway":"tertiary","nombre":"Barrio Ibarra","ref":"BI-3651","oneway":"no","superficie":"asphalt"},"geometry":{"type":"LineString","coordinates":[[-3.14274,43.20455],[-3.14288,43.2045]]}},{"type":"Feature","properties":{"id":611313397,"highway":"tertiary","nombre":"Barrio Ibarra","ref":"BI-3651","oneway":"no","superficie":"asphalt"},"geometry":{"type":"LineString","coordinates":[[-3.14251,43.20462],[-3.14274,43.20455]]}},{"type":"Feature","properties":{"id":611313400,"highway":"tertiary","nombre":"Barrio Ibarra","ref":"BI-3651","oneway":"no","superficie":"asphalt"},"geometry":{"type":"LineString","coordinates":[[-3.14239,43.20465],[-3.14251,43.20462]]}},{"type":"Feature","properties":{"id":611313402,"highway":"tertiary","ref":"BI-3651","oneway":"no","superficie":"asphalt"},"geometry":{"type":"LineString","coordinates":[[-3.14223,43.20471],[-3.14239,43.20465]]}},{"type":"Feature","properties":{"id":611313404,"highway":"tertiary","nombre":"Barrio Gallardi","ref":"BI-3651","superficie":"asphalt"},"geometry":{"type":"LineString","coordinates":[[-3.13048,43.20595],[-3.13137,43.20587],[-3.13165,43.20584],[-3.13176,43.20583],[-3.13192,43.20581],[-3.13214,43.20579],[-3.13235,43.20576],[-3.13259,43.20574]]}},{"type":"Feature","properties":{"id":611313408,"highway":"tertiary_link","nombre":"Avenida Lanzagorta","ref":"BI-3651","oneway":"yes"},"geometry":{"type":"LineString","coordinates":[[-3.13033,43.20614],[-3.13034,43.20607],[-3.1304,43.206],[-3.13048,43.20595]]}},{"type":"Feature","properties":{"id":611313409,"highway":"tertiary_link","nombre":"Avenida Lanzagorta","ref":"BI-3651","oneway":"yes"},"geometry":{"type":"LineString","coordinates":[[-3.13027,43.20616],[-3.13037,43.2062]]}},{"type":"Feature","properties":{"id":611313410,"highway":"tertiary","nombre":"Barrio Gallardi","ref":"BI-3651","superficie":"asphalt"},"geometry":{"type":"LineString","coordinates":[[-3.13029,43.20597],[-3.13048,43.20595]]}},{"type":"Feature","properties":{"id":611313413,"highway":"tertiary","nombre":"Barrio Gallardi","ref":"BI-3651","superficie":"asphalt"},"geometry":{"type":"LineString","coordinates":[[-3.1302,43.20598],[-3.13029,43.20597]]}},{"type":"Feature","properties":{"id":611313416,"highway":"tertiary","nombre":"Barrio Gallardi","ref":"BI-3651","superficie":"asphalt"},"geometry":{"type":"LineString","coordinates":[[-3.1298,43.20602],[-3.1302,43.20598]]}},{"type":"Feature","properties":{"id":611313418,"highway":"tertiary","nombre":"Barrio Gallardi","ref":"BI-3651","superficie":"asphalt"},"geometry":{"type":"LineString","coordinates":[[-3.12956,43.20604],[-3.1298,43.20602]]}},{"type":"Feature","properties":{"id":611313421,"highway":"residential","nombre":"Avenida Lanzagorta"},"geometry":{"type":"LineString","coordinates":[[-3.13166,43.20771],[-3.13179,43.20772],[-3.13186,43.20772]]}},{"type":"Feature","properties":{"id":611313424,"highway":"residential","nombre":"Avenida Lanzagorta","oneway":"yes"},"geometry":{"type":"LineString","coordinates":[[-3.13155,43.20771],[-3.13165,43.20778],[-3.13175,43.20785],[-3.13184,43.20792],[-3.13187,43.20797]]}},{"type":"Feature","properties":{"id":611313427,"highway":"residential","nombre":"Avenida Lanzagorta","superficie":"asphalt"},"geometry":{"type":"LineString","coordinates":[[-3.13187,43.20797],[-3.13186,43.20779]]}},{"type":"Feature","properties":{"id":611313431,"highway":"residential","nombre":"Azarbe auzoa","izena_eu":"Azarbe auzoa","nombre_es":"Barrio Azarbe","oneway":"yes"},"geometry":{"type":"LineString","coordinates":[[-3.12509,43.20661],[-3.12509,43.20658],[-3.12507,43.20654],[-3.12504,43.20651],[-3.125,43.20647]]}},{"type":"Feature","properties":{"id":611313433,"highway":"tertiary","ref":"BI-3651","superficie":"asphalt"},"geometry":{"type":"LineString","coordinates":[[-3.12509,43.20661],[-3.12518,43.20653],[-3.12534,43.20646]]}},{"type":"Feature","properties":{"id":611313435,"highway":"residential","nombre":"Azarbe auzoa","izena_eu":"Azarbe auzoa","nombre_es":"Barrio Azarbe","oneway":"yes"},"geometry":{"type":"LineString","coordinates":[[-3.125,43.20647],[-3.12487,43.20646]]}},{"type":"Feature","properties":{"id":611313436,"highway":"tertiary","ref":"BI-3651","superficie":"asphalt"},"geometry":{"type":"LineString","coordinates":[[-3.12534,43.20646],[-3.12554,43.20641],[-3.12593,43.20638],[-3.1267,43.2063],[-3.12694,43.20628],[-3.12785,43.2062],[-3.12855,43.20613]]}},{"type":"Feature","properties":{"id":611313437,"highway":"tertiary","ref":"BI-3651","superficie":"asphalt"},"geometry":{"type":"LineString","coordinates":[[-3.125,43.20679],[-3.12503,43.20671],[-3.12509,43.20661]]}},{"type":"Feature","properties":{"id":611313438,"highway":"residential","nombre":"Azarbe auzoa","izena_eu":"Azarbe auzoa","nombre_es":"Barrio Azarbe","oneway":"yes"},"geometry":{"type":"LineString","coordinates":[[-3.12496,43.20658],[-3.12498,43.20669],[-3.125,43.20679]]}},{"type":"Feature","properties":{"id":611313439,"highway":"residential","nombre":"Azarbe auzoa","izena_eu":"Azarbe auzoa","nombre_es":"Barrio Azarbe","oneway":"yes"},"geometry":{"type":"LineString","coordinates":[[-3.12496,43.20658],[-3.12504,43.2066],[-3.12505,43.2066],[-3.12509,43.20661]]}},{"type":"Feature","properties":{"id":611313440,"highway":"tertiary","ref":"BI-3651","superficie":"asphalt"},"geometry":{"type":"LineString","coordinates":[[-3.12496,43.20778],[-3.12499,43.20767],[-3.125,43.20716],[-3.125,43.20679]]}},{"type":"Feature","properties":{"id":611804893,"highway":"residential","nombre":"Barrio Artebizkarra","oneway":"yes"},"geometry":{"type":"LineString","coordinates":[[-3.13564,43.21236],[-3.1357,43.21245],[-3.13599,43.21284],[-3.13606,43.21293]]}},{"type":"Feature","properties":{"id":611804894,"highway":"residential","nombre":"Barrio Artebizkarra","oneway":"no"},"geometry":{"type":"LineString","coordinates":[[-3.13542,43.21313],[-3.13546,43.21319],[-3.1356,43.2134],[-3.13574,43.21362]]}},{"type":"Feature","properties":{"id":611804895,"highway":"residential","nombre":"Barrio Artebizkarra","oneway":"yes"},"geometry":{"type":"LineString","coordinates":[[-3.13606,43.21293],[-3.1361,43.21298],[-3.13626,43.21314]]}},{"type":"Feature","properties":{"id":611804896,"highway":"residential","nombre":"Barrio Artebizkarra","oneway":"yes","superficie":"asphalt"},"geometry":{"type":"LineString","coordinates":[[-3.13639,43.21351],[-3.13652,43.21346],[-3.13655,43.21344],[-3.13657,43.21342],[-3.1366,43.21337]]}},{"type":"Feature","properties":{"id":611804897,"highway":"residential","nombre":"Barrio Artebizkarra","oneway":"yes","superficie":"asphalt"},"geometry":{"type":"LineString","coordinates":[[-3.13648,43.21336],[-3.13646,43.21344],[-3.13639,43.21351]]}},{"type":"Feature","properties":{"id":611804898,"highway":"living_street","nombre":"Barrio Artebizkarra"},"geometry":{"type":"LineString","coordinates":[[-3.13649,43.21329],[-3.13641,43.21324]]}},{"type":"Feature","properties":{"id":611804899,"highway":"residential","nombre":"Barrio Artebizkarra"},"geometry":{"type":"LineString","coordinates":[[-3.13641,43.21324],[-3.13626,43.21314]]}},{"type":"Feature","properties":{"id":611804900,"highway":"living_street","nombre":"Barrio Artebizkarra","oneway":"no"},"geometry":{"type":"LineString","coordinates":[[-3.13574,43.21362],[-3.13581,43.21373]]}},{"type":"Feature","properties":{"id":611804901,"highway":"residential","nombre":"Barrio Artebizkarra","oneway":"yes"},"geometry":{"type":"LineString","coordinates":[[-3.13728,43.21308],[-3.13732,43.21311],[-3.13787,43.2134],[-3.13814,43.21314],[-3.13757,43.21281]]}},{"type":"Feature","properties":{"id":611804902,"highway":"tertiary","nombre":"Barrio Gobeo","ref":"BI-3651","superficie":"asphalt"},"geometry":{"type":"LineString","coordinates":[[-3.15287,43.20239],[-3.15292,43.20231],[-3.15298,43.20225],[-3.15306,43.20217],[-3.15321,43.20213],[-3.1535,43.20207],[-3.15378,43.20203],[-3.15395,43.20201],[-3.1541,43.20202],[-3.15433,43.20204],[-3.15446,43.20205],[-3.15458,43.20204],[-3.15472,43.20201],[-3.15486,43.20195],[-3.15492,43.20189],[-3.15503,43.20178],[-3.15511,43.20171],[-3.15518,43.20166],[-3.15529,43.20162],[-3.15538,43.20161],[-3.15551,43.20161],[-3.15558,43.20162],[-3.15575,43.20165],[-3.15602,43.20175],[-3.15626,43.20189],[-3.15642,43.20199],[-3.1565,43.20207],[-3.15658,43.20221],[-3.15684,43.20274],[-3.15695,43.2029]]}},{"type":"Feature","properties":{"id":611804903,"highway":"tertiary","nombre":"Barrio Gobeo","ref":"BI-3651","puente":"yes","superficie":"asphalt"},"geometry":{"type":"LineString","coordinates":[[-3.15257,43.20249],[-3.15265,43.2025],[-3.15276,43.20249],[-3.15283,43.20245],[-3.15287,43.20239]]}},{"type":"Feature","properties":{"id":612245185,"highway":"tertiary","ref":"BI-3602","superficie":"asphalt"},"geometry":{"type":"LineString","coordinates":[[-3.12595,43.21173],[-3.12568,43.2116]]}},{"type":"Feature","properties":{"id":612245186,"highway":"service","oneway":"yes"},"geometry":{"type":"LineString","coordinates":[[-3.12638,43.21173],[-3.12659,43.21153],[-3.12644,43.21145],[-3.12629,43.21137],[-3.12614,43.21129],[-3.126,43.21122],[-3.12585,43.21114],[-3.1257,43.21107],[-3.12564,43.21104],[-3.12562,43.21102],[-3.12556,43.21098],[-3.1255,43.21091],[-3.12541,43.2108],[-3.12536,43.21073],[-3.1253,43.21066],[-3.12523,43.21057],[-3.12521,43.21054],[-3.12519,43.21052],[-3.12512,43.21043],[-3.12502,43.21031],[-3.125,43.21029],[-3.12496,43.21023],[-3.12491,43.21017],[-3.12484,43.21015],[-3.12478,43.21009],[-3.12471,43.21],[-3.12469,43.20997]]}},{"type":"Feature","properties":{"id":612245187,"highway":"service","oneway":"yes"},"geometry":{"type":"LineString","coordinates":[[-3.12609,43.21157],[-3.12624,43.21165]]}},{"type":"Feature","properties":{"id":612245189,"highway":"living_street","nombre":"Juan Francisco Estefania kalea","izena_eu":"Juan Francisco Estefania kalea","nombre_es":"Calle Juan Francisco Estefanía","oneway":"yes"},"geometry":{"type":"LineString","coordinates":[[-3.13196,43.21225],[-3.13229,43.21231],[-3.13258,43.21235]]}},{"type":"Feature","properties":{"id":612245199,"highway":"residential","nombre":"Urbanización Tepeyac","oneway":"yes"},"geometry":{"type":"LineString","coordinates":[[-3.13368,43.21453],[-3.13366,43.21455],[-3.13358,43.21457],[-3.13347,43.21455],[-3.13341,43.21453]]}},{"type":"Feature","properties":{"id":612245200,"highway":"residential","nombre":"Urbanización Tepeyac","oneway":"yes"},"geometry":{"type":"LineString","coordinates":[[-3.1337,43.21464],[-3.13381,43.21468],[-3.13411,43.21476],[-3.13429,43.21479],[-3.13467,43.21484],[-3.1348,43.21486],[-3.13499,43.21488],[-3.13515,43.21489],[-3.13527,43.21488],[-3.13531,43.21488],[-3.13548,43.21487]]}},{"type":"Feature","properties":{"id":612245201,"highway":"service","oneway":"yes"},"geometry":{"type":"LineString","coordinates":[[-3.13171,43.21462],[-3.13171,43.21472],[-3.13199,43.21478],[-3.132,43.21473],[-3.132,43.21468],[-3.13171,43.21462]]}},{"type":"Feature","properties":{"id":617377276,"highway":"residential","nombre":"Lanzagorta ibilbidea","izena_eu":"Lanzagorta ibilbidea","nombre_es":"Avenida Lanzagorta","superficie":"asphalt"},"geometry":{"type":"LineString","coordinates":[[-3.13237,43.21087],[-3.13243,43.21088],[-3.13262,43.2109],[-3.13274,43.21092]]}},{"type":"Feature","properties":{"id":617377277,"highway":"service"},"geometry":{"type":"LineString","coordinates":[[-3.13184,43.21125],[-3.13186,43.21118],[-3.13193,43.21091]]}},{"type":"Feature","properties":{"id":617377278,"highway":"residential","nombre":"Baular auzoa","izena_eu":"Baular auzoa","nombre_es":"Barrio el Baular"},"geometry":{"type":"LineString","coordinates":[[-3.127,43.21238],[-3.12706,43.21236],[-3.12712,43.21234]]}},{"type":"Feature","properties":{"id":617377279,"highway":"residential","nombre":"Baular auzoa","izena_eu":"Baular auzoa","nombre_es":"Barrio el Baular"},"geometry":{"type":"LineString","coordinates":[[-3.12712,43.21234],[-3.1273,43.21241]]}},{"type":"Feature","properties":{"id":617377280,"highway":"footway"},"geometry":{"type":"LineString","coordinates":[[-3.1301,43.21337],[-3.12993,43.21332],[-3.12992,43.21328],[-3.12991,43.21322]]}},{"type":"Feature","properties":{"id":621424960,"highway":"residential","nombre":"Avenida Kosme Bibanko Etxeberria","ref":"BI-3602","oneway":"yes","superficie":"asphalt"},"geometry":{"type":"LineString","coordinates":[[-3.13357,43.21426],[-3.13363,43.2142]]}},{"type":"Feature","properties":{"id":621424962,"highway":"residential","nombre":"Avenida Kosme Bibanko Etxeberria","ref":"BI-3602","oneway":"yes","superficie":"asphalt"},"geometry":{"type":"LineString","coordinates":[[-3.13357,43.21426],[-3.13354,43.2142]]}},{"type":"Feature","properties":{"id":621424964,"highway":"tertiary","nombre":"Avenida Nuestra Señora del Rosario","ref":"BI-3602","oneway":"yes","superficie":"asphalt"},"geometry":{"type":"LineString","coordinates":[[-3.13333,43.21459],[-3.13341,43.21453]]}},{"type":"Feature","properties":{"id":621424967,"highway":"tertiary","nombre":"Avenida Hermanos Maristas","ref":"BI-3636","oneway":"yes","superficie":"asphalt"},"geometry":{"type":"LineString","coordinates":[[-3.13354,43.2142],[-3.1335,43.21419],[-3.13339,43.21418],[-3.13289,43.21411],[-3.13256,43.21406]]}},{"type":"Feature","properties":{"id":624348310,"highway":"cycleway","puente":"yes","superficie":"concrete"},"geometry":{"type":"LineString","coordinates":[[-3.12446,43.20893],[-3.12449,43.20828],[-3.12451,43.20818]]}},{"type":"Feature","properties":{"id":624348311,"highway":"cycleway","oneway":"no","superficie":"asphalt"},"geometry":{"type":"LineString","coordinates":[[-3.12451,43.20818],[-3.12458,43.20813],[-3.12464,43.2081],[-3.12471,43.20809],[-3.12476,43.20805],[-3.12485,43.20801],[-3.12506,43.20793],[-3.1255,43.20778],[-3.12554,43.20773],[-3.12561,43.20756],[-3.12568,43.20752],[-3.12636,43.20747],[-3.12758,43.20745],[-3.12826,43.20749],[-3.12834,43.20753]]}},{"type":"Feature","properties":{"id":624348312,"highway":"cycleway","superficie":"unpaved"},"geometry":{"type":"LineString","coordinates":[[-3.12475,43.20915],[-3.12474,43.20919],[-3.12468,43.20919],[-3.12457,43.20914],[-3.12449,43.20909],[-3.12447,43.20904],[-3.12447,43.209],[-3.12446,43.20893]]}},{"type":"Feature","properties":{"id":624448638,"highway":"tertiary","nombre":"Avenida Hermanos Maristas","ref":"BI-3636","oneway":"yes","superficie":"asphalt"},"geometry":{"type":"LineString","coordinates":[[-3.13256,43.21406],[-3.13246,43.21404],[-3.13238,43.21404]]}},{"type":"Feature","properties":{"id":624448639,"highway":"tertiary","nombre":"Avenida Hermanos Maristas","ref":"BI-3636","oneway":"yes","superficie":"asphalt"},"geometry":{"type":"LineString","coordinates":[[-3.13238,43.21404],[-3.13233,43.21406],[-3.13229,43.21408],[-3.13228,43.21412],[-3.1323,43.21419]]}},{"type":"Feature","properties":{"id":624448640,"highway":"tertiary","nombre":"Avenida Nuestra Señora del Rosario","ref":"BI-3602","superficie":"asphalt"},"geometry":{"type":"LineString","coordinates":[[-3.13365,43.21476],[-3.13357,43.21472],[-3.13343,43.21466]]}},{"type":"Feature","properties":{"id":626652552,"highway":"track"},"geometry":{"type":"LineString","coordinates":[[-3.14417,43.23209],[-3.14422,43.23212],[-3.14422,43.23218],[-3.14421,43.23225],[-3.14423,43.23233],[-3.14431,43.23247],[-3.14446,43.23268],[-3.14474,43.23305],[-3.14493,43.23329],[-3.14503,43.23342],[-3.14528,43.23372],[-3.1455,43.234],[-3.14578,43.23444]]}},{"type":"Feature","properties":{"id":626652553,"highway":"track"},"geometry":{"type":"LineString","coordinates":[[-3.15256,43.23141],[-3.15247,43.23158],[-3.15244,43.23165]]}},{"type":"Feature","properties":{"id":626652625,"highway":"track"},"geometry":{"type":"LineString","coordinates":[[-3.17442,43.17682],[-3.17462,43.17689],[-3.1747,43.17691]]}},{"type":"Feature","properties":{"id":626652626,"highway":"path"},"geometry":{"type":"LineString","coordinates":[[-3.17462,43.17689],[-3.17457,43.17689],[-3.17447,43.17688],[-3.17437,43.17689]]}},{"type":"Feature","properties":{"id":626652627,"highway":"path"},"geometry":{"type":"LineString","coordinates":[[-3.16203,43.1774],[-3.16213,43.17735],[-3.16219,43.17729],[-3.16225,43.17722],[-3.16229,43.17716],[-3.1623,43.17712],[-3.16232,43.17706],[-3.16243,43.177],[-3.16247,43.17696]]}},{"type":"Feature","properties":{"id":626652628,"highway":"path"},"geometry":{"type":"LineString","coordinates":[[-3.14828,43.17387],[-3.14839,43.1739]]}},{"type":"Feature","properties":{"id":626652630,"highway":"track"},"geometry":{"type":"LineString","coordinates":[[-3.13768,43.18777],[-3.13767,43.18751],[-3.1377,43.18734],[-3.13782,43.18709],[-3.13823,43.18632],[-3.13836,43.186],[-3.1384,43.18586],[-3.13843,43.18571],[-3.13841,43.18549],[-3.13836,43.18523],[-3.13835,43.18505],[-3.13837,43.18486],[-3.13847,43.18444],[-3.13861,43.18392],[-3.13864,43.18365],[-3.13861,43.18339],[-3.13858,43.1833],[-3.13854,43.18321],[-3.13845,43.18308],[-3.13818,43.18282],[-3.13803,43.18264],[-3.13793,43.18251],[-3.13775,43.18222],[-3.13759,43.18201],[-3.13744,43.18186],[-3.13724,43.18169],[-3.13716,43.18162]]}},{"type":"Feature","properties":{"id":626652631,"highway":"track","nombre":"Carretera del Aeródromo de Zalla-Forestal"},"geometry":{"type":"LineString","coordinates":[[-3.13751,43.19003],[-3.13733,43.18998],[-3.13713,43.18991],[-3.13689,43.1898],[-3.13662,43.18963],[-3.13643,43.18949],[-3.13635,43.18939],[-3.13632,43.18929],[-3.13633,43.18918],[-3.13641,43.18863],[-3.13645,43.18832],[-3.13648,43.18823],[-3.13665,43.18802],[-3.13684,43.18772],[-3.13688,43.18761],[-3.13689,43.1875],[-3.13687,43.1872],[-3.13687,43.18697],[-3.13689,43.18686],[-3.13694,43.18679],[-3.13704,43.18669],[-3.1371,43.18658],[-3.13719,43.18632],[-3.13721,43.18619],[-3.13721,43.18612],[-3.13718,43.18598],[-3.13708,43.18571],[-3.13688,43.18513],[-3.13674,43.18477],[-3.13668,43.18442],[-3.13666,43.1842],[-3.13668,43.18401],[-3.1368,43.18364],[-3.13684,43.18346],[-3.13686,43.18327],[-3.13682,43.18294],[-3.1368,43.18274],[-3.13675,43.18242],[-3.13669,43.18226],[-3.13665,43.18208],[-3.13663,43.18191],[-3.13661,43.18176],[-3.13656,43.18157],[-3.13654,43.18151]]}},{"type":"Feature","properties":{"id":626652632,"highway":"track"},"geometry":{"type":"LineString","coordinates":[[-3.13153,43.18062],[-3.13136,43.18072],[-3.1311,43.18088],[-3.13096,43.18099],[-3.13085,43.18111],[-3.13064,43.18127],[-3.13033,43.18141],[-3.13014,43.18152],[-3.13003,43.1816],[-3.13,43.18169],[-3.13003,43.18178],[-3.13011,43.1819],[-3.13015,43.182],[-3.13015,43.18209],[-3.13008,43.18217]]}},{"type":"Feature","properties":{"id":626652633,"highway":"path"},"geometry":{"type":"LineString","coordinates":[[-3.11437,43.18698],[-3.11444,43.187],[-3.1146,43.18704],[-3.11481,43.18706]]}},{"type":"Feature","properties":{"id":626952847,"highway":"tertiary","nombre":"Avenida Lehendakari José Antonio Agirre","ref":"BI-3636","superficie":"asphalt"},"geometry":{"type":"LineString","coordinates":[[-3.13993,43.21046],[-3.13953,43.21083],[-3.13946,43.21089],[-3.13937,43.21098],[-3.13873,43.21158],[-3.13852,43.21177],[-3.13817,43.21211],[-3.13808,43.21219],[-3.1377,43.21256],[-3.13758,43.21267],[-3.13753,43.21272],[-3.13742,43.21282],[-3.13713,43.2131],[-3.13708,43.21315],[-3.13696,43.21326],[-3.1368,43.2134],[-3.13663,43.21351],[-3.13645,43.2136],[-3.1361,43.21374],[-3.1358,43.21385],[-3.13568,43.21388],[-3.13549,43.21393],[-3.13533,43.21395]]}},{"type":"Feature","properties":{"id":626958326,"highway":"pedestrian"},"geometry":{"type":"LineString","coordinates":[[-3.131,43.21475],[-3.13091,43.21465],[-3.13083,43.21458],[-3.13068,43.21448],[-3.13064,43.21444]]}},{"type":"Feature","properties":{"id":626958327,"highway":"footway"},"geometry":{"type":"LineString","coordinates":[[-3.13069,43.21543],[-3.13079,43.21532]]}},{"type":"Feature","properties":{"id":626958328,"highway":"service"},"geometry":{"type":"LineString","coordinates":[[-3.13222,43.22417],[-3.13224,43.22423],[-3.13222,43.22436],[-3.13217,43.22447],[-3.1321,43.22452],[-3.13204,43.22454],[-3.13196,43.22452],[-3.13187,43.22444],[-3.13178,43.22434],[-3.13168,43.22427],[-3.13143,43.22408],[-3.13132,43.22396],[-3.13134,43.22391]]}},{"type":"Feature","properties":{"id":626958329,"highway":"service"},"geometry":{"type":"LineString","coordinates":[[-3.12991,43.22144],[-3.1299,43.22147],[-3.12994,43.22154],[-3.1301,43.22181],[-3.13011,43.22186],[-3.13009,43.2219],[-3.12993,43.22212],[-3.12979,43.22227],[-3.12975,43.22231],[-3.12971,43.22233],[-3.12969,43.22231],[-3.12966,43.22225],[-3.12963,43.22219],[-3.1296,43.22211],[-3.12959,43.22204]]}},{"type":"Feature","properties":{"id":626958330,"highway":"track"},"geometry":{"type":"LineString","coordinates":[[-3.14114,43.23648],[-3.14062,43.23651],[-3.1404,43.23653],[-3.14014,43.23656],[-3.13969,43.23667],[-3.13957,43.2367],[-3.13944,43.23672],[-3.13927,43.23677]]}},{"type":"Feature","properties":{"id":626958331,"highway":"track"},"geometry":{"type":"LineString","coordinates":[[-3.13957,43.2367],[-3.13946,43.23662],[-3.13938,43.23651],[-3.13933,43.23641],[-3.13929,43.23638],[-3.1391,43.23634],[-3.13884,43.23629],[-3.13832,43.23617],[-3.13817,43.23612],[-3.138,43.2361],[-3.13787,43.23611],[-3.13775,43.23616],[-3.13763,43.23617],[-3.1375,43.23614],[-3.13736,43.23609],[-3.13705,43.23594],[-3.13687,43.2359],[-3.13677,43.23587],[-3.13668,43.23588],[-3.13655,43.2359],[-3.13633,43.23598],[-3.13624,43.23602],[-3.13613,43.23603]]}},{"type":"Feature","properties":{"id":626958332,"highway":"track"},"geometry":{"type":"LineString","coordinates":[[-3.13849,43.23719],[-3.13823,43.23707],[-3.13787,43.23695],[-3.13767,43.23685],[-3.13742,43.23674],[-3.13714,43.23658],[-3.13688,43.23643],[-3.13651,43.23624],[-3.13631,43.23612],[-3.13613,43.23603],[-3.13588,43.23591],[-3.13575,43.23587]]}},{"type":"Feature","properties":{"id":626958333,"highway":"track"},"geometry":{"type":"LineString","coordinates":[[-3.13767,43.23685],[-3.13741,43.23688],[-3.13721,43.23691],[-3.13707,43.23698],[-3.13698,43.23705],[-3.13696,43.23712]]}},{"type":"Feature","properties":{"id":626958339,"highway":"track"},"geometry":{"type":"LineString","coordinates":[[-3.13778,43.23726],[-3.13764,43.23724],[-3.13732,43.23721],[-3.13708,43.23715],[-3.13696,43.23712],[-3.13677,43.23705],[-3.13658,43.23695],[-3.13634,43.23683],[-3.13601,43.23668],[-3.13584,43.23661],[-3.1357,43.23658],[-3.13556,43.23658],[-3.13545,43.23654],[-3.13532,43.23649],[-3.13527,43.23649],[-3.13521,43.23655],[-3.1352,43.23667]]}},{"type":"Feature","properties":{"id":626958340,"highway":"unclassified","superficie":"concrete"},"geometry":{"type":"LineString","coordinates":[[-3.13948,43.23478],[-3.13954,43.23475],[-3.13957,43.23472],[-3.13959,43.23468],[-3.13962,43.23454],[-3.13963,43.2345],[-3.13964,43.23447],[-3.13968,43.23444]]}},{"type":"Feature","properties":{"id":627437436,"highway":"tertiary","nombre":"Avenida Nuestra Señora del Rosario","ref":"BI-3602","oneway":"yes","superficie":"asphalt"},"geometry":{"type":"LineString","coordinates":[[-3.13343,43.21466],[-3.13341,43.21457],[-3.13341,43.21453]]}},{"type":"Feature","properties":{"id":627437437,"highway":"tertiary","nombre":"Avenida Nuestra Señora del Rosario","ref":"BI-3602","oneway":"yes","superficie":"asphalt"},"geometry":{"type":"LineString","coordinates":[[-3.13333,43.21459],[-3.13343,43.21466]]}},{"type":"Feature","properties":{"id":627437438,"highway":"residential","nombre":"Avenida Sabino Arana","oneway":"no"},"geometry":{"type":"LineString","coordinates":[[-3.13147,43.21393],[-3.1315,43.21387],[-3.13153,43.21381],[-3.13154,43.21378]]}},{"type":"Feature","properties":{"id":630507465,"highway":"residential","nombre":"Avenida Kosme Bibanko Etxeberria","ref":"BI-3602","oneway":"yes","superficie":"asphalt"},"geometry":{"type":"LineString","coordinates":[[-3.13341,43.21453],[-3.13355,43.21429],[-3.13357,43.21426]]}},{"type":"Feature","properties":{"id":631347550,"highway":"tertiary","nombre":"Nicolas Maria Urgoiti kalea","izena_eu":"Nicolas Maria Urgoiti kalea","nombre_es":"Calle Nicolás María Urgoiti","superficie":"asphalt"},"geometry":{"type":"LineString","coordinates":[[-3.11329,43.20983],[-3.11318,43.20979],[-3.1131,43.20977]]}},{"type":"Feature","properties":{"id":631347552,"highway":"unclassified","oneway":"no","superficie":"asphalt"},"geometry":{"type":"LineString","coordinates":[[-3.11843,43.20889],[-3.1183,43.20889],[-3.11822,43.20889],[-3.11814,43.20888],[-3.11792,43.20883],[-3.1178,43.20879],[-3.1177,43.20877],[-3.11687,43.20857],[-3.11673,43.20854],[-3.11573,43.20829],[-3.11569,43.20829],[-3.11565,43.20829],[-3.11562,43.2083],[-3.11556,43.20832],[-3.11505,43.20854],[-3.1149,43.20861],[-3.11469,43.20868],[-3.11444,43.20875],[-3.11436,43.20876],[-3.11416,43.20879],[-3.11402,43.20881],[-3.11395,43.20884],[-3.11387,43.20887],[-3.11379,43.20893],[-3.11371,43.20899],[-3.11365,43.20905],[-3.11361,43.20911],[-3.11357,43.20916],[-3.11356,43.2092],[-3.11356,43.20926],[-3.11356,43.20954],[-3.11355,43.20958],[-3.11354,43.20961],[-3.11351,43.20963],[-3.11343,43.20972],[-3.11337,43.20977],[-3.11334,43.20979],[-3.11329,43.20983]]}},{"type":"Feature","properties":{"id":631347554,"highway":"cycleway","superficie":"paved"},"geometry":{"type":"LineString","coordinates":[[-3.12475,43.20915],[-3.12486,43.20935],[-3.12487,43.20952],[-3.12484,43.2097],[-3.12479,43.20978]]}},{"type":"Feature","properties":{"id":631349119,"highway":"tertiary","nombre":"Barrio La Herrera-Ijalde","ref":"BI-3651","oneway":"no","superficie":"asphalt"},"geometry":{"type":"LineString","coordinates":[[-3.1625,43.20496],[-3.16255,43.20498],[-3.16269,43.205],[-3.16283,43.20501],[-3.16288,43.205],[-3.16297,43.20498],[-3.16309,43.20493],[-3.16318,43.20488],[-3.16328,43.20483],[-3.16376,43.20457],[-3.16415,43.20435],[-3.16435,43.20423],[-3.16457,43.20412],[-3.16477,43.20403],[-3.16504,43.20389],[-3.1653,43.20374],[-3.16549,43.20362],[-3.16572,43.20346],[-3.16587,43.20336],[-3.16608,43.20321],[-3.16646,43.20297],[-3.16658,43.2029],[-3.16668,43.20286],[-3.16681,43.20283],[-3.16697,43.2028],[-3.16717,43.20278],[-3.16738,43.20278],[-3.16761,43.20278],[-3.16786,43.2028],[-3.16807,43.20282],[-3.1682,43.20284],[-3.1683,43.20287],[-3.16847,43.20291],[-3.16862,43.20296],[-3.16886,43.20305],[-3.16897,43.20309],[-3.16913,43.20317],[-3.16934,43.20327],[-3.16941,43.2033]]}},{"type":"Feature","properties":{"id":631349123,"highway":"tertiary","nombre":"Barrio La Herrera-Ijalde","ref":"BI-3651","superficie":"asphalt"},"geometry":{"type":"LineString","coordinates":[[-3.16941,43.2033],[-3.16948,43.20333],[-3.16957,43.20338],[-3.16974,43.20344],[-3.16994,43.2035]]}},{"type":"Feature","properties":{"id":637838030,"highway":"footway"},"geometry":{"type":"LineString","coordinates":[[-3.13538,43.21268],[-3.13542,43.21272],[-3.13546,43.21275],[-3.13552,43.21279],[-3.13558,43.21282]]}},{"type":"Feature","properties":{"id":644836043,"highway":"track"},"geometry":{"type":"LineString","coordinates":[[-3.12983,43.23236],[-3.12972,43.23243],[-3.12965,43.2325],[-3.12962,43.23257],[-3.12962,43.23268],[-3.12964,43.23289],[-3.12967,43.2331],[-3.12967,43.23322],[-3.12966,43.23339],[-3.12967,43.23356],[-3.12966,43.2336]]}},{"type":"Feature","properties":{"id":644836044,"highway":"path"},"geometry":{"type":"LineString","coordinates":[[-3.12528,43.22609],[-3.12532,43.22621],[-3.12534,43.2263],[-3.1254,43.22644],[-3.12543,43.22653],[-3.12547,43.22668],[-3.12546,43.2268],[-3.12546,43.22687],[-3.12548,43.22699],[-3.12549,43.22717],[-3.1255,43.2273],[-3.12554,43.2274],[-3.12559,43.22752],[-3.12562,43.22757],[-3.12567,43.22763],[-3.12569,43.22766],[-3.12578,43.22774],[-3.12597,43.2279],[-3.12615,43.22805],[-3.12632,43.22822],[-3.12648,43.22846],[-3.12657,43.22858],[-3.12674,43.22872],[-3.12688,43.22884],[-3.127,43.22896],[-3.12712,43.22907],[-3.1273,43.22923],[-3.12748,43.22936],[-3.12769,43.22952],[-3.12783,43.22964],[-3.12799,43.22975],[-3.12815,43.22986],[-3.12831,43.23],[-3.12845,43.23012],[-3.12857,43.23021],[-3.12872,43.23034],[-3.12889,43.23044],[-3.12902,43.23052],[-3.12911,43.23062],[-3.12922,43.23078],[-3.12931,43.2309],[-3.12948,43.23107],[-3.12957,43.23123],[-3.12968,43.23155],[-3.12975,43.2317],[-3.12977,43.23182],[-3.12977,43.23187],[-3.12973,43.23191]]}},{"type":"Feature","properties":{"id":646957659,"highway":"track"},"geometry":{"type":"LineString","coordinates":[[-3.15679,43.19089],[-3.15678,43.1912],[-3.15673,43.19151],[-3.1566,43.19181],[-3.15653,43.19193],[-3.15632,43.19219],[-3.15621,43.19232],[-3.15609,43.19246],[-3.15593,43.1927],[-3.15585,43.19278],[-3.15574,43.19283],[-3.1555,43.1929],[-3.15526,43.193],[-3.15515,43.19307],[-3.15512,43.19309],[-3.15509,43.19312],[-3.15503,43.1932],[-3.15496,43.19325],[-3.15481,43.19335],[-3.15461,43.19357],[-3.15452,43.19363],[-3.1544,43.19371],[-3.1542,43.19382],[-3.15407,43.19393],[-3.1538,43.19409],[-3.15354,43.19421],[-3.15327,43.19433],[-3.15275,43.19455],[-3.152,43.19494],[-3.15219,43.19521],[-3.15219,43.19548],[-3.15201,43.19567],[-3.15202,43.19576],[-3.15212,43.19591],[-3.15211,43.19606],[-3.15201,43.19635],[-3.15199,43.1965],[-3.15205,43.19663],[-3.15219,43.19694],[-3.15219,43.1971],[-3.15206,43.19803],[-3.15208,43.19854],[-3.1522,43.19878],[-3.15224,43.19904],[-3.15203,43.19921],[-3.15182,43.19912],[-3.15179,43.19916],[-3.15206,43.19957],[-3.15199,43.1996],[-3.15171,43.19955],[-3.15149,43.19956]]}},{"type":"Feature","properties":{"id":646957660,"highway":"track"},"geometry":{"type":"LineString","coordinates":[[-3.11908,43.19484],[-3.11923,43.19491],[-3.11931,43.19497],[-3.11941,43.19507],[-3.11943,43.19514],[-3.11943,43.19521],[-3.11941,43.19531],[-3.11943,43.19537],[-3.11947,43.19545],[-3.11963,43.19564],[-3.11969,43.1957],[-3.11977,43.19576],[-3.11994,43.19587],[-3.12,43.19591],[-3.12005,43.19592]]}},{"type":"Feature","properties":{"id":646957678,"highway":"track"},"geometry":{"type":"LineString","coordinates":[[-3.12901,43.20264],[-3.12895,43.20267],[-3.12888,43.2027],[-3.12883,43.20271]]}},{"type":"Feature","properties":{"id":646957679,"highway":"track"},"geometry":{"type":"LineString","coordinates":[[-3.12855,43.20356],[-3.1285,43.20353],[-3.12851,43.20343],[-3.12852,43.20334],[-3.12855,43.20325],[-3.12861,43.20318],[-3.12874,43.20309],[-3.12891,43.20299],[-3.12902,43.20291],[-3.12907,43.20282],[-3.12908,43.20276],[-3.12904,43.20269],[-3.12901,43.20264],[-3.129,43.2026],[-3.129,43.2025],[-3.129,43.20225],[-3.129,43.2021],[-3.12899,43.20188],[-3.12897,43.20176],[-3.12898,43.20168],[-3.12901,43.2016],[-3.12905,43.20153],[-3.12911,43.20139],[-3.12912,43.20126],[-3.12913,43.20106],[-3.12914,43.20079],[-3.12915,43.20061],[-3.12915,43.20049],[-3.12913,43.2004],[-3.12907,43.20029],[-3.12903,43.20026],[-3.12902,43.20019]]}},{"type":"Feature","properties":{"id":646957680,"highway":"track"},"geometry":{"type":"LineString","coordinates":[[-3.1282,43.20208],[-3.12822,43.20203],[-3.12821,43.20196],[-3.12815,43.20184],[-3.12811,43.20173],[-3.1281,43.20164],[-3.12811,43.20154],[-3.12815,43.20148],[-3.12824,43.20144],[-3.12839,43.20142],[-3.12853,43.20144],[-3.12882,43.20151],[-3.12892,43.20153],[-3.12905,43.20153]]}},{"type":"Feature","properties":{"id":646957681,"highway":"track"},"geometry":{"type":"LineString","coordinates":[[-3.13117,43.20264],[-3.13096,43.20267],[-3.13082,43.20273],[-3.13071,43.20283],[-3.1306,43.20299],[-3.13052,43.20305],[-3.13038,43.20312],[-3.13017,43.20318],[-3.12998,43.20321],[-3.12978,43.2032],[-3.12952,43.20318],[-3.12934,43.20312],[-3.12922,43.20306],[-3.12906,43.20294],[-3.12902,43.20291],[-3.12896,43.20286],[-3.12883,43.20271],[-3.12879,43.20267],[-3.12866,43.20255],[-3.12845,43.20233],[-3.1282,43.20208],[-3.128,43.20192],[-3.12784,43.20178],[-3.12773,43.20164]]}},{"type":"Feature","properties":{"id":646957682,"highway":"track"},"geometry":{"type":"LineString","coordinates":[[-3.13178,43.19183],[-3.13179,43.19176],[-3.13175,43.19163],[-3.13166,43.19153],[-3.13154,43.19147],[-3.13139,43.19142],[-3.13135,43.19139],[-3.13137,43.19136],[-3.13147,43.19132],[-3.13186,43.19127],[-3.13201,43.19127],[-3.13228,43.1913],[-3.13273,43.19135],[-3.13294,43.19138],[-3.1331,43.19142],[-3.13333,43.19153],[-3.13348,43.19162],[-3.13365,43.19182],[-3.13375,43.19192],[-3.13391,43.19208],[-3.13406,43.19224],[-3.13422,43.19245],[-3.13433,43.19253]]}},{"type":"Feature","properties":{"id":646957683,"highway":"track"},"geometry":{"type":"LineString","coordinates":[[-3.1299,43.19156],[-3.12974,43.19145],[-3.1295,43.19124],[-3.12937,43.19111],[-3.12926,43.19097],[-3.12917,43.19084],[-3.12898,43.19061],[-3.12887,43.19053],[-3.12878,43.19047],[-3.12874,43.19043],[-3.12876,43.19037],[-3.12883,43.19035],[-3.12891,43.19035],[-3.12925,43.19036],[-3.12977,43.19037],[-3.13039,43.19041],[-3.13073,43.1904],[-3.13122,43.19031],[-3.13164,43.19022],[-3.13179,43.19013],[-3.13191,43.18999],[-3.13198,43.18985],[-3.13202,43.18974],[-3.13206,43.18942]]}},{"type":"Feature","properties":{"id":646957684,"highway":"track","superficie":"paved"},"geometry":{"type":"LineString","coordinates":[[-3.12989,43.19179],[-3.1298,43.19182],[-3.12969,43.19186],[-3.12962,43.19191],[-3.1296,43.19196],[-3.12961,43.19205],[-3.12967,43.19228],[-3.12972,43.19234],[-3.1298,43.1924],[-3.12997,43.19254],[-3.12999,43.19259],[-3.13,43.19263],[-3.12996,43.19269],[-3.1299,43.19278],[-3.1299,43.19283],[-3.12992,43.19289],[-3.12999,43.19295],[-3.13028,43.19315],[-3.1304,43.19325],[-3.13061,43.19342],[-3.13097,43.19373],[-3.1312,43.19393],[-3.1313,43.19404],[-3.13159,43.19437],[-3.13172,43.19454],[-3.13175,43.1946],[-3.13174,43.19463],[-3.13172,43.19464],[-3.13169,43.19465],[-3.13163,43.19465],[-3.13158,43.19459],[-3.13145,43.19445],[-3.13128,43.19433],[-3.13109,43.1942],[-3.1306,43.19389],[-3.13001,43.19359],[-3.12941,43.19324],[-3.12919,43.1931],[-3.12904,43.19297],[-3.12898,43.19288],[-3.12891,43.19273],[-3.12887,43.19266],[-3.1288,43.19258],[-3.12872,43.19254],[-3.1286,43.19253],[-3.12841,43.19254],[-3.12829,43.19253],[-3.12813,43.19248],[-3.128,43.19242],[-3.12791,43.19234],[-3.12787,43.19227],[-3.12787,43.19219],[-3.12789,43.19212],[-3.12801,43.19198],[-3.12806,43.1919]]}},{"type":"Feature","properties":{"id":646957685,"highway":"track"},"geometry":{"type":"LineString","coordinates":[[-3.12764,43.19596],[-3.12723,43.19593],[-3.12685,43.1959],[-3.12657,43.19586],[-3.12635,43.19583],[-3.12624,43.1958],[-3.12613,43.19576],[-3.12601,43.19575],[-3.12575,43.19573],[-3.1256,43.1957],[-3.12543,43.19563],[-3.12532,43.19556],[-3.12504,43.19534],[-3.1249,43.19525],[-3.12484,43.19523],[-3.12473,43.19523],[-3.1246,43.19517],[-3.12444,43.19506],[-3.12424,43.19493],[-3.12404,43.19484],[-3.12382,43.19482],[-3.12355,43.19483],[-3.12334,43.19481],[-3.12315,43.1948],[-3.12301,43.1948]]}},{"type":"Feature","properties":{"id":646957686,"highway":"track"},"geometry":{"type":"LineString","coordinates":[[-3.12832,43.19565],[-3.12791,43.19562],[-3.12753,43.19561],[-3.12719,43.19556],[-3.12669,43.19549],[-3.12633,43.19543],[-3.12602,43.19536],[-3.12586,43.1953],[-3.12564,43.19521],[-3.12552,43.19514],[-3.12532,43.19497],[-3.12522,43.19486],[-3.12514,43.19482],[-3.12502,43.19484],[-3.12491,43.19485],[-3.12479,43.19484],[-3.12464,43.1948],[-3.12453,43.19472],[-3.12425,43.19456],[-3.12408,43.19452],[-3.12398,43.19452],[-3.12392,43.19455],[-3.12384,43.19461],[-3.12377,43.19465],[-3.12364,43.19469],[-3.1232,43.19476],[-3.12301,43.1948],[-3.12283,43.19484],[-3.12264,43.19487],[-3.1225,43.19491],[-3.12239,43.19492],[-3.12225,43.19491],[-3.12216,43.19493],[-3.12193,43.19503],[-3.12167,43.19513],[-3.12124,43.19525],[-3.12104,43.19531],[-3.12087,43.19529],[-3.12055,43.1952],[-3.12044,43.19516],[-3.12029,43.19508],[-3.12023,43.19508]]}},{"type":"Feature","properties":{"id":646957687,"highway":"track"},"geometry":{"type":"LineString","coordinates":[[-3.13015,43.19781],[-3.13,43.1978],[-3.12988,43.1978],[-3.12985,43.1978],[-3.12971,43.19781],[-3.12959,43.19781],[-3.12941,43.19777],[-3.1292,43.19773],[-3.129,43.19769],[-3.1288,43.19766],[-3.12868,43.19763],[-3.12857,43.19759]]}},{"type":"Feature","properties":{"id":646957688,"highway":"track"},"geometry":{"type":"LineString","coordinates":[[-3.12894,43.19832],[-3.12904,43.19825],[-3.12923,43.19814],[-3.12933,43.19811],[-3.12942,43.19808],[-3.12956,43.19803],[-3.12963,43.19799],[-3.12973,43.19791],[-3.12985,43.1978]]}},{"type":"Feature","properties":{"id":646957689,"highway":"track"},"geometry":{"type":"LineString","coordinates":[[-3.12909,43.19688],[-3.12901,43.19696],[-3.12885,43.19702],[-3.12877,43.1971],[-3.12873,43.19718],[-3.12872,43.19726],[-3.12872,43.19737],[-3.12869,43.19753],[-3.12868,43.19763],[-3.12868,43.19767],[-3.12864,43.19775],[-3.12863,43.19781],[-3.12866,43.19786],[-3.12872,43.19793],[-3.12884,43.19806],[-3.12891,43.19818],[-3.12893,43.19827],[-3.12894,43.19832],[-3.12892,43.1984],[-3.12894,43.19874],[-3.12896,43.19886],[-3.12901,43.19899],[-3.12909,43.1991],[-3.12921,43.19926],[-3.12935,43.19952],[-3.12949,43.19973],[-3.12953,43.19983],[-3.12954,43.1999],[-3.1295,43.19993],[-3.12927,43.2],[-3.12911,43.20005],[-3.12905,43.20011],[-3.12902,43.20019]]}},{"type":"Feature","properties":{"id":646957690,"highway":"track"},"geometry":{"type":"LineString","coordinates":[[-3.13169,43.19465],[-3.13169,43.19475],[-3.13165,43.1948],[-3.13161,43.19487],[-3.13155,43.19495],[-3.13149,43.19504],[-3.13139,43.19512],[-3.13127,43.1952],[-3.13104,43.19527],[-3.13075,43.19536],[-3.13044,43.19542],[-3.13021,43.19545],[-3.12999,43.19549],[-3.12971,43.19551],[-3.12953,43.1955],[-3.12939,43.19552],[-3.12912,43.19558],[-3.12886,43.19563],[-3.12857,43.19565],[-3.12832,43.19565],[-3.12841,43.19568],[-3.12854,43.19575],[-3.12861,43.19577],[-3.12872,43.19577],[-3.12877,43.19578],[-3.12861,43.19585],[-3.12824,43.19592],[-3.12797,43.19595],[-3.12764,43.19596],[-3.12779,43.19605],[-3.12791,43.19616],[-3.12825,43.19647],[-3.12839,43.19658],[-3.12857,43.19668],[-3.12875,43.19673],[-3.12895,43.19678],[-3.12902,43.19684],[-3.12909,43.19688],[-3.12918,43.19691],[-3.12931,43.19689],[-3.12968,43.19684],[-3.13001,43.19683],[-3.13022,43.19681],[-3.13037,43.19677],[-3.13047,43.19677],[-3.1306,43.1968],[-3.13075,43.19679],[-3.1309,43.19682]]}},{"type":"Feature","properties":{"id":646957691,"highway":"track"},"geometry":{"type":"LineString","coordinates":[[-3.12561,43.19263],[-3.12573,43.19266],[-3.12598,43.1927],[-3.12611,43.19274],[-3.12622,43.19282],[-3.12635,43.19291],[-3.12655,43.19304],[-3.12695,43.19331],[-3.12706,43.19337],[-3.12721,43.19342],[-3.12747,43.19348],[-3.12755,43.1935],[-3.12767,43.19356],[-3.12788,43.19362],[-3.12824,43.19373],[-3.12839,43.19381],[-3.1286,43.19392],[-3.12886,43.19403],[-3.12911,43.19411],[-3.12948,43.19422],[-3.12974,43.19431],[-3.13006,43.19439],[-3.13033,43.19444],[-3.13086,43.19455],[-3.13104,43.19457],[-3.13121,43.1946],[-3.13128,43.19462],[-3.13134,43.19468],[-3.13138,43.19479],[-3.13136,43.19492],[-3.1314,43.19494]]}},{"type":"Feature","properties":{"id":646969725,"highway":"track"},"geometry":{"type":"LineString","coordinates":[[-3.18399,43.19348],[-3.18393,43.19344],[-3.18392,43.19338],[-3.18391,43.19327],[-3.18387,43.19312],[-3.18384,43.19303],[-3.18377,43.19299],[-3.18366,43.19303],[-3.18359,43.19311],[-3.18353,43.19323],[-3.18342,43.19357],[-3.18329,43.19392],[-3.18325,43.19395],[-3.18321,43.19398],[-3.18312,43.19402],[-3.18295,43.19406],[-3.18266,43.19408],[-3.18252,43.19413],[-3.18243,43.19419],[-3.18235,43.1943],[-3.18228,43.19442],[-3.18223,43.19448],[-3.18214,43.19451],[-3.18168,43.19464],[-3.18123,43.19478],[-3.18106,43.19484]]}},{"type":"Feature","properties":{"id":656790884,"highway":"residential","nombre":"Urbanización Padres Paulinos","oneway":"no"},"geometry":{"type":"LineString","coordinates":[[-3.12898,43.2068],[-3.12863,43.20677],[-3.12855,43.20676],[-3.12848,43.20676]]}},{"type":"Feature","properties":{"id":665889198,"highway":"track"},"geometry":{"type":"LineString","coordinates":[[-3.16743,43.21583],[-3.16739,43.21568],[-3.16731,43.21535],[-3.16726,43.21521],[-3.16721,43.21514],[-3.16713,43.21507],[-3.16707,43.21501],[-3.16704,43.2149],[-3.16701,43.21482],[-3.16693,43.21476],[-3.16685,43.21466],[-3.16681,43.21453],[-3.16681,43.21437],[-3.16688,43.21422],[-3.16695,43.21411],[-3.16696,43.21396],[-3.16696,43.21374],[-3.16692,43.2136],[-3.16685,43.21351],[-3.1667,43.2134],[-3.16664,43.21334],[-3.16662,43.21323],[-3.16664,43.2131],[-3.16662,43.21296],[-3.16662,43.21289],[-3.16665,43.21286],[-3.16672,43.21286],[-3.16694,43.21295],[-3.16716,43.21302],[-3.16745,43.21308],[-3.16758,43.21309],[-3.16768,43.21308],[-3.16772,43.21305],[-3.16756,43.21296],[-3.16741,43.21281],[-3.1673,43.2127],[-3.16714,43.21258],[-3.16707,43.21251],[-3.16682,43.21218],[-3.16672,43.21206],[-3.16667,43.21198],[-3.16665,43.21183],[-3.16665,43.21173],[-3.16665,43.21161]]}},{"type":"Feature","properties":{"id":665889199,"highway":"track"},"geometry":{"type":"LineString","coordinates":[[-3.16802,43.21227],[-3.16795,43.21217],[-3.16791,43.21212],[-3.16778,43.21206],[-3.16757,43.21198],[-3.16721,43.21182],[-3.16688,43.21168],[-3.16665,43.21161],[-3.16638,43.2115],[-3.16614,43.21141],[-3.16597,43.21133],[-3.16586,43.21126],[-3.16528,43.21088],[-3.16461,43.21045],[-3.16426,43.21022],[-3.16399,43.21004],[-3.16384,43.20992],[-3.16378,43.20989],[-3.16372,43.20986]]}},{"type":"Feature","properties":{"id":665889201,"highway":"track","nombre":"Barrio Basoaga"},"geometry":{"type":"LineString","coordinates":[[-3.16378,43.20989],[-3.16398,43.2099],[-3.16429,43.20991],[-3.16486,43.20989],[-3.16509,43.20989],[-3.1654,43.20992],[-3.1656,43.20994],[-3.16573,43.20996],[-3.1659,43.21],[-3.16613,43.21007],[-3.1663,43.2101],[-3.16647,43.21014],[-3.16662,43.21018],[-3.16675,43.21024],[-3.16692,43.21035],[-3.16702,43.2104],[-3.16713,43.21043],[-3.16767,43.21049],[-3.16791,43.21051],[-3.16801,43.21053],[-3.16828,43.21056],[-3.16845,43.21057],[-3.16869,43.2106],[-3.1688,43.21061],[-3.16898,43.21067],[-3.16915,43.21072],[-3.16934,43.21076],[-3.16945,43.21079],[-3.16961,43.21082],[-3.16977,43.21085],[-3.16988,43.21084],[-3.17006,43.21082],[-3.17032,43.21081],[-3.17051,43.21084],[-3.17062,43.21084],[-3.17081,43.21081],[-3.17103,43.21077],[-3.17127,43.21074],[-3.17143,43.21073],[-3.17152,43.2107],[-3.17161,43.21067],[-3.17172,43.21065],[-3.17183,43.21064],[-3.17199,43.21063],[-3.17207,43.21062],[-3.17214,43.21058],[-3.17214,43.21053],[-3.17209,43.21048],[-3.17206,43.21037],[-3.17209,43.21034],[-3.17208,43.2102]]}},{"type":"Feature","properties":{"id":665889202,"highway":"service","superficie":"unpaved"},"geometry":{"type":"LineString","coordinates":[[-3.17376,43.21116],[-3.17375,43.21119],[-3.17376,43.21128],[-3.17371,43.21134],[-3.17363,43.2114],[-3.17358,43.21147],[-3.17355,43.21159],[-3.17357,43.21171],[-3.17358,43.2118]]}},{"type":"Feature","properties":{"id":665889203,"highway":"track","nombre":"Barrio Basoaga"},"geometry":{"type":"LineString","coordinates":[[-3.17376,43.21116],[-3.17359,43.21111],[-3.17345,43.21103],[-3.17328,43.21088],[-3.17287,43.21066],[-3.17259,43.21052],[-3.17236,43.21041],[-3.17224,43.21036],[-3.17214,43.21034],[-3.17209,43.21034]]}},{"type":"Feature","properties":{"id":665894974,"highway":"track","nombre":"Barrio La Herrera-Ijalde"},"geometry":{"type":"LineString","coordinates":[[-3.16943,43.20345],[-3.16923,43.20353],[-3.16891,43.2037],[-3.16843,43.20402],[-3.16813,43.20425],[-3.16794,43.20441],[-3.16761,43.20488],[-3.16747,43.20505],[-3.16745,43.2051],[-3.16742,43.2052],[-3.16733,43.20567],[-3.16719,43.20603],[-3.16718,43.20615],[-3.16713,43.20639],[-3.16708,43.20644],[-3.16685,43.20653],[-3.16665,43.20664],[-3.16659,43.20665],[-3.16618,43.20664],[-3.16606,43.20663],[-3.166,43.20657],[-3.16572,43.2063],[-3.16538,43.20605],[-3.16528,43.20593],[-3.16519,43.20589],[-3.16509,43.20592],[-3.16472,43.20607],[-3.16454,43.20614],[-3.16438,43.20614],[-3.16426,43.20614],[-3.16415,43.20613],[-3.16401,43.20606],[-3.16388,43.20604]]}},{"type":"Feature","properties":{"id":665894975,"highway":"track"},"geometry":{"type":"LineString","coordinates":[[-3.15559,43.20735],[-3.15506,43.2072],[-3.15468,43.20705],[-3.1542,43.20685],[-3.1541,43.20683],[-3.15401,43.20689],[-3.15357,43.20725],[-3.15352,43.20727],[-3.15323,43.20709],[-3.15303,43.20692],[-3.15293,43.20683],[-3.15282,43.20671],[-3.15267,43.20653],[-3.15249,43.20631]]}},{"type":"Feature","properties":{"id":665894976,"highway":"track"},"geometry":{"type":"LineString","coordinates":[[-3.15306,43.20604],[-3.15307,43.2061],[-3.15314,43.2064],[-3.15321,43.20653],[-3.15329,43.20661],[-3.15343,43.2067],[-3.15353,43.20676]]}},{"type":"Feature","properties":{"id":665895563,"highway":"track"},"geometry":{"type":"LineString","coordinates":[[-3.15988,43.20415],[-3.15989,43.20427],[-3.1599,43.20436],[-3.15988,43.20443],[-3.15984,43.20448],[-3.15978,43.20451],[-3.15971,43.20452],[-3.15945,43.20449],[-3.15921,43.20445],[-3.15902,43.20444],[-3.15884,43.20445],[-3.15875,43.20444],[-3.15869,43.20442],[-3.1586,43.20437],[-3.15857,43.20435],[-3.15853,43.20435],[-3.15852,43.20439],[-3.15854,43.20442],[-3.15877,43.20463],[-3.1589,43.20471],[-3.15895,43.20476],[-3.15901,43.20482],[-3.15909,43.20487],[-3.15943,43.20505],[-3.15953,43.20514],[-3.15963,43.20521],[-3.15977,43.20531],[-3.15988,43.20539],[-3.15996,43.20546],[-3.15999,43.20555],[-3.15994,43.20563],[-3.15988,43.20571],[-3.15988,43.20577],[-3.15992,43.20583],[-3.15998,43.20586],[-3.16016,43.20592],[-3.16031,43.20599],[-3.16036,43.20606],[-3.1604,43.20617],[-3.16045,43.20636],[-3.16048,43.20644],[-3.16055,43.20652],[-3.16065,43.20667]]}},{"type":"Feature","properties":{"id":665895564,"highway":"track"},"geometry":{"type":"LineString","coordinates":[[-3.14972,43.20967],[-3.14975,43.20958],[-3.14977,43.20953]]}},{"type":"Feature","properties":{"id":665896305,"highway":"track"},"geometry":{"type":"LineString","coordinates":[[-3.14339,43.21376],[-3.14328,43.2137],[-3.14311,43.21366],[-3.14301,43.21363],[-3.14287,43.21356],[-3.14279,43.21352],[-3.14257,43.21343],[-3.14237,43.21331],[-3.14217,43.2132]]}},{"type":"Feature","properties":{"id":665896306,"highway":"path"},"geometry":{"type":"LineString","coordinates":[[-3.14122,43.21419],[-3.1412,43.21416],[-3.14114,43.21414],[-3.14112,43.21413],[-3.14111,43.21408],[-3.14114,43.214],[-3.1412,43.21396],[-3.14136,43.21389],[-3.14138,43.21387],[-3.14138,43.21384],[-3.14135,43.21377],[-3.14135,43.21373],[-3.14138,43.2137],[-3.14142,43.21369],[-3.14147,43.2137],[-3.14153,43.21375],[-3.14159,43.21377],[-3.14164,43.21375],[-3.14167,43.21374],[-3.14175,43.21363],[-3.14174,43.21357],[-3.1417,43.21352],[-3.14165,43.21349],[-3.14154,43.21348],[-3.14145,43.21348],[-3.14139,43.21346],[-3.14138,43.21341],[-3.14139,43.21334],[-3.14142,43.21329],[-3.14146,43.21329],[-3.14152,43.21332],[-3.14155,43.21332],[-3.14161,43.21332],[-3.14167,43.21328],[-3.14168,43.21323]]}},{"type":"Feature","properties":{"id":665896307,"highway":"track"},"geometry":{"type":"LineString","coordinates":[[-3.13956,43.21463],[-3.13943,43.21456],[-3.13929,43.21441],[-3.13897,43.21422],[-3.13891,43.21414],[-3.13881,43.21395],[-3.13869,43.21384],[-3.13863,43.2138],[-3.13862,43.21375],[-3.13863,43.2137],[-3.13869,43.21357],[-3.13876,43.21355],[-3.13882,43.21357],[-3.13919,43.21371],[-3.13933,43.21378],[-3.13938,43.21379],[-3.13958,43.21389],[-3.13979,43.21395]]}},{"type":"Feature","properties":{"id":665896308,"highway":"track"},"geometry":{"type":"LineString","coordinates":[[-3.13938,43.21379],[-3.13938,43.21372],[-3.13931,43.21361],[-3.13922,43.21354],[-3.13905,43.21347],[-3.13871,43.2134],[-3.13854,43.2134],[-3.1384,43.21342],[-3.13827,43.21347],[-3.13814,43.21355],[-3.13801,43.21359],[-3.13783,43.2136],[-3.13744,43.2136],[-3.13729,43.21358],[-3.13696,43.2135],[-3.13693,43.21349],[-3.13688,43.21346],[-3.13686,43.21341]]}},{"type":"Feature","properties":{"id":665896309,"highway":"track"},"geometry":{"type":"LineString","coordinates":[[-3.14185,43.22048],[-3.14174,43.22045],[-3.14145,43.22031],[-3.14125,43.22021],[-3.14113,43.22017],[-3.14106,43.22016],[-3.1407,43.22027],[-3.14059,43.22029],[-3.1405,43.22028],[-3.14039,43.22024],[-3.14003,43.22012],[-3.13964,43.22003],[-3.13948,43.22002],[-3.13937,43.22007],[-3.13923,43.22014],[-3.13934,43.2202],[-3.13944,43.22029],[-3.13966,43.22057],[-3.13987,43.22083],[-3.13994,43.22102],[-3.14,43.2213],[-3.14002,43.22151],[-3.14001,43.22165],[-3.13996,43.22173],[-3.13953,43.22205],[-3.1393,43.22215],[-3.13913,43.22226],[-3.13897,43.22241],[-3.13887,43.22254],[-3.13877,43.22278],[-3.13865,43.22328],[-3.13869,43.22356],[-3.13872,43.22376],[-3.13876,43.22386],[-3.13885,43.224],[-3.13888,43.22412],[-3.13886,43.2242],[-3.13878,43.22431],[-3.13876,43.2244]]}},{"type":"Feature","properties":{"id":665897096,"highway":"track"},"geometry":{"type":"LineString","coordinates":[[-3.11794,43.2218],[-3.11798,43.22182],[-3.11854,43.22211],[-3.11864,43.22226],[-3.11887,43.22248],[-3.11899,43.22263],[-3.11907,43.22281]]}},{"type":"Feature","properties":{"id":676921920,"highway":"residential","nombre":"Avenida Sabino Arana","oneway":"no"},"geometry":{"type":"LineString","coordinates":[[-3.13139,43.21409],[-3.13147,43.21393]]}},{"type":"Feature","properties":{"id":676921921,"highway":"residential","nombre":"Lanzagorta ibilbidea","izena_eu":"Lanzagorta ibilbidea","nombre_es":"Avenida Lanzagorta","superficie":"asphalt"},"geometry":{"type":"LineString","coordinates":[[-3.13176,43.21295],[-3.1318,43.21283],[-3.1319,43.2125],[-3.13196,43.21225],[-3.13197,43.2122],[-3.13207,43.21189],[-3.13213,43.21171],[-3.13221,43.21146],[-3.13229,43.21114],[-3.13237,43.21087],[-3.1324,43.2107],[-3.13239,43.21061],[-3.13238,43.21056],[-3.13237,43.21052]]}},{"type":"Feature","properties":{"id":688048547,"highway":"track"},"geometry":{"type":"LineString","coordinates":[[-3.14379,43.17664],[-3.14387,43.17673],[-3.14398,43.17679],[-3.14411,43.17687],[-3.14432,43.17695],[-3.14465,43.17706]]}},{"type":"Feature","properties":{"id":688048548,"highway":"track"},"geometry":{"type":"LineString","coordinates":[[-3.13839,43.18102],[-3.13843,43.18103],[-3.13857,43.18105],[-3.13863,43.18105],[-3.13883,43.18108],[-3.13897,43.18109],[-3.13909,43.1811],[-3.13931,43.18109],[-3.13957,43.18106],[-3.1398,43.18104],[-3.14036,43.18094],[-3.14076,43.18086],[-3.14093,43.18081],[-3.14109,43.18074],[-3.14153,43.18057],[-3.14191,43.18041],[-3.14212,43.1803],[-3.14227,43.18024],[-3.14234,43.18016],[-3.14238,43.18008],[-3.14239,43.17994],[-3.14242,43.17986],[-3.14249,43.17977],[-3.14266,43.17965],[-3.1428,43.17958],[-3.14291,43.17955],[-3.14317,43.17955],[-3.14343,43.17956],[-3.14364,43.17959],[-3.14384,43.17964],[-3.14418,43.17964],[-3.14454,43.1796],[-3.14484,43.17955],[-3.14517,43.17946],[-3.14559,43.17935],[-3.14598,43.17927],[-3.14628,43.1792],[-3.14644,43.17915],[-3.14679,43.17902],[-3.14707,43.17888],[-3.14716,43.17885],[-3.14731,43.17882],[-3.14745,43.1788],[-3.14762,43.17874],[-3.14776,43.17865],[-3.14785,43.17862],[-3.14795,43.17859],[-3.14818,43.17855],[-3.14839,43.17848]]}},{"type":"Feature","properties":{"id":688049373,"highway":"track"},"geometry":{"type":"LineString","coordinates":[[-3.16283,43.17766],[-3.16292,43.17765],[-3.16309,43.17761],[-3.16335,43.17759],[-3.16349,43.1776],[-3.16372,43.17769],[-3.16383,43.17779],[-3.16443,43.17825],[-3.16466,43.17842],[-3.16477,43.17847],[-3.16493,43.17847],[-3.16523,43.17845],[-3.16556,43.17843],[-3.16599,43.17842],[-3.16617,43.17842],[-3.16645,43.17849],[-3.16652,43.17852],[-3.16665,43.17858],[-3.16715,43.17897],[-3.16778,43.17948],[-3.1679,43.17956],[-3.16796,43.17958],[-3.16811,43.17958],[-3.16821,43.17957],[-3.16862,43.17939],[-3.16949,43.17888],[-3.17008,43.17849],[-3.171,43.17811]]}},{"type":"Feature","properties":{"id":689447165,"highway":"unclassified","nombre":"Barrio El Campo","superficie":"asphalt"},"geometry":{"type":"LineString","coordinates":[[-3.13934,43.20011],[-3.13906,43.2005],[-3.13876,43.20087],[-3.13871,43.20094],[-3.13852,43.20117],[-3.13843,43.20129],[-3.13839,43.20134],[-3.13834,43.20149],[-3.13821,43.20178],[-3.13807,43.20196],[-3.13802,43.20198],[-3.13792,43.20203],[-3.13756,43.2022],[-3.13717,43.2024],[-3.13689,43.20263],[-3.13678,43.20272]]}},{"type":"Feature","properties":{"id":690957876,"highway":"residential","nombre":"Barrio Gobeo"},"geometry":{"type":"LineString","coordinates":[[-3.14454,43.20424],[-3.14451,43.20422],[-3.14437,43.20406],[-3.14431,43.20397],[-3.14428,43.20391],[-3.14428,43.20385]]}},{"type":"Feature","properties":{"id":690957877,"highway":"footway"},"geometry":{"type":"LineString","coordinates":[[-3.14439,43.20483],[-3.14432,43.2048],[-3.14425,43.20479],[-3.14394,43.20474],[-3.14381,43.20472],[-3.14366,43.2047]]}},{"type":"Feature","properties":{"id":690957878,"highway":"tertiary","nombre":"Avenida Lehendakari Agirre","ref":"BI-3636","superficie":"asphalt"},"geometry":{"type":"LineString","coordinates":[[-3.14122,43.20917],[-3.14105,43.20934],[-3.1409,43.2095],[-3.1408,43.20961],[-3.1406,43.20982],[-3.13993,43.21046]]}},{"type":"Feature","properties":{"id":690957879,"highway":"tertiary","nombre":"Avenida Hermanos Maristas","ref":"BI-3602","superficie":"asphalt"},"geometry":{"type":"LineString","coordinates":[[-3.13022,43.21346],[-3.13005,43.21342],[-3.12984,43.21337],[-3.1296,43.21331]]}},{"type":"Feature","properties":{"id":690957880,"highway":"footway"},"geometry":{"type":"LineString","coordinates":[[-3.12991,43.21322],[-3.1299,43.21317],[-3.1299,43.21313]]}},{"type":"Feature","properties":{"id":690957881,"highway":"residential","nombre":"Calle Doctor Andrés Aya Goñi","superficie":"asphalt"},"geometry":{"type":"LineString","coordinates":[[-3.1299,43.21317],[-3.12947,43.21322],[-3.1294,43.21323]]}},{"type":"Feature","properties":{"id":690957882,"highway":"service","oneway":"yes"},"geometry":{"type":"LineString","coordinates":[[-3.12624,43.21165],[-3.12638,43.21173]]}},{"type":"Feature","properties":{"id":690957883,"highway":"service","oneway":"yes"},"geometry":{"type":"LineString","coordinates":[[-3.12476,43.20988],[-3.12469,43.20997]]}},{"type":"Feature","properties":{"id":690957884,"highway":"service","oneway":"yes"},"geometry":{"type":"LineString","coordinates":[[-3.125,43.21029],[-3.12503,43.21028],[-3.12553,43.21006],[-3.12555,43.20997],[-3.12551,43.20992],[-3.12532,43.20968],[-3.12507,43.20967],[-3.12497,43.20969],[-3.1249,43.20972],[-3.12486,43.20977],[-3.12476,43.20988]]}},{"type":"Feature","properties":{"id":694312375,"highway":"track"},"geometry":{"type":"LineString","coordinates":[[-3.15603,43.18304],[-3.15614,43.1831],[-3.15629,43.1831],[-3.15652,43.18307],[-3.15689,43.18287],[-3.15707,43.1828],[-3.15745,43.18268],[-3.15774,43.18258],[-3.15796,43.1825],[-3.15805,43.1825],[-3.15815,43.18253],[-3.15843,43.18278],[-3.15855,43.18283],[-3.15872,43.18287],[-3.15889,43.18287],[-3.15904,43.18285],[-3.15916,43.18282],[-3.15928,43.18278]]}},{"type":"Feature","properties":{"id":694312376,"highway":"path"},"geometry":{"type":"LineString","coordinates":[[-3.15928,43.18278],[-3.15924,43.18285],[-3.15904,43.18296],[-3.15873,43.18309],[-3.15866,43.18316],[-3.15859,43.18322],[-3.15856,43.18328],[-3.15841,43.18339],[-3.15824,43.18346],[-3.15818,43.1835],[-3.15794,43.1836],[-3.15777,43.18366],[-3.1577,43.18371],[-3.15758,43.18382],[-3.1575,43.18392],[-3.15745,43.18395],[-3.15737,43.18396],[-3.15731,43.18392],[-3.15725,43.1839]]}},{"type":"Feature","properties":{"id":694312377,"highway":"track"},"geometry":{"type":"LineString","coordinates":[[-3.15948,43.18271],[-3.15984,43.18258],[-3.16002,43.18251],[-3.1602,43.1824],[-3.16114,43.18182],[-3.16137,43.18171],[-3.1618,43.18149],[-3.16194,43.18141],[-3.16202,43.18131],[-3.16212,43.18115],[-3.16218,43.18103]]}},{"type":"Feature","properties":{"id":694312378,"highway":"track"},"geometry":{"type":"LineString","coordinates":[[-3.15817,43.188],[-3.15811,43.18809],[-3.15798,43.18816],[-3.15792,43.18816],[-3.15784,43.18813],[-3.1577,43.18796],[-3.157,43.18691],[-3.15685,43.18671],[-3.1567,43.18663],[-3.15665,43.18678],[-3.15677,43.18711],[-3.15677,43.18768],[-3.15669,43.18804],[-3.15676,43.18848],[-3.15673,43.18904],[-3.15669,43.18913]]}},{"type":"Feature","properties":{"id":694312379,"highway":"track"},"geometry":{"type":"LineString","coordinates":[[-3.15817,43.188],[-3.1583,43.18798],[-3.15849,43.18786],[-3.15921,43.18723],[-3.15927,43.1871],[-3.15931,43.18692],[-3.15916,43.18661],[-3.15913,43.18643],[-3.15934,43.18602],[-3.15945,43.18555],[-3.15971,43.18515],[-3.15991,43.1849],[-3.1606,43.18447],[-3.16113,43.18431],[-3.16152,43.18425],[-3.16188,43.18408],[-3.16193,43.18414],[-3.16175,43.18436],[-3.16139,43.18464],[-3.16108,43.18481],[-3.16077,43.1849],[-3.16033,43.18516],[-3.16023,43.18548],[-3.16025,43.18565],[-3.16034,43.18585],[-3.16047,43.18606],[-3.16056,43.18611],[-3.16058,43.18609],[-3.16047,43.18576],[-3.16049,43.1856],[-3.16076,43.18536],[-3.16087,43.18534],[-3.16093,43.18537],[-3.16088,43.18559],[-3.1609,43.18568],[-3.16106,43.18583],[-3.16116,43.18608],[-3.16134,43.1863],[-3.16129,43.18654],[-3.1614,43.18703],[-3.16194,43.18776],[-3.16199,43.18794],[-3.16197,43.18822],[-3.16209,43.18855],[-3.16209,43.18876],[-3.16201,43.18937],[-3.16172,43.18988],[-3.16171,43.18998],[-3.16187,43.19022],[-3.16198,43.1905],[-3.16167,43.19072],[-3.16158,43.19082],[-3.16158,43.19089],[-3.16168,43.19117],[-3.16169,43.19193],[-3.16172,43.19202],[-3.16199,43.19232],[-3.16189,43.19269],[-3.16202,43.19308],[-3.16203,43.19328],[-3.16217,43.19382],[-3.16213,43.19422],[-3.16217,43.19524],[-3.1623,43.19552],[-3.1625,43.1958],[-3.16267,43.19636],[-3.16277,43.19655],[-3.16283,43.19661],[-3.16291,43.19662],[-3.16315,43.19657],[-3.16345,43.19645],[-3.16382,43.19625],[-3.16423,43.19589],[-3.16434,43.19576],[-3.16435,43.19567],[-3.1641,43.19527],[-3.16412,43.19513],[-3.16447,43.1949],[-3.16498,43.19465],[-3.16527,43.19447],[-3.16561,43.19417],[-3.1657,43.19406],[-3.16572,43.19395],[-3.16541,43.19347],[-3.16545,43.19338],[-3.16559,43.19328],[-3.16609,43.19304],[-3.16652,43.19278],[-3.1667,43.19258],[-3.16666,43.19227],[-3.16672,43.19208],[-3.16716,43.19191],[-3.16725,43.1919]]}},{"type":"Feature","properties":{"id":694312380,"highway":"track"},"geometry":{"type":"LineString","coordinates":[[-3.14901,43.18334],[-3.14945,43.1832],[-3.14972,43.18311],[-3.14984,43.18307],[-3.14993,43.18307],[-3.15008,43.18306],[-3.15018,43.18305],[-3.15032,43.18299],[-3.15043,43.18296],[-3.15066,43.18298],[-3.15073,43.18302],[-3.15078,43.18314],[-3.15076,43.18332],[-3.15072,43.18347],[-3.15063,43.18361],[-3.15064,43.18368],[-3.1507,43.18381],[-3.15082,43.18401],[-3.15091,43.18411],[-3.15104,43.18423],[-3.1513,43.18441],[-3.15158,43.18463],[-3.15183,43.185],[-3.15192,43.18513],[-3.15199,43.18525],[-3.15201,43.18537],[-3.15202,43.18549],[-3.15201,43.18568],[-3.15193,43.18623],[-3.15192,43.18657],[-3.15196,43.18669],[-3.15203,43.18679],[-3.15212,43.18684],[-3.15242,43.18703],[-3.1525,43.1871],[-3.15254,43.18717],[-3.15257,43.18725],[-3.15258,43.18735],[-3.15257,43.18747],[-3.15255,43.18763],[-3.15244,43.18787],[-3.15245,43.18795],[-3.15249,43.1881],[-3.15253,43.18827],[-3.1526,43.18839],[-3.15265,43.18844],[-3.15275,43.18847],[-3.15285,43.18847]]}},{"type":"Feature","properties":{"id":694312381,"highway":"track"},"geometry":{"type":"LineString","coordinates":[[-3.15659,43.18384],[-3.1561,43.18409],[-3.15588,43.18418],[-3.15573,43.18422],[-3.1556,43.18423],[-3.15551,43.18427],[-3.15545,43.18435],[-3.15538,43.18447],[-3.15531,43.18456],[-3.15515,43.18469],[-3.15503,43.18485],[-3.15487,43.18513],[-3.15483,43.18518],[-3.15474,43.18528],[-3.15469,43.18538],[-3.15465,43.18544],[-3.15455,43.18549],[-3.15446,43.18551],[-3.15431,43.18553],[-3.15405,43.18555],[-3.1539,43.18553],[-3.15376,43.1855],[-3.1536,43.18545]]}},{"type":"Feature","properties":{"id":694312382,"highway":"track"},"geometry":{"type":"LineString","coordinates":[[-3.15251,43.18442],[-3.15261,43.18451],[-3.15269,43.18465],[-3.15279,43.18479],[-3.15287,43.1849],[-3.15299,43.18503],[-3.15313,43.18515],[-3.1533,43.18525],[-3.15348,43.18536],[-3.1536,43.18545],[-3.15383,43.1857],[-3.15398,43.1858],[-3.15437,43.18606],[-3.15443,43.18612],[-3.15443,43.18618],[-3.15437,43.18638],[-3.15434,43.18654],[-3.15434,43.18671],[-3.15424,43.18693],[-3.15419,43.18705],[-3.15421,43.18715],[-3.15426,43.18723],[-3.15434,43.18735],[-3.15436,43.18744],[-3.15435,43.18764],[-3.15431,43.18771],[-3.15424,43.18779],[-3.1539,43.18804],[-3.15366,43.18818],[-3.15346,43.18826],[-3.15332,43.1883],[-3.15318,43.18831],[-3.15304,43.18832],[-3.15294,43.18834],[-3.15282,43.18839]]}},{"type":"Feature","properties":{"id":694312383,"highway":"track"},"geometry":{"type":"LineString","coordinates":[[-3.14846,43.19367],[-3.14855,43.19372],[-3.14878,43.19386],[-3.14886,43.19392],[-3.14888,43.19399],[-3.14887,43.19414],[-3.14894,43.19431],[-3.14897,43.19445],[-3.14897,43.19458],[-3.14895,43.1948],[-3.1489,43.19494],[-3.14885,43.19501],[-3.1487,43.19516],[-3.14857,43.19523],[-3.14852,43.19528],[-3.14853,43.19531],[-3.14857,43.19531],[-3.14876,43.19519],[-3.149,43.195],[-3.14916,43.19489],[-3.14927,43.19473],[-3.14939,43.19454],[-3.14947,43.19438],[-3.14949,43.19429],[-3.14947,43.19422],[-3.14944,43.19416],[-3.14945,43.19413],[-3.14955,43.19409],[-3.14963,43.19411],[-3.14975,43.19428],[-3.14978,43.19437],[-3.14977,43.19443],[-3.14972,43.19451],[-3.14971,43.19465],[-3.14971,43.19481],[-3.14968,43.19489],[-3.14963,43.195],[-3.14961,43.19508],[-3.14963,43.1952],[-3.14967,43.19537],[-3.1497,43.19547],[-3.14971,43.19556],[-3.14962,43.19571],[-3.14957,43.19591],[-3.14953,43.19612],[-3.14943,43.19639],[-3.14934,43.19676],[-3.14927,43.19715],[-3.14926,43.19728],[-3.14928,43.19742],[-3.14937,43.19756],[-3.14937,43.19766],[-3.14934,43.19778],[-3.14931,43.19782],[-3.14932,43.19784],[-3.14938,43.19785],[-3.14953,43.19774],[-3.14964,43.19759],[-3.14964,43.19753],[-3.14962,43.19747],[-3.14965,43.19738],[-3.14971,43.1973],[-3.14986,43.19718],[-3.14992,43.19712],[-3.14994,43.19704],[-3.15,43.19692],[-3.15009,43.19684],[-3.15018,43.19679],[-3.15026,43.19681],[-3.15031,43.19687],[-3.15039,43.19711],[-3.15042,43.19727],[-3.15042,43.19736],[-3.15041,43.1975],[-3.15035,43.19764],[-3.1502,43.19785],[-3.15013,43.19799],[-3.15012,43.19807],[-3.15016,43.19819],[-3.1502,43.19824]]}},{"type":"Feature","properties":{"id":694312384,"highway":"path"},"geometry":{"type":"LineString","coordinates":[[-3.15042,43.19727],[-3.15046,43.19728],[-3.15049,43.19734],[-3.15048,43.19747],[-3.15046,43.1977],[-3.15045,43.19782],[-3.15045,43.19794],[-3.15054,43.19806],[-3.15064,43.19815],[-3.15086,43.19829],[-3.15092,43.19835],[-3.15092,43.19846],[-3.15089,43.19852],[-3.15079,43.1986],[-3.15077,43.19865],[-3.15082,43.19875],[-3.15084,43.19891],[-3.15088,43.19901],[-3.15097,43.19911],[-3.15116,43.19925],[-3.15124,43.19934],[-3.15136,43.19946],[-3.15149,43.19956],[-3.1517,43.19968],[-3.15204,43.19988],[-3.15219,43.19996],[-3.15242,43.20001],[-3.15246,43.20002],[-3.15247,43.20004],[-3.15242,43.20005],[-3.15229,43.20006],[-3.15225,43.20008]]}},{"type":"Feature","properties":{"id":699437917,"highway":"track"},"geometry":{"type":"LineString","coordinates":[[-3.11856,43.21986],[-3.11884,43.21949],[-3.119,43.21918],[-3.1191,43.21903],[-3.1193,43.21862],[-3.11936,43.21846],[-3.11939,43.21836]]}},{"type":"Feature","properties":{"id":699437918,"highway":"track"},"geometry":{"type":"LineString","coordinates":[[-3.12404,43.22136],[-3.12396,43.22131],[-3.12372,43.22127],[-3.12336,43.22131],[-3.12316,43.22134],[-3.12286,43.22139],[-3.12265,43.22141],[-3.12226,43.22141],[-3.12213,43.22141],[-3.12199,43.22145],[-3.12173,43.22156],[-3.12146,43.2216]]}},{"type":"Feature","properties":{"id":735454332,"highway":"unclassified","nombre":"Barrio Murga"},"geometry":{"type":"LineString","coordinates":[[-3.11462,43.20273],[-3.11465,43.20267],[-3.11468,43.20261],[-3.11469,43.20255],[-3.11467,43.2025],[-3.11464,43.20244],[-3.11457,43.20239],[-3.11449,43.20236],[-3.11441,43.20232],[-3.11427,43.20226],[-3.11421,43.2022],[-3.11414,43.20213],[-3.11409,43.20206],[-3.11404,43.20197],[-3.11403,43.20184],[-3.11402,43.20175],[-3.11402,43.20163],[-3.114,43.20137],[-3.11398,43.20119],[-3.11395,43.20103],[-3.11392,43.20095],[-3.11388,43.20092],[-3.11382,43.20086],[-3.11375,43.2008],[-3.11369,43.20077],[-3.11352,43.20077]]}},{"type":"Feature","properties":{"id":735454340,"highway":"primary_link","oneway":"yes","puente":"yes","superficie":"asphalt"},"geometry":{"type":"LineString","coordinates":[[-3.12288,43.20551],[-3.12249,43.20554]]}},{"type":"Feature","properties":{"id":735454341,"highway":"primary","nombre":"Kadaguako igarobidea","izena_eu":"Kadaguako igarobidea","nombre_es":"Corredor del Cadagua","ref":"BI-636","oneway":"no","superficie":"asphalt"},"geometry":{"type":"LineString","coordinates":[[-3.12255,43.2056],[-3.11957,43.20597]]}},{"type":"Feature","properties":{"id":735454342,"highway":"primary_link","oneway":"yes","superficie":"asphalt"},"geometry":{"type":"LineString","coordinates":[[-3.12345,43.20549],[-3.12288,43.20551]]}},{"type":"Feature","properties":{"id":735454343,"highway":"primary","nombre":"Kadaguako igarobidea","izena_eu":"Kadaguako igarobidea","nombre_es":"Corredor del Cadagua","ref":"BI-636","oneway":"no","puente":"yes"},"geometry":{"type":"LineString","coordinates":[[-3.12292,43.20555],[-3.12255,43.2056]]}},{"type":"Feature","properties":{"id":735454348,"highway":"unclassified","nombre":"San Pantaleon auzoa","izena_eu":"San Pantaleon auzoa","nombre_es":"Barrio San Pantaleón"},"geometry":{"type":"LineString","coordinates":[[-3.13065,43.20443],[-3.12979,43.20444],[-3.1296,43.20447],[-3.12913,43.20457],[-3.12871,43.2046],[-3.12846,43.20462]]}},{"type":"Feature","properties":{"id":735454349,"highway":"unclassified"},"geometry":{"type":"LineString","coordinates":[[-3.1207,43.2035],[-3.12065,43.20346],[-3.12057,43.20337],[-3.12053,43.20331],[-3.12051,43.2032],[-3.12051,43.20302],[-3.12046,43.20288],[-3.1203,43.20256],[-3.11978,43.20164],[-3.11976,43.20157],[-3.11976,43.20155],[-3.11984,43.2015],[-3.11996,43.20148],[-3.12013,43.20145],[-3.12033,43.20146],[-3.12045,43.20147],[-3.12049,43.20143],[-3.12054,43.20132]]}},{"type":"Feature","properties":{"id":735454350,"highway":"unclassified","nombre":"Barrio Gallardi","superficie":"asphalt"},"geometry":{"type":"LineString","coordinates":[[-3.12841,43.20478],[-3.12843,43.2047],[-3.12846,43.20462]]}},{"type":"Feature","properties":{"id":773502178,"highway":"residential","nombre":"Angelita Berroeta Ontañón kalea","izena_eu":"Angelita Berroeta Ontañón kalea","nombre_es":"Calle Angelita Berroeta Ontañón"},"geometry":{"type":"LineString","coordinates":[[-3.11349,43.20991],[-3.11351,43.20989],[-3.11352,43.20988],[-3.11372,43.20965],[-3.11374,43.20963],[-3.11376,43.20962],[-3.11378,43.20961],[-3.1138,43.2096],[-3.11384,43.2096],[-3.115,43.20956],[-3.11643,43.2095],[-3.11656,43.2095]]}},{"type":"Feature","properties":{"id":773512648,"highway":"residential","nombre":"Lacabex auzoa","izena_eu":"Lacabex auzoa","nombre_es":"Barrio Lacabex","oneway":"yes","superficie":"asphalt"},"geometry":{"type":"LineString","coordinates":[[-3.11423,43.21025],[-3.11434,43.21022],[-3.11446,43.21022],[-3.11503,43.21021]]}},{"type":"Feature","properties":{"id":773522926,"highway":"residential","nombre":"San Juan auzoa","izena_eu":"San Juan auzoa","nombre_es":"Barrio San Juan","oneway":"yes","superficie":"asphalt"},"geometry":{"type":"LineString","coordinates":[[-3.11822,43.20999],[-3.11833,43.20998],[-3.11869,43.20995]]}},{"type":"Feature","properties":{"id":775541324,"highway":"residential","nombre":"San Juan auzoa","izena_eu":"San Juan auzoa","nombre_es":"Barrio San Juan","oneway":"yes"},"geometry":{"type":"LineString","coordinates":[[-3.1183,43.20937],[-3.11814,43.20938]]}},{"type":"Feature","properties":{"id":775700986,"highway":"residential","nombre":"Jose Etxezarraga kalea","izena_eu":"Jose Etxezarraga kalea","nombre_es":"Calle Jose Etxezarraga"},"geometry":{"type":"LineString","coordinates":[[-3.13005,43.21383],[-3.13009,43.21384],[-3.13012,43.21385],[-3.13016,43.21386],[-3.13046,43.21393]]}},{"type":"Feature","properties":{"id":775715538,"highway":"tertiary","nombre":"San Miguel auzoa","izena_eu":"San Miguel auzoa","nombre_es":"Barrio San Miguel","ref":"BI-3602","superficie":"asphalt"},"geometry":{"type":"LineString","coordinates":[[-3.13996,43.21667],[-3.13932,43.21649],[-3.13851,43.21627],[-3.13798,43.21613],[-3.13725,43.21591],[-3.13672,43.21577]]}},{"type":"Feature","properties":{"id":775715539,"highway":"tertiary","nombre":"Ligueti auzoa","izena_eu":"Ligueti auzoa","nombre_es":"Barrio Ligueti","ref":"BI-3602","superficie":"asphalt"},"geometry":{"type":"LineString","coordinates":[[-3.13672,43.21577],[-3.13627,43.21565],[-3.13602,43.21559],[-3.13569,43.2155],[-3.13523,43.21538],[-3.13514,43.21536],[-3.13466,43.21525],[-3.13448,43.2152],[-3.13443,43.21517],[-3.13433,43.21513]]}},{"type":"Feature","properties":{"id":775715540,"highway":"tertiary","nombre":"Avenida Nuestra Señora del Rosario","ref":"BI-3602","superficie":"asphalt"},"geometry":{"type":"LineString","coordinates":[[-3.13433,43.21513],[-3.13425,43.21508],[-3.13365,43.21476]]}},{"type":"Feature","properties":{"id":775921260,"highway":"tertiary","nombre":"Barrio Ibarra","ref":"BI-3651","superficie":"asphalt"},"geometry":{"type":"LineString","coordinates":[[-3.13838,43.20554],[-3.13851,43.20554],[-3.13872,43.2055],[-3.13927,43.20537],[-3.13959,43.20528],[-3.13991,43.2052],[-3.14009,43.20515],[-3.14045,43.20513]]}},{"type":"Feature","properties":{"id":775921261,"highway":"unclassified","nombre":"Barrio Uribarri"},"geometry":{"type":"LineString","coordinates":[[-3.13388,43.20636],[-3.13359,43.20686],[-3.13351,43.20702],[-3.13349,43.20712],[-3.13349,43.20723],[-3.13349,43.20744],[-3.13349,43.20756],[-3.13347,43.20765],[-3.13344,43.20786]]}},{"type":"Feature","properties":{"id":775921263,"highway":"unclassified","nombre":"Barrio Mendieta"},"geometry":{"type":"LineString","coordinates":[[-3.13344,43.20786],[-3.13337,43.20797],[-3.13322,43.20825],[-3.13312,43.20846],[-3.13306,43.20858],[-3.133,43.2087],[-3.13283,43.20891],[-3.13281,43.20894],[-3.13261,43.20924],[-3.13257,43.2093]]}},{"type":"Feature","properties":{"id":775921264,"highway":"unclassified","nombre":"Barrio La Presa","oneway":"no"},"geometry":{"type":"LineString","coordinates":[[-3.13553,43.20931],[-3.13558,43.20931],[-3.13574,43.2093],[-3.13586,43.20927],[-3.13593,43.20922],[-3.13599,43.20916],[-3.13606,43.20908],[-3.13614,43.209],[-3.13622,43.20895],[-3.13633,43.20888],[-3.13646,43.20881],[-3.13666,43.20873],[-3.1369,43.20862],[-3.13712,43.20848],[-3.13715,43.20846],[-3.1374,43.20832],[-3.13789,43.20807],[-3.13816,43.20794],[-3.13832,43.20786],[-3.13834,43.20785],[-3.13848,43.2078],[-3.13868,43.20775],[-3.13878,43.20774],[-3.13883,43.20776],[-3.13884,43.20776],[-3.13893,43.20784],[-3.13923,43.20814],[-3.13945,43.20833],[-3.13969,43.20856],[-3.13997,43.20879],[-3.13998,43.2088],[-3.14002,43.20881],[-3.14006,43.20881],[-3.14009,43.20879],[-3.14019,43.20873],[-3.14033,43.20865],[-3.14043,43.20858],[-3.14046,43.20854],[-3.1405,43.20848],[-3.14054,43.20841],[-3.14059,43.20835],[-3.14066,43.20831],[-3.14085,43.20822],[-3.14099,43.20814],[-3.14118,43.20803],[-3.14138,43.20791],[-3.14148,43.20784],[-3.14155,43.20777],[-3.14162,43.20771],[-3.1417,43.20762],[-3.14174,43.20753],[-3.14178,43.20742],[-3.14183,43.20726],[-3.14188,43.20714],[-3.14192,43.20695],[-3.14196,43.20684],[-3.142,43.20666],[-3.14203,43.20654],[-3.14211,43.20634],[-3.14213,43.20627],[-3.14215,43.20623],[-3.14237,43.20591],[-3.1425,43.20573],[-3.14264,43.20549],[-3.14274,43.20534],[-3.14285,43.20517],[-3.14294,43.20494],[-3.14297,43.20482],[-3.14301,43.20469],[-3.14302,43.20458],[-3.14301,43.20448]]}},{"type":"Feature","properties":{"id":775955221,"highway":"unclassified","nombre":"Barrio La Llosilla","superficie":"asphalt"},"geometry":{"type":"LineString","coordinates":[[-3.13678,43.20272],[-3.13665,43.20294],[-3.13658,43.20319],[-3.13645,43.20349],[-3.13644,43.20352],[-3.13636,43.20367],[-3.13616,43.20384],[-3.1358,43.20416],[-3.13535,43.20461]]}},{"type":"Feature","properties":{"id":775955222,"highway":"unclassified","superficie":"asphalt"},"geometry":{"type":"LineString","coordinates":[[-3.13535,43.20461],[-3.13488,43.20458],[-3.13436,43.20455],[-3.13408,43.20457],[-3.13373,43.20458],[-3.13361,43.20455],[-3.13297,43.20451],[-3.13247,43.20448],[-3.13214,43.20442],[-3.13189,43.2044],[-3.13116,43.20442],[-3.13065,43.20443]]}},{"type":"Feature","properties":{"id":775955223,"highway":"unclassified","nombre":"Barrio La Torre","superficie":"asphalt"},"geometry":{"type":"LineString","coordinates":[[-3.13633,43.20077],[-3.13646,43.20068],[-3.13656,43.20059],[-3.13664,43.20047],[-3.13666,43.20039],[-3.13665,43.2003],[-3.13661,43.20013],[-3.1366,43.20005],[-3.13659,43.19999],[-3.13659,43.19996],[-3.1366,43.19987],[-3.13663,43.1998],[-3.13664,43.19979],[-3.13671,43.19971],[-3.13679,43.19964],[-3.13689,43.1996],[-3.13699,43.19957],[-3.13715,43.19955]]}},{"type":"Feature","properties":{"id":775955224,"highway":"unclassified","nombre":"Avenida Labrador"},"geometry":{"type":"LineString","coordinates":[[-3.13287,43.20202],[-3.13296,43.20199],[-3.13308,43.20189],[-3.13323,43.20181],[-3.13341,43.20173],[-3.13362,43.20164],[-3.13368,43.20156],[-3.13379,43.20146],[-3.13387,43.20137],[-3.134,43.20127],[-3.13419,43.20117],[-3.13442,43.20104],[-3.13449,43.20098],[-3.13453,43.20095],[-3.13455,43.20093],[-3.13469,43.20087],[-3.13472,43.20088],[-3.13481,43.20089],[-3.13494,43.20095],[-3.135,43.20103],[-3.13502,43.20106],[-3.13504,43.20111],[-3.13504,43.20157],[-3.13506,43.20161]]}},{"type":"Feature","properties":{"id":775955225,"highway":"unclassified","nombre":"Barrio El Llano","superficie":"asphalt"},"geometry":{"type":"LineString","coordinates":[[-3.13794,43.1995],[-3.13804,43.19949],[-3.13814,43.19949],[-3.1383,43.19952],[-3.13845,43.19957],[-3.13859,43.19962]]}},{"type":"Feature","properties":{"id":775955226,"highway":"track","superficie":"concrete"},"geometry":{"type":"LineString","coordinates":[[-3.14377,43.1963],[-3.14373,43.19606],[-3.14369,43.1958],[-3.14362,43.19542],[-3.14357,43.19516],[-3.14349,43.1949],[-3.14337,43.19458],[-3.14335,43.19445],[-3.14337,43.1943],[-3.14343,43.19417],[-3.14352,43.19402],[-3.14357,43.19381],[-3.14354,43.19367],[-3.1435,43.19363],[-3.14342,43.19366],[-3.14339,43.19374],[-3.14337,43.19388],[-3.14332,43.19395],[-3.1432,43.19403],[-3.14303,43.1941],[-3.14294,43.19416],[-3.14289,43.19428],[-3.14283,43.19444],[-3.14285,43.19466],[-3.1429,43.19479],[-3.14293,43.19492],[-3.14293,43.19518],[-3.14288,43.19541],[-3.14278,43.19554],[-3.14253,43.19574],[-3.14238,43.196],[-3.14232,43.19604],[-3.14227,43.19604],[-3.14222,43.19601],[-3.14221,43.19587],[-3.14218,43.19582],[-3.14212,43.1958],[-3.14203,43.19578]]}},{"type":"Feature","properties":{"id":775955227,"highway":"tertiary","nombre":"Barrio Gobeo","ref":"BI-3651","superficie":"asphalt"},"geometry":{"type":"LineString","coordinates":[[-3.1494,43.2001],[-3.14955,43.20016],[-3.14983,43.20033],[-3.15036,43.20068],[-3.15052,43.20083],[-3.15059,43.20093],[-3.15063,43.20102],[-3.15068,43.20114],[-3.15074,43.20124],[-3.15079,43.20132],[-3.15092,43.20141],[-3.1511,43.2015],[-3.15134,43.2016],[-3.15154,43.20167],[-3.15165,43.20173],[-3.15172,43.20179],[-3.15179,43.20189],[-3.15193,43.20208],[-3.15205,43.20218],[-3.15214,43.20224],[-3.15231,43.20237],[-3.15248,43.20246],[-3.15257,43.20249]]}},{"type":"Feature","properties":{"id":775955228,"highway":"service","nombre":"Barrio Bolumburu"},"geometry":{"type":"LineString","coordinates":[[-3.15564,43.19878],[-3.15559,43.1988],[-3.15554,43.19888]]}},{"type":"Feature","properties":{"id":776208704,"highway":"primary","nombre":"Barrio Venta del Sol","ref":"BI-630","superficie":"asphalt"},"geometry":{"type":"MultiLineString","coordinates":[[[-3.17576,43.20667],[-3.17574,43.20656],[-3.17575,43.20646],[-3.17581,43.20637],[-3.17589,43.20627],[-3.17613,43.20608],[-3.17625,43.20602]],[[-3.17744,43.20499],[-3.17768,43.20451],[-3.17779,43.20412],[-3.17793,43.20385],[-3.17817,43.20359]]]}},{"type":"Feature","properties":{"id":776208705,"highway":"residential","nombre":"Barrio Terreros"},"geometry":{"type":"LineString","coordinates":[[-3.17054,43.20569],[-3.17061,43.20566],[-3.17068,43.20558],[-3.17078,43.20549],[-3.17088,43.20542],[-3.17096,43.20539],[-3.17111,43.20536],[-3.17112,43.20536],[-3.17119,43.20529],[-3.17134,43.20513],[-3.17136,43.20509],[-3.17138,43.20506]]}},{"type":"Feature","properties":{"id":776208706,"highway":"tertiary","nombre":"Barrio La Herrera-Ijalde","ref":"BI-3651","superficie":"asphalt"},"geometry":{"type":"LineString","coordinates":[[-3.16087,43.20443],[-3.16156,43.20456],[-3.1618,43.20462],[-3.16197,43.20469],[-3.16224,43.20482],[-3.16243,43.20493],[-3.1625,43.20496]]}},{"type":"Feature","properties":{"id":776208707,"highway":"tertiary","nombre":"Barrio Las Pedrajas","ref":"BI-3651","superficie":"asphalt"},"geometry":{"type":"LineString","coordinates":[[-3.15695,43.2029],[-3.15707,43.20297],[-3.15719,43.20302],[-3.15735,43.20307],[-3.15751,43.20309],[-3.15767,43.20311],[-3.15784,43.20315],[-3.15798,43.20321],[-3.1586,43.20349],[-3.15919,43.20385],[-3.15945,43.20397],[-3.15967,43.20406],[-3.15988,43.20415],[-3.16,43.2042],[-3.1603,43.2043],[-3.16058,43.20438],[-3.16087,43.20443]]}},{"type":"Feature","properties":{"id":776208709,"highway":"secondary","ref":"BI-2701","oneway":"no","superficie":"asphalt"},"geometry":{"type":"LineString","coordinates":[[-3.16941,43.2236],[-3.16956,43.22341],[-3.17016,43.22263],[-3.17046,43.2222],[-3.17051,43.22213],[-3.17066,43.22206],[-3.17089,43.22205],[-3.17108,43.22206],[-3.17147,43.22214],[-3.17192,43.22225],[-3.17198,43.22227]]}},{"type":"Feature","properties":{"id":776208710,"highway":"secondary","nombre":"Barrio Avellaneda","ref":"BI-2701","oneway":"no","superficie":"asphalt"},"geometry":{"type":"LineString","coordinates":[[-3.16115,43.22857],[-3.16118,43.22855],[-3.16124,43.22853],[-3.16144,43.22848],[-3.16163,43.22846],[-3.16205,43.22852],[-3.16226,43.22852],[-3.16243,43.2285],[-3.16259,43.22846],[-3.16273,43.22841],[-3.16294,43.22828],[-3.16302,43.22821],[-3.16317,43.228],[-3.16326,43.22787],[-3.16338,43.22776],[-3.16348,43.22769],[-3.16365,43.22766],[-3.16376,43.22765],[-3.16399,43.22766],[-3.16481,43.22774],[-3.16506,43.22775],[-3.16529,43.22773],[-3.16544,43.22766],[-3.16552,43.22757],[-3.16556,43.22746]]}},{"type":"Feature","properties":{"id":776208711,"highway":"tertiary","ref":"BI-3602","oneway":"no","superficie":"asphalt"},"geometry":{"type":"LineString","coordinates":[[-3.17233,43.22178],[-3.17167,43.22148],[-3.17137,43.22134],[-3.1706,43.221]]}},{"type":"Feature","properties":{"id":776208712,"highway":"tertiary","nombre":"Barrio Ahedo","ref":"BI-3602","superficie":"asphalt"},"geometry":{"type":"LineString","coordinates":[[-3.16378,43.21952],[-3.16341,43.21948],[-3.16303,43.21943],[-3.16278,43.21941],[-3.16225,43.21939]]}},{"type":"Feature","properties":{"id":776208713,"highway":"tertiary","nombre":"Otxaran Behekoa auzoa","izena_eu":"Otxaran Behekoa auzoa","ref":"BI-3602","oneway":"no","superficie":"asphalt"},"geometry":{"type":"LineString","coordinates":[[-3.1706,43.221],[-3.17022,43.22082],[-3.16931,43.22041],[-3.16913,43.22035],[-3.1685,43.22016],[-3.16822,43.22008],[-3.1677,43.22],[-3.16742,43.21997],[-3.16725,43.21995],[-3.16659,43.21986],[-3.16647,43.21985],[-3.166,43.21979],[-3.16554,43.21974],[-3.16378,43.21952]]}},{"type":"Feature","properties":{"id":776208714,"highway":"living_street","nombre":"Barrio Otxaran de Abajo"},"geometry":{"type":"LineString","coordinates":[[-3.1677,43.22],[-3.1676,43.22007],[-3.16721,43.22018],[-3.16714,43.22022],[-3.1668,43.22042],[-3.16653,43.2205],[-3.16639,43.22053],[-3.16622,43.22055],[-3.16603,43.22056],[-3.1659,43.22056],[-3.16563,43.22059],[-3.16501,43.22068]]}},{"type":"Feature","properties":{"id":776208715,"highway":"unclassified","nombre":"Barrio Somovalle","superficie":"unpaved"},"geometry":{"type":"LineString","coordinates":[[-3.16303,43.21943],[-3.16302,43.21935],[-3.16297,43.21911],[-3.16295,43.21904],[-3.16294,43.21885],[-3.16299,43.21861],[-3.163,43.21856],[-3.16305,43.21845],[-3.16319,43.21827],[-3.16335,43.21808],[-3.1635,43.21793],[-3.16361,43.21785],[-3.1637,43.21782],[-3.16378,43.21779],[-3.16386,43.21772],[-3.16393,43.21763],[-3.16399,43.21755],[-3.16401,43.21747],[-3.164,43.21738],[-3.16387,43.2172],[-3.16378,43.2171],[-3.16365,43.21698],[-3.16346,43.21682],[-3.16324,43.21664],[-3.16309,43.21656],[-3.16302,43.21652],[-3.16294,43.21649],[-3.16289,43.21645]]}},{"type":"Feature","properties":{"id":776208716,"highway":"tertiary","nombre":"Barrio La Flor","ref":"BI-3602","superficie":"asphalt"},"geometry":{"type":"LineString","coordinates":[[-3.15826,43.21972],[-3.15727,43.21985],[-3.15721,43.21985],[-3.15682,43.21988],[-3.15637,43.21992],[-3.15607,43.21994],[-3.15592,43.21995],[-3.15567,43.21996]]}},{"type":"Feature","properties":{"id":776208717,"highway":"tertiary","nombre":"Barrio La Barga","ref":"BI-3602","superficie":"asphalt"},"geometry":{"type":"LineString","coordinates":[[-3.15567,43.21996],[-3.15454,43.21991],[-3.15446,43.21991],[-3.15398,43.21993],[-3.15341,43.21996]]}},{"type":"Feature","properties":{"id":776208718,"highway":"tertiary","nombre":"Barrio La Isequilla","ref":"BI-3602","superficie":"asphalt"},"geometry":{"type":"LineString","coordinates":[[-3.15341,43.21996],[-3.15279,43.21998],[-3.15242,43.21997],[-3.15209,43.21993],[-3.15136,43.21979],[-3.1505,43.21962],[-3.14908,43.21934],[-3.14868,43.21921],[-3.14827,43.21903],[-3.14784,43.21884],[-3.14737,43.21864]]}},{"type":"Feature","properties":{"id":776252884,"highway":"unclassified","nombre":"Barrio Murga"},"geometry":{"type":"LineString","coordinates":[[-3.11451,43.20297],[-3.11452,43.20293],[-3.11453,43.20289],[-3.11455,43.20285],[-3.11457,43.20282],[-3.11459,43.20279],[-3.11462,43.20273]]}},{"type":"Feature","properties":{"id":798454256,"highway":"unclassified","nombre":"Barrio La Magdalena","superficie":"asphalt"},"geometry":{"type":"LineString","coordinates":[[-3.12431,43.22298],[-3.12424,43.22303],[-3.12402,43.22317],[-3.1237,43.22335],[-3.12352,43.22346],[-3.12336,43.22361],[-3.12333,43.22366],[-3.12331,43.22371],[-3.1233,43.22377],[-3.1233,43.22384],[-3.12332,43.22405],[-3.12334,43.22408],[-3.12338,43.22411],[-3.12343,43.22413]]}},{"type":"Feature","properties":{"id":798454258,"highway":"unclassified","superficie":"asphalt"},"geometry":{"type":"LineString","coordinates":[[-3.12808,43.21523],[-3.12805,43.21531],[-3.1278,43.2158]]}},{"type":"Feature","properties":{"id":798454259,"highway":"service","nombre":"Lasarte auzoa","izena_eu":"Lasarte auzoa","nombre_es":"Barrio Lasarte"},"geometry":{"type":"LineString","coordinates":[[-3.11069,43.21276],[-3.11074,43.21296],[-3.11089,43.21328],[-3.11096,43.21337],[-3.11108,43.21347],[-3.11129,43.21363],[-3.1114,43.21374],[-3.11147,43.2138],[-3.11161,43.21396],[-3.11166,43.21405],[-3.11164,43.2141]]}},{"type":"Feature","properties":{"id":824243717,"highway":"primary","nombre":"Kadaguako igarobidea","izena_eu":"Kadaguako igarobidea","nombre_es":"Corredor del Cadagua","ref":"BI-636","oneway":"no","superficie":"asphalt"},"geometry":{"type":"LineString","coordinates":[[-3.12345,43.20549],[-3.12292,43.20555]]}},{"type":"Feature","properties":{"id":825912558,"highway":"tertiary","superficie":"asphalt"},"geometry":{"type":"LineString","coordinates":[[-3.12479,43.21091],[-3.12473,43.2109],[-3.12467,43.21092],[-3.12462,43.21094],[-3.12459,43.21098]]}},{"type":"Feature","properties":{"id":825912559,"highway":"primary","nombre":"Kadaguako igarobidea","izena_eu":"Kadaguako igarobidea","nombre_es":"Corredor del Cadagua","ref":"BI-636","oneway":"no","superficie":"asphalt"},"geometry":{"type":"LineString","coordinates":[[-3.12928,43.20476],[-3.12629,43.20513],[-3.12345,43.20549]]}},{"type":"Feature","properties":{"id":850198237,"highway":"tertiary","nombre":"Avenida Hermanos Maristas","ref":"BI-3636","oneway":"yes","superficie":"asphalt"},"geometry":{"type":"LineString","coordinates":[[-3.13238,43.21404],[-3.13208,43.21399]]}},{"type":"Feature","properties":{"id":850198238,"highway":"tertiary","nombre":"Avenida Nuestra Señora del Rosario","ref":"BI-3602","oneway":"yes","superficie":"asphalt"},"geometry":{"type":"LineString","coordinates":[[-3.1323,43.21419],[-3.13238,43.21425],[-3.13246,43.21429],[-3.13288,43.21443],[-3.13321,43.21455],[-3.13333,43.21459]]}},{"type":"Feature","properties":{"id":852187620,"highway":"tertiary","superficie":"asphalt"},"geometry":{"type":"LineString","coordinates":[[-3.12458,43.21099],[-3.12457,43.21104],[-3.12459,43.21109],[-3.12463,43.21113],[-3.12469,43.21116]]}},{"type":"Feature","properties":{"id":884123276,"highway":"track"},"geometry":{"type":"LineString","coordinates":[[-3.1455,43.18362],[-3.14547,43.18424],[-3.14556,43.18433],[-3.1457,43.18448],[-3.14564,43.18462],[-3.14532,43.1851],[-3.14498,43.18534],[-3.14496,43.18545],[-3.14521,43.18582],[-3.14515,43.18608],[-3.14514,43.18628],[-3.14493,43.18658],[-3.14471,43.18697],[-3.14479,43.18732],[-3.14456,43.18756],[-3.14452,43.18772],[-3.14431,43.18784],[-3.14411,43.18815],[-3.1441,43.18833],[-3.14418,43.18849],[-3.1442,43.1889],[-3.1439,43.1896],[-3.14378,43.19004],[-3.14389,43.19019],[-3.14388,43.19031],[-3.14365,43.1907],[-3.14362,43.19105],[-3.14365,43.19149],[-3.14337,43.19197],[-3.14337,43.19208],[-3.14345,43.19227],[-3.14338,43.19269],[-3.14313,43.19303],[-3.14308,43.19334],[-3.14279,43.19354],[-3.1426,43.19359]]}},{"type":"Feature","properties":{"id":884123277,"highway":"track"},"geometry":{"type":"LineString","coordinates":[[-3.14118,43.18562],[-3.14016,43.18555],[-3.13956,43.18507],[-3.13958,43.18487],[-3.13971,43.18462],[-3.13973,43.18431],[-3.14,43.18371],[-3.14,43.18336],[-3.13991,43.18331],[-3.13926,43.18345],[-3.13858,43.1833]]}},{"type":"Feature","properties":{"id":884123278,"highway":"track"},"geometry":{"type":"LineString","coordinates":[[-3.13936,43.19505],[-3.1397,43.19467],[-3.14013,43.19434],[-3.14027,43.19412],[-3.14039,43.19368],[-3.14047,43.19351],[-3.14047,43.19337],[-3.14073,43.19308],[-3.1412,43.1921],[-3.1412,43.19193],[-3.14132,43.19168],[-3.14126,43.19132],[-3.1409,43.19082],[-3.14067,43.19071],[-3.14047,43.19042],[-3.14021,43.19026],[-3.1402,43.19015],[-3.14064,43.18941],[-3.14065,43.18929],[-3.1406,43.18917],[-3.14032,43.18898],[-3.14029,43.18884],[-3.14027,43.1881],[-3.14022,43.18794],[-3.1401,43.18775],[-3.13981,43.18748],[-3.13981,43.18739],[-3.14001,43.18719],[-3.14025,43.18691],[-3.14064,43.18656],[-3.1407,43.18642],[-3.14079,43.18618],[-3.14101,43.18593],[-3.14117,43.18574],[-3.14118,43.18562],[-3.14111,43.18551],[-3.14045,43.18511],[-3.14043,43.185],[-3.14052,43.18482],[-3.14071,43.18464],[-3.14086,43.1845],[-3.14092,43.18432],[-3.14093,43.18404],[-3.14114,43.18369],[-3.14119,43.18341],[-3.14137,43.18326],[-3.1413,43.18313],[-3.14095,43.18292],[-3.14053,43.18278],[-3.14015,43.1827],[-3.13971,43.18248],[-3.1394,43.1821],[-3.1388,43.18133],[-3.13871,43.18121]]}},{"type":"Feature","properties":{"id":884123279,"highway":"track"},"geometry":{"type":"LineString","coordinates":[[-3.14267,43.19313],[-3.1424,43.19351],[-3.14189,43.19392],[-3.14103,43.19478],[-3.14042,43.1951],[-3.13949,43.19569],[-3.13931,43.19585],[-3.13909,43.19591],[-3.13891,43.19581],[-3.13886,43.19564],[-3.13889,43.19546],[-3.13909,43.19525],[-3.13933,43.19511],[-3.13936,43.19505],[-3.13902,43.19505],[-3.13878,43.19487],[-3.1385,43.19452],[-3.13748,43.19282],[-3.13699,43.19196],[-3.13664,43.19138],[-3.13635,43.19084],[-3.13582,43.19014],[-3.1356,43.18979],[-3.1355,43.18925],[-3.1357,43.18858],[-3.136,43.18764],[-3.13685,43.1864],[-3.13692,43.18615],[-3.1368,43.18524],[-3.13674,43.18477]]}},{"type":"Feature","properties":{"id":884123280,"highway":"track"},"geometry":{"type":"LineString","coordinates":[[-3.15487,43.18779],[-3.1548,43.18861],[-3.15462,43.18909],[-3.1546,43.18929],[-3.15459,43.18972],[-3.1545,43.18994],[-3.15415,43.19052],[-3.15394,43.19086],[-3.15379,43.191],[-3.15324,43.1913],[-3.15302,43.19138],[-3.15279,43.19142],[-3.15259,43.19144]]}},{"type":"Feature","properties":{"id":884123281,"highway":"track"},"geometry":{"type":"LineString","coordinates":[[-3.15639,43.18965],[-3.15586,43.19006],[-3.15564,43.19029],[-3.15546,43.19061],[-3.15527,43.19094],[-3.15515,43.19108],[-3.15496,43.19122],[-3.1548,43.19132],[-3.1539,43.19162],[-3.15323,43.19178],[-3.15285,43.19189],[-3.15264,43.19191],[-3.15249,43.19189],[-3.15243,43.19182],[-3.15247,43.19164],[-3.15259,43.19144],[-3.1526,43.19141],[-3.15263,43.19122],[-3.15272,43.19096],[-3.15288,43.19072],[-3.15288,43.19062],[-3.15285,43.19052],[-3.15295,43.1902],[-3.15297,43.18996],[-3.15305,43.18969],[-3.15317,43.18921],[-3.15319,43.18897],[-3.15325,43.18876],[-3.15327,43.18863],[-3.15319,43.18851]]}},{"type":"Feature","properties":{"id":884123282,"highway":"track"},"geometry":{"type":"LineString","coordinates":[[-3.15563,43.19446],[-3.15586,43.19412],[-3.15601,43.19387],[-3.15634,43.19352],[-3.15641,43.19338],[-3.15678,43.19266],[-3.15684,43.1924],[-3.15701,43.19195],[-3.15708,43.19175]]}},{"type":"Feature","properties":{"id":884123283,"highway":"track"},"geometry":{"type":"LineString","coordinates":[[-3.15576,43.19452],[-3.15563,43.19446],[-3.15543,43.19449],[-3.15531,43.19448],[-3.15522,43.19435],[-3.15514,43.19427],[-3.15497,43.1942],[-3.15496,43.19413],[-3.1551,43.19399],[-3.15511,43.19391],[-3.15511,43.19382],[-3.15512,43.19326],[-3.15512,43.19309]]}},{"type":"Feature","properties":{"id":884123284,"highway":"track"},"geometry":{"type":"LineString","coordinates":[[-3.15733,43.19267],[-3.15722,43.1928],[-3.15721,43.19298],[-3.15704,43.19336],[-3.15677,43.19372],[-3.15635,43.19408],[-3.15576,43.19452],[-3.15568,43.1947],[-3.15558,43.19477],[-3.15544,43.1948],[-3.15512,43.19485],[-3.15484,43.19495],[-3.15468,43.19503],[-3.15445,43.19512],[-3.1544,43.1952],[-3.15442,43.19531]]}},{"type":"Feature","properties":{"id":884123285,"highway":"track"},"geometry":{"type":"LineString","coordinates":[[-3.15621,43.19232],[-3.15584,43.19222],[-3.15569,43.19226],[-3.15468,43.19277],[-3.15413,43.19289],[-3.15398,43.19292],[-3.15384,43.19299],[-3.15368,43.1931],[-3.15299,43.19333],[-3.15196,43.19363],[-3.15169,43.19368],[-3.15159,43.19364],[-3.15123,43.19309],[-3.15124,43.19296]]}},{"type":"Feature","properties":{"id":884123286,"highway":"track"},"geometry":{"type":"LineString","coordinates":[[-3.152,43.19494],[-3.15156,43.19493],[-3.15136,43.19506],[-3.15068,43.19551],[-3.1506,43.1957],[-3.15053,43.196],[-3.15028,43.19646],[-3.15032,43.19663],[-3.15037,43.19671],[-3.1506,43.19696],[-3.15042,43.19727]]}},{"type":"Feature","properties":{"id":884124231,"highway":"path"},"geometry":{"type":"LineString","coordinates":[[-3.17927,43.1759],[-3.17922,43.17588],[-3.1785,43.17578],[-3.17768,43.17588],[-3.17731,43.17598],[-3.17576,43.17663],[-3.17507,43.17686],[-3.17476,43.17687]]}},{"type":"Feature","properties":{"id":884124233,"highway":"path"},"geometry":{"type":"LineString","coordinates":[[-3.171,43.17811],[-3.1711,43.17791]]}},{"type":"Feature","properties":{"id":884124234,"highway":"path"},"geometry":{"type":"LineString","coordinates":[[-3.16196,43.17684],[-3.16194,43.17693],[-3.16181,43.17717],[-3.16184,43.17746]]}},{"type":"Feature","properties":{"id":884124235,"highway":"track"},"geometry":{"type":"LineString","coordinates":[[-3.17402,43.18156],[-3.17343,43.18104],[-3.17313,43.18078],[-3.17242,43.18029],[-3.17229,43.18025],[-3.17221,43.18037],[-3.17215,43.1805],[-3.17181,43.18062],[-3.1712,43.18141],[-3.17041,43.18205],[-3.16975,43.18252]]}},{"type":"Feature","properties":{"id":884552946,"highway":"track"},"geometry":{"type":"LineString","coordinates":[[-3.14067,43.2303],[-3.13963,43.2301],[-3.13933,43.23018],[-3.13922,43.23033],[-3.13917,43.23058],[-3.13905,43.23065],[-3.13801,43.23038],[-3.13738,43.23007],[-3.13691,43.23004],[-3.1366,43.22964],[-3.13534,43.2284],[-3.13447,43.22749],[-3.13422,43.22682],[-3.13404,43.22624],[-3.13406,43.22547],[-3.1337,43.22462],[-3.13342,43.22432],[-3.13331,43.22402]]}},{"type":"Feature","properties":{"id":884552947,"highway":"track"},"geometry":{"type":"LineString","coordinates":[[-3.13465,43.23022],[-3.13503,43.23041],[-3.13557,43.23092],[-3.13579,43.23104],[-3.13619,43.231],[-3.13645,43.23102],[-3.13703,43.23087],[-3.13766,43.23093],[-3.13942,43.23125],[-3.13949,43.23121],[-3.13964,43.23052],[-3.13975,43.23044],[-3.14011,43.23035],[-3.1406,43.23034],[-3.14067,43.2303],[-3.14076,43.23026],[-3.14077,43.22997],[-3.14044,43.22914],[-3.14039,43.22906],[-3.14045,43.22897],[-3.14069,43.22881],[-3.14092,43.22882],[-3.14218,43.22911],[-3.14444,43.22978],[-3.14547,43.2301],[-3.14642,43.23034],[-3.14795,43.2306],[-3.14825,43.23062],[-3.14851,43.23055],[-3.14868,43.23038],[-3.1487,43.23002],[-3.14882,43.22989],[-3.15018,43.22945],[-3.15035,43.22945],[-3.15056,43.22954],[-3.15108,43.22978],[-3.15129,43.22982],[-3.15157,43.22983],[-3.15179,43.22982],[-3.1522,43.2299],[-3.15304,43.23014],[-3.1534,43.23015],[-3.15368,43.23009],[-3.15401,43.22998]]}},{"type":"Feature","properties":{"id":884552948,"highway":"track"},"geometry":{"type":"LineString","coordinates":[[-3.13543,43.23132],[-3.13493,43.23121],[-3.13466,43.23103],[-3.13393,43.2308],[-3.13339,43.23071],[-3.133,43.23072],[-3.13219,43.23103],[-3.13275,43.2311],[-3.1332,43.23124],[-3.13366,43.23154],[-3.13396,43.23184],[-3.13402,43.2322],[-3.13422,43.23235],[-3.13461,43.23253],[-3.13502,43.23283],[-3.13537,43.23308]]}},{"type":"Feature","properties":{"id":926275328,"highway":"tertiary","nombre":"Rotonda Eroski","oneway":"yes","superficie":"asphalt"},"geometry":{"type":"LineString","coordinates":[[-3.12416,43.2098],[-3.12421,43.20982],[-3.12428,43.20983],[-3.12434,43.20984],[-3.12441,43.20983],[-3.12447,43.20981],[-3.12453,43.20978],[-3.12457,43.20975]]}},{"type":"Feature","properties":{"id":926275329,"highway":"tertiary","nombre":"Rotonda Eroski","oneway":"yes","superficie":"asphalt"},"geometry":{"type":"LineString","coordinates":[[-3.12456,43.20945],[-3.1245,43.20941],[-3.12443,43.20939],[-3.12436,43.20938],[-3.12429,43.20938],[-3.12421,43.20939],[-3.12419,43.2094],[-3.12415,43.20942],[-3.12409,43.20945]]}},{"type":"Feature","properties":{"id":926275330,"highway":"tertiary","nombre":"Rotonda Eroski","oneway":"yes","superficie":"asphalt"},"geometry":{"type":"LineString","coordinates":[[-3.12457,43.20975],[-3.12461,43.2097],[-3.12464,43.20965],[-3.12464,43.2096],[-3.12463,43.20954],[-3.1246,43.20949],[-3.12456,43.20945]]}},{"type":"Feature","properties":{"id":935501024,"highway":"path"},"geometry":{"type":"LineString","coordinates":[[-3.13605,43.18141],[-3.13539,43.18167],[-3.13412,43.18216],[-3.13346,43.18241],[-3.13323,43.18245]]}},{"type":"Feature","properties":{"id":935501025,"highway":"path"},"geometry":{"type":"LineString","coordinates":[[-3.12287,43.19022],[-3.123,43.1904],[-3.12323,43.19061],[-3.12326,43.19064],[-3.12365,43.19087],[-3.12406,43.19102],[-3.12453,43.19122]]}},{"type":"Feature","properties":{"id":963711692,"highway":"residential"},"geometry":{"type":"LineString","coordinates":[[-3.13211,43.21004],[-3.13208,43.21004],[-3.13186,43.21004],[-3.13122,43.21003],[-3.13102,43.21003],[-3.13099,43.21003]]}},{"type":"Feature","properties":{"id":963711693,"highway":"residential","superficie":"asphalt"},"geometry":{"type":"LineString","coordinates":[[-3.1323,43.21009],[-3.13231,43.21007],[-3.13231,43.21004],[-3.1323,43.21002],[-3.13228,43.21],[-3.13226,43.20998],[-3.13223,43.20998],[-3.13219,43.20998],[-3.13216,43.20998],[-3.13214,43.21],[-3.13212,43.21002],[-3.13211,43.21004],[-3.13211,43.21007],[-3.13213,43.21009],[-3.13215,43.21011],[-3.13218,43.21012],[-3.1322,43.21012],[-3.13223,43.21012],[-3.13224,43.21012],[-3.13227,43.21011],[-3.1323,43.21009]]}},{"type":"Feature","properties":{"id":963711694,"highway":"residential"},"geometry":{"type":"LineString","coordinates":[[-3.13099,43.21001],[-3.13098,43.20998],[-3.13097,43.20997],[-3.13094,43.20995],[-3.13091,43.20995],[-3.13088,43.20995],[-3.13085,43.20996],[-3.13083,43.20997],[-3.13081,43.20999],[-3.13081,43.21001],[-3.13082,43.21004],[-3.13083,43.21005],[-3.13086,43.21007],[-3.13089,43.21008],[-3.13091,43.21008],[-3.13094,43.21007],[-3.13096,43.21006],[-3.13098,43.21005],[-3.13099,43.21003],[-3.13099,43.21001]]}},{"type":"Feature","properties":{"id":963711695,"highway":"residential","puente":"yes"},"geometry":{"type":"LineString","coordinates":[[-3.13084,43.21018],[-3.13077,43.2106]]}},{"type":"Feature","properties":{"id":963711699,"highway":"residential","nombre":"Lanzagorta ibilbidea","izena_eu":"Lanzagorta ibilbidea","nombre_es":"Avenida Lanzagorta","superficie":"asphalt"},"geometry":{"type":"LineString","coordinates":[[-3.13226,43.21022],[-3.13223,43.21014],[-3.13223,43.21012]]}},{"type":"Feature","properties":{"id":963711700,"highway":"residential","nombre":"Lanzagorta ibilbidea","izena_eu":"Lanzagorta ibilbidea","nombre_es":"Avenida Lanzagorta","puente":"yes","superficie":"asphalt"},"geometry":{"type":"LineString","coordinates":[[-3.13237,43.21052],[-3.13226,43.21022]]}},{"type":"Feature","properties":{"id":1005693106,"highway":"service","nombre":"Barrio Mendieta","oneway":"no"},"geometry":{"type":"LineString","coordinates":[[-3.13257,43.2093],[-3.13272,43.20931],[-3.13307,43.20933],[-3.13345,43.20934],[-3.13372,43.20932]]}},{"type":"Feature","properties":{"id":1020151094,"highway":"footway"},"geometry":{"type":"LineString","coordinates":[[-3.12562,43.21097],[-3.12542,43.2107],[-3.1253,43.21054],[-3.12527,43.21055]]}},{"type":"Feature","properties":{"id":1020151095,"highway":"footway"},"geometry":{"type":"LineString","coordinates":[[-3.1251,43.21035],[-3.12508,43.21033],[-3.12503,43.21028],[-3.12494,43.21016],[-3.12479,43.20997],[-3.12476,43.20988]]}},{"type":"Feature","properties":{"id":1020151096,"highway":"footway"},"geometry":{"type":"LineString","coordinates":[[-3.12639,43.21184],[-3.12669,43.21154],[-3.12562,43.21097]]}},{"type":"Feature","properties":{"id":1032668346,"highway":"tertiary","oneway":"yes","superficie":"asphalt"},"geometry":{"type":"LineString","coordinates":[[-3.11096,43.20879],[-3.11085,43.20873],[-3.11078,43.2087],[-3.1107,43.20866],[-3.11061,43.20864],[-3.11056,43.20863]]}},{"type":"Feature","properties":{"id":1032668347,"highway":"tertiary","oneway":"yes","superficie":"asphalt"},"geometry":{"type":"LineString","coordinates":[[-3.10902,43.20874],[-3.1092,43.20875],[-3.10933,43.20875],[-3.10949,43.20874],[-3.10972,43.20871],[-3.1099,43.20869],[-3.11009,43.20867],[-3.11019,43.20866],[-3.1103,43.20866],[-3.11039,43.20867],[-3.11049,43.20868]]}},{"type":"Feature","properties":{"id":1032668348,"highway":"tertiary_link","oneway":"yes","superficie":"asphalt"},"geometry":{"type":"LineString","coordinates":[[-3.11035,43.2082],[-3.11034,43.20831],[-3.11032,43.20838]]}},{"type":"Feature","properties":{"id":1032668349,"highway":"tertiary_link","oneway":"yes","superficie":"asphalt"},"geometry":{"type":"LineString","coordinates":[[-3.11056,43.20863],[-3.1105,43.2086],[-3.11046,43.20857],[-3.11044,43.20854],[-3.11042,43.20851],[-3.1104,43.20845]]}},{"type":"Feature","properties":{"id":1032668350,"highway":"tertiary_link","oneway":"yes","superficie":"asphalt"},"geometry":{"type":"LineString","coordinates":[[-3.10972,43.20871],[-3.10983,43.20868],[-3.10989,43.20866],[-3.10996,43.20865],[-3.11007,43.20864],[-3.11017,43.20863],[-3.11024,43.20863],[-3.11029,43.20863],[-3.11031,43.20863],[-3.11034,43.20862]]}},{"type":"Feature","properties":{"id":1032668351,"highway":"tertiary_link","oneway":"yes","superficie":"asphalt"},"geometry":{"type":"LineString","coordinates":[[-3.11032,43.20838],[-3.1103,43.20848],[-3.11029,43.20852],[-3.1103,43.20856],[-3.11031,43.20858],[-3.11032,43.2086]]}},{"type":"Feature","properties":{"id":1032668352,"highway":"tertiary_link","oneway":"yes","superficie":"asphalt"},"geometry":{"type":"LineString","coordinates":[[-3.11034,43.20862],[-3.11036,43.20861],[-3.11037,43.2086]]}},{"type":"Feature","properties":{"id":1032668353,"highway":"tertiary_link","oneway":"yes","superficie":"asphalt"},"geometry":{"type":"LineString","coordinates":[[-3.11034,43.20862],[-3.11036,43.20863],[-3.11041,43.20865],[-3.11049,43.20868]]}},{"type":"Feature","properties":{"id":1032668354,"highway":"tertiary","oneway":"yes","superficie":"asphalt"},"geometry":{"type":"LineString","coordinates":[[-3.11049,43.20868],[-3.11059,43.2087],[-3.1107,43.20872],[-3.11096,43.20879]]}},{"type":"Feature","properties":{"id":1032668355,"highway":"tertiary_link","oneway":"yes","superficie":"asphalt"},"geometry":{"type":"LineString","coordinates":[[-3.11032,43.2086],[-3.11033,43.20861],[-3.11034,43.20862]]}},{"type":"Feature","properties":{"id":1032668356,"highway":"tertiary","oneway":"yes","superficie":"asphalt"},"geometry":{"type":"LineString","coordinates":[[-3.11032,43.2086],[-3.1103,43.2086],[-3.11017,43.2086],[-3.11008,43.2086]]}},{"type":"Feature","properties":{"id":1032668357,"highway":"tertiary","oneway":"yes","superficie":"asphalt"},"geometry":{"type":"LineString","coordinates":[[-3.11008,43.2086],[-3.11004,43.2086],[-3.10988,43.20862],[-3.10971,43.20865],[-3.10956,43.20867],[-3.10945,43.20869],[-3.10933,43.2087],[-3.10902,43.20874]]}},{"type":"Feature","properties":{"id":1032668358,"highway":"tertiary","oneway":"yes","superficie":"asphalt"},"geometry":{"type":"LineString","coordinates":[[-3.11056,43.20863],[-3.11051,43.20862],[-3.1104,43.2086],[-3.11037,43.2086]]}},{"type":"Feature","properties":{"id":1032668359,"highway":"tertiary_link","oneway":"yes","superficie":"asphalt"},"geometry":{"type":"LineString","coordinates":[[-3.11032,43.20838],[-3.11029,43.20845],[-3.11025,43.20851],[-3.11022,43.20854],[-3.11018,43.20857],[-3.11014,43.20859],[-3.11008,43.2086]]}},{"type":"Feature","properties":{"id":1032668360,"highway":"tertiary_link","oneway":"yes","superficie":"asphalt"},"geometry":{"type":"LineString","coordinates":[[-3.1104,43.20845],[-3.1104,43.20838],[-3.11035,43.2082]]}},{"type":"Feature","properties":{"id":1032668361,"highway":"tertiary_link","oneway":"yes","superficie":"asphalt"},"geometry":{"type":"LineString","coordinates":[[-3.11037,43.2086],[-3.11038,43.20858],[-3.11039,43.20855],[-3.1104,43.20851],[-3.1104,43.20845]]}},{"type":"Feature","properties":{"id":1032668362,"highway":"tertiary","oneway":"yes","superficie":"asphalt"},"geometry":{"type":"LineString","coordinates":[[-3.11037,43.2086],[-3.11032,43.2086]]}},{"type":"Feature","properties":{"id":1078956052,"highway":"service"},"geometry":{"type":"LineString","coordinates":[[-3.12624,43.21165],[-3.12613,43.21176]]}},{"type":"Feature","properties":{"id":1078956053,"highway":"service"},"geometry":{"type":"LineString","coordinates":[[-3.12578,43.21141],[-3.12568,43.21151]]}},{"type":"Feature","properties":{"id":1078956056,"highway":"service","oneway":"yes"},"geometry":{"type":"LineString","coordinates":[[-3.1255,43.21126],[-3.12569,43.21108],[-3.1257,43.21107]]}},{"type":"Feature","properties":{"id":1078956058,"highway":"service"},"geometry":{"type":"LineString","coordinates":[[-3.12498,43.21067],[-3.12485,43.21072]]}},{"type":"Feature","properties":{"id":1078956060,"highway":"footway"},"geometry":{"type":"LineString","coordinates":[[-3.12539,43.21072],[-3.12536,43.21073],[-3.12511,43.21084]]}},{"type":"Feature","properties":{"id":1078956062,"highway":"footway"},"geometry":{"type":"LineString","coordinates":[[-3.12526,43.21056],[-3.1251,43.21035]]}},{"type":"Feature","properties":{"id":1078956064,"highway":"footway"},"geometry":{"type":"LineString","coordinates":[[-3.12542,43.2107],[-3.12539,43.21072]]}},{"type":"Feature","properties":{"id":1078956071,"highway":"service"},"geometry":{"type":"LineString","coordinates":[[-3.12489,43.21055],[-3.12476,43.21061]]}},{"type":"Feature","properties":{"id":1078956074,"highway":"service","oneway":"yes"},"geometry":{"type":"LineString","coordinates":[[-3.12537,43.21116],[-3.12562,43.21102]]}},{"type":"Feature","properties":{"id":1078956075,"highway":"service"},"geometry":{"type":"LineString","coordinates":[[-3.12638,43.21173],[-3.12627,43.21183]]}},{"type":"Feature","properties":{"id":1078956076,"highway":"footway"},"geometry":{"type":"LineString","coordinates":[[-3.12527,43.21055],[-3.12526,43.21056],[-3.12523,43.21057]]}},{"type":"Feature","properties":{"id":1081801757,"highway":"unclassified","superficie":"compacted"},"geometry":{"type":"LineString","coordinates":[[-3.13884,43.21067],[-3.13871,43.21057],[-3.13867,43.21054],[-3.13853,43.2106],[-3.13832,43.21066],[-3.13775,43.21082],[-3.13749,43.2109],[-3.13724,43.21095],[-3.13709,43.21097],[-3.13677,43.21099],[-3.13654,43.21099],[-3.1363,43.211],[-3.136,43.21099],[-3.13555,43.21096],[-3.13515,43.21092],[-3.13476,43.21088],[-3.13433,43.21082],[-3.13385,43.21074],[-3.13331,43.21065],[-3.13302,43.21061],[-3.13256,43.21056],[-3.13252,43.21063],[-3.13239,43.21061]]}},{"type":"Feature","properties":{"id":1086000925,"highway":"unclassified"},"geometry":{"type":"LineString","coordinates":[[-3.13085,43.20996],[-3.13085,43.20992],[-3.13086,43.20989],[-3.13092,43.20968],[-3.13103,43.20934],[-3.1311,43.20914],[-3.131,43.20886]]}},{"type":"Feature","properties":{"id":1086000926,"highway":"unclassified"},"geometry":{"type":"LineString","coordinates":[[-3.1305,43.21003],[-3.13046,43.2101],[-3.1304,43.21012],[-3.13006,43.2101],[-3.12938,43.2101],[-3.12916,43.21012],[-3.12905,43.21014],[-3.12893,43.21016],[-3.12838,43.21034],[-3.12824,43.21037],[-3.12801,43.21037],[-3.12778,43.21035],[-3.12751,43.21031],[-3.12727,43.21024],[-3.12707,43.21017],[-3.12676,43.21002],[-3.12642,43.20984],[-3.12617,43.20966]]}},{"type":"Feature","properties":{"id":1086000927,"highway":"residential"},"geometry":{"type":"LineString","coordinates":[[-3.13073,43.21079],[-3.13076,43.21079],[-3.13079,43.21078],[-3.13082,43.21077],[-3.13084,43.21075],[-3.13085,43.21073],[-3.13085,43.2107],[-3.13083,43.21068],[-3.13081,43.21066],[-3.13078,43.21065],[-3.13075,43.21065],[-3.13072,43.21065],[-3.13069,43.21066],[-3.13067,43.21068],[-3.13066,43.2107],[-3.13065,43.21072],[-3.13066,43.21075],[-3.13068,43.21077],[-3.1307,43.21078],[-3.13073,43.21079]]}},{"type":"Feature","properties":{"id":1086000928,"highway":"residential"},"geometry":{"type":"LineString","coordinates":[[-3.13068,43.21077],[-3.13062,43.21078],[-3.13059,43.21079],[-3.13048,43.21079]]}},{"type":"Feature","properties":{"id":1086000929,"highway":"service","superficie":"asphalt"},"geometry":{"type":"LineString","coordinates":[[-3.13038,43.21076],[-3.13048,43.21079]]}},{"type":"Feature","properties":{"id":1086000934,"highway":"unclassified"},"geometry":{"type":"LineString","coordinates":[[-3.13021,43.21068],[-3.13016,43.21065],[-3.13009,43.21065],[-3.12994,43.21065],[-3.12975,43.21065],[-3.12953,43.21065],[-3.12934,43.21066],[-3.12919,43.21068],[-3.12893,43.21074],[-3.12874,43.21079],[-3.12851,43.21084],[-3.1285,43.21084],[-3.1283,43.21086],[-3.12803,43.21087],[-3.12779,43.21086],[-3.12754,43.21083],[-3.12732,43.21079],[-3.12708,43.21072],[-3.12691,43.21066]]}},{"type":"Feature","properties":{"id":1086000936,"highway":"footway"},"geometry":{"type":"LineString","coordinates":[[-3.13089,43.21085],[-3.13085,43.21082],[-3.13082,43.21084],[-3.13077,43.21085],[-3.13066,43.21093],[-3.13065,43.21094],[-3.13046,43.21083],[-3.12996,43.21128]]}},{"type":"Feature","properties":{"id":1086000937,"highway":"footway","puente":"yes"},"geometry":{"type":"LineString","coordinates":[[-3.13117,43.21103],[-3.13089,43.21085]]}},{"type":"Feature","properties":{"id":1086000938,"highway":"footway"},"geometry":{"type":"LineString","coordinates":[[-3.13123,43.21107],[-3.13117,43.21103]]}},{"type":"Feature","properties":{"id":1086000942,"highway":"residential"},"geometry":{"type":"LineString","coordinates":[[-3.13089,43.21008],[-3.13088,43.2101],[-3.13084,43.21018]]}},{"type":"Feature","properties":{"id":1086000943,"highway":"residential"},"geometry":{"type":"LineString","coordinates":[[-3.13077,43.2106],[-3.13075,43.21065]]}},{"type":"Feature","properties":{"id":1086000946,"highway":"footway"},"geometry":{"type":"LineString","coordinates":[[-3.1309,43.21021],[-3.13091,43.21019],[-3.13091,43.21017],[-3.13095,43.21013],[-3.13099,43.2101],[-3.13107,43.21009],[-3.13119,43.21009],[-3.13122,43.21009],[-3.1313,43.21009],[-3.13158,43.2101],[-3.13173,43.21009],[-3.13186,43.21009],[-3.13196,43.21009],[-3.13203,43.2101],[-3.13208,43.21012],[-3.13212,43.21014],[-3.13216,43.21017],[-3.13218,43.21021]]}},{"type":"Feature","properties":{"id":1086000947,"highway":"footway"},"geometry":{"type":"LineString","coordinates":[[-3.13077,43.21021],[-3.13077,43.21018],[-3.13076,43.21007],[-3.13076,43.21001],[-3.1308,43.20994],[-3.13085,43.20992],[-3.13091,43.20992],[-3.13096,43.20993],[-3.13104,43.20997],[-3.13113,43.20999],[-3.13122,43.20999],[-3.13143,43.21],[-3.13166,43.21],[-3.13183,43.21],[-3.13185,43.20999]]}},{"type":"Feature","properties":{"id":1086000948,"highway":"footway"},"geometry":{"type":"LineString","coordinates":[[-3.13016,43.21065],[-3.13056,43.21065],[-3.13065,43.21062],[-3.13069,43.21059]]}},{"type":"Feature","properties":{"id":1086000949,"highway":"footway","puente":"yes"},"geometry":{"type":"LineString","coordinates":[[-3.13085,43.2106],[-3.13084,43.21055],[-3.13085,43.21048],[-3.13087,43.21041],[-3.13088,43.21032],[-3.1309,43.21021]]}},{"type":"Feature","properties":{"id":1086000950,"highway":"footway"},"geometry":{"type":"LineString","coordinates":[[-3.13085,43.21082],[-3.13089,43.2108],[-3.13091,43.21078],[-3.13092,43.21075],[-3.13093,43.21071],[-3.13092,43.21068],[-3.1309,43.21065],[-3.13087,43.21063],[-3.13085,43.2106]]}},{"type":"Feature","properties":{"id":1086000951,"highway":"footway","puente":"yes"},"geometry":{"type":"LineString","coordinates":[[-3.13069,43.21059],[-3.13071,43.21056],[-3.13073,43.21045],[-3.13076,43.2103],[-3.13077,43.21021]]}},{"type":"Feature","properties":{"id":1086000952,"highway":"footway","puente":"yes"},"geometry":{"type":"LineString","coordinates":[[-3.13218,43.21021],[-3.1322,43.21026],[-3.13224,43.21035],[-3.13227,43.21045],[-3.1323,43.21053]]}},{"type":"Feature","properties":{"id":1086000953,"highway":"footway"},"geometry":{"type":"LineString","coordinates":[[-3.1323,43.21053],[-3.13226,43.21057]]}},{"type":"Feature","properties":{"id":1086000954,"highway":"footway"},"geometry":{"type":"LineString","coordinates":[[-3.13186,43.21009],[-3.13186,43.21004],[-3.13185,43.20999]]}},{"type":"Feature","properties":{"id":1086000955,"highway":"footway"},"geometry":{"type":"LineString","coordinates":[[-3.13122,43.21009],[-3.13122,43.21003],[-3.13122,43.20999]]}},{"type":"Feature","properties":{"id":1086000956,"highway":"footway"},"geometry":{"type":"LineString","coordinates":[[-3.13091,43.21019],[-3.13084,43.21018],[-3.13077,43.21018]]}},{"type":"Feature","properties":{"id":1086030532,"highway":"footway"},"geometry":{"type":"LineString","coordinates":[[-3.13605,43.213],[-3.13603,43.213],[-3.13594,43.21303],[-3.13584,43.21307],[-3.13566,43.21313],[-3.13553,43.21317]]}},{"type":"Feature","properties":{"id":1088806885,"highway":"footway"},"geometry":{"type":"LineString","coordinates":[[-3.13296,43.21393],[-3.13293,43.21383],[-3.13294,43.2138],[-3.13282,43.21376],[-3.13284,43.21373]]}},{"type":"Feature","properties":{"id":1088806886,"highway":"footway"},"geometry":{"type":"LineString","coordinates":[[-3.13302,43.21403],[-3.13302,43.214]]}},{"type":"Feature","properties":{"id":1088806887,"highway":"footway"},"geometry":{"type":"LineString","coordinates":[[-3.13302,43.214],[-3.1329,43.21398],[-3.13289,43.21397],[-3.13289,43.21396],[-3.1329,43.21395],[-3.13291,43.21394],[-3.13296,43.21393]]}},{"type":"Feature","properties":{"id":1088806888,"highway":"steps"},"geometry":{"type":"LineString","coordinates":[[-3.13284,43.21373],[-3.13285,43.21371]]}},{"type":"Feature","properties":{"id":1088806893,"highway":"service"},"geometry":{"type":"LineString","coordinates":[[-3.13293,43.21344],[-3.13255,43.2133]]}},{"type":"Feature","properties":{"id":1089850247,"highway":"steps"},"geometry":{"type":"LineString","coordinates":[[-3.13244,43.2141],[-3.13244,43.21412]]}},{"type":"Feature","properties":{"id":1089850251,"highway":"footway"},"geometry":{"type":"LineString","coordinates":[[-3.13249,43.21423],[-3.13246,43.21429],[-3.13244,43.21432]]}},{"type":"Feature","properties":{"id":1089850254,"highway":"footway"},"geometry":{"type":"LineString","coordinates":[[-3.13286,43.21446],[-3.13288,43.21443],[-3.13292,43.21437]]}},{"type":"Feature","properties":{"id":1089850255,"highway":"footway"},"geometry":{"type":"LineString","coordinates":[[-3.1332,43.21457],[-3.13321,43.21455],[-3.13325,43.21447]]}},{"type":"Feature","properties":{"id":1089850256,"highway":"footway"},"geometry":{"type":"LineString","coordinates":[[-3.1335,43.21417],[-3.1335,43.21419],[-3.13347,43.21426]]}},{"type":"Feature","properties":{"id":1089850257,"highway":"footway"},"geometry":{"type":"LineString","coordinates":[[-3.1336,43.21429],[-3.13355,43.21429],[-3.13349,43.21428]]}},{"type":"Feature","properties":{"id":1089850258,"highway":"footway"},"geometry":{"type":"LineString","coordinates":[[-3.13247,43.214],[-3.13246,43.21404],[-3.13245,43.21408]]}},{"type":"Feature","properties":{"id":1089924604,"highway":"footway"},"geometry":{"type":"LineString","coordinates":[[-3.1339,43.21276],[-3.1339,43.21274],[-3.13389,43.21272],[-3.13389,43.2127]]}},{"type":"Feature","properties":{"id":1089924605,"highway":"footway"},"geometry":{"type":"LineString","coordinates":[[-3.13356,43.21301],[-3.13355,43.21296],[-3.13354,43.21291]]}},{"type":"Feature","properties":{"id":1089924606,"highway":"footway"},"geometry":{"type":"LineString","coordinates":[[-3.13372,43.213],[-3.13366,43.21301],[-3.13361,43.21302]]}},{"type":"Feature","properties":{"id":1089924607,"highway":"footway"},"geometry":{"type":"LineString","coordinates":[[-3.13328,43.21335],[-3.13328,43.21347],[-3.1332,43.21347],[-3.1332,43.21335]]}},{"type":"Feature","properties":{"id":1089924608,"highway":"residential"},"geometry":{"type":"LineString","coordinates":[[-3.13322,43.21327],[-3.13324,43.21335],[-3.13324,43.21335],[-3.13324,43.21341]]}},{"type":"Feature","properties":{"id":1089924610,"highway":"footway"},"geometry":{"type":"LineString","coordinates":[[-3.13357,43.2141],[-3.13359,43.21365],[-3.13361,43.21305],[-3.13361,43.21302],[-3.13361,43.213],[-3.13356,43.21301],[-3.13332,43.21304],[-3.13329,43.21335],[-3.13328,43.21335],[-3.13324,43.21335],[-3.1332,43.21335],[-3.13319,43.21335],[-3.13319,43.2133],[-3.13308,43.21329],[-3.13289,43.21364],[-3.13284,43.21367]]}},{"type":"Feature","properties":{"id":1089924611,"highway":"footway"},"geometry":{"type":"LineString","coordinates":[[-3.13311,43.21299],[-3.13354,43.21291],[-3.13377,43.21287]]}},{"type":"Feature","properties":{"id":1089924612,"highway":"footway"},"geometry":{"type":"LineString","coordinates":[[-3.13255,43.21401],[-3.13275,43.21365],[-3.13278,43.21363],[-3.1331,43.213]]}},{"type":"Feature","properties":{"id":1089924613,"highway":"footway"},"geometry":{"type":"LineString","coordinates":[[-3.134,43.21363],[-3.13406,43.21362],[-3.13409,43.2137]]}},{"type":"Feature","properties":{"id":1089924614,"highway":"footway"},"geometry":{"type":"LineString","coordinates":[[-3.13374,43.21366],[-3.134,43.21363]]}},{"type":"Feature","properties":{"id":1089924615,"highway":"footway"},"geometry":{"type":"LineString","coordinates":[[-3.13373,43.21409],[-3.13374,43.21366],[-3.13377,43.21298]]}},{"type":"Feature","properties":{"id":1089924616,"highway":"footway"},"geometry":{"type":"LineString","coordinates":[[-3.13202,43.21439],[-3.13205,43.21427]]}},{"type":"Feature","properties":{"id":1089924617,"highway":"footway"},"geometry":{"type":"LineString","coordinates":[[-3.13198,43.21447],[-3.13201,43.21463]]}},{"type":"Feature","properties":{"id":1089924618,"highway":"footway"},"geometry":{"type":"LineString","coordinates":[[-3.13378,43.21425],[-3.13379,43.21427]]}},{"type":"Feature","properties":{"id":1089924619,"highway":"footway"},"geometry":{"type":"LineString","coordinates":[[-3.13375,43.21409],[-3.13375,43.21412]]}},{"type":"Feature","properties":{"id":1089924620,"highway":"footway"},"geometry":{"type":"LineString","coordinates":[[-3.13375,43.21412],[-3.13377,43.21419],[-3.13378,43.21425]]}},{"type":"Feature","properties":{"id":1089924621,"highway":"footway"},"geometry":{"type":"LineString","coordinates":[[-3.13373,43.21409],[-3.13375,43.21409],[-3.13388,43.21409],[-3.13395,43.21409],[-3.13514,43.21389],[-3.13516,43.21393]]}},{"type":"Feature","properties":{"id":1089924622,"highway":"footway"},"geometry":{"type":"LineString","coordinates":[[-3.13518,43.21385],[-3.13514,43.21389],[-3.1351,43.21388]]}},{"type":"Feature","properties":{"id":1089924623,"highway":"footway"},"geometry":{"type":"LineString","coordinates":[[-3.13533,43.21379],[-3.13525,43.21382],[-3.13518,43.21385]]}},{"type":"Feature","properties":{"id":1089924624,"highway":"footway"},"geometry":{"type":"LineString","coordinates":[[-3.13519,43.21403],[-3.13519,43.21405]]}},{"type":"Feature","properties":{"id":1089924625,"highway":"footway"},"geometry":{"type":"LineString","coordinates":[[-3.13516,43.21393],[-3.13517,43.21398],[-3.13519,43.21403]]}},{"type":"Feature","properties":{"id":1089924626,"highway":"footway"},"geometry":{"type":"LineString","coordinates":[[-3.13527,43.21403],[-3.13536,43.21402],[-3.13545,43.21398],[-3.1356,43.21395],[-3.13576,43.21391],[-3.13616,43.21376],[-3.13655,43.2136],[-3.13665,43.21355],[-3.13674,43.2135],[-3.13686,43.21341],[-3.1369,43.21338],[-3.13717,43.21312]]}},{"type":"Feature","properties":{"id":1089924627,"highway":"footway"},"geometry":{"type":"LineString","coordinates":[[-3.13455,43.21415],[-3.13519,43.21405],[-3.13527,43.21403]]}},{"type":"Feature","properties":{"id":1089924628,"highway":"footway"},"geometry":{"type":"LineString","coordinates":[[-3.13442,43.21417],[-3.1345,43.21416],[-3.13455,43.21415]]}},{"type":"Feature","properties":{"id":1089924629,"highway":"footway"},"geometry":{"type":"LineString","coordinates":[[-3.13372,43.21428],[-3.13379,43.21427],[-3.13442,43.21417]]}},{"type":"Feature","properties":{"id":1089924630,"highway":"footway"},"geometry":{"type":"LineString","coordinates":[[-3.13369,43.21451],[-3.1337,43.21453]]}},{"type":"Feature","properties":{"id":1089924631,"highway":"footway"},"geometry":{"type":"LineString","coordinates":[[-3.13359,43.21432],[-3.1336,43.21433],[-3.1336,43.21434],[-3.1336,43.21436],[-3.1336,43.21437],[-3.13361,43.21439],[-3.13362,43.2144],[-3.13364,43.21441],[-3.13366,43.21442],[-3.13368,43.21443],[-3.13369,43.21445],[-3.1337,43.21446],[-3.1337,43.21448],[-3.1337,43.2145],[-3.13369,43.21451]]}},{"type":"Feature","properties":{"id":1089924634,"highway":"footway"},"geometry":{"type":"LineString","coordinates":[[-3.13345,43.21458],[-3.13346,43.21455],[-3.13347,43.21455],[-3.13359,43.21432],[-3.1336,43.21429]]}},{"type":"Feature","properties":{"id":1089924635,"highway":"footway"},"geometry":{"type":"LineString","coordinates":[[-3.13441,43.2151],[-3.13347,43.2146],[-3.13345,43.21458]]}},{"type":"Feature","properties":{"id":1089924636,"highway":"footway"},"geometry":{"type":"LineString","coordinates":[[-3.13339,43.2145],[-3.13349,43.21428],[-3.1335,43.21426]]}},{"type":"Feature","properties":{"id":1089924637,"highway":"footway"},"geometry":{"type":"LineString","coordinates":[[-3.13242,43.21408],[-3.13245,43.21408],[-3.13347,43.21426],[-3.1335,43.21426]]}},{"type":"Feature","properties":{"id":1089924638,"highway":"footway"},"geometry":{"type":"LineString","coordinates":[[-3.1336,43.21429],[-3.13365,43.21429],[-3.13372,43.21428]]}},{"type":"Feature","properties":{"id":1089924639,"highway":"footway"},"geometry":{"type":"LineString","coordinates":[[-3.13185,43.21411],[-3.13151,43.21403]]}},{"type":"Feature","properties":{"id":1089924640,"highway":"footway"},"geometry":{"type":"LineString","coordinates":[[-3.132,43.21409],[-3.13194,43.2141],[-3.13185,43.21411]]}},{"type":"Feature","properties":{"id":1089924641,"highway":"footway"},"geometry":{"type":"LineString","coordinates":[[-3.13166,43.21387],[-3.13168,43.21381],[-3.1317,43.21378]]}},{"type":"Feature","properties":{"id":1089924642,"highway":"footway"},"geometry":{"type":"LineString","coordinates":[[-3.13157,43.21388],[-3.1315,43.21387],[-3.13141,43.21385]]}},{"type":"Feature","properties":{"id":1089924643,"highway":"footway"},"geometry":{"type":"LineString","coordinates":[[-3.13152,43.21399],[-3.13154,43.21395],[-3.13156,43.21391]]}},{"type":"Feature","properties":{"id":1089924644,"highway":"footway"},"geometry":{"type":"LineString","coordinates":[[-3.13149,43.21407],[-3.13151,43.21403],[-3.13152,43.21399]]}},{"type":"Feature","properties":{"id":1089924645,"highway":"footway"},"geometry":{"type":"LineString","coordinates":[[-3.13145,43.21415],[-3.13147,43.21411],[-3.13149,43.21407]]}},{"type":"Feature","properties":{"id":1089924646,"highway":"footway"},"geometry":{"type":"LineString","coordinates":[[-3.13144,43.21419],[-3.13145,43.21415]]}},{"type":"Feature","properties":{"id":1089924647,"highway":"footway"},"geometry":{"type":"LineString","coordinates":[[-3.13354,43.21413],[-3.13357,43.2141]]}},{"type":"Feature","properties":{"id":1089924648,"highway":"footway"},"geometry":{"type":"LineString","coordinates":[[-3.13187,43.21385],[-3.13182,43.21381],[-3.13177,43.2138]]}},{"type":"Feature","properties":{"id":1089924649,"highway":"service","oneway":"yes"},"geometry":{"type":"LineString","coordinates":[[-3.13253,43.21516],[-3.13246,43.21532],[-3.13248,43.21535]]}},{"type":"Feature","properties":{"id":1089924650,"highway":"footway"},"geometry":{"type":"LineString","coordinates":[[-3.13253,43.21401],[-3.13247,43.214],[-3.13225,43.21397],[-3.1322,43.21398],[-3.13187,43.21385]]}},{"type":"Feature","properties":{"id":1089924651,"highway":"footway"},"geometry":{"type":"LineString","coordinates":[[-3.13264,43.21404],[-3.13259,43.21402],[-3.13255,43.21401]]}},{"type":"Feature","properties":{"id":1089924652,"highway":"steps"},"geometry":{"type":"LineString","coordinates":[[-3.13266,43.21402],[-3.13264,43.21404]]}},{"type":"Feature","properties":{"id":1089924653,"highway":"footway"},"geometry":{"type":"LineString","coordinates":[[-3.13284,43.21367],[-3.13265,43.214],[-3.13266,43.21402]]}},{"type":"Feature","properties":{"id":1089924654,"highway":"footway"},"geometry":{"type":"LineString","coordinates":[[-3.1335,43.21417],[-3.13354,43.21413],[-3.13351,43.21411],[-3.13302,43.21403],[-3.13285,43.21401],[-3.13281,43.21407],[-3.13264,43.21404]]}},{"type":"Feature","properties":{"id":1089924655,"highway":"footway"},"geometry":{"type":"LineString","coordinates":[[-3.13172,43.21426],[-3.13171,43.21428]]}},{"type":"Feature","properties":{"id":1089924656,"highway":"footway"},"geometry":{"type":"LineString","coordinates":[[-3.13205,43.21427],[-3.13172,43.21426],[-3.13144,43.21419],[-3.13143,43.2142]]}},{"type":"Feature","properties":{"id":1089924658,"highway":"footway"},"geometry":{"type":"LineString","coordinates":[[-3.1313,43.21458],[-3.13132,43.21453],[-3.13135,43.21447]]}},{"type":"Feature","properties":{"id":1089924659,"highway":"footway"},"geometry":{"type":"LineString","coordinates":[[-3.13204,43.21488],[-3.13197,43.21507],[-3.13199,43.21514],[-3.13225,43.21525]]}},{"type":"Feature","properties":{"id":1089924660,"highway":"footway"},"geometry":{"type":"LineString","coordinates":[[-3.13309,43.2148],[-3.13309,43.21483]]}},{"type":"Feature","properties":{"id":1089924661,"highway":"steps"},"geometry":{"type":"LineString","coordinates":[[-3.13309,43.21487],[-3.13309,43.21483]]}},{"type":"Feature","properties":{"id":1089924662,"highway":"footway"},"geometry":{"type":"LineString","coordinates":[[-3.13211,43.21408],[-3.13212,43.21412]]}},{"type":"Feature","properties":{"id":1089924663,"highway":"footway"},"geometry":{"type":"LineString","coordinates":[[-3.13208,43.2141],[-3.13206,43.2141],[-3.132,43.21409]]}},{"type":"Feature","properties":{"id":1089924664,"highway":"steps"},"geometry":{"type":"LineString","coordinates":[[-3.13212,43.21412],[-3.13212,43.21414]]}},{"type":"Feature","properties":{"id":1089924665,"highway":"footway"},"geometry":{"type":"LineString","coordinates":[[-3.13205,43.21427],[-3.13206,43.21422],[-3.13208,43.2141],[-3.13211,43.21408]]}},{"type":"Feature","properties":{"id":1089924666,"highway":"footway"},"geometry":{"type":"LineString","coordinates":[[-3.13156,43.21391],[-3.13157,43.21388],[-3.13158,43.21386],[-3.13161,43.21385],[-3.13166,43.21387],[-3.13192,43.21394],[-3.13211,43.21408],[-3.13243,43.21432],[-3.13244,43.21432],[-3.13262,43.21442],[-3.13281,43.21445]]}},{"type":"Feature","properties":{"id":1089924667,"highway":"footway"},"geometry":{"type":"LineString","coordinates":[[-3.13256,43.21535],[-3.13255,43.21537],[-3.13253,43.21541]]}},{"type":"Feature","properties":{"id":1089924668,"highway":"footway"},"geometry":{"type":"LineString","coordinates":[[-3.13253,43.21541],[-3.13251,43.21544],[-3.13248,43.2155],[-3.13249,43.21551],[-3.1325,43.21552],[-3.13251,43.21553],[-3.13253,43.21554],[-3.13267,43.21557],[-3.13296,43.21564]]}},{"type":"Feature","properties":{"id":1089924669,"highway":"footway","puente":"yes"},"geometry":{"type":"LineString","coordinates":[[-3.13251,43.21544],[-3.13245,43.21542],[-3.1324,43.21541]]}},{"type":"Feature","properties":{"id":1089924670,"highway":"steps"},"geometry":{"type":"LineString","coordinates":[[-3.13343,43.2149],[-3.13341,43.21495]]}},{"type":"Feature","properties":{"id":1089924671,"highway":"footway"},"geometry":{"type":"LineString","coordinates":[[-3.13312,43.21471],[-3.13309,43.2148],[-3.13343,43.2149],[-3.13353,43.21475],[-3.13337,43.21465],[-3.13329,43.21462],[-3.13281,43.21445]]}},{"type":"Feature","properties":{"id":1089924672,"highway":"steps"},"geometry":{"type":"LineString","coordinates":[[-3.13277,43.21475],[-3.13279,43.21469]]}},{"type":"Feature","properties":{"id":1089924673,"highway":"footway"},"geometry":{"type":"LineString","coordinates":[[-3.13241,43.21419],[-3.13241,43.2142]]}},{"type":"Feature","properties":{"id":1089924674,"highway":"footway"},"geometry":{"type":"LineString","coordinates":[[-3.13245,43.21408],[-3.13244,43.2141]]}},{"type":"Feature","properties":{"id":1089924675,"highway":"footway"},"geometry":{"type":"LineString","coordinates":[[-3.13242,43.21408],[-3.1324,43.21408],[-3.13237,43.21408],[-3.13235,43.2141],[-3.13234,43.21411],[-3.13233,43.21413],[-3.13234,43.21415],[-3.13235,43.21416],[-3.13236,43.21418],[-3.13238,43.21419],[-3.13241,43.2142]]}},{"type":"Feature","properties":{"id":1089924676,"highway":"footway"},"geometry":{"type":"LineString","coordinates":[[-3.13339,43.2145],[-3.13337,43.21451],[-3.13325,43.21447],[-3.13292,43.21437],[-3.13249,43.21423],[-3.13241,43.2142]]}},{"type":"Feature","properties":{"id":1089924677,"highway":"footway"},"geometry":{"type":"LineString","coordinates":[[-3.13241,43.21537],[-3.1324,43.21541],[-3.13239,43.21543],[-3.13238,43.21544],[-3.13236,43.21545],[-3.13235,43.21545],[-3.13232,43.21546],[-3.1323,43.21545],[-3.13228,43.21545],[-3.13176,43.2152],[-3.13118,43.21492],[-3.13116,43.2149],[-3.13115,43.21489]]}},{"type":"Feature","properties":{"id":1089924678,"highway":"footway"},"geometry":{"type":"LineString","coordinates":[[-3.13201,43.21463],[-3.1317,43.21456],[-3.13135,43.21447],[-3.13133,43.21444],[-3.13143,43.2142]]}},{"type":"Feature","properties":{"id":1089924679,"highway":"footway"},"geometry":{"type":"LineString","coordinates":[[-3.1317,43.21456],[-3.13167,43.21461],[-3.13165,43.21467]]}},{"type":"Feature","properties":{"id":1089924683,"highway":"footway"},"geometry":{"type":"LineString","coordinates":[[-3.13166,43.21479],[-3.13204,43.21488],[-3.13205,43.21474],[-3.13224,43.21474]]}},{"type":"Feature","properties":{"id":1089924685,"highway":"footway"},"geometry":{"type":"LineString","coordinates":[[-3.13269,43.21511],[-3.13267,43.21518],[-3.13265,43.21522]]}},{"type":"Feature","properties":{"id":1090316438,"highway":"footway","puente":"yes"},"geometry":{"type":"LineString","coordinates":[[-3.13057,43.21397],[-3.13051,43.21396]]}},{"type":"Feature","properties":{"id":1090316439,"highway":"steps"},"geometry":{"type":"LineString","coordinates":[[-3.1345,43.21416],[-3.13455,43.21432]]}},{"type":"Feature","properties":{"id":1090316440,"highway":"footway"},"geometry":{"type":"LineString","coordinates":[[-3.13755,43.21168],[-3.13749,43.2117]]}},{"type":"Feature","properties":{"id":1090316441,"highway":"footway"},"geometry":{"type":"LineString","coordinates":[[-3.13764,43.21164],[-3.1376,43.21166],[-3.13755,43.21168]]}},{"type":"Feature","properties":{"id":1090316442,"highway":"footway"},"geometry":{"type":"LineString","coordinates":[[-3.13846,43.21174],[-3.13843,43.21172],[-3.13808,43.21153],[-3.13807,43.21152],[-3.13793,43.21144]]}},{"type":"Feature","properties":{"id":1090316443,"highway":"footway"},"geometry":{"type":"LineString","coordinates":[[-3.13808,43.21153],[-3.13836,43.21126],[-3.1387,43.21146]]}},{"type":"Feature","properties":{"id":1090316444,"highway":"footway"},"geometry":{"type":"LineString","coordinates":[[-3.13874,43.21148],[-3.1387,43.21146]]}},{"type":"Feature","properties":{"id":1090316457,"highway":"footway","puente":"yes"},"geometry":{"type":"LineString","coordinates":[[-3.131,43.21488],[-3.13101,43.21483]]}},{"type":"Feature","properties":{"id":1090316458,"highway":"footway"},"geometry":{"type":"LineString","coordinates":[[-3.131,43.21488],[-3.131,43.2149],[-3.13106,43.21499]]}},{"type":"Feature","properties":{"id":1090316459,"highway":"residential","nombre":"Avenida Sabino Arana","oneway":"no"},"geometry":{"type":"LineString","coordinates":[[-3.13108,43.21484],[-3.13108,43.21483],[-3.13108,43.21481],[-3.13118,43.21457],[-3.13121,43.21451]]}},{"type":"Feature","properties":{"id":1090316460,"highway":"residential","nombre":"Avenida Sabino Arana","oneway":"no","puente":"yes"},"geometry":{"type":"LineString","coordinates":[[-3.13109,43.21489],[-3.13108,43.21485],[-3.13108,43.21484]]}},{"type":"Feature","properties":{"id":1090316461,"highway":"footway"},"geometry":{"type":"LineString","coordinates":[[-3.13113,43.21484],[-3.13113,43.21483],[-3.13113,43.21483],[-3.13113,43.21481],[-3.13117,43.2148],[-3.13127,43.21459],[-3.13128,43.21458],[-3.1313,43.21458],[-3.13165,43.21467],[-3.13167,43.21468],[-3.13166,43.21478],[-3.13166,43.21479]]}},{"type":"Feature","properties":{"id":1090316462,"highway":"footway","puente":"yes"},"geometry":{"type":"LineString","coordinates":[[-3.13115,43.21489],[-3.13114,43.21488],[-3.13113,43.21485],[-3.13113,43.21484]]}},{"type":"Feature","properties":{"id":1090316463,"highway":"footway"},"geometry":{"type":"LineString","coordinates":[[-3.13127,43.21459],[-3.13118,43.21457],[-3.1311,43.21455]]}},{"type":"Feature","properties":{"id":1090316464,"highway":"footway"},"geometry":{"type":"LineString","coordinates":[[-3.13113,43.21483],[-3.13108,43.21483],[-3.13102,43.21482]]}},{"type":"Feature","properties":{"id":1090316469,"highway":"footway"},"geometry":{"type":"LineString","coordinates":[[-3.13176,43.2152],[-3.13172,43.21524],[-3.13169,43.21527]]}},{"type":"Feature","properties":{"id":1090316470,"highway":"footway"},"geometry":{"type":"LineString","coordinates":[[-3.13267,43.21557],[-3.13265,43.2156],[-3.13263,43.21565]]}},{"type":"Feature","properties":{"id":1090316471,"highway":"footway"},"geometry":{"type":"LineString","coordinates":[[-3.13369,43.2159],[-3.13263,43.21565],[-3.13244,43.2156],[-3.13235,43.21558],[-3.13226,43.21554],[-3.13169,43.21527],[-3.13111,43.21499],[-3.13106,43.21499]]}},{"type":"Feature","properties":{"id":1090316480,"highway":"footway"},"geometry":{"type":"LineString","coordinates":[[-3.13101,43.21476],[-3.131,43.21475]]}},{"type":"Feature","properties":{"id":1090316481,"highway":"footway"},"geometry":{"type":"LineString","coordinates":[[-3.13064,43.21443],[-3.13064,43.21444]]}},{"type":"Feature","properties":{"id":1090316482,"highway":"footway"},"geometry":{"type":"LineString","coordinates":[[-3.13101,43.21483],[-3.13102,43.21482],[-3.13102,43.21479],[-3.13101,43.21476],[-3.13101,43.21476],[-3.1311,43.21455],[-3.1311,43.21454],[-3.13064,43.21443],[-3.1303,43.21435]]}},{"type":"Feature","properties":{"id":1090316485,"highway":"footway"},"geometry":{"type":"LineString","coordinates":[[-3.13037,43.21426],[-3.13051,43.21396],[-3.1306,43.21376],[-3.13064,43.21365]]}},{"type":"Feature","properties":{"id":1090316488,"highway":"footway"},"geometry":{"type":"LineString","coordinates":[[-3.13046,43.21428],[-3.13037,43.21426],[-3.13028,43.21424]]}},{"type":"Feature","properties":{"id":1090316489,"highway":"footway"},"geometry":{"type":"LineString","coordinates":[[-3.13046,43.21428],[-3.13048,43.21422],[-3.1305,43.21421]]}},{"type":"Feature","properties":{"id":1090316490,"highway":"footway"},"geometry":{"type":"LineString","coordinates":[[-3.1306,43.21429],[-3.13049,43.21426],[-3.1305,43.21421],[-3.1306,43.21398],[-3.13074,43.21369]]}},{"type":"Feature","properties":{"id":1090316491,"highway":"footway"},"geometry":{"type":"LineString","coordinates":[[-3.1306,43.21429],[-3.13055,43.2143],[-3.13046,43.21428]]}},{"type":"Feature","properties":{"id":1090316492,"highway":"footway"},"geometry":{"type":"LineString","coordinates":[[-3.13064,43.21399],[-3.1306,43.21398],[-3.13057,43.21397]]}},{"type":"Feature","properties":{"id":1090316493,"highway":"footway"},"geometry":{"type":"LineString","coordinates":[[-3.13081,43.21403],[-3.13064,43.21399]]}},{"type":"Feature","properties":{"id":1090316494,"highway":"footway"},"geometry":{"type":"LineString","coordinates":[[-3.13115,43.21412],[-3.13081,43.21403]]}},{"type":"Feature","properties":{"id":1090316495,"highway":"footway"},"geometry":{"type":"LineString","coordinates":[[-3.13128,43.21415],[-3.13127,43.21415]]}},{"type":"Feature","properties":{"id":1090316496,"highway":"footway"},"geometry":{"type":"LineString","coordinates":[[-3.13127,43.21415],[-3.13115,43.21412]]}},{"type":"Feature","properties":{"id":1090316497,"highway":"footway"},"geometry":{"type":"LineString","coordinates":[[-3.13143,43.2142],[-3.13136,43.21418],[-3.13127,43.21416]]}},{"type":"Feature","properties":{"id":1090316498,"highway":"footway"},"geometry":{"type":"LineString","coordinates":[[-3.1314,43.21387],[-3.13128,43.21415],[-3.13127,43.21416],[-3.13116,43.21442],[-3.1306,43.21429]]}},{"type":"Feature","properties":{"id":1090316499,"highway":"footway"},"geometry":{"type":"LineString","coordinates":[[-3.13255,43.21401],[-3.13253,43.21401]]}},{"type":"Feature","properties":{"id":1090316504,"highway":"service","nombre":"Avenida Lehendakari Agirre"},"geometry":{"type":"LineString","coordinates":[[-3.13885,43.21164],[-3.13878,43.2116],[-3.13873,43.21158]]}},{"type":"Feature","properties":{"id":1090316505,"highway":"footway"},"geometry":{"type":"LineString","coordinates":[[-3.1388,43.21158],[-3.13887,43.21162]]}},{"type":"Feature","properties":{"id":1090316506,"highway":"footway"},"geometry":{"type":"LineString","coordinates":[[-3.13873,43.21164],[-3.13878,43.2116],[-3.1388,43.21158],[-3.13883,43.21155]]}},{"type":"Feature","properties":{"id":1090316507,"highway":"footway"},"geometry":{"type":"LineString","coordinates":[[-3.13857,43.2118],[-3.13852,43.21177],[-3.13846,43.21174]]}},{"type":"Feature","properties":{"id":1090316510,"highway":"footway"},"geometry":{"type":"LineString","coordinates":[[-3.13793,43.21144],[-3.13767,43.21157],[-3.13765,43.21159],[-3.13764,43.21161],[-3.13764,43.21164],[-3.13764,43.21164],[-3.13765,43.21166],[-3.13779,43.21179],[-3.13815,43.21198]]}},{"type":"Feature","properties":{"id":1090316512,"highway":"footway"},"geometry":{"type":"LineString","coordinates":[[-3.13804,43.21216],[-3.13799,43.21213]]}},{"type":"Feature","properties":{"id":1090316513,"highway":"footway"},"geometry":{"type":"LineString","coordinates":[[-3.13813,43.21201],[-3.13815,43.21198],[-3.13843,43.21172],[-3.1387,43.21146]]}},{"type":"Feature","properties":{"id":1090316517,"highway":"footway"},"geometry":{"type":"LineString","coordinates":[[-3.13813,43.21201],[-3.13816,43.21202],[-3.13846,43.21174],[-3.13874,43.21148]]}},{"type":"Feature","properties":{"id":1090316518,"highway":"footway"},"geometry":{"type":"LineString","coordinates":[[-3.13803,43.2121],[-3.13808,43.21205],[-3.13813,43.21201]]}},{"type":"Feature","properties":{"id":1090316519,"highway":"footway"},"geometry":{"type":"LineString","coordinates":[[-3.13717,43.21312],[-3.13813,43.21221],[-3.13857,43.2118],[-3.13864,43.21173],[-3.13873,43.21164]]}},{"type":"Feature","properties":{"id":1090316520,"highway":"footway"},"geometry":{"type":"LineString","coordinates":[[-3.13813,43.21221],[-3.13808,43.21219],[-3.13804,43.21216]]}},{"type":"Feature","properties":{"id":1090316521,"highway":"footway"},"geometry":{"type":"LineString","coordinates":[[-3.13764,43.21187],[-3.13763,43.21187]]}},{"type":"Feature","properties":{"id":1090316522,"highway":"footway"},"geometry":{"type":"LineString","coordinates":[[-3.13746,43.21167],[-3.13749,43.2117],[-3.13764,43.21187],[-3.13803,43.2121],[-3.13799,43.21213],[-3.13779,43.21233]]}},{"type":"Feature","properties":{"id":1090316528,"highway":"residential","nombre":"Barrio Artebizkarra"},"geometry":{"type":"LineString","coordinates":[[-3.13708,43.21315],[-3.13704,43.21312],[-3.13699,43.21309]]}},{"type":"Feature","properties":{"id":1090316535,"highway":"service"},"geometry":{"type":"LineString","coordinates":[[-3.1377,43.21256],[-3.13762,43.21251],[-3.13743,43.21242]]}},{"type":"Feature","properties":{"id":1090316538,"highway":"footway"},"geometry":{"type":"LineString","coordinates":[[-3.13691,43.21225],[-3.13687,43.2122],[-3.13685,43.21221]]}},{"type":"Feature","properties":{"id":1090316539,"highway":"footway"},"geometry":{"type":"LineString","coordinates":[[-3.13662,43.21213],[-3.13671,43.21226],[-3.13677,43.21235]]}},{"type":"Feature","properties":{"id":1090316544,"highway":"steps"},"geometry":{"type":"LineString","coordinates":[[-3.13685,43.21221],[-3.13677,43.21224]]}},{"type":"Feature","properties":{"id":1090316545,"highway":"footway"},"geometry":{"type":"LineString","coordinates":[[-3.13677,43.21224],[-3.13671,43.21226]]}},{"type":"Feature","properties":{"id":1090316546,"highway":"footway"},"geometry":{"type":"LineString","coordinates":[[-3.13677,43.21235],[-3.13687,43.21228],[-3.13689,43.21229],[-3.1368,43.21235],[-3.13682,43.21237],[-3.13701,43.21223],[-3.137,43.21221],[-3.13691,43.21225]]}},{"type":"Feature","properties":{"id":1090316547,"highway":"footway"},"geometry":{"type":"LineString","coordinates":[[-3.13675,43.21208],[-3.13685,43.21221]]}},{"type":"Feature","properties":{"id":1090316548,"highway":"steps"},"geometry":{"type":"LineString","coordinates":[[-3.13673,43.21209],[-3.13668,43.21211]]}},{"type":"Feature","properties":{"id":1090316549,"highway":"footway"},"geometry":{"type":"LineString","coordinates":[[-3.1368,43.2121],[-3.13675,43.21208],[-3.13673,43.21209]]}},{"type":"Feature","properties":{"id":1090316550,"highway":"footway"},"geometry":{"type":"LineString","coordinates":[[-3.13668,43.21211],[-3.13662,43.21213],[-3.13662,43.21213],[-3.13656,43.21206]]}},{"type":"Feature","properties":{"id":1090316551,"highway":"footway"},"geometry":{"type":"LineString","coordinates":[[-3.1362,43.21222],[-3.13619,43.21221],[-3.13652,43.21208],[-3.13656,43.21206],[-3.13674,43.21199],[-3.13724,43.21177],[-3.13746,43.21167]]}},{"type":"Feature","properties":{"id":1090316558,"highway":"service"},"geometry":{"type":"LineString","coordinates":[[-3.13742,43.21282],[-3.13734,43.21278],[-3.13719,43.21271],[-3.13715,43.21271],[-3.13711,43.21271],[-3.13707,43.21273]]}},{"type":"Feature","properties":{"id":1090316561,"highway":"footway"},"geometry":{"type":"LineString","coordinates":[[-3.13617,43.21297],[-3.1361,43.21298],[-3.13605,43.213]]}},{"type":"Feature","properties":{"id":1090316562,"highway":"footway"},"geometry":{"type":"LineString","coordinates":[[-3.13602,43.21282],[-3.13599,43.21284],[-3.13595,43.21287]]}},{"type":"Feature","properties":{"id":1090316563,"highway":"footway"},"geometry":{"type":"LineString","coordinates":[[-3.13634,43.21281],[-3.13631,43.21278],[-3.13627,43.21273]]}},{"type":"Feature","properties":{"id":1090316564,"highway":"footway"},"geometry":{"type":"LineString","coordinates":[[-3.13614,43.21223],[-3.13608,43.21225],[-3.136,43.21228]]}},{"type":"Feature","properties":{"id":1090316565,"highway":"footway"},"geometry":{"type":"LineString","coordinates":[[-3.13599,43.21227],[-3.136,43.21228]]}},{"type":"Feature","properties":{"id":1090316566,"highway":"footway"},"geometry":{"type":"LineString","coordinates":[[-3.13572,43.21238],[-3.13599,43.21227]]}},{"type":"Feature","properties":{"id":1090316567,"highway":"footway"},"geometry":{"type":"LineString","coordinates":[[-3.13578,43.21364],[-3.13584,43.21372],[-3.13585,43.21374]]}},{"type":"Feature","properties":{"id":1090316568,"highway":"footway"},"geometry":{"type":"LineString","coordinates":[[-3.13691,43.2131],[-3.13695,43.21307],[-3.137,43.21303]]}},{"type":"Feature","properties":{"id":1090316569,"highway":"footway"},"geometry":{"type":"LineString","coordinates":[[-3.1367,43.21328],[-3.13691,43.2131]]}},{"type":"Feature","properties":{"id":1090316570,"highway":"footway"},"geometry":{"type":"LineString","coordinates":[[-3.13691,43.2131],[-3.13637,43.21279],[-3.13634,43.21281],[-3.13617,43.21297],[-3.13664,43.21324],[-3.1367,43.21328]]}},{"type":"Feature","properties":{"id":1090316571,"highway":"footway"},"geometry":{"type":"LineString","coordinates":[[-3.136,43.21228],[-3.13631,43.21272],[-3.13627,43.21273],[-3.13602,43.21283],[-3.13602,43.21282],[-3.13575,43.21243],[-3.13572,43.21238]]}},{"type":"Feature","properties":{"id":1090316572,"highway":"footway"},"geometry":{"type":"LineString","coordinates":[[-3.13717,43.21312],[-3.13713,43.2131],[-3.13709,43.21308]]}},{"type":"Feature","properties":{"id":1090316573,"highway":"footway"},"geometry":{"type":"LineString","coordinates":[[-3.13469,43.21294],[-3.13467,43.21294]]}},{"type":"Feature","properties":{"id":1090316574,"highway":"footway"},"geometry":{"type":"LineString","coordinates":[[-3.13641,43.21335],[-3.13641,43.21333],[-3.13642,43.2133],[-3.13644,43.21327],[-3.13646,43.21325],[-3.13649,43.21324],[-3.13653,43.21323],[-3.13657,43.21323],[-3.13661,43.21323],[-3.13664,43.21324]]}},{"type":"Feature","properties":{"id":1090316575,"highway":"footway"},"geometry":{"type":"LineString","coordinates":[[-3.13537,43.21377],[-3.13533,43.21379]]}},{"type":"Feature","properties":{"id":1090316579,"highway":"footway"},"geometry":{"type":"LineString","coordinates":[[-3.13709,43.21308],[-3.13709,43.21308],[-3.137,43.21303],[-3.13652,43.21275],[-3.13645,43.21269],[-3.13647,43.21264],[-3.1362,43.21222],[-3.13614,43.21223]]}},{"type":"Feature","properties":{"id":1090316580,"highway":"footway"},"geometry":{"type":"LineString","coordinates":[[-3.13569,43.21341],[-3.13584,43.21362]]}},{"type":"Feature","properties":{"id":1090316581,"highway":"footway"},"geometry":{"type":"LineString","coordinates":[[-3.13537,43.21377],[-3.13568,43.21368],[-3.13578,43.21364],[-3.13584,43.21362]]}},{"type":"Feature","properties":{"id":1090316582,"highway":"footway"},"geometry":{"type":"LineString","coordinates":[[-3.13569,43.21317],[-3.13566,43.21313]]}},{"type":"Feature","properties":{"id":1090316583,"highway":"footway"},"geometry":{"type":"LineString","coordinates":[[-3.13586,43.2131],[-3.13584,43.21307]]}},{"type":"Feature","properties":{"id":1090316584,"highway":"footway"},"geometry":{"type":"LineString","coordinates":[[-3.13596,43.21306],[-3.13594,43.21303]]}},{"type":"Feature","properties":{"id":1090316585,"highway":"footway"},"geometry":{"type":"LineString","coordinates":[[-3.13514,43.21389],[-3.13469,43.21294],[-3.1346,43.21276]]}},{"type":"Feature","properties":{"id":1090316589,"highway":"footway"},"geometry":{"type":"LineString","coordinates":[[-3.13491,43.21288],[-3.13479,43.21291],[-3.13469,43.21294]]}},{"type":"Feature","properties":{"id":1090316590,"highway":"footway"},"geometry":{"type":"LineString","coordinates":[[-3.13566,43.21246],[-3.13521,43.2126]]}},{"type":"Feature","properties":{"id":1090316591,"highway":"footway"},"geometry":{"type":"LineString","coordinates":[[-3.13568,43.21247],[-3.13566,43.21246]]}},{"type":"Feature","properties":{"id":1090316592,"highway":"footway"},"geometry":{"type":"LineString","coordinates":[[-3.13575,43.21243],[-3.1357,43.21245],[-3.13566,43.21246]]}},{"type":"Feature","properties":{"id":1090316593,"highway":"footway"},"geometry":{"type":"LineString","coordinates":[[-3.13521,43.2126],[-3.13515,43.21261],[-3.13512,43.21262]]}},{"type":"Feature","properties":{"id":1090316594,"highway":"footway"},"geometry":{"type":"LineString","coordinates":[[-3.13543,43.21322],[-3.13546,43.21319],[-3.13553,43.21317]]}},{"type":"Feature","properties":{"id":1090316595,"highway":"footway"},"geometry":{"type":"LineString","coordinates":[[-3.13504,43.21316],[-3.13505,43.21314]]}},{"type":"Feature","properties":{"id":1090316596,"highway":"footway"},"geometry":{"type":"LineString","coordinates":[[-3.13509,43.21327],[-3.13507,43.21322],[-3.13504,43.21316]]}},{"type":"Feature","properties":{"id":1090316597,"highway":"footway"},"geometry":{"type":"LineString","coordinates":[[-3.13535,43.21306],[-3.13505,43.21314]]}},{"type":"Feature","properties":{"id":1090316598,"highway":"footway"},"geometry":{"type":"LineString","coordinates":[[-3.13505,43.21314],[-3.13491,43.21288],[-3.1348,43.21268],[-3.1351,43.21259],[-3.13512,43.21262],[-3.13535,43.21306]]}},{"type":"Feature","properties":{"id":1090316599,"highway":"footway"},"geometry":{"type":"LineString","coordinates":[[-3.13512,43.21329],[-3.13509,43.21327]]}},{"type":"Feature","properties":{"id":1090316600,"highway":"footway"},"geometry":{"type":"LineString","coordinates":[[-3.13568,43.21368],[-3.13543,43.21322],[-3.13541,43.21321],[-3.13512,43.21329],[-3.13537,43.21377]]}},{"type":"Feature","properties":{"id":1090316601,"highway":"footway"},"geometry":{"type":"LineString","coordinates":[[-3.13584,43.21362],[-3.13643,43.21338],[-3.13641,43.21335],[-3.13628,43.21318],[-3.13569,43.21341]]}},{"type":"Feature","properties":{"id":1091074373,"highway":"footway"},"geometry":{"type":"LineString","coordinates":[[-3.12711,43.2124],[-3.12706,43.21236],[-3.12702,43.21233]]}},{"type":"Feature","properties":{"id":1091074374,"highway":"tertiary","nombre":"Avenida Hermanos Maristas","ref":"BI-3602","superficie":"asphalt"},"geometry":{"type":"LineString","coordinates":[[-3.13035,43.21349],[-3.13022,43.21346]]}},{"type":"Feature","properties":{"id":1091074375,"highway":"footway"},"geometry":{"type":"LineString","coordinates":[[-3.13035,43.21349],[-3.13036,43.21345]]}},{"type":"Feature","properties":{"id":1091074376,"highway":"footway"},"geometry":{"type":"LineString","coordinates":[[-3.12684,43.21218],[-3.12702,43.21233]]}},{"type":"Feature","properties":{"id":1091074377,"highway":"footway"},"geometry":{"type":"LineString","coordinates":[[-3.1299,43.21313],[-3.12957,43.21317],[-3.12948,43.21317],[-3.12941,43.21316],[-3.12926,43.2131],[-3.12871,43.21291],[-3.12848,43.21282],[-3.12824,43.21274],[-3.12808,43.21271],[-3.12792,43.21269],[-3.12759,43.21265],[-3.12739,43.21259],[-3.12723,43.2125],[-3.12711,43.2124]]}},{"type":"Feature","properties":{"id":1091074378,"highway":"footway"},"geometry":{"type":"LineString","coordinates":[[-3.12678,43.21209],[-3.12681,43.21214],[-3.12684,43.21218]]}},{"type":"Feature","properties":{"id":1091074379,"highway":"cycleway","superficie":"paved"},"geometry":{"type":"LineString","coordinates":[[-3.12479,43.20978],[-3.12476,43.20988]]}},{"type":"Feature","properties":{"id":1091074380,"highway":"footway"},"geometry":{"type":"LineString","coordinates":[[-3.12596,43.21165],[-3.12601,43.21172],[-3.12606,43.21175],[-3.12612,43.21178],[-3.12644,43.21195],[-3.12654,43.212],[-3.12672,43.21208],[-3.12678,43.21209]]}},{"type":"Feature","properties":{"id":1091074381,"highway":"footway"},"geometry":{"type":"LineString","coordinates":[[-3.12575,43.21155],[-3.1258,43.21157],[-3.1259,43.21162],[-3.12596,43.21165]]}},{"type":"Feature","properties":{"id":1091074382,"highway":"footway"},"geometry":{"type":"LineString","coordinates":[[-3.12488,43.21083],[-3.12493,43.21088],[-3.12504,43.21099],[-3.12508,43.21103]]}},{"type":"Feature","properties":{"id":1091074383,"highway":"footway"},"geometry":{"type":"LineString","coordinates":[[-3.12459,43.21051],[-3.12462,43.21057],[-3.12475,43.21078],[-3.12488,43.21083]]}},{"type":"Feature","properties":{"id":1091074384,"highway":"footway"},"geometry":{"type":"LineString","coordinates":[[-3.12479,43.20978],[-3.12473,43.20984],[-3.12465,43.20995],[-3.12462,43.20998],[-3.1246,43.21003],[-3.12458,43.21015],[-3.12465,43.21043],[-3.12459,43.21051]]}},{"type":"Feature","properties":{"id":1091074385,"highway":"footway"},"geometry":{"type":"LineString","coordinates":[[-3.12508,43.21103],[-3.12506,43.21111],[-3.12533,43.21132],[-3.12559,43.21152],[-3.12564,43.21154],[-3.12569,43.21155],[-3.12575,43.21155]]}},{"type":"Feature","properties":{"id":1091074386,"highway":"footway"},"geometry":{"type":"LineString","coordinates":[[-3.13036,43.21345],[-3.1302,43.21341],[-3.1301,43.21337]]}},{"type":"Feature","properties":{"id":1091074387,"highway":"footway"},"geometry":{"type":"LineString","coordinates":[[-3.13033,43.21353],[-3.13035,43.21349]]}},{"type":"Feature","properties":{"id":1091074388,"highway":"footway"},"geometry":{"type":"LineString","coordinates":[[-3.13022,43.21346],[-3.1301,43.21337]]}},{"type":"Feature","properties":{"id":1091074389,"highway":"footway"},"geometry":{"type":"LineString","coordinates":[[-3.13088,43.21366],[-3.13089,43.21362],[-3.13091,43.21358]]}},{"type":"Feature","properties":{"id":1091074390,"highway":"footway"},"geometry":{"type":"LineString","coordinates":[[-3.13138,43.21369],[-3.13134,43.21367],[-3.1313,43.21367]]}},{"type":"Feature","properties":{"id":1091074391,"highway":"footway"},"geometry":{"type":"LineString","coordinates":[[-3.1313,43.21367],[-3.13091,43.21358],[-3.13048,43.21348],[-3.13036,43.21345]]}},{"type":"Feature","properties":{"id":1091074392,"highway":"footway"},"geometry":{"type":"LineString","coordinates":[[-3.13165,43.21362],[-3.13158,43.21361],[-3.13153,43.2136]]}},{"type":"Feature","properties":{"id":1091074393,"highway":"footway"},"geometry":{"type":"LineString","coordinates":[[-3.1315,43.21345],[-3.13157,43.21346],[-3.13153,43.2136],[-3.1315,43.21372],[-3.13138,43.21369]]}},{"type":"Feature","properties":{"id":1091074394,"highway":"footway"},"geometry":{"type":"LineString","coordinates":[[-3.13174,43.21334],[-3.13175,43.21331],[-3.13177,43.21328]]}},{"type":"Feature","properties":{"id":1091074395,"highway":"footway"},"geometry":{"type":"LineString","coordinates":[[-3.13164,43.21376],[-3.13162,43.21374],[-3.13165,43.21362],[-3.13174,43.21334],[-3.13201,43.21343],[-3.13177,43.2138],[-3.1317,43.21378],[-3.13164,43.21376]]}},{"type":"Feature","properties":{"id":1091074396,"highway":"footway"},"geometry":{"type":"LineString","coordinates":[[-3.13187,43.21385],[-3.13212,43.21347]]}},{"type":"Feature","properties":{"id":1091074398,"highway":"footway"},"geometry":{"type":"LineString","coordinates":[[-3.13064,43.21365],[-3.13066,43.21361]]}},{"type":"Feature","properties":{"id":1091074399,"highway":"footway"},"geometry":{"type":"LineString","coordinates":[[-3.13064,43.21365],[-3.13074,43.21369]]}},{"type":"Feature","properties":{"id":1091074401,"highway":"footway"},"geometry":{"type":"LineString","coordinates":[[-3.13074,43.21369],[-3.13082,43.21369],[-3.13138,43.21383],[-3.13141,43.21385]]}},{"type":"Feature","properties":{"id":1091074402,"highway":"footway"},"geometry":{"type":"LineString","coordinates":[[-3.1314,43.21387],[-3.13141,43.21385],[-3.13143,43.21379],[-3.13088,43.21366],[-3.13066,43.21361],[-3.13033,43.21353],[-3.13031,43.21352],[-3.13023,43.21353]]}},{"type":"Feature","properties":{"id":1091074403,"highway":"footway"},"geometry":{"type":"LineString","coordinates":[[-3.14451,43.20414],[-3.1445,43.20408],[-3.14447,43.20401],[-3.1444,43.20395],[-3.14432,43.20391]]}},{"type":"Feature","properties":{"id":1091074404,"highway":"footway"},"geometry":{"type":"LineString","coordinates":[[-3.14461,43.20398],[-3.1446,43.20396],[-3.14458,43.20394],[-3.14455,43.20393],[-3.14452,43.20393],[-3.1445,43.20393],[-3.14448,43.20394],[-3.14447,43.20396],[-3.14446,43.20398],[-3.14446,43.20399],[-3.14447,43.20401],[-3.14449,43.20403],[-3.14451,43.20404],[-3.14454,43.20404],[-3.14457,43.20404],[-3.14459,43.20403],[-3.1446,43.20401],[-3.14461,43.204],[-3.14461,43.20398]]}},{"type":"Feature","properties":{"id":1091074406,"highway":"track"},"geometry":{"type":"LineString","coordinates":[[-3.13696,43.2135],[-3.13688,43.21369],[-3.13599,43.21404]]}},{"type":"Feature","properties":{"id":1091074407,"highway":"footway"},"geometry":{"type":"LineString","coordinates":[[-3.1433,43.20698],[-3.14327,43.20704],[-3.14323,43.2071]]}},{"type":"Feature","properties":{"id":1091074408,"highway":"footway"},"geometry":{"type":"LineString","coordinates":[[-3.14478,43.20747],[-3.14484,43.20742],[-3.14487,43.20739]]}},{"type":"Feature","properties":{"id":1091074409,"highway":"footway"},"geometry":{"type":"LineString","coordinates":[[-3.1443,43.20792],[-3.14464,43.2076],[-3.14478,43.20747]]}},{"type":"Feature","properties":{"id":1091074410,"highway":"footway"},"geometry":{"type":"LineString","coordinates":[[-3.14487,43.20739],[-3.14483,43.20739],[-3.14424,43.20715],[-3.14376,43.20695],[-3.14365,43.20693],[-3.14355,43.20693],[-3.14355,43.20693],[-3.14346,43.20695],[-3.14337,43.20698],[-3.14332,43.20698],[-3.1433,43.20698],[-3.14328,43.20697],[-3.14317,43.20692]]}},{"type":"Feature","properties":{"id":1091074411,"highway":"footway"},"geometry":{"type":"LineString","coordinates":[[-3.14436,43.20795],[-3.14432,43.20793],[-3.1443,43.20792]]}},{"type":"Feature","properties":{"id":1091074412,"highway":"footway"},"geometry":{"type":"LineString","coordinates":[[-3.14377,43.20757],[-3.14373,43.2076],[-3.14371,43.20761]]}},{"type":"Feature","properties":{"id":1091074413,"highway":"footway"},"geometry":{"type":"LineString","coordinates":[[-3.14336,43.20727],[-3.14331,43.20728],[-3.14327,43.20729]]}},{"type":"Feature","properties":{"id":1091074414,"highway":"footway"},"geometry":{"type":"LineString","coordinates":[[-3.14358,43.20699],[-3.14357,43.20696],[-3.14355,43.20693]]}},{"type":"Feature","properties":{"id":1091074415,"highway":"footway"},"geometry":{"type":"LineString","coordinates":[[-3.14418,43.20721],[-3.14422,43.20717],[-3.14424,43.20715]]}},{"type":"Feature","properties":{"id":1091074416,"highway":"footway"},"geometry":{"type":"LineString","coordinates":[[-3.14377,43.20757],[-3.14377,43.20757],[-3.14417,43.20795],[-3.14418,43.20796],[-3.1442,43.20796],[-3.14422,43.20797],[-3.14424,43.20796],[-3.14426,43.20796],[-3.14428,43.20794],[-3.1443,43.20792]]}},{"type":"Feature","properties":{"id":1091074417,"highway":"footway"},"geometry":{"type":"LineString","coordinates":[[-3.14309,43.20706],[-3.14323,43.2071],[-3.14325,43.20712],[-3.14325,43.2072],[-3.14325,43.20723],[-3.14326,43.20726],[-3.14327,43.20729],[-3.14328,43.20731],[-3.14332,43.20735],[-3.14358,43.2075],[-3.14371,43.20761],[-3.14414,43.20802],[-3.14414,43.20805],[-3.14421,43.20809],[-3.14436,43.20795]]}},{"type":"Feature","properties":{"id":1091074418,"highway":"footway"},"geometry":{"type":"LineString","coordinates":[[-3.14253,43.2082],[-3.14251,43.20823],[-3.14249,43.20826]]}},{"type":"Feature","properties":{"id":1091074419,"highway":"footway"},"geometry":{"type":"LineString","coordinates":[[-3.14325,43.2085],[-3.14323,43.20852],[-3.14321,43.20855]]}},{"type":"Feature","properties":{"id":1091074420,"highway":"footway"},"geometry":{"type":"LineString","coordinates":[[-3.14423,43.2089],[-3.14325,43.2085],[-3.14253,43.2082],[-3.14251,43.20819],[-3.14249,43.20817],[-3.14247,43.20815],[-3.14245,43.20813],[-3.14244,43.20811],[-3.14244,43.20809]]}},{"type":"Feature","properties":{"id":1091074421,"highway":"footway"},"geometry":{"type":"LineString","coordinates":[[-3.14254,43.20888],[-3.1425,43.20886],[-3.14247,43.20884]]}},{"type":"Feature","properties":{"id":1091074422,"highway":"footway"},"geometry":{"type":"LineString","coordinates":[[-3.1423,43.20826],[-3.14233,43.20826],[-3.14245,43.20825],[-3.14249,43.20826],[-3.14288,43.20841],[-3.14288,43.20842],[-3.14289,43.20843],[-3.14288,43.20844],[-3.14288,43.20844],[-3.14247,43.20884],[-3.14193,43.20934]]}},{"type":"Feature","properties":{"id":1091074423,"highway":"footway"},"geometry":{"type":"LineString","coordinates":[[-3.14304,43.20923],[-3.143,43.20921],[-3.14296,43.20919]]}},{"type":"Feature","properties":{"id":1091074424,"highway":"footway"},"geometry":{"type":"LineString","coordinates":[[-3.14303,43.20847],[-3.14321,43.20855],[-3.14347,43.20865],[-3.14348,43.20866],[-3.14349,43.20867],[-3.14349,43.20869],[-3.14348,43.2087],[-3.14296,43.20919],[-3.1426,43.20954],[-3.14258,43.20954],[-3.14256,43.20955],[-3.14255,43.20954],[-3.14253,43.20954],[-3.14214,43.20932],[-3.14213,43.20931],[-3.14213,43.20929],[-3.14213,43.20928],[-3.14214,43.20927],[-3.14254,43.20888],[-3.14296,43.20849],[-3.14297,43.20848],[-3.14299,43.20847],[-3.14301,43.20847],[-3.14303,43.20847]]}},{"type":"Feature","properties":{"id":1091074425,"highway":"footway"},"geometry":{"type":"LineString","coordinates":[[-3.14216,43.20995],[-3.14203,43.20985]]}},{"type":"Feature","properties":{"id":1091074426,"highway":"footway"},"geometry":{"type":"LineString","coordinates":[[-3.14131,43.21079],[-3.14127,43.21076],[-3.14123,43.21074]]}},{"type":"Feature","properties":{"id":1091074427,"highway":"footway"},"geometry":{"type":"LineString","coordinates":[[-3.14065,43.21056],[-3.14069,43.21058],[-3.14073,43.2106]]}},{"type":"Feature","properties":{"id":1091074428,"highway":"footway"},"geometry":{"type":"LineString","coordinates":[[-3.14018,43.21059],[-3.14014,43.21061],[-3.1401,43.21063]]}},{"type":"Feature","properties":{"id":1091074429,"highway":"footway"},"geometry":{"type":"LineString","coordinates":[[-3.13987,43.21057],[-3.13989,43.21057],[-3.13992,43.21056],[-3.13994,43.21056],[-3.13997,43.21056],[-3.14,43.21056],[-3.14002,43.21057],[-3.14004,43.21058],[-3.1401,43.21063],[-3.14105,43.21137],[-3.14107,43.21133]]}},{"type":"Feature","properties":{"id":1091074430,"highway":"footway"},"geometry":{"type":"LineString","coordinates":[[-3.1411,43.2113],[-3.14093,43.21117],[-3.14091,43.21116],[-3.14091,43.21114],[-3.14091,43.21113],[-3.14092,43.21111],[-3.14131,43.21079],[-3.14159,43.21055],[-3.14223,43.21],[-3.14231,43.20993],[-3.14271,43.20955],[-3.14304,43.20923],[-3.14314,43.20913],[-3.14359,43.2087],[-3.14402,43.20889],[-3.14405,43.20893]]}},{"type":"Feature","properties":{"id":1091074431,"highway":"footway"},"geometry":{"type":"LineString","coordinates":[[-3.14162,43.21008],[-3.14155,43.21014],[-3.14152,43.21016]]}},{"type":"Feature","properties":{"id":1091074435,"highway":"footway"},"geometry":{"type":"LineString","coordinates":[[-3.14128,43.20946],[-3.14127,43.20947]]}},{"type":"Feature","properties":{"id":1091074436,"highway":"footway"},"geometry":{"type":"LineString","coordinates":[[-3.14078,43.21106],[-3.1408,43.21107],[-3.14082,43.21108],[-3.14084,43.21107],[-3.14086,43.21106],[-3.14123,43.21074],[-3.1417,43.21034],[-3.14171,43.21033],[-3.14172,43.21032],[-3.14171,43.2103],[-3.1417,43.21029],[-3.14152,43.21016],[-3.14137,43.21006],[-3.14135,43.21005],[-3.14133,43.21005],[-3.14131,43.21005],[-3.14129,43.21007],[-3.14073,43.2106],[-3.14052,43.2108],[-3.14051,43.21081],[-3.1405,43.21083],[-3.14051,43.21084],[-3.14052,43.21085],[-3.14078,43.21106]]}},{"type":"Feature","properties":{"id":1091074437,"highway":"footway"},"geometry":{"type":"LineString","coordinates":[[-3.14135,43.20989],[-3.14142,43.20994],[-3.14162,43.21008],[-3.14183,43.21022],[-3.14216,43.20995],[-3.14247,43.20965],[-3.14224,43.20952],[-3.14193,43.20934]]}},{"type":"Feature","properties":{"id":1091074438,"highway":"footway"},"geometry":{"type":"LineString","coordinates":[[-3.14006,43.2104],[-3.14005,43.21042],[-3.14005,43.21045],[-3.14006,43.21048],[-3.14008,43.21051],[-3.14018,43.21059],[-3.14038,43.21075],[-3.1404,43.21076],[-3.14042,43.21076],[-3.14044,43.21075],[-3.14045,43.21074],[-3.14065,43.21056],[-3.14125,43.20999],[-3.14135,43.20989]]}},{"type":"Feature","properties":{"id":1091074439,"highway":"footway"},"geometry":{"type":"LineString","coordinates":[[-3.14232,43.20823],[-3.14237,43.20818],[-3.14242,43.20812]]}},{"type":"Feature","properties":{"id":1091074440,"highway":"footway"},"geometry":{"type":"LineString","coordinates":[[-3.14242,43.20812],[-3.14244,43.20809],[-3.14247,43.20805],[-3.14265,43.20778],[-3.14287,43.20743],[-3.14308,43.20707],[-3.14309,43.20706],[-3.14313,43.207],[-3.14317,43.20692],[-3.14379,43.20589],[-3.14425,43.20514],[-3.1446,43.20459]]}},{"type":"Feature","properties":{"id":1091074441,"highway":"footway"},"geometry":{"type":"LineString","coordinates":[[-3.14239,43.20807],[-3.14244,43.20809]]}},{"type":"Feature","properties":{"id":1091074442,"highway":"footway"},"geometry":{"type":"LineString","coordinates":[[-3.14235,43.20805],[-3.14239,43.20807]]}},{"type":"Feature","properties":{"id":1091074447,"highway":"footway"},"geometry":{"type":"LineString","coordinates":[[-3.14158,43.20966],[-3.14127,43.20947],[-3.14111,43.20938]]}},{"type":"Feature","properties":{"id":1091074448,"highway":"footway"},"geometry":{"type":"LineString","coordinates":[[-3.1399,43.21054],[-3.13996,43.21048],[-3.14004,43.21041]]}},{"type":"Feature","properties":{"id":1091074449,"highway":"footway"},"geometry":{"type":"LineString","coordinates":[[-3.13956,43.21086],[-3.13987,43.21057],[-3.1399,43.21054]]}},{"type":"Feature","properties":{"id":1091074450,"highway":"footway"},"geometry":{"type":"LineString","coordinates":[[-3.13935,43.21106],[-3.13951,43.21091],[-3.13956,43.21086]]}},{"type":"Feature","properties":{"id":1091074451,"highway":"footway"},"geometry":{"type":"LineString","coordinates":[[-3.13883,43.21155],[-3.13935,43.21106]]}},{"type":"Feature","properties":{"id":1091074452,"highway":"footway"},"geometry":{"type":"LineString","coordinates":[[-3.14004,43.21041],[-3.14006,43.2104],[-3.14025,43.21022],[-3.14054,43.20994],[-3.14063,43.20985],[-3.14079,43.20968],[-3.14088,43.20959],[-3.14091,43.20958],[-3.14111,43.20938],[-3.14111,43.20936],[-3.14119,43.20928],[-3.14123,43.20924],[-3.14125,43.20922],[-3.14127,43.20919],[-3.1415,43.209],[-3.14182,43.20873],[-3.14196,43.20861],[-3.1421,43.20848],[-3.1423,43.20826],[-3.14232,43.20823]]}},{"type":"Feature","properties":{"id":1091074453,"highway":"footway"},"geometry":{"type":"LineString","coordinates":[[-3.14125,43.20922],[-3.14127,43.20922],[-3.14145,43.20919],[-3.1415,43.20943],[-3.14128,43.20946],[-3.14123,43.20925],[-3.14123,43.20924]]}},{"type":"Feature","properties":{"id":1091074459,"highway":"steps"},"geometry":{"type":"LineString","coordinates":[[-3.13209,43.21423],[-3.13206,43.21422]]}},{"type":"Feature","properties":{"id":1091074463,"highway":"steps"},"geometry":{"type":"LineString","coordinates":[[-3.13217,43.21433],[-3.13216,43.21435]]}},{"type":"Feature","properties":{"id":1110045356,"highway":"cycleway","oneway":"no","superficie":"asphalt"},"geometry":{"type":"LineString","coordinates":[[-3.13156,43.20778],[-3.13117,43.20777],[-3.13011,43.2077],[-3.12913,43.20765],[-3.12853,43.20762],[-3.12842,43.20758]]}},{"type":"Feature","properties":{"id":1110045357,"highway":"cycleway","superficie":"asphalt"},"geometry":{"type":"LineString","coordinates":[[-3.12842,43.20758],[-3.12838,43.20755],[-3.12834,43.20753]]}},{"type":"Feature","properties":{"id":1110045358,"highway":"cycleway","superficie":"asphalt"},"geometry":{"type":"LineString","coordinates":[[-3.13186,43.20779],[-3.13183,43.20779],[-3.13177,43.20778],[-3.13171,43.20778],[-3.13165,43.20778],[-3.13156,43.20778]]}},{"type":"Feature","properties":{"id":1110045359,"highway":"cycleway","superficie":"asphalt"},"geometry":{"type":"LineString","coordinates":[[-3.13195,43.2078],[-3.13186,43.20779]]}},{"type":"Feature","properties":{"id":1110045360,"highway":"residential","nombre":"Avenida Lanzagorta"},"geometry":{"type":"LineString","coordinates":[[-3.13186,43.20779],[-3.13186,43.20772]]}},{"type":"Feature","properties":{"id":1110045361,"highway":"residential","nombre":"Lanzagorta ibilbidea","izena_eu":"Lanzagorta ibilbidea","nombre_es":"Avenida Lanzagorta","superficie":"asphalt"},"geometry":{"type":"LineString","coordinates":[[-3.13162,43.21345],[-3.13166,43.21327],[-3.13167,43.21325],[-3.13172,43.21306],[-3.13176,43.21295]]}},{"type":"Feature","properties":{"id":1110045362,"highway":"residential","nombre":"Calle Doctor Andrés Aya Goñi","oneway":"yes"},"geometry":{"type":"LineString","coordinates":[[-3.13259,43.21285],[-3.13303,43.21279]]}},{"type":"Feature","properties":{"id":1110052220,"highway":"cycleway","superficie":"asphalt"},"geometry":{"type":"LineString","coordinates":[[-3.14179,43.20437],[-3.14176,43.2044],[-3.14172,43.20445]]}},{"type":"Feature","properties":{"id":1110052221,"highway":"cycleway"},"geometry":{"type":"LineString","coordinates":[[-3.14172,43.20445],[-3.14159,43.20458],[-3.14147,43.20467],[-3.14123,43.20479],[-3.14097,43.2049],[-3.14062,43.20506]]}},{"type":"Feature","properties":{"id":1110052223,"highway":"cycleway","superficie":"asphalt"},"geometry":{"type":"LineString","coordinates":[[-3.14062,43.20506],[-3.14045,43.20513],[-3.14033,43.20517],[-3.14022,43.2052]]}},{"type":"Feature","properties":{"id":1110052224,"highway":"tertiary","nombre":"Barrio Ibarra","ref":"BI-3651","superficie":"asphalt"},"geometry":{"type":"LineString","coordinates":[[-3.14454,43.20424],[-3.14477,43.2041],[-3.14493,43.20399]]}},{"type":"Feature","properties":{"id":1110052225,"highway":"tertiary","nombre":"Avenida Lehendakari Agirre","ref":"BI-3636","superficie":"asphalt"},"geometry":{"type":"LineString","coordinates":[[-3.14239,43.20807],[-3.14232,43.20816],[-3.14228,43.20822],[-3.14208,43.20844],[-3.14187,43.20863],[-3.14163,43.20883],[-3.14122,43.20917]]}},{"type":"Feature","properties":{"id":1110052226,"highway":"service"},"geometry":{"type":"LineString","coordinates":[[-3.17112,43.20536],[-3.1715,43.20537]]}},{"type":"Feature","properties":{"id":1117404033,"highway":"unclassified","superficie":"compacted"},"geometry":{"type":"LineString","coordinates":[[-3.13871,43.21057],[-3.13849,43.21064],[-3.13776,43.21086],[-3.13732,43.21097],[-3.13717,43.211],[-3.13694,43.21101],[-3.13625,43.21103],[-3.13597,43.21102],[-3.13527,43.21097],[-3.13469,43.21091],[-3.13399,43.21079],[-3.13358,43.21073],[-3.13313,43.21066],[-3.13303,43.21065],[-3.13296,43.21066],[-3.13292,43.21069],[-3.13284,43.2109],[-3.13274,43.21092]]}},{"type":"Feature","properties":{"id":1123844420,"highway":"track","nombre":"Camino La Estación"},"geometry":{"type":"LineString","coordinates":[[-3.11117,43.21066],[-3.11112,43.21072],[-3.1106,43.21108]]}},{"type":"Feature","properties":{"id":1123844421,"highway":"service"},"geometry":{"type":"LineString","coordinates":[[-3.10819,43.2107],[-3.1082,43.21065],[-3.10821,43.21062],[-3.10822,43.21059],[-3.10822,43.21056],[-3.10824,43.21048],[-3.10826,43.21043]]}},{"type":"Feature","properties":{"id":1172709918,"highway":"service"},"geometry":{"type":"LineString","coordinates":[[-3.14489,43.2169],[-3.14472,43.21687],[-3.14446,43.21683],[-3.1443,43.21677],[-3.14414,43.2167],[-3.14409,43.21668],[-3.1441,43.2166]]}},{"type":"Feature","properties":{"id":1172709927,"highway":"track"},"geometry":{"type":"LineString","coordinates":[[-3.17878,43.17849],[-3.17872,43.17846],[-3.17861,43.17849],[-3.17853,43.17856],[-3.17847,43.17868],[-3.17833,43.17888],[-3.17815,43.17904],[-3.17799,43.17914],[-3.17783,43.17925],[-3.17772,43.17933],[-3.17759,43.1795],[-3.17724,43.18024],[-3.17708,43.18078],[-3.17704,43.18124],[-3.17714,43.18218],[-3.17712,43.18233],[-3.17706,43.18248],[-3.17694,43.18258],[-3.17677,43.18273],[-3.17675,43.18287],[-3.17678,43.18302],[-3.17688,43.1832],[-3.17708,43.18343],[-3.17711,43.1835],[-3.17715,43.18364],[-3.17715,43.1838],[-3.17713,43.18392],[-3.17699,43.18413],[-3.17683,43.1844],[-3.1766,43.18473],[-3.17592,43.18538],[-3.17532,43.1859],[-3.17488,43.18616],[-3.17441,43.18631],[-3.1741,43.1864],[-3.17385,43.1864],[-3.17367,43.18639],[-3.17347,43.18637],[-3.1732,43.18629],[-3.17312,43.18627],[-3.17301,43.18625],[-3.17287,43.18617],[-3.17272,43.1861],[-3.17265,43.18605],[-3.17259,43.18598],[-3.17261,43.18615],[-3.17263,43.18633],[-3.17266,43.18643],[-3.17269,43.18653],[-3.17263,43.18654],[-3.17254,43.18647],[-3.17241,43.18628],[-3.17221,43.18594],[-3.17217,43.18586],[-3.17211,43.18579]]}},{"type":"Feature","properties":{"id":1172709928,"highway":"track"},"geometry":{"type":"LineString","coordinates":[[-3.17343,43.18104],[-3.17351,43.18134],[-3.17355,43.18184],[-3.17355,43.18205],[-3.17347,43.18241],[-3.17323,43.18291],[-3.17308,43.18313],[-3.17303,43.18326],[-3.1731,43.18387],[-3.17319,43.18467],[-3.17313,43.18508],[-3.17311,43.18568],[-3.17311,43.18598],[-3.17312,43.18627]]}},{"type":"Feature","properties":{"id":1172709929,"highway":"track"},"geometry":{"type":"LineString","coordinates":[[-3.15511,43.19382],[-3.15493,43.194],[-3.1548,43.19406],[-3.15461,43.19409],[-3.15447,43.19416],[-3.1543,43.1943],[-3.15409,43.1944],[-3.15394,43.19444],[-3.15377,43.19459],[-3.15362,43.19476],[-3.15333,43.19503],[-3.15322,43.19516],[-3.1532,43.19525],[-3.15339,43.19569],[-3.15346,43.19586],[-3.15348,43.19597],[-3.15355,43.19607],[-3.15353,43.19615],[-3.15334,43.19618],[-3.15314,43.19618],[-3.15298,43.19616],[-3.15273,43.19606],[-3.15257,43.19603],[-3.15247,43.19604],[-3.15238,43.19612],[-3.15229,43.19627],[-3.15205,43.19663]]}},{"type":"Feature","properties":{"id":1172709930,"highway":"track"},"geometry":{"type":"LineString","coordinates":[[-3.16372,43.20986],[-3.16353,43.20976],[-3.16289,43.20955],[-3.16226,43.20943],[-3.16192,43.20939],[-3.16142,43.20927],[-3.16117,43.20924],[-3.16086,43.20921],[-3.16057,43.20915],[-3.1597,43.20883],[-3.15928,43.20862],[-3.15888,43.20845],[-3.15845,43.20831],[-3.15832,43.20827],[-3.15817,43.20822]]}},{"type":"Feature","properties":{"id":1172781712,"highway":"service"},"geometry":{"type":"LineString","coordinates":[[-3.17022,43.22082],[-3.17028,43.22073],[-3.17032,43.22066],[-3.17005,43.22053]]}},{"type":"Feature","properties":{"id":1172781713,"highway":"service"},"geometry":{"type":"LineString","coordinates":[[-3.17005,43.22047],[-3.17006,43.22048],[-3.17006,43.2205],[-3.17006,43.22052],[-3.17005,43.22053],[-3.17003,43.22055],[-3.17001,43.22055],[-3.16999,43.22056],[-3.16997,43.22055],[-3.16995,43.22054],[-3.16993,43.22053],[-3.16992,43.22052],[-3.16992,43.2205],[-3.16992,43.22048],[-3.16993,43.22047],[-3.16995,43.22046],[-3.16998,43.22045],[-3.17,43.22045],[-3.17003,43.22045],[-3.17005,43.22047]]}},{"type":"Feature","properties":{"id":1190025872,"highway":"unclassified","superficie":"concrete"},"geometry":{"type":"LineString","coordinates":[[-3.13968,43.23444],[-3.13968,43.23448],[-3.13969,43.23454],[-3.13972,43.23458],[-3.13984,43.23471],[-3.13987,43.23473],[-3.13994,43.23477]]}},{"type":"Feature","properties":{"id":1190025873,"highway":"unclassified","superficie":"gravel"},"geometry":{"type":"LineString","coordinates":[[-3.14075,43.2349],[-3.14121,43.23557],[-3.14144,43.23601],[-3.1416,43.23625],[-3.14162,43.23631]]}},{"type":"Feature","properties":{"id":1190025874,"highway":"unclassified","superficie":"concrete"},"geometry":{"type":"LineString","coordinates":[[-3.13994,43.23477],[-3.13997,43.23477],[-3.14002,43.23477],[-3.14024,43.23476],[-3.14043,43.23477],[-3.14056,43.23479],[-3.14063,43.23481],[-3.14068,43.23484],[-3.14072,43.23487],[-3.14075,43.2349]]}},{"type":"Feature","properties":{"id":1203991102,"highway":"residential","nombre":"La Inmaculada auzoa","izena_eu":"La Inmaculada auzoa","nombre_es":"Barrio La Inmaculada"},"geometry":{"type":"LineString","coordinates":[[-3.11656,43.2095],[-3.11665,43.20949],[-3.11714,43.20945]]}},{"type":"Feature","properties":{"id":1241533679,"highway":"residential","nombre":"Maestra Consuelo Robledo kalea","izena_eu":"Maestra Consuelo Robledo kalea","nombre_es":"Calle Maestra Consuelo Robledo"},"geometry":{"type":"LineString","coordinates":[[-3.11316,43.2102],[-3.11321,43.21031]]}},{"type":"Feature","properties":{"id":1246255745,"highway":"service"},"geometry":{"type":"LineString","coordinates":[[-3.12461,43.22258],[-3.12466,43.22251],[-3.12468,43.22244],[-3.1247,43.2224],[-3.12469,43.22227],[-3.12468,43.22216]]}},{"type":"Feature","properties":{"id":1246255747,"highway":"track"},"geometry":{"type":"LineString","coordinates":[[-3.12611,43.19274],[-3.12579,43.19282],[-3.12544,43.1929],[-3.12514,43.19292],[-3.12481,43.19288],[-3.12447,43.19282],[-3.12405,43.19277],[-3.12379,43.19276],[-3.12345,43.19285],[-3.12307,43.19299],[-3.12292,43.19314]]}},{"type":"Feature","properties":{"id":1252255194,"highway":"pedestrian"},"geometry":{"type":"LineString","coordinates":[[-3.13096,43.20699],[-3.13062,43.2069]]}},{"type":"Feature","properties":{"id":1252255195,"highway":"pedestrian"},"geometry":{"type":"LineString","coordinates":[[-3.13138,43.20672],[-3.13121,43.20693]]}},{"type":"Feature","properties":{"id":1252255196,"highway":"pedestrian"},"geometry":{"type":"LineString","coordinates":[[-3.13181,43.2072],[-3.13142,43.2072]]}},{"type":"Feature","properties":{"id":1254294110,"highway":"steps"},"geometry":{"type":"LineString","coordinates":[[-3.13807,43.21128],[-3.1381,43.21126]]}},{"type":"Feature","properties":{"id":1254294113,"highway":"footway"},"geometry":{"type":"LineString","coordinates":[[-3.1381,43.21126],[-3.13809,43.21125]]}},{"type":"Feature","properties":{"id":1254294114,"highway":"footway"},"geometry":{"type":"LineString","coordinates":[[-3.13836,43.21126],[-3.13823,43.21119]]}},{"type":"Feature","properties":{"id":1254294115,"highway":"footway"},"geometry":{"type":"LineString","coordinates":[[-3.13823,43.21119],[-3.1381,43.21126]]}},{"type":"Feature","properties":{"id":1254294116,"highway":"footway"},"geometry":{"type":"LineString","coordinates":[[-3.1381,43.21134],[-3.13807,43.21128]]}},{"type":"Feature","properties":{"id":1254294122,"highway":"residential"},"geometry":{"type":"LineString","coordinates":[[-3.13735,43.21168],[-3.13737,43.21172]]}},{"type":"Feature","properties":{"id":1264215178,"highway":"footway"},"geometry":{"type":"LineString","coordinates":[[-3.12995,43.21125],[-3.1299,43.21126]]}},{"type":"Feature","properties":{"id":1264215179,"highway":"footway"},"geometry":{"type":"LineString","coordinates":[[-3.12983,43.21104],[-3.12982,43.21104]]}},{"type":"Feature","properties":{"id":1264215180,"highway":"footway"},"geometry":{"type":"LineString","coordinates":[[-3.12987,43.21113],[-3.12987,43.21113],[-3.12983,43.21114]]}},{"type":"Feature","properties":{"id":1264215183,"highway":"footway"},"geometry":{"type":"LineString","coordinates":[[-3.13007,43.21146],[-3.12974,43.21157],[-3.1297,43.21158],[-3.12954,43.21163]]}},{"type":"Feature","properties":{"id":1264215184,"highway":"footway"},"geometry":{"type":"LineString","coordinates":[[-3.12996,43.21128],[-3.13007,43.21146],[-3.13011,43.21153],[-3.13011,43.21158],[-3.13011,43.21162],[-3.13009,43.21164],[-3.13009,43.21165],[-3.13007,43.21166],[-3.13006,43.21165]]}},{"type":"Feature","properties":{"id":1264215185,"highway":"footway"},"geometry":{"type":"LineString","coordinates":[[-3.12996,43.21128],[-3.12995,43.21125],[-3.12987,43.21113],[-3.12986,43.21111],[-3.12986,43.21109],[-3.12983,43.21104],[-3.12978,43.21096],[-3.12989,43.21085],[-3.13009,43.21065]]}},{"type":"Feature","properties":{"id":1264215196,"highway":"service"},"geometry":{"type":"LineString","coordinates":[[-3.13048,43.21079],[-3.13049,43.21083],[-3.13066,43.21093],[-3.13074,43.21097],[-3.13028,43.21143],[-3.13022,43.21159],[-3.1302,43.21173],[-3.1301,43.21187],[-3.12998,43.21211]]}},{"type":"Feature","properties":{"id":1265844828,"highway":"footway"},"geometry":{"type":"LineString","coordinates":[[-3.12974,43.21191],[-3.12975,43.2119],[-3.12975,43.21187]]}},{"type":"Feature","properties":{"id":1265844831,"highway":"footway"},"geometry":{"type":"LineString","coordinates":[[-3.12926,43.21175],[-3.12934,43.2118]]}},{"type":"Feature","properties":{"id":1265844832,"highway":"footway"},"geometry":{"type":"LineString","coordinates":[[-3.12931,43.21131],[-3.12927,43.21132],[-3.12919,43.21135],[-3.12906,43.21139]]}},{"type":"Feature","properties":{"id":1265844833,"highway":"service"},"geometry":{"type":"LineString","coordinates":[[-3.12851,43.21084],[-3.12852,43.21088],[-3.12854,43.211]]}},{"type":"Feature","properties":{"id":1265844834,"highway":"service"},"geometry":{"type":"LineString","coordinates":[[-3.12906,43.21139],[-3.12891,43.21132],[-3.12869,43.21095],[-3.12854,43.211],[-3.12781,43.21124]]}},{"type":"Feature","properties":{"id":1265844841,"highway":"footway"},"geometry":{"type":"LineString","coordinates":[[-3.13005,43.21167],[-3.12975,43.21187],[-3.12951,43.21167]]}},{"type":"Feature","properties":{"id":1265844842,"highway":"footway"},"geometry":{"type":"LineString","coordinates":[[-3.12998,43.21211],[-3.12974,43.21191],[-3.12948,43.2117]]}},{"type":"Feature","properties":{"id":1265844845,"highway":"footway"},"geometry":{"type":"LineString","coordinates":[[-3.12925,43.21145],[-3.12928,43.21144]]}},{"type":"Feature","properties":{"id":1265844846,"highway":"steps"},"geometry":{"type":"LineString","coordinates":[[-3.12918,43.21147],[-3.1292,43.21147],[-3.12925,43.21145]]}},{"type":"Feature","properties":{"id":1265844847,"highway":"footway"},"geometry":{"type":"LineString","coordinates":[[-3.12912,43.21149],[-3.12918,43.21147]]}},{"type":"Feature","properties":{"id":1265844848,"highway":"footway"},"geometry":{"type":"LineString","coordinates":[[-3.12922,43.21134],[-3.12931,43.21131]]}},{"type":"Feature","properties":{"id":1265844849,"highway":"footway"},"geometry":{"type":"LineString","coordinates":[[-3.12944,43.21166],[-3.1294,43.21167],[-3.12928,43.21144],[-3.12922,43.21134],[-3.12912,43.21118]]}},{"type":"Feature","properties":{"id":1265844851,"highway":"footway"},"geometry":{"type":"LineString","coordinates":[[-3.12923,43.21187],[-3.12839,43.21215],[-3.1286,43.2123]]}},{"type":"Feature","properties":{"id":1265844852,"highway":"service"},"geometry":{"type":"LineString","coordinates":[[-3.12906,43.21139],[-3.12912,43.21149],[-3.12926,43.21175]]}},{"type":"Feature","properties":{"id":1265844853,"highway":"footway"},"geometry":{"type":"LineString","coordinates":[[-3.12948,43.21171],[-3.12928,43.21134],[-3.12927,43.21132],[-3.12926,43.2113],[-3.12924,43.21128],[-3.12917,43.21116]]}},{"type":"Feature","properties":{"id":1265844857,"highway":"steps"},"geometry":{"type":"LineString","coordinates":[[-3.12951,43.21164],[-3.12944,43.21166]]}},{"type":"Feature","properties":{"id":1265844858,"highway":"footway"},"geometry":{"type":"LineString","coordinates":[[-3.12954,43.21163],[-3.12951,43.21164]]}},{"type":"Feature","properties":{"id":1265844859,"highway":"footway"},"geometry":{"type":"LineString","coordinates":[[-3.12954,43.21163],[-3.12951,43.21167],[-3.12948,43.2117],[-3.12948,43.21171],[-3.12934,43.2118],[-3.12923,43.21187],[-3.1292,43.2119],[-3.1286,43.2123],[-3.12856,43.21233]]}},{"type":"Feature","properties":{"id":1265844862,"highway":"footway"},"geometry":{"type":"LineString","coordinates":[[-3.12994,43.21152],[-3.13009,43.21164]]}},{"type":"Feature","properties":{"id":1265844871,"highway":"footway"},"geometry":{"type":"LineString","coordinates":[[-3.12934,43.21077],[-3.12934,43.21071]]}},{"type":"Feature","properties":{"id":1265844872,"highway":"footway"},"geometry":{"type":"LineString","coordinates":[[-3.12941,43.21088],[-3.12946,43.21091]]}},{"type":"Feature","properties":{"id":1265844874,"highway":"footway"},"geometry":{"type":"LineString","coordinates":[[-3.12951,43.21068],[-3.12961,43.21085],[-3.12941,43.21088],[-3.12941,43.21089],[-3.1294,43.21091],[-3.12938,43.21093],[-3.12936,43.21093],[-3.12934,43.21094],[-3.12932,43.21093],[-3.12929,43.21092],[-3.12927,43.21091],[-3.12925,43.21089],[-3.12923,43.21087],[-3.12922,43.21084],[-3.12922,43.21082],[-3.12922,43.21079],[-3.12923,43.21077],[-3.12924,43.21076],[-3.12926,43.21075],[-3.12928,43.21075],[-3.12931,43.21075],[-3.12933,43.21076],[-3.12934,43.21077],[-3.12935,43.21077],[-3.12951,43.21068]]}},{"type":"Feature","properties":{"id":1265844876,"highway":"footway"},"geometry":{"type":"LineString","coordinates":[[-3.1292,43.21113],[-3.12915,43.21106],[-3.12927,43.21102],[-3.12925,43.21097],[-3.12928,43.21096],[-3.12936,43.21096],[-3.12939,43.21095],[-3.12944,43.21092],[-3.12946,43.21091],[-3.12966,43.21085],[-3.1298,43.21085],[-3.12989,43.21085]]}},{"type":"Feature","properties":{"id":1270938579,"highway":"track"},"geometry":{"type":"LineString","coordinates":[[-3.16134,43.22345],[-3.16129,43.22348],[-3.16125,43.22351],[-3.16119,43.22354]]}},{"type":"Feature","properties":{"id":1293977960,"highway":"track","superficie":"concrete"},"geometry":{"type":"LineString","coordinates":[[-3.11352,43.20077],[-3.11345,43.20075],[-3.11331,43.20073],[-3.11318,43.2007],[-3.1131,43.20067],[-3.11305,43.20064],[-3.11301,43.20056],[-3.11299,43.20047],[-3.113,43.20039],[-3.11297,43.20032],[-3.11289,43.20023],[-3.11285,43.20014],[-3.11283,43.20008],[-3.11277,43.19988],[-3.11279,43.19976],[-3.11279,43.19965],[-3.1128,43.19942],[-3.11276,43.19933],[-3.11274,43.19926],[-3.11268,43.19919],[-3.11264,43.19915],[-3.1126,43.19907],[-3.11257,43.199],[-3.11254,43.19894],[-3.11254,43.19885],[-3.11248,43.19816],[-3.11245,43.19787],[-3.11242,43.19764],[-3.11241,43.19748]]}},{"type":"Feature","properties":{"id":1293977961,"highway":"track","nombre":"Barrio Angostura","superficie":"concrete"},"geometry":{"type":"LineString","coordinates":[[-3.18117,43.1909],[-3.18129,43.19098],[-3.18141,43.19109],[-3.18153,43.19121],[-3.1816,43.19129],[-3.18165,43.19131],[-3.1817,43.19131],[-3.18175,43.1913],[-3.18177,43.19128],[-3.18177,43.19125],[-3.18176,43.19114],[-3.18176,43.19112],[-3.18167,43.19068],[-3.18164,43.1906],[-3.18157,43.19053],[-3.18112,43.19001],[-3.18079,43.18959],[-3.18073,43.18949],[-3.18073,43.18942],[-3.18075,43.18938],[-3.18082,43.18935],[-3.18092,43.18935],[-3.18109,43.1894],[-3.18146,43.18953],[-3.18157,43.18956]]}},{"type":"Feature","properties":{"id":1293977963,"highway":"unclassified","tunel":"yes","superficie":"asphalt"},"geometry":{"type":"LineString","coordinates":[[-3.12811,43.21497],[-3.12808,43.21523]]}},{"type":"Feature","properties":{"id":1293977964,"highway":"residential","nombre":"Barrio Lusa","superficie":"asphalt"},"geometry":{"type":"LineString","coordinates":[[-3.12811,43.21497],[-3.12817,43.21443],[-3.12818,43.21437],[-3.12827,43.21431],[-3.12839,43.21425],[-3.12878,43.21396],[-3.12884,43.21392],[-3.12889,43.21391],[-3.12895,43.21392]]}},{"type":"Feature","properties":{"id":1295843419,"highway":"service"},"geometry":{"type":"LineString","coordinates":[[-3.11412,43.21139],[-3.11413,43.21144],[-3.11427,43.21163]]}},{"type":"Feature","properties":{"id":1295843420,"highway":"footway"},"geometry":{"type":"LineString","coordinates":[[-3.11692,43.21114],[-3.11703,43.21163]]}},{"type":"Feature","properties":{"id":1295843422,"highway":"service","oneway":"yes"},"geometry":{"type":"LineString","coordinates":[[-3.11342,43.20958],[-3.11326,43.20954],[-3.11323,43.20954],[-3.11321,43.20934],[-3.11339,43.20933],[-3.11341,43.20955],[-3.11342,43.20958]]}},{"type":"Feature","properties":{"id":1295843423,"highway":"service"},"geometry":{"type":"LineString","coordinates":[[-3.11343,43.20972],[-3.11338,43.2097],[-3.11331,43.20967],[-3.11324,43.20965],[-3.11315,43.20964]]}},{"type":"Feature","properties":{"id":1305101467,"highway":"track"},"geometry":{"type":"LineString","coordinates":[[-3.13531,43.18128],[-3.13517,43.18127],[-3.13496,43.18126],[-3.13471,43.18127],[-3.13452,43.18129],[-3.13422,43.18133],[-3.13402,43.18134],[-3.13389,43.18134],[-3.13368,43.18131],[-3.13349,43.18129],[-3.1332,43.18128],[-3.13307,43.18125],[-3.13293,43.18121],[-3.13282,43.18116],[-3.13252,43.18102],[-3.13222,43.18089],[-3.13199,43.18081],[-3.13181,43.18073],[-3.13163,43.18065],[-3.13153,43.18062],[-3.13148,43.1806],[-3.13129,43.18055],[-3.13091,43.18047],[-3.13056,43.18041],[-3.13014,43.18033],[-3.13002,43.18031],[-3.12993,43.18031],[-3.12986,43.18033],[-3.12977,43.18037],[-3.12967,43.18044],[-3.12953,43.18058],[-3.12935,43.18076],[-3.12922,43.18086],[-3.12903,43.18097],[-3.12892,43.18106],[-3.1288,43.18113],[-3.12869,43.1812]]}},{"type":"Feature","properties":{"id":1305443336,"highway":"footway"},"geometry":{"type":"LineString","coordinates":[[-3.13376,43.21188],[-3.13381,43.21176]]}},{"type":"Feature","properties":{"id":1305443337,"highway":"footway"},"geometry":{"type":"LineString","coordinates":[[-3.13353,43.21175],[-3.13354,43.21163],[-3.13354,43.21156]]}},{"type":"Feature","properties":{"id":1305443340,"highway":"footway"},"geometry":{"type":"LineString","coordinates":[[-3.13398,43.21244],[-3.13397,43.21242]]}},{"type":"Feature","properties":{"id":1305443341,"highway":"footway"},"geometry":{"type":"LineString","coordinates":[[-3.13418,43.21178],[-3.13418,43.21165],[-3.13419,43.21158]]}},{"type":"Feature","properties":{"id":1305443342,"highway":"footway"},"geometry":{"type":"LineString","coordinates":[[-3.13421,43.2119],[-3.1342,43.21185],[-3.13418,43.21178],[-3.13381,43.21176],[-3.13367,43.21175],[-3.13353,43.21175]]}},{"type":"Feature","properties":{"id":1305443343,"highway":"residential","oneway":"yes"},"geometry":{"type":"LineString","coordinates":[[-3.13288,43.21161],[-3.13298,43.21161],[-3.13318,43.21162],[-3.13344,43.21163],[-3.13354,43.21163],[-3.13418,43.21165],[-3.13432,43.21166],[-3.13437,43.21167]]}},{"type":"Feature","properties":{"id":1305443345,"highway":"service"},"geometry":{"type":"LineString","coordinates":[[-3.13439,43.21186],[-3.1342,43.21185],[-3.13385,43.21184],[-3.13384,43.21186]]}},{"type":"Feature","properties":{"id":1305443348,"highway":"footway"},"geometry":{"type":"LineString","coordinates":[[-3.13422,43.21194],[-3.1344,43.21191],[-3.13452,43.21189]]}},{"type":"Feature","properties":{"id":1305443352,"highway":"footway"},"geometry":{"type":"LineString","coordinates":[[-3.13331,43.21262],[-3.13333,43.21261]]}},{"type":"Feature","properties":{"id":1305443353,"highway":"steps"},"geometry":{"type":"LineString","coordinates":[[-3.13333,43.21261],[-3.13343,43.21259]]}},{"type":"Feature","properties":{"id":1305443354,"highway":"footway"},"geometry":{"type":"LineString","coordinates":[[-3.13343,43.21259],[-3.13346,43.21259],[-3.13348,43.21254]]}},{"type":"Feature","properties":{"id":1305443355,"highway":"footway"},"geometry":{"type":"LineString","coordinates":[[-3.13349,43.21252],[-3.13335,43.21252]]}},{"type":"Feature","properties":{"id":1305443358,"highway":"footway"},"geometry":{"type":"LineString","coordinates":[[-3.13362,43.21188],[-3.13364,43.21188]]}},{"type":"Feature","properties":{"id":1305443359,"highway":"steps"},"geometry":{"type":"LineString","coordinates":[[-3.13364,43.21188],[-3.13372,43.2119]]}},{"type":"Feature","properties":{"id":1305443360,"highway":"footway"},"geometry":{"type":"LineString","coordinates":[[-3.13352,43.21211],[-3.13354,43.21211]]}},{"type":"Feature","properties":{"id":1305443361,"highway":"steps"},"geometry":{"type":"LineString","coordinates":[[-3.13354,43.21211],[-3.13362,43.21213]]}},{"type":"Feature","properties":{"id":1305443364,"highway":"footway"},"geometry":{"type":"LineString","coordinates":[[-3.13362,43.21213],[-3.13365,43.21214]]}},{"type":"Feature","properties":{"id":1305443365,"highway":"footway"},"geometry":{"type":"LineString","coordinates":[[-3.13372,43.2119],[-3.13375,43.21191]]}},{"type":"Feature","properties":{"id":1305443366,"highway":"footway"},"geometry":{"type":"LineString","coordinates":[[-3.13349,43.21252],[-3.13348,43.21254]]}},{"type":"Feature","properties":{"id":1305443367,"highway":"footway"},"geometry":{"type":"LineString","coordinates":[[-3.13376,43.21188],[-3.13421,43.2119]]}},{"type":"Feature","properties":{"id":1305443369,"highway":"footway"},"geometry":{"type":"LineString","coordinates":[[-3.13343,43.21232],[-3.13353,43.21234],[-3.13356,43.21235]]}},{"type":"Feature","properties":{"id":1305443370,"highway":"footway"},"geometry":{"type":"LineString","coordinates":[[-3.13445,43.21255],[-3.13442,43.21248],[-3.13439,43.21239],[-3.13434,43.21236],[-3.13448,43.21235],[-3.13463,43.2123]]}},{"type":"Feature","properties":{"id":1305443371,"highway":"footway"},"geometry":{"type":"LineString","coordinates":[[-3.13349,43.21252],[-3.13349,43.21251],[-3.13356,43.21235],[-3.13365,43.21214],[-3.13375,43.21191],[-3.13376,43.21188]]}},{"type":"Feature","properties":{"id":1305443372,"highway":"footway"},"geometry":{"type":"LineString","coordinates":[[-3.13391,43.21266],[-3.13445,43.21255]]}},{"type":"Feature","properties":{"id":1305443375,"highway":"footway"},"geometry":{"type":"LineString","coordinates":[[-3.13384,43.21247],[-3.13389,43.21259],[-3.13391,43.21266],[-3.13346,43.21275]]}},{"type":"Feature","properties":{"id":1305443384,"highway":"footway"},"geometry":{"type":"LineString","coordinates":[[-3.13348,43.21254],[-3.13384,43.21247],[-3.13389,43.21246],[-3.13398,43.21244],[-3.13434,43.21236],[-3.13422,43.21194],[-3.13421,43.2119]]}},{"type":"Feature","properties":{"id":1305443385,"highway":"residential","oneway":"yes"},"geometry":{"type":"LineString","coordinates":[[-3.13303,43.21279],[-3.13328,43.21271],[-3.13389,43.21259],[-3.13442,43.21248],[-3.13452,43.21246],[-3.13448,43.21235],[-3.13445,43.21206],[-3.1344,43.21191],[-3.13439,43.21186],[-3.13437,43.21167],[-3.13437,43.21109],[-3.13361,43.21101],[-3.13293,43.21094],[-3.13274,43.21092]]}},{"type":"Feature","properties":{"id":1305443387,"highway":"footway"},"geometry":{"type":"LineString","coordinates":[[-3.13309,43.21265],[-3.13327,43.21269],[-3.13331,43.21262],[-3.13335,43.21252],[-3.13343,43.21232],[-3.13352,43.21211],[-3.13362,43.21188],[-3.13367,43.21175]]}},{"type":"Feature","properties":{"id":1305443388,"highway":"residential","nombre":"Barrio El Carmen","oneway":"yes"},"geometry":{"type":"LineString","coordinates":[[-3.13344,43.21163],[-3.13343,43.2118],[-3.13322,43.2123]]}},{"type":"Feature","properties":{"id":1305541141,"highway":"primary_link","oneway":"yes"},"geometry":{"type":"LineString","coordinates":[[-3.11045,43.20671],[-3.11029,43.20659],[-3.11025,43.20653],[-3.11023,43.20648],[-3.11022,43.20638]]}},{"type":"Feature","properties":{"id":1305541142,"highway":"tertiary","nombre":"Barrio Ibarra","ref":"BI-3651","oneway":"no","superficie":"asphalt"},"geometry":{"type":"LineString","coordinates":[[-3.14045,43.20513],[-3.14067,43.20512],[-3.14085,43.20511],[-3.14097,43.20509],[-3.14112,43.20505],[-3.14131,43.205],[-3.14177,43.20487],[-3.14223,43.20471]]}},{"type":"Feature","properties":{"id":1305541143,"highway":"cycleway","oneway":"no","superficie":"concrete"},"geometry":{"type":"LineString","coordinates":[[-3.15288,43.20059],[-3.15289,43.20052],[-3.15287,43.20047],[-3.15278,43.20041],[-3.15264,43.20033],[-3.15248,43.20023],[-3.15231,43.20012],[-3.15225,43.20008],[-3.15216,43.20003],[-3.15187,43.19987],[-3.15149,43.19968],[-3.15139,43.19961],[-3.15128,43.19955],[-3.15111,43.19948],[-3.15098,43.19936],[-3.15076,43.19925],[-3.15064,43.1992],[-3.15049,43.19914],[-3.15029,43.19907],[-3.15,43.19898],[-3.14968,43.19885],[-3.14922,43.19869],[-3.14899,43.19862],[-3.14868,43.19856],[-3.14845,43.19852],[-3.14823,43.1985],[-3.14805,43.1985],[-3.14777,43.19852],[-3.1476,43.19856],[-3.14737,43.19863],[-3.14722,43.19872],[-3.14712,43.19881],[-3.147,43.19889],[-3.14689,43.19902],[-3.1468,43.1991],[-3.14666,43.19915]]}},{"type":"Feature","properties":{"id":1305601294,"highway":"cycleway","oneway":"no","superficie":"asphalt"},"geometry":{"type":"LineString","coordinates":[[-3.13344,43.20786],[-3.13339,43.20786],[-3.13311,43.20785],[-3.13277,43.20783],[-3.13244,43.20781],[-3.13212,43.2078],[-3.13195,43.2078]]}},{"type":"Feature","properties":{"id":1317182025,"highway":"track"},"geometry":{"type":"LineString","coordinates":[[-3.14493,43.23329],[-3.1454,43.2333],[-3.14593,43.23331],[-3.14637,43.23336],[-3.14681,43.23355],[-3.14741,43.23371],[-3.14772,43.23383],[-3.14781,43.2339]]}},{"type":"Feature","properties":{"id":1317182028,"highway":"track"},"geometry":{"type":"LineString","coordinates":[[-3.15024,43.23272],[-3.15002,43.23264],[-3.14966,43.23251],[-3.14923,43.23241]]}},{"type":"Feature","properties":{"id":1317407692,"highway":"unclassified","oneway":"no","superficie":"asphalt"},"geometry":{"type":"LineString","coordinates":[[-3.13856,43.18117],[-3.13843,43.18113]]}},{"type":"Feature","properties":{"id":1317407693,"highway":"unclassified","oneway":"no","superficie":"asphalt"},"geometry":{"type":"LineString","coordinates":[[-3.13627,43.18146],[-3.13594,43.18164],[-3.13501,43.18206],[-3.13466,43.18223],[-3.13417,43.18254],[-3.13403,43.18267],[-3.13389,43.18279],[-3.13376,43.18285],[-3.13358,43.18286],[-3.13332,43.18284],[-3.13264,43.18265],[-3.13245,43.18254],[-3.13228,43.18243],[-3.13219,43.18239],[-3.13206,43.18235],[-3.13191,43.18236],[-3.13175,43.18245],[-3.13135,43.18281],[-3.13114,43.18296],[-3.13094,43.18306],[-3.13073,43.18314],[-3.13054,43.18328],[-3.13047,43.18342],[-3.13044,43.18354],[-3.13054,43.18369],[-3.13081,43.18398]]}},{"type":"Feature","properties":{"id":1333461999,"highway":"track"},"geometry":{"type":"LineString","coordinates":[[-3.12567,43.22763],[-3.12575,43.22755],[-3.12591,43.2275],[-3.1261,43.22749],[-3.12625,43.22749],[-3.12652,43.22753],[-3.12662,43.22755],[-3.12693,43.22755],[-3.12724,43.22756],[-3.12757,43.2276],[-3.12793,43.22766],[-3.12822,43.22769],[-3.12859,43.22772],[-3.12883,43.22774],[-3.12905,43.22781],[-3.12946,43.22803],[-3.12976,43.22817],[-3.12995,43.22826],[-3.13021,43.22838],[-3.13029,43.22841],[-3.13035,43.22842],[-3.13039,43.22842],[-3.13046,43.22839]]}},{"type":"Feature","properties":{"id":1350708296,"highway":"footway"},"geometry":{"type":"LineString","coordinates":[[-3.12462,43.21057],[-3.12456,43.21058],[-3.12445,43.2106],[-3.12443,43.21061]]}},{"type":"Feature","properties":{"id":1352067277,"highway":"residential","nombre":"Torre de Maruri bidea","izena_eu":"Torre de Maruri bidea","nombre_es":"Camino de la Torre de Maruri"},"geometry":{"type":"LineString","coordinates":[[-3.11714,43.21164],[-3.11703,43.21163],[-3.11699,43.21162],[-3.11666,43.21162],[-3.1166,43.21163]]}},{"type":"Feature","properties":{"id":1371308766,"highway":"residential","oneway":"no"},"geometry":{"type":"LineString","coordinates":[[-3.13253,43.2127],[-3.13251,43.21283],[-3.1325,43.21287]]}},{"type":"Feature","properties":{"id":1371308767,"highway":"footway"},"geometry":{"type":"LineString","coordinates":[[-3.13261,43.21298],[-3.1326,43.21296],[-3.1326,43.21293],[-3.13259,43.21285],[-3.13258,43.21282]]}},{"type":"Feature","properties":{"id":1374666455,"highway":"cycleway","oneway":"no"},"geometry":{"type":"LineString","coordinates":[[-3.13219,43.21018],[-3.13216,43.21015],[-3.13212,43.21012],[-3.13206,43.21009],[-3.13199,43.21007],[-3.13189,43.21007],[-3.13162,43.21008],[-3.1314,43.21008],[-3.13116,43.21007],[-3.13105,43.21008],[-3.13099,43.21009],[-3.13094,43.21012],[-3.1309,43.21016],[-3.13088,43.21022]]}},{"type":"Feature","properties":{"id":1374666456,"highway":"cycleway","oneway":"no","puente":"yes"},"geometry":{"type":"LineString","coordinates":[[-3.13232,43.21052],[-3.13222,43.21023],[-3.13219,43.21018]]}},{"type":"Feature","properties":{"id":1374666457,"highway":"cycleway","oneway":"no","puente":"yes"},"geometry":{"type":"LineString","coordinates":[[-3.13088,43.21022],[-3.13083,43.21055],[-3.13084,43.21058]]}},{"type":"Feature","properties":{"id":1374666458,"highway":"cycleway","oneway":"no"},"geometry":{"type":"LineString","coordinates":[[-3.13084,43.21058],[-3.13085,43.21061],[-3.13087,43.21064],[-3.1309,43.21067],[-3.13092,43.21072],[-3.13091,43.21076],[-3.13089,43.21078],[-3.13087,43.2108]]}},{"type":"Feature","properties":{"id":1374666683,"highway":"footway"},"geometry":{"type":"LineString","coordinates":[[-3.13275,43.2116],[-3.13275,43.21151],[-3.13271,43.21137],[-3.13276,43.21122],[-3.13279,43.21111],[-3.13287,43.211],[-3.13287,43.21098]]}},{"type":"Feature","properties":{"id":1374666684,"highway":"footway"},"geometry":{"type":"LineString","coordinates":[[-3.13298,43.21091],[-3.13309,43.21087],[-3.13314,43.21073],[-3.13313,43.21066]]}},{"type":"Feature","properties":{"id":1374666685,"highway":"footway"},"geometry":{"type":"LineString","coordinates":[[-3.13287,43.21098],[-3.13293,43.21094],[-3.13298,43.21091]]}},{"type":"Feature","properties":{"id":1374666686,"highway":"footway"},"geometry":{"type":"LineString","coordinates":[[-3.13358,43.21073],[-3.13363,43.21082],[-3.13361,43.21098],[-3.13361,43.21101],[-3.1336,43.21107]]}},{"type":"Feature","properties":{"id":1374666687,"highway":"footway"},"geometry":{"type":"LineString","coordinates":[[-3.13363,43.21082],[-3.13368,43.21084],[-3.13379,43.21099]]}},{"type":"Feature","properties":{"id":1374666688,"highway":"footway"},"geometry":{"type":"LineString","coordinates":[[-3.13298,43.21091],[-3.13337,43.21095],[-3.13361,43.21098],[-3.13379,43.21099],[-3.13425,43.21101]]}},{"type":"Feature","properties":{"id":1374675956,"highway":"tertiary","superficie":"asphalt"},"geometry":{"type":"LineString","coordinates":[[-3.10838,43.21165],[-3.10857,43.21156],[-3.10872,43.21148],[-3.10886,43.21142],[-3.109,43.21137],[-3.10913,43.21136],[-3.10928,43.21136],[-3.1096,43.2114],[-3.10991,43.21146]]}},{"type":"Feature","properties":{"id":1374675957,"highway":"tertiary","superficie":"asphalt"},"geometry":{"type":"LineString","coordinates":[[-3.10991,43.21146],[-3.11008,43.21149],[-3.11033,43.21153],[-3.1105,43.21157],[-3.11066,43.21162],[-3.11079,43.21166],[-3.11093,43.21174],[-3.11107,43.21181],[-3.11121,43.21189],[-3.11135,43.21192],[-3.11153,43.21195],[-3.11173,43.21195],[-3.11203,43.21194],[-3.1122,43.21192],[-3.11239,43.21187],[-3.1126,43.2118],[-3.11321,43.21157],[-3.11326,43.21156]]}},{"type":"Feature","properties":{"id":1374675958,"highway":"tertiary","ref":"BI-3602","superficie":"asphalt"},"geometry":{"type":"LineString","coordinates":[[-3.12708,43.21244],[-3.127,43.21238]]}},{"type":"Feature","properties":{"id":1374675959,"highway":"tertiary","ref":"BI-3602","superficie":"asphalt"},"geometry":{"type":"LineString","coordinates":[[-3.127,43.21238],[-3.12673,43.21217]]}},{"type":"Feature","properties":{"id":1374675960,"highway":"residential","nombre":"Baular auzoa","izena_eu":"Baular auzoa","nombre_es":"Barrio el Baular"},"geometry":{"type":"LineString","coordinates":[[-3.1273,43.21241],[-3.12778,43.21262]]}},{"type":"Feature","properties":{"id":1374675961,"highway":"tertiary","ref":"BI-3602","superficie":"asphalt"},"geometry":{"type":"LineString","coordinates":[[-3.12722,43.21254],[-3.12708,43.21244]]}},{"type":"Feature","properties":{"id":1378727041,"highway":"footway"},"geometry":{"type":"LineString","coordinates":[[-3.12559,43.21152],[-3.12556,43.21154],[-3.12553,43.21158]]}},{"type":"Feature","properties":{"id":1378727042,"highway":"footway"},"geometry":{"type":"LineString","coordinates":[[-3.12654,43.212],[-3.12659,43.21194],[-3.12639,43.21184]]}},{"type":"Feature","properties":{"id":1378729717,"highway":"service","oneway":"no"},"geometry":{"type":"LineString","coordinates":[[-3.11351,43.20963],[-3.11342,43.20958]]}},{"type":"Feature","properties":{"id":1378729718,"highway":"service","oneway":"no"},"geometry":{"type":"LineString","coordinates":[[-3.1167,43.20867],[-3.11661,43.20866],[-3.11659,43.20865]]}},{"type":"Feature","properties":{"id":1378729719,"highway":"service","oneway":"no"},"geometry":{"type":"LineString","coordinates":[[-3.11603,43.21059],[-3.11602,43.21054],[-3.11596,43.21031]]}},{"type":"Feature","properties":{"id":1378729720,"highway":"service","oneway":"no"},"geometry":{"type":"LineString","coordinates":[[-3.12021,43.20993],[-3.12023,43.21002],[-3.12025,43.21007]]}},{"type":"Feature","properties":{"id":1379166870,"highway":"residential","oneway":"no"},"geometry":{"type":"LineString","coordinates":[[-3.11792,43.20939],[-3.11792,43.20935],[-3.11789,43.20896]]}},{"type":"Feature","properties":{"id":1379166871,"highway":"residential","oneway":"no"},"geometry":{"type":"LineString","coordinates":[[-3.11778,43.2094],[-3.11777,43.20937],[-3.11773,43.20896]]}},{"type":"Feature","properties":{"id":1379166872,"highway":"residential","oneway":"no"},"geometry":{"type":"LineString","coordinates":[[-3.11662,43.20898],[-3.11682,43.20901]]}},{"type":"Feature","properties":{"id":1379166873,"highway":"footway"},"geometry":{"type":"LineString","coordinates":[[-3.11106,43.20888],[-3.11108,43.20885],[-3.1111,43.20883]]}},{"type":"Feature","properties":{"id":1379166874,"highway":"footway"},"geometry":{"type":"LineString","coordinates":[[-3.1107,43.20874],[-3.11106,43.20888],[-3.11141,43.20903]]}},{"type":"Feature","properties":{"id":1379166875,"highway":"footway"},"geometry":{"type":"LineString","coordinates":[[-3.11053,43.20859],[-3.11072,43.20864],[-3.1111,43.20883]]}},{"type":"Feature","properties":{"id":1379166876,"highway":"residential","nombre":"Longar auzoa","izena_eu":"Longar auzoa","nombre_es":"Barrio Longar","oneway":"yes","superficie":"asphalt"},"geometry":{"type":"LineString","coordinates":[[-3.1426,43.20453],[-3.14262,43.20454],[-3.14274,43.20455]]}},{"type":"Feature","properties":{"id":1379166877,"highway":"residential","nombre":"Longar auzoa","izena_eu":"Longar auzoa","nombre_es":"Barrio Longar","oneway":"yes","superficie":"asphalt"},"geometry":{"type":"LineString","coordinates":[[-3.1426,43.20453],[-3.14261,43.2045],[-3.14258,43.20444]]}},{"type":"Feature","properties":{"id":1379166878,"highway":"service","oneway":"no"},"geometry":{"type":"LineString","coordinates":[[-3.14309,43.20297],[-3.14299,43.20293],[-3.14273,43.20283],[-3.14249,43.20274],[-3.14238,43.2027]]}},{"type":"Feature","properties":{"id":1379166879,"highway":"service","oneway":"yes"},"geometry":{"type":"LineString","coordinates":[[-3.14249,43.20274],[-3.14239,43.20289],[-3.14235,43.20297],[-3.14222,43.2031],[-3.14208,43.20331],[-3.14212,43.20351],[-3.14247,43.20359],[-3.14269,43.2033],[-3.14273,43.20325],[-3.14263,43.20322],[-3.14272,43.2031],[-3.14262,43.20307],[-3.14258,43.20305],[-3.14262,43.20299],[-3.14263,43.20298],[-3.14264,43.20297],[-3.14273,43.20283]]}},{"type":"Feature","properties":{"id":1379166880,"highway":"footway"},"geometry":{"type":"LineString","coordinates":[[-3.14289,43.20306],[-3.14264,43.20297],[-3.14248,43.2029],[-3.14242,43.203],[-3.14237,43.20306]]}},{"type":"Feature","properties":{"id":1379166881,"highway":"footway"},"geometry":{"type":"LineString","coordinates":[[-3.14242,43.203],[-3.14235,43.20297],[-3.14228,43.20294]]}},{"type":"Feature","properties":{"id":1379166882,"highway":"footway"},"geometry":{"type":"LineString","coordinates":[[-3.14305,43.20284],[-3.14299,43.20293],[-3.14289,43.20306]]}},{"type":"Feature","properties":{"id":1379166883,"highway":"service","oneway":"yes"},"geometry":{"type":"LineString","coordinates":[[-3.14235,43.20297],[-3.14233,43.20306],[-3.14227,43.20315],[-3.14216,43.20332],[-3.14214,43.20339],[-3.14221,43.20342],[-3.14226,43.20343],[-3.14228,43.20336],[-3.1423,43.20335],[-3.14247,43.20312],[-3.14249,43.20308],[-3.14251,43.20306],[-3.14258,43.20305]]}},{"type":"Feature","properties":{"id":1379166884,"highway":"service","oneway":"yes"},"geometry":{"type":"LineString","coordinates":[[-3.14226,43.20343],[-3.14232,43.20344],[-3.14235,43.20339],[-3.14236,43.20337],[-3.14253,43.20314],[-3.14256,43.2031],[-3.14258,43.20305]]}},{"type":"Feature","properties":{"id":1379166885,"highway":"service","oneway":"yes"},"geometry":{"type":"LineString","coordinates":[[-3.14232,43.20344],[-3.14239,43.20344],[-3.14241,43.20341],[-3.14242,43.2034],[-3.14258,43.20316],[-3.14261,43.20312],[-3.14262,43.20307]]}},{"type":"Feature","properties":{"id":1411076805,"highway":"primary","nombre":"Kadaguako igarobidea","izena_eu":"Kadaguako igarobidea","nombre_es":"Corredor del Cadagua","oneway":"no","superficie":"asphalt"},"geometry":{"type":"LineString","coordinates":[[-3.18318,43.19779],[-3.18239,43.1979],[-3.18188,43.19798],[-3.1814,43.19806],[-3.18104,43.19815],[-3.18073,43.19825],[-3.18042,43.19836],[-3.18014,43.19848],[-3.17979,43.19866],[-3.17941,43.19889],[-3.17917,43.19906],[-3.17894,43.19926],[-3.17861,43.19955],[-3.17824,43.19991],[-3.17767,43.20047],[-3.17699,43.20112]]}},{"type":"Feature","properties":{"id":1416332603,"highway":"residential","nombre":"Barrio Ahedo"},"geometry":{"type":"LineString","coordinates":[[-3.15956,43.21986],[-3.15956,43.21988]]}},{"type":"Feature","properties":{"id":1416332604,"highway":"residential","nombre":"Barrio Ahedo"},"geometry":{"type":"LineString","coordinates":[[-3.15957,43.21984],[-3.15956,43.21986]]}},{"type":"Feature","properties":{"id":1448611763,"highway":"service"},"geometry":{"type":"LineString","coordinates":[[-3.16101,43.22893],[-3.16091,43.2291],[-3.16082,43.22924]]}},{"type":"Feature","properties":{"id":1448611764,"highway":"service"},"geometry":{"type":"LineString","coordinates":[[-3.16105,43.22876],[-3.16106,43.22882],[-3.16105,43.22885],[-3.16104,43.22888],[-3.16101,43.22893]]}},{"type":"Feature","properties":{"id":1510738852,"highway":"residential","nombre":"Longar auzoa"},"geometry":{"type":"LineString","coordinates":[[-3.14499,43.20046],[-3.14504,43.20048],[-3.14512,43.20051]]}},{"type":"Feature","properties":{"id":1510738853,"highway":"residential","nombre":"Longar auzoa","oneway":"no"},"geometry":{"type":"LineString","coordinates":[[-3.14475,43.20038],[-3.14471,43.20037]]}},{"type":"Feature","properties":{"id":1510738854,"highway":"service"},"geometry":{"type":"LineString","coordinates":[[-3.14244,43.20389],[-3.14263,43.20394],[-3.1431,43.20404]]}},{"type":"Feature","properties":{"id":1510738855,"highway":"service","oneway":"no","superficie":"asphalt"},"geometry":{"type":"LineString","coordinates":[[-3.14241,43.2038],[-3.14248,43.20383]]}},{"type":"Feature","properties":{"id":1510738856,"highway":"service","oneway":"no"},"geometry":{"type":"LineString","coordinates":[[-3.14262,43.20399],[-3.14262,43.20407],[-3.14272,43.20428]]}},{"type":"Feature","properties":{"id":1510738857,"highway":"service","oneway":"no"},"geometry":{"type":"LineString","coordinates":[[-3.14263,43.20394],[-3.14262,43.20399]]}},{"type":"Feature","properties":{"id":1510738859,"highway":"footway"},"geometry":{"type":"LineString","coordinates":[[-3.13374,43.21366],[-3.13363,43.21365],[-3.13359,43.21365]]}},{"type":"Feature","properties":{"id":1510738860,"highway":"footway"},"geometry":{"type":"LineString","coordinates":[[-3.13258,43.21282],[-3.13251,43.21283],[-3.13244,43.21283]]}},{"type":"Feature","properties":{"id":1510738861,"highway":"footway"},"geometry":{"type":"LineString","coordinates":[[-3.13248,43.21291],[-3.13246,43.21287],[-3.13244,43.21283]]}},{"type":"Feature","properties":{"id":1512295825,"highway":"footway"},"geometry":{"type":"LineString","coordinates":[[-3.13038,43.20614],[-3.13033,43.20614],[-3.13027,43.20616],[-3.13023,43.20616]]}},{"type":"Feature","properties":{"id":1512295826,"highway":"residential","nombre":"Urbanización Padres Paulinos","oneway":"yes"},"geometry":{"type":"LineString","coordinates":[[-3.1293,43.20674],[-3.12933,43.20678],[-3.12936,43.2068],[-3.12939,43.20683]]}},{"type":"Feature","properties":{"id":1526204744,"highway":"track"},"geometry":{"type":"LineString","coordinates":[[-3.15814,43.18586],[-3.1582,43.18611],[-3.15819,43.18629],[-3.15814,43.18649],[-3.15814,43.1866],[-3.15824,43.18668],[-3.1587,43.18704],[-3.15874,43.1871],[-3.15874,43.18717],[-3.15817,43.188]]}},{"type":"Feature","properties":{"id":1526204745,"highway":"track"},"geometry":{"type":"LineString","coordinates":[[-3.15814,43.18586],[-3.15802,43.18601],[-3.15796,43.1863],[-3.15795,43.18663],[-3.15801,43.18681],[-3.15827,43.18734],[-3.15827,43.18744],[-3.15817,43.188]]}},{"type":"Feature","properties":{"id":1526204746,"highway":"track","nombre":"Barrio Angostura","superficie":"fine_gravel"},"geometry":{"type":"LineString","coordinates":[[-3.15389,43.18314],[-3.15421,43.18335],[-3.15459,43.18348],[-3.15517,43.18357],[-3.15549,43.1836],[-3.15601,43.18377],[-3.15635,43.18385],[-3.15659,43.18384],[-3.15679,43.18383],[-3.15697,43.1838],[-3.15714,43.1838],[-3.15722,43.18384],[-3.15725,43.1839]]}},{"type":"Feature","properties":{"id":1526204747,"highway":"track"},"geometry":{"type":"LineString","coordinates":[[-3.15881,43.18417],[-3.15875,43.18428],[-3.15851,43.18459],[-3.15849,43.18478],[-3.15855,43.18531],[-3.15853,43.18541],[-3.15814,43.18586]]}},{"type":"Feature","properties":{"id":1526204748,"highway":"track"},"geometry":{"type":"LineString","coordinates":[[-3.16725,43.1919],[-3.16731,43.19183],[-3.16736,43.19172],[-3.16736,43.19161],[-3.16743,43.19144],[-3.1675,43.1913],[-3.1676,43.19104],[-3.1677,43.19086],[-3.16778,43.19075],[-3.16782,43.19064],[-3.16797,43.19052],[-3.1681,43.1904],[-3.16816,43.19026],[-3.16822,43.19011],[-3.16829,43.18997],[-3.1684,43.18988],[-3.16853,43.1898],[-3.16871,43.18967],[-3.16902,43.18953],[-3.16926,43.18944],[-3.16942,43.18932],[-3.16949,43.1892],[-3.16949,43.18906],[-3.16947,43.18892],[-3.16954,43.18877],[-3.16961,43.18861],[-3.16966,43.18847],[-3.16961,43.18834],[-3.1692,43.18778],[-3.1692,43.18772],[-3.16944,43.18738],[-3.16968,43.18702],[-3.17001,43.18663]]}},{"type":"Feature","properties":{"id":1526204749,"highway":"residential","nombre":"Avenida Lanzagorta","superficie":"asphalt"},"geometry":{"type":"LineString","coordinates":[[-3.13257,43.2093],[-3.13247,43.20914],[-3.13243,43.20909],[-3.13197,43.20839],[-3.13191,43.2083],[-3.1319,43.20826],[-3.13188,43.20812],[-3.13187,43.20797]]}},{"type":"Feature","properties":{"id":1526204750,"highway":"tertiary","nombre":"Barrio Llantada","ref":"BI-3651","superficie":"asphalt"},"geometry":{"type":"LineString","coordinates":[[-3.13337,43.20566],[-3.13371,43.20565],[-3.13428,43.20563]]}},{"type":"Feature","properties":{"id":1526204751,"highway":"tertiary","nombre":"Barrio Llantada","ref":"BI-3651","superficie":"asphalt"},"geometry":{"type":"LineString","coordinates":[[-3.13277,43.20571],[-3.13307,43.20568],[-3.13316,43.20567],[-3.13337,43.20566]]}},{"type":"Feature","properties":{"id":1526204752,"highway":"unclassified","nombre":"Barrio El Llano","superficie":"asphalt"},"geometry":{"type":"LineString","coordinates":[[-3.13715,43.19955],[-3.13756,43.19952],[-3.1376,43.19952],[-3.13794,43.1995]]}},{"type":"Feature","properties":{"id":1526204753,"highway":"unclassified","oneway":"no","superficie":"asphalt"},"geometry":{"type":"LineString","coordinates":[[-3.1408,43.19697],[-3.14112,43.19675],[-3.14131,43.19658],[-3.14148,43.19638],[-3.14164,43.19626],[-3.14189,43.19604],[-3.14198,43.19591],[-3.14203,43.19578],[-3.14207,43.19566],[-3.14213,43.19537],[-3.14212,43.19444],[-3.14225,43.19406],[-3.1426,43.19359]]}},{"type":"Feature","properties":{"id":1526204754,"highway":"unclassified","oneway":"no","superficie":"asphalt"},"geometry":{"type":"LineString","coordinates":[[-3.1426,43.19359],[-3.14267,43.19335],[-3.14267,43.19313],[-3.14273,43.19299],[-3.1428,43.1928],[-3.14289,43.19248],[-3.14294,43.19206],[-3.14313,43.19122],[-3.14317,43.19092],[-3.14303,43.19044],[-3.14298,43.18995],[-3.1431,43.1895],[-3.14325,43.18921],[-3.14324,43.18905],[-3.14313,43.18854],[-3.14292,43.18812],[-3.14295,43.18801],[-3.1432,43.18778],[-3.14326,43.18766],[-3.1433,43.18726],[-3.1437,43.18645],[-3.14371,43.18601],[-3.14386,43.1858],[-3.14392,43.18569],[-3.14394,43.1856],[-3.14393,43.18551],[-3.14388,43.18542],[-3.1438,43.18536],[-3.14366,43.1853],[-3.14347,43.18525],[-3.14327,43.18515],[-3.14317,43.18506],[-3.14308,43.18496],[-3.14305,43.1849],[-3.14307,43.18482],[-3.14312,43.18473],[-3.1432,43.18462],[-3.14328,43.18454],[-3.1434,43.18445],[-3.14362,43.18435],[-3.14379,43.18427],[-3.14389,43.1842],[-3.14394,43.18415],[-3.14399,43.18407],[-3.14401,43.18395],[-3.14403,43.1838],[-3.14409,43.18354],[-3.1441,43.18344],[-3.1441,43.18337],[-3.14408,43.18331],[-3.14405,43.18327],[-3.14399,43.18323],[-3.14344,43.183],[-3.14326,43.18289],[-3.14306,43.18271],[-3.14278,43.18246],[-3.1426,43.18231],[-3.14252,43.18218],[-3.14251,43.18204],[-3.14254,43.18189],[-3.14262,43.18176],[-3.14274,43.18163],[-3.14354,43.18119],[-3.14366,43.18111],[-3.14375,43.18102],[-3.1438,43.18095],[-3.14381,43.18087],[-3.1438,43.18078],[-3.14377,43.18072],[-3.14368,43.18064],[-3.14362,43.18061],[-3.14356,43.18059],[-3.14341,43.18057],[-3.14329,43.18057],[-3.1432,43.18059],[-3.14314,43.18062],[-3.14304,43.1807],[-3.14294,43.1808],[-3.14289,43.18084],[-3.14281,43.18087],[-3.14272,43.1809],[-3.14261,43.18093],[-3.14247,43.18095],[-3.14175,43.18096],[-3.14058,43.18112],[-3.13919,43.18126],[-3.13908,43.18127],[-3.13894,43.18126],[-3.13883,43.18125],[-3.13871,43.18121],[-3.13856,43.18117]]}},{"type":"Feature","properties":{"id":1526204755,"highway":"track"},"geometry":{"type":"LineString","coordinates":[[-3.14883,43.18167],[-3.14824,43.18148],[-3.14761,43.18137],[-3.14759,43.1813],[-3.14777,43.18116],[-3.14763,43.18111],[-3.14727,43.1812],[-3.14666,43.18181],[-3.14618,43.1821],[-3.14605,43.18223],[-3.14597,43.18259],[-3.14567,43.18289],[-3.1455,43.18362]]}},{"type":"Feature","properties":{"id":1526204756,"highway":"track"},"geometry":{"type":"LineString","coordinates":[[-3.1455,43.18362],[-3.1454,43.1836],[-3.14533,43.18363],[-3.14482,43.18428],[-3.14429,43.18466],[-3.14406,43.18468],[-3.1437,43.18461],[-3.1433,43.18484],[-3.14305,43.1849]]}},{"type":"Feature","properties":{"id":1526204757,"highway":"track"},"geometry":{"type":"LineString","coordinates":[[-3.14676,43.18607],[-3.14663,43.18595],[-3.14656,43.1858],[-3.14663,43.18551],[-3.14659,43.18543],[-3.14628,43.18522],[-3.14625,43.18516],[-3.14625,43.18492],[-3.14628,43.18472],[-3.14629,43.18449],[-3.14617,43.1842],[-3.1457,43.18389],[-3.14558,43.18363],[-3.1455,43.18362]]}},{"type":"Feature","properties":{"id":1526204758,"highway":"track"},"geometry":{"type":"LineString","coordinates":[[-3.14901,43.18334],[-3.14879,43.18372],[-3.14837,43.1843],[-3.14826,43.18452],[-3.1482,43.18456],[-3.14811,43.18456],[-3.14779,43.18446],[-3.14768,43.18449],[-3.14747,43.18469],[-3.14744,43.18484],[-3.14754,43.18503],[-3.14759,43.18545],[-3.14754,43.18564],[-3.14732,43.18587],[-3.14717,43.18594],[-3.14676,43.18607]]}},{"type":"Feature","properties":{"id":1526204759,"highway":"track"},"geometry":{"type":"LineString","coordinates":[[-3.14897,43.18197],[-3.14892,43.18203],[-3.1489,43.18217],[-3.14894,43.18233],[-3.14918,43.18263],[-3.14926,43.18271],[-3.14941,43.18276],[-3.14951,43.18284],[-3.14953,43.1829],[-3.14948,43.18301],[-3.14913,43.18324],[-3.14901,43.18334]]}},{"type":"Feature","properties":{"id":1526204760,"highway":"track"},"geometry":{"type":"LineString","coordinates":[[-3.15285,43.18847],[-3.15309,43.18851],[-3.15319,43.18851],[-3.15323,43.18852],[-3.15338,43.1885],[-3.15373,43.1884],[-3.15403,43.18828],[-3.15436,43.18813],[-3.15448,43.18809],[-3.15465,43.188],[-3.15477,43.18789],[-3.15487,43.18779],[-3.155,43.18768],[-3.15507,43.18755],[-3.15506,43.18745],[-3.15502,43.1871],[-3.15504,43.18681],[-3.15503,43.18667],[-3.15498,43.18635],[-3.155,43.18613],[-3.15496,43.18601],[-3.1549,43.1859],[-3.15478,43.18569],[-3.15476,43.18562],[-3.15478,43.18552],[-3.15482,43.18533],[-3.15485,43.18527],[-3.15483,43.18518]]}},{"type":"Feature","properties":{"id":1526204761,"highway":"track"},"geometry":{"type":"LineString","coordinates":[[-3.15285,43.18847],[-3.15282,43.18839],[-3.15271,43.18807],[-3.15271,43.18776],[-3.15288,43.18754],[-3.15294,43.1872],[-3.15277,43.18675],[-3.15272,43.18644],[-3.15263,43.1858],[-3.15264,43.18562],[-3.15272,43.18513],[-3.15251,43.18442],[-3.15229,43.18396],[-3.15223,43.1838],[-3.15229,43.18371],[-3.15237,43.18367],[-3.1527,43.1836],[-3.15316,43.18343],[-3.1533,43.18336],[-3.15354,43.18317],[-3.15371,43.18312],[-3.15389,43.18314]]}},{"type":"Feature","properties":{"id":1526204762,"highway":"track","nombre":"Barrio Angostura","superficie":"fine_gravel"},"geometry":{"type":"LineString","coordinates":[[-3.15881,43.18417],[-3.15911,43.18406],[-3.15993,43.18364],[-3.16029,43.18347],[-3.16066,43.18331],[-3.1612,43.18303],[-3.16133,43.18293],[-3.16142,43.18283],[-3.16161,43.18274],[-3.16179,43.18266],[-3.16202,43.18256],[-3.16222,43.1825],[-3.16241,43.18241],[-3.16259,43.18231],[-3.16313,43.18183],[-3.16333,43.18166],[-3.16344,43.18163],[-3.16355,43.18164],[-3.16363,43.1817],[-3.16387,43.18198],[-3.16389,43.1822],[-3.16409,43.18271],[-3.16423,43.18324],[-3.16436,43.1838],[-3.16427,43.18408],[-3.1643,43.18494],[-3.16434,43.18502]]}},{"type":"Feature","properties":{"id":1526204763,"highway":"track","nombre":"Barrio Angostura","superficie":"fine_gravel"},"geometry":{"type":"LineString","coordinates":[[-3.16434,43.18502],[-3.16447,43.18527],[-3.16461,43.18542],[-3.1648,43.18558],[-3.16509,43.18572],[-3.1655,43.18577],[-3.1661,43.18575],[-3.16687,43.18554],[-3.16709,43.18544],[-3.16783,43.18511],[-3.16876,43.18457],[-3.16969,43.18392],[-3.17067,43.1832],[-3.17123,43.18292],[-3.1716,43.18282],[-3.17171,43.18283],[-3.17178,43.18289],[-3.1718,43.18298],[-3.17174,43.18319],[-3.17195,43.18387],[-3.17211,43.18441],[-3.17214,43.18518],[-3.17211,43.18579],[-3.17211,43.18585],[-3.17211,43.18663],[-3.17216,43.18699],[-3.17228,43.18722],[-3.17255,43.18751],[-3.17295,43.18794],[-3.17331,43.1883],[-3.17375,43.18841],[-3.1743,43.18842],[-3.1745,43.18841],[-3.17472,43.18828],[-3.17512,43.18805],[-3.17552,43.18789],[-3.17576,43.18779],[-3.17626,43.18755],[-3.17691,43.18717],[-3.17733,43.18667],[-3.17746,43.18649],[-3.17754,43.18646],[-3.17761,43.1865],[-3.17759,43.18669],[-3.17755,43.18703],[-3.17752,43.18734],[-3.17748,43.18749],[-3.17731,43.18773],[-3.17719,43.18793],[-3.17709,43.18819],[-3.17691,43.18845],[-3.17661,43.18879],[-3.17636,43.18905],[-3.17629,43.18918],[-3.17636,43.18926],[-3.17792,43.18978],[-3.17803,43.18982],[-3.17834,43.1899],[-3.17854,43.18997],[-3.17869,43.19004],[-3.17893,43.19018],[-3.17911,43.19026],[-3.17935,43.19037],[-3.17962,43.19046],[-3.18012,43.1906],[-3.18039,43.19068],[-3.18069,43.19075],[-3.18092,43.1908],[-3.18105,43.19084],[-3.18117,43.1909]]}},{"type":"Feature","properties":{"id":1526204764,"highway":"track"},"geometry":{"type":"LineString","coordinates":[[-3.16434,43.18502],[-3.1643,43.18512],[-3.1644,43.18556],[-3.16435,43.186],[-3.16436,43.18607],[-3.16439,43.18626],[-3.16451,43.1866],[-3.16456,43.18693]]}},{"type":"Feature","properties":{"id":1526204765,"highway":"track"},"geometry":{"type":"LineString","coordinates":[[-3.17001,43.18663],[-3.17004,43.1866],[-3.17017,43.18651],[-3.17027,43.18653],[-3.17027,43.18664],[-3.17014,43.18716],[-3.17018,43.18722],[-3.1704,43.18735],[-3.17055,43.18747],[-3.17063,43.18759],[-3.1711,43.18788],[-3.17146,43.18822],[-3.17155,43.18828],[-3.17178,43.18833],[-3.17214,43.1884],[-3.17281,43.18862],[-3.17362,43.18885],[-3.17385,43.18889],[-3.17401,43.18884]]}},{"type":"Feature","properties":{"id":1526204766,"highway":"track"},"geometry":{"type":"LineString","coordinates":[[-3.16273,43.20099],[-3.16283,43.20101],[-3.16299,43.20097],[-3.1632,43.20081],[-3.1633,43.20067],[-3.16339,43.20051],[-3.16349,43.20034],[-3.16362,43.20015],[-3.16381,43.19994],[-3.16403,43.19976],[-3.16441,43.19949],[-3.16472,43.19935],[-3.16507,43.19923],[-3.16546,43.19912],[-3.16573,43.19905],[-3.16582,43.19907],[-3.16582,43.19911],[-3.16575,43.19914],[-3.16551,43.19919],[-3.16507,43.19936],[-3.16489,43.19949],[-3.16478,43.19971],[-3.16479,43.20004],[-3.16483,43.20027],[-3.16497,43.20055],[-3.16501,43.20077],[-3.16508,43.20088],[-3.16521,43.20098],[-3.16535,43.20103],[-3.16558,43.20097],[-3.16578,43.20091],[-3.16588,43.20084],[-3.16599,43.20082],[-3.16612,43.20082],[-3.16627,43.20078],[-3.16645,43.20073],[-3.16657,43.2007],[-3.16674,43.20067],[-3.16693,43.20066],[-3.16704,43.20064],[-3.16722,43.20056],[-3.16736,43.20045],[-3.16751,43.20035],[-3.16762,43.20029],[-3.16777,43.20024],[-3.16798,43.20019],[-3.16816,43.20019],[-3.1684,43.20022]]}},{"type":"Feature","properties":{"id":1526204767,"highway":"tertiary","nombre":"Barrio La Herrera-Ijalde","ref":"BI-3651","superficie":"asphalt"},"geometry":{"type":"LineString","coordinates":[[-3.1706,43.20361],[-3.17064,43.20362],[-3.17074,43.20363],[-3.17096,43.20367]]}},{"type":"Feature","properties":{"id":1526204768,"highway":"residential","nombre":"Avenida Sabino Arana","oneway":"no"},"geometry":{"type":"LineString","coordinates":[[-3.13121,43.21451],[-3.13136,43.21418],[-3.13139,43.21409]]}},{"type":"Feature","properties":{"id":1526204769,"highway":"residential"},"geometry":{"type":"LineString","coordinates":[[-3.13121,43.21451],[-3.13114,43.21449],[-3.13049,43.21433]]}},{"type":"Feature","properties":{"id":1526457467,"highway":"unclassified","nombre":"Carretera del Aeródromo de Zalla-Forestal","superficie":"fine_gravel"},"geometry":{"type":"LineString","coordinates":[[-3.12869,43.1812],[-3.12871,43.18122],[-3.12905,43.1819],[-3.12906,43.18201],[-3.12905,43.18208],[-3.12897,43.18218],[-3.12878,43.1823],[-3.12788,43.18264],[-3.12743,43.18287],[-3.12721,43.18296],[-3.12697,43.18302],[-3.12673,43.18307],[-3.12651,43.18308],[-3.126,43.18305],[-3.12588,43.18306],[-3.1258,43.18308],[-3.12573,43.18312],[-3.12567,43.18323],[-3.12556,43.18333],[-3.12534,43.18348],[-3.12513,43.18359],[-3.12487,43.18369],[-3.12444,43.18383],[-3.12354,43.18413],[-3.1234,43.18418]]}},{"type":"Feature","properties":{"id":1526457469,"highway":"unclassified","oneway":"no","superficie":"asphalt"},"geometry":{"type":"LineString","coordinates":[[-3.13843,43.18113],[-3.13834,43.18112],[-3.13831,43.18112],[-3.13823,43.18112],[-3.1382,43.18112]]}},{"type":"Feature","properties":{"id":1526457470,"highway":"track"},"geometry":{"type":"MultiLineString","coordinates":[[[-3.14465,43.17706],[-3.14494,43.17711],[-3.14522,43.17713],[-3.14545,43.17711],[-3.14564,43.17707],[-3.14578,43.17704],[-3.14585,43.17703],[-3.14587,43.17706],[-3.14574,43.17712],[-3.14538,43.17724],[-3.14506,43.17731],[-3.14473,43.17737],[-3.14435,43.1774],[-3.14405,43.17741],[-3.14382,43.17739],[-3.14354,43.17734],[-3.14351,43.17734],[-3.14307,43.17723],[-3.14299,43.1772]],[[-3.14258,43.17749],[-3.14263,43.17754],[-3.14282,43.17768],[-3.14303,43.17781],[-3.14328,43.17792],[-3.14354,43.178],[-3.14357,43.17804],[-3.14355,43.17806],[-3.14345,43.17805],[-3.14315,43.17802],[-3.1428,43.178],[-3.14232,43.17796],[-3.14208,43.17792]]]}},{"type":"Feature","properties":{"id":1526457471,"highway":"path"},"geometry":{"type":"LineString","coordinates":[[-3.14398,43.17679],[-3.1439,43.17682],[-3.14382,43.17682],[-3.14365,43.17695],[-3.1436,43.17704],[-3.14358,43.17711],[-3.14356,43.17713],[-3.14333,43.17713],[-3.14328,43.17715],[-3.14315,43.17712],[-3.14311,43.17713]]}},{"type":"Feature","properties":{"id":1526457473,"highway":"track"},"geometry":{"type":"LineString","coordinates":[[-3.14402,43.1765],[-3.14401,43.1765]]}},{"type":"Feature","properties":{"id":1526457474,"highway":"path"},"geometry":{"type":"MultiLineString","coordinates":[[[-3.14402,43.1765],[-3.14403,43.17648]],[[-3.14409,43.17644],[-3.14413,43.17643],[-3.14423,43.17637],[-3.14434,43.1763],[-3.1444,43.17626],[-3.14443,43.17621],[-3.14445,43.1762]]]}},{"type":"Feature","properties":{"id":1526457475,"highway":"track"},"geometry":{"type":"LineString","coordinates":[[-3.14445,43.1762],[-3.14444,43.17619]]}},{"type":"Feature","properties":{"id":1526457476,"highway":"track"},"geometry":{"type":"LineString","coordinates":[[-3.14465,43.17706],[-3.14483,43.17701],[-3.14501,43.17694],[-3.14532,43.17677],[-3.14553,43.17664],[-3.14586,43.17638],[-3.14605,43.17627],[-3.14622,43.17609],[-3.14629,43.17598],[-3.14641,43.17585]]}},{"type":"Feature","properties":{"id":1526457477,"highway":"track"},"geometry":{"type":"LineString","coordinates":[[-3.14641,43.17585],[-3.1462,43.176],[-3.14599,43.17621],[-3.14555,43.1764],[-3.14521,43.17652],[-3.14487,43.17657],[-3.1445,43.17659],[-3.14441,43.17659],[-3.1442,43.17657],[-3.14402,43.1765]]}},{"type":"Feature","properties":{"id":1526457478,"highway":"track"},"geometry":{"type":"LineString","coordinates":[[-3.171,43.17811],[-3.17104,43.17809],[-3.17199,43.17777]]}},{"type":"Feature","properties":{"id":1526457479,"highway":"track"},"geometry":{"type":"LineString","coordinates":[[-3.15389,43.18314],[-3.15428,43.18323],[-3.15471,43.18324],[-3.15538,43.18317],[-3.15599,43.18308],[-3.15603,43.18304],[-3.15597,43.18297],[-3.15504,43.18289],[-3.15448,43.18275],[-3.1542,43.18262],[-3.15404,43.1825],[-3.15385,43.18229],[-3.15381,43.18222],[-3.15382,43.18215],[-3.15389,43.18213],[-3.15442,43.18233],[-3.15511,43.18239],[-3.15561,43.18236],[-3.15654,43.18219],[-3.15746,43.18223],[-3.15789,43.18205],[-3.15808,43.18201],[-3.15821,43.18205],[-3.15867,43.18236],[-3.15897,43.18237],[-3.15924,43.18233],[-3.15956,43.18222],[-3.16,43.18203],[-3.16079,43.18155]]}},{"type":"Feature","properties":{"id":1526457480,"highway":"track"},"geometry":{"type":"LineString","coordinates":[[-3.15928,43.18278],[-3.15948,43.18271]]}},{"type":"Feature","properties":{"id":1526457481,"highway":"track","nombre":"Barrio Angostura","superficie":"fine_gravel"},"geometry":{"type":"LineString","coordinates":[[-3.15725,43.1839],[-3.15728,43.18396],[-3.15732,43.184],[-3.15745,43.18409],[-3.15788,43.18421],[-3.15796,43.18422],[-3.15819,43.18425],[-3.15847,43.18424],[-3.15881,43.18417]]}},{"type":"Feature","properties":{"id":1526457482,"highway":"track"},"geometry":{"type":"LineString","coordinates":[[-3.15669,43.18913],[-3.15675,43.1895],[-3.15673,43.1903],[-3.15672,43.1907],[-3.15679,43.19089],[-3.15689,43.19108],[-3.15701,43.1916],[-3.15708,43.19175],[-3.1572,43.19203],[-3.15721,43.19209],[-3.15732,43.1922],[-3.15742,43.19231],[-3.15742,43.19242],[-3.15733,43.19267],[-3.1573,43.19334],[-3.15719,43.19363],[-3.15679,43.19434],[-3.15678,43.19441],[-3.15687,43.19459],[-3.15692,43.1947],[-3.157,43.19515],[-3.15709,43.1954],[-3.15709,43.19592],[-3.15716,43.19631],[-3.15712,43.19645],[-3.15709,43.19653],[-3.15708,43.19663],[-3.15713,43.19661],[-3.15721,43.19659],[-3.15729,43.1965],[-3.15732,43.1964],[-3.15741,43.19626],[-3.15745,43.19611],[-3.15749,43.19591],[-3.15754,43.19565],[-3.15762,43.1954],[-3.1577,43.19515],[-3.15781,43.1949],[-3.15797,43.19465],[-3.15823,43.19434],[-3.15855,43.1939],[-3.15873,43.19369],[-3.15887,43.19366],[-3.15896,43.19375],[-3.15903,43.19397],[-3.15908,43.19425],[-3.15912,43.19458],[-3.15909,43.19493],[-3.15905,43.19528],[-3.15919,43.19564],[-3.15924,43.19589],[-3.15927,43.19626],[-3.15935,43.19645],[-3.15948,43.1966],[-3.15948,43.19682],[-3.15949,43.19699],[-3.15958,43.19722],[-3.15972,43.19743],[-3.15985,43.19772],[-3.16,43.19793],[-3.16008,43.19812],[-3.16014,43.19829],[-3.16025,43.19843],[-3.16044,43.19861],[-3.16094,43.19901],[-3.16149,43.19948],[-3.1617,43.19974],[-3.16198,43.20012],[-3.16239,43.20077],[-3.1625,43.2009],[-3.16265,43.20098],[-3.16273,43.20099]]}},{"type":"Feature","properties":{"id":1559858266,"highway":"track"},"geometry":{"type":"LineString","coordinates":[[-3.12696,43.21271],[-3.12685,43.21268],[-3.12677,43.21266],[-3.1267,43.21266],[-3.12661,43.21266],[-3.12655,43.21265],[-3.1265,43.21265],[-3.12643,43.21263],[-3.12637,43.21261],[-3.12631,43.2126],[-3.12627,43.21259],[-3.12623,43.21259],[-3.1262,43.2126],[-3.12617,43.21262],[-3.12613,43.21268],[-3.12606,43.21274],[-3.126,43.21278],[-3.12596,43.2128],[-3.1259,43.21282],[-3.12584,43.21283],[-3.12576,43.21282],[-3.12567,43.21279],[-3.1256,43.21278],[-3.12552,43.21276],[-3.12545,43.21275],[-3.12539,43.21274],[-3.12535,43.21275],[-3.12531,43.21277],[-3.12525,43.21281],[-3.1252,43.21283],[-3.12511,43.21287],[-3.12505,43.21292],[-3.12499,43.21296]]}},{"type":"Feature","properties":{"id":1559858267,"highway":"service"},"geometry":{"type":"LineString","coordinates":[[-3.12361,43.21105],[-3.12364,43.21114],[-3.12368,43.21119],[-3.12388,43.21132]]}},{"type":"Feature","properties":{"id":1559858268,"highway":"service"},"geometry":{"type":"LineString","coordinates":[[-3.12449,43.21116],[-3.12423,43.2113],[-3.12418,43.21133]]}},{"type":"Feature","properties":{"id":1559932242,"highway":"service"},"geometry":{"type":"LineString","coordinates":[[-3.12933,43.2132],[-3.12923,43.21332]]}},{"type":"Feature","properties":{"id":1559932243,"highway":"service","oneway":"yes"},"geometry":{"type":"LineString","coordinates":[[-3.12617,43.21184],[-3.12654,43.21216],[-3.12661,43.21226]]}},{"type":"Feature","properties":{"id":1559932244,"highway":"residential","oneway":"yes"},"geometry":{"type":"LineString","coordinates":[[-3.12696,43.2126],[-3.12704,43.2126],[-3.1271,43.21261],[-3.12716,43.21262]]}},{"type":"Feature","properties":{"id":1559932245,"highway":"service","oneway":"yes"},"geometry":{"type":"LineString","coordinates":[[-3.12673,43.21217],[-3.12667,43.21217],[-3.12663,43.21218],[-3.12661,43.2122],[-3.12661,43.21222],[-3.12661,43.21226]]}},{"type":"Feature","properties":{"id":1559932246,"highway":"tertiary","ref":"BI-3602","superficie":"asphalt"},"geometry":{"type":"LineString","coordinates":[[-3.12617,43.21184],[-3.12595,43.21173]]}},{"type":"Feature","properties":{"id":1559932247,"highway":"tertiary","ref":"BI-3602","superficie":"asphalt"},"geometry":{"type":"LineString","coordinates":[[-3.12673,43.21217],[-3.12672,43.21216],[-3.12617,43.21184]]}},{"type":"Feature","properties":{"id":1559932248,"highway":"service","oneway":"yes"},"geometry":{"type":"LineString","coordinates":[[-3.12661,43.21226],[-3.12662,43.2123],[-3.12672,43.21243],[-3.12679,43.2125],[-3.12683,43.21255]]}},{"type":"Feature","properties":{"id":1559932249,"highway":"residential","nombre":"Baular auzoa","izena_eu":"Baular auzoa","nombre_es":"Barrio el Baular","oneway":"no"},"geometry":{"type":"LineString","coordinates":[[-3.12686,43.21212],[-3.12737,43.2119]]}},{"type":"Feature","properties":{"id":1559932253,"highway":"service"},"geometry":{"type":"LineString","coordinates":[[-3.14376,43.20586],[-3.14369,43.20584],[-3.14311,43.20574]]}},{"type":"Feature","properties":{"id":1559932255,"highway":"footway"},"geometry":{"type":"LineString","coordinates":[[-3.17064,43.20362],[-3.17063,43.20345],[-3.17063,43.20334],[-3.17054,43.20335]]}},{"type":"Feature","properties":{"id":1559932256,"highway":"steps"},"geometry":{"type":"LineString","coordinates":[[-3.17063,43.20345],[-3.17054,43.20345]]}},{"type":"Feature","properties":{"id":1559932257,"highway":"track"},"geometry":{"type":"LineString","coordinates":[[-3.17203,43.2049],[-3.17218,43.2049],[-3.17238,43.20487],[-3.17257,43.20479],[-3.17278,43.20468],[-3.17305,43.20449],[-3.17323,43.20434],[-3.17337,43.20419],[-3.17348,43.20404],[-3.17355,43.20397],[-3.17361,43.20394],[-3.17378,43.20388],[-3.17396,43.20381]]}},{"type":"Feature","properties":{"id":1559932259,"highway":"service"},"geometry":{"type":"LineString","coordinates":[[-3.18324,43.19746],[-3.18303,43.19747],[-3.18307,43.19767],[-3.1834,43.19765],[-3.18343,43.19776]]}},{"type":"Feature","properties":{"id":1561904111,"highway":"footway"},"geometry":{"type":"LineString","coordinates":[[-3.13079,43.21532],[-3.13086,43.21532]]}}]}
