{"type":"FeatureCollection","features":[{"type":"Feature","properties":{"id":41643688,"highway":"path","nombre":"GR-123 Bizkaiko bira","izena_eu":"GR-123 Bizkaiko bira"},"geometry":{"type":"LineString","coordinates":[[-2.77899,43.03841],[-2.77912,43.03849],[-2.77928,43.03858],[-2.77946,43.03869],[-2.7796,43.03873],[-2.77983,43.03877],[-2.77997,43.03881],[-2.78009,43.03892],[-2.78011,43.039],[-2.78028,43.03911],[-2.78054,43.03923],[-2.78096,43.03952],[-2.7811,43.03961],[-2.78125,43.03979],[-2.78141,43.03995],[-2.78158,43.04006],[-2.78165,43.04017],[-2.78177,43.04028],[-2.78181,43.04033],[-2.78178,43.04051],[-2.78172,43.0406],[-2.78167,43.0412],[-2.78173,43.04132],[-2.78175,43.04134],[-2.78185,43.04143],[-2.78205,43.04172],[-2.78209,43.04204],[-2.78207,43.04225],[-2.7822,43.04242],[-2.78219,43.04251],[-2.78212,43.0426],[-2.78225,43.04289],[-2.78258,43.04339],[-2.78296,43.04372],[-2.78323,43.0439],[-2.78353,43.04411],[-2.78381,43.04453],[-2.78397,43.04489],[-2.78399,43.04505]]}},{"type":"Feature","properties":{"id":41758957,"highway":"path"},"geometry":{"type":"LineString","coordinates":[[-2.79086,43.0521],[-2.79093,43.05217],[-2.791,43.05229]]}},{"type":"Feature","properties":{"id":54911787,"highway":"trunk","nombre":"Tarragona-Bilbo errepidea","izena_eu":"Tarragona-Bilbo errepidea","nombre_es":"Carretera Tarragona-Bilbao","ref":"N-240","tunel":"yes"},"geometry":{"type":"LineString","coordinates":[[-2.75212,43.10052],[-2.75217,43.10023],[-2.75219,43.09981],[-2.75218,43.0993],[-2.75217,43.09888]]}},{"type":"Feature","properties":{"id":54911788,"highway":"trunk","nombre":"Tarragona-Bilbo errepidea","izena_eu":"Tarragona-Bilbo errepidea","nombre_es":"Carretera Tarragona-Bilbao","ref":"N-240"},"geometry":{"type":"LineString","coordinates":[[-2.75217,43.09888],[-2.75213,43.09853],[-2.75208,43.09819],[-2.75197,43.09754],[-2.75178,43.09687],[-2.75163,43.09642],[-2.75148,43.09605],[-2.75132,43.09571],[-2.75117,43.0955],[-2.75095,43.09523]]}},{"type":"Feature","properties":{"id":54911789,"highway":"trunk","nombre":"Tarragona-Bilbo errepidea","izena_eu":"Tarragona-Bilbo errepidea","nombre_es":"Carretera Tarragona-Bilbao","ref":"N-240"},"geometry":{"type":"LineString","coordinates":[[-2.75136,43.10404],[-2.7513,43.10383],[-2.75124,43.10359]]}},{"type":"Feature","properties":{"id":54911791,"highway":"tertiary","superficie":"asphalt"},"geometry":{"type":"LineString","coordinates":[[-2.75052,43.10119],[-2.75057,43.1012],[-2.75062,43.10119],[-2.75066,43.10116],[-2.75067,43.10113],[-2.75067,43.10109],[-2.75064,43.10106],[-2.75059,43.10105],[-2.75054,43.10105],[-2.7505,43.10107]]}},{"type":"Feature","properties":{"id":54911792,"highway":"trunk_link","nombre":"Zeanuri-Artea errepidea"},"geometry":{"type":"LineString","coordinates":[[-2.75062,43.10119],[-2.75069,43.10136],[-2.75083,43.10163],[-2.75091,43.1018],[-2.75098,43.102],[-2.75102,43.10217],[-2.7511,43.10255],[-2.75121,43.10284]]}},{"type":"Feature","properties":{"id":54911793,"highway":"trunk","nombre":"Tarragona-Bilbo errepidea","izena_eu":"Tarragona-Bilbo errepidea","nombre_es":"Carretera Tarragona-Bilbao","ref":"N-240"},"geometry":{"type":"LineString","coordinates":[[-2.75121,43.10284],[-2.75133,43.10245],[-2.75143,43.10219],[-2.75154,43.10199],[-2.75174,43.10158]]}},{"type":"Feature","properties":{"id":54911794,"highway":"tertiary","nombre":"San Isidro kalea","superficie":"asphalt"},"geometry":{"type":"LineString","coordinates":[[-2.7505,43.10107],[-2.7504,43.10088],[-2.75038,43.10076],[-2.75035,43.10061],[-2.75035,43.1004],[-2.75034,43.10031],[-2.7503,43.1002],[-2.75004,43.09978],[-2.74996,43.09961],[-2.74988,43.09941],[-2.74983,43.09922],[-2.74976,43.09895],[-2.74972,43.09884],[-2.74969,43.09873]]}},{"type":"Feature","properties":{"id":54911796,"highway":"trunk_link","oneway":"yes"},"geometry":{"type":"LineString","coordinates":[[-2.74932,43.09453],[-2.74937,43.09453],[-2.74944,43.09448],[-2.74967,43.09418],[-2.74981,43.09395],[-2.74988,43.09378],[-2.74989,43.09366],[-2.74988,43.09357],[-2.74984,43.09349],[-2.74978,43.09338],[-2.74961,43.09315],[-2.74957,43.0931],[-2.74939,43.09283],[-2.74926,43.0926],[-2.74905,43.09215]]}},{"type":"Feature","properties":{"id":54911797,"highway":"trunk_link","oneway":"yes"},"geometry":{"type":"LineString","coordinates":[[-2.74917,43.09273],[-2.7492,43.09326],[-2.74927,43.09412],[-2.74929,43.0945],[-2.74932,43.09453]]}},{"type":"Feature","properties":{"id":54911798,"highway":"trunk","nombre":"Tarragona-Bilbo errepidea","izena_eu":"Tarragona-Bilbo errepidea","nombre_es":"Carretera Tarragona-Bilbao","ref":"N-240"},"geometry":{"type":"LineString","coordinates":[[-2.74961,43.09382],[-2.74949,43.09365],[-2.7494,43.09349],[-2.74934,43.09333],[-2.74929,43.0932],[-2.74921,43.09296],[-2.74917,43.09273]]}},{"type":"Feature","properties":{"id":54911799,"highway":"trunk","nombre":"Tarragona-Bilbo errepidea","izena_eu":"Tarragona-Bilbo errepidea","nombre_es":"Carretera Tarragona-Bilbao","ref":"N-240","puente":"yes"},"geometry":{"type":"LineString","coordinates":[[-2.75095,43.09523],[-2.74999,43.09425],[-2.74979,43.09403],[-2.74961,43.09382]]}},{"type":"Feature","properties":{"id":57360735,"highway":"track","nombre":"Ipiñaburu auzoa"},"geometry":{"type":"LineString","coordinates":[[-2.75991,43.04443],[-2.76007,43.04441],[-2.76016,43.04438],[-2.76021,43.04435],[-2.76025,43.0443],[-2.76034,43.04424],[-2.76067,43.04407],[-2.76072,43.04406],[-2.76077,43.04405],[-2.76087,43.04405],[-2.76109,43.04405],[-2.7612,43.04399],[-2.76131,43.04394],[-2.76141,43.04394],[-2.7615,43.04396],[-2.7616,43.04399],[-2.76169,43.04401],[-2.76176,43.044],[-2.76187,43.04394],[-2.76191,43.04389],[-2.76189,43.04386],[-2.76183,43.04367],[-2.76183,43.04354],[-2.76184,43.04346],[-2.76196,43.04331],[-2.76205,43.04314],[-2.76207,43.04309],[-2.76209,43.04298],[-2.7621,43.04292],[-2.76209,43.04284],[-2.76211,43.04282],[-2.76223,43.04277],[-2.76237,43.04274],[-2.76247,43.04274],[-2.76254,43.04272],[-2.7626,43.0427],[-2.76268,43.04269],[-2.76283,43.04268]]}},{"type":"Feature","properties":{"id":57360756,"highway":"track"},"geometry":{"type":"LineString","coordinates":[[-2.74559,43.03556],[-2.74577,43.03557],[-2.74603,43.0356],[-2.74619,43.0356],[-2.74646,43.03557],[-2.74661,43.03557],[-2.74675,43.03558],[-2.74712,43.03568],[-2.74747,43.03577],[-2.74757,43.03579],[-2.74803,43.03596],[-2.74815,43.03599],[-2.74827,43.036],[-2.74878,43.03607],[-2.74893,43.03608],[-2.74926,43.03612],[-2.74968,43.03614],[-2.74994,43.03616],[-2.75013,43.03622],[-2.75043,43.03638],[-2.75085,43.03666],[-2.75113,43.03679],[-2.75124,43.03682],[-2.75164,43.03689],[-2.75177,43.03695],[-2.75181,43.03699],[-2.75184,43.03705],[-2.75186,43.03719],[-2.7519,43.03724],[-2.75215,43.03741],[-2.75229,43.03756],[-2.7524,43.0377],[-2.75246,43.03778],[-2.75252,43.03782],[-2.75259,43.03786],[-2.75288,43.03801],[-2.75314,43.03815],[-2.75343,43.03834],[-2.75367,43.03854],[-2.75386,43.03862],[-2.75404,43.03865],[-2.75419,43.03872],[-2.75452,43.03882],[-2.75478,43.03887],[-2.75516,43.039],[-2.7553,43.03909],[-2.75539,43.03914],[-2.75552,43.0392],[-2.75569,43.03925],[-2.75578,43.0393],[-2.75586,43.03936],[-2.75603,43.03955],[-2.75623,43.0397],[-2.75626,43.03976],[-2.7563,43.03991],[-2.75628,43.03998],[-2.75627,43.04],[-2.75624,43.04005],[-2.7562,43.04009],[-2.75614,43.04017],[-2.75609,43.04021],[-2.75607,43.04023],[-2.75592,43.04027],[-2.75582,43.0403],[-2.75575,43.04038],[-2.75574,43.04048],[-2.75579,43.04058],[-2.7559,43.04068],[-2.75601,43.04078],[-2.75611,43.04086],[-2.7562,43.04096],[-2.75631,43.04102],[-2.75642,43.04114],[-2.75645,43.04126],[-2.75648,43.04143],[-2.75649,43.04155],[-2.75649,43.04164],[-2.75646,43.0417],[-2.75639,43.04177],[-2.75636,43.04183],[-2.75633,43.04193],[-2.75634,43.04207],[-2.75636,43.04216],[-2.75645,43.04229],[-2.75659,43.04236],[-2.75669,43.04241],[-2.75694,43.04252],[-2.75722,43.04263],[-2.75766,43.04283],[-2.75778,43.04288],[-2.75792,43.04293],[-2.75805,43.04295],[-2.75818,43.04298]]}},{"type":"Feature","properties":{"id":57360783,"highway":"track"},"geometry":{"type":"LineString","coordinates":[[-2.71848,43.02918],[-2.71854,43.02914],[-2.71862,43.02906],[-2.71874,43.02892],[-2.71889,43.02875],[-2.71906,43.02864],[-2.71938,43.02847],[-2.7196,43.02837],[-2.71997,43.02821],[-2.72025,43.02812],[-2.72045,43.02804],[-2.72056,43.02797],[-2.72064,43.02787],[-2.7207,43.02777],[-2.72085,43.02746],[-2.72097,43.02729]]}},{"type":"Feature","properties":{"id":58774500,"highway":"unclassified","nombre":"Altzusta auzoa"},"geometry":{"type":"LineString","coordinates":[[-2.73904,43.08657],[-2.73908,43.08649],[-2.73913,43.0864],[-2.73913,43.08628],[-2.73911,43.0862],[-2.73868,43.0857]]}},{"type":"Feature","properties":{"id":58774501,"highway":"unclassified","nombre":"Undurraga auzoa"},"geometry":{"type":"LineString","coordinates":[[-2.7376,43.08394],[-2.7368,43.08286],[-2.73675,43.08277],[-2.73672,43.08266],[-2.73665,43.08197],[-2.73662,43.08187],[-2.73654,43.08176],[-2.73618,43.08134],[-2.73614,43.0813],[-2.7361,43.08125],[-2.73597,43.08108],[-2.73584,43.081],[-2.73532,43.08079],[-2.73523,43.08073],[-2.73516,43.08064],[-2.73515,43.08052],[-2.73512,43.08024],[-2.73508,43.08017],[-2.7349,43.08002],[-2.73485,43.07992],[-2.7349,43.07989],[-2.73502,43.07989],[-2.73512,43.07993],[-2.73529,43.08007],[-2.7354,43.08019],[-2.73551,43.08028],[-2.73567,43.08034],[-2.73583,43.08037],[-2.7362,43.0805],[-2.73631,43.0805],[-2.7364,43.08047],[-2.7365,43.08039],[-2.7367,43.08021],[-2.73677,43.08012],[-2.73678,43.08009],[-2.73681,43.08002],[-2.73681,43.07993],[-2.73689,43.07981],[-2.73713,43.07956],[-2.73732,43.07936],[-2.73742,43.07929],[-2.73758,43.07919],[-2.73775,43.07911],[-2.7379,43.07904],[-2.73808,43.07902]]}},{"type":"Feature","properties":{"id":58774502,"highway":"tertiary","ref":"BI-3542"},"geometry":{"type":"LineString","coordinates":[[-2.69939,43.05197],[-2.69897,43.05175]]}},{"type":"Feature","properties":{"id":58774601,"highway":"unclassified","oneway":"yes"},"geometry":{"type":"LineString","coordinates":[[-2.7401,43.08846],[-2.73999,43.08831],[-2.73991,43.08811],[-2.73984,43.08791],[-2.7398,43.08787],[-2.73972,43.08783],[-2.73964,43.08783],[-2.7395,43.0879]]}},{"type":"Feature","properties":{"id":58774602,"highway":"unclassified","oneway":"yes"},"geometry":{"type":"LineString","coordinates":[[-2.7395,43.0879],[-2.73944,43.08796],[-2.73939,43.08803],[-2.73937,43.08808],[-2.73938,43.08824],[-2.73939,43.0883],[-2.73951,43.08835],[-2.73959,43.08838],[-2.73972,43.08839]]}},{"type":"Feature","properties":{"id":58774604,"highway":"unclassified","oneway":"yes"},"geometry":{"type":"LineString","coordinates":[[-2.73938,43.08841],[-2.73946,43.0884],[-2.73951,43.08839],[-2.73959,43.08838],[-2.73965,43.08835],[-2.73971,43.08829],[-2.73975,43.08821]]}},{"type":"Feature","properties":{"id":71333800,"highway":"path","nombre":"Gorbeiako bidea (Iginiger)","izena_eu":"Gorbeiako bidea (Iginiger)","nombre_es":"Senda a Gorbea por Iñiger"},"geometry":{"type":"LineString","coordinates":[[-2.77492,43.03113],[-2.77485,43.0311],[-2.77432,43.03107],[-2.77404,43.03104],[-2.77337,43.03093],[-2.77317,43.03089],[-2.77281,43.03083],[-2.77237,43.03082],[-2.77203,43.03079],[-2.77189,43.03078],[-2.77122,43.03078],[-2.77111,43.0308],[-2.771,43.03086],[-2.77083,43.03093],[-2.7707,43.03094],[-2.77063,43.03092],[-2.77056,43.0309],[-2.77047,43.03089],[-2.77041,43.03092],[-2.77034,43.03095],[-2.77026,43.03094],[-2.77009,43.0309],[-2.76986,43.03082],[-2.76962,43.03073],[-2.76933,43.03061],[-2.7691,43.03051],[-2.76889,43.03038],[-2.76873,43.0303],[-2.76866,43.03027],[-2.76852,43.03015],[-2.76833,43.03005]]}},{"type":"Feature","properties":{"id":75114197,"highway":"track","superficie":"gravel"},"geometry":{"type":"LineString","coordinates":[[-2.68683,43.05054],[-2.68693,43.05042],[-2.68711,43.05034],[-2.68728,43.05032],[-2.68749,43.05036],[-2.68783,43.0505],[-2.68802,43.05062],[-2.6882,43.05069],[-2.6885,43.0507],[-2.68932,43.05065],[-2.68969,43.05065],[-2.69027,43.05066],[-2.69142,43.05049],[-2.6919,43.05036],[-2.69206,43.05028],[-2.69218,43.05018],[-2.69229,43.05006],[-2.69238,43.04988],[-2.69242,43.04974],[-2.69241,43.04953],[-2.69236,43.04942],[-2.692,43.04894],[-2.69184,43.04875],[-2.69168,43.04859],[-2.69153,43.04846],[-2.69126,43.04831],[-2.69108,43.04818],[-2.69075,43.04792],[-2.69068,43.04787],[-2.69055,43.04782],[-2.6902,43.04778],[-2.69011,43.04773],[-2.69008,43.04767],[-2.69005,43.04744],[-2.68985,43.04707],[-2.68976,43.04698],[-2.6896,43.04673],[-2.68955,43.04668],[-2.68947,43.04657],[-2.68937,43.04645],[-2.68924,43.04635],[-2.68903,43.0462],[-2.68885,43.04604],[-2.68878,43.04595],[-2.6886,43.0456],[-2.68849,43.04545],[-2.68839,43.04537],[-2.68827,43.04534],[-2.68813,43.04535],[-2.68784,43.04542],[-2.68768,43.04545],[-2.68751,43.04545],[-2.68723,43.04536],[-2.68709,43.04526],[-2.68704,43.04519],[-2.68697,43.04503],[-2.68684,43.04479],[-2.68658,43.04461],[-2.68634,43.04446],[-2.68619,43.04432],[-2.6862,43.04427],[-2.68639,43.04427],[-2.68685,43.04439],[-2.68726,43.0445],[-2.68741,43.04459],[-2.68752,43.04488],[-2.68762,43.04501],[-2.68777,43.04507],[-2.68795,43.04506],[-2.68805,43.045],[-2.6883,43.04471],[-2.68845,43.04463],[-2.68865,43.04459],[-2.68928,43.04458],[-2.68952,43.04459],[-2.68969,43.04452],[-2.68984,43.04441],[-2.69017,43.04433],[-2.69034,43.04431],[-2.69038,43.04421],[-2.69032,43.04414],[-2.69017,43.04412],[-2.68984,43.04411],[-2.68948,43.04408],[-2.68924,43.04407],[-2.68897,43.04406],[-2.68862,43.04413],[-2.68837,43.04409],[-2.68822,43.04404],[-2.68814,43.04398],[-2.68817,43.04392],[-2.68823,43.04389],[-2.68844,43.04382],[-2.68867,43.04372],[-2.68888,43.04361],[-2.68903,43.04346],[-2.68917,43.04336],[-2.6894,43.04325],[-2.69032,43.04311],[-2.69048,43.04308]]}},{"type":"Feature","properties":{"id":117539096,"highway":"path"},"geometry":{"type":"LineString","coordinates":[[-2.77383,43.02902],[-2.77382,43.02922],[-2.77383,43.02935],[-2.77383,43.02948],[-2.77383,43.02956],[-2.77377,43.02965],[-2.7737,43.02976],[-2.77365,43.02983],[-2.77366,43.02994],[-2.7736,43.03007],[-2.77356,43.03015],[-2.77355,43.03024],[-2.77358,43.03031],[-2.77359,43.0304],[-2.77365,43.03047],[-2.77368,43.03054],[-2.7737,43.03058],[-2.7738,43.03062],[-2.77398,43.03068],[-2.77451,43.03088],[-2.7749,43.03109]]}},{"type":"Feature","properties":{"id":119166384,"highway":"tertiary","nombre":"Otzerinmendi auzoa","ref":"BI-4523"},"geometry":{"type":"LineString","coordinates":[[-2.76538,43.08546],[-2.76525,43.08544],[-2.76503,43.08545],[-2.76497,43.08537],[-2.76486,43.08534],[-2.76474,43.08532],[-2.76465,43.08536],[-2.76457,43.08543],[-2.76452,43.08559],[-2.76449,43.0857],[-2.76443,43.08578],[-2.76434,43.08592],[-2.7643,43.08601],[-2.76428,43.08607],[-2.76428,43.08613],[-2.76433,43.08628],[-2.76443,43.0866],[-2.76457,43.08705],[-2.76467,43.08723],[-2.76487,43.08747],[-2.7651,43.08774],[-2.7655,43.08822],[-2.76556,43.0883],[-2.76557,43.08837],[-2.76557,43.08841],[-2.76555,43.08849],[-2.76551,43.0886],[-2.76544,43.08879],[-2.76541,43.08887],[-2.76537,43.08892],[-2.76531,43.08898],[-2.76522,43.08904],[-2.76513,43.08907],[-2.76505,43.08909],[-2.76478,43.08914],[-2.76453,43.08917],[-2.7643,43.08922],[-2.76421,43.08926],[-2.76411,43.0893],[-2.76404,43.08935],[-2.76392,43.08945],[-2.76363,43.08966],[-2.76352,43.08974],[-2.76346,43.08979],[-2.76343,43.08984],[-2.76343,43.08989],[-2.76347,43.08994],[-2.76356,43.09008],[-2.76359,43.09014],[-2.76362,43.09024],[-2.76362,43.09036],[-2.76362,43.09045],[-2.76362,43.09051],[-2.76365,43.09056],[-2.76371,43.09062],[-2.76386,43.09077],[-2.76389,43.09083],[-2.76389,43.09087],[-2.76387,43.09094],[-2.76383,43.09098],[-2.76379,43.09102],[-2.7637,43.09105],[-2.76361,43.09107],[-2.7635,43.09106],[-2.76338,43.09104],[-2.76316,43.09095],[-2.76284,43.09085],[-2.76264,43.09083],[-2.76243,43.09085],[-2.76224,43.09093],[-2.76204,43.09108],[-2.7619,43.09118],[-2.76187,43.09121],[-2.76185,43.09125],[-2.76176,43.09147],[-2.76171,43.09158],[-2.76159,43.0917],[-2.76092,43.09213],[-2.76054,43.09249],[-2.76046,43.09255],[-2.76039,43.09258],[-2.76033,43.09259],[-2.76026,43.0926],[-2.76011,43.09261],[-2.75997,43.09261],[-2.75986,43.0926],[-2.75979,43.09258],[-2.7595,43.09245],[-2.75931,43.0924],[-2.7592,43.09242],[-2.75911,43.09248],[-2.75904,43.09258],[-2.75907,43.09277],[-2.75904,43.0929],[-2.75894,43.09299],[-2.75876,43.0931],[-2.75836,43.09324],[-2.75808,43.09335],[-2.75795,43.09342],[-2.75788,43.09347],[-2.75781,43.09354],[-2.75775,43.09365],[-2.75764,43.09388],[-2.75761,43.09395],[-2.75759,43.09401],[-2.75757,43.09412],[-2.75757,43.09421],[-2.75758,43.09444],[-2.75758,43.09475],[-2.75764,43.095],[-2.75764,43.09513],[-2.75763,43.09524],[-2.75759,43.0953],[-2.75754,43.09535],[-2.75747,43.0954],[-2.75719,43.09557],[-2.7571,43.09564],[-2.75697,43.09573],[-2.7569,43.0958],[-2.7568,43.09592],[-2.75676,43.09597],[-2.75671,43.09608],[-2.75669,43.09621],[-2.75669,43.09626],[-2.75668,43.09636],[-2.75666,43.09647],[-2.75663,43.09654],[-2.75659,43.09661],[-2.75655,43.09668],[-2.75641,43.09689],[-2.75637,43.09697],[-2.75634,43.09701],[-2.75631,43.09708],[-2.7563,43.09715],[-2.7563,43.09723],[-2.75633,43.09733],[-2.75652,43.098],[-2.75655,43.09815],[-2.75654,43.09838],[-2.75637,43.09919],[-2.75633,43.09934],[-2.7563,43.0994],[-2.75625,43.09946],[-2.75618,43.09951],[-2.75596,43.09966],[-2.75532,43.1],[-2.75521,43.10008],[-2.75515,43.10013],[-2.75511,43.10017],[-2.75506,43.10026],[-2.75502,43.10033],[-2.75501,43.10046],[-2.75499,43.10057],[-2.75495,43.10065],[-2.75489,43.10071],[-2.7548,43.10075],[-2.75475,43.10077],[-2.75467,43.10077],[-2.75458,43.10075],[-2.75449,43.10071],[-2.75443,43.10066],[-2.75438,43.1006],[-2.75415,43.10023],[-2.75387,43.09995],[-2.75374,43.09963],[-2.75365,43.09936],[-2.75363,43.09923],[-2.75365,43.09857],[-2.75368,43.09842],[-2.75384,43.09815],[-2.75388,43.09806],[-2.7539,43.09796],[-2.75388,43.09777],[-2.75382,43.09756],[-2.75382,43.0973],[-2.75379,43.0971],[-2.75379,43.09697],[-2.75356,43.09668],[-2.7535,43.09656],[-2.7535,43.0962],[-2.75346,43.0961],[-2.75336,43.09604],[-2.75321,43.09601],[-2.75311,43.09603],[-2.75303,43.09607],[-2.75298,43.0961],[-2.75293,43.0962],[-2.75295,43.09627],[-2.75305,43.09637],[-2.75318,43.09648],[-2.75325,43.09659],[-2.7533,43.0967],[-2.75332,43.09678],[-2.75331,43.09687],[-2.75325,43.09702],[-2.75318,43.09713],[-2.753,43.09731],[-2.75283,43.09747],[-2.7527,43.09764],[-2.75259,43.0978],[-2.75254,43.09796],[-2.75249,43.09825],[-2.75248,43.09845],[-2.7525,43.09865],[-2.75254,43.09886]]}},{"type":"Feature","properties":{"id":119166387,"highway":"tertiary","ref":"BI-4523","superficie":"asphalt"},"geometry":{"type":"LineString","coordinates":[[-2.75254,43.09886],[-2.75252,43.09891],[-2.75248,43.09895],[-2.75242,43.09898],[-2.75234,43.09901],[-2.75227,43.09903],[-2.7521,43.09905],[-2.75197,43.09907],[-2.75189,43.09909],[-2.75181,43.09913],[-2.75175,43.09918],[-2.75165,43.09931],[-2.75161,43.09938],[-2.75159,43.09947],[-2.75158,43.09959],[-2.75158,43.09972],[-2.75157,43.0999],[-2.75157,43.10002],[-2.75158,43.10032],[-2.75158,43.1004],[-2.75155,43.10044],[-2.75151,43.10049],[-2.75145,43.10053],[-2.75139,43.10055],[-2.75134,43.10055],[-2.75128,43.10055],[-2.75121,43.10053],[-2.75117,43.10052],[-2.75112,43.10049],[-2.75106,43.10044],[-2.751,43.10035],[-2.75093,43.10023],[-2.75079,43.10009],[-2.75069,43.10002],[-2.75062,43.09997],[-2.75059,43.09995],[-2.75037,43.09982],[-2.75024,43.09974],[-2.75015,43.09966],[-2.7501,43.09961],[-2.75007,43.09956],[-2.75002,43.09949],[-2.74998,43.09941],[-2.74995,43.09926],[-2.74993,43.09923],[-2.74989,43.09921],[-2.74983,43.09922]]}},{"type":"Feature","properties":{"id":119172606,"highway":"track"},"geometry":{"type":"LineString","coordinates":[[-2.77211,43.07915],[-2.77207,43.07918],[-2.77205,43.07922],[-2.77202,43.07926],[-2.77198,43.07928],[-2.77194,43.07928],[-2.77183,43.07922],[-2.77161,43.0791],[-2.77146,43.07905],[-2.77136,43.07904],[-2.77127,43.07904],[-2.77119,43.07906],[-2.7711,43.0791],[-2.77104,43.07917],[-2.77101,43.07921],[-2.77092,43.07927],[-2.77081,43.07934],[-2.77075,43.0794],[-2.77071,43.07946],[-2.77073,43.07969],[-2.77081,43.08003],[-2.77084,43.08011],[-2.77096,43.08025],[-2.77121,43.08048],[-2.77142,43.08071],[-2.77151,43.08083],[-2.77155,43.08086],[-2.77163,43.0809],[-2.77177,43.08098],[-2.77201,43.08112],[-2.77239,43.08128],[-2.77289,43.08136],[-2.77303,43.08138],[-2.77313,43.08143],[-2.77319,43.08154],[-2.77315,43.08164],[-2.77293,43.08178],[-2.77281,43.0818],[-2.77266,43.08183],[-2.77234,43.08193],[-2.77224,43.08196],[-2.77175,43.08209],[-2.77153,43.08218],[-2.77112,43.08244],[-2.77107,43.08253],[-2.77102,43.08265],[-2.77102,43.08274],[-2.77103,43.08281],[-2.77104,43.08288],[-2.77103,43.08297],[-2.77099,43.08309],[-2.77094,43.08322],[-2.77087,43.0833],[-2.77076,43.08346],[-2.77066,43.0836],[-2.77052,43.08379],[-2.77035,43.08398],[-2.77024,43.08413],[-2.77016,43.08422],[-2.77012,43.0843],[-2.77015,43.08441],[-2.77023,43.08466],[-2.77034,43.08492],[-2.77043,43.0851],[-2.77048,43.08517],[-2.77047,43.08526],[-2.77049,43.08537],[-2.77056,43.08554],[-2.77066,43.08573],[-2.77074,43.08587],[-2.7709,43.08615],[-2.77103,43.08627],[-2.77114,43.08635],[-2.77132,43.08642],[-2.77154,43.08654],[-2.77157,43.08656],[-2.77155,43.0866],[-2.77146,43.08662],[-2.77121,43.08662],[-2.77067,43.08661],[-2.77055,43.0866],[-2.77019,43.08653],[-2.7701,43.08655],[-2.7698,43.0865],[-2.76941,43.0864],[-2.76917,43.08635],[-2.76901,43.08636],[-2.76867,43.08641],[-2.76838,43.08644],[-2.76828,43.08644],[-2.7681,43.08642],[-2.76783,43.08634],[-2.76743,43.08621],[-2.76722,43.08611],[-2.76703,43.08599],[-2.76695,43.08592],[-2.76688,43.08583],[-2.76684,43.08567],[-2.76682,43.08558],[-2.76685,43.08544],[-2.76683,43.08536],[-2.76678,43.0853],[-2.76673,43.0853],[-2.76661,43.08533],[-2.76637,43.08539],[-2.76604,43.0855],[-2.76593,43.0855],[-2.76579,43.08548],[-2.76538,43.08546]]}},{"type":"Feature","properties":{"id":119173223,"highway":"track","superficie":"ground"},"geometry":{"type":"LineString","coordinates":[[-2.77361,43.07012],[-2.77353,43.07019],[-2.77342,43.07026],[-2.77336,43.07029],[-2.77333,43.07034],[-2.77332,43.07054],[-2.7733,43.07066],[-2.77324,43.07079],[-2.77323,43.07083],[-2.77324,43.07093],[-2.77326,43.07102],[-2.77335,43.07114],[-2.77343,43.07126],[-2.77347,43.07131]]}},{"type":"Feature","properties":{"id":119174151,"highway":"track"},"geometry":{"type":"LineString","coordinates":[[-2.76138,43.07495],[-2.76156,43.07497],[-2.76177,43.07501]]}},{"type":"Feature","properties":{"id":119174595,"highway":"path"},"geometry":{"type":"LineString","coordinates":[[-2.76759,43.07985],[-2.76729,43.07982],[-2.76706,43.07978],[-2.76689,43.07976],[-2.76654,43.07981],[-2.76615,43.07983],[-2.76574,43.07971],[-2.76558,43.07966],[-2.7654,43.07947]]}},{"type":"Feature","properties":{"id":139596882,"highway":"track"},"geometry":{"type":"LineString","coordinates":[[-2.73392,43.04619],[-2.73369,43.04641],[-2.73336,43.04669],[-2.73331,43.04683],[-2.73324,43.04694],[-2.73302,43.04695],[-2.73278,43.04693],[-2.73261,43.04689],[-2.73242,43.04682],[-2.7322,43.04677],[-2.73203,43.04673],[-2.73185,43.04674],[-2.73166,43.04676]]}},{"type":"Feature","properties":{"id":139599601,"highway":"track"},"geometry":{"type":"LineString","coordinates":[[-2.73284,43.04635],[-2.7328,43.04629],[-2.7327,43.04614]]}},{"type":"Feature","properties":{"id":139599605,"highway":"track"},"geometry":{"type":"LineString","coordinates":[[-2.73166,43.04676],[-2.73143,43.04696],[-2.73128,43.04714],[-2.73114,43.04731],[-2.73105,43.04748],[-2.73102,43.04755],[-2.73101,43.04771],[-2.73099,43.04777],[-2.73097,43.04782],[-2.73086,43.04801],[-2.73082,43.04812],[-2.73079,43.04827],[-2.73069,43.04839],[-2.7306,43.04851],[-2.7305,43.04868],[-2.73046,43.04876],[-2.73043,43.04885],[-2.73042,43.04911],[-2.7304,43.04921],[-2.73033,43.04935],[-2.73032,43.0494],[-2.73033,43.0495],[-2.73035,43.04961],[-2.73034,43.04969],[-2.73031,43.04989],[-2.73029,43.04997],[-2.73016,43.05026],[-2.73009,43.05036],[-2.73003,43.05042],[-2.72994,43.05047],[-2.72984,43.05048],[-2.72978,43.05049],[-2.72958,43.05047],[-2.72948,43.05047]]}},{"type":"Feature","properties":{"id":139599608,"highway":"track"},"geometry":{"type":"LineString","coordinates":[[-2.72941,43.05052],[-2.72944,43.05056],[-2.72945,43.05059],[-2.72948,43.05062],[-2.72957,43.05076],[-2.72963,43.05089],[-2.72978,43.05127],[-2.72981,43.0513],[-2.72985,43.05134]]}},{"type":"Feature","properties":{"id":139599620,"highway":"track"},"geometry":{"type":"LineString","coordinates":[[-2.72321,43.03798],[-2.72325,43.03808],[-2.72332,43.03821],[-2.72344,43.0384],[-2.72351,43.03852],[-2.72371,43.03886],[-2.72379,43.03896],[-2.72391,43.03909],[-2.72411,43.03926],[-2.72443,43.0395],[-2.72467,43.03967],[-2.72494,43.03986],[-2.72527,43.04005],[-2.7256,43.04021],[-2.72589,43.04031],[-2.72598,43.04037],[-2.72618,43.04051],[-2.72642,43.04072],[-2.72664,43.04087],[-2.7267,43.04095],[-2.72667,43.0411],[-2.72671,43.04122],[-2.72679,43.04135],[-2.72688,43.04156],[-2.72696,43.04173],[-2.72721,43.04191],[-2.72747,43.04207],[-2.72778,43.04225],[-2.72809,43.04254],[-2.72834,43.04272],[-2.72869,43.04291],[-2.72894,43.04313],[-2.72916,43.04344],[-2.7293,43.0437],[-2.72927,43.04389],[-2.72921,43.04409],[-2.72908,43.04429],[-2.72901,43.04439],[-2.72888,43.04452],[-2.72873,43.04464],[-2.7286,43.04479],[-2.72859,43.04485],[-2.72861,43.0449],[-2.72861,43.04499],[-2.72859,43.04511],[-2.72855,43.04522],[-2.72854,43.04528],[-2.72856,43.04537],[-2.72855,43.04545],[-2.72855,43.04552],[-2.72846,43.04565],[-2.7284,43.04579],[-2.72835,43.04588],[-2.72825,43.04596],[-2.72814,43.04608],[-2.72807,43.04616]]}},{"type":"Feature","properties":{"id":139599622,"highway":"path"},"geometry":{"type":"LineString","coordinates":[[-2.7327,43.04614],[-2.73289,43.04613],[-2.73309,43.04611],[-2.73334,43.046],[-2.73354,43.04589],[-2.73383,43.04577],[-2.734,43.04574],[-2.73422,43.04568]]}},{"type":"Feature","properties":{"id":139599626,"highway":"track"},"geometry":{"type":"LineString","coordinates":[[-2.73845,43.05504],[-2.73832,43.0551],[-2.73825,43.05511],[-2.7381,43.05512],[-2.73794,43.05512],[-2.7376,43.05522]]}},{"type":"Feature","properties":{"id":139599627,"highway":"track"},"geometry":{"type":"LineString","coordinates":[[-2.7327,43.04614],[-2.73255,43.04617],[-2.73229,43.04626],[-2.73213,43.04637],[-2.73183,43.04658],[-2.73166,43.04676]]}},{"type":"Feature","properties":{"id":139600497,"highway":"track"},"geometry":{"type":"LineString","coordinates":[[-2.73422,43.04568],[-2.73422,43.04557],[-2.73421,43.04544],[-2.73423,43.04528],[-2.73427,43.04522],[-2.73433,43.0452],[-2.73439,43.04521],[-2.73452,43.04529],[-2.73475,43.04542],[-2.73486,43.04544],[-2.73495,43.04543],[-2.73515,43.04541],[-2.73529,43.04538],[-2.73533,43.04537],[-2.73552,43.0453],[-2.73585,43.04516],[-2.73603,43.04507],[-2.73626,43.04493],[-2.73677,43.0446],[-2.73723,43.04431],[-2.73748,43.04419],[-2.73771,43.04409],[-2.73783,43.04405],[-2.73794,43.04405],[-2.73807,43.04405],[-2.73811,43.04403]]}},{"type":"Feature","properties":{"id":139602901,"highway":"path"},"geometry":{"type":"LineString","coordinates":[[-2.75991,43.04443],[-2.75975,43.04446],[-2.75962,43.0445],[-2.75954,43.04453],[-2.75938,43.04464],[-2.75928,43.0447],[-2.75928,43.04473],[-2.75928,43.04481],[-2.7593,43.04489],[-2.75928,43.04491],[-2.75919,43.04492],[-2.75914,43.04494],[-2.75907,43.04499],[-2.75902,43.04501]]}},{"type":"Feature","properties":{"id":139602903,"highway":"path","nombre":"Atxuriko pasabidea","izena_eu":"Atxuriko pasabidea","nombre_es":"Paso de Atxuri"},"geometry":{"type":"LineString","coordinates":[[-2.74405,43.04224],[-2.744,43.04228],[-2.74395,43.04225],[-2.74393,43.04227],[-2.74393,43.04231],[-2.7439,43.04231],[-2.74384,43.0423],[-2.74382,43.04232],[-2.74384,43.04235],[-2.74383,43.04237],[-2.74375,43.04238],[-2.74375,43.0424],[-2.74378,43.04241],[-2.74383,43.04242],[-2.74384,43.04246],[-2.74384,43.04247],[-2.7438,43.04248],[-2.74374,43.04247],[-2.74373,43.0425],[-2.74363,43.04248],[-2.74359,43.04248],[-2.74356,43.04252],[-2.74353,43.04255],[-2.74346,43.04267],[-2.74342,43.04271],[-2.74334,43.04272],[-2.74309,43.04265],[-2.74275,43.04254],[-2.74257,43.04248],[-2.74223,43.04244],[-2.74205,43.0424],[-2.74161,43.04229]]}},{"type":"Feature","properties":{"id":139602906,"highway":"path"},"geometry":{"type":"LineString","coordinates":[[-2.73811,43.04403],[-2.73826,43.04385],[-2.73839,43.04379],[-2.73864,43.04364],[-2.73885,43.04357],[-2.73893,43.04352],[-2.73896,43.04343],[-2.73896,43.04332],[-2.73899,43.04324],[-2.73915,43.04314],[-2.73932,43.04313],[-2.73951,43.04306]]}},{"type":"Feature","properties":{"id":139602911,"highway":"path"},"geometry":{"type":"LineString","coordinates":[[-2.73811,43.04403],[-2.73819,43.04377],[-2.73821,43.04354],[-2.73836,43.04331],[-2.73844,43.04324],[-2.7386,43.04297],[-2.73871,43.04287],[-2.73884,43.04277],[-2.73893,43.04271]]}},{"type":"Feature","properties":{"id":139602913,"highway":"path"},"geometry":{"type":"LineString","coordinates":[[-2.74161,43.04229],[-2.74145,43.04223],[-2.74123,43.04225],[-2.7411,43.0422],[-2.74102,43.0422],[-2.74096,43.04216],[-2.74091,43.04216],[-2.74087,43.04219],[-2.74086,43.04222],[-2.74088,43.04227],[-2.7409,43.04231],[-2.74096,43.04237],[-2.74093,43.04241],[-2.74084,43.04245],[-2.74068,43.04251],[-2.74054,43.04253],[-2.74044,43.04256],[-2.74041,43.04257],[-2.74046,43.04264],[-2.74049,43.04272],[-2.74055,43.04282],[-2.74052,43.04288],[-2.74038,43.0429],[-2.74026,43.04288],[-2.74015,43.04286]]}},{"type":"Feature","properties":{"id":139602920,"highway":"track"},"geometry":{"type":"LineString","coordinates":[[-2.73951,43.04306],[-2.7395,43.04302],[-2.73935,43.04292],[-2.73893,43.04271],[-2.73891,43.04264],[-2.73896,43.04261],[-2.73903,43.04261],[-2.73934,43.04264],[-2.73979,43.04279],[-2.73998,43.04285],[-2.74015,43.04286]]}},{"type":"Feature","properties":{"id":139604154,"highway":"path"},"geometry":{"type":"LineString","coordinates":[[-2.75902,43.04501],[-2.75887,43.04501],[-2.75876,43.04506],[-2.75864,43.04507],[-2.75852,43.04506],[-2.75795,43.04529],[-2.75758,43.04535],[-2.75703,43.04526],[-2.75684,43.04526],[-2.75648,43.04516],[-2.75645,43.04514],[-2.75644,43.04509],[-2.75641,43.04506],[-2.75615,43.04501],[-2.75591,43.04488],[-2.75554,43.04472],[-2.75545,43.04467],[-2.7553,43.0446],[-2.75491,43.0445],[-2.75434,43.0443],[-2.75411,43.04417],[-2.75372,43.04396],[-2.75359,43.0439],[-2.75331,43.0438],[-2.75266,43.04355],[-2.75251,43.04347]]}},{"type":"Feature","properties":{"id":139604156,"highway":"path"},"geometry":{"type":"LineString","coordinates":[[-2.76191,43.04389],[-2.76197,43.04387],[-2.76209,43.04377],[-2.76225,43.04361],[-2.76226,43.04357],[-2.7624,43.04346],[-2.7625,43.04342],[-2.76264,43.04341],[-2.76293,43.04335],[-2.76328,43.04329],[-2.76339,43.04329],[-2.7636,43.04324],[-2.76367,43.04317],[-2.76381,43.04311],[-2.76385,43.04312],[-2.76408,43.04308],[-2.76445,43.04296],[-2.7648,43.04291],[-2.76492,43.04287],[-2.76503,43.04287],[-2.76515,43.04288],[-2.76524,43.04283],[-2.76533,43.04285],[-2.76539,43.04283],[-2.76547,43.04286],[-2.76554,43.04285],[-2.7656,43.04287],[-2.76562,43.04292],[-2.76557,43.04301],[-2.76559,43.04304],[-2.76568,43.043],[-2.76576,43.04293],[-2.7658,43.04288],[-2.76588,43.04285],[-2.76592,43.04283]]}},{"type":"Feature","properties":{"id":139608026,"highway":"path"},"geometry":{"type":"LineString","coordinates":[[-2.77617,43.03829],[-2.77627,43.03834],[-2.77645,43.03838],[-2.77651,43.03853],[-2.77667,43.03864],[-2.777,43.03881],[-2.77723,43.03895],[-2.77742,43.03899],[-2.77758,43.03899],[-2.77769,43.03896],[-2.7778,43.03902],[-2.77803,43.0392]]}},{"type":"Feature","properties":{"id":139608029,"highway":"path"},"geometry":{"type":"LineString","coordinates":[[-2.77687,43.03988],[-2.77698,43.03985],[-2.77707,43.03979],[-2.7772,43.03975],[-2.77745,43.03961],[-2.77748,43.03955],[-2.77756,43.03953],[-2.7776,43.03949],[-2.7776,43.03945],[-2.77759,43.03938],[-2.7776,43.03935],[-2.77767,43.03932],[-2.77775,43.03933],[-2.77782,43.03931],[-2.77788,43.03925],[-2.77803,43.0392],[-2.77815,43.03912],[-2.77838,43.03892],[-2.77842,43.03881],[-2.77842,43.0387],[-2.77851,43.0386],[-2.77865,43.03854],[-2.77883,43.03847],[-2.77899,43.03841]]}},{"type":"Feature","properties":{"id":147282206,"highway":"path"},"geometry":{"type":"LineString","coordinates":[[-2.76249,43.028],[-2.76246,43.02796],[-2.76246,43.02791],[-2.76259,43.02786],[-2.76264,43.02781],[-2.76262,43.02776],[-2.76255,43.02776],[-2.76252,43.02774],[-2.7625,43.02772]]}},{"type":"Feature","properties":{"id":147282211,"highway":"path","nombre":"Gorbeiako bidexka Dulautik","izena_eu":"Gorbeiako bidexka Dulautik","nombre_es":"Senda a Gorbea por Dulao"},"geometry":{"type":"LineString","coordinates":[[-2.77128,43.03706],[-2.77116,43.03695],[-2.77104,43.03692],[-2.77078,43.03687],[-2.77037,43.03675],[-2.76989,43.03651],[-2.76954,43.03628],[-2.76915,43.03603],[-2.76899,43.03587],[-2.76882,43.03577],[-2.76878,43.03575],[-2.76865,43.03568],[-2.76847,43.03566],[-2.76827,43.03561],[-2.7681,43.0355],[-2.76787,43.03536],[-2.76769,43.03524],[-2.76746,43.03519],[-2.76737,43.03513],[-2.7671,43.03507],[-2.76685,43.03501],[-2.76665,43.03496],[-2.76652,43.0349],[-2.76637,43.03483],[-2.76632,43.03481],[-2.76606,43.03465],[-2.76582,43.03446],[-2.76502,43.034],[-2.76486,43.03387],[-2.76478,43.03378],[-2.76462,43.03359],[-2.76462,43.03353],[-2.76467,43.03347],[-2.76473,43.03334],[-2.76475,43.03322],[-2.76472,43.03315],[-2.76466,43.03309],[-2.76458,43.03301],[-2.76445,43.03292],[-2.76431,43.03282],[-2.76421,43.03273],[-2.76412,43.03269],[-2.76383,43.03253],[-2.76361,43.03236],[-2.76347,43.03222],[-2.76332,43.03212],[-2.76315,43.03204],[-2.76284,43.03186],[-2.76279,43.03178],[-2.76273,43.03171],[-2.76245,43.03149],[-2.76242,43.03141],[-2.76233,43.03132],[-2.76224,43.03116],[-2.76217,43.03104],[-2.76217,43.03098],[-2.76216,43.03074],[-2.76215,43.03043],[-2.76219,43.03029],[-2.76219,43.03013],[-2.76227,43.02982],[-2.76232,43.02935],[-2.76235,43.02914],[-2.76239,43.02896],[-2.76246,43.02881],[-2.76245,43.02867],[-2.76246,43.02861],[-2.76248,43.02855],[-2.76248,43.02846],[-2.76246,43.02838],[-2.76243,43.02829],[-2.76241,43.02821],[-2.76243,43.02815],[-2.76245,43.02808],[-2.76249,43.028]]}},{"type":"Feature","properties":{"id":165213028,"highway":"path"},"geometry":{"type":"MultiLineString","coordinates":[[[-2.7602,43.03294],[-2.75998,43.03268],[-2.75984,43.03252],[-2.75974,43.03237],[-2.75964,43.03222],[-2.75949,43.03206],[-2.75932,43.0319],[-2.75912,43.03175],[-2.75897,43.03161],[-2.75895,43.03147],[-2.75904,43.03142],[-2.75911,43.03126],[-2.75939,43.03097],[-2.75963,43.03073],[-2.75967,43.03062],[-2.75964,43.03051],[-2.75952,43.03009],[-2.7595,43.02981],[-2.75943,43.02958],[-2.75939,43.02929],[-2.75943,43.02911],[-2.75955,43.02899],[-2.75964,43.02888],[-2.75967,43.02873],[-2.75977,43.02854],[-2.7598,43.02849],[-2.75996,43.02839],[-2.76005,43.02833],[-2.76012,43.02828],[-2.76015,43.02825],[-2.76024,43.02823]],[[-2.76037,43.02822],[-2.76041,43.02823],[-2.76051,43.02825],[-2.76052,43.0282],[-2.76052,43.02818],[-2.76052,43.02818]],[[-2.76074,43.0281],[-2.76087,43.02808],[-2.76097,43.02808],[-2.76107,43.02801],[-2.76127,43.02788],[-2.76148,43.02785],[-2.7616,43.02803],[-2.76183,43.02797],[-2.76224,43.02792],[-2.76241,43.02795],[-2.76246,43.02796]]]}},{"type":"Feature","properties":{"id":177999750,"highway":"track","superficie":"fine_gravel"},"geometry":{"type":"LineString","coordinates":[[-2.71211,43.04931],[-2.71214,43.04914],[-2.7122,43.0489],[-2.71228,43.04868],[-2.71235,43.04848],[-2.71244,43.04833],[-2.71256,43.04811],[-2.71261,43.04793],[-2.71265,43.04775],[-2.71267,43.0476],[-2.7127,43.04746],[-2.71271,43.04732],[-2.71273,43.04721],[-2.71274,43.04703],[-2.71274,43.04684],[-2.71278,43.04662],[-2.71285,43.04637],[-2.7129,43.04614],[-2.71292,43.04589],[-2.71294,43.04573],[-2.71296,43.04562],[-2.71301,43.04546],[-2.71304,43.04534],[-2.71302,43.04524],[-2.71302,43.04507],[-2.71306,43.04483],[-2.71313,43.04469],[-2.71322,43.0446],[-2.71335,43.04446],[-2.71354,43.0443],[-2.71375,43.04411],[-2.71391,43.04399],[-2.71404,43.04392],[-2.7142,43.04383]]}},{"type":"Feature","properties":{"id":178000220,"highway":"track"},"geometry":{"type":"LineString","coordinates":[[-2.7174,43.04007],[-2.71703,43.04023],[-2.71676,43.04037],[-2.71644,43.04047],[-2.71622,43.04047],[-2.71591,43.04058],[-2.71572,43.04071],[-2.71561,43.04083],[-2.71553,43.04097],[-2.71546,43.04113],[-2.71535,43.04115],[-2.71525,43.04113],[-2.71521,43.04115]]}},{"type":"Feature","properties":{"id":178001233,"highway":"path"},"geometry":{"type":"LineString","coordinates":[[-2.70763,43.03769],[-2.70759,43.03751],[-2.70757,43.03731],[-2.70756,43.03708],[-2.70754,43.03679],[-2.70749,43.03662],[-2.70749,43.03646],[-2.70741,43.03615],[-2.70731,43.03587],[-2.70728,43.03577],[-2.70731,43.0356],[-2.70731,43.03553],[-2.70732,43.03543],[-2.70734,43.03534]]}},{"type":"Feature","properties":{"id":178001296,"highway":"track"},"geometry":{"type":"LineString","coordinates":[[-2.70917,43.03517],[-2.70918,43.03525],[-2.70918,43.03535],[-2.70908,43.03568],[-2.70895,43.03603],[-2.70889,43.03644],[-2.70901,43.03673],[-2.70919,43.03703],[-2.70934,43.03737],[-2.70947,43.03776],[-2.70958,43.03805],[-2.70988,43.03861],[-2.70994,43.03873],[-2.70995,43.03883],[-2.70994,43.0389]]}},{"type":"Feature","properties":{"id":178001297,"highway":"path"},"geometry":{"type":"LineString","coordinates":[[-2.70958,43.03805],[-2.70977,43.03822],[-2.70982,43.03825],[-2.70988,43.03829],[-2.70992,43.03831],[-2.70998,43.03834],[-2.71002,43.03835],[-2.71006,43.03835],[-2.71012,43.03836]]}},{"type":"Feature","properties":{"id":178002046,"highway":"unclassified","nombre":"San Juan auzoa"},"geometry":{"type":"MultiLineString","coordinates":[[[-2.70018,43.03362],[-2.70025,43.03368],[-2.7004,43.03377],[-2.70053,43.03381],[-2.70076,43.03383],[-2.7009,43.03383],[-2.70099,43.03381]],[[-2.7064,43.03618],[-2.7069,43.03636],[-2.70705,43.03644],[-2.70712,43.03651],[-2.70729,43.03685],[-2.70746,43.03728],[-2.70753,43.03748],[-2.70763,43.03769]]]}},{"type":"Feature","properties":{"id":178014893,"highway":"track","nombre":"Camino a Arralde"},"geometry":{"type":"LineString","coordinates":[[-2.71557,43.03415],[-2.7155,43.03418],[-2.71534,43.03424]]}},{"type":"Feature","properties":{"id":178015977,"highway":"track"},"geometry":{"type":"LineString","coordinates":[[-2.71098,43.03861],[-2.71112,43.03859],[-2.71127,43.03859],[-2.71134,43.03861],[-2.71145,43.03861],[-2.71158,43.0386],[-2.71172,43.03858],[-2.71187,43.03854],[-2.71201,43.03848],[-2.71215,43.03843],[-2.71226,43.03842],[-2.71255,43.03852],[-2.71275,43.03859],[-2.71292,43.03868],[-2.71321,43.0389],[-2.71338,43.03909],[-2.71357,43.03929],[-2.71379,43.03948],[-2.71401,43.03967],[-2.71412,43.03974],[-2.71425,43.03981],[-2.71442,43.03988],[-2.71463,43.03993],[-2.7149,43.04001]]}},{"type":"Feature","properties":{"id":178016903,"highway":"path"},"geometry":{"type":"LineString","coordinates":[[-2.70734,43.03534],[-2.70741,43.03527],[-2.7075,43.03514],[-2.70755,43.03508],[-2.70762,43.03507],[-2.70771,43.03505],[-2.70776,43.03502],[-2.70787,43.03497],[-2.70803,43.03498],[-2.70834,43.03501],[-2.70864,43.03504],[-2.70889,43.03508],[-2.70911,43.03513],[-2.70917,43.03517]]}},{"type":"Feature","properties":{"id":178019521,"highway":"path","nombre":"Bastelarrara bidexka"},"geometry":{"type":"LineString","coordinates":[[-2.72108,43.04121],[-2.72104,43.04121],[-2.72095,43.04119],[-2.7209,43.04118],[-2.72084,43.04115],[-2.72079,43.0411],[-2.72069,43.04106],[-2.7206,43.04101],[-2.72053,43.04102],[-2.72047,43.04094],[-2.72038,43.04089],[-2.72026,43.04085],[-2.72006,43.04076],[-2.72004,43.04085],[-2.71997,43.04081],[-2.71991,43.04079],[-2.71982,43.0408],[-2.71972,43.04077],[-2.71959,43.04076],[-2.71948,43.04074],[-2.71938,43.04075],[-2.71926,43.04074],[-2.71919,43.04074],[-2.71902,43.04073],[-2.71887,43.0407],[-2.71875,43.04066],[-2.71867,43.04067],[-2.71859,43.04063],[-2.71851,43.04063],[-2.71843,43.04061],[-2.71838,43.04062],[-2.71833,43.0406],[-2.71824,43.04061],[-2.71814,43.04059],[-2.71808,43.04057],[-2.71802,43.04057],[-2.71793,43.04055],[-2.71782,43.04056],[-2.71771,43.04055],[-2.71762,43.04054],[-2.71753,43.04055],[-2.71731,43.04051],[-2.71708,43.04049],[-2.71694,43.0405],[-2.7168,43.0405]]}},{"type":"Feature","properties":{"id":196028494,"highway":"trunk","nombre":"Tarragona-Bilbo errepidea","izena_eu":"Tarragona-Bilbo errepidea","nombre_es":"Carretera Tarragona-Bilbao","ref":"N-240"},"geometry":{"type":"MultiLineString","coordinates":[[[-2.76561,43.11392],[-2.76551,43.11382],[-2.76551,43.11382]],[[-2.76523,43.11362],[-2.76516,43.11358]],[[-2.76386,43.11303],[-2.76271,43.11255],[-2.76163,43.11212],[-2.76017,43.11155],[-2.75992,43.11146],[-2.7597,43.11135],[-2.75947,43.11121],[-2.75926,43.11107],[-2.75903,43.11091],[-2.7585,43.11055],[-2.75734,43.10977],[-2.75728,43.10973],[-2.75704,43.10957],[-2.75681,43.10938],[-2.75661,43.1092],[-2.75644,43.10901],[-2.75616,43.10867],[-2.75593,43.10842],[-2.75571,43.1082],[-2.7552,43.1077],[-2.75446,43.10698],[-2.7541,43.10663],[-2.75396,43.10649],[-2.7538,43.10637],[-2.75365,43.10627],[-2.75301,43.10585],[-2.75223,43.10536],[-2.7521,43.10527],[-2.75195,43.10517],[-2.75184,43.10507],[-2.75174,43.10497],[-2.75166,43.10487],[-2.75159,43.10475],[-2.75154,43.1046],[-2.75147,43.1044]]]}},{"type":"Feature","properties":{"id":196028495,"highway":"trunk","nombre":"Ugarte auzoa","ref":"N-240"},"geometry":{"type":"MultiLineString","coordinates":[[[-2.76588,43.12194],[-2.76588,43.12193],[-2.76592,43.12154],[-2.76593,43.12148],[-2.766,43.12082],[-2.76603,43.12063]],[[-2.76621,43.11896],[-2.76621,43.11859],[-2.7662,43.11736],[-2.7662,43.11654],[-2.76619,43.11639]]]}},{"type":"Feature","properties":{"id":196028512,"highway":"tertiary","nombre":"San Isidro kalea"},"geometry":{"type":"LineString","coordinates":[[-2.74964,43.09856],[-2.74961,43.09847],[-2.7496,43.09844],[-2.74956,43.09829],[-2.74952,43.09816],[-2.74951,43.09809],[-2.74947,43.09792],[-2.7494,43.09771],[-2.74921,43.09696],[-2.7491,43.09648],[-2.74883,43.096],[-2.74882,43.09597],[-2.74878,43.09584],[-2.74874,43.09558],[-2.74873,43.09516],[-2.74877,43.09506],[-2.7489,43.09493],[-2.74906,43.09482],[-2.74917,43.09472],[-2.74932,43.09453]]}},{"type":"Feature","properties":{"id":196028513,"highway":"tertiary","nombre":"San Isidro kalea","puente":"yes"},"geometry":{"type":"LineString","coordinates":[[-2.74969,43.09873],[-2.74967,43.09868],[-2.74964,43.09856]]}},{"type":"Feature","properties":{"id":196081814,"highway":"trunk","nombre":"Tarragona-Bilbo errepidea","izena_eu":"Tarragona-Bilbo errepidea","nombre_es":"Carretera Tarragona-Bilbao","ref":"N-240"},"geometry":{"type":"LineString","coordinates":[[-2.73696,43.08435],[-2.73691,43.08424],[-2.73683,43.08412],[-2.73673,43.08399],[-2.73666,43.08392],[-2.73658,43.08384],[-2.73646,43.08377],[-2.736,43.08349],[-2.73595,43.08345],[-2.73591,43.0834],[-2.73587,43.08334],[-2.73583,43.08327],[-2.73582,43.0832],[-2.7358,43.08312],[-2.73577,43.08282],[-2.73575,43.08274],[-2.73572,43.08268],[-2.73569,43.08263],[-2.73562,43.08257],[-2.73554,43.08253],[-2.73543,43.08249],[-2.73468,43.08225],[-2.73458,43.08223],[-2.73447,43.0822],[-2.73432,43.08218],[-2.73394,43.08216],[-2.73352,43.08214],[-2.73334,43.08212],[-2.73322,43.0821],[-2.73309,43.08208],[-2.73294,43.08203],[-2.73183,43.08164],[-2.73165,43.08158],[-2.73155,43.08156],[-2.73144,43.08155],[-2.73134,43.08156],[-2.73124,43.08157],[-2.73031,43.08176],[-2.72997,43.08184],[-2.72986,43.08187],[-2.72971,43.08192],[-2.72939,43.08207],[-2.72929,43.0821],[-2.72919,43.08211],[-2.7291,43.08211],[-2.72901,43.0821],[-2.72889,43.08206],[-2.72861,43.08195],[-2.7285,43.08192],[-2.72839,43.0819],[-2.72827,43.08189],[-2.72814,43.08189],[-2.72737,43.08192],[-2.72717,43.08194],[-2.72705,43.08196],[-2.72694,43.08199],[-2.7268,43.08204],[-2.72639,43.08227],[-2.72584,43.08257],[-2.72573,43.08262],[-2.72563,43.08265],[-2.72556,43.08266],[-2.72548,43.08266],[-2.7254,43.08265],[-2.7253,43.08261],[-2.72522,43.08256],[-2.72506,43.08245],[-2.72494,43.08237],[-2.72484,43.08232],[-2.72473,43.08228],[-2.7246,43.08225],[-2.72446,43.08224],[-2.72369,43.08217],[-2.72347,43.08215],[-2.7233,43.08216],[-2.72315,43.08216],[-2.72241,43.08222],[-2.72228,43.08223],[-2.72217,43.08223],[-2.72195,43.08221],[-2.72175,43.0822],[-2.72163,43.08218],[-2.72154,43.08217],[-2.72147,43.08214],[-2.72139,43.0821],[-2.72131,43.08204],[-2.72025,43.08117],[-2.71995,43.08094],[-2.71976,43.08082],[-2.71961,43.08073],[-2.71942,43.08067],[-2.71924,43.08063],[-2.71905,43.08059],[-2.71889,43.08058],[-2.71873,43.08057],[-2.71856,43.08055],[-2.71844,43.08053],[-2.71827,43.08048],[-2.71813,43.08044],[-2.71796,43.08041],[-2.71779,43.08038],[-2.71747,43.08036],[-2.71698,43.08034]]}},{"type":"Feature","properties":{"id":196084214,"highway":"unclassified","oneway":"yes"},"geometry":{"type":"LineString","coordinates":[[-2.73939,43.0883],[-2.73941,43.08835],[-2.73941,43.08838],[-2.73938,43.08841]]}},{"type":"Feature","properties":{"id":196084215,"highway":"unclassified","nombre":"Altzusta auzoa"},"geometry":{"type":"LineString","coordinates":[[-2.73938,43.08841],[-2.73923,43.0884],[-2.73907,43.08843],[-2.73899,43.08847],[-2.73896,43.08852],[-2.73899,43.08862],[-2.73931,43.08906],[-2.73939,43.08926],[-2.7394,43.08949],[-2.73929,43.08958],[-2.73926,43.08965],[-2.73927,43.08972],[-2.7393,43.08981],[-2.73935,43.08988],[-2.73935,43.09],[-2.73929,43.09021],[-2.73929,43.09033],[-2.73933,43.0904],[-2.73946,43.09061],[-2.73955,43.09068],[-2.7398,43.09073],[-2.73996,43.09072],[-2.74021,43.0907],[-2.74037,43.09074],[-2.74045,43.09079],[-2.74047,43.09086],[-2.74052,43.09096],[-2.74061,43.09104],[-2.74074,43.09113],[-2.74081,43.09116],[-2.74121,43.09136],[-2.74159,43.09153],[-2.74192,43.09163],[-2.74212,43.09167],[-2.74224,43.09171],[-2.7423,43.09176],[-2.74234,43.09183],[-2.74234,43.09188],[-2.74222,43.09191],[-2.74212,43.09192],[-2.74199,43.09193],[-2.74175,43.09199],[-2.74128,43.09217],[-2.7409,43.0923],[-2.74068,43.09238],[-2.74052,43.09246],[-2.74042,43.09256],[-2.74025,43.0928],[-2.74008,43.09296],[-2.74,43.09305],[-2.73988,43.09311],[-2.7398,43.09315],[-2.73952,43.09323],[-2.73929,43.09332],[-2.7391,43.09335],[-2.73893,43.09333],[-2.73881,43.09329],[-2.73873,43.09325],[-2.73854,43.09316],[-2.73844,43.09307],[-2.73834,43.09297],[-2.73815,43.09285],[-2.73759,43.09267],[-2.73724,43.09251],[-2.73709,43.0924],[-2.73692,43.09223],[-2.73681,43.09211],[-2.73672,43.09197],[-2.73656,43.09177],[-2.73614,43.09138],[-2.73588,43.09118],[-2.73561,43.09102],[-2.73535,43.09093],[-2.73511,43.09091],[-2.73471,43.0909],[-2.73458,43.09085],[-2.73421,43.09063],[-2.73408,43.09059],[-2.73399,43.09054],[-2.73376,43.09046],[-2.73338,43.09027],[-2.73321,43.09016],[-2.73317,43.0901],[-2.73318,43.09006],[-2.73322,43.09001],[-2.73337,43.08992],[-2.73343,43.08984],[-2.73343,43.08981],[-2.73344,43.08974],[-2.7334,43.08965],[-2.7332,43.08939],[-2.73302,43.08905],[-2.73295,43.08885],[-2.7329,43.08867],[-2.7329,43.08855],[-2.73293,43.08848],[-2.73297,43.08846],[-2.733,43.08843],[-2.73311,43.08839],[-2.73333,43.08834],[-2.73418,43.08814],[-2.73433,43.08811],[-2.73439,43.0881],[-2.73462,43.08812],[-2.73469,43.08812],[-2.73477,43.08807],[-2.73478,43.08791],[-2.73479,43.0876],[-2.73483,43.0875],[-2.73498,43.08729],[-2.73495,43.08706],[-2.73495,43.08701],[-2.735,43.08692],[-2.73507,43.08687],[-2.73549,43.08666],[-2.73556,43.08659],[-2.73579,43.0863],[-2.73603,43.08615],[-2.73608,43.0861],[-2.73613,43.08606],[-2.73623,43.08591],[-2.73624,43.08575],[-2.73589,43.08495],[-2.73581,43.0848],[-2.73566,43.0846],[-2.7356,43.08448],[-2.73551,43.08407],[-2.73543,43.08387],[-2.73532,43.08362],[-2.73524,43.08331],[-2.73521,43.08316],[-2.73511,43.08298],[-2.73495,43.0828],[-2.73435,43.08225],[-2.73432,43.08218]]}},{"type":"Feature","properties":{"id":196084216,"highway":"trunk","nombre":"Tarragona-Bilbo errepidea","izena_eu":"Tarragona-Bilbo errepidea","nombre_es":"Carretera Tarragona-Bilbao","ref":"N-240"},"geometry":{"type":"LineString","coordinates":[[-2.73933,43.08742],[-2.7393,43.0873],[-2.73924,43.08697],[-2.73921,43.08686],[-2.73916,43.08675],[-2.73911,43.08666],[-2.73904,43.08657]]}},{"type":"Feature","properties":{"id":196084295,"highway":"trunk","nombre":"Tarragona-Bilbo errepidea","izena_eu":"Tarragona-Bilbo errepidea","nombre_es":"Carretera Tarragona-Bilbao","ref":"N-240"},"geometry":{"type":"LineString","coordinates":[[-2.7395,43.0879],[-2.73944,43.08779],[-2.7394,43.08768],[-2.73936,43.08756],[-2.73933,43.08742]]}},{"type":"Feature","properties":{"id":196084345,"highway":"trunk","nombre":"Tarragona-Bilbo errepidea","izena_eu":"Tarragona-Bilbo errepidea","nombre_es":"Carretera Tarragona-Bilbao","ref":"N-240"},"geometry":{"type":"LineString","coordinates":[[-2.73975,43.08821],[-2.73964,43.0881],[-2.73956,43.088],[-2.7395,43.0879]]}},{"type":"Feature","properties":{"id":196084366,"highway":"trunk","nombre":"Tarragona-Bilbo errepidea","izena_eu":"Tarragona-Bilbo errepidea","nombre_es":"Carretera Tarragona-Bilbao","ref":"N-240"},"geometry":{"type":"LineString","coordinates":[[-2.7401,43.08846],[-2.73997,43.08838],[-2.73986,43.0883],[-2.73975,43.08821]]}},{"type":"Feature","properties":{"id":196084420,"highway":"trunk","nombre":"Tarragona-Bilbo errepidea","izena_eu":"Tarragona-Bilbo errepidea","nombre_es":"Carretera Tarragona-Bilbao","ref":"N-240"},"geometry":{"type":"LineString","coordinates":[[-2.74025,43.08854],[-2.7401,43.08846]]}},{"type":"Feature","properties":{"id":196892565,"highway":"tertiary","ref":"BI-4501"},"geometry":{"type":"LineString","coordinates":[[-2.74884,43.08838],[-2.74852,43.08825],[-2.7478,43.088],[-2.74764,43.0879],[-2.74721,43.08758],[-2.7471,43.08753],[-2.74676,43.08748],[-2.74621,43.08731],[-2.74536,43.08702],[-2.74506,43.08694],[-2.74483,43.0869],[-2.74436,43.08678],[-2.74412,43.08669],[-2.74356,43.08645],[-2.74334,43.08634],[-2.74319,43.08622],[-2.74299,43.08589],[-2.74287,43.08578],[-2.74271,43.0857],[-2.74254,43.08566],[-2.74204,43.08556],[-2.74183,43.08548],[-2.74178,43.08541],[-2.74171,43.08524],[-2.74163,43.08516],[-2.74126,43.08496],[-2.74093,43.08487],[-2.7405,43.08471],[-2.74003,43.08449],[-2.73972,43.08431],[-2.73959,43.0842],[-2.73953,43.08411],[-2.73939,43.08367],[-2.7393,43.08345],[-2.73894,43.08284],[-2.73896,43.08272],[-2.73896,43.08266],[-2.73896,43.08256],[-2.73892,43.08237],[-2.73883,43.08217],[-2.73875,43.08207],[-2.73859,43.08192],[-2.73854,43.08185],[-2.73854,43.0818],[-2.73856,43.08174],[-2.73872,43.08159],[-2.73877,43.08154],[-2.73883,43.08145],[-2.73887,43.08138],[-2.73892,43.08125],[-2.73892,43.08121],[-2.73892,43.08116],[-2.73891,43.08115],[-2.73888,43.08112],[-2.73881,43.0811],[-2.73854,43.08103],[-2.73842,43.08095],[-2.73836,43.08087],[-2.73828,43.08067],[-2.73823,43.08047],[-2.73824,43.08028],[-2.73836,43.07964],[-2.73839,43.07937],[-2.73835,43.07927]]}},{"type":"Feature","properties":{"id":196914523,"highway":"tertiary","nombre":"Ipiñaburu auzoa","ref":"BI-4522"},"geometry":{"type":"LineString","coordinates":[[-2.74407,43.06787],[-2.74331,43.06802],[-2.74321,43.06805],[-2.74273,43.06834],[-2.74259,43.06841],[-2.74223,43.06851],[-2.74198,43.06856],[-2.74137,43.06865],[-2.7412,43.06866],[-2.74096,43.06859],[-2.74082,43.06859],[-2.74067,43.06864],[-2.7406,43.06873],[-2.7406,43.06883],[-2.74078,43.06945],[-2.7408,43.06965],[-2.74068,43.07011],[-2.74068,43.07014],[-2.74049,43.0709],[-2.7404,43.07126],[-2.74033,43.07136]]}},{"type":"Feature","properties":{"id":196934217,"highway":"unclassified","nombre":"Uribe auzoa"},"geometry":{"type":"LineString","coordinates":[[-2.76024,43.10077],[-2.76035,43.10069],[-2.76043,43.10062],[-2.76071,43.10051],[-2.76096,43.10044],[-2.7614,43.10034],[-2.76158,43.10028],[-2.76168,43.1002],[-2.76182,43.09998],[-2.76194,43.09987],[-2.76211,43.09977],[-2.76232,43.09969],[-2.76254,43.09966],[-2.76286,43.09965],[-2.76317,43.09963],[-2.7634,43.09962],[-2.76372,43.09961],[-2.76397,43.09965],[-2.76543,43.10002],[-2.76559,43.10003],[-2.76582,43.10003],[-2.76598,43.10002],[-2.76659,43.09987],[-2.76676,43.09985],[-2.76699,43.09985],[-2.76718,43.09987],[-2.76739,43.09993],[-2.76762,43.10005],[-2.76778,43.10009],[-2.76794,43.10007],[-2.76806,43.1],[-2.76821,43.09987],[-2.76831,43.09977],[-2.76846,43.09958],[-2.76868,43.09922],[-2.76878,43.09914],[-2.76883,43.09911],[-2.76892,43.09907],[-2.76911,43.09903],[-2.76961,43.09899],[-2.77012,43.09898],[-2.77035,43.09897],[-2.77054,43.09894],[-2.77067,43.09888],[-2.77076,43.0988],[-2.7708,43.09868],[-2.77083,43.09851],[-2.77084,43.0982],[-2.77086,43.09792],[-2.7709,43.09784],[-2.77097,43.09781],[-2.7711,43.0978],[-2.77121,43.09785],[-2.77135,43.09795],[-2.77152,43.09811],[-2.77192,43.09848],[-2.77258,43.09911],[-2.77277,43.09923],[-2.77294,43.09928],[-2.77309,43.09927],[-2.77323,43.09919],[-2.77333,43.09904],[-2.77334,43.09896],[-2.77336,43.0987],[-2.77342,43.09854],[-2.77358,43.09813],[-2.77361,43.09793],[-2.77364,43.09765],[-2.7737,43.09752],[-2.77382,43.09741],[-2.77395,43.09736],[-2.77408,43.09737],[-2.7742,43.09744],[-2.77453,43.09779],[-2.77454,43.09781],[-2.77464,43.0979],[-2.7747,43.09805],[-2.77483,43.09871],[-2.77483,43.09891],[-2.77478,43.09906],[-2.77466,43.09922],[-2.77434,43.09957],[-2.77426,43.09969],[-2.77423,43.09987],[-2.77424,43.1],[-2.7744,43.10076],[-2.77438,43.10088],[-2.7743,43.10104],[-2.77422,43.10115],[-2.77405,43.10126],[-2.77372,43.10141],[-2.7734,43.10162]]}},{"type":"Feature","properties":{"id":196953480,"highway":"residential","nombre":"Albakoa auzoa"},"geometry":{"type":"LineString","coordinates":[[-2.74763,43.10096],[-2.74783,43.1006],[-2.74792,43.10046],[-2.74805,43.10035],[-2.74828,43.10022],[-2.74832,43.10016],[-2.7485,43.09993],[-2.74856,43.09978],[-2.74859,43.09967],[-2.74865,43.09966]]}},{"type":"Feature","properties":{"id":196953481,"highway":"unclassified","nombre":"Albakoa auzoa"},"geometry":{"type":"LineString","coordinates":[[-2.74824,43.10116],[-2.74848,43.10066],[-2.74861,43.10023],[-2.74863,43.1],[-2.74865,43.09966],[-2.74862,43.09904],[-2.74862,43.09855],[-2.74869,43.09845]]}},{"type":"Feature","properties":{"id":196953482,"highway":"unclassified","nombre":"Orue auzoa"},"geometry":{"type":"LineString","coordinates":[[-2.74747,43.09887],[-2.74735,43.09896],[-2.74717,43.09901],[-2.74701,43.099],[-2.74687,43.09896],[-2.74672,43.09889],[-2.74655,43.09883],[-2.74638,43.0988],[-2.74613,43.09877],[-2.74599,43.09875],[-2.74523,43.09847],[-2.74509,43.09844],[-2.74495,43.09842],[-2.74437,43.09842],[-2.74421,43.0984],[-2.74402,43.09836],[-2.74332,43.0982],[-2.74311,43.09817],[-2.74234,43.09796],[-2.74215,43.09786],[-2.74203,43.09782],[-2.74199,43.09781],[-2.7419,43.09778],[-2.74165,43.09764],[-2.74102,43.09735],[-2.74086,43.09732],[-2.74058,43.09731],[-2.74021,43.09725],[-2.73997,43.09718],[-2.73977,43.0971]]}},{"type":"Feature","properties":{"id":196953483,"highway":"service"},"geometry":{"type":"LineString","coordinates":[[-2.73485,43.07992],[-2.73474,43.07984],[-2.73457,43.07982],[-2.7343,43.07981],[-2.7341,43.07974],[-2.73391,43.07971],[-2.73318,43.07984],[-2.73313,43.07977],[-2.73312,43.07967],[-2.73315,43.07966],[-2.73324,43.07955],[-2.73327,43.07952],[-2.73329,43.07948],[-2.73327,43.07943],[-2.73324,43.07941],[-2.73319,43.0794],[-2.73315,43.0794],[-2.73303,43.07942],[-2.73292,43.0795],[-2.73279,43.07974],[-2.73274,43.07979],[-2.73264,43.07987],[-2.73255,43.07988],[-2.73241,43.07988],[-2.73191,43.07969],[-2.73148,43.07947],[-2.7312,43.07921],[-2.73104,43.07912],[-2.73063,43.07898],[-2.73031,43.07887],[-2.73011,43.07868],[-2.73005,43.07858],[-2.72996,43.07849],[-2.72982,43.07841],[-2.72952,43.07837],[-2.72943,43.07834],[-2.7294,43.07829],[-2.72943,43.07824],[-2.72959,43.07816],[-2.72997,43.07803],[-2.73045,43.07762],[-2.73058,43.07756],[-2.7309,43.07754],[-2.73097,43.07752],[-2.73106,43.07748],[-2.7313,43.07742],[-2.73136,43.07741],[-2.73136,43.07736],[-2.73132,43.07735],[-2.73126,43.07734],[-2.73117,43.07732],[-2.73089,43.07726]]}},{"type":"Feature","properties":{"id":196984781,"highway":"service","superficie":"concrete"},"geometry":{"type":"LineString","coordinates":[[-2.77152,43.09811],[-2.77157,43.09809],[-2.77162,43.0981],[-2.77174,43.09816],[-2.77183,43.09816],[-2.77192,43.09814],[-2.77201,43.09807],[-2.77206,43.09798],[-2.77207,43.09793],[-2.77208,43.09786],[-2.77207,43.09777],[-2.77207,43.09767]]}},{"type":"Feature","properties":{"id":196984785,"highway":"unclassified","puente":"yes"},"geometry":{"type":"LineString","coordinates":[[-2.76879,43.09709],[-2.76887,43.09718]]}},{"type":"Feature","properties":{"id":196984788,"highway":"unclassified"},"geometry":{"type":"LineString","coordinates":[[-2.77824,43.09572],[-2.77812,43.09577],[-2.77804,43.09583],[-2.77782,43.09594],[-2.77748,43.09604],[-2.777,43.09615],[-2.77674,43.09629],[-2.77609,43.09669],[-2.77564,43.0968],[-2.77505,43.09706],[-2.77496,43.09716],[-2.77485,43.09762],[-2.77478,43.09772],[-2.77467,43.09777],[-2.77454,43.09781]]}},{"type":"Feature","properties":{"id":196984791,"highway":"service"},"geometry":{"type":"LineString","coordinates":[[-2.74978,43.08953],[-2.74993,43.08959],[-2.74999,43.08962],[-2.75001,43.08967],[-2.75001,43.08971],[-2.74998,43.08977],[-2.74995,43.0898],[-2.74989,43.08986],[-2.74986,43.08992],[-2.74986,43.08997],[-2.74987,43.09007],[-2.74989,43.0902],[-2.75003,43.09039],[-2.75038,43.0907],[-2.7505,43.09079],[-2.75056,43.09091]]}},{"type":"Feature","properties":{"id":196984793,"highway":"service"},"geometry":{"type":"LineString","coordinates":[[-2.77174,43.09816],[-2.772,43.0983]]}},{"type":"Feature","properties":{"id":196984794,"highway":"service"},"geometry":{"type":"LineString","coordinates":[[-2.77167,43.09856],[-2.77143,43.09879]]}},{"type":"Feature","properties":{"id":196984797,"highway":"service","superficie":"asphalt"},"geometry":{"type":"LineString","coordinates":[[-2.77133,43.09784],[-2.77124,43.09775]]}},{"type":"Feature","properties":{"id":196984799,"highway":"service","nombre":"Undurragako bidea"},"geometry":{"type":"LineString","coordinates":[[-2.74884,43.08838],[-2.74879,43.08842],[-2.7471,43.08979]]}},{"type":"Feature","properties":{"id":196984802,"highway":"service"},"geometry":{"type":"LineString","coordinates":[[-2.74055,43.09711],[-2.74086,43.09732]]}},{"type":"Feature","properties":{"id":196984804,"highway":"service"},"geometry":{"type":"LineString","coordinates":[[-2.76886,43.09778],[-2.76881,43.09791]]}},{"type":"Feature","properties":{"id":196984806,"highway":"steps","superficie":"cobblestone"},"geometry":{"type":"LineString","coordinates":[[-2.77201,43.09807],[-2.77226,43.098]]}},{"type":"Feature","properties":{"id":196984808,"highway":"unclassified","nombre":"Otzerinmendi auzoa"},"geometry":{"type":"LineString","coordinates":[[-2.76293,43.09364],[-2.76293,43.09361],[-2.76294,43.09351],[-2.76295,43.09347],[-2.76301,43.09337],[-2.76323,43.09312],[-2.76335,43.09303],[-2.76355,43.09291],[-2.76368,43.09276],[-2.76372,43.09275],[-2.76384,43.09274],[-2.76419,43.0928],[-2.76425,43.09281],[-2.76443,43.0928],[-2.76485,43.09271],[-2.76532,43.09271],[-2.76579,43.09272],[-2.76609,43.09266],[-2.76621,43.09266],[-2.76636,43.09268],[-2.76646,43.09268],[-2.76672,43.09263],[-2.76694,43.09261]]}},{"type":"Feature","properties":{"id":196984814,"highway":"track","superficie":"gravel"},"geometry":{"type":"LineString","coordinates":[[-2.78326,43.0993],[-2.78323,43.09922],[-2.78327,43.09901],[-2.78335,43.09888],[-2.78343,43.09873],[-2.78351,43.09861],[-2.78358,43.09849],[-2.78369,43.09834],[-2.78384,43.09823],[-2.78408,43.09812],[-2.78427,43.09796],[-2.78433,43.09784],[-2.78436,43.09766],[-2.78446,43.09728],[-2.78447,43.09713],[-2.78443,43.097],[-2.78429,43.09676],[-2.78425,43.09662],[-2.78421,43.09643],[-2.78415,43.0963],[-2.78397,43.09607],[-2.78378,43.09588],[-2.78374,43.09579],[-2.78375,43.09568],[-2.78397,43.09508],[-2.78398,43.09497],[-2.78391,43.09478],[-2.7839,43.09441],[-2.78384,43.09393],[-2.78382,43.09344],[-2.78384,43.09331],[-2.78401,43.09312],[-2.78446,43.09285],[-2.78455,43.09272],[-2.78466,43.09226],[-2.78465,43.09215],[-2.78455,43.09205],[-2.78432,43.09193],[-2.78421,43.09182],[-2.78421,43.09173],[-2.78427,43.0916],[-2.78435,43.09151],[-2.78453,43.09138],[-2.78455,43.0913],[-2.7845,43.09123],[-2.78442,43.09116],[-2.78434,43.09095],[-2.78433,43.09074],[-2.78428,43.09069],[-2.7842,43.09065],[-2.78405,43.09065],[-2.78387,43.09066],[-2.7837,43.09062],[-2.78316,43.09033],[-2.78296,43.0902],[-2.78274,43.08998],[-2.78269,43.08984],[-2.78271,43.08971],[-2.78271,43.0895],[-2.78267,43.08932],[-2.78261,43.08917],[-2.78251,43.08898],[-2.78244,43.08888],[-2.78236,43.08885],[-2.78228,43.08884],[-2.78215,43.08888],[-2.78201,43.08894],[-2.78186,43.08898],[-2.7815,43.08906],[-2.78124,43.08908],[-2.78098,43.08907],[-2.78083,43.08904],[-2.78068,43.08895],[-2.78052,43.08881],[-2.78033,43.08869],[-2.78022,43.08865],[-2.78012,43.08865],[-2.77999,43.0887],[-2.77968,43.08884],[-2.77945,43.08896],[-2.77936,43.08903],[-2.77929,43.08916],[-2.77927,43.08927],[-2.77926,43.08942],[-2.77929,43.08953],[-2.77938,43.0896],[-2.77953,43.08971],[-2.77954,43.0898],[-2.7795,43.0899],[-2.77951,43.08997],[-2.77961,43.09019],[-2.7797,43.09044],[-2.77978,43.09082],[-2.77987,43.09105],[-2.77992,43.09115],[-2.78001,43.09122],[-2.78011,43.09128],[-2.78018,43.09136],[-2.78022,43.09152],[-2.78022,43.09173],[-2.78019,43.09195],[-2.7801,43.09219],[-2.7801,43.09227],[-2.78013,43.09239],[-2.78013,43.09244],[-2.77983,43.09261],[-2.7797,43.09263],[-2.77959,43.09261],[-2.77944,43.09251],[-2.77931,43.09239],[-2.77929,43.09227],[-2.77932,43.09213],[-2.7793,43.09204],[-2.77922,43.09196],[-2.77906,43.09186],[-2.77892,43.09181],[-2.77876,43.0918],[-2.7786,43.09186],[-2.77852,43.09191],[-2.77824,43.09213],[-2.77808,43.09223],[-2.77794,43.09229],[-2.77748,43.09241],[-2.77725,43.0925],[-2.77708,43.0926],[-2.77656,43.09306],[-2.7759,43.0935],[-2.77575,43.09365],[-2.77562,43.09371],[-2.77539,43.09379],[-2.77523,43.09381],[-2.77506,43.09378],[-2.77479,43.09361],[-2.77467,43.09348],[-2.77461,43.09341],[-2.77457,43.09332],[-2.77456,43.09312],[-2.77459,43.09299],[-2.77471,43.09281],[-2.77487,43.09262],[-2.77511,43.09221],[-2.77527,43.09187],[-2.77533,43.09166],[-2.77546,43.09148],[-2.77546,43.09119],[-2.7755,43.09104],[-2.7757,43.09057],[-2.77572,43.09048],[-2.7757,43.09041],[-2.77565,43.09035],[-2.77559,43.09033],[-2.7755,43.09035],[-2.77539,43.09043],[-2.77531,43.09054],[-2.77513,43.09072],[-2.77463,43.09104],[-2.77445,43.0912],[-2.77434,43.09141],[-2.77431,43.09166],[-2.77425,43.09178],[-2.77409,43.09194],[-2.77397,43.09201],[-2.77356,43.09232],[-2.77338,43.09237],[-2.77317,43.09238],[-2.773,43.09238],[-2.77282,43.09239],[-2.77269,43.09243],[-2.77231,43.09278],[-2.77221,43.09282],[-2.77208,43.09284],[-2.77184,43.09284],[-2.77152,43.09286],[-2.77138,43.09291],[-2.77123,43.09302],[-2.7711,43.09322],[-2.77109,43.09356],[-2.77099,43.09385],[-2.77094,43.09407],[-2.7708,43.09446],[-2.77066,43.09464],[-2.7705,43.09483],[-2.77045,43.09492],[-2.77047,43.095],[-2.77058,43.09509],[-2.77075,43.09519],[-2.77102,43.09535],[-2.77107,43.0954],[-2.77116,43.09549],[-2.77122,43.09551],[-2.77164,43.09567],[-2.77173,43.09572],[-2.77183,43.09578],[-2.77203,43.09592],[-2.77209,43.09596],[-2.77233,43.09616],[-2.7725,43.0963],[-2.77269,43.0964],[-2.77286,43.09643],[-2.77302,43.09642],[-2.77315,43.09636],[-2.77325,43.09631],[-2.77335,43.09628],[-2.77341,43.09631],[-2.77342,43.0964],[-2.77329,43.09659],[-2.77321,43.09674],[-2.77293,43.0969],[-2.77285,43.09696],[-2.77262,43.09713],[-2.77241,43.09729],[-2.7722,43.09747],[-2.7721,43.09756],[-2.77207,43.09761],[-2.77207,43.09767]]}},{"type":"Feature","properties":{"id":196984826,"highway":"unclassified","nombre":"Uribe auzoa","superficie":"asphalt"},"geometry":{"type":"LineString","coordinates":[[-2.7734,43.10162],[-2.77329,43.10173],[-2.77306,43.10192],[-2.77275,43.10211],[-2.77222,43.10236],[-2.77204,43.10244],[-2.77164,43.10273],[-2.77104,43.10306],[-2.77052,43.10324],[-2.77044,43.10327],[-2.77023,43.10335],[-2.76925,43.10358],[-2.76906,43.10364],[-2.76891,43.10374],[-2.76882,43.10386],[-2.76879,43.10396],[-2.76881,43.10428],[-2.76877,43.10435],[-2.76868,43.10441],[-2.7682,43.1045],[-2.76777,43.10456],[-2.76756,43.10455],[-2.76706,43.10436],[-2.76653,43.10421],[-2.76635,43.10421],[-2.76622,43.10426],[-2.76616,43.10434],[-2.76621,43.10445],[-2.76668,43.10492],[-2.76718,43.1055]]}},{"type":"Feature","properties":{"id":196984830,"highway":"unclassified","nombre":"Uribe auzoa"},"geometry":{"type":"LineString","coordinates":[[-2.76587,43.10084],[-2.7659,43.10069],[-2.76588,43.10066],[-2.76577,43.10061],[-2.76566,43.1006],[-2.76553,43.10062],[-2.76531,43.10068],[-2.76518,43.10067],[-2.76479,43.10052],[-2.76466,43.1005],[-2.76442,43.10048],[-2.76432,43.10046],[-2.76416,43.10039],[-2.76405,43.10035],[-2.76359,43.1003],[-2.76318,43.10031],[-2.76278,43.10023],[-2.76267,43.1002],[-2.76254,43.10017],[-2.76234,43.10018],[-2.7622,43.10021],[-2.76204,43.10027],[-2.76174,43.10053],[-2.76161,43.10057],[-2.76148,43.10059],[-2.76134,43.10058],[-2.7612,43.10059],[-2.76074,43.10067],[-2.76024,43.10077]]}},{"type":"Feature","properties":{"id":196984834,"highway":"service","superficie":"asphalt"},"geometry":{"type":"LineString","coordinates":[[-2.77145,43.09767],[-2.77124,43.09775],[-2.77115,43.09778],[-2.7711,43.0978]]}},{"type":"Feature","properties":{"id":196984839,"highway":"service"},"geometry":{"type":"LineString","coordinates":[[-2.75757,43.10731],[-2.75747,43.10733],[-2.75715,43.10737]]}},{"type":"Feature","properties":{"id":196984840,"highway":"service"},"geometry":{"type":"LineString","coordinates":[[-2.77209,43.09919],[-2.77189,43.09872],[-2.77176,43.09856]]}},{"type":"Feature","properties":{"id":196984841,"highway":"service"},"geometry":{"type":"LineString","coordinates":[[-2.76861,43.09708],[-2.76871,43.0971],[-2.76879,43.09709]]}},{"type":"Feature","properties":{"id":196984844,"highway":"service"},"geometry":{"type":"LineString","coordinates":[[-2.77437,43.09788],[-2.7743,43.09788],[-2.7742,43.09775]]}},{"type":"Feature","properties":{"id":196984846,"highway":"unclassified","nombre":"Otzerinmendi auzoa"},"geometry":{"type":"LineString","coordinates":[[-2.76293,43.09364],[-2.76287,43.09368],[-2.76282,43.09378],[-2.76281,43.0939],[-2.76273,43.09405],[-2.76262,43.09417],[-2.76247,43.09429],[-2.76232,43.09444],[-2.76223,43.09447],[-2.76212,43.09445],[-2.76195,43.09435],[-2.76185,43.09433],[-2.76171,43.09434],[-2.76156,43.09441],[-2.76136,43.09458],[-2.76123,43.09464],[-2.76108,43.09464],[-2.76083,43.0946],[-2.76062,43.0946],[-2.76048,43.09464],[-2.76021,43.09472],[-2.75999,43.09482]]}},{"type":"Feature","properties":{"id":196984850,"highway":"service"},"geometry":{"type":"LineString","coordinates":[[-2.75465,43.09518],[-2.75467,43.09506],[-2.75455,43.09496],[-2.75437,43.09486]]}},{"type":"Feature","properties":{"id":196984852,"highway":"service"},"geometry":{"type":"LineString","coordinates":[[-2.76559,43.09624],[-2.76543,43.0962],[-2.76524,43.09618],[-2.76518,43.09616]]}},{"type":"Feature","properties":{"id":196984854,"highway":"service"},"geometry":{"type":"LineString","coordinates":[[-2.77103,43.09806],[-2.77117,43.09819],[-2.77128,43.09824],[-2.77152,43.09811]]}},{"type":"Feature","properties":{"id":196984856,"highway":"unclassified","nombre":"Otzerinmendi auzoa"},"geometry":{"type":"LineString","coordinates":[[-2.75311,43.09603],[-2.75313,43.09598],[-2.75321,43.09587],[-2.75321,43.09578],[-2.75317,43.09572],[-2.75311,43.09572],[-2.753,43.09576],[-2.75286,43.09589],[-2.75283,43.09593],[-2.75264,43.09596],[-2.75247,43.0959],[-2.75245,43.09587],[-2.75238,43.09578],[-2.75236,43.09571],[-2.75235,43.09559],[-2.7525,43.09549],[-2.75281,43.09534],[-2.7536,43.095],[-2.75379,43.09493],[-2.75397,43.09491],[-2.75432,43.09488],[-2.75437,43.09486],[-2.75454,43.09476],[-2.75471,43.09471],[-2.75491,43.09469],[-2.75512,43.0947],[-2.75524,43.09472],[-2.7554,43.09477],[-2.75552,43.09484],[-2.75561,43.09496],[-2.75565,43.0951],[-2.75567,43.09523],[-2.75564,43.09535],[-2.75558,43.0956],[-2.75549,43.09569],[-2.75524,43.09581],[-2.7552,43.09587],[-2.75524,43.09594],[-2.75565,43.09618],[-2.75578,43.0962],[-2.7559,43.0962],[-2.75592,43.0962],[-2.75601,43.09617],[-2.75636,43.09604],[-2.7565,43.09598],[-2.75672,43.09592],[-2.7568,43.09592]]}},{"type":"Feature","properties":{"id":196984861,"highway":"unclassified","nombre":"Uribe auzoa"},"geometry":{"type":"LineString","coordinates":[[-2.76035,43.10069],[-2.76033,43.10064],[-2.76026,43.10056],[-2.76008,43.10046],[-2.7599,43.10039],[-2.75988,43.10024],[-2.76004,43.09974],[-2.76007,43.09955],[-2.76004,43.09932],[-2.76007,43.09925],[-2.76014,43.09918],[-2.76059,43.09888],[-2.76092,43.09878],[-2.76107,43.09872],[-2.76114,43.09862],[-2.76117,43.0985],[-2.76122,43.09842],[-2.76133,43.09832],[-2.76153,43.09819],[-2.76169,43.0981],[-2.76186,43.09804],[-2.76207,43.09794],[-2.76218,43.09786],[-2.76236,43.09761],[-2.76253,43.09747],[-2.76279,43.09722],[-2.76303,43.09706],[-2.76328,43.09679],[-2.76338,43.09673],[-2.7636,43.09666],[-2.76384,43.09663],[-2.76401,43.09656],[-2.76439,43.09635],[-2.76467,43.09624],[-2.76487,43.09621],[-2.76518,43.09616]]}},{"type":"Feature","properties":{"id":196984865,"highway":"service"},"geometry":{"type":"LineString","coordinates":[[-2.76694,43.09261],[-2.76698,43.09264],[-2.76694,43.09274],[-2.76686,43.09284],[-2.76674,43.09295]]}},{"type":"Feature","properties":{"id":196984867,"highway":"service"},"geometry":{"type":"LineString","coordinates":[[-2.75731,43.10718],[-2.75721,43.10712],[-2.75699,43.10703]]}},{"type":"Feature","properties":{"id":196984869,"highway":"unclassified","nombre":"Otzerinmendi auzoa"},"geometry":{"type":"LineString","coordinates":[[-2.75473,43.10248],[-2.75466,43.1021],[-2.75467,43.10167],[-2.7548,43.10097],[-2.75481,43.1008],[-2.7548,43.10075]]}},{"type":"Feature","properties":{"id":196984871,"highway":"service"},"geometry":{"type":"LineString","coordinates":[[-2.76888,43.09951],[-2.76882,43.09941],[-2.76881,43.09931],[-2.76885,43.09917],[-2.76883,43.09911]]}},{"type":"Feature","properties":{"id":196984872,"highway":"service"},"geometry":{"type":"LineString","coordinates":[[-2.77421,43.09806],[-2.77427,43.098],[-2.77434,43.09798],[-2.77437,43.09788],[-2.77453,43.09779]]}},{"type":"Feature","properties":{"id":196984873,"highway":"service"},"geometry":{"type":"LineString","coordinates":[[-2.76975,43.0992],[-2.76986,43.09915],[-2.77003,43.09911],[-2.77009,43.09906],[-2.77012,43.09898]]}},{"type":"Feature","properties":{"id":196984874,"highway":"service"},"geometry":{"type":"LineString","coordinates":[[-2.74145,43.09731],[-2.74143,43.09735],[-2.74142,43.09742],[-2.74147,43.09749],[-2.74158,43.09758],[-2.74165,43.09764]]}},{"type":"Feature","properties":{"id":196984875,"highway":"unclassified","nombre":"Otzerinmendi auzoa"},"geometry":{"type":"LineString","coordinates":[[-2.75116,43.08917],[-2.75123,43.0893],[-2.75116,43.08946],[-2.75089,43.08979],[-2.75086,43.08987],[-2.75089,43.08997],[-2.75101,43.09004],[-2.75111,43.09007],[-2.7516,43.0901],[-2.75176,43.09009],[-2.75194,43.09003],[-2.75219,43.08993],[-2.75241,43.08987],[-2.75296,43.08979],[-2.7531,43.08979],[-2.75321,43.08985],[-2.75328,43.08994],[-2.75327,43.09003],[-2.7532,43.09011],[-2.753,43.09029],[-2.75285,43.09052],[-2.75284,43.09075],[-2.75279,43.09087],[-2.75265,43.09099],[-2.75249,43.09103],[-2.75218,43.09107],[-2.75203,43.09112],[-2.75185,43.09126],[-2.75165,43.09132],[-2.75142,43.09136],[-2.75127,43.09142],[-2.7512,43.0915],[-2.75121,43.09161],[-2.75125,43.0917],[-2.75163,43.09216],[-2.75186,43.09248],[-2.7519,43.09262],[-2.75191,43.09277],[-2.75197,43.09288],[-2.75206,43.09294],[-2.75245,43.09315],[-2.75291,43.09329],[-2.75298,43.09341],[-2.75287,43.09352],[-2.75249,43.09371],[-2.75237,43.09383],[-2.75231,43.09393],[-2.75229,43.09413],[-2.75224,43.09442],[-2.75223,43.09465],[-2.75228,43.09499],[-2.75228,43.09547],[-2.75235,43.09559]]}},{"type":"Feature","properties":{"id":196984876,"highway":"footway","superficie":"concrete"},"geometry":{"type":"LineString","coordinates":[[-2.75134,43.09698],[-2.75142,43.09697],[-2.75145,43.09702],[-2.75151,43.09704],[-2.75152,43.09707],[-2.75157,43.09706],[-2.75158,43.09709],[-2.75166,43.09714],[-2.75173,43.0972],[-2.75176,43.09725],[-2.75177,43.09729]]}},{"type":"Feature","properties":{"id":196984877,"highway":"service"},"geometry":{"type":"LineString","coordinates":[[-2.75466,43.10527],[-2.7546,43.10521],[-2.75442,43.10497],[-2.75417,43.10471],[-2.7539,43.10451],[-2.75367,43.10444]]}},{"type":"Feature","properties":{"id":196984878,"highway":"unclassified","nombre":"Uribe auzoa","superficie":"unpaved"},"geometry":{"type":"LineString","coordinates":[[-2.77248,43.10084],[-2.77289,43.10088],[-2.77311,43.10094],[-2.77329,43.10107],[-2.77337,43.10118],[-2.77342,43.10134],[-2.7734,43.10162]]}},{"type":"Feature","properties":{"id":196984879,"highway":"service"},"geometry":{"type":"LineString","coordinates":[[-2.77128,43.09824],[-2.77129,43.09833],[-2.77133,43.09837],[-2.77167,43.09856],[-2.77171,43.09859],[-2.77176,43.09856],[-2.77192,43.09848]]}},{"type":"Feature","properties":{"id":196984880,"highway":"service"},"geometry":{"type":"LineString","coordinates":[[-2.76004,43.09615],[-2.7599,43.09628],[-2.75966,43.09634],[-2.75952,43.0964],[-2.75949,43.09646],[-2.75951,43.09651]]}},{"type":"Feature","properties":{"id":196984881,"highway":"service","nombre":"Otzerinmendi auzoa"},"geometry":{"type":"LineString","coordinates":[[-2.76281,43.0939],[-2.76299,43.09394],[-2.76312,43.09394],[-2.76314,43.09393],[-2.76317,43.09388],[-2.76314,43.09383],[-2.76303,43.09372],[-2.76293,43.09364]]}},{"type":"Feature","properties":{"id":196984882,"highway":"unclassified","nombre":"Otzerinmendi auzoa"},"geometry":{"type":"LineString","coordinates":[[-2.76004,43.09615],[-2.76008,43.09603],[-2.76007,43.09572],[-2.76014,43.09543],[-2.76016,43.09528],[-2.76013,43.09508],[-2.76006,43.09493],[-2.75999,43.09482],[-2.75977,43.09486],[-2.75957,43.09493],[-2.75942,43.09503],[-2.75926,43.09517],[-2.75909,43.09525],[-2.7589,43.09528],[-2.75858,43.09527],[-2.75843,43.0953],[-2.75824,43.09534],[-2.75804,43.09535],[-2.75773,43.09532],[-2.75759,43.0953]]}},{"type":"Feature","properties":{"id":196984883,"highway":"service","superficie":"concrete"},"geometry":{"type":"LineString","coordinates":[[-2.77248,43.09816],[-2.77236,43.09817],[-2.7723,43.09815],[-2.77226,43.0981],[-2.77226,43.098],[-2.77226,43.09792],[-2.77224,43.09786],[-2.77219,43.09778],[-2.77207,43.09767]]}},{"type":"Feature","properties":{"id":196984884,"highway":"service"},"geometry":{"type":"LineString","coordinates":[[-2.75499,43.09373],[-2.7549,43.09379],[-2.75491,43.09388],[-2.75498,43.09398],[-2.75516,43.09431],[-2.75523,43.09439],[-2.75531,43.09446],[-2.75533,43.09455],[-2.75524,43.09472]]}},{"type":"Feature","properties":{"id":196988559,"highway":"unclassified","nombre":"Uribe auzoa","superficie":"asphalt"},"geometry":{"type":"LineString","coordinates":[[-2.77044,43.10327],[-2.77027,43.10329],[-2.77005,43.10331],[-2.76989,43.10328],[-2.76969,43.10324],[-2.76957,43.10323],[-2.76902,43.10329],[-2.76885,43.10329],[-2.7684,43.10328],[-2.76822,43.10331],[-2.76803,43.10338],[-2.76796,43.10338],[-2.76786,43.10333],[-2.7676,43.10316],[-2.76758,43.1031],[-2.76755,43.10305],[-2.76753,43.10295],[-2.76756,43.10292],[-2.7676,43.10289],[-2.76774,43.10288]]}},{"type":"Feature","properties":{"id":196988560,"highway":"service","nombre":"Uribe auzoa","superficie":"concrete"},"geometry":{"type":"LineString","coordinates":[[-2.76508,43.10497],[-2.76535,43.10497],[-2.76545,43.10513],[-2.76549,43.1053],[-2.76551,43.10535],[-2.76558,43.10537],[-2.76566,43.10541],[-2.76589,43.10555],[-2.76607,43.10564],[-2.76627,43.1057],[-2.76642,43.10572],[-2.76655,43.10572],[-2.76672,43.10573],[-2.76698,43.10576],[-2.76714,43.10579],[-2.76722,43.10579],[-2.76732,43.10579],[-2.76751,43.10578],[-2.76779,43.10573]]}},{"type":"Feature","properties":{"id":196988561,"highway":"service","superficie":"concrete"},"geometry":{"type":"LineString","coordinates":[[-2.76526,43.10546],[-2.76527,43.10539]]}},{"type":"Feature","properties":{"id":196988562,"highway":"service","superficie":"concrete"},"geometry":{"type":"LineString","coordinates":[[-2.76666,43.10551],[-2.7668,43.10558]]}},{"type":"Feature","properties":{"id":196988564,"highway":"unclassified","nombre":"Uribe auzoa","superficie":"asphalt"},"geometry":{"type":"LineString","coordinates":[[-2.77816,43.09793],[-2.77812,43.09797],[-2.77774,43.09833],[-2.77763,43.0984],[-2.77743,43.09856],[-2.77712,43.09885],[-2.77637,43.09949],[-2.776,43.10014],[-2.77597,43.10026],[-2.77596,43.10056],[-2.77588,43.10091],[-2.77583,43.10106],[-2.77574,43.10117],[-2.77559,43.1012],[-2.77522,43.10127],[-2.77498,43.10132],[-2.77475,43.10142],[-2.77457,43.10145],[-2.77425,43.10143],[-2.77402,43.10144],[-2.7738,43.10148],[-2.7734,43.10162]]}},{"type":"Feature","properties":{"id":196988565,"highway":"service","nombre":"Uribe auzoa"},"geometry":{"type":"LineString","coordinates":[[-2.76722,43.10579],[-2.76725,43.10558],[-2.76718,43.1055]]}},{"type":"Feature","properties":{"id":196988566,"highway":"service"},"geometry":{"type":"LineString","coordinates":[[-2.76749,43.10558],[-2.76743,43.10556],[-2.76729,43.1055],[-2.76718,43.1055]]}},{"type":"Feature","properties":{"id":196988567,"highway":"service","nombre":"Uribe auzoa","superficie":"concrete"},"geometry":{"type":"LineString","coordinates":[[-2.76655,43.10572],[-2.7668,43.10558],[-2.76686,43.10555],[-2.76718,43.1055]]}},{"type":"Feature","properties":{"id":196988568,"highway":"service"},"geometry":{"type":"LineString","coordinates":[[-2.76768,43.10571],[-2.76748,43.1057],[-2.76738,43.10566],[-2.76725,43.10558]]}},{"type":"Feature","properties":{"id":196988569,"highway":"service"},"geometry":{"type":"LineString","coordinates":[[-2.76694,43.10595],[-2.76697,43.10589],[-2.76702,43.10585],[-2.76714,43.10579]]}},{"type":"Feature","properties":{"id":196988570,"highway":"service","superficie":"concrete"},"geometry":{"type":"LineString","coordinates":[[-2.76523,43.1054],[-2.76527,43.10539],[-2.76535,43.10537],[-2.76551,43.10536],[-2.76558,43.10537]]}},{"type":"Feature","properties":{"id":196988571,"highway":"service"},"geometry":{"type":"LineString","coordinates":[[-2.76733,43.10598],[-2.7674,43.1059],[-2.76741,43.10586],[-2.76732,43.10579]]}},{"type":"Feature","properties":{"id":197017634,"highway":"unclassified","superficie":"gravel"},"geometry":{"type":"LineString","coordinates":[[-2.76457,43.08543],[-2.7646,43.0853],[-2.76468,43.08515],[-2.76495,43.08486],[-2.76519,43.0845],[-2.76521,43.08446],[-2.76522,43.08436],[-2.76521,43.08432],[-2.76515,43.08431],[-2.76507,43.08431],[-2.76483,43.08438],[-2.76469,43.08442],[-2.76455,43.0844],[-2.76434,43.08432],[-2.76378,43.08406],[-2.76359,43.08393],[-2.7635,43.08378],[-2.76351,43.08363],[-2.76371,43.08312],[-2.76374,43.08288],[-2.76374,43.0827],[-2.76375,43.08246],[-2.76374,43.08234],[-2.76363,43.08217],[-2.7635,43.08208],[-2.76343,43.08206],[-2.76332,43.08207],[-2.76314,43.0824],[-2.76297,43.0826],[-2.7628,43.08274],[-2.76266,43.08278],[-2.76198,43.08273],[-2.76178,43.08263],[-2.76164,43.08255],[-2.76152,43.08253],[-2.76138,43.08255],[-2.76129,43.08259],[-2.76116,43.08271],[-2.761,43.08278],[-2.76072,43.08277],[-2.76041,43.08279],[-2.76036,43.08275],[-2.76041,43.08269],[-2.76055,43.08268],[-2.76073,43.08257],[-2.76083,43.08243],[-2.761,43.08227],[-2.76111,43.08211],[-2.76112,43.08204],[-2.76108,43.08201],[-2.76101,43.08202],[-2.76094,43.08207],[-2.76085,43.08212],[-2.7607,43.08219],[-2.76049,43.08224],[-2.7603,43.08225],[-2.76011,43.08224],[-2.75993,43.08222],[-2.75963,43.08216],[-2.75949,43.08215],[-2.75934,43.08216],[-2.75888,43.08227],[-2.75871,43.0823],[-2.75848,43.0823],[-2.75824,43.08228],[-2.75807,43.08225],[-2.75792,43.0822],[-2.75767,43.08208],[-2.75755,43.08205],[-2.7574,43.08203],[-2.75738,43.08202],[-2.75722,43.08201],[-2.7571,43.08191],[-2.75704,43.08185],[-2.75698,43.08168],[-2.75693,43.0816],[-2.75679,43.08153],[-2.7564,43.08138],[-2.75607,43.08122],[-2.75585,43.08109],[-2.75556,43.08085],[-2.75544,43.08069],[-2.75535,43.08053],[-2.75533,43.08032],[-2.75536,43.08022],[-2.75545,43.0801],[-2.75548,43.07995],[-2.75549,43.07981],[-2.75545,43.07972],[-2.75536,43.07961],[-2.75479,43.07937],[-2.75446,43.07921],[-2.75429,43.0791],[-2.75405,43.0789],[-2.75389,43.07865],[-2.75376,43.07856],[-2.75359,43.07849],[-2.75333,43.07846],[-2.7531,43.07845],[-2.75295,43.07844],[-2.75283,43.07842],[-2.75263,43.07845],[-2.75247,43.07849],[-2.75237,43.07851],[-2.75232,43.07851],[-2.75213,43.07845]]}},{"type":"Feature","properties":{"id":197017635,"highway":"unclassified","nombre":"Uribe auzoa","superficie":"unpaved"},"geometry":{"type":"LineString","coordinates":[[-2.77697,43.10063],[-2.7768,43.1008],[-2.77672,43.10094],[-2.77672,43.10111],[-2.77678,43.10124],[-2.777,43.10167],[-2.77703,43.10182],[-2.77674,43.10175],[-2.77661,43.10174],[-2.77639,43.10169],[-2.7761,43.10152],[-2.77595,43.10141],[-2.77582,43.10122],[-2.77574,43.10117]]}},{"type":"Feature","properties":{"id":197017636,"highway":"unclassified","nombre":"Undurraga auzoa","superficie":"asphalt"},"geometry":{"type":"LineString","coordinates":[[-2.74132,43.07724],[-2.74131,43.07728],[-2.74127,43.07752],[-2.74113,43.07792],[-2.741,43.07818],[-2.741,43.07849],[-2.74094,43.07873],[-2.74093,43.07892],[-2.74086,43.07903],[-2.74057,43.07927],[-2.74053,43.0793],[-2.74031,43.0795],[-2.74006,43.0797],[-2.73992,43.07986],[-2.73989,43.07995],[-2.73986,43.08006],[-2.73989,43.08016],[-2.73998,43.08031],[-2.74,43.08054],[-2.73997,43.08072],[-2.73989,43.08082],[-2.73968,43.08101],[-2.73944,43.08116],[-2.73913,43.0813],[-2.73901,43.08138],[-2.73887,43.08152],[-2.73877,43.08154]]}},{"type":"Feature","properties":{"id":197017637,"highway":"unclassified","superficie":"paved"},"geometry":{"type":"LineString","coordinates":[[-2.75933,43.08894],[-2.75935,43.08895],[-2.75938,43.08898],[-2.75953,43.08895],[-2.75964,43.08915],[-2.75976,43.08922],[-2.75991,43.08928],[-2.76024,43.08951],[-2.7604,43.08957],[-2.76083,43.08967],[-2.76122,43.08984],[-2.76144,43.08987],[-2.76168,43.08987],[-2.76188,43.08985],[-2.7621,43.0898],[-2.76261,43.08966],[-2.76287,43.08964],[-2.76334,43.08954],[-2.76346,43.08955],[-2.76363,43.08966]]}},{"type":"Feature","properties":{"id":197017638,"highway":"service","nombre":"Altzuaga auzoa","superficie":"asphalt"},"geometry":{"type":"LineString","coordinates":[[-2.75244,43.07486],[-2.75234,43.0747],[-2.75229,43.07462],[-2.75215,43.07454],[-2.75196,43.07445],[-2.75169,43.07439],[-2.75144,43.07439],[-2.75129,43.07451],[-2.75118,43.07467],[-2.75112,43.07498],[-2.75104,43.07513],[-2.75086,43.07525],[-2.75042,43.0754],[-2.74993,43.0755],[-2.74967,43.07551],[-2.74951,43.07557],[-2.74939,43.0757],[-2.74929,43.07587],[-2.74908,43.07608],[-2.74896,43.07612],[-2.74885,43.07611],[-2.74871,43.07605],[-2.74848,43.07598],[-2.74829,43.07596],[-2.74809,43.07589],[-2.74764,43.07574],[-2.74725,43.07574],[-2.74716,43.07569],[-2.74718,43.07561],[-2.74727,43.07553],[-2.74744,43.07545],[-2.74772,43.07544],[-2.74844,43.0755],[-2.74869,43.07548],[-2.74884,43.07541],[-2.74893,43.07529],[-2.74898,43.07517],[-2.7489,43.07491],[-2.7489,43.07476],[-2.74895,43.07461],[-2.74913,43.07437],[-2.74927,43.07426],[-2.74942,43.0742],[-2.74963,43.07403],[-2.74972,43.07391],[-2.74968,43.07379]]}},{"type":"Feature","properties":{"id":197017639,"highway":"service","superficie":"asphalt"},"geometry":{"type":"LineString","coordinates":[[-2.74098,43.07767],[-2.74119,43.0773],[-2.74131,43.07728]]}},{"type":"Feature","properties":{"id":197017640,"highway":"service","superficie":"asphalt"},"geometry":{"type":"LineString","coordinates":[[-2.75865,43.09145],[-2.75854,43.09155]]}},{"type":"Feature","properties":{"id":197017641,"highway":"service","superficie":"asphalt"},"geometry":{"type":"LineString","coordinates":[[-2.74678,43.07838],[-2.74678,43.07855],[-2.74681,43.07857],[-2.74717,43.07853],[-2.74756,43.07848]]}},{"type":"Feature","properties":{"id":197017642,"highway":"service","superficie":"asphalt"},"geometry":{"type":"LineString","coordinates":[[-2.74492,43.074],[-2.74443,43.07416],[-2.74432,43.07423]]}},{"type":"Feature","properties":{"id":197017643,"highway":"service","nombre":"Altzuaga auzoa","superficie":"asphalt"},"geometry":{"type":"LineString","coordinates":[[-2.74402,43.08364],[-2.74394,43.08352],[-2.74389,43.08338],[-2.74393,43.08326],[-2.74403,43.08315],[-2.7441,43.0831],[-2.7442,43.08302],[-2.74455,43.08265],[-2.74476,43.08248],[-2.74491,43.08232],[-2.74507,43.0821],[-2.74509,43.08206],[-2.74513,43.08193],[-2.74514,43.08174],[-2.74511,43.08159],[-2.74508,43.08145],[-2.74516,43.08125],[-2.7452,43.08107],[-2.74528,43.08096],[-2.74563,43.08063],[-2.74568,43.0805],[-2.74566,43.08021],[-2.7457,43.08002],[-2.74569,43.07973],[-2.74571,43.07963],[-2.74583,43.07938],[-2.7458,43.07892],[-2.74584,43.07885],[-2.74609,43.07877],[-2.74636,43.07877],[-2.7467,43.07878],[-2.74675,43.07877],[-2.74693,43.07872],[-2.74756,43.07848],[-2.74809,43.07833],[-2.74828,43.07832],[-2.74836,43.07832],[-2.74845,43.07833],[-2.74868,43.07838],[-2.74883,43.0784]]}},{"type":"Feature","properties":{"id":197017644,"highway":"service","nombre":"Altzuaga auzoa"},"geometry":{"type":"LineString","coordinates":[[-2.75215,43.07798],[-2.75219,43.07806],[-2.75224,43.07808],[-2.75234,43.07808],[-2.75245,43.07808],[-2.75249,43.07811],[-2.75244,43.0783],[-2.7523,43.07841],[-2.75213,43.07845]]}},{"type":"Feature","properties":{"id":197017645,"highway":"service","superficie":"asphalt"},"geometry":{"type":"LineString","coordinates":[[-2.74739,43.07819],[-2.74733,43.07807],[-2.74735,43.07804],[-2.74752,43.07797],[-2.74758,43.07795],[-2.7476,43.07795],[-2.74771,43.07794],[-2.74785,43.07799],[-2.74788,43.07801]]}},{"type":"Feature","properties":{"id":197017646,"highway":"unclassified","nombre":"Altzuaga auzoa","superficie":"asphalt"},"geometry":{"type":"LineString","coordinates":[[-2.7522,43.08174],[-2.75204,43.08174],[-2.75168,43.08173],[-2.75148,43.08177],[-2.7508,43.08168],[-2.7505,43.08166],[-2.75038,43.08153],[-2.75027,43.08144],[-2.75008,43.08132],[-2.74998,43.08118],[-2.74995,43.08104],[-2.74999,43.08089],[-2.75007,43.08076],[-2.75026,43.08057],[-2.75046,43.08041],[-2.75075,43.08028],[-2.75082,43.08022],[-2.75097,43.08004],[-2.7511,43.0799],[-2.75116,43.0798],[-2.75116,43.0797],[-2.75095,43.07952],[-2.75068,43.07906],[-2.75032,43.07863],[-2.74988,43.07857],[-2.74948,43.07856],[-2.74913,43.07851],[-2.74883,43.0784],[-2.74868,43.07833],[-2.7482,43.07818],[-2.74799,43.07815],[-2.74794,43.07813],[-2.7479,43.07811],[-2.74787,43.07808],[-2.74786,43.07804],[-2.74788,43.07801],[-2.7479,43.07798],[-2.74882,43.07778],[-2.74888,43.07774],[-2.74889,43.0777],[-2.74886,43.07767],[-2.74882,43.0776],[-2.74871,43.07755],[-2.74837,43.07743],[-2.7481,43.07726],[-2.74804,43.07722],[-2.74763,43.07688],[-2.74738,43.07671],[-2.74621,43.076],[-2.74611,43.07598],[-2.74602,43.07601],[-2.74597,43.0761],[-2.74592,43.07625],[-2.7459,43.07639],[-2.74584,43.07652],[-2.74576,43.07657],[-2.74559,43.07657],[-2.7451,43.07638],[-2.7447,43.07621],[-2.74419,43.07596],[-2.74396,43.07582],[-2.74384,43.07579],[-2.74368,43.07581],[-2.74359,43.0759],[-2.74349,43.07617],[-2.74335,43.0763],[-2.74303,43.07646],[-2.74287,43.0765],[-2.74256,43.07653],[-2.7424,43.07659],[-2.74231,43.07672],[-2.74223,43.07696],[-2.74207,43.07712],[-2.74178,43.0772],[-2.74132,43.07724]]}},{"type":"Feature","properties":{"id":197017647,"highway":"unclassified","nombre":"Otzerinmendi auzoa","superficie":"asphalt"},"geometry":{"type":"LineString","coordinates":[[-2.75865,43.09145],[-2.75878,43.0915],[-2.75897,43.09159],[-2.75921,43.09174],[-2.75926,43.09179],[-2.75929,43.09182],[-2.75931,43.09188],[-2.75932,43.09192],[-2.75931,43.09201],[-2.75928,43.09213],[-2.7592,43.09237],[-2.7592,43.09242]]}},{"type":"Feature","properties":{"id":197017648,"highway":"service","superficie":"asphalt"},"geometry":{"type":"LineString","coordinates":[[-2.73895,43.08059],[-2.73887,43.08063],[-2.73882,43.08073],[-2.7388,43.08083],[-2.73884,43.08091],[-2.73897,43.08106],[-2.73899,43.08109],[-2.73897,43.08112],[-2.73892,43.08116]]}},{"type":"Feature","properties":{"id":197017649,"highway":"unclassified","nombre":"Altzuaga auzoa","superficie":"asphalt"},"geometry":{"type":"LineString","coordinates":[[-2.75213,43.07845],[-2.75196,43.07839],[-2.75168,43.07831],[-2.75151,43.07832],[-2.75133,43.07837],[-2.75121,43.07843],[-2.75094,43.07859],[-2.75083,43.07861],[-2.75032,43.07863]]}},{"type":"Feature","properties":{"id":197030042,"highway":"service","superficie":"asphalt"},"geometry":{"type":"LineString","coordinates":[[-2.75546,43.06792],[-2.75523,43.06797],[-2.75516,43.06797],[-2.75502,43.06795],[-2.75496,43.06789],[-2.755,43.06783],[-2.75514,43.06771],[-2.75514,43.06752],[-2.75508,43.06751],[-2.75496,43.06752],[-2.75483,43.06752]]}},{"type":"Feature","properties":{"id":197030043,"highway":"service","superficie":"paved"},"geometry":{"type":"LineString","coordinates":[[-2.741,43.06574],[-2.74085,43.06573],[-2.74072,43.06577],[-2.74063,43.06582],[-2.74054,43.06584],[-2.74045,43.06583],[-2.74032,43.06583],[-2.7403,43.06601],[-2.7403,43.06616],[-2.74027,43.06618],[-2.74028,43.06625]]}},{"type":"Feature","properties":{"id":197030044,"highway":"service","nombre":"Altzuaga auzoa","superficie":"asphalt"},"geometry":{"type":"LineString","coordinates":[[-2.75128,43.07299],[-2.75121,43.07297],[-2.75122,43.07295],[-2.75125,43.07293],[-2.75129,43.07292],[-2.75135,43.07295],[-2.75136,43.07302],[-2.75134,43.07309],[-2.75124,43.07326],[-2.75122,43.07342],[-2.75117,43.07353],[-2.75103,43.07359],[-2.75074,43.07368],[-2.75048,43.07381],[-2.75036,43.07394],[-2.75026,43.07421],[-2.75017,43.07434],[-2.74999,43.07441],[-2.74973,43.07442],[-2.74951,43.07432],[-2.74942,43.0742]]}},{"type":"Feature","properties":{"id":197030045,"highway":"service","superficie":"asphalt"},"geometry":{"type":"LineString","coordinates":[[-2.73913,43.0771],[-2.73898,43.07707],[-2.73815,43.07739],[-2.7371,43.07767],[-2.73644,43.07784],[-2.73619,43.07784],[-2.73606,43.07817],[-2.73614,43.07828],[-2.73619,43.0783],[-2.7363,43.07828],[-2.73641,43.07822],[-2.73671,43.07795],[-2.73692,43.07778],[-2.7371,43.07767]]}},{"type":"Feature","properties":{"id":197030046,"highway":"unclassified","superficie":"asphalt"},"geometry":{"type":"LineString","coordinates":[[-2.74708,43.067],[-2.74714,43.067],[-2.74734,43.0671],[-2.74762,43.06714],[-2.74768,43.06721],[-2.74796,43.06732],[-2.74829,43.0674],[-2.74877,43.06762],[-2.74889,43.06773],[-2.74889,43.06782],[-2.74884,43.06788],[-2.74847,43.06803],[-2.74833,43.06814],[-2.74816,43.0684],[-2.74811,43.06844]]}},{"type":"Feature","properties":{"id":197030047,"highway":"unclassified","nombre":"Undurraga auzoa"},"geometry":{"type":"LineString","coordinates":[[-2.73631,43.0805],[-2.73635,43.08057],[-2.73697,43.08074],[-2.73708,43.08086],[-2.73719,43.08105],[-2.73726,43.08125],[-2.73728,43.08142],[-2.73732,43.08162],[-2.73729,43.08196],[-2.73729,43.08208],[-2.73731,43.08223],[-2.73735,43.08235],[-2.73745,43.08246],[-2.73759,43.08258],[-2.73769,43.08267],[-2.73831,43.08334],[-2.73835,43.08346]]}},{"type":"Feature","properties":{"id":197030048,"highway":"service","nombre":"Goikoetxea","superficie":"asphalt"},"geometry":{"type":"LineString","coordinates":[[-2.74033,43.07136],[-2.74048,43.07156],[-2.74046,43.07161],[-2.74046,43.07166],[-2.7405,43.07175],[-2.74055,43.07181],[-2.74063,43.07181]]}},{"type":"Feature","properties":{"id":197030049,"highway":"service","superficie":"asphalt"},"geometry":{"type":"LineString","coordinates":[[-2.73844,43.07995],[-2.73843,43.07968]]}},{"type":"Feature","properties":{"id":197030050,"highway":"unclassified","nombre":"Undurraga auzoa","puente":"yes","superficie":"asphalt"},"geometry":{"type":"LineString","coordinates":[[-2.74227,43.07561],[-2.74202,43.07546]]}},{"type":"Feature","properties":{"id":197030051,"highway":"service","superficie":"asphalt"},"geometry":{"type":"LineString","coordinates":[[-2.7361,43.08125],[-2.73592,43.08116]]}},{"type":"Feature","properties":{"id":197030052,"highway":"service","superficie":"asphalt"},"geometry":{"type":"LineString","coordinates":[[-2.75514,43.06752],[-2.75519,43.0675],[-2.75523,43.06747],[-2.75526,43.06744],[-2.75528,43.0674]]}},{"type":"Feature","properties":{"id":197030054,"highway":"service","nombre":"Altzusta auzoa"},"geometry":{"type":"LineString","coordinates":[[-2.72967,43.08016],[-2.72989,43.08029],[-2.73026,43.0804],[-2.73044,43.08052],[-2.73071,43.08063],[-2.73094,43.08077],[-2.73108,43.08089],[-2.73121,43.08092],[-2.73157,43.08089],[-2.73196,43.08091],[-2.73212,43.08095],[-2.73241,43.08121],[-2.73259,43.08129],[-2.73263,43.0813],[-2.73287,43.08136],[-2.73304,43.08143],[-2.73317,43.08152],[-2.73342,43.08171],[-2.73384,43.08194],[-2.73428,43.08214],[-2.73432,43.08218]]}},{"type":"Feature","properties":{"id":197030055,"highway":"unclassified","nombre":"Ipiñaburu auzoa","superficie":"concrete"},"geometry":{"type":"LineString","coordinates":[[-2.77454,43.0526],[-2.7746,43.05264],[-2.77463,43.05273],[-2.77461,43.05281],[-2.77457,43.0529],[-2.77456,43.05296],[-2.77453,43.05314],[-2.77449,43.05341],[-2.77451,43.05356],[-2.77462,43.05366],[-2.77495,43.05389],[-2.7752,43.05399],[-2.77567,43.05421],[-2.77584,43.0543],[-2.77608,43.05446],[-2.77619,43.0545],[-2.7763,43.05453],[-2.77637,43.05458],[-2.77642,43.05466],[-2.77639,43.05479],[-2.77633,43.0549],[-2.77612,43.05512],[-2.77584,43.05547],[-2.77563,43.05592],[-2.77557,43.0561],[-2.77556,43.05618],[-2.77555,43.05639],[-2.77552,43.05652],[-2.77549,43.05661],[-2.77545,43.05667],[-2.77539,43.05674],[-2.77526,43.05679],[-2.77514,43.05679],[-2.77501,43.05678],[-2.77477,43.05672],[-2.77449,43.05665],[-2.77436,43.05664],[-2.77396,43.0567],[-2.77367,43.05674],[-2.77347,43.05678],[-2.77321,43.05687],[-2.77288,43.057],[-2.77275,43.05707],[-2.77255,43.05724],[-2.77244,43.05732],[-2.77221,43.05742],[-2.77212,43.05748],[-2.77205,43.05754],[-2.77201,43.05762],[-2.77206,43.05771],[-2.77253,43.0583],[-2.7726,43.05839],[-2.7726,43.05845],[-2.77259,43.05854],[-2.77255,43.05865],[-2.77249,43.05879],[-2.77238,43.05894],[-2.77233,43.05912],[-2.77227,43.05925],[-2.77219,43.0593],[-2.77207,43.05931],[-2.77195,43.0593],[-2.77183,43.05925],[-2.77161,43.0591],[-2.77153,43.05904],[-2.77149,43.05903],[-2.77144,43.05904],[-2.77141,43.05912],[-2.77137,43.05923],[-2.77127,43.05961],[-2.77118,43.05999],[-2.77112,43.0601],[-2.771,43.06019],[-2.77077,43.06034],[-2.77062,43.06042],[-2.77053,43.06044],[-2.77042,43.06043],[-2.77023,43.0604],[-2.77007,43.06035],[-2.76987,43.0602],[-2.76979,43.06018],[-2.76969,43.06019],[-2.76961,43.06026],[-2.76954,43.06033],[-2.76936,43.06067],[-2.76923,43.06081],[-2.76915,43.06086],[-2.76865,43.06092],[-2.76831,43.06095],[-2.76763,43.06095],[-2.76688,43.06091],[-2.76656,43.06093],[-2.76647,43.06096],[-2.76631,43.06109],[-2.76616,43.06127],[-2.76604,43.06136],[-2.76588,43.06143],[-2.76562,43.06152],[-2.76543,43.06158],[-2.76522,43.06161],[-2.76485,43.06165],[-2.76467,43.06171],[-2.76459,43.06181],[-2.76456,43.06193],[-2.76458,43.06208],[-2.76468,43.06222],[-2.7648,43.06228],[-2.76501,43.06229],[-2.76512,43.06232],[-2.76516,43.06235],[-2.76517,43.06241],[-2.76511,43.06248],[-2.76502,43.06254],[-2.76487,43.06257],[-2.76467,43.06258],[-2.76444,43.06255],[-2.76425,43.06251],[-2.7638,43.06248],[-2.76333,43.06246],[-2.76325,43.06245],[-2.76319,43.06242],[-2.76311,43.06234],[-2.7631,43.06229],[-2.76312,43.06219],[-2.76312,43.06209],[-2.76308,43.06204],[-2.76303,43.06202],[-2.76295,43.06202],[-2.76288,43.06204],[-2.76269,43.06211],[-2.76249,43.06221],[-2.76241,43.06231],[-2.76231,43.06249],[-2.76223,43.06254],[-2.76212,43.06255],[-2.76198,43.06252],[-2.76176,43.06247],[-2.7616,43.06246],[-2.76154,43.06246],[-2.76151,43.06246],[-2.76133,43.06256],[-2.76036,43.06321],[-2.75962,43.06358],[-2.75953,43.06367],[-2.75945,43.06377],[-2.75929,43.06409],[-2.75902,43.06443],[-2.7586,43.06481],[-2.75844,43.06496],[-2.75813,43.06514],[-2.75807,43.06521],[-2.75804,43.06528],[-2.75805,43.06536],[-2.75811,43.06542],[-2.75829,43.06553],[-2.75853,43.06565],[-2.75864,43.06566],[-2.75905,43.06571],[-2.75914,43.06574],[-2.75924,43.0658],[-2.75927,43.06585],[-2.75927,43.06595],[-2.75917,43.06603],[-2.75904,43.06607],[-2.7587,43.06607],[-2.75844,43.06606],[-2.75827,43.06608],[-2.75811,43.06612],[-2.7578,43.06622],[-2.7577,43.06624],[-2.75756,43.06625],[-2.75739,43.0662],[-2.75732,43.06615],[-2.75723,43.06614],[-2.7571,43.06619]]}},{"type":"Feature","properties":{"id":197030056,"highway":"service","nombre":"Ipiñaburu auzoa","superficie":"asphalt"},"geometry":{"type":"LineString","coordinates":[[-2.73393,43.07189],[-2.73393,43.07201],[-2.73395,43.07206],[-2.73403,43.07216],[-2.73406,43.07218],[-2.73409,43.07218],[-2.73413,43.07219],[-2.73418,43.07222],[-2.73419,43.07224],[-2.73419,43.07227],[-2.73418,43.07229],[-2.73394,43.07238],[-2.73388,43.07239],[-2.73383,43.07237],[-2.73377,43.07234],[-2.73372,43.07228],[-2.73366,43.07218],[-2.73366,43.07214],[-2.73371,43.07212],[-2.73377,43.07209],[-2.73392,43.0719],[-2.73393,43.07189],[-2.73395,43.07187],[-2.73395,43.07187],[-2.73418,43.07177],[-2.73427,43.07175],[-2.73437,43.07174],[-2.73444,43.07174],[-2.73452,43.07176],[-2.73457,43.07179],[-2.7348,43.07198],[-2.73489,43.07201],[-2.73501,43.07204],[-2.73512,43.07204],[-2.73529,43.07203]]}},{"type":"Feature","properties":{"id":197030057,"highway":"service","superficie":"paved"},"geometry":{"type":"LineString","coordinates":[[-2.74065,43.06508],[-2.74058,43.06519],[-2.74078,43.06532],[-2.74097,43.06543],[-2.74115,43.06549],[-2.74118,43.06554],[-2.74117,43.06558],[-2.741,43.06574]]}},{"type":"Feature","properties":{"id":197030058,"highway":"unclassified","nombre":"Undurraga auzoa","superficie":"asphalt"},"geometry":{"type":"LineString","coordinates":[[-2.7441,43.0723],[-2.74361,43.07238],[-2.74358,43.07243],[-2.74359,43.07248],[-2.74393,43.07279],[-2.74433,43.07311],[-2.74467,43.07332],[-2.74492,43.07337],[-2.74493,43.07339],[-2.74494,43.07341],[-2.74484,43.07349],[-2.74474,43.07352],[-2.7445,43.07356],[-2.74411,43.07367],[-2.74381,43.07373],[-2.74339,43.07378],[-2.74311,43.07385],[-2.74286,43.07396],[-2.74266,43.0741],[-2.74248,43.07432],[-2.74238,43.0745],[-2.74227,43.07496],[-2.74215,43.07525],[-2.74202,43.07546]]}},{"type":"Feature","properties":{"id":197030059,"highway":"service","superficie":"asphalt"},"geometry":{"type":"LineString","coordinates":[[-2.73531,43.08063],[-2.73518,43.08052],[-2.73515,43.08052]]}},{"type":"Feature","properties":{"id":197030060,"highway":"service","superficie":"asphalt"},"geometry":{"type":"LineString","coordinates":[[-2.73906,43.07985],[-2.73865,43.07974],[-2.73843,43.07968],[-2.73836,43.07964]]}},{"type":"Feature","properties":{"id":197030062,"highway":"service","superficie":"asphalt"},"geometry":{"type":"LineString","coordinates":[[-2.73628,43.08104],[-2.73619,43.08098],[-2.73612,43.08097]]}},{"type":"Feature","properties":{"id":197030063,"highway":"unclassified","nombre":"Ipiñaburu auzoa","superficie":"asphalt"},"geometry":{"type":"LineString","coordinates":[[-2.73529,43.07203],[-2.73529,43.07211],[-2.73541,43.07248],[-2.7353,43.07265],[-2.73529,43.07285],[-2.7353,43.07324],[-2.73536,43.07336],[-2.73552,43.07352],[-2.73559,43.07365],[-2.73568,43.07373],[-2.7359,43.07386],[-2.73611,43.07403],[-2.73694,43.07425],[-2.73741,43.07439],[-2.73784,43.07449],[-2.73802,43.07457],[-2.73817,43.0747],[-2.73825,43.07487],[-2.73826,43.07506],[-2.73832,43.07515],[-2.73848,43.07525],[-2.7386,43.07531]]}},{"type":"Feature","properties":{"id":197030064,"highway":"service","nombre":"Altzuaga auzoa","superficie":"asphalt"},"geometry":{"type":"LineString","coordinates":[[-2.75014,43.07299],[-2.75007,43.07297],[-2.75002,43.07295],[-2.74997,43.07296],[-2.74979,43.07303],[-2.74973,43.07308],[-2.74971,43.07318],[-2.74968,43.07334],[-2.74972,43.07371],[-2.74968,43.07379]]}},{"type":"Feature","properties":{"id":197030065,"highway":"service"},"geometry":{"type":"LineString","coordinates":[[-2.73795,43.07031],[-2.73806,43.07058],[-2.73816,43.07068],[-2.73878,43.07109],[-2.73893,43.07117]]}},{"type":"Feature","properties":{"id":197030066,"highway":"service","superficie":"asphalt"},"geometry":{"type":"LineString","coordinates":[[-2.73618,43.08134],[-2.73612,43.08101],[-2.73612,43.08097],[-2.73611,43.08083],[-2.73579,43.08072]]}},{"type":"Feature","properties":{"id":197030067,"highway":"service","superficie":"asphalt"},"geometry":{"type":"LineString","coordinates":[[-2.74051,43.06951],[-2.7406,43.06962],[-2.74064,43.06973],[-2.74065,43.06993],[-2.74068,43.07011]]}},{"type":"Feature","properties":{"id":197030068,"highway":"service","superficie":"asphalt"},"geometry":{"type":"LineString","coordinates":[[-2.74597,43.06897],[-2.74625,43.06888],[-2.74654,43.06911],[-2.74684,43.06927],[-2.74672,43.06968]]}},{"type":"Feature","properties":{"id":197034605,"highway":"service"},"geometry":{"type":"LineString","coordinates":[[-2.71887,43.08476],[-2.71902,43.08471],[-2.71922,43.08471],[-2.71976,43.0848],[-2.72074,43.08529],[-2.72091,43.08534],[-2.721,43.08537],[-2.72135,43.08535],[-2.7216,43.08524],[-2.72189,43.08502],[-2.72203,43.0848],[-2.72213,43.08473],[-2.72234,43.08469],[-2.72328,43.08466],[-2.72338,43.08463],[-2.72338,43.08456],[-2.72333,43.08449],[-2.72312,43.08438],[-2.72266,43.0842]]}},{"type":"Feature","properties":{"id":197034606,"highway":"service","nombre":"Altzusta auzoa","superficie":"asphalt"},"geometry":{"type":"LineString","coordinates":[[-2.72263,43.07744],[-2.7228,43.07736],[-2.72286,43.07737],[-2.72349,43.07788],[-2.7237,43.07809],[-2.72384,43.07833],[-2.72384,43.07844],[-2.72377,43.07859],[-2.72356,43.07896],[-2.72326,43.07936],[-2.72291,43.07972],[-2.72254,43.08002],[-2.72214,43.08022],[-2.72183,43.08025],[-2.72109,43.08004],[-2.72035,43.07975],[-2.72016,43.07972],[-2.71995,43.07974],[-2.71966,43.07978],[-2.71933,43.07985],[-2.71889,43.07989],[-2.71862,43.08001],[-2.71852,43.08012],[-2.7185,43.08021],[-2.71857,43.0803],[-2.7192,43.08056],[-2.71924,43.08063]]}},{"type":"Feature","properties":{"id":197034607,"highway":"unclassified","nombre":"Altzusta auzoa"},"geometry":{"type":"LineString","coordinates":[[-2.74045,43.09079],[-2.74052,43.09072],[-2.74062,43.09054],[-2.74072,43.09045],[-2.74089,43.09037],[-2.74156,43.09026],[-2.74183,43.09025],[-2.74205,43.09029],[-2.7424,43.09038],[-2.74289,43.09042],[-2.7432,43.0904],[-2.74373,43.09044],[-2.74378,43.09044],[-2.74386,43.09042],[-2.74439,43.09018],[-2.74463,43.09015],[-2.74498,43.09014],[-2.74526,43.09016],[-2.74551,43.09023],[-2.74578,43.09032],[-2.74605,43.09036],[-2.74682,43.09053],[-2.74731,43.0906],[-2.74775,43.09062],[-2.7482,43.09071],[-2.74843,43.0908],[-2.74857,43.09093],[-2.74872,43.09117],[-2.74879,43.09143]]}},{"type":"Feature","properties":{"id":197034608,"highway":"track","superficie":"gravel"},"geometry":{"type":"LineString","coordinates":[[-2.73295,43.08804],[-2.73287,43.08782],[-2.73293,43.08773],[-2.73292,43.08768],[-2.73285,43.0876],[-2.73283,43.08751],[-2.73292,43.08729],[-2.73304,43.08705],[-2.73319,43.08689],[-2.73326,43.08682],[-2.73337,43.08672],[-2.73349,43.08666],[-2.73394,43.08652],[-2.73418,43.08643],[-2.73475,43.08632],[-2.73515,43.08623],[-2.73534,43.08612],[-2.73545,43.08601],[-2.73548,43.08591],[-2.73545,43.08578],[-2.73506,43.08517],[-2.7349,43.08499],[-2.73434,43.08456],[-2.73406,43.08443],[-2.73389,43.08432],[-2.73371,43.08413],[-2.73366,43.08402],[-2.73361,43.08385],[-2.7334,43.08367],[-2.73321,43.08364],[-2.73291,43.08357],[-2.73235,43.08351],[-2.73192,43.08349]]}},{"type":"Feature","properties":{"id":197034609,"highway":"unclassified","nombre":"San Isidro kalea","superficie":"asphalt"},"geometry":{"type":"LineString","coordinates":[[-2.74751,43.09282],[-2.74758,43.09268],[-2.74768,43.09236],[-2.74836,43.09192],[-2.74871,43.09164]]}},{"type":"Feature","properties":{"id":197034610,"highway":"unclassified","nombre":"Altzusta auzoa"},"geometry":{"type":"LineString","coordinates":[[-2.7411,43.09301],[-2.74105,43.09305],[-2.74098,43.0931],[-2.74087,43.09309],[-2.74068,43.09301],[-2.74024,43.09301],[-2.74008,43.09296]]}},{"type":"Feature","properties":{"id":197034611,"highway":"service","superficie":"asphalt"},"geometry":{"type":"LineString","coordinates":[[-2.74126,43.08973],[-2.74092,43.08976],[-2.74084,43.08979],[-2.74077,43.08985],[-2.74056,43.09022]]}},{"type":"Feature","properties":{"id":197034612,"highway":"unclassified"},"geometry":{"type":"LineString","coordinates":[[-2.73282,43.08805],[-2.73295,43.08804],[-2.7331,43.08807],[-2.73309,43.08832],[-2.73311,43.08839]]}},{"type":"Feature","properties":{"id":197034613,"highway":"unclassified","nombre":"Altzusta auzoa","superficie":"asphalt"},"geometry":{"type":"LineString","coordinates":[[-2.7439,43.09248],[-2.74368,43.09232],[-2.74296,43.09199],[-2.74264,43.09195],[-2.74234,43.09188]]}},{"type":"Feature","properties":{"id":197034614,"highway":"unclassified","oneway":"yes"},"geometry":{"type":"LineString","coordinates":[[-2.74872,43.09189],[-2.7488,43.09205],[-2.74901,43.09227],[-2.7491,43.09236]]}},{"type":"Feature","properties":{"id":197034615,"highway":"service","superficie":"asphalt"},"geometry":{"type":"LineString","coordinates":[[-2.7402,43.08966],[-2.73998,43.08963],[-2.73984,43.08964],[-2.73958,43.08969],[-2.73949,43.08969],[-2.73943,43.08963],[-2.7394,43.08949]]}},{"type":"Feature","properties":{"id":197034616,"highway":"unclassified","nombre":"Altzusta auzoa"},"geometry":{"type":"LineString","coordinates":[[-2.71773,43.082],[-2.71813,43.0823],[-2.71834,43.08243],[-2.71887,43.08287],[-2.71902,43.08295],[-2.71924,43.08296],[-2.7199,43.08307],[-2.72007,43.08313],[-2.72037,43.08329],[-2.7208,43.08354],[-2.721,43.08359],[-2.72118,43.0837],[-2.72145,43.08388],[-2.72164,43.08395],[-2.72218,43.08407],[-2.72266,43.0842],[-2.72297,43.08421],[-2.7233,43.08418],[-2.72347,43.08423],[-2.72373,43.08428],[-2.72396,43.08425],[-2.72421,43.08428],[-2.72432,43.08437],[-2.72449,43.08457],[-2.7247,43.08465],[-2.72494,43.0847],[-2.7252,43.08468],[-2.72544,43.08461],[-2.7256,43.08454],[-2.72587,43.08453],[-2.72609,43.08465],[-2.72627,43.08477],[-2.72667,43.08488],[-2.72745,43.08489],[-2.72763,43.08493],[-2.7278,43.08505],[-2.72792,43.08509],[-2.72814,43.08501],[-2.72858,43.0849],[-2.72908,43.0847],[-2.72938,43.08469],[-2.72969,43.08467],[-2.72988,43.08468],[-2.73034,43.08475],[-2.73066,43.08472],[-2.73085,43.08476],[-2.73115,43.08489],[-2.7313,43.08492],[-2.73152,43.08487],[-2.73188,43.08481],[-2.73221,43.08468],[-2.73232,43.08469],[-2.73245,43.08477],[-2.73307,43.0855],[-2.73312,43.08563],[-2.73311,43.08575],[-2.73302,43.08587],[-2.73292,43.08613],[-2.73271,43.08648],[-2.73254,43.08665],[-2.73246,43.08678],[-2.7324,43.08704],[-2.73241,43.08736],[-2.73251,43.08768],[-2.73261,43.08781],[-2.73264,43.08797],[-2.73282,43.08805],[-2.73286,43.08827],[-2.73291,43.08839],[-2.73297,43.08846]]}},{"type":"Feature","properties":{"id":197034618,"highway":"service","superficie":"asphalt"},"geometry":{"type":"LineString","coordinates":[[-2.74117,43.09003],[-2.74088,43.09009],[-2.74066,43.09019],[-2.74056,43.09022],[-2.74026,43.09032],[-2.7402,43.09037],[-2.74019,43.09044],[-2.74022,43.09063],[-2.74021,43.0907]]}},{"type":"Feature","properties":{"id":197034619,"highway":"unclassified","nombre":"San Isidro kalea","superficie":"asphalt"},"geometry":{"type":"LineString","coordinates":[[-2.74844,43.0934],[-2.74848,43.09334],[-2.74848,43.09325],[-2.7485,43.09313],[-2.7485,43.09301],[-2.74848,43.09288],[-2.7485,43.09272],[-2.74855,43.09262],[-2.74876,43.09243],[-2.74878,43.09234],[-2.74874,43.09217],[-2.74866,43.09197],[-2.74872,43.09189],[-2.74871,43.09164],[-2.74879,43.09143]]}},{"type":"Feature","properties":{"id":197034620,"highway":"track","superficie":"gravel"},"geometry":{"type":"LineString","coordinates":[[-2.73475,43.08632],[-2.73469,43.08636],[-2.73476,43.08639],[-2.73512,43.08638],[-2.73534,43.08636],[-2.7357,43.08625],[-2.73583,43.0862],[-2.736,43.08609],[-2.73608,43.0861]]}},{"type":"Feature","properties":{"id":197127042,"highway":"track","superficie":"gravel"},"geometry":{"type":"LineString","coordinates":[[-2.77642,43.05466],[-2.7766,43.05465],[-2.77667,43.05466],[-2.77686,43.05465],[-2.77697,43.05459],[-2.77709,43.05449],[-2.77716,43.05444],[-2.77724,43.0544],[-2.77738,43.05439],[-2.77763,43.05443],[-2.77773,43.05442],[-2.7779,43.05438],[-2.7781,43.05431],[-2.77817,43.05431],[-2.77827,43.0543],[-2.77842,43.05431],[-2.77849,43.05437],[-2.7785,43.05446],[-2.77846,43.05453],[-2.77837,43.05463],[-2.77835,43.05471],[-2.7784,43.05478],[-2.7785,43.05485],[-2.77855,43.05492],[-2.77855,43.05499],[-2.77848,43.05505],[-2.77841,43.05509],[-2.77827,43.05517],[-2.77816,43.05528],[-2.77783,43.05569],[-2.77771,43.0558],[-2.77769,43.05588],[-2.77798,43.05621],[-2.77806,43.05637],[-2.77816,43.05676],[-2.77819,43.05699],[-2.77829,43.05713],[-2.77849,43.05721],[-2.77877,43.05729],[-2.77905,43.05747],[-2.77928,43.05756],[-2.77973,43.05771],[-2.78003,43.05778],[-2.78023,43.05784],[-2.78041,43.05784],[-2.78088,43.05776],[-2.78109,43.05776],[-2.78122,43.0578],[-2.78133,43.05786],[-2.78153,43.05799],[-2.78172,43.0581],[-2.78211,43.05825],[-2.78233,43.05835],[-2.78249,43.05841],[-2.78253,43.05847],[-2.78255,43.05853],[-2.78254,43.0586],[-2.78249,43.05865],[-2.78233,43.05882],[-2.78225,43.05895],[-2.78219,43.05918],[-2.78221,43.05943],[-2.78227,43.05989],[-2.78223,43.05998],[-2.78217,43.06003],[-2.78207,43.06005],[-2.782,43.06006],[-2.78178,43.06008],[-2.78167,43.06011],[-2.78156,43.06018],[-2.78138,43.06028],[-2.78124,43.06031],[-2.78103,43.06034],[-2.78094,43.06038],[-2.78087,43.06045],[-2.78079,43.06057],[-2.78071,43.0608],[-2.78066,43.06089],[-2.78058,43.06106],[-2.78055,43.06122],[-2.7805,43.06142],[-2.78019,43.06177],[-2.77975,43.06253],[-2.77966,43.06282],[-2.77964,43.06329],[-2.77972,43.06346],[-2.78018,43.06405],[-2.78065,43.06451],[-2.78085,43.06476],[-2.7809,43.06486],[-2.78091,43.06496],[-2.78084,43.06522],[-2.78082,43.06529],[-2.78082,43.06533],[-2.78092,43.06556],[-2.78089,43.06568],[-2.78078,43.06588],[-2.78063,43.06598],[-2.78034,43.06606],[-2.78029,43.06611],[-2.78029,43.06615],[-2.78031,43.06619],[-2.78036,43.06622],[-2.7805,43.06626],[-2.78059,43.06632],[-2.7807,43.06655],[-2.78092,43.0668],[-2.78099,43.06685],[-2.78108,43.06689],[-2.78129,43.06693],[-2.78141,43.06697],[-2.78153,43.06707],[-2.78161,43.06723],[-2.78161,43.06737],[-2.78127,43.06775],[-2.78111,43.06784],[-2.7807,43.06794],[-2.78039,43.06799],[-2.77996,43.0682],[-2.77979,43.06842],[-2.7797,43.06885],[-2.77929,43.06892],[-2.77903,43.06903],[-2.77873,43.06917],[-2.77855,43.06931],[-2.77836,43.06952],[-2.77829,43.06962],[-2.77827,43.06972],[-2.77827,43.0698],[-2.77833,43.06992],[-2.77868,43.0706],[-2.77869,43.07075],[-2.77867,43.07084],[-2.77864,43.0709],[-2.77859,43.07099],[-2.77847,43.0711],[-2.7784,43.07118],[-2.77837,43.07125],[-2.77835,43.07138],[-2.77835,43.0715],[-2.77836,43.07157],[-2.77838,43.07164],[-2.77845,43.07175],[-2.77849,43.07183],[-2.77851,43.07193],[-2.7785,43.07202],[-2.77845,43.07208],[-2.77838,43.07212],[-2.77824,43.07215],[-2.77812,43.07215],[-2.77799,43.07213],[-2.77786,43.07213],[-2.77771,43.07221],[-2.77719,43.07252],[-2.77694,43.07271],[-2.77687,43.07278],[-2.77686,43.07287],[-2.77687,43.07309],[-2.77686,43.07318],[-2.77679,43.07344],[-2.77667,43.07365],[-2.77656,43.07379],[-2.77646,43.07388],[-2.77637,43.07393],[-2.77633,43.07406],[-2.77629,43.07411],[-2.77623,43.07416],[-2.77614,43.07422],[-2.77609,43.07427],[-2.77599,43.07444],[-2.77592,43.07451],[-2.77586,43.07455],[-2.77571,43.07465],[-2.77564,43.07473],[-2.77555,43.07486],[-2.77549,43.07496],[-2.77543,43.07513],[-2.7754,43.07525],[-2.77537,43.0754],[-2.77536,43.07557],[-2.77536,43.07574],[-2.77536,43.0758],[-2.77538,43.07588],[-2.77539,43.07595],[-2.77557,43.0763],[-2.77569,43.07666],[-2.77584,43.07683],[-2.77593,43.0769],[-2.77607,43.07703],[-2.77614,43.07709],[-2.7762,43.07718],[-2.77632,43.07739],[-2.77638,43.07766],[-2.77642,43.07784],[-2.7765,43.07814],[-2.77653,43.07838],[-2.77655,43.07848],[-2.77662,43.07858],[-2.77683,43.07867],[-2.77705,43.07877],[-2.77713,43.07887],[-2.77723,43.07906],[-2.77728,43.07917],[-2.77737,43.07927],[-2.77749,43.07941],[-2.77757,43.07948],[-2.77792,43.07969],[-2.7784,43.08002],[-2.77852,43.08014],[-2.77858,43.08019],[-2.7787,43.08031],[-2.77886,43.08038],[-2.77905,43.08046],[-2.7791,43.08056],[-2.77911,43.08062],[-2.77911,43.08079],[-2.77939,43.08114],[-2.77977,43.08145],[-2.78002,43.08154],[-2.78016,43.0816],[-2.78044,43.08171],[-2.78054,43.08176],[-2.78071,43.08175],[-2.78098,43.08161],[-2.78114,43.08152],[-2.78131,43.0815],[-2.78146,43.08156],[-2.78155,43.08173],[-2.78162,43.08186],[-2.78169,43.08199],[-2.78176,43.08212],[-2.78176,43.0822],[-2.78175,43.08229],[-2.78165,43.0825],[-2.78164,43.08268],[-2.7817,43.08289],[-2.78179,43.08303],[-2.78189,43.08307],[-2.78196,43.0831],[-2.78221,43.08314],[-2.7823,43.08315],[-2.7824,43.08324],[-2.78243,43.08335],[-2.78247,43.08353],[-2.78256,43.08364],[-2.7828,43.08383],[-2.78297,43.08395],[-2.78316,43.08421],[-2.78329,43.08439],[-2.78347,43.08453],[-2.78365,43.08468],[-2.78375,43.08473],[-2.78403,43.08488],[-2.78433,43.08503],[-2.78475,43.08525],[-2.78486,43.08533],[-2.78505,43.0855],[-2.78515,43.08559]]}},{"type":"Feature","properties":{"id":197127043,"highway":"track","superficie":"gravel"},"geometry":{"type":"LineString","coordinates":[[-2.78941,43.0893],[-2.78937,43.08929],[-2.78933,43.08926]]}},{"type":"Feature","properties":{"id":197137860,"highway":"unclassified","nombre":"Ogarabeti auzoa","superficie":"asphalt"},"geometry":{"type":"MultiLineString","coordinates":[[[-2.76308,43.12266],[-2.76308,43.12267]],[[-2.76049,43.12076],[-2.76045,43.12071]]]}},{"type":"Feature","properties":{"id":197137861,"highway":"service","nombre":"Asterria auzoa","superficie":"asphalt"},"geometry":{"type":"LineString","coordinates":[[-2.76308,43.12266],[-2.76314,43.1225],[-2.76331,43.12237],[-2.76338,43.12228],[-2.76356,43.12182],[-2.7639,43.12107],[-2.76391,43.12088],[-2.76385,43.12078],[-2.76375,43.12068]]}},{"type":"Feature","properties":{"id":197188461,"highway":"trunk","nombre":"Tarragona-Bilbo errepidea","izena_eu":"Tarragona-Bilbo errepidea","nombre_es":"Carretera Tarragona-Bilbao","ref":"N-240"},"geometry":{"type":"LineString","coordinates":[[-2.69939,43.05197],[-2.69914,43.05165]]}},{"type":"Feature","properties":{"id":197188463,"highway":"tertiary_link"},"geometry":{"type":"LineString","coordinates":[[-2.69897,43.05175],[-2.69907,43.05172],[-2.69914,43.05165]]}},{"type":"Feature","properties":{"id":197188465,"highway":"trunk","nombre":"Tarragona-Bilbo errepidea","izena_eu":"Tarragona-Bilbo errepidea","nombre_es":"Carretera Tarragona-Bilbao","ref":"N-240"},"geometry":{"type":"LineString","coordinates":[[-2.69914,43.05165],[-2.69843,43.05077],[-2.69767,43.04986],[-2.69683,43.04883],[-2.696,43.04782],[-2.69567,43.04744],[-2.69542,43.04714],[-2.69458,43.04622],[-2.69376,43.04534],[-2.69362,43.04517],[-2.69359,43.04513],[-2.6935,43.04502],[-2.69346,43.04493],[-2.69341,43.04481],[-2.69337,43.04468],[-2.69336,43.04451],[-2.69338,43.04418],[-2.69358,43.04223],[-2.69376,43.04024],[-2.69377,43.04002],[-2.69378,43.03984],[-2.69376,43.03968],[-2.69373,43.03953],[-2.69368,43.0393],[-2.69323,43.03739],[-2.69315,43.03706]]}},{"type":"Feature","properties":{"id":197188472,"highway":"living_street","nombre":"Asterria auzoa"},"geometry":{"type":"LineString","coordinates":[[-2.75117,43.11635],[-2.75111,43.11631],[-2.75109,43.11623],[-2.7511,43.11606],[-2.75108,43.11595],[-2.75106,43.11586],[-2.75101,43.11564],[-2.751,43.11561],[-2.75069,43.11565],[-2.7506,43.11566],[-2.75059,43.11565],[-2.75055,43.11563],[-2.75047,43.11557],[-2.75036,43.11552]]}},{"type":"Feature","properties":{"id":197188474,"highway":"service","nombre":"Asterria auzoa","superficie":"paved"},"geometry":{"type":"LineString","coordinates":[[-2.75201,43.11154],[-2.75201,43.1116],[-2.75181,43.1117],[-2.75143,43.11177],[-2.75104,43.11182],[-2.75073,43.11187],[-2.75042,43.11194],[-2.74996,43.11183],[-2.74982,43.11184],[-2.74966,43.11186],[-2.74948,43.11189],[-2.74926,43.11186],[-2.74911,43.11179],[-2.74899,43.11167],[-2.74871,43.11137],[-2.74848,43.11125],[-2.74836,43.11121],[-2.7482,43.11117],[-2.74776,43.11113],[-2.74749,43.11107],[-2.74738,43.11102],[-2.74723,43.11083],[-2.74693,43.11053],[-2.74685,43.11038],[-2.7468,43.11024],[-2.74671,43.11008],[-2.7464,43.10964],[-2.74621,43.10943],[-2.74587,43.10919],[-2.74567,43.10897],[-2.74565,43.10889],[-2.74559,43.1088],[-2.74534,43.10864],[-2.74525,43.10855],[-2.74513,43.10828],[-2.74499,43.10802],[-2.74498,43.10791],[-2.74502,43.10782],[-2.74511,43.10776],[-2.74519,43.10776],[-2.74539,43.10782],[-2.74565,43.10789],[-2.74605,43.10798],[-2.74646,43.10812]]}},{"type":"Feature","properties":{"id":197188481,"highway":"service","nombre":"Asterria auzoa","superficie":"asphalt"},"geometry":{"type":"LineString","coordinates":[[-2.74933,43.11556],[-2.74926,43.11556],[-2.74927,43.11545],[-2.74932,43.11539],[-2.74946,43.11531],[-2.74952,43.11529],[-2.74961,43.1153],[-2.74991,43.11539],[-2.75012,43.11551],[-2.75022,43.11554],[-2.75036,43.11552]]}},{"type":"Feature","properties":{"id":197188483,"highway":"unclassified","superficie":"paved"},"geometry":{"type":"LineString","coordinates":[[-2.74646,43.10812],[-2.74656,43.10813],[-2.74681,43.10818],[-2.74775,43.1085],[-2.74798,43.10854],[-2.74863,43.10871],[-2.74884,43.10873],[-2.74912,43.10877],[-2.74933,43.10885],[-2.74979,43.10896],[-2.75007,43.10899],[-2.75026,43.10897],[-2.75046,43.10892]]}},{"type":"Feature","properties":{"id":197188486,"highway":"unclassified","superficie":"asphalt"},"geometry":{"type":"LineString","coordinates":[[-2.75046,43.10892],[-2.75104,43.10879],[-2.75166,43.10865],[-2.75206,43.10858],[-2.75257,43.10853],[-2.75303,43.1085],[-2.75311,43.10847],[-2.7531,43.10841],[-2.75303,43.10835],[-2.75297,43.10832],[-2.75277,43.10819],[-2.75201,43.10764],[-2.75179,43.10737],[-2.75159,43.10709],[-2.75143,43.10678],[-2.75133,43.10671]]}},{"type":"Feature","properties":{"id":197188489,"highway":"service"},"geometry":{"type":"LineString","coordinates":[[-2.7555,43.11111],[-2.75577,43.1112]]}},{"type":"Feature","properties":{"id":197188491,"highway":"service","nombre":"Asterria auzoa","superficie":"paved"},"geometry":{"type":"LineString","coordinates":[[-2.74025,43.10659],[-2.74033,43.10663],[-2.74046,43.10673],[-2.74055,43.10687],[-2.74056,43.10702],[-2.74061,43.10713],[-2.74073,43.10736],[-2.74076,43.10746],[-2.74074,43.10759],[-2.7406,43.10793],[-2.74057,43.10815],[-2.74051,43.10828],[-2.74041,43.10839],[-2.74038,43.10847],[-2.7404,43.10854],[-2.74053,43.10859],[-2.74066,43.1086],[-2.74088,43.1086],[-2.74139,43.10856],[-2.74201,43.10855],[-2.74252,43.10851]]}},{"type":"Feature","properties":{"id":197188494,"highway":"service","nombre":"Asterria auzoa","superficie":"asphalt"},"geometry":{"type":"LineString","coordinates":[[-2.75036,43.11552],[-2.75026,43.11544],[-2.75017,43.11532],[-2.75002,43.11521],[-2.74996,43.11513],[-2.74971,43.11488],[-2.74938,43.11465],[-2.74889,43.11439],[-2.74887,43.11431],[-2.74889,43.11422],[-2.7491,43.11387],[-2.74923,43.1137],[-2.7493,43.11355],[-2.74932,43.11344],[-2.74927,43.11332],[-2.74924,43.11314],[-2.74929,43.11303],[-2.74935,43.11288],[-2.74935,43.11276],[-2.74921,43.1125],[-2.74896,43.11232],[-2.74888,43.11224],[-2.74878,43.11201],[-2.74865,43.11178],[-2.7485,43.11144],[-2.74836,43.11121]]}},{"type":"Feature","properties":{"id":197188496,"highway":"service","nombre":"Asterria auzoa","superficie":"asphalt"},"geometry":{"type":"LineString","coordinates":[[-2.7497,43.1156],[-2.7496,43.11555],[-2.74927,43.11545]]}},{"type":"Feature","properties":{"id":197188497,"highway":"service","superficie":"asphalt"},"geometry":{"type":"LineString","coordinates":[[-2.75587,43.11787],[-2.75583,43.11768],[-2.75584,43.11759],[-2.75586,43.11756],[-2.7559,43.11751],[-2.75617,43.11732],[-2.7566,43.11697],[-2.75704,43.11669],[-2.75718,43.11664],[-2.75732,43.11661],[-2.75798,43.11663],[-2.75852,43.11667],[-2.75903,43.11671],[-2.75924,43.11675],[-2.75964,43.11689],[-2.75974,43.11691],[-2.75985,43.11688],[-2.75995,43.11681],[-2.75997,43.11673],[-2.75995,43.11662],[-2.7599,43.11653],[-2.7597,43.11623],[-2.75957,43.11609],[-2.75895,43.11576],[-2.75883,43.11567],[-2.75857,43.11539],[-2.75802,43.1148],[-2.75756,43.11453],[-2.75754,43.11449],[-2.75755,43.11444],[-2.75767,43.11434]]}},{"type":"Feature","properties":{"id":197188499,"highway":"living_street","nombre":"Asterria auzoa"},"geometry":{"type":"LineString","coordinates":[[-2.75034,43.11591],[-2.7505,43.11591],[-2.75076,43.11587],[-2.75106,43.11586]]}},{"type":"Feature","properties":{"id":197188501,"highway":"service"},"geometry":{"type":"LineString","coordinates":[[-2.75193,43.11],[-2.75169,43.10996],[-2.75146,43.10986],[-2.75122,43.10973]]}},{"type":"Feature","properties":{"id":197188503,"highway":"tertiary","nombre":"Altzusta auzoa","ref":"BI-3542"},"geometry":{"type":"LineString","coordinates":[[-2.69897,43.05175],[-2.69878,43.05166],[-2.69863,43.05159],[-2.69851,43.05153],[-2.6982,43.0514],[-2.69809,43.05137],[-2.69793,43.05135],[-2.6978,43.05136],[-2.69764,43.0514],[-2.69749,43.05146],[-2.69694,43.05178]]}},{"type":"Feature","properties":{"id":197188505,"highway":"unclassified","nombre":"Asterria auzoa","superficie":"paved"},"geometry":{"type":"LineString","coordinates":[[-2.7649,43.11761],[-2.76498,43.11754],[-2.76511,43.11745],[-2.76522,43.11732],[-2.76529,43.11723]]}},{"type":"Feature","properties":{"id":197188507,"highway":"service","superficie":"asphalt"},"geometry":{"type":"LineString","coordinates":[[-2.7551,43.11762],[-2.75527,43.11766],[-2.75537,43.11765],[-2.75548,43.11762],[-2.75563,43.11753],[-2.75566,43.11753],[-2.75571,43.11751],[-2.75586,43.11756]]}},{"type":"Feature","properties":{"id":197188510,"highway":"unclassified","nombre":"Asterria auzoa","superficie":"paved"},"geometry":{"type":"LineString","coordinates":[[-2.76552,43.11692],[-2.76574,43.11681],[-2.7658,43.11674],[-2.76585,43.11668],[-2.76598,43.11645],[-2.76605,43.11629],[-2.76617,43.11613]]}},{"type":"Feature","properties":{"id":197188512,"highway":"service","nombre":"Altzusta auzoa","superficie":"paved"},"geometry":{"type":"LineString","coordinates":[[-2.7,43.0527],[-2.69995,43.05274],[-2.69994,43.0528],[-2.69993,43.05285],[-2.69988,43.0529],[-2.69972,43.05297],[-2.69964,43.05302],[-2.69926,43.05325],[-2.69894,43.05333],[-2.69851,43.05347]]}},{"type":"Feature","properties":{"id":197188514,"highway":"service","nombre":"Asterria auzoa","superficie":"paved"},"geometry":{"type":"LineString","coordinates":[[-2.74735,43.11782],[-2.74726,43.11778],[-2.74722,43.11776],[-2.74714,43.11768],[-2.74704,43.11757],[-2.74696,43.11749],[-2.74647,43.11692],[-2.74618,43.1166],[-2.74605,43.11641],[-2.74579,43.11594],[-2.74575,43.11583],[-2.74575,43.11563],[-2.74589,43.11529],[-2.74597,43.11511],[-2.74603,43.11506],[-2.74613,43.11503],[-2.74622,43.11503],[-2.74634,43.11506],[-2.74647,43.11512],[-2.74653,43.11511],[-2.74656,43.11508],[-2.74658,43.11498],[-2.74653,43.11481],[-2.74649,43.11471],[-2.74633,43.11443],[-2.74628,43.11426],[-2.74626,43.11409],[-2.74628,43.114],[-2.74634,43.11393],[-2.74646,43.11383],[-2.74652,43.11375],[-2.74652,43.11368],[-2.74649,43.11363],[-2.74643,43.11359],[-2.74573,43.11323],[-2.74565,43.11317],[-2.74547,43.11289],[-2.74543,43.11284],[-2.74535,43.11278],[-2.74479,43.11251],[-2.74471,43.11242],[-2.74464,43.11229],[-2.74456,43.11207],[-2.74433,43.11155],[-2.74422,43.11143],[-2.74406,43.11135],[-2.74382,43.11129],[-2.74354,43.11128],[-2.74338,43.11122],[-2.74332,43.11119],[-2.74314,43.11108],[-2.74283,43.11081],[-2.74271,43.11067],[-2.74254,43.11043],[-2.74241,43.11029],[-2.74232,43.11024],[-2.74202,43.11018],[-2.74197,43.11013],[-2.74199,43.11007],[-2.74206,43.11004],[-2.74239,43.11],[-2.74262,43.10999],[-2.74271,43.10997],[-2.74275,43.10995],[-2.74275,43.10991],[-2.74271,43.10982],[-2.74261,43.10972],[-2.74242,43.10962],[-2.74199,43.10947],[-2.74184,43.10939],[-2.74176,43.10928],[-2.74175,43.10925],[-2.74175,43.1092],[-2.74183,43.10913],[-2.74195,43.10909],[-2.74235,43.1091],[-2.74253,43.10912],[-2.74299,43.10928],[-2.74311,43.10929],[-2.74321,43.10925],[-2.74325,43.10918],[-2.7432,43.1091],[-2.74279,43.10883],[-2.74276,43.10878],[-2.74267,43.10864],[-2.74252,43.10851]]}},{"type":"Feature","properties":{"id":197188521,"highway":"service","superficie":"paved"},"geometry":{"type":"LineString","coordinates":[[-2.76488,43.1173],[-2.76474,43.1174],[-2.76453,43.11744],[-2.76437,43.11743],[-2.76422,43.11742],[-2.76388,43.1174],[-2.7637,43.11733],[-2.76348,43.11713],[-2.76346,43.11709]]}},{"type":"Feature","properties":{"id":197188524,"highway":"service","nombre":"Asterria auzoa","superficie":"paved"},"geometry":{"type":"LineString","coordinates":[[-2.76539,43.11803],[-2.76541,43.11798],[-2.76539,43.11793],[-2.76521,43.11779],[-2.76504,43.11773],[-2.76491,43.11766],[-2.7649,43.11761]]}},{"type":"Feature","properties":{"id":197194425,"highway":"service","nombre":"Makasti auzoa","superficie":"paved"},"geometry":{"type":"LineString","coordinates":[[-2.71763,43.0942],[-2.71751,43.09407],[-2.71732,43.09387],[-2.71725,43.09379],[-2.71704,43.09351],[-2.71677,43.09319]]}},{"type":"Feature","properties":{"id":197194426,"highway":"service","nombre":"Makasti auzoa","superficie":"paved"},"geometry":{"type":"MultiLineString","coordinates":[[[-2.71725,43.09434],[-2.71751,43.09422],[-2.71763,43.0942],[-2.7177,43.09427],[-2.71797,43.09454],[-2.71809,43.09466],[-2.7182,43.09473],[-2.71829,43.09483],[-2.71844,43.09505],[-2.71855,43.09516],[-2.71872,43.09534],[-2.71875,43.09537],[-2.71908,43.09571],[-2.71938,43.09605],[-2.71943,43.09613],[-2.71948,43.09624],[-2.71973,43.09682],[-2.71975,43.09687]],[[-2.72146,43.09835],[-2.72157,43.09837],[-2.72174,43.09843],[-2.72179,43.09845],[-2.72225,43.09866],[-2.72246,43.09873],[-2.72256,43.0988],[-2.7227,43.09903],[-2.72285,43.09919],[-2.72306,43.09933],[-2.72311,43.0994],[-2.72324,43.09959],[-2.7233,43.09968],[-2.72343,43.09981],[-2.72358,43.09993],[-2.72373,43.10002],[-2.72392,43.10013],[-2.72435,43.10036],[-2.72448,43.10045],[-2.72457,43.10054],[-2.72469,43.10065],[-2.72478,43.10076],[-2.72481,43.10081],[-2.72485,43.10088],[-2.72486,43.10095],[-2.72486,43.10108],[-2.72488,43.10113],[-2.72494,43.10128],[-2.72496,43.10131]],[[-2.72557,43.1019],[-2.72596,43.10203],[-2.72616,43.10206],[-2.72625,43.10209],[-2.72633,43.10215],[-2.72643,43.10229],[-2.72652,43.10246],[-2.72655,43.10251],[-2.72661,43.10255],[-2.72674,43.10265],[-2.72683,43.10273],[-2.72691,43.10283],[-2.72698,43.10296],[-2.72702,43.10311],[-2.72704,43.10317]]]}},{"type":"Feature","properties":{"id":197194427,"highway":"service"},"geometry":{"type":"LineString","coordinates":[[-2.72088,43.0968],[-2.72079,43.09684],[-2.72071,43.0968],[-2.72042,43.09662],[-2.72002,43.0964],[-2.71984,43.09632],[-2.71962,43.09627],[-2.71948,43.09624]]}},{"type":"Feature","properties":{"id":197646835,"highway":"residential","nombre":"Orue auzoa"},"geometry":{"type":"LineString","coordinates":[[-2.74859,43.09967],[-2.74842,43.09941],[-2.74838,43.09931],[-2.74834,43.09918],[-2.74829,43.09905],[-2.74822,43.09896],[-2.74815,43.09891]]}},{"type":"Feature","properties":{"id":197646840,"highway":"residential","nombre":"Askalde auzoa"},"geometry":{"type":"LineString","coordinates":[[-2.74631,43.10141],[-2.74632,43.10116],[-2.74638,43.10092],[-2.74645,43.10079],[-2.74655,43.10061],[-2.74694,43.09994],[-2.74736,43.10008],[-2.74713,43.10053]]}},{"type":"Feature","properties":{"id":197646843,"highway":"residential","nombre":"Soloeta auzoa"},"geometry":{"type":"LineString","coordinates":[[-2.74577,43.10091],[-2.74567,43.1008],[-2.74545,43.10065],[-2.74526,43.10057],[-2.74478,43.10039],[-2.74464,43.10031],[-2.74457,43.10021],[-2.74453,43.09998],[-2.74449,43.09989],[-2.74442,43.09981],[-2.74432,43.09976],[-2.7442,43.09966],[-2.74404,43.09951],[-2.74398,43.09946]]}},{"type":"Feature","properties":{"id":197646846,"highway":"living_street","nombre":"Plazea auzoa"},"geometry":{"type":"LineString","coordinates":[[-2.75055,43.09735],[-2.75063,43.0973]]}},{"type":"Feature","properties":{"id":197646849,"highway":"living_street","nombre":"Plazea auzoa","puente":"yes"},"geometry":{"type":"LineString","coordinates":[[-2.75044,43.09741],[-2.75055,43.09735]]}},{"type":"Feature","properties":{"id":197646850,"highway":"living_street","nombre":"Plazea auzoa"},"geometry":{"type":"LineString","coordinates":[[-2.74973,43.09768],[-2.7494,43.09771]]}},{"type":"Feature","properties":{"id":197646851,"highway":"residential","nombre":"Landagutxi auzoa"},"geometry":{"type":"LineString","coordinates":[[-2.74819,43.09955],[-2.74797,43.09971],[-2.74775,43.09954],[-2.74748,43.09934]]}},{"type":"Feature","properties":{"id":197646852,"highway":"service","nombre":"Arregia auzoa"},"geometry":{"type":"LineString","coordinates":[[-2.74885,43.09882],[-2.74878,43.09868],[-2.74869,43.09845]]}},{"type":"Feature","properties":{"id":197646853,"highway":"service"},"geometry":{"type":"LineString","coordinates":[[-2.74933,43.10055],[-2.74931,43.10048],[-2.74912,43.10049]]}},{"type":"Feature","properties":{"id":197646854,"highway":"living_street","nombre":"Plazea auzoa"},"geometry":{"type":"LineString","coordinates":[[-2.75018,43.09835],[-2.7501,43.09826],[-2.74995,43.09806]]}},{"type":"Feature","properties":{"id":197646855,"highway":"living_street","nombre":"Plazea auzoa"},"geometry":{"type":"LineString","coordinates":[[-2.7496,43.09844],[-2.74972,43.09839],[-2.7501,43.09826]]}},{"type":"Feature","properties":{"id":197646856,"highway":"residential","nombre":"Eleizondo auzoa"},"geometry":{"type":"LineString","coordinates":[[-2.75223,43.10536],[-2.75217,43.10536],[-2.75207,43.10535],[-2.75188,43.10528],[-2.75168,43.10514],[-2.75142,43.105],[-2.75121,43.10493],[-2.75096,43.10491],[-2.7504,43.10494],[-2.75029,43.10496],[-2.74987,43.10505],[-2.7496,43.10512]]}},{"type":"Feature","properties":{"id":197646857,"highway":"residential","nombre":"Albakoa auzoa"},"geometry":{"type":"LineString","coordinates":[[-2.7491,43.10046],[-2.74889,43.10004],[-2.74871,43.09979],[-2.74865,43.09966]]}},{"type":"Feature","properties":{"id":197646858,"highway":"residential","nombre":"Albakoa auzoa"},"geometry":{"type":"LineString","coordinates":[[-2.74828,43.10022],[-2.74824,43.10043],[-2.74815,43.10056],[-2.74792,43.10101]]}},{"type":"Feature","properties":{"id":197646859,"highway":"living_street","nombre":"Plazea auzoa"},"geometry":{"type":"LineString","coordinates":[[-2.7501,43.09804],[-2.75026,43.09767],[-2.75033,43.09753],[-2.75044,43.09741]]}},{"type":"Feature","properties":{"id":197646860,"highway":"pedestrian","nombre":"Arregia auzoa"},"geometry":{"type":"LineString","coordinates":[[-2.74838,43.09809],[-2.74859,43.09809],[-2.74863,43.09812],[-2.74889,43.0982]]}},{"type":"Feature","properties":{"id":197646861,"highway":"service","nombre":"Albakoa auzoa"},"geometry":{"type":"LineString","coordinates":[[-2.74946,43.10081],[-2.74924,43.1007],[-2.74912,43.10049],[-2.7491,43.10046]]}},{"type":"Feature","properties":{"id":197646862,"highway":"living_street","nombre":"Plazea auzoa"},"geometry":{"type":"LineString","coordinates":[[-2.7501,43.09804],[-2.74995,43.09806],[-2.74981,43.09804],[-2.74951,43.09809]]}},{"type":"Feature","properties":{"id":197646863,"highway":"pedestrian","nombre":"Arregia auzoa"},"geometry":{"type":"LineString","coordinates":[[-2.74956,43.09829],[-2.74943,43.09836],[-2.74918,43.09828],[-2.74893,43.09826],[-2.74889,43.0982]]}},{"type":"Feature","properties":{"id":197646864,"highway":"living_street","nombre":"Plazea auzoa"},"geometry":{"type":"LineString","coordinates":[[-2.74981,43.09804],[-2.74973,43.09768],[-2.74966,43.09732],[-2.74965,43.09719],[-2.74981,43.09704],[-2.74977,43.09682],[-2.74956,43.09673]]}},{"type":"Feature","properties":{"id":197715344,"highway":"residential","nombre":"Eleizondo auzoa"},"geometry":{"type":"LineString","coordinates":[[-2.74818,43.10529],[-2.7482,43.10515],[-2.74822,43.10503],[-2.74833,43.10489],[-2.74845,43.1048],[-2.74861,43.10474],[-2.74879,43.10466],[-2.74905,43.10461],[-2.74917,43.10464],[-2.7492,43.1047]]}},{"type":"Feature","properties":{"id":197715345,"highway":"residential","nombre":"Eleizondo auzoa"},"geometry":{"type":"LineString","coordinates":[[-2.75018,43.10649],[-2.75123,43.10672],[-2.75129,43.10672],[-2.75133,43.10671],[-2.75132,43.10667],[-2.75129,43.10662],[-2.75108,43.10649],[-2.75067,43.10626],[-2.75036,43.10614],[-2.75024,43.10606],[-2.74996,43.10587],[-2.74985,43.10578]]}},{"type":"Feature","properties":{"id":197715346,"highway":"service","nombre":"Eleizondo auzoa"},"geometry":{"type":"LineString","coordinates":[[-2.74792,43.10441],[-2.748,43.10429],[-2.74807,43.10423],[-2.74818,43.10418],[-2.7486,43.1042],[-2.7491,43.10428],[-2.74915,43.10431],[-2.74923,43.10439],[-2.74929,43.10448],[-2.74929,43.10454],[-2.74927,43.1046],[-2.74922,43.10465],[-2.7492,43.1047]]}},{"type":"Feature","properties":{"id":197715347,"highway":"service","nombre":"Eleizondo auzoa"},"geometry":{"type":"LineString","coordinates":[[-2.75142,43.10583],[-2.75114,43.10596],[-2.75088,43.10612]]}},{"type":"Feature","properties":{"id":197715348,"highway":"residential","nombre":"Eleizondo auzoa"},"geometry":{"type":"LineString","coordinates":[[-2.7515,43.10623],[-2.75088,43.10612],[-2.75078,43.1061],[-2.75052,43.10601],[-2.75043,43.10596],[-2.75015,43.10578],[-2.74993,43.10558],[-2.74991,43.10557],[-2.74961,43.10536]]}},{"type":"Feature","properties":{"id":198689392,"highway":"track","nombre":"Altzusta auzoa","superficie":"gravel"},"geometry":{"type":"LineString","coordinates":[[-2.70232,43.07015],[-2.70224,43.07016],[-2.70193,43.07018],[-2.7018,43.07015],[-2.70173,43.07007],[-2.70175,43.06982],[-2.70185,43.06949],[-2.70192,43.06933],[-2.70194,43.06904],[-2.70186,43.06882],[-2.70173,43.06866],[-2.70163,43.06844],[-2.70164,43.06829],[-2.70167,43.06806],[-2.70175,43.0679],[-2.70198,43.06774],[-2.70205,43.06766],[-2.70212,43.06751],[-2.70211,43.0674],[-2.702,43.06729],[-2.70188,43.06725],[-2.70146,43.06721],[-2.70114,43.06722],[-2.70085,43.06736],[-2.70044,43.06748],[-2.7002,43.06748],[-2.70005,43.06741],[-2.69994,43.0673],[-2.69964,43.06672],[-2.69956,43.06662],[-2.69945,43.06654],[-2.69908,43.06631],[-2.6988,43.06605],[-2.69874,43.06586],[-2.69876,43.06576],[-2.69882,43.06568],[-2.69894,43.06546],[-2.69899,43.06529],[-2.69901,43.06514],[-2.699,43.06502],[-2.69898,43.06491],[-2.69892,43.06473],[-2.69885,43.06468],[-2.69886,43.06459],[-2.69903,43.06415],[-2.69917,43.06383],[-2.6992,43.0637],[-2.69922,43.06358],[-2.69922,43.06348],[-2.69918,43.06331],[-2.69909,43.06299],[-2.69908,43.06283],[-2.69909,43.06273],[-2.69913,43.06267],[-2.6992,43.06259],[-2.69928,43.06255],[-2.69941,43.06251],[-2.69957,43.06249],[-2.69994,43.0625],[-2.70007,43.06249],[-2.70021,43.06246],[-2.7003,43.0624],[-2.70037,43.06233],[-2.70043,43.06222],[-2.70045,43.06211],[-2.70046,43.06201],[-2.70046,43.06186],[-2.70042,43.06167],[-2.70031,43.0613],[-2.70013,43.06087],[-2.70007,43.06066],[-2.70004,43.06047],[-2.70004,43.06031],[-2.70005,43.06009],[-2.70013,43.05973],[-2.7002,43.05926],[-2.70018,43.05911],[-2.69985,43.05753],[-2.69983,43.05739],[-2.69982,43.05733],[-2.69977,43.05721],[-2.69969,43.05704],[-2.69955,43.05693],[-2.69943,43.05686],[-2.6993,43.05684],[-2.69917,43.05686],[-2.69911,43.05691],[-2.69908,43.05698],[-2.69906,43.05718],[-2.69904,43.05728],[-2.69897,43.05742],[-2.69889,43.05751],[-2.69879,43.05758],[-2.69859,43.05767],[-2.69851,43.05772],[-2.69837,43.05784],[-2.69826,43.05796],[-2.69816,43.05811],[-2.69812,43.05827],[-2.69809,43.0584],[-2.69804,43.05846],[-2.69797,43.0585],[-2.6979,43.05852],[-2.69782,43.05851],[-2.69773,43.05848],[-2.69768,43.05844],[-2.69753,43.05816],[-2.69745,43.05802],[-2.69743,43.05786],[-2.69734,43.05751],[-2.69727,43.05727],[-2.6972,43.0571],[-2.69716,43.05703],[-2.69699,43.05681],[-2.69672,43.05646],[-2.69656,43.0563],[-2.69648,43.05622],[-2.69637,43.05614],[-2.69628,43.05609],[-2.69611,43.05605],[-2.6959,43.05602],[-2.69573,43.05603],[-2.69558,43.05606],[-2.69551,43.05611],[-2.69548,43.05617],[-2.69548,43.05622],[-2.6955,43.05636],[-2.69548,43.05642],[-2.69546,43.05647],[-2.69539,43.05654],[-2.69473,43.0569],[-2.69451,43.05703],[-2.69433,43.05715],[-2.69422,43.05726],[-2.69414,43.05735],[-2.69406,43.05751],[-2.69396,43.05778],[-2.69383,43.05788],[-2.69377,43.05793],[-2.6936,43.05797],[-2.69346,43.05795],[-2.69334,43.05783],[-2.69326,43.05769],[-2.69326,43.0575],[-2.69353,43.05712],[-2.6936,43.05694],[-2.69359,43.05658],[-2.69356,43.05642],[-2.69351,43.05625],[-2.69336,43.05604],[-2.69321,43.05594],[-2.69253,43.05559],[-2.6917,43.05513],[-2.69129,43.05489],[-2.69103,43.05476],[-2.6907,43.05455]]}},{"type":"Feature","properties":{"id":198689546,"highway":"track","superficie":"paved"},"geometry":{"type":"LineString","coordinates":[[-2.70098,43.07128],[-2.70113,43.07136],[-2.70132,43.07138],[-2.7015,43.07134]]}},{"type":"Feature","properties":{"id":199338907,"highway":"escape"},"geometry":{"type":"LineString","coordinates":[[-2.74819,43.0906],[-2.74795,43.09049],[-2.7477,43.09039],[-2.74715,43.0902],[-2.74655,43.08997],[-2.74634,43.08985]]}},{"type":"Feature","properties":{"id":199416269,"highway":"trunk","nombre":"Tarragona-Bilbo errepidea","izena_eu":"Tarragona-Bilbo errepidea","nombre_es":"Carretera Tarragona-Bilbao","ref":"N-240"},"geometry":{"type":"LineString","coordinates":[[-2.74905,43.09215],[-2.74889,43.09137],[-2.74884,43.09116],[-2.74874,43.09098],[-2.74865,43.09084],[-2.74854,43.09074],[-2.74839,43.09062],[-2.74826,43.09055],[-2.74812,43.09047],[-2.74701,43.09008],[-2.74634,43.08985]]}},{"type":"Feature","properties":{"id":199416270,"highway":"trunk","nombre":"Tarragona-Bilbo errepidea","izena_eu":"Tarragona-Bilbo errepidea","nombre_es":"Carretera Tarragona-Bilbao","ref":"N-240"},"geometry":{"type":"LineString","coordinates":[[-2.7491,43.09236],[-2.74905,43.09215]]}},{"type":"Feature","properties":{"id":199416271,"highway":"trunk","nombre":"Tarragona-Bilbo errepidea","izena_eu":"Tarragona-Bilbo errepidea","nombre_es":"Carretera Tarragona-Bilbao","ref":"N-240"},"geometry":{"type":"LineString","coordinates":[[-2.74917,43.09273],[-2.7491,43.09236]]}},{"type":"Feature","properties":{"id":199881147,"highway":"path"},"geometry":{"type":"MultiLineString","coordinates":[[[-2.78137,43.03394],[-2.78119,43.03391],[-2.78125,43.0339]],[[-2.7832,43.03412],[-2.7832,43.03412]]]}},{"type":"Feature","properties":{"id":199881150,"highway":"track"},"geometry":{"type":"LineString","coordinates":[[-2.7832,43.03412],[-2.78353,43.03417],[-2.7842,43.03432],[-2.78488,43.03441],[-2.78564,43.03447],[-2.78641,43.03446],[-2.78717,43.03449],[-2.78794,43.03451],[-2.78875,43.03454],[-2.78899,43.03454]]}},{"type":"Feature","properties":{"id":200047079,"highway":"track"},"geometry":{"type":"LineString","coordinates":[[-2.74986,43.02698],[-2.74991,43.02705],[-2.75029,43.02722],[-2.75044,43.02738],[-2.7505,43.02741],[-2.75069,43.02747],[-2.75084,43.0276],[-2.75099,43.02776],[-2.75119,43.02819],[-2.75125,43.02828],[-2.75138,43.02841],[-2.75162,43.02861],[-2.75167,43.02868],[-2.7519,43.02899],[-2.75195,43.02908],[-2.75202,43.02917],[-2.75215,43.02926],[-2.75228,43.02933],[-2.75246,43.02941],[-2.75271,43.02953],[-2.75302,43.02976],[-2.75327,43.02989],[-2.75357,43.03004],[-2.75379,43.03021],[-2.75417,43.0305],[-2.75449,43.03074],[-2.75454,43.03078],[-2.75472,43.03109],[-2.75485,43.03125],[-2.75503,43.03151],[-2.7551,43.03157],[-2.75524,43.03164],[-2.75564,43.03181],[-2.75575,43.03188],[-2.7559,43.03194],[-2.75653,43.03216],[-2.75673,43.03224],[-2.75692,43.03229],[-2.75711,43.03235],[-2.75772,43.03253],[-2.75788,43.0326],[-2.75804,43.03264],[-2.7582,43.03265],[-2.75842,43.03265],[-2.75885,43.03267],[-2.75927,43.03266],[-2.75947,43.03269],[-2.75981,43.03279],[-2.7602,43.03294]]}},{"type":"Feature","properties":{"id":200048086,"highway":"track"},"geometry":{"type":"LineString","coordinates":[[-2.75454,43.03078],[-2.75471,43.03085],[-2.7553,43.03101],[-2.75546,43.03104],[-2.7556,43.031],[-2.75594,43.03095],[-2.75629,43.03079],[-2.75659,43.03071],[-2.75687,43.03058],[-2.75721,43.0304],[-2.75736,43.03036],[-2.75751,43.03035],[-2.75761,43.0304],[-2.75779,43.03047],[-2.75803,43.03052],[-2.75811,43.03054],[-2.75842,43.03063],[-2.75866,43.03077],[-2.75881,43.0309],[-2.75895,43.03116],[-2.75904,43.03142]]}},{"type":"Feature","properties":{"id":200079606,"highway":"service","nombre":"Altzusta auzoa"},"geometry":{"type":"LineString","coordinates":[[-2.73763,43.08783],[-2.73742,43.08772],[-2.73731,43.08771],[-2.73722,43.08772],[-2.737,43.08781],[-2.7369,43.08782],[-2.73678,43.08781],[-2.73662,43.08777],[-2.73629,43.08778],[-2.73618,43.0878],[-2.73606,43.08782],[-2.73568,43.08786],[-2.73528,43.08786],[-2.73513,43.08787],[-2.73484,43.08791]]}},{"type":"Feature","properties":{"id":200079607,"highway":"service"},"geometry":{"type":"LineString","coordinates":[[-2.75269,43.09575],[-2.75245,43.09587]]}},{"type":"Feature","properties":{"id":200079608,"highway":"service","nombre":"San Isidro kalea"},"geometry":{"type":"LineString","coordinates":[[-2.74426,43.09509],[-2.74434,43.09512],[-2.74482,43.09531],[-2.74547,43.09574],[-2.74561,43.09584],[-2.74572,43.09585],[-2.74577,43.09583],[-2.74587,43.09572],[-2.74596,43.09559],[-2.74598,43.0955],[-2.74602,43.09531],[-2.74604,43.09509],[-2.7461,43.09501],[-2.74619,43.095],[-2.74627,43.09504],[-2.74639,43.09514],[-2.74658,43.0952],[-2.747,43.09529],[-2.7473,43.09533],[-2.7474,43.09536],[-2.74747,43.09543],[-2.74756,43.09553],[-2.74767,43.09563],[-2.74795,43.09581],[-2.74808,43.09587],[-2.74829,43.09592],[-2.74866,43.09593],[-2.74877,43.09595],[-2.74882,43.09597]]}},{"type":"Feature","properties":{"id":200079611,"highway":"service","superficie":"asphalt"},"geometry":{"type":"LineString","coordinates":[[-2.74104,43.09092],[-2.74095,43.09105],[-2.74081,43.09116]]}},{"type":"Feature","properties":{"id":200079612,"highway":"service","superficie":"asphalt"},"geometry":{"type":"LineString","coordinates":[[-2.74018,43.08042],[-2.74005,43.08033],[-2.73998,43.08031]]}},{"type":"Feature","properties":{"id":200079613,"highway":"service","superficie":"unpaved"},"geometry":{"type":"LineString","coordinates":[[-2.73639,43.08826],[-2.73626,43.08794],[-2.73618,43.0878]]}},{"type":"Feature","properties":{"id":200079614,"highway":"service"},"geometry":{"type":"LineString","coordinates":[[-2.7441,43.09069],[-2.74388,43.0905],[-2.74378,43.09044]]}},{"type":"Feature","properties":{"id":200079616,"highway":"service"},"geometry":{"type":"LineString","coordinates":[[-2.73428,43.08712],[-2.73437,43.08709],[-2.73459,43.08707],[-2.73495,43.08706]]}},{"type":"Feature","properties":{"id":200079617,"highway":"service","superficie":"asphalt"},"geometry":{"type":"LineString","coordinates":[[-2.73524,43.08836],[-2.73507,43.0881],[-2.73484,43.08791],[-2.73478,43.08791]]}},{"type":"Feature","properties":{"id":200079618,"highway":"service"},"geometry":{"type":"LineString","coordinates":[[-2.74003,43.09364],[-2.74008,43.0936],[-2.74001,43.09339],[-2.73995,43.09325],[-2.73988,43.09311]]}},{"type":"Feature","properties":{"id":200079619,"highway":"service"},"geometry":{"type":"LineString","coordinates":[[-2.7339,43.09004],[-2.73383,43.09002],[-2.73369,43.08992],[-2.73356,43.08985],[-2.73343,43.08981]]}},{"type":"Feature","properties":{"id":200079620,"highway":"service","superficie":"asphalt"},"geometry":{"type":"LineString","coordinates":[[-2.74743,43.0771],[-2.74747,43.07705],[-2.74755,43.07705],[-2.74765,43.07708],[-2.74792,43.07722],[-2.74799,43.07723],[-2.74804,43.07722]]}},{"type":"Feature","properties":{"id":200079621,"highway":"service","nombre":"Otzerinmendi auzoa","superficie":"unpaved"},"geometry":{"type":"LineString","coordinates":[[-2.7624,43.09282],[-2.76251,43.09291],[-2.76259,43.09305],[-2.76283,43.09349],[-2.76293,43.09361]]}},{"type":"Feature","properties":{"id":200079622,"highway":"service"},"geometry":{"type":"LineString","coordinates":[[-2.74884,43.09656],[-2.7488,43.09634],[-2.74877,43.09617],[-2.74875,43.09606],[-2.74882,43.09597]]}},{"type":"Feature","properties":{"id":200079623,"highway":"service","superficie":"asphalt"},"geometry":{"type":"LineString","coordinates":[[-2.74493,43.06747],[-2.74489,43.06764],[-2.74489,43.06765],[-2.74482,43.06775],[-2.74469,43.06784],[-2.74466,43.0679]]}},{"type":"Feature","properties":{"id":200079624,"highway":"service"},"geometry":{"type":"LineString","coordinates":[[-2.73267,43.08973],[-2.73267,43.0899],[-2.7327,43.08995],[-2.73277,43.08999],[-2.73304,43.09008],[-2.73317,43.0901]]}},{"type":"Feature","properties":{"id":200079625,"highway":"service"},"geometry":{"type":"LineString","coordinates":[[-2.75259,43.09612],[-2.75263,43.09607],[-2.75267,43.09605],[-2.75279,43.09601],[-2.75286,43.09595],[-2.75286,43.09589]]}},{"type":"Feature","properties":{"id":200079626,"highway":"service"},"geometry":{"type":"LineString","coordinates":[[-2.74502,43.09097],[-2.74493,43.09087],[-2.74475,43.09074],[-2.74461,43.09065],[-2.74412,43.09046],[-2.74386,43.09042]]}},{"type":"Feature","properties":{"id":200079628,"highway":"service","superficie":"asphalt"},"geometry":{"type":"LineString","coordinates":[[-2.74046,43.079],[-2.7405,43.07895],[-2.74057,43.07895],[-2.74061,43.079],[-2.74061,43.07907],[-2.74056,43.07924],[-2.74057,43.07927]]}},{"type":"Feature","properties":{"id":200079629,"highway":"service"},"geometry":{"type":"LineString","coordinates":[[-2.73547,43.09157],[-2.73537,43.09152],[-2.73527,43.09143],[-2.73502,43.09125],[-2.73488,43.09112],[-2.73475,43.09096],[-2.73471,43.0909]]}},{"type":"Feature","properties":{"id":200079630,"highway":"service","nombre":"Altzusta auzoa"},"geometry":{"type":"LineString","coordinates":[[-2.73442,43.08957],[-2.73429,43.08955],[-2.73413,43.08947],[-2.73387,43.08921],[-2.73353,43.08867],[-2.73347,43.08859],[-2.73333,43.08834]]}},{"type":"Feature","properties":{"id":200079631,"highway":"service","nombre":"Zeanuri-Artea errepidea"},"geometry":{"type":"LineString","coordinates":[[-2.75275,43.1047],[-2.75248,43.10483],[-2.75227,43.1049],[-2.75221,43.10494],[-2.75216,43.10499],[-2.75213,43.10505],[-2.75211,43.10519],[-2.7521,43.10527]]}},{"type":"Feature","properties":{"id":200079632,"highway":"service","superficie":"gravel"},"geometry":{"type":"LineString","coordinates":[[-2.73775,43.08656],[-2.73798,43.08681],[-2.73808,43.08684],[-2.73819,43.08682],[-2.73828,43.0868],[-2.73837,43.08674],[-2.7384,43.08658],[-2.73849,43.08627],[-2.73855,43.0862]]}},{"type":"Feature","properties":{"id":200079633,"highway":"service"},"geometry":{"type":"LineString","coordinates":[[-2.76002,43.09379],[-2.76003,43.09375],[-2.75999,43.0937],[-2.75998,43.09363],[-2.76,43.09357],[-2.76003,43.09351],[-2.76022,43.09332],[-2.76025,43.09328],[-2.76032,43.09315],[-2.76034,43.09301],[-2.76039,43.09275],[-2.76041,43.09261],[-2.76039,43.09258]]}},{"type":"Feature","properties":{"id":223766979,"highway":"tertiary","nombre":"Ipiñaburu auzoa","ref":"BI-4501"},"geometry":{"type":"LineString","coordinates":[[-2.74878,43.07073],[-2.74875,43.07067],[-2.7487,43.07061],[-2.74853,43.07043],[-2.74851,43.07036],[-2.74851,43.06999],[-2.74849,43.06988],[-2.7484,43.06958],[-2.74829,43.06928],[-2.7482,43.06914],[-2.74802,43.06892],[-2.74799,43.06882],[-2.74799,43.06874],[-2.74811,43.06844],[-2.74808,43.06833],[-2.74804,43.06828],[-2.74793,43.06822],[-2.74781,43.0682],[-2.74768,43.06822],[-2.74758,43.06828],[-2.74752,43.06836],[-2.7475,43.06847],[-2.74752,43.06859],[-2.74764,43.06904],[-2.74782,43.06978],[-2.74781,43.06985],[-2.74777,43.06991],[-2.7477,43.06996],[-2.74758,43.07001],[-2.74743,43.07002],[-2.74717,43.07],[-2.74705,43.06996],[-2.74696,43.06991],[-2.74672,43.06968],[-2.74612,43.06909],[-2.74597,43.06897],[-2.74579,43.0689],[-2.74555,43.06885],[-2.74532,43.06871],[-2.74517,43.06855],[-2.74509,43.06846],[-2.7449,43.06805],[-2.7448,43.06797],[-2.74466,43.0679],[-2.74455,43.06789],[-2.74407,43.06787],[-2.74391,43.06772],[-2.74359,43.0673],[-2.7435,43.06724],[-2.74321,43.06712],[-2.74283,43.067],[-2.74265,43.06696],[-2.74177,43.06682],[-2.74159,43.06679],[-2.74107,43.06662],[-2.74064,43.06647],[-2.74059,43.06644],[-2.74056,43.06642],[-2.74054,43.06634],[-2.74052,43.06626]]}},{"type":"Feature","properties":{"id":223766980,"highway":"tertiary","ref":"BI-4501","puente":"yes"},"geometry":{"type":"LineString","coordinates":[[-2.73835,43.07927],[-2.73816,43.0791]]}},{"type":"Feature","properties":{"id":230516577,"highway":"tertiary","nombre":"Zeanuri-Artea errepidea","superficie":"asphalt"},"geometry":{"type":"LineString","coordinates":[[-2.76577,43.11268],[-2.76558,43.11261],[-2.76389,43.11232],[-2.76351,43.1122],[-2.76333,43.11214],[-2.7632,43.11208],[-2.7631,43.11203],[-2.76301,43.11197],[-2.76274,43.11166],[-2.76231,43.11116],[-2.76217,43.111],[-2.7618,43.11072],[-2.76126,43.11033],[-2.76066,43.11],[-2.75927,43.10925],[-2.75913,43.10914],[-2.75834,43.10843],[-2.75715,43.10737],[-2.75686,43.1071],[-2.75682,43.10707]]}},{"type":"Feature","properties":{"id":230613292,"highway":"service"},"geometry":{"type":"LineString","coordinates":[[-2.75057,43.09101],[-2.75055,43.09116]]}},{"type":"Feature","properties":{"id":230613295,"highway":"service","puente":"yes"},"geometry":{"type":"LineString","coordinates":[[-2.75056,43.09091],[-2.75057,43.09101]]}},{"type":"Feature","properties":{"id":230615756,"highway":"tertiary","puente":"yes"},"geometry":{"type":"LineString","coordinates":[[-2.75682,43.10707],[-2.75669,43.10697]]}},{"type":"Feature","properties":{"id":230615757,"highway":"tertiary","nombre":"Zeanuri-Artea errepidea"},"geometry":{"type":"LineString","coordinates":[[-2.75669,43.10697],[-2.75667,43.10695],[-2.75655,43.10688],[-2.75522,43.1061],[-2.75452,43.10569],[-2.75431,43.1055],[-2.75427,43.10541],[-2.7541,43.10491],[-2.7538,43.10454],[-2.75367,43.10444],[-2.75327,43.10428],[-2.75299,43.10419],[-2.75279,43.10412],[-2.75244,43.10405],[-2.75197,43.10396],[-2.75177,43.10388],[-2.75162,43.10374],[-2.75134,43.10341]]}},{"type":"Feature","properties":{"id":230615769,"highway":"unclassified"},"geometry":{"type":"LineString","coordinates":[[-2.76887,43.09718],[-2.76886,43.09726],[-2.7688,43.09743],[-2.76875,43.0976],[-2.76877,43.09783],[-2.76881,43.09791],[-2.76878,43.09806],[-2.76866,43.09828],[-2.76834,43.09873],[-2.76818,43.09904],[-2.76811,43.0993],[-2.76811,43.09952],[-2.76815,43.09972],[-2.76821,43.09987]]}},{"type":"Feature","properties":{"id":230762800,"highway":"track","puente":"yes"},"geometry":{"type":"LineString","coordinates":[[-2.70117,43.05313],[-2.70124,43.05309]]}},{"type":"Feature","properties":{"id":230762802,"highway":"track"},"geometry":{"type":"LineString","coordinates":[[-2.70124,43.05309],[-2.70143,43.053],[-2.70169,43.05289],[-2.70175,43.05287],[-2.70183,43.05282],[-2.70216,43.05262],[-2.70244,43.05245],[-2.7025,43.05235],[-2.70255,43.05216],[-2.70245,43.05193],[-2.70228,43.05173],[-2.70205,43.05151],[-2.70193,43.05128],[-2.7017,43.05096],[-2.70158,43.0507],[-2.70156,43.0505],[-2.70162,43.05043],[-2.70189,43.05042],[-2.70215,43.0504],[-2.70225,43.05034],[-2.70233,43.05025],[-2.70238,43.05013],[-2.70254,43.05007],[-2.70293,43.0501],[-2.70329,43.05023],[-2.70342,43.05026],[-2.70363,43.05028],[-2.70371,43.05025],[-2.70365,43.04991],[-2.70363,43.04965],[-2.70371,43.04955],[-2.70384,43.04954],[-2.70406,43.04962],[-2.70446,43.04976],[-2.70475,43.04979],[-2.70496,43.04976]]}},{"type":"Feature","properties":{"id":230762803,"highway":"track"},"geometry":{"type":"LineString","coordinates":[[-2.70072,43.05354],[-2.70081,43.05348],[-2.70095,43.05336],[-2.70101,43.0533],[-2.70114,43.05316],[-2.70117,43.05313]]}},{"type":"Feature","properties":{"id":231654084,"highway":"unclassified","nombre":"Asterria auzoa","puente":"yes","superficie":"paved"},"geometry":{"type":"LineString","coordinates":[[-2.76529,43.11723],[-2.76534,43.11714]]}},{"type":"Feature","properties":{"id":231654085,"highway":"unclassified","nombre":"Asterria auzoa","superficie":"paved"},"geometry":{"type":"LineString","coordinates":[[-2.76534,43.11714],[-2.76552,43.11692]]}},{"type":"Feature","properties":{"id":232778252,"highway":"path"},"geometry":{"type":"LineString","coordinates":[[-2.78553,43.04875],[-2.78572,43.04869],[-2.78624,43.04856],[-2.78635,43.04853],[-2.78661,43.04833],[-2.7868,43.04824],[-2.78711,43.0481],[-2.78738,43.04802],[-2.7877,43.04785],[-2.78789,43.04773],[-2.78797,43.04766]]}},{"type":"Feature","properties":{"id":232800937,"highway":"track","superficie":"gravel"},"geometry":{"type":"LineString","coordinates":[[-2.68495,43.04062],[-2.68472,43.04036],[-2.68448,43.0401]]}},{"type":"Feature","properties":{"id":232800938,"highway":"track","nombre":"Altzusta auzoa","superficie":"gravel"},"geometry":{"type":"LineString","coordinates":[[-2.69048,43.04308],[-2.69048,43.04307],[-2.69049,43.043],[-2.69053,43.04294],[-2.69057,43.04285],[-2.69061,43.04275],[-2.69063,43.04254],[-2.69062,43.04221],[-2.69062,43.04188],[-2.69059,43.04165],[-2.6905,43.04135],[-2.69039,43.04112],[-2.69025,43.04078],[-2.69017,43.04061],[-2.6901,43.04053],[-2.68993,43.0404],[-2.68982,43.0403],[-2.68981,43.04026],[-2.68981,43.0402],[-2.68985,43.04011],[-2.68991,43.03999],[-2.68995,43.03989],[-2.68999,43.03981],[-2.69,43.03965],[-2.68997,43.03953],[-2.6899,43.03942],[-2.68976,43.03923],[-2.68959,43.03908],[-2.68938,43.03893],[-2.68924,43.03886],[-2.68912,43.03882],[-2.68903,43.0388],[-2.68894,43.03879],[-2.68884,43.03881],[-2.68872,43.03888],[-2.68865,43.03895],[-2.68854,43.0391],[-2.68833,43.03936],[-2.68828,43.03944],[-2.68824,43.03951],[-2.68816,43.03976],[-2.68811,43.03994],[-2.68795,43.0404],[-2.68786,43.04054],[-2.68779,43.04059],[-2.68771,43.04063],[-2.68764,43.04066],[-2.68753,43.04068],[-2.68706,43.04072],[-2.68621,43.04079],[-2.68586,43.04081],[-2.68548,43.04083],[-2.68536,43.04082],[-2.68523,43.0408],[-2.68514,43.04078],[-2.68501,43.04069],[-2.68495,43.04062]]}},{"type":"Feature","properties":{"id":232800939,"highway":"track","superficie":"gravel"},"geometry":{"type":"LineString","coordinates":[[-2.68448,43.0401],[-2.68437,43.03994],[-2.6842,43.03968],[-2.68408,43.03943],[-2.68398,43.03914],[-2.68395,43.03906]]}},{"type":"Feature","properties":{"id":232800940,"highway":"track","superficie":"gravel"},"geometry":{"type":"LineString","coordinates":[[-2.68395,43.03906],[-2.68395,43.03906]]}},{"type":"Feature","properties":{"id":232800945,"highway":"track","nombre":"Altzusta auzoa"},"geometry":{"type":"LineString","coordinates":[[-2.69323,43.03739],[-2.69317,43.03743],[-2.69316,43.03748],[-2.69316,43.03755],[-2.69315,43.03763],[-2.69313,43.03777],[-2.69312,43.03787],[-2.69309,43.03798],[-2.69299,43.03835],[-2.6929,43.03866],[-2.69278,43.03916],[-2.69267,43.0396],[-2.69255,43.04002],[-2.69246,43.0403],[-2.69239,43.04048],[-2.69227,43.0407],[-2.69218,43.04089],[-2.69212,43.04107],[-2.69196,43.04152],[-2.69182,43.04197],[-2.69166,43.0424],[-2.69153,43.04271],[-2.69147,43.04284],[-2.69134,43.04298],[-2.69121,43.04308],[-2.6911,43.04315],[-2.69099,43.04321],[-2.69088,43.04323],[-2.6908,43.04324],[-2.69069,43.04323],[-2.69061,43.04321],[-2.69053,43.04318],[-2.69048,43.04313],[-2.69048,43.04308]]}},{"type":"Feature","properties":{"id":232805433,"highway":"unclassified","nombre":"Altzusta auzoa"},"geometry":{"type":"LineString","coordinates":[[-2.71181,43.06593],[-2.71267,43.06556],[-2.71272,43.06554],[-2.71281,43.0655],[-2.71288,43.06548],[-2.71292,43.06546],[-2.71298,43.06545],[-2.71305,43.06544],[-2.71314,43.06544],[-2.7132,43.06545],[-2.71326,43.06546],[-2.7133,43.06547],[-2.71337,43.06549],[-2.71339,43.0655],[-2.71342,43.06551],[-2.71345,43.06553],[-2.71359,43.06562],[-2.71371,43.0657],[-2.71383,43.06577],[-2.71391,43.06582],[-2.71393,43.06583],[-2.714,43.06586],[-2.71403,43.06586],[-2.71405,43.06587],[-2.7141,43.06587],[-2.71417,43.06588],[-2.71422,43.06587],[-2.71427,43.06586],[-2.71429,43.06585],[-2.71432,43.06584],[-2.71438,43.0658],[-2.71442,43.06576],[-2.71443,43.06575],[-2.71445,43.06572],[-2.71447,43.06567],[-2.71449,43.06562],[-2.7145,43.06558],[-2.71451,43.06552],[-2.71453,43.06547],[-2.71455,43.06541],[-2.71456,43.06539],[-2.71461,43.06531],[-2.71463,43.06528],[-2.71465,43.06526],[-2.71468,43.06523],[-2.71472,43.0652],[-2.71479,43.06514],[-2.7149,43.06508],[-2.71501,43.06502],[-2.71519,43.06491],[-2.71529,43.06487],[-2.71548,43.06476],[-2.7156,43.06471],[-2.71578,43.06463],[-2.71586,43.06459],[-2.71593,43.06457],[-2.71602,43.06455],[-2.7161,43.06455],[-2.71627,43.06457],[-2.71635,43.06457],[-2.71642,43.06456],[-2.71652,43.06455],[-2.71662,43.06454],[-2.71673,43.06454],[-2.71681,43.06454],[-2.71682,43.06454],[-2.71693,43.06456],[-2.71704,43.06457],[-2.71714,43.06459],[-2.71729,43.06463],[-2.7175,43.06469],[-2.71751,43.0647],[-2.71753,43.0647],[-2.71758,43.06471],[-2.71766,43.06471],[-2.71773,43.0647],[-2.71774,43.0647],[-2.7178,43.06468],[-2.71783,43.06467],[-2.71786,43.06465],[-2.71789,43.06464],[-2.71793,43.06461],[-2.71803,43.06454],[-2.71811,43.06449],[-2.71831,43.06435],[-2.71843,43.06426],[-2.71858,43.06415],[-2.71866,43.0641],[-2.7187,43.06408],[-2.71876,43.06406],[-2.71887,43.06402],[-2.71919,43.06394],[-2.71933,43.06391],[-2.71949,43.06388],[-2.71968,43.06386],[-2.71982,43.06386],[-2.71999,43.06387],[-2.72016,43.0639],[-2.72024,43.0639],[-2.72032,43.0639],[-2.72038,43.06389],[-2.72044,43.06387],[-2.72049,43.06385],[-2.72059,43.0638],[-2.72068,43.06377],[-2.72079,43.06375],[-2.7209,43.06374],[-2.72108,43.06374],[-2.72135,43.06377],[-2.7215,43.06378],[-2.72175,43.06379],[-2.72178,43.06379],[-2.72192,43.06379],[-2.72206,43.06376],[-2.72211,43.06375],[-2.72218,43.06373],[-2.72224,43.06371],[-2.7223,43.06368],[-2.72232,43.06367],[-2.72238,43.06363],[-2.72243,43.06358],[-2.72245,43.06356],[-2.72248,43.06352],[-2.7225,43.06348],[-2.72253,43.06343],[-2.72255,43.06337],[-2.72258,43.06325],[-2.72261,43.06314],[-2.72264,43.06304],[-2.72273,43.06284],[-2.72283,43.06262],[-2.72286,43.06256],[-2.72287,43.06253],[-2.72292,43.06243],[-2.72297,43.06235],[-2.72304,43.0623],[-2.72312,43.06225],[-2.72323,43.0622],[-2.72344,43.06215],[-2.72349,43.06215],[-2.72366,43.06211],[-2.7237,43.0621],[-2.72387,43.06205],[-2.72406,43.06198],[-2.72429,43.06188],[-2.72442,43.06183],[-2.72455,43.06177],[-2.72458,43.06176],[-2.72467,43.0617],[-2.72479,43.06162],[-2.72491,43.06154],[-2.72503,43.06144],[-2.72509,43.06137],[-2.72519,43.06126],[-2.72521,43.06123],[-2.72524,43.06118],[-2.72527,43.06109],[-2.72526,43.06106],[-2.72525,43.06104],[-2.72524,43.06102],[-2.72522,43.061],[-2.72518,43.06098],[-2.72516,43.06097],[-2.72514,43.06096],[-2.72511,43.06096],[-2.72505,43.06096],[-2.72487,43.06099],[-2.72482,43.06099],[-2.72476,43.06099],[-2.7247,43.06098],[-2.72464,43.06097],[-2.72461,43.06096],[-2.72456,43.06094],[-2.72451,43.06091],[-2.72448,43.06088],[-2.72446,43.06086],[-2.72445,43.06084],[-2.72444,43.06083],[-2.72443,43.06078],[-2.72444,43.06069],[-2.72446,43.06057],[-2.72448,43.06047],[-2.72448,43.06041],[-2.72448,43.06039],[-2.72447,43.06037],[-2.72444,43.06034],[-2.7244,43.06032],[-2.72438,43.06031],[-2.72437,43.06031],[-2.72434,43.06031],[-2.72428,43.06032],[-2.72415,43.06034],[-2.72405,43.06035],[-2.72397,43.06034],[-2.72396,43.06034],[-2.7238,43.06028],[-2.72371,43.06021],[-2.72369,43.06019],[-2.72363,43.06013],[-2.72361,43.06011],[-2.72355,43.06003],[-2.72355,43.06002],[-2.72353,43.05997],[-2.72352,43.0599],[-2.72354,43.05983],[-2.72354,43.05982],[-2.72358,43.05975],[-2.7236,43.05973],[-2.72367,43.05967],[-2.7237,43.05965],[-2.72384,43.05953],[-2.72391,43.05948],[-2.72413,43.05933],[-2.72441,43.05917],[-2.72447,43.05914]]}},{"type":"Feature","properties":{"id":232805434,"highway":"track","nombre":"Altzusta auzoa"},"geometry":{"type":"LineString","coordinates":[[-2.72919,43.05354],[-2.72932,43.05348],[-2.72947,43.05345],[-2.72959,43.05344],[-2.72974,43.05343],[-2.72985,43.05341],[-2.72995,43.05339],[-2.73001,43.05338],[-2.73015,43.05333],[-2.73026,43.0533],[-2.73032,43.05327],[-2.73037,43.05325],[-2.73041,43.05322],[-2.73044,43.0532],[-2.73047,43.05317],[-2.7305,43.05313],[-2.73061,43.05299],[-2.73068,43.05289],[-2.73071,43.05283],[-2.73072,43.0528],[-2.73073,43.05279],[-2.73075,43.05273],[-2.73075,43.05267],[-2.73075,43.05262],[-2.73073,43.05256],[-2.73066,43.05246],[-2.7306,43.05237],[-2.73056,43.0523],[-2.73054,43.05226],[-2.73053,43.05221],[-2.7305,43.05213],[-2.73048,43.05204],[-2.73044,43.0519],[-2.7304,43.05182],[-2.73035,43.05174],[-2.73031,43.05169],[-2.73023,43.05163],[-2.73017,43.05161],[-2.73003,43.0515],[-2.72995,43.05144],[-2.72989,43.05138],[-2.72985,43.05134]]}},{"type":"Feature","properties":{"id":232805436,"highway":"unclassified","nombre":"Altzusta auzoa"},"geometry":{"type":"LineString","coordinates":[[-2.72447,43.05914],[-2.72457,43.05909],[-2.7248,43.05899],[-2.72489,43.05894],[-2.72501,43.05884],[-2.72511,43.05874],[-2.72518,43.05867],[-2.7253,43.05855],[-2.72539,43.05844],[-2.72542,43.05839],[-2.72545,43.05833],[-2.72549,43.05825],[-2.72551,43.05813],[-2.72552,43.05801],[-2.72557,43.05788],[-2.72559,43.05782],[-2.72561,43.0578],[-2.72566,43.05775],[-2.72574,43.0577],[-2.72577,43.05768],[-2.72596,43.05759],[-2.72612,43.05753],[-2.72626,43.05748],[-2.72628,43.05747],[-2.7264,43.05744],[-2.72641,43.05744],[-2.72657,43.05742],[-2.72678,43.05745],[-2.72701,43.05751],[-2.72708,43.05751],[-2.72728,43.05747],[-2.72752,43.05741],[-2.72775,43.05735],[-2.72795,43.05729],[-2.72803,43.05726],[-2.72809,43.05723],[-2.72812,43.05721],[-2.72825,43.05713],[-2.72831,43.05707],[-2.72832,43.05706],[-2.72834,43.05704],[-2.72837,43.057],[-2.72838,43.05698],[-2.72842,43.05691],[-2.72847,43.05682],[-2.72852,43.05671],[-2.72855,43.05661],[-2.72857,43.05652],[-2.72858,43.0564],[-2.72858,43.05611],[-2.72859,43.05598],[-2.72859,43.05586],[-2.7286,43.05574],[-2.7286,43.05546],[-2.72859,43.05534],[-2.72857,43.05512],[-2.72856,43.055],[-2.72855,43.05491],[-2.72855,43.05481],[-2.72857,43.05471],[-2.72859,43.05461],[-2.72862,43.05452],[-2.72867,43.05441],[-2.72874,43.05425],[-2.7288,43.05412],[-2.72887,43.05398],[-2.72902,43.05372],[-2.72903,43.0537],[-2.72905,43.05365],[-2.72907,43.05363],[-2.72919,43.05354]]}},{"type":"Feature","properties":{"id":232805438,"highway":"track","nombre":"Altzusta auzoa"},"geometry":{"type":"LineString","coordinates":[[-2.72099,43.04989],[-2.72102,43.04982],[-2.72145,43.04947],[-2.72162,43.04932],[-2.72164,43.0493],[-2.72179,43.04918],[-2.7219,43.04913],[-2.72203,43.04905],[-2.72218,43.04896],[-2.72225,43.0489],[-2.72228,43.04886],[-2.7223,43.04885],[-2.72233,43.0488],[-2.72234,43.04879],[-2.72241,43.04871],[-2.72249,43.04869]]}},{"type":"Feature","properties":{"id":232805439,"highway":"service"},"geometry":{"type":"LineString","coordinates":[[-2.71299,43.0504],[-2.71301,43.05042],[-2.71302,43.05043],[-2.71305,43.05044],[-2.7131,43.05047],[-2.71311,43.05048],[-2.71315,43.05053],[-2.71315,43.05054],[-2.71316,43.05054],[-2.71319,43.05059],[-2.71319,43.0506],[-2.71322,43.05067],[-2.71323,43.05074],[-2.71323,43.05083],[-2.71322,43.05092],[-2.71321,43.051],[-2.7132,43.05108],[-2.7132,43.05117],[-2.7132,43.05119],[-2.71319,43.05127],[-2.71318,43.05137],[-2.71318,43.05149],[-2.71319,43.05156],[-2.71319,43.05157],[-2.71322,43.05165],[-2.71327,43.05175],[-2.71331,43.05184],[-2.71334,43.05192],[-2.7134,43.05212],[-2.71348,43.05233],[-2.71349,43.05234],[-2.71353,43.0524],[-2.71354,43.05242],[-2.71358,43.05248],[-2.7136,43.0525],[-2.71366,43.05257],[-2.71371,43.05265],[-2.71376,43.05271],[-2.71377,43.05273],[-2.7138,43.05279],[-2.7138,43.05279],[-2.71382,43.05288],[-2.71385,43.05296],[-2.7139,43.05307],[-2.71396,43.05316],[-2.714,43.05323],[-2.71401,43.05325],[-2.71407,43.05333],[-2.71409,43.05334],[-2.71419,43.05346],[-2.71426,43.05354],[-2.71428,43.05356],[-2.71443,43.05369],[-2.71445,43.05371],[-2.7145,43.05377],[-2.71451,43.05379],[-2.71456,43.05387],[-2.71463,43.05396],[-2.71469,43.05408],[-2.71477,43.0542],[-2.71483,43.05431],[-2.71488,43.05439],[-2.71493,43.05446],[-2.71494,43.05448],[-2.71498,43.05454],[-2.71499,43.05456],[-2.71502,43.05464],[-2.71502,43.05465],[-2.71505,43.05475],[-2.71505,43.05482],[-2.71506,43.0549],[-2.71505,43.05501],[-2.71505,43.0551],[-2.71507,43.0552],[-2.71509,43.05527],[-2.71516,43.05543],[-2.71525,43.0556],[-2.71531,43.05573],[-2.71533,43.0558],[-2.71537,43.05601],[-2.7154,43.05614],[-2.71545,43.05626],[-2.71545,43.05628],[-2.71553,43.05641],[-2.71556,43.05649],[-2.71559,43.05654],[-2.71567,43.05671],[-2.71572,43.0568],[-2.71573,43.05682],[-2.71578,43.0569],[-2.71579,43.05691],[-2.71585,43.05699],[-2.71586,43.05701],[-2.71594,43.0571],[-2.71601,43.05719],[-2.71602,43.0572],[-2.71611,43.05734],[-2.7162,43.05747],[-2.71625,43.05754],[-2.71626,43.05755],[-2.71633,43.05764],[-2.71635,43.05766],[-2.71644,43.05776],[-2.71654,43.05787],[-2.71655,43.05788],[-2.71664,43.05797],[-2.71672,43.05805],[-2.71673,43.05807],[-2.71685,43.0582],[-2.71694,43.05832],[-2.71706,43.05846],[-2.7171,43.05852],[-2.71713,43.05855],[-2.71713,43.05857],[-2.71718,43.05864],[-2.71723,43.05876],[-2.71727,43.05884],[-2.71728,43.05885],[-2.71731,43.0589],[-2.71732,43.05891],[-2.71735,43.05894],[-2.71737,43.05896],[-2.71747,43.05906],[-2.71764,43.05922],[-2.71766,43.05924],[-2.71772,43.0593],[-2.71784,43.05944],[-2.71805,43.05967],[-2.71817,43.0598],[-2.71822,43.05986],[-2.71823,43.05988],[-2.71829,43.05995],[-2.71842,43.06014],[-2.71848,43.06023],[-2.7185,43.06025],[-2.71852,43.06027],[-2.71856,43.0603],[-2.71864,43.06034],[-2.71867,43.06035],[-2.71872,43.06038],[-2.71881,43.06041],[-2.71913,43.06052],[-2.71977,43.06074],[-2.71995,43.06081],[-2.72007,43.06086],[-2.72009,43.06087],[-2.7202,43.06092],[-2.72023,43.06094],[-2.72033,43.061],[-2.72037,43.06103],[-2.72047,43.0611],[-2.72051,43.06112],[-2.72056,43.06116],[-2.72067,43.06122],[-2.72071,43.06124],[-2.72082,43.0613],[-2.72093,43.06136],[-2.72104,43.06142],[-2.72108,43.06143],[-2.72115,43.06146],[-2.7213,43.06152],[-2.72143,43.06157],[-2.72145,43.06157],[-2.7216,43.06162],[-2.72162,43.06162],[-2.72181,43.06166],[-2.7221,43.06171],[-2.72226,43.06175],[-2.72241,43.06179],[-2.72243,43.06179],[-2.7227,43.06189],[-2.72271,43.0619],[-2.72285,43.06193],[-2.72307,43.06199],[-2.72318,43.06204],[-2.72344,43.06215]]}},{"type":"Feature","properties":{"id":232805440,"highway":"service"},"geometry":{"type":"LineString","coordinates":[[-2.7136,43.06855],[-2.71371,43.06851],[-2.71374,43.0685],[-2.71376,43.0685],[-2.71378,43.06851],[-2.71383,43.06851],[-2.71384,43.06852],[-2.71388,43.06853],[-2.71404,43.06859],[-2.71418,43.06861],[-2.71433,43.06863],[-2.71446,43.06865],[-2.71454,43.06866],[-2.71462,43.06867],[-2.71469,43.06869],[-2.71472,43.0687],[-2.71473,43.0687],[-2.7148,43.06874],[-2.71486,43.0688],[-2.71487,43.06882],[-2.71488,43.06884],[-2.71489,43.06887],[-2.71489,43.06887],[-2.71489,43.06891],[-2.71488,43.06892],[-2.71487,43.06895],[-2.71485,43.06897],[-2.71483,43.06901],[-2.71475,43.06905],[-2.71469,43.06908],[-2.71465,43.0691],[-2.71455,43.06913]]}},{"type":"Feature","properties":{"id":232805441,"highway":"track","nombre":"Altzusta auzoa","superficie":"concrete"},"geometry":{"type":"LineString","coordinates":[[-2.72919,43.05354],[-2.72915,43.05336],[-2.72909,43.05329],[-2.72906,43.05327],[-2.72901,43.05324],[-2.72899,43.05323],[-2.72891,43.0532],[-2.7289,43.0532],[-2.72878,43.05317],[-2.72842,43.05311],[-2.7282,43.05307],[-2.72813,43.05306],[-2.72798,43.05304],[-2.72786,43.05304],[-2.72773,43.05302],[-2.7276,43.05299],[-2.72743,43.05295],[-2.72724,43.0529],[-2.72703,43.05286],[-2.72674,43.0528],[-2.72659,43.05277],[-2.72637,43.0527],[-2.72621,43.05266],[-2.72583,43.05263],[-2.72558,43.05259],[-2.72538,43.05257],[-2.72519,43.05255],[-2.72498,43.05252],[-2.72477,43.05248],[-2.72476,43.05247],[-2.72465,43.05244],[-2.72463,43.05243],[-2.72447,43.05236],[-2.72433,43.0523],[-2.72431,43.05228],[-2.72416,43.05219],[-2.72406,43.0521],[-2.72404,43.05208],[-2.72394,43.05198],[-2.72385,43.05187],[-2.72384,43.05185],[-2.72374,43.0517],[-2.72365,43.05155],[-2.7236,43.05146],[-2.72358,43.05144],[-2.72353,43.0514],[-2.72337,43.05131],[-2.72319,43.05121],[-2.72282,43.05101],[-2.72257,43.05087],[-2.72234,43.05075],[-2.72209,43.05064],[-2.72193,43.05056],[-2.72178,43.05048],[-2.72169,43.05041],[-2.72167,43.05039],[-2.72153,43.05022],[-2.72151,43.0502],[-2.72145,43.05016],[-2.72133,43.05008],[-2.7213,43.05006],[-2.72115,43.04998],[-2.72112,43.04997],[-2.72099,43.04989]]}},{"type":"Feature","properties":{"id":232805442,"highway":"track"},"geometry":{"type":"LineString","coordinates":[[-2.69745,43.05802],[-2.69745,43.05812],[-2.69745,43.05833],[-2.69741,43.0585],[-2.69733,43.05862],[-2.69705,43.05889],[-2.69657,43.05921],[-2.69645,43.05925],[-2.69615,43.05929],[-2.69607,43.05932],[-2.69603,43.05936],[-2.69601,43.05942],[-2.69607,43.05967],[-2.69608,43.05983],[-2.69596,43.06034],[-2.69588,43.06094],[-2.69662,43.06271],[-2.69695,43.06365],[-2.69704,43.0638],[-2.69727,43.06407],[-2.69744,43.06432],[-2.69751,43.0645],[-2.69753,43.06472],[-2.69756,43.06478],[-2.69761,43.06483],[-2.69769,43.06486],[-2.69792,43.06489],[-2.69803,43.06489],[-2.6985,43.06479],[-2.69875,43.0647],[-2.69885,43.06468]]}},{"type":"Feature","properties":{"id":232837487,"highway":"service","puente":"yes"},"geometry":{"type":"LineString","coordinates":[[-2.75122,43.10973],[-2.75122,43.1096]]}},{"type":"Feature","properties":{"id":233563613,"highway":"path","nombre":"Mal camino","puente":"yes","superficie":"ground"},"geometry":{"type":"LineString","coordinates":[[-2.7711,43.07125],[-2.77103,43.07128]]}},{"type":"Feature","properties":{"id":233563614,"highway":"track","superficie":"ground"},"geometry":{"type":"LineString","coordinates":[[-2.76178,43.07526],[-2.7618,43.07545],[-2.76188,43.07569],[-2.76194,43.07584],[-2.76196,43.07589],[-2.76208,43.07603],[-2.76221,43.07618],[-2.76244,43.07638],[-2.76261,43.07654],[-2.76272,43.0766],[-2.76284,43.07667],[-2.763,43.07687],[-2.76313,43.07706],[-2.76321,43.07718],[-2.76339,43.07736],[-2.76353,43.07745],[-2.76366,43.07755],[-2.76392,43.0778],[-2.76417,43.07802],[-2.7643,43.0781],[-2.76449,43.07818],[-2.76465,43.07825],[-2.76476,43.07834],[-2.7649,43.0785],[-2.76511,43.07882],[-2.7652,43.07893],[-2.76539,43.07918],[-2.7654,43.07924],[-2.76541,43.07933],[-2.7654,43.07947],[-2.76537,43.07956],[-2.76537,43.0797],[-2.76541,43.0799],[-2.76552,43.0801],[-2.76559,43.08029],[-2.76561,43.08045],[-2.76567,43.08067],[-2.76578,43.08089],[-2.76589,43.08096],[-2.76604,43.08104],[-2.7662,43.08112],[-2.76634,43.08115],[-2.76649,43.08115],[-2.7666,43.08113],[-2.76675,43.08106],[-2.76688,43.08098],[-2.76696,43.08098],[-2.76703,43.08101],[-2.76713,43.08107],[-2.76727,43.08123],[-2.76739,43.0814],[-2.76743,43.08157],[-2.76741,43.08176],[-2.76739,43.08196],[-2.7674,43.08202],[-2.76736,43.08215],[-2.76727,43.0825],[-2.76726,43.08261],[-2.76725,43.0827],[-2.76725,43.08278],[-2.7672,43.08291],[-2.76717,43.08302],[-2.76705,43.08327],[-2.76692,43.08347],[-2.76687,43.08354],[-2.76683,43.08363],[-2.76667,43.08386],[-2.76653,43.08402],[-2.76632,43.08431],[-2.76618,43.0845],[-2.7659,43.08483],[-2.76572,43.08506],[-2.76565,43.0852],[-2.76546,43.08537],[-2.76538,43.08546]]}},{"type":"Feature","properties":{"id":236885593,"highway":"trunk","nombre":"Altzusta auzoa","ref":"N-240"},"geometry":{"type":"LineString","coordinates":[[-2.71147,43.06555],[-2.71112,43.06515]]}},{"type":"Feature","properties":{"id":236885594,"highway":"trunk","nombre":"Altzusta auzoa","ref":"N-240"},"geometry":{"type":"LineString","coordinates":[[-2.71112,43.06515],[-2.71078,43.06478]]}},{"type":"Feature","properties":{"id":236885595,"highway":"trunk","nombre":"Altzusta auzoa","ref":"N-240"},"geometry":{"type":"LineString","coordinates":[[-2.71177,43.06588],[-2.71155,43.06564],[-2.71147,43.06555]]}},{"type":"Feature","properties":{"id":236885606,"highway":"trunk","nombre":"Tarragona-Bilbo errepidea","izena_eu":"Tarragona-Bilbo errepidea","nombre_es":"Carretera Tarragona-Bilbao","ref":"N-240"},"geometry":{"type":"LineString","coordinates":[[-2.71078,43.06478],[-2.71048,43.06444],[-2.7103,43.06424],[-2.71017,43.0641],[-2.70949,43.06335]]}},{"type":"Feature","properties":{"id":236885615,"highway":"service","oneway":"yes"},"geometry":{"type":"LineString","coordinates":[[-2.7111,43.0657],[-2.71117,43.06575],[-2.71122,43.06576],[-2.71131,43.06577],[-2.71137,43.06576],[-2.71142,43.06577],[-2.7115,43.06579],[-2.71157,43.06581],[-2.71173,43.06588],[-2.71177,43.06588]]}},{"type":"Feature","properties":{"id":236885625,"highway":"service","oneway":"yes"},"geometry":{"type":"LineString","coordinates":[[-2.71112,43.06515],[-2.71111,43.06521],[-2.71109,43.06529],[-2.71107,43.06536],[-2.71105,43.06542],[-2.71102,43.06547],[-2.71101,43.0655],[-2.711,43.06554],[-2.71101,43.06558],[-2.71105,43.06563],[-2.7111,43.0657]]}},{"type":"Feature","properties":{"id":236885690,"highway":"service","oneway":"yes"},"geometry":{"type":"LineString","coordinates":[[-2.71132,43.06501],[-2.71117,43.06487],[-2.71111,43.06482],[-2.71106,43.0648],[-2.711,43.06478],[-2.71091,43.06478],[-2.7108,43.06478],[-2.71078,43.06478]]}},{"type":"Feature","properties":{"id":236885691,"highway":"service","oneway":"yes"},"geometry":{"type":"LineString","coordinates":[[-2.71147,43.06555],[-2.71148,43.06553],[-2.71151,43.06549],[-2.71145,43.0654],[-2.71141,43.06534],[-2.71146,43.06523],[-2.71146,43.06516],[-2.71132,43.06501]]}},{"type":"Feature","properties":{"id":236888686,"highway":"trunk","nombre":"Tarragona-Bilbo errepidea","izena_eu":"Tarragona-Bilbo errepidea","nombre_es":"Carretera Tarragona-Bilbao","ref":"N-240"},"geometry":{"type":"LineString","coordinates":[[-2.70885,43.06264],[-2.70815,43.06187],[-2.70746,43.06108],[-2.70599,43.05946],[-2.70525,43.05864],[-2.70364,43.05684],[-2.70217,43.0552],[-2.70086,43.05371],[-2.70072,43.05354],[-2.70035,43.0531],[-2.7,43.0527],[-2.69939,43.05197]]}},{"type":"Feature","properties":{"id":236888687,"highway":"service"},"geometry":{"type":"LineString","coordinates":[[-2.70885,43.06264],[-2.70806,43.06307]]}},{"type":"Feature","properties":{"id":236888689,"highway":"service"},"geometry":{"type":"LineString","coordinates":[[-2.70035,43.0531],[-2.70001,43.05325]]}},{"type":"Feature","properties":{"id":240688233,"highway":"track","nombre":"Ipiñaburu auzoa"},"geometry":{"type":"LineString","coordinates":[[-2.75066,43.06435],[-2.75072,43.06448],[-2.75084,43.06457],[-2.75104,43.06465],[-2.75127,43.06471],[-2.75149,43.06472],[-2.75167,43.06463],[-2.75184,43.06449],[-2.75196,43.06437],[-2.75202,43.06428],[-2.75205,43.06419],[-2.7521,43.0639],[-2.75222,43.06347],[-2.75222,43.06268],[-2.7522,43.06258],[-2.75213,43.06246],[-2.7519,43.06214],[-2.75165,43.06172],[-2.7515,43.06148],[-2.75148,43.06141],[-2.7515,43.06134],[-2.75152,43.06118],[-2.75152,43.06111],[-2.75149,43.06101],[-2.75131,43.06066],[-2.75129,43.0606],[-2.75118,43.06036],[-2.75112,43.06027],[-2.7511,43.06025],[-2.75087,43.05994],[-2.75065,43.05969],[-2.75057,43.05961],[-2.75045,43.05951],[-2.75032,43.05944],[-2.75022,43.05938],[-2.75016,43.05932],[-2.75014,43.05925],[-2.75014,43.05897],[-2.75011,43.05888],[-2.75007,43.05882],[-2.75001,43.05874],[-2.74988,43.05861],[-2.74973,43.05849],[-2.74948,43.05832],[-2.74866,43.05768],[-2.74847,43.05756],[-2.74842,43.05753],[-2.74835,43.05753],[-2.7483,43.05753],[-2.74825,43.05755],[-2.74821,43.05756],[-2.74817,43.05761],[-2.74816,43.05766],[-2.74815,43.05772],[-2.74814,43.0578],[-2.74811,43.05791],[-2.74799,43.05819],[-2.7479,43.05838],[-2.74782,43.05852],[-2.7477,43.05866],[-2.74769,43.05876],[-2.7477,43.05887],[-2.7477,43.05897],[-2.74772,43.05909],[-2.74775,43.05926],[-2.74781,43.05945],[-2.7479,43.05966],[-2.7479,43.0597],[-2.74789,43.05975],[-2.74785,43.05979],[-2.74783,43.05982],[-2.74773,43.05985],[-2.74762,43.05987],[-2.74756,43.05987],[-2.74748,43.05987],[-2.74735,43.05982],[-2.74705,43.05969],[-2.74688,43.05963],[-2.74677,43.05963],[-2.74669,43.05964],[-2.74661,43.05969],[-2.74656,43.05972],[-2.74648,43.0598],[-2.74622,43.06008],[-2.74601,43.06029],[-2.74583,43.06039],[-2.74566,43.06043],[-2.74548,43.06044],[-2.74531,43.06044],[-2.74509,43.06041],[-2.74476,43.06035],[-2.74459,43.0603],[-2.74436,43.0602],[-2.74413,43.06014],[-2.74395,43.0601],[-2.74383,43.06008],[-2.74365,43.06008],[-2.74345,43.06011],[-2.7433,43.06011],[-2.74319,43.0601],[-2.74303,43.06005],[-2.74295,43.06],[-2.74286,43.05993],[-2.74276,43.05982],[-2.74268,43.05971],[-2.74248,43.05947],[-2.7424,43.05939],[-2.7423,43.05932],[-2.7422,43.05927],[-2.74208,43.05921],[-2.74187,43.05916],[-2.74175,43.05914],[-2.7414,43.05913],[-2.7412,43.05912],[-2.74054,43.05907],[-2.74018,43.05902],[-2.74005,43.05899],[-2.73971,43.05901],[-2.73963,43.05901],[-2.73955,43.05899],[-2.73948,43.05897],[-2.73944,43.05893],[-2.73942,43.05886],[-2.73943,43.05878],[-2.73948,43.05864],[-2.73952,43.05845],[-2.73951,43.05813],[-2.73948,43.0579],[-2.73945,43.05769],[-2.73941,43.05754],[-2.73929,43.05732],[-2.7392,43.05719],[-2.73897,43.05689],[-2.73891,43.05681],[-2.7388,43.05661],[-2.73866,43.05634],[-2.73858,43.05621],[-2.73843,43.05604],[-2.738,43.05545],[-2.73792,43.05535],[-2.73784,43.05529],[-2.73772,43.05524],[-2.7376,43.05522],[-2.73734,43.05518],[-2.73702,43.05517],[-2.73636,43.05517],[-2.73593,43.05517],[-2.73565,43.05514],[-2.73501,43.05503],[-2.7341,43.0548],[-2.73353,43.05466],[-2.73345,43.05462],[-2.73311,43.05449],[-2.73254,43.05428],[-2.73209,43.0541],[-2.73184,43.05398],[-2.73157,43.05382],[-2.73127,43.05367],[-2.73084,43.05351],[-2.73056,43.05344],[-2.73018,43.0534],[-2.73001,43.05338]]}},{"type":"Feature","properties":{"id":240690721,"highway":"track"},"geometry":{"type":"LineString","coordinates":[[-2.73079,43.04827],[-2.73091,43.0482],[-2.73111,43.04811],[-2.73131,43.04803],[-2.73157,43.04793],[-2.73167,43.04791],[-2.73176,43.04791],[-2.73181,43.04793],[-2.73185,43.04795],[-2.73194,43.04806],[-2.73205,43.04821],[-2.73216,43.04833],[-2.73228,43.04845],[-2.73241,43.04854],[-2.73249,43.04856],[-2.73258,43.04857],[-2.73269,43.04858],[-2.7329,43.04857],[-2.73322,43.04854],[-2.7335,43.0485],[-2.73371,43.04845],[-2.73389,43.04838],[-2.73406,43.04829],[-2.73456,43.04801],[-2.73487,43.04789],[-2.73492,43.04788],[-2.73497,43.04787],[-2.73507,43.04788],[-2.73546,43.04792],[-2.73565,43.04793],[-2.73584,43.04792],[-2.73594,43.04791],[-2.73605,43.04789],[-2.73637,43.04778],[-2.7364,43.04776],[-2.73691,43.04751],[-2.73714,43.04739],[-2.73728,43.04733],[-2.7374,43.04731],[-2.73765,43.04727],[-2.73799,43.04722],[-2.7383,43.04714],[-2.73868,43.04702],[-2.73891,43.04694],[-2.7391,43.04689],[-2.73923,43.04684],[-2.73932,43.0468],[-2.73944,43.04674],[-2.73951,43.04672],[-2.73957,43.04672],[-2.7396,43.04674],[-2.73963,43.04677],[-2.73966,43.04684],[-2.73974,43.04705],[-2.73981,43.04723],[-2.73989,43.04737],[-2.73996,43.04743],[-2.74002,43.04749],[-2.74013,43.04754],[-2.74026,43.04758],[-2.74038,43.04759],[-2.74041,43.04759],[-2.74062,43.04762],[-2.74083,43.04767],[-2.7412,43.04774],[-2.7415,43.04779],[-2.74171,43.04782],[-2.74187,43.04783],[-2.74205,43.04782],[-2.74226,43.04779],[-2.74235,43.04776],[-2.74247,43.04769],[-2.74263,43.04762],[-2.7428,43.04755],[-2.74289,43.04753],[-2.74297,43.04753],[-2.74303,43.04755],[-2.7431,43.04763],[-2.7432,43.04773],[-2.74327,43.04775],[-2.7435,43.04776],[-2.74386,43.04777],[-2.74427,43.04775],[-2.74446,43.04776],[-2.74459,43.04777],[-2.74473,43.04781],[-2.74497,43.04789],[-2.7454,43.04804],[-2.7458,43.04817],[-2.7459,43.04822],[-2.7462,43.04845],[-2.74629,43.04852],[-2.74637,43.04861],[-2.74648,43.04876],[-2.74656,43.04889],[-2.74663,43.04899],[-2.74675,43.04911],[-2.74692,43.04923],[-2.74708,43.04933],[-2.74718,43.04946],[-2.74738,43.04973],[-2.74759,43.05001],[-2.74768,43.05011],[-2.7478,43.0502],[-2.74792,43.05026],[-2.74806,43.05032],[-2.74813,43.05035],[-2.74818,43.05042],[-2.74821,43.0505],[-2.74823,43.05057],[-2.74827,43.05082],[-2.74833,43.05106],[-2.74841,43.05124],[-2.74842,43.05127],[-2.74844,43.05132],[-2.74851,43.05137],[-2.74863,43.05139],[-2.74875,43.05139],[-2.74897,43.05136],[-2.74922,43.05126],[-2.74945,43.05114],[-2.74966,43.05106],[-2.74984,43.05103],[-2.75011,43.05107],[-2.75035,43.05112],[-2.75066,43.05121],[-2.75087,43.05125],[-2.75099,43.05127],[-2.75104,43.05131],[-2.75106,43.05136],[-2.75106,43.0514],[-2.75104,43.05145],[-2.751,43.05152],[-2.7509,43.0517],[-2.75079,43.05194],[-2.75073,43.05222],[-2.75071,43.05247],[-2.75082,43.05275],[-2.75097,43.05295],[-2.75122,43.05321],[-2.75153,43.05345],[-2.75164,43.05349],[-2.75177,43.05349],[-2.75193,43.05341],[-2.75214,43.05321],[-2.75241,43.05288],[-2.75251,43.05281],[-2.75261,43.05281],[-2.75267,43.05284],[-2.75271,43.0529],[-2.75271,43.05299],[-2.75271,43.05308],[-2.75281,43.05321],[-2.75299,43.05328],[-2.75315,43.05335],[-2.75332,43.05352],[-2.75353,43.05376],[-2.75371,43.05395],[-2.7538,43.05402],[-2.7538,43.05408],[-2.75374,43.05415],[-2.75366,43.05426],[-2.75363,43.05441],[-2.75383,43.05469],[-2.75396,43.0549],[-2.754,43.05505],[-2.75394,43.05517],[-2.75371,43.05545],[-2.75356,43.05561],[-2.7535,43.05575],[-2.7535,43.05589],[-2.75356,43.05606],[-2.7537,43.05622],[-2.75382,43.05633],[-2.75412,43.05658],[-2.75443,43.05685],[-2.75495,43.05718],[-2.75519,43.05737],[-2.75549,43.05785],[-2.75586,43.05825],[-2.75597,43.05831],[-2.75624,43.05845],[-2.75657,43.05856],[-2.75686,43.05862],[-2.75711,43.05861],[-2.75728,43.05862],[-2.75752,43.05868],[-2.75776,43.05878],[-2.75805,43.05896],[-2.75844,43.05918],[-2.75907,43.05945],[-2.75946,43.05966],[-2.75957,43.05977],[-2.75969,43.0601],[-2.76014,43.06131],[-2.76018,43.0614],[-2.76026,43.06157],[-2.76042,43.0617],[-2.76068,43.06184],[-2.76089,43.0619],[-2.76108,43.06193],[-2.76128,43.06194],[-2.76144,43.06196],[-2.76153,43.06199],[-2.7616,43.06204],[-2.76163,43.06213],[-2.76163,43.06221],[-2.76164,43.06229],[-2.76159,43.06237],[-2.76154,43.06246]]}},{"type":"Feature","properties":{"id":240692097,"highway":"track","nombre":"Ipiñaburu auzoa"},"geometry":{"type":"LineString","coordinates":[[-2.76599,43.04117],[-2.7661,43.04122],[-2.76622,43.04126],[-2.76632,43.04129],[-2.76636,43.04134],[-2.76639,43.04139],[-2.76637,43.04147],[-2.76637,43.04155],[-2.7664,43.0416],[-2.76649,43.04174],[-2.7665,43.04178],[-2.76649,43.04183],[-2.76648,43.04189],[-2.76646,43.04194],[-2.76644,43.04205],[-2.76643,43.04231],[-2.76644,43.0424],[-2.76647,43.04247]]}},{"type":"Feature","properties":{"id":240692098,"highway":"track"},"geometry":{"type":"LineString","coordinates":[[-2.76848,43.04299],[-2.76826,43.04294],[-2.76804,43.04293],[-2.7678,43.0429],[-2.76747,43.04279],[-2.7673,43.04275],[-2.7672,43.0427],[-2.76708,43.04264],[-2.76695,43.04262],[-2.76683,43.04256],[-2.76672,43.04252],[-2.76659,43.04247],[-2.76654,43.04246],[-2.76647,43.04247]]}},{"type":"Feature","properties":{"id":240692099,"highway":"path"},"geometry":{"type":"LineString","coordinates":[[-2.76654,43.04246],[-2.76654,43.04242],[-2.76662,43.04235],[-2.76669,43.0423],[-2.76677,43.04226]]}},{"type":"Feature","properties":{"id":240692100,"highway":"track","nombre":"Ipiñaburu auzoa"},"geometry":{"type":"LineString","coordinates":[[-2.76405,43.04268],[-2.76396,43.04268],[-2.76388,43.04266],[-2.76375,43.04265],[-2.76368,43.04264],[-2.76359,43.0426],[-2.76353,43.04254],[-2.76343,43.04245],[-2.76335,43.04239],[-2.7632,43.04236],[-2.76308,43.04234],[-2.763,43.04234],[-2.76292,43.04235],[-2.76287,43.04239],[-2.76285,43.04242],[-2.76283,43.04268]]}},{"type":"Feature","properties":{"id":241967368,"highway":"path","nombre":"Ipiñaburu auzoa"},"geometry":{"type":"LineString","coordinates":[[-2.76603,43.0411],[-2.766,43.04113],[-2.76599,43.04117],[-2.76593,43.04119],[-2.76592,43.04123],[-2.76597,43.04127],[-2.76602,43.04131],[-2.76607,43.04135],[-2.76608,43.04137],[-2.76608,43.04141],[-2.76602,43.04144],[-2.76599,43.04146],[-2.76593,43.04152],[-2.76588,43.04155],[-2.7658,43.04158],[-2.76557,43.04167],[-2.76553,43.0417],[-2.76543,43.04174],[-2.76542,43.04178],[-2.76538,43.04184],[-2.76533,43.04191],[-2.76525,43.04201],[-2.76521,43.04202],[-2.76513,43.04204],[-2.76509,43.04206],[-2.76504,43.04217],[-2.76498,43.04222],[-2.76482,43.04227],[-2.76479,43.04228],[-2.76477,43.04233],[-2.76468,43.04238],[-2.76451,43.04242],[-2.76436,43.04249],[-2.76427,43.04252],[-2.76419,43.04255],[-2.76415,43.04257],[-2.76409,43.04264],[-2.76405,43.04268]]}},{"type":"Feature","properties":{"id":241967372,"highway":"path"},"geometry":{"type":"LineString","coordinates":[[-2.7632,43.04236],[-2.76332,43.04231],[-2.76343,43.0423],[-2.76352,43.04228],[-2.76362,43.04227],[-2.76366,43.04228],[-2.76374,43.04228],[-2.76382,43.04225],[-2.7639,43.04223],[-2.76403,43.0422],[-2.76416,43.04217],[-2.76435,43.04209],[-2.76448,43.04204],[-2.76469,43.04198],[-2.76481,43.04193],[-2.76492,43.04191],[-2.76501,43.04191],[-2.76509,43.0419],[-2.76525,43.04201],[-2.76536,43.04203],[-2.7655,43.04204],[-2.76562,43.04205],[-2.76568,43.04204],[-2.76573,43.04201],[-2.76587,43.04186],[-2.76595,43.04186],[-2.76607,43.04189],[-2.76622,43.04188],[-2.76627,43.04191],[-2.76639,43.04192],[-2.76646,43.04194],[-2.76651,43.04198],[-2.76658,43.04207],[-2.76677,43.04226],[-2.76696,43.0422],[-2.76707,43.04208],[-2.76715,43.04196],[-2.76721,43.04177],[-2.76728,43.04162],[-2.76738,43.04151],[-2.76739,43.04143],[-2.76742,43.04132],[-2.76742,43.04129],[-2.76739,43.04125],[-2.76731,43.04118],[-2.76726,43.04111],[-2.76732,43.0409]]}},{"type":"Feature","properties":{"id":244625877,"highway":"track"},"geometry":{"type":"LineString","coordinates":[[-2.73818,43.11304],[-2.73822,43.11308],[-2.73829,43.11314],[-2.73851,43.11328],[-2.73852,43.11329]]}},{"type":"Feature","properties":{"id":244625878,"highway":"track"},"geometry":{"type":"LineString","coordinates":[[-2.71763,43.0942],[-2.71774,43.09418],[-2.7178,43.09414],[-2.7179,43.09408],[-2.71807,43.09398],[-2.71813,43.09395],[-2.71816,43.09393],[-2.71817,43.09393],[-2.71819,43.09393],[-2.71822,43.09393],[-2.71826,43.09393],[-2.71828,43.09393],[-2.71833,43.09394],[-2.71836,43.09395],[-2.71845,43.09398],[-2.71866,43.09407],[-2.71885,43.09415],[-2.71898,43.0942],[-2.71908,43.09423],[-2.71914,43.09425],[-2.71917,43.09425],[-2.71933,43.09427],[-2.71966,43.09432],[-2.71983,43.09436],[-2.71997,43.09439],[-2.72019,43.09442],[-2.7204,43.09444],[-2.72059,43.09447],[-2.72074,43.0945],[-2.7209,43.09454],[-2.72104,43.09458],[-2.72119,43.09464],[-2.7212,43.09464],[-2.7213,43.09469],[-2.72132,43.0947],[-2.72143,43.09478],[-2.72156,43.09487],[-2.72165,43.09495],[-2.72166,43.09497],[-2.72172,43.09504],[-2.72178,43.09512],[-2.72179,43.09513],[-2.72187,43.09531],[-2.72196,43.09547],[-2.72209,43.09568],[-2.72218,43.09582],[-2.72226,43.09594],[-2.72233,43.09605],[-2.72238,43.09616],[-2.72242,43.09625],[-2.72244,43.09634],[-2.72245,43.09644],[-2.72247,43.09654],[-2.72252,43.09664],[-2.72252,43.09665],[-2.72259,43.09673],[-2.72263,43.09676],[-2.72265,43.09677],[-2.72267,43.09678],[-2.72268,43.09678],[-2.72278,43.09677],[-2.72293,43.09674],[-2.72305,43.09673],[-2.72319,43.09672],[-2.72332,43.0967],[-2.72353,43.09665],[-2.72363,43.09661],[-2.72364,43.09661],[-2.72371,43.09656],[-2.72374,43.09653],[-2.72375,43.09652],[-2.72376,43.09648],[-2.72376,43.09643],[-2.72375,43.09638],[-2.72373,43.09632],[-2.72372,43.09627],[-2.72372,43.09621],[-2.72373,43.09616],[-2.72375,43.09612],[-2.72376,43.09611],[-2.72382,43.09605],[-2.72383,43.09604],[-2.72391,43.09597],[-2.72393,43.09596],[-2.724,43.0959],[-2.72409,43.09584],[-2.72411,43.09583],[-2.72421,43.09579],[-2.72422,43.09579],[-2.72449,43.09571],[-2.72468,43.09565],[-2.72484,43.09559],[-2.72491,43.09558],[-2.72498,43.09558],[-2.72503,43.09558],[-2.72504,43.09559],[-2.72509,43.0956],[-2.72515,43.09565],[-2.72523,43.09572],[-2.72532,43.09579],[-2.72543,43.09586],[-2.72552,43.09593],[-2.72554,43.09595],[-2.7256,43.09601],[-2.7256,43.09602],[-2.72564,43.0961],[-2.72567,43.0962],[-2.7257,43.09631],[-2.7257,43.09631],[-2.72577,43.09644],[-2.72586,43.09656],[-2.72595,43.0967],[-2.72603,43.0968],[-2.72608,43.09689],[-2.72611,43.09695],[-2.72611,43.09698],[-2.72611,43.09702],[-2.7261,43.09709],[-2.72608,43.09717],[-2.72603,43.09733],[-2.72603,43.09743],[-2.72607,43.09752],[-2.72608,43.09753],[-2.72611,43.09757],[-2.72616,43.09762],[-2.72621,43.09766],[-2.72626,43.09767],[-2.72628,43.09768]]}},{"type":"Feature","properties":{"id":244625879,"highway":"track"},"geometry":{"type":"LineString","coordinates":[[-2.7317,43.09798],[-2.73157,43.098],[-2.7314,43.09799],[-2.7313,43.098],[-2.7312,43.09801],[-2.73102,43.09803],[-2.7309,43.09805],[-2.73083,43.09806],[-2.73072,43.0981],[-2.73063,43.09812],[-2.73051,43.09815],[-2.73037,43.09817],[-2.73009,43.0982],[-2.73002,43.09821]]}},{"type":"Feature","properties":{"id":244625880,"highway":"track"},"geometry":{"type":"LineString","coordinates":[[-2.73741,43.11275],[-2.73755,43.11277],[-2.73762,43.11278],[-2.73771,43.1128],[-2.73781,43.11282],[-2.73789,43.11284],[-2.73796,43.11286],[-2.73797,43.11286],[-2.73803,43.11289],[-2.73809,43.11292],[-2.73812,43.11295],[-2.73814,43.11299],[-2.73818,43.11304]]}},{"type":"Feature","properties":{"id":244625881,"highway":"track","nombre":"Asterria auzoa"},"geometry":{"type":"LineString","coordinates":[[-2.74097,43.10923],[-2.74095,43.10923],[-2.74093,43.10923],[-2.74088,43.10925],[-2.7408,43.10928],[-2.74064,43.10935],[-2.74057,43.10937],[-2.74048,43.10941],[-2.74037,43.10946],[-2.74035,43.10947],[-2.74027,43.10951],[-2.74017,43.10955],[-2.74009,43.10959],[-2.73999,43.10962],[-2.73988,43.10966],[-2.73973,43.1097],[-2.73961,43.10973],[-2.73949,43.10975],[-2.7394,43.10975],[-2.73931,43.10974],[-2.7392,43.10972],[-2.7391,43.10969],[-2.73901,43.10965],[-2.73899,43.10964],[-2.73894,43.10961],[-2.73891,43.10957],[-2.7389,43.10955],[-2.73886,43.10945],[-2.73882,43.10933],[-2.73881,43.10928],[-2.73881,43.10924],[-2.73882,43.10918],[-2.73882,43.10918],[-2.73884,43.10914],[-2.73886,43.10913],[-2.73889,43.10909],[-2.73895,43.10906],[-2.73897,43.10904],[-2.73904,43.10901],[-2.73915,43.10895],[-2.73918,43.10892],[-2.7392,43.10891],[-2.73923,43.10886],[-2.73924,43.10885],[-2.73927,43.10878],[-2.7393,43.10871],[-2.73931,43.10864],[-2.73931,43.10858],[-2.73928,43.10849],[-2.73925,43.1084],[-2.73915,43.10816],[-2.73909,43.10801],[-2.73906,43.10793],[-2.73903,43.10789],[-2.73901,43.10786],[-2.73896,43.1078],[-2.73891,43.10777],[-2.73889,43.10775],[-2.73882,43.10773],[-2.73874,43.1077],[-2.73872,43.10769],[-2.73858,43.10762],[-2.73847,43.10756],[-2.73837,43.1075],[-2.73833,43.10746],[-2.73832,43.10745],[-2.7383,43.10742],[-2.7383,43.10741],[-2.73829,43.10736],[-2.7383,43.10732],[-2.7383,43.10731],[-2.73833,43.10728],[-2.73834,43.10726],[-2.73844,43.10717],[-2.73849,43.10711],[-2.7385,43.1071],[-2.73851,43.10707],[-2.73851,43.10701],[-2.73849,43.10694],[-2.73848,43.10693],[-2.73843,43.10686],[-2.73841,43.10685],[-2.73817,43.10661],[-2.73815,43.1066],[-2.73807,43.10653],[-2.73804,43.1065],[-2.73791,43.10641],[-2.73779,43.10632],[-2.73768,43.10624],[-2.7376,43.10619],[-2.73757,43.10618],[-2.73747,43.10614],[-2.73734,43.1061],[-2.73726,43.10606],[-2.73724,43.10606],[-2.73719,43.10604],[-2.73714,43.10603],[-2.73704,43.10603],[-2.73695,43.10604],[-2.73686,43.10606],[-2.73672,43.10608],[-2.73655,43.10611],[-2.73635,43.10614],[-2.73609,43.10617],[-2.73602,43.10617],[-2.73596,43.10618],[-2.7359,43.10618],[-2.73582,43.10617],[-2.73569,43.10614],[-2.73554,43.1061],[-2.73543,43.10606],[-2.73541,43.10605],[-2.73534,43.10602],[-2.73531,43.106],[-2.73527,43.10597],[-2.73526,43.10594],[-2.73525,43.1059],[-2.73524,43.10586],[-2.73526,43.10579],[-2.73529,43.10568],[-2.73529,43.10558],[-2.73528,43.10546],[-2.73528,43.10546],[-2.73525,43.10539],[-2.73523,43.10538],[-2.73519,43.10535],[-2.73515,43.10532],[-2.73513,43.10532],[-2.73506,43.1053],[-2.73499,43.1053],[-2.73489,43.10531],[-2.73488,43.10531],[-2.73468,43.10537],[-2.73453,43.1054],[-2.73434,43.10546],[-2.73421,43.1055],[-2.73407,43.10552],[-2.73397,43.10554],[-2.73386,43.10554],[-2.73375,43.10552],[-2.73374,43.10552],[-2.73367,43.10549],[-2.73365,43.10548],[-2.73359,43.10544],[-2.73355,43.10541],[-2.73353,43.10539],[-2.7335,43.10535],[-2.73349,43.10534],[-2.73344,43.10529],[-2.73338,43.10525],[-2.73336,43.10524],[-2.73332,43.10523],[-2.73331,43.10523],[-2.73324,43.10522],[-2.73315,43.10523],[-2.73297,43.10527],[-2.73291,43.10527],[-2.7329,43.10527],[-2.73286,43.10526],[-2.73284,43.10524]]}},{"type":"Feature","properties":{"id":244625883,"highway":"track"},"geometry":{"type":"LineString","coordinates":[[-2.735,43.11124],[-2.73506,43.11127],[-2.73519,43.11131],[-2.73531,43.11135],[-2.73542,43.11139],[-2.73544,43.1114],[-2.73549,43.11144],[-2.73555,43.11148],[-2.73556,43.1115],[-2.73562,43.11158],[-2.73568,43.11166],[-2.73584,43.1119],[-2.73589,43.11199],[-2.73591,43.11202],[-2.73595,43.11215],[-2.73597,43.11219]]}},{"type":"Feature","properties":{"id":244625887,"highway":"track"},"geometry":{"type":"LineString","coordinates":[[-2.74037,43.10946],[-2.74046,43.10946],[-2.74057,43.10946],[-2.74076,43.10945],[-2.74081,43.10945],[-2.74085,43.10944],[-2.74087,43.10943],[-2.7409,43.10942],[-2.74096,43.10937],[-2.741,43.10934],[-2.74104,43.10932],[-2.74106,43.10931],[-2.74108,43.1093],[-2.74112,43.10929],[-2.7412,43.10928],[-2.74124,43.10926],[-2.74125,43.10926],[-2.74134,43.10921]]}},{"type":"Feature","properties":{"id":244625889,"highway":"track"},"geometry":{"type":"LineString","coordinates":[[-2.72628,43.09768],[-2.72633,43.09769]]}},{"type":"Feature","properties":{"id":244625892,"highway":"track"},"geometry":{"type":"LineString","coordinates":[[-2.73058,43.10714],[-2.73064,43.10716],[-2.73077,43.10721],[-2.73089,43.10725],[-2.73098,43.10729],[-2.73105,43.10731],[-2.73118,43.10734],[-2.7313,43.10737],[-2.73137,43.10739],[-2.73148,43.10743],[-2.73153,43.10745],[-2.73159,43.10749],[-2.73174,43.10756],[-2.73196,43.10772],[-2.73208,43.10779],[-2.73222,43.1079],[-2.73243,43.10804],[-2.73258,43.10812],[-2.73303,43.10841],[-2.73334,43.10864],[-2.73338,43.10866]]}},{"type":"Feature","properties":{"id":244625893,"highway":"track"},"geometry":{"type":"LineString","coordinates":[[-2.73452,43.09922],[-2.73458,43.09925],[-2.73465,43.09927],[-2.73474,43.09931],[-2.73483,43.09935],[-2.73485,43.09936],[-2.73501,43.09941],[-2.73513,43.09945],[-2.73515,43.09945],[-2.73523,43.09948],[-2.73526,43.0995],[-2.73537,43.09956],[-2.73548,43.09964],[-2.73551,43.09967],[-2.7356,43.09975],[-2.73573,43.09986],[-2.73586,43.09996],[-2.7359,43.09998],[-2.73604,43.10007],[-2.73607,43.10009],[-2.7362,43.10016],[-2.73632,43.10022],[-2.73644,43.10028],[-2.73649,43.10032],[-2.73651,43.10035],[-2.73658,43.10042],[-2.7366,43.10044],[-2.73668,43.10053],[-2.73675,43.10057],[-2.73678,43.10058],[-2.73685,43.10061],[-2.73687,43.10062],[-2.73696,43.10064],[-2.73706,43.10066],[-2.73708,43.10067],[-2.73716,43.1007],[-2.73719,43.10072],[-2.73733,43.10081],[-2.73747,43.10091],[-2.73749,43.10094],[-2.73757,43.10102],[-2.73759,43.10104],[-2.73768,43.10114],[-2.7377,43.10116],[-2.73785,43.10131],[-2.73801,43.10145],[-2.73803,43.10147],[-2.73818,43.10164],[-2.7382,43.10166],[-2.73823,43.10169],[-2.73834,43.10179],[-2.73837,43.10182],[-2.73857,43.10198],[-2.73868,43.10207],[-2.73882,43.10216],[-2.73893,43.1022],[-2.73894,43.10221],[-2.73904,43.10222],[-2.73919,43.10224],[-2.7392,43.10224],[-2.73927,43.10226],[-2.73929,43.10227],[-2.73934,43.1023],[-2.73938,43.10235],[-2.7394,43.10237],[-2.73947,43.10249],[-2.73958,43.10265],[-2.73966,43.10277],[-2.73968,43.10278],[-2.73977,43.1029],[-2.73979,43.10292],[-2.73985,43.10297],[-2.73992,43.10303],[-2.74003,43.10311],[-2.74014,43.10318],[-2.74022,43.10324],[-2.74025,43.10327],[-2.74028,43.10331],[-2.7403,43.10333],[-2.74035,43.10344],[-2.74036,43.10346],[-2.74041,43.10354],[-2.74042,43.10355],[-2.74048,43.10362],[-2.74051,43.10365],[-2.74059,43.10371],[-2.74062,43.10374],[-2.74074,43.10382],[-2.74081,43.10387],[-2.74085,43.10389],[-2.7409,43.10392],[-2.74098,43.10396],[-2.74101,43.10397],[-2.74105,43.10399],[-2.74108,43.104],[-2.74114,43.10402],[-2.74124,43.10404],[-2.74134,43.10406],[-2.74136,43.10407],[-2.74143,43.10409],[-2.74146,43.10411],[-2.74149,43.10413],[-2.74152,43.10415],[-2.74153,43.10417],[-2.74154,43.10421],[-2.74156,43.10426],[-2.74159,43.10437],[-2.74161,43.10445],[-2.74163,43.1045],[-2.74164,43.10452],[-2.74165,43.10454],[-2.74167,43.10456],[-2.7417,43.10459],[-2.74177,43.10465],[-2.74197,43.10478],[-2.7421,43.10486],[-2.74218,43.10491],[-2.74227,43.10496],[-2.7423,43.10497],[-2.74234,43.10499],[-2.74237,43.105],[-2.74244,43.10503],[-2.7425,43.10505],[-2.74252,43.10505],[-2.74257,43.10507],[-2.74262,43.10509],[-2.74265,43.10512],[-2.74266,43.10514],[-2.74269,43.10517],[-2.74272,43.10524],[-2.74277,43.10534],[-2.74279,43.10536],[-2.74285,43.10543],[-2.74287,43.10545],[-2.7429,43.10548],[-2.74293,43.1055],[-2.74297,43.10552],[-2.74302,43.10554],[-2.74304,43.10555],[-2.74314,43.10558],[-2.74334,43.10563],[-2.74336,43.10564],[-2.74341,43.10566],[-2.74343,43.10568],[-2.74348,43.10571],[-2.74351,43.10575],[-2.74352,43.10576],[-2.74355,43.10584],[-2.74356,43.10585],[-2.74359,43.10598],[-2.74359,43.106],[-2.74362,43.10603],[-2.74365,43.10605],[-2.74367,43.10606],[-2.74371,43.10609],[-2.74376,43.1061],[-2.74382,43.10614],[-2.74395,43.10614],[-2.74402,43.10614],[-2.74409,43.10613],[-2.74416,43.10614],[-2.74417,43.10614],[-2.74423,43.10616],[-2.74425,43.10618],[-2.74429,43.1062],[-2.7443,43.10622],[-2.74431,43.10623],[-2.74433,43.10628],[-2.74434,43.10636],[-2.74434,43.10643],[-2.74436,43.10649],[-2.74436,43.10649],[-2.74438,43.10654],[-2.74438,43.10655],[-2.74441,43.10659],[-2.74443,43.10661],[-2.74448,43.10666],[-2.7446,43.10673],[-2.74474,43.10683],[-2.74486,43.10692],[-2.74498,43.10699],[-2.7451,43.10707],[-2.74516,43.10711],[-2.74519,43.10713],[-2.74523,43.10715],[-2.74526,43.10717],[-2.74532,43.10719],[-2.74537,43.10721],[-2.74538,43.10722],[-2.74544,43.10724],[-2.74549,43.10726],[-2.74551,43.10727],[-2.74554,43.10729],[-2.74557,43.10732],[-2.74558,43.10734],[-2.74559,43.10735],[-2.74561,43.10739],[-2.74562,43.10745],[-2.74563,43.10746],[-2.74566,43.1075],[-2.74567,43.10751],[-2.7457,43.10754],[-2.74575,43.10757],[-2.74577,43.10758],[-2.74583,43.10761],[-2.74596,43.10767],[-2.74608,43.10773],[-2.7461,43.10774],[-2.74614,43.10777],[-2.74618,43.1078],[-2.7462,43.10782],[-2.74626,43.10788],[-2.74632,43.10795],[-2.74634,43.10797],[-2.74647,43.10807],[-2.74646,43.10812]]}},{"type":"Feature","properties":{"id":244625895,"highway":"track"},"geometry":{"type":"LineString","coordinates":[[-2.73597,43.11219],[-2.736,43.11224],[-2.73604,43.11228],[-2.73608,43.1123],[-2.73614,43.11232],[-2.73627,43.11237],[-2.73636,43.1124],[-2.73643,43.11243],[-2.73645,43.11244],[-2.73664,43.11256],[-2.73666,43.11257],[-2.73676,43.11261],[-2.73685,43.11264],[-2.73694,43.11267],[-2.73705,43.11269],[-2.73718,43.11272],[-2.73725,43.11273],[-2.73731,43.11274],[-2.73741,43.11275]]}},{"type":"Feature","properties":{"id":244625896,"highway":"track"},"geometry":{"type":"LineString","coordinates":[[-2.73055,43.10239],[-2.73064,43.1024],[-2.73066,43.1024],[-2.73088,43.10245],[-2.73099,43.10247],[-2.7311,43.10248],[-2.73111,43.10249],[-2.73119,43.10252],[-2.73121,43.10252],[-2.73127,43.10255],[-2.73132,43.10259],[-2.73133,43.1026],[-2.73136,43.10264],[-2.73137,43.10265],[-2.7314,43.10269],[-2.7314,43.1027],[-2.73143,43.10278],[-2.73144,43.10288],[-2.73144,43.10296],[-2.73144,43.103],[-2.73143,43.10305],[-2.73141,43.1031],[-2.7314,43.1031],[-2.73138,43.10314],[-2.73137,43.10316],[-2.73133,43.1032],[-2.7313,43.10323]]}},{"type":"Feature","properties":{"id":244625898,"highway":"track"},"geometry":{"type":"LineString","coordinates":[[-2.73277,43.10519],[-2.73279,43.10521],[-2.73284,43.10524]]}},{"type":"Feature","properties":{"id":244625899,"highway":"track"},"geometry":{"type":"LineString","coordinates":[[-2.7317,43.09798],[-2.7318,43.09799],[-2.73181,43.098],[-2.73189,43.09801],[-2.73217,43.09806],[-2.73223,43.09807],[-2.73229,43.09808],[-2.73234,43.09809],[-2.7324,43.09812],[-2.73246,43.09814],[-2.73248,43.09815],[-2.73254,43.09818],[-2.73257,43.0982],[-2.73263,43.09824],[-2.73269,43.09829],[-2.73276,43.09834],[-2.73283,43.09841],[-2.73285,43.09844],[-2.73299,43.09857],[-2.73312,43.0987],[-2.73321,43.09876],[-2.73332,43.09883],[-2.73341,43.09889],[-2.73357,43.09901],[-2.73369,43.0991],[-2.7338,43.09916],[-2.73383,43.09917],[-2.73392,43.09921],[-2.73393,43.09921],[-2.73407,43.09925],[-2.73422,43.09926],[-2.73438,43.09925],[-2.73452,43.09922]]}},{"type":"Feature","properties":{"id":244625900,"highway":"track"},"geometry":{"type":"LineString","coordinates":[[-2.74404,43.09951],[-2.74405,43.09944],[-2.74405,43.09941],[-2.74403,43.09937],[-2.74397,43.09928],[-2.74386,43.09909],[-2.74375,43.09892],[-2.74366,43.09881],[-2.7436,43.09871],[-2.74355,43.09866],[-2.74354,43.09864],[-2.74349,43.0986],[-2.7434,43.09853],[-2.74333,43.09849],[-2.74331,43.09849],[-2.74324,43.09845],[-2.74316,43.09843],[-2.74307,43.09841],[-2.74299,43.09839],[-2.7429,43.09838],[-2.74283,43.09837],[-2.74276,43.09835],[-2.74274,43.09835],[-2.74269,43.09832],[-2.74267,43.09831],[-2.74261,43.09827],[-2.74255,43.09822],[-2.74245,43.09815],[-2.74243,43.09813],[-2.7423,43.09806],[-2.74224,43.09803],[-2.74215,43.09798],[-2.74211,43.09794],[-2.74209,43.09792],[-2.74203,43.09782]]}},{"type":"Feature","properties":{"id":244625901,"highway":"track"},"geometry":{"type":"LineString","coordinates":[[-2.73041,43.10706],[-2.7305,43.1071],[-2.73058,43.10714]]}},{"type":"Feature","properties":{"id":244625903,"highway":"track"},"geometry":{"type":"MultiLineString","coordinates":[[[-2.73338,43.10866],[-2.73344,43.1087],[-2.73354,43.10876],[-2.73356,43.10878],[-2.73371,43.10885],[-2.73383,43.10892],[-2.73393,43.10897],[-2.73399,43.10902],[-2.73401,43.10904],[-2.7341,43.10912],[-2.73419,43.10921],[-2.73432,43.10938],[-2.73444,43.1095],[-2.73449,43.10957],[-2.7345,43.10962],[-2.73452,43.10968],[-2.73453,43.10976],[-2.73455,43.10987],[-2.73455,43.11001],[-2.73457,43.11014],[-2.73459,43.11023],[-2.73461,43.11039]],[[-2.73474,43.1111],[-2.73477,43.11112],[-2.73484,43.11117],[-2.73486,43.11118],[-2.73496,43.11123],[-2.73497,43.11124],[-2.735,43.11124]]]}},{"type":"Feature","properties":{"id":244625904,"highway":"track"},"geometry":{"type":"LineString","coordinates":[[-2.72633,43.09769],[-2.72635,43.09769],[-2.72643,43.0977],[-2.72649,43.0977],[-2.72658,43.0977],[-2.72667,43.09769],[-2.72678,43.09767],[-2.72685,43.09766],[-2.72692,43.09765],[-2.72702,43.09765],[-2.72709,43.09765],[-2.72717,43.09766],[-2.72724,43.09768],[-2.72731,43.0977],[-2.72733,43.0977],[-2.72741,43.09774],[-2.72743,43.09775],[-2.72751,43.09776],[-2.72759,43.09777],[-2.72766,43.09776],[-2.72766,43.09776],[-2.72771,43.09775],[-2.72773,43.09774],[-2.72787,43.09767],[-2.72795,43.09763],[-2.72797,43.09762],[-2.72801,43.09761],[-2.72807,43.0976],[-2.72814,43.0976],[-2.72832,43.09763],[-2.72845,43.09764],[-2.72857,43.09763],[-2.72873,43.09762],[-2.72891,43.09761],[-2.72905,43.0976],[-2.72915,43.09758],[-2.7292,43.09758],[-2.7292,43.09758],[-2.72929,43.09756],[-2.72944,43.09753],[-2.7295,43.09752],[-2.72955,43.09751],[-2.7296,43.09751],[-2.72971,43.09752],[-2.72978,43.09754],[-2.72986,43.09756],[-2.72997,43.0976],[-2.73012,43.09765],[-2.73015,43.09766]]}},{"type":"Feature","properties":{"id":244625905,"highway":"track"},"geometry":{"type":"LineString","coordinates":[[-2.72996,43.10686],[-2.73012,43.10694],[-2.73018,43.10697],[-2.73031,43.10702],[-2.73041,43.10706]]}},{"type":"Feature","properties":{"id":244625907,"highway":"track"},"geometry":{"type":"LineString","coordinates":[[-2.72976,43.10677],[-2.72985,43.10681],[-2.72996,43.10686]]}},{"type":"Feature","properties":{"id":244625908,"highway":"track"},"geometry":{"type":"LineString","coordinates":[[-2.73094,43.09774],[-2.73105,43.09776],[-2.73127,43.09783],[-2.73134,43.09784],[-2.73154,43.09789],[-2.73166,43.09793],[-2.7317,43.09798]]}},{"type":"Feature","properties":{"id":244625909,"highway":"track"},"geometry":{"type":"LineString","coordinates":[[-2.7402,43.10657],[-2.7401,43.10636],[-2.74005,43.10626],[-2.74007,43.10615],[-2.74008,43.10596],[-2.74005,43.10563],[-2.74003,43.10551],[-2.73995,43.10539],[-2.73978,43.10517],[-2.73967,43.105],[-2.7396,43.10493],[-2.73954,43.10485],[-2.73948,43.10479],[-2.73941,43.10473],[-2.73935,43.1047],[-2.7393,43.10467],[-2.73921,43.10462],[-2.73915,43.10459],[-2.73914,43.10458],[-2.73906,43.10455],[-2.73905,43.10455],[-2.73897,43.10453],[-2.7389,43.10453],[-2.73882,43.10454],[-2.73881,43.10454],[-2.73873,43.10456],[-2.73871,43.10457],[-2.73864,43.1046],[-2.73863,43.1046],[-2.73844,43.10465],[-2.73829,43.10467],[-2.73816,43.1047],[-2.73804,43.10474],[-2.73793,43.10478],[-2.73789,43.10481],[-2.73788,43.10482],[-2.73783,43.10487],[-2.73782,43.10487],[-2.7378,43.10492],[-2.7378,43.10493],[-2.7378,43.10498],[-2.73781,43.10503],[-2.73781,43.10504],[-2.73783,43.10507],[-2.73785,43.10508],[-2.73786,43.10509],[-2.73791,43.1051],[-2.73809,43.1051],[-2.73827,43.10509],[-2.73838,43.10511],[-2.73848,43.10513],[-2.73849,43.10513],[-2.73862,43.10518],[-2.73863,43.10518],[-2.73872,43.10524],[-2.73874,43.10525],[-2.73883,43.10531],[-2.73892,43.10538],[-2.73894,43.10539],[-2.73902,43.10548],[-2.73903,43.10549],[-2.73912,43.10556],[-2.73913,43.10557],[-2.73922,43.10566],[-2.73934,43.10577],[-2.73954,43.10599],[-2.73963,43.10608],[-2.7397,43.10617],[-2.73971,43.10618],[-2.73979,43.10626],[-2.73986,43.10634],[-2.73988,43.10636],[-2.73996,43.10643],[-2.74004,43.10649],[-2.74006,43.1065],[-2.74015,43.10655],[-2.7402,43.10657],[-2.74025,43.10659],[-2.74025,43.10659]]}},{"type":"Feature","properties":{"id":244625911,"highway":"track"},"geometry":{"type":"LineString","coordinates":[[-2.7352,43.09881],[-2.73529,43.09868],[-2.73536,43.09855],[-2.73537,43.09854],[-2.73537,43.09853],[-2.7354,43.09843],[-2.73543,43.09827],[-2.73546,43.09815],[-2.73549,43.09809],[-2.7355,43.09808],[-2.73553,43.09804],[-2.73558,43.09802],[-2.73559,43.09801],[-2.73567,43.098],[-2.73567,43.098],[-2.73578,43.09799],[-2.7359,43.09801],[-2.73607,43.09805],[-2.73629,43.09812],[-2.73631,43.09812],[-2.73653,43.09821],[-2.73682,43.09834],[-2.73702,43.09843],[-2.73704,43.09843],[-2.73717,43.09847],[-2.73729,43.09851],[-2.73751,43.09855],[-2.73764,43.09856],[-2.73774,43.09856],[-2.7379,43.09855],[-2.73816,43.09852],[-2.73827,43.09852],[-2.73834,43.09853],[-2.73844,43.09856],[-2.73857,43.0986],[-2.73876,43.09866],[-2.73896,43.09873],[-2.73914,43.09881],[-2.73916,43.09882],[-2.73925,43.09884],[-2.73938,43.09884],[-2.73951,43.09884],[-2.73966,43.09884],[-2.73972,43.09885],[-2.73975,43.09885],[-2.73978,43.09886],[-2.73991,43.09887],[-2.74009,43.09889],[-2.74024,43.09891],[-2.74038,43.09891],[-2.7405,43.09891],[-2.74058,43.09889],[-2.7406,43.09889],[-2.74063,43.09887],[-2.74065,43.09886],[-2.74069,43.09884],[-2.74077,43.09879],[-2.7409,43.0987],[-2.74092,43.09869],[-2.74102,43.09863],[-2.74127,43.0985],[-2.74136,43.09846],[-2.74138,43.09845],[-2.74145,43.09843],[-2.74152,43.09842],[-2.74159,43.09841],[-2.74167,43.09841],[-2.74177,43.09842],[-2.74186,43.09844],[-2.74194,43.09846],[-2.74213,43.09851],[-2.74229,43.09858],[-2.74251,43.09866],[-2.74265,43.09872],[-2.74279,43.09876],[-2.74299,43.09882],[-2.74315,43.09888],[-2.74329,43.09894],[-2.74338,43.09898],[-2.7434,43.099],[-2.74351,43.09906],[-2.74362,43.09914],[-2.74381,43.09929],[-2.7439,43.09937],[-2.74397,43.09945],[-2.74398,43.09946]]}},{"type":"Feature","properties":{"id":244625914,"highway":"track"},"geometry":{"type":"LineString","coordinates":[[-2.73015,43.09766],[-2.73024,43.09767],[-2.73031,43.09769],[-2.73038,43.09769],[-2.7305,43.0977],[-2.7306,43.09771],[-2.73072,43.09772],[-2.73082,43.09773],[-2.73094,43.09774]]}},{"type":"Feature","properties":{"id":244625915,"highway":"track"},"geometry":{"type":"LineString","coordinates":[[-2.74175,43.10925],[-2.74167,43.10928],[-2.74152,43.10925],[-2.74138,43.10921],[-2.74134,43.10921],[-2.74121,43.10922],[-2.74115,43.10922],[-2.74105,43.10922],[-2.74099,43.10922],[-2.74097,43.10923]]}},{"type":"Feature","properties":{"id":244625916,"highway":"track"},"geometry":{"type":"LineString","coordinates":[[-2.73452,43.09922],[-2.73462,43.09918],[-2.73478,43.09914],[-2.7349,43.09909],[-2.73499,43.09904],[-2.73508,43.09897],[-2.73514,43.09889],[-2.7352,43.09881]]}},{"type":"Feature","properties":{"id":244625917,"highway":"track"},"geometry":{"type":"LineString","coordinates":[[-2.73277,43.10519],[-2.73276,43.10517],[-2.73275,43.10516],[-2.73273,43.10512],[-2.73272,43.10512],[-2.7327,43.10503],[-2.73269,43.10497],[-2.73268,43.10496],[-2.73265,43.10492],[-2.7326,43.10489],[-2.73252,43.10485],[-2.73249,43.10484],[-2.73243,43.1048],[-2.73235,43.10473],[-2.73233,43.10471],[-2.73227,43.10464],[-2.73225,43.10462],[-2.73216,43.10455],[-2.73214,43.10453],[-2.73212,43.10451],[-2.7321,43.10446],[-2.73208,43.10441],[-2.73205,43.10423],[-2.73205,43.10423],[-2.73205,43.10421],[-2.73205,43.10418],[-2.73207,43.10414],[-2.73207,43.10413],[-2.73209,43.1041],[-2.73213,43.10406],[-2.73219,43.10403],[-2.73236,43.10395],[-2.73251,43.10388],[-2.73253,43.10387],[-2.73264,43.10384],[-2.73277,43.10381],[-2.7329,43.10377],[-2.73292,43.10376],[-2.73303,43.10371],[-2.73305,43.1037],[-2.73313,43.10365],[-2.73321,43.10355],[-2.73322,43.10354],[-2.73326,43.10346],[-2.73326,43.10345],[-2.73328,43.10337],[-2.73328,43.10329],[-2.73327,43.10328],[-2.73324,43.1032],[-2.73323,43.10319],[-2.73317,43.1031],[-2.73316,43.10309],[-2.73307,43.10299],[-2.73304,43.10297],[-2.7329,43.10287],[-2.73272,43.10274],[-2.7326,43.10265],[-2.73248,43.10256],[-2.73245,43.10254],[-2.73237,43.10249],[-2.73234,43.10247],[-2.73222,43.10242],[-2.7321,43.10235],[-2.73207,43.10234],[-2.73199,43.1023],[-2.73197,43.10229],[-2.73192,43.10227],[-2.7319,43.10227],[-2.73184,43.10226],[-2.73177,43.10225],[-2.73168,43.10224],[-2.73148,43.1022],[-2.73136,43.10217],[-2.73123,43.10213],[-2.73116,43.10212],[-2.7311,43.10211],[-2.73106,43.10211],[-2.73101,43.10211],[-2.73095,43.10212],[-2.73083,43.10216],[-2.73081,43.10216],[-2.73076,43.10217],[-2.73072,43.10217],[-2.73064,43.10217],[-2.73046,43.10214],[-2.73038,43.10213],[-2.73037,43.10213],[-2.73037,43.10214],[-2.73036,43.10218],[-2.73035,43.1022],[-2.73035,43.10223],[-2.73036,43.10223],[-2.73039,43.10227],[-2.73055,43.10239],[-2.73057,43.1024]]}},{"type":"Feature","properties":{"id":244625918,"highway":"track"},"geometry":{"type":"LineString","coordinates":[[-2.73057,43.1024],[-2.73063,43.10245],[-2.73066,43.10249],[-2.73072,43.10258],[-2.73075,43.10264],[-2.73076,43.10268],[-2.73076,43.1027],[-2.73076,43.10271],[-2.73074,43.10274],[-2.73065,43.10278],[-2.73059,43.10281],[-2.73057,43.10282],[-2.73053,43.10284],[-2.7305,43.10285],[-2.73046,43.10288],[-2.73044,43.10291],[-2.73043,43.10292],[-2.73043,43.10293],[-2.73042,43.10299],[-2.73042,43.103],[-2.73041,43.10303],[-2.7304,43.10304],[-2.73036,43.10308],[-2.73033,43.10311],[-2.73023,43.10319],[-2.73012,43.10328],[-2.7301,43.1033],[-2.73006,43.10337],[-2.73005,43.10338],[-2.73002,43.10345],[-2.73,43.10357],[-2.73,43.10368],[-2.72998,43.10377],[-2.72996,43.10384],[-2.72992,43.10391],[-2.72991,43.10397],[-2.7299,43.10402],[-2.72991,43.10415],[-2.72991,43.10421],[-2.72992,43.10423],[-2.72992,43.10423],[-2.72995,43.1044],[-2.72995,43.10447],[-2.72995,43.10452],[-2.72994,43.10458],[-2.72992,43.10474],[-2.7299,43.10482],[-2.72987,43.10489],[-2.72984,43.10493],[-2.72981,43.10498],[-2.72977,43.10503],[-2.72976,43.10504],[-2.72974,43.10508],[-2.72973,43.10512],[-2.72974,43.1052],[-2.72975,43.10526],[-2.72977,43.10532],[-2.72979,43.10537],[-2.7298,43.10538],[-2.72988,43.10547],[-2.72989,43.10548],[-2.73,43.10557],[-2.73002,43.10559],[-2.73006,43.10564],[-2.73007,43.10565],[-2.73009,43.10569],[-2.73009,43.10577],[-2.7301,43.10585],[-2.73008,43.10594],[-2.73008,43.10599],[-2.73009,43.10603],[-2.7301,43.10612],[-2.73018,43.10633],[-2.73023,43.10645],[-2.73028,43.10653],[-2.73028,43.10654],[-2.73034,43.10661],[-2.73036,43.10663],[-2.73042,43.10668],[-2.73049,43.10673],[-2.73054,43.10678],[-2.73058,43.10682],[-2.7306,43.10683],[-2.73061,43.10686],[-2.73063,43.10689],[-2.73063,43.10689],[-2.73063,43.10692],[-2.73063,43.10692],[-2.73063,43.10693],[-2.73062,43.10694],[-2.73062,43.10695],[-2.73058,43.10697],[-2.73054,43.107],[-2.73052,43.10701],[-2.7305,43.10702],[-2.73041,43.10706]]}},{"type":"Feature","properties":{"id":244625919,"highway":"track"},"geometry":{"type":"LineString","coordinates":[[-2.7317,43.09798],[-2.73159,43.09802],[-2.73153,43.09806],[-2.73146,43.09812],[-2.73141,43.09816],[-2.73139,43.09818],[-2.73135,43.09822],[-2.73133,43.09824],[-2.73127,43.09829],[-2.7312,43.09834],[-2.73117,43.09836],[-2.73108,43.09841],[-2.731,43.09846],[-2.73089,43.09852],[-2.73087,43.09853],[-2.73079,43.09856],[-2.73077,43.09857],[-2.7307,43.09861],[-2.73068,43.09862],[-2.73061,43.09867],[-2.73051,43.09874],[-2.73044,43.0988],[-2.73042,43.09882],[-2.73035,43.09889],[-2.7303,43.09895],[-2.73024,43.09902],[-2.73023,43.09904],[-2.73019,43.09908],[-2.73013,43.09913],[-2.73011,43.09915],[-2.72994,43.09927],[-2.72978,43.09939],[-2.72975,43.09941],[-2.72971,43.09943],[-2.72969,43.09944],[-2.72959,43.09949],[-2.72957,43.09951],[-2.72956,43.09953],[-2.72954,43.09955],[-2.72954,43.09956],[-2.72954,43.0996],[-2.72955,43.09967],[-2.72956,43.09974],[-2.72957,43.09982],[-2.72959,43.09989],[-2.7296,43.09994],[-2.72961,43.09995],[-2.72964,43.1],[-2.72966,43.10002],[-2.72969,43.10006],[-2.72971,43.10007],[-2.72976,43.10012],[-2.72982,43.10018],[-2.72984,43.1002],[-2.72989,43.10023],[-2.72991,43.10025],[-2.73003,43.10037],[-2.73005,43.10039],[-2.73011,43.10044],[-2.73018,43.10051],[-2.73024,43.10055],[-2.73025,43.10057],[-2.73027,43.10061],[-2.73027,43.10061],[-2.73027,43.10067],[-2.73025,43.10072],[-2.73024,43.10073],[-2.7302,43.10081],[-2.73019,43.10082],[-2.73013,43.1009],[-2.73008,43.10098],[-2.73007,43.10099],[-2.73,43.10107],[-2.72998,43.10109],[-2.72992,43.10114],[-2.7299,43.10116],[-2.72985,43.1012],[-2.72984,43.10122],[-2.72982,43.10126],[-2.72981,43.10127],[-2.72979,43.10134],[-2.72978,43.10143],[-2.72978,43.10149],[-2.72978,43.10157],[-2.7298,43.10164],[-2.72981,43.10165],[-2.72986,43.10171],[-2.72987,43.10173],[-2.72993,43.10179],[-2.72995,43.10181],[-2.73003,43.10187],[-2.73014,43.10196],[-2.73023,43.10202],[-2.73028,43.10207],[-2.7303,43.1021],[-2.73032,43.10211],[-2.73037,43.10214]]}},{"type":"Feature","properties":{"id":244636947,"highway":"track"},"geometry":{"type":"LineString","coordinates":[[-2.74098,43.0931],[-2.74108,43.09317],[-2.74126,43.09321],[-2.74139,43.09324],[-2.74149,43.09325],[-2.74158,43.09325],[-2.74166,43.09325],[-2.74173,43.09323],[-2.74181,43.09322],[-2.74191,43.09321],[-2.742,43.09319],[-2.74206,43.09317],[-2.74208,43.09317],[-2.74212,43.09315],[-2.74214,43.09314],[-2.74219,43.09311],[-2.74225,43.09306],[-2.74231,43.09301],[-2.74232,43.093],[-2.74234,43.09296],[-2.74234,43.09296],[-2.74235,43.09292],[-2.74234,43.0929],[-2.74234,43.09289],[-2.74232,43.09287],[-2.7423,43.09285]]}},{"type":"Feature","properties":{"id":244636967,"highway":"track"},"geometry":{"type":"LineString","coordinates":[[-2.73167,43.09415],[-2.73242,43.0942],[-2.73259,43.09421],[-2.73271,43.09425],[-2.73287,43.0943],[-2.7331,43.09432],[-2.73318,43.09432],[-2.73327,43.0943],[-2.73339,43.09424],[-2.73353,43.09416],[-2.73361,43.09416],[-2.73376,43.09419],[-2.73387,43.09429],[-2.73393,43.09437],[-2.73406,43.0945],[-2.73415,43.09456],[-2.73429,43.09464],[-2.7344,43.09468],[-2.73462,43.09474],[-2.73479,43.09478],[-2.735,43.09482],[-2.73526,43.09485],[-2.73544,43.09488],[-2.73555,43.09495],[-2.73574,43.09505],[-2.73629,43.09524],[-2.73709,43.09539],[-2.7377,43.09542],[-2.73814,43.09538],[-2.73854,43.09538],[-2.73914,43.09536],[-2.73955,43.09525],[-2.7397,43.09517],[-2.73987,43.09515],[-2.74033,43.09521],[-2.7405,43.09522],[-2.74088,43.0952],[-2.74115,43.09524],[-2.74145,43.09522],[-2.74162,43.09522],[-2.74182,43.09524],[-2.74183,43.09524],[-2.74194,43.09524],[-2.74207,43.09524],[-2.74215,43.09524],[-2.74227,43.09522],[-2.74235,43.09518],[-2.74238,43.09514],[-2.74243,43.09509],[-2.74253,43.09495],[-2.74264,43.09482],[-2.74266,43.09481],[-2.74273,43.09474],[-2.74274,43.09472],[-2.74277,43.09467],[-2.74278,43.09466],[-2.7428,43.09464],[-2.74284,43.09462],[-2.7429,43.0946],[-2.74291,43.0946],[-2.743,43.09459],[-2.74307,43.09457],[-2.74308,43.09457],[-2.7432,43.09456],[-2.74328,43.09455],[-2.74336,43.09456],[-2.74337,43.09456],[-2.74345,43.09459],[-2.74346,43.09459],[-2.7436,43.09462],[-2.74373,43.09465],[-2.74374,43.09466],[-2.74384,43.09468],[-2.74394,43.0947],[-2.74403,43.0947],[-2.7441,43.0947],[-2.74411,43.0947],[-2.74419,43.09468],[-2.74434,43.09463],[-2.74447,43.09459],[-2.74465,43.09452],[-2.74467,43.09451],[-2.74472,43.0945],[-2.74478,43.09448],[-2.74484,43.09447],[-2.74508,43.09446],[-2.7452,43.09445],[-2.74542,43.09443],[-2.74551,43.09443],[-2.74569,43.09441],[-2.74579,43.09441],[-2.74592,43.09441],[-2.74604,43.09443],[-2.74613,43.09444],[-2.74633,43.09446],[-2.74641,43.09446],[-2.74649,43.09445],[-2.74657,43.09444],[-2.74666,43.09442],[-2.74682,43.09437],[-2.74683,43.09437],[-2.7469,43.09436],[-2.74701,43.09435],[-2.74709,43.09434],[-2.74714,43.09432],[-2.74715,43.09432],[-2.74722,43.09429],[-2.74725,43.09425],[-2.74726,43.09423],[-2.74736,43.09406],[-2.74736,43.09405],[-2.74737,43.09399],[-2.74737,43.09385],[-2.74735,43.09368],[-2.74732,43.09349],[-2.74729,43.09336],[-2.7473,43.0933],[-2.7473,43.09328],[-2.7473,43.09327],[-2.74734,43.09318],[-2.74741,43.09302],[-2.74747,43.09288],[-2.74751,43.09282]]}},{"type":"Feature","properties":{"id":244637239,"highway":"living_street","nombre":"Asterria auzoa"},"geometry":{"type":"LineString","coordinates":[[-2.75076,43.11587],[-2.75075,43.11584],[-2.75069,43.11565]]}},{"type":"Feature","properties":{"id":244637240,"highway":"track","nombre":"Asterria auzoa"},"geometry":{"type":"LineString","coordinates":[[-2.74543,43.11284],[-2.74548,43.11282],[-2.74557,43.1128],[-2.74567,43.11282],[-2.74582,43.11285],[-2.74595,43.1129],[-2.74614,43.11294],[-2.74641,43.113],[-2.74667,43.11304],[-2.74686,43.11305],[-2.74717,43.11305],[-2.74732,43.11306],[-2.7474,43.11307],[-2.74747,43.11306],[-2.74763,43.11312],[-2.7479,43.11324],[-2.74804,43.11329],[-2.74832,43.11349],[-2.74843,43.11363],[-2.74846,43.11371],[-2.74846,43.11377],[-2.74838,43.1139],[-2.74831,43.11404],[-2.74832,43.11412],[-2.74837,43.11418],[-2.74842,43.11429],[-2.74846,43.11438],[-2.74845,43.11442],[-2.74841,43.11453],[-2.74841,43.11465],[-2.74845,43.11473],[-2.74852,43.11479],[-2.74861,43.11482],[-2.7488,43.11483],[-2.74897,43.11483],[-2.74916,43.11484],[-2.74937,43.11486],[-2.74956,43.11491],[-2.74966,43.11497],[-2.74974,43.11502],[-2.74979,43.11507],[-2.74987,43.11512],[-2.74993,43.11515],[-2.74996,43.11513]]}},{"type":"Feature","properties":{"id":244637241,"highway":"track"},"geometry":{"type":"LineString","coordinates":[[-2.75034,43.11591],[-2.7502,43.11597],[-2.75011,43.11605],[-2.75006,43.11613],[-2.75006,43.11627],[-2.75013,43.11664]]}},{"type":"Feature","properties":{"id":244637242,"highway":"track"},"geometry":{"type":"LineString","coordinates":[[-2.75059,43.11565],[-2.75051,43.11569],[-2.75046,43.11572],[-2.75043,43.1158],[-2.75042,43.11585],[-2.75038,43.11589],[-2.75034,43.11591],[-2.75034,43.11591]]}},{"type":"Feature","properties":{"id":258700977,"highway":"service","nombre":"Altzusta auzoa","oneway":"yes"},"geometry":{"type":"LineString","coordinates":[[-2.71111,43.06482],[-2.7111,43.06473],[-2.71118,43.06468],[-2.71144,43.06456],[-2.71158,43.06455],[-2.71168,43.06459],[-2.71177,43.06466],[-2.71237,43.06543],[-2.71247,43.06551],[-2.71256,43.06553],[-2.71267,43.06556]]}},{"type":"Feature","properties":{"id":258700980,"highway":"track"},"geometry":{"type":"LineString","coordinates":[[-2.70847,43.03912],[-2.70862,43.03923],[-2.70877,43.03934],[-2.7089,43.03944],[-2.70903,43.03953],[-2.70915,43.03962],[-2.70916,43.03963],[-2.70922,43.03969],[-2.70923,43.0397],[-2.70928,43.03975],[-2.70931,43.0398]]}},{"type":"Feature","properties":{"id":258700986,"highway":"track"},"geometry":{"type":"LineString","coordinates":[[-2.69596,43.03642],[-2.69599,43.03646],[-2.69601,43.03649],[-2.69602,43.0365],[-2.69609,43.03657],[-2.69617,43.03665],[-2.69625,43.03672],[-2.6967,43.03712],[-2.69698,43.03737],[-2.69709,43.03747],[-2.69736,43.03769],[-2.69747,43.03777],[-2.6976,43.03784],[-2.69771,43.0379],[-2.69793,43.03801],[-2.69796,43.03802],[-2.69801,43.03805],[-2.69807,43.03809],[-2.6981,43.03811],[-2.69811,43.03811],[-2.69813,43.03813],[-2.69819,43.0382],[-2.69824,43.03825],[-2.69825,43.0383],[-2.69825,43.0384],[-2.69825,43.0385],[-2.69827,43.0386],[-2.69829,43.03865],[-2.69829,43.03865],[-2.69831,43.03869],[-2.69833,43.0387],[-2.69839,43.03875],[-2.69853,43.03882],[-2.69855,43.03883],[-2.69864,43.03886],[-2.69876,43.03891],[-2.69905,43.03901],[-2.69913,43.03904],[-2.69928,43.03911],[-2.69942,43.03917],[-2.6996,43.03924],[-2.69973,43.0393],[-2.69987,43.03935],[-2.69999,43.0394],[-2.70001,43.03941],[-2.7001,43.03945],[-2.70013,43.03947],[-2.70024,43.03952],[-2.70029,43.03957],[-2.70032,43.03959],[-2.70037,43.03963],[-2.70044,43.03969],[-2.70046,43.03971],[-2.70052,43.03979],[-2.70058,43.03985],[-2.70058,43.03986],[-2.70061,43.03992],[-2.70061,43.03993],[-2.70062,43.04003],[-2.70062,43.04012],[-2.70063,43.04014],[-2.70061,43.04022],[-2.70059,43.04032],[-2.70059,43.04037],[-2.7006,43.04039],[-2.7006,43.0404],[-2.70064,43.04044],[-2.70067,43.04046],[-2.70096,43.0407],[-2.70101,43.04074],[-2.70103,43.04077],[-2.70105,43.04078],[-2.7011,43.04085],[-2.70112,43.04087],[-2.70119,43.04095],[-2.7013,43.04102],[-2.70133,43.04104],[-2.70144,43.04111],[-2.70154,43.04117],[-2.70158,43.04119],[-2.70164,43.04121],[-2.70189,43.04132],[-2.70201,43.04136],[-2.70203,43.04137],[-2.70212,43.0414],[-2.70213,43.0414],[-2.70228,43.0414],[-2.70252,43.0414],[-2.70267,43.04141],[-2.70285,43.04144],[-2.70286,43.04144],[-2.70299,43.04149],[-2.70311,43.04153],[-2.70314,43.04154],[-2.70321,43.04158],[-2.70363,43.04178],[-2.70369,43.04181],[-2.70372,43.04182],[-2.70383,43.04186],[-2.70384,43.04187],[-2.70421,43.04201],[-2.70449,43.04211],[-2.7046,43.04215],[-2.70475,43.04222],[-2.70484,43.04226],[-2.70487,43.04228],[-2.70503,43.04237],[-2.70507,43.04239],[-2.70525,43.04248],[-2.70528,43.0425],[-2.70537,43.04256],[-2.70555,43.04267],[-2.70566,43.04273],[-2.70568,43.04274],[-2.7058,43.0428],[-2.70583,43.04281],[-2.70606,43.0429],[-2.70608,43.04291],[-2.70613,43.04294],[-2.70616,43.04297],[-2.70617,43.04298],[-2.70618,43.04302],[-2.70616,43.04313],[-2.70614,43.0432],[-2.70614,43.04328],[-2.70615,43.04332],[-2.70616,43.04336],[-2.7062,43.04344],[-2.70622,43.04351],[-2.70625,43.04358],[-2.70626,43.04359],[-2.70629,43.04365],[-2.70633,43.04371],[-2.70634,43.04373],[-2.7064,43.04379],[-2.70645,43.04386],[-2.70646,43.04387],[-2.70649,43.04391],[-2.7065,43.04393],[-2.70655,43.04399],[-2.70658,43.04404],[-2.70659,43.04405],[-2.70665,43.04411],[-2.70671,43.04418],[-2.7068,43.04427],[-2.70686,43.04433],[-2.70704,43.04452]]}},{"type":"Feature","properties":{"id":258700994,"highway":"track"},"geometry":{"type":"LineString","coordinates":[[-2.7093,43.04122],[-2.70936,43.04111],[-2.70939,43.04104],[-2.70941,43.04095],[-2.70943,43.04084],[-2.70945,43.04073],[-2.70946,43.04061],[-2.70947,43.0405],[-2.70946,43.0404],[-2.70946,43.04015],[-2.70945,43.04007],[-2.70942,43.03998],[-2.70938,43.0399],[-2.70932,43.03982],[-2.70931,43.0398]]}},{"type":"Feature","properties":{"id":258700998,"highway":"track"},"geometry":{"type":"LineString","coordinates":[[-2.71207,43.04926],[-2.7119,43.04908],[-2.71186,43.04904],[-2.71139,43.04852],[-2.71121,43.04841],[-2.7109,43.04809],[-2.71074,43.04805],[-2.71046,43.04803],[-2.71022,43.04794],[-2.71012,43.04786]]}},{"type":"Feature","properties":{"id":258701006,"highway":"track"},"geometry":{"type":"LineString","coordinates":[[-2.7049,43.06023],[-2.7052,43.06031],[-2.70564,43.06042],[-2.70597,43.06051],[-2.70611,43.06055],[-2.70623,43.0606],[-2.70637,43.06066],[-2.70662,43.0608],[-2.70677,43.06088],[-2.70699,43.06101],[-2.707,43.06101],[-2.70708,43.06107],[-2.70717,43.06113],[-2.70718,43.06113],[-2.70722,43.06114],[-2.70725,43.06115],[-2.70726,43.06114],[-2.70729,43.06114],[-2.70732,43.06113],[-2.70734,43.06112],[-2.70746,43.06108]]}},{"type":"Feature","properties":{"id":258701009,"highway":"track"},"geometry":{"type":"LineString","coordinates":[[-2.70867,43.04037],[-2.70867,43.04035],[-2.70866,43.04028],[-2.70866,43.04024],[-2.70866,43.04021],[-2.70868,43.04016],[-2.70871,43.04008],[-2.70873,43.04001],[-2.70874,43.03997],[-2.70874,43.03994],[-2.70873,43.03988],[-2.70872,43.03979],[-2.7087,43.03968],[-2.70867,43.03956],[-2.70864,43.03949],[-2.7086,43.03939],[-2.70855,43.03928],[-2.70852,43.03923],[-2.7085,43.03919],[-2.7085,43.03916],[-2.70847,43.03912]]}},{"type":"Feature","properties":{"id":258701015,"highway":"track"},"geometry":{"type":"LineString","coordinates":[[-2.70847,43.03912],[-2.70841,43.03899],[-2.70835,43.03889],[-2.70829,43.03878],[-2.70822,43.03866],[-2.70815,43.03855],[-2.70809,43.03843],[-2.70802,43.03831],[-2.70797,43.0382],[-2.70792,43.03809],[-2.70788,43.03801],[-2.70785,43.03797],[-2.70784,43.03796],[-2.70778,43.03789],[-2.70769,43.0378],[-2.70765,43.03776],[-2.70765,43.03776],[-2.70764,43.03774],[-2.70764,43.03773],[-2.70763,43.03769],[-2.70763,43.03769]]}},{"type":"Feature","properties":{"id":258701018,"highway":"track"},"geometry":{"type":"LineString","coordinates":[[-2.71299,43.0504],[-2.71291,43.05032],[-2.71266,43.04997],[-2.71257,43.04977],[-2.71223,43.04945],[-2.71211,43.04931],[-2.71207,43.04926]]}},{"type":"Feature","properties":{"id":258701021,"highway":"track"},"geometry":{"type":"LineString","coordinates":[[-2.70314,43.05791],[-2.70313,43.05788],[-2.7031,43.05783],[-2.70309,43.05779],[-2.70309,43.05776],[-2.7031,43.05773],[-2.70312,43.05768],[-2.70316,43.05758],[-2.7032,43.0575],[-2.70321,43.05745],[-2.70323,43.05733],[-2.70325,43.05713],[-2.70326,43.05701],[-2.70328,43.05697],[-2.70328,43.05696],[-2.70329,43.05695],[-2.7033,43.05693],[-2.70334,43.05691],[-2.70336,43.05691],[-2.70341,43.05689],[-2.70347,43.05687],[-2.7035,43.05686],[-2.70353,43.05685],[-2.70356,43.05685],[-2.70364,43.05684]]}},{"type":"Feature","properties":{"id":258701025,"highway":"track"},"geometry":{"type":"LineString","coordinates":[[-2.72447,43.05914],[-2.72414,43.05889],[-2.72387,43.05865],[-2.72372,43.05848],[-2.72356,43.05832],[-2.72339,43.05821],[-2.72325,43.05813],[-2.72302,43.0581],[-2.7228,43.05804],[-2.72269,43.05801],[-2.72265,43.05796],[-2.72259,43.05786],[-2.72258,43.05784],[-2.72249,43.05776],[-2.7224,43.05772],[-2.72239,43.05772],[-2.7223,43.05772],[-2.72215,43.05774],[-2.72194,43.0578],[-2.72193,43.0578],[-2.72183,43.05785],[-2.7217,43.05793],[-2.72166,43.05797],[-2.72166,43.05797],[-2.72166,43.05799],[-2.72167,43.05802]]}},{"type":"Feature","properties":{"id":258701033,"highway":"track"},"geometry":{"type":"LineString","coordinates":[[-2.69559,43.03606],[-2.69564,43.03611],[-2.69566,43.03612],[-2.69581,43.03628],[-2.69589,43.03636],[-2.69591,43.03637],[-2.69592,43.03639],[-2.69596,43.03642]]}},{"type":"Feature","properties":{"id":258701038,"highway":"track"},"geometry":{"type":"LineString","coordinates":[[-2.70906,43.04176],[-2.70909,43.04166],[-2.70915,43.04148],[-2.70919,43.04142],[-2.70923,43.04133],[-2.7093,43.04122]]}},{"type":"Feature","properties":{"id":258701041,"highway":"track"},"geometry":{"type":"LineString","coordinates":[[-2.70704,43.04452],[-2.70696,43.04438],[-2.70697,43.04438],[-2.70697,43.04437],[-2.70696,43.04435],[-2.70695,43.04432],[-2.70692,43.04427],[-2.70692,43.04426],[-2.70687,43.0442],[-2.70683,43.04415],[-2.70679,43.04408],[-2.70678,43.04407],[-2.70677,43.04403],[-2.70677,43.04398],[-2.70678,43.04391],[-2.70679,43.04387],[-2.70681,43.04382],[-2.70681,43.04382],[-2.70684,43.04378],[-2.70685,43.04377],[-2.70689,43.04373],[-2.70696,43.04369],[-2.70698,43.04368],[-2.70705,43.04364],[-2.70712,43.04361],[-2.70714,43.0436],[-2.7072,43.04357],[-2.70726,43.04355],[-2.70731,43.04354],[-2.70736,43.04353],[-2.70748,43.0435],[-2.70759,43.04347],[-2.70771,43.04343],[-2.70782,43.04338],[-2.7079,43.04335],[-2.70802,43.04329],[-2.70804,43.04328],[-2.70806,43.04326],[-2.70807,43.04326],[-2.70814,43.04321],[-2.70821,43.04315],[-2.70827,43.0431],[-2.70834,43.04302],[-2.70841,43.04296],[-2.70846,43.0429],[-2.70847,43.04289],[-2.70854,43.04283],[-2.70854,43.04283],[-2.70861,43.04277],[-2.70861,43.04276],[-2.70871,43.04265],[-2.70879,43.04253],[-2.70882,43.04247],[-2.70884,43.04242],[-2.70885,43.04232],[-2.70888,43.04222],[-2.7089,43.04215],[-2.70894,43.04203],[-2.70897,43.04196],[-2.70901,43.04187],[-2.70906,43.04176]]}},{"type":"Feature","properties":{"id":258701046,"highway":"track"},"geometry":{"type":"LineString","coordinates":[[-2.70704,43.04452],[-2.70712,43.04461],[-2.70714,43.04463],[-2.70718,43.04469],[-2.70725,43.04481],[-2.70729,43.04488],[-2.70729,43.04489],[-2.70732,43.04493],[-2.70736,43.04498],[-2.70738,43.04499],[-2.70752,43.04511],[-2.70762,43.04519],[-2.70771,43.04525],[-2.70781,43.04532],[-2.70784,43.04534],[-2.70795,43.04541],[-2.70805,43.04547],[-2.70814,43.04553],[-2.70821,43.04558],[-2.7083,43.04563],[-2.70834,43.04567],[-2.70836,43.04569],[-2.70839,43.04573],[-2.70843,43.0458],[-2.70844,43.04582],[-2.7085,43.04589],[-2.70855,43.04596],[-2.70861,43.04602],[-2.70862,43.04604],[-2.70867,43.04611],[-2.70871,43.04617],[-2.70876,43.04627],[-2.7088,43.04633],[-2.70884,43.04641],[-2.70885,43.04642],[-2.70897,43.04656],[-2.70904,43.04665],[-2.70905,43.04667],[-2.70912,43.04676],[-2.70917,43.04683],[-2.70918,43.04684],[-2.70923,43.0469],[-2.70925,43.04691],[-2.70932,43.04697],[-2.70938,43.04701],[-2.7094,43.04703],[-2.70945,43.04708],[-2.70953,43.04716],[-2.70955,43.04718],[-2.70958,43.0472],[-2.70962,43.04724],[-2.70963,43.04726],[-2.7097,43.04733],[-2.70971,43.04734],[-2.70978,43.04743],[-2.70984,43.04751],[-2.70985,43.04752],[-2.7099,43.04759],[-2.70994,43.04767],[-2.71,43.04775],[-2.71004,43.04779],[-2.71007,43.04782],[-2.71012,43.04786]]}},{"type":"Feature","properties":{"id":274734225,"highway":"track","superficie":"fine_gravel"},"geometry":{"type":"LineString","coordinates":[[-2.79419,43.05371],[-2.79413,43.05377],[-2.794,43.0538],[-2.79384,43.0539],[-2.79368,43.05405],[-2.79357,43.05422],[-2.79352,43.05434],[-2.79347,43.05451],[-2.79343,43.05468],[-2.79341,43.05481],[-2.79332,43.05505],[-2.79325,43.05518],[-2.79318,43.05526],[-2.79309,43.05532],[-2.79306,43.05539],[-2.79306,43.05548]]}},{"type":"Feature","properties":{"id":274787856,"highway":"path"},"geometry":{"type":"LineString","coordinates":[[-2.7962,43.06276],[-2.79631,43.06277],[-2.79661,43.06279],[-2.79701,43.06282],[-2.79707,43.06282],[-2.79746,43.06286],[-2.79758,43.06289],[-2.79766,43.06298],[-2.79769,43.06317],[-2.79765,43.06323],[-2.79763,43.06328],[-2.79767,43.06331],[-2.79778,43.06334],[-2.79787,43.06334],[-2.79794,43.06336],[-2.798,43.06338],[-2.79816,43.06344],[-2.79826,43.06347],[-2.79837,43.06347],[-2.79846,43.06347],[-2.79855,43.06353]]}},{"type":"Feature","properties":{"id":274792455,"highway":"path"},"geometry":{"type":"LineString","coordinates":[[-2.80358,43.05781],[-2.80352,43.05778],[-2.80347,43.05781],[-2.80341,43.05783],[-2.8031,43.05788],[-2.80297,43.05787],[-2.80272,43.05776],[-2.80239,43.05766],[-2.80215,43.05764],[-2.8019,43.05761],[-2.8018,43.05761],[-2.8017,43.05763],[-2.80161,43.05763],[-2.8015,43.05765],[-2.80144,43.05769],[-2.80127,43.0577],[-2.8012,43.0577],[-2.80086,43.05776],[-2.80063,43.05791],[-2.80019,43.05805],[-2.79981,43.0582],[-2.79906,43.05829]]}},{"type":"Feature","properties":{"id":275142585,"highway":"track"},"geometry":{"type":"LineString","coordinates":[[-2.79306,43.05548],[-2.79319,43.0557],[-2.79325,43.05584],[-2.79328,43.05598],[-2.79328,43.05605],[-2.79327,43.05612],[-2.79328,43.05618],[-2.79333,43.05626],[-2.7934,43.05635],[-2.7935,43.05652],[-2.79354,43.05663],[-2.79354,43.05668],[-2.79354,43.05687],[-2.79354,43.05694],[-2.79356,43.05701],[-2.79358,43.05707],[-2.79362,43.05718],[-2.79365,43.05728],[-2.79368,43.0574],[-2.79374,43.05773],[-2.79375,43.05782],[-2.79371,43.05801],[-2.79371,43.05807],[-2.79372,43.05822],[-2.7937,43.05847],[-2.79367,43.05855],[-2.79357,43.05884],[-2.79356,43.05891],[-2.79363,43.05917],[-2.79365,43.05943],[-2.79371,43.0597],[-2.79375,43.05981],[-2.79381,43.05989],[-2.79401,43.0601],[-2.79409,43.0602],[-2.79412,43.06026],[-2.79415,43.06036],[-2.79417,43.0605],[-2.79416,43.06056],[-2.79415,43.06063],[-2.7941,43.0607]]}},{"type":"Feature","properties":{"id":296213212,"highway":"track"},"geometry":{"type":"LineString","coordinates":[[-2.78809,43.0476],[-2.78814,43.04758],[-2.78817,43.04756],[-2.78826,43.04749],[-2.78836,43.04739],[-2.78843,43.04733],[-2.78847,43.04731],[-2.78854,43.04728],[-2.78869,43.04725],[-2.78887,43.04723],[-2.78896,43.04721],[-2.78933,43.0471],[-2.78965,43.047],[-2.78972,43.04697],[-2.78987,43.04687],[-2.78996,43.04681],[-2.79005,43.04676],[-2.79019,43.04669],[-2.79032,43.04665],[-2.79047,43.04663],[-2.79055,43.0466],[-2.79066,43.04651],[-2.79072,43.04647],[-2.79082,43.04644],[-2.79093,43.04641],[-2.7911,43.04634],[-2.79125,43.04628],[-2.79127,43.04629],[-2.79138,43.04628],[-2.7915,43.04628],[-2.79165,43.0463],[-2.79186,43.04631],[-2.79214,43.04633],[-2.79242,43.04636],[-2.79269,43.04638],[-2.79289,43.04637],[-2.79315,43.04634],[-2.79328,43.04631],[-2.79335,43.04627],[-2.79348,43.04619],[-2.79357,43.04614],[-2.7937,43.04608],[-2.79383,43.04604],[-2.79389,43.04603]]}},{"type":"Feature","properties":{"id":298664358,"highway":"service"},"geometry":{"type":"LineString","coordinates":[[-2.73759,43.09267],[-2.73759,43.09271],[-2.73759,43.09271],[-2.7376,43.09273],[-2.73761,43.09275],[-2.73764,43.09277],[-2.73764,43.09278],[-2.73767,43.09279],[-2.73772,43.09284],[-2.73776,43.09286],[-2.73784,43.09291],[-2.73787,43.09293],[-2.7379,43.09294]]}},{"type":"Feature","properties":{"id":304143858,"highway":"track"},"geometry":{"type":"LineString","coordinates":[[-2.77966,43.10511],[-2.77949,43.10505]]}},{"type":"Feature","properties":{"id":304143859,"highway":"track"},"geometry":{"type":"LineString","coordinates":[[-2.77966,43.10511],[-2.77969,43.10513],[-2.7798,43.10532],[-2.77985,43.10541],[-2.78009,43.10586],[-2.78022,43.10605],[-2.78028,43.10614],[-2.78034,43.10623],[-2.78041,43.10632],[-2.78051,43.10646],[-2.78058,43.10655],[-2.78069,43.10668],[-2.78076,43.10675],[-2.78086,43.10685],[-2.78093,43.10692],[-2.78099,43.10701],[-2.78106,43.1071],[-2.78112,43.10717],[-2.78118,43.10725],[-2.78124,43.10733],[-2.78134,43.10746],[-2.7814,43.10752],[-2.78151,43.10759],[-2.78159,43.10764],[-2.7816,43.10764]]}},{"type":"Feature","properties":{"id":304143862,"highway":"track"},"geometry":{"type":"LineString","coordinates":[[-2.78003,43.10816],[-2.78003,43.10815],[-2.78001,43.10804],[-2.77997,43.10793],[-2.77991,43.10779],[-2.77986,43.10766],[-2.77983,43.10756],[-2.7798,43.10739],[-2.77974,43.10724],[-2.77963,43.10704],[-2.77955,43.10694],[-2.77941,43.10678],[-2.77927,43.10661],[-2.77922,43.10649],[-2.77918,43.10637],[-2.77919,43.10626],[-2.77923,43.10611],[-2.77925,43.10598],[-2.77928,43.10574],[-2.77931,43.10562],[-2.77937,43.10549],[-2.77943,43.10535],[-2.77948,43.10513],[-2.77949,43.10505]]}},{"type":"Feature","properties":{"id":304143863,"highway":"path"},"geometry":{"type":"LineString","coordinates":[[-2.78512,43.09857],[-2.78522,43.09854],[-2.78532,43.0985],[-2.78538,43.09847],[-2.78549,43.09844],[-2.78555,43.09842],[-2.78577,43.09835],[-2.78593,43.0983],[-2.786,43.09829],[-2.78611,43.09829],[-2.78624,43.0983],[-2.78642,43.09833],[-2.78649,43.09834],[-2.78657,43.09837],[-2.78664,43.09837],[-2.78672,43.09839],[-2.78679,43.09839],[-2.78687,43.09839],[-2.78708,43.09837],[-2.78722,43.09833],[-2.78738,43.09825],[-2.78746,43.09822],[-2.78765,43.09809],[-2.78799,43.09786],[-2.78801,43.09784],[-2.78815,43.09778],[-2.7883,43.09774],[-2.78846,43.09765],[-2.78856,43.09761],[-2.78863,43.09759],[-2.7887,43.09759],[-2.78879,43.0976],[-2.78893,43.0976],[-2.78909,43.09762],[-2.78921,43.09762],[-2.78928,43.09761],[-2.78929,43.09761],[-2.7893,43.09761],[-2.78932,43.09762],[-2.78931,43.09781],[-2.78931,43.09822],[-2.78932,43.09834],[-2.78937,43.09844],[-2.78943,43.09855],[-2.78949,43.09865],[-2.78965,43.09885],[-2.78973,43.09895],[-2.7898,43.09908],[-2.78988,43.0992],[-2.78993,43.0993],[-2.78995,43.09935]]}},{"type":"Feature","properties":{"id":312139891,"highway":"track"},"geometry":{"type":"LineString","coordinates":[[-2.70759,43.03013],[-2.70774,43.0302],[-2.70799,43.0303],[-2.70806,43.03032],[-2.70807,43.03032],[-2.70817,43.03033],[-2.70822,43.03033],[-2.70831,43.03033],[-2.70847,43.03032],[-2.70867,43.0303],[-2.70882,43.03029],[-2.70889,43.03028],[-2.70899,43.03027],[-2.70909,43.03025],[-2.70919,43.03022],[-2.70926,43.0302],[-2.70942,43.03014],[-2.70949,43.03012],[-2.70953,43.0301],[-2.70958,43.0301],[-2.70964,43.03012],[-2.70965,43.03013],[-2.70969,43.03014],[-2.70971,43.03015],[-2.70977,43.03019],[-2.7098,43.03022],[-2.70986,43.03028],[-2.70995,43.03037],[-2.71005,43.03044],[-2.71006,43.03045],[-2.71008,43.03046],[-2.71021,43.03052],[-2.71039,43.03059],[-2.71064,43.03066],[-2.71073,43.03066],[-2.71084,43.03067],[-2.71099,43.03067],[-2.71116,43.03068],[-2.7113,43.03069],[-2.71146,43.03071],[-2.71166,43.03075],[-2.71186,43.0308],[-2.71203,43.03084],[-2.71222,43.03089],[-2.71237,43.0309],[-2.7125,43.03092],[-2.71262,43.03092],[-2.71272,43.03092],[-2.71298,43.03091],[-2.71309,43.03091],[-2.71334,43.0309],[-2.71346,43.0309],[-2.71363,43.0309],[-2.71389,43.0309],[-2.71403,43.0309],[-2.71431,43.03091],[-2.71449,43.03091],[-2.71468,43.03091],[-2.71485,43.03089],[-2.715,43.03087],[-2.7151,43.03086],[-2.71527,43.03082],[-2.71532,43.0308],[-2.71543,43.03076],[-2.71555,43.0307],[-2.71577,43.03059],[-2.71596,43.03049],[-2.71607,43.03043],[-2.71618,43.03038],[-2.71635,43.0303],[-2.71655,43.03024],[-2.7168,43.03016],[-2.71695,43.03011],[-2.71705,43.03007],[-2.71716,43.03003],[-2.7172,43.03001],[-2.71726,43.02998],[-2.71728,43.02997],[-2.71734,43.02993],[-2.71749,43.02983],[-2.71758,43.02977],[-2.7176,43.02976],[-2.7177,43.0297],[-2.71773,43.02968],[-2.7178,43.02964],[-2.71782,43.02962],[-2.7179,43.02958],[-2.71792,43.02957],[-2.71807,43.02948],[-2.71809,43.02946],[-2.71817,43.02941],[-2.71819,43.02939],[-2.71827,43.02934],[-2.71835,43.02928],[-2.71838,43.02925],[-2.71845,43.0292],[-2.71848,43.02918]]}},{"type":"Feature","properties":{"id":315393096,"highway":"track"},"geometry":{"type":"LineString","coordinates":[[-2.71307,43.06579],[-2.71309,43.06574],[-2.7131,43.06573],[-2.7131,43.0657],[-2.71311,43.06566],[-2.71312,43.0656],[-2.71312,43.06554],[-2.71312,43.06551],[-2.71312,43.0655],[-2.71313,43.06549],[-2.71313,43.06548],[-2.71314,43.06544]]}},{"type":"Feature","properties":{"id":315393099,"highway":"track"},"geometry":{"type":"LineString","coordinates":[[-2.72896,43.06313],[-2.72894,43.06316],[-2.72891,43.06322],[-2.72888,43.06327],[-2.72888,43.06327],[-2.72887,43.06333],[-2.72886,43.06341],[-2.72883,43.06347],[-2.72879,43.06354],[-2.72877,43.06356],[-2.72877,43.06356],[-2.72874,43.0636],[-2.72872,43.06361],[-2.72871,43.06361],[-2.72865,43.06362],[-2.72861,43.06363],[-2.72854,43.06362],[-2.72847,43.06361],[-2.72838,43.0636],[-2.72831,43.06359],[-2.72831,43.06359],[-2.72826,43.06361],[-2.72822,43.06364],[-2.72822,43.06365],[-2.72821,43.06368],[-2.72822,43.06371],[-2.72822,43.06371],[-2.72823,43.06373],[-2.72824,43.06374],[-2.72827,43.06377],[-2.72833,43.06381],[-2.72834,43.06382],[-2.7284,43.06385],[-2.72848,43.06389],[-2.7285,43.06392],[-2.7285,43.06393],[-2.72852,43.06398],[-2.72852,43.06403],[-2.72851,43.0641],[-2.72848,43.06418],[-2.72845,43.06426],[-2.72841,43.06434],[-2.72841,43.06435],[-2.72836,43.06442],[-2.72835,43.06443],[-2.72829,43.06448],[-2.7282,43.06457],[-2.72812,43.06463],[-2.7281,43.06464],[-2.72798,43.0647],[-2.72797,43.06471],[-2.72786,43.06475],[-2.72779,43.06477],[-2.72778,43.06477],[-2.72773,43.06478],[-2.7277,43.06478],[-2.72768,43.06477],[-2.72768,43.06474],[-2.72767,43.06468],[-2.72765,43.06461],[-2.72763,43.06454],[-2.72757,43.06443],[-2.72753,43.06436],[-2.7275,43.0643],[-2.7275,43.06429],[-2.72747,43.06425],[-2.72745,43.06424],[-2.72741,43.06421],[-2.72736,43.06419],[-2.72735,43.06419],[-2.7273,43.06418],[-2.72725,43.06417],[-2.72715,43.06416],[-2.72704,43.06415],[-2.72693,43.06414],[-2.72685,43.06412],[-2.7268,43.06411],[-2.72676,43.0641],[-2.72671,43.06408],[-2.72666,43.06407],[-2.72649,43.06402],[-2.7264,43.064],[-2.72617,43.06396],[-2.72605,43.06393],[-2.72596,43.06392],[-2.72593,43.06391],[-2.72572,43.06388],[-2.72559,43.06386],[-2.72548,43.06384],[-2.72535,43.06381],[-2.72527,43.06381],[-2.72522,43.06381],[-2.72522,43.06382],[-2.72516,43.06383],[-2.72512,43.06385],[-2.72511,43.06385],[-2.72498,43.06391],[-2.72497,43.06392],[-2.72484,43.06399],[-2.72482,43.064],[-2.72476,43.06404],[-2.72473,43.06408],[-2.72472,43.06409],[-2.72467,43.06417],[-2.72466,43.06418],[-2.72459,43.06426],[-2.72458,43.06427],[-2.72446,43.06437],[-2.72438,43.06444],[-2.7243,43.0645],[-2.72422,43.06455],[-2.7242,43.06456],[-2.72412,43.0646],[-2.72411,43.0646],[-2.72402,43.06461],[-2.72395,43.0646],[-2.72384,43.06457],[-2.72371,43.06453],[-2.7237,43.06453],[-2.72343,43.06442],[-2.72334,43.06439],[-2.72333,43.06439],[-2.72327,43.06439],[-2.72319,43.06439],[-2.72314,43.0644],[-2.7231,43.06443]]}},{"type":"Feature","properties":{"id":315393106,"highway":"track"},"geometry":{"type":"LineString","coordinates":[[-2.71086,43.06656],[-2.71092,43.06656],[-2.71099,43.06656],[-2.71106,43.06654],[-2.71112,43.06652],[-2.71115,43.06651],[-2.71117,43.0665],[-2.71121,43.0665],[-2.71124,43.06649],[-2.71126,43.06649],[-2.71126,43.06649],[-2.7113,43.0665],[-2.71138,43.06653]]}},{"type":"Feature","properties":{"id":315393108,"highway":"track"},"geometry":{"type":"LineString","coordinates":[[-2.72498,43.09558],[-2.72489,43.09553],[-2.72455,43.09544],[-2.72447,43.09539],[-2.7242,43.09534],[-2.7241,43.09529],[-2.72401,43.0952],[-2.72389,43.09505],[-2.72374,43.0949],[-2.72373,43.09485],[-2.72377,43.0947],[-2.72377,43.09463],[-2.72374,43.09458],[-2.72366,43.09442],[-2.72361,43.09437],[-2.72337,43.09422],[-2.72333,43.09415],[-2.72332,43.09378],[-2.72329,43.09368],[-2.72323,43.09353],[-2.72314,43.09343],[-2.72305,43.09327],[-2.72293,43.09313],[-2.72284,43.09302],[-2.72275,43.09297],[-2.72263,43.09292],[-2.7225,43.09291],[-2.7224,43.09292],[-2.7223,43.09286],[-2.72223,43.09276],[-2.72218,43.09246],[-2.72215,43.09239],[-2.7221,43.09232],[-2.72204,43.09225],[-2.72191,43.09215],[-2.7217,43.09202],[-2.72149,43.09193],[-2.72137,43.09192],[-2.72126,43.09195],[-2.72091,43.09213],[-2.7208,43.09218],[-2.72069,43.09222],[-2.72058,43.09225],[-2.7205,43.09233],[-2.72038,43.09242],[-2.7203,43.09244],[-2.72021,43.09243],[-2.72015,43.09238],[-2.72002,43.09215],[-2.71978,43.09186],[-2.71977,43.09169],[-2.71973,43.09152],[-2.71978,43.09125],[-2.71988,43.09095],[-2.71999,43.09086],[-2.72002,43.09075],[-2.72,43.09064],[-2.71988,43.09054],[-2.71977,43.0904],[-2.71974,43.09031],[-2.71973,43.09023],[-2.71959,43.09008],[-2.71959,43.09],[-2.71961,43.08994],[-2.71978,43.08984],[-2.71983,43.08976],[-2.71981,43.08964],[-2.71981,43.08953],[-2.71977,43.08943],[-2.71992,43.0893],[-2.72,43.08912],[-2.72002,43.08902],[-2.72,43.08886],[-2.7201,43.08883],[-2.72025,43.08889],[-2.72052,43.08902],[-2.72072,43.08917],[-2.72108,43.08934],[-2.72149,43.08957],[-2.72179,43.08967],[-2.72193,43.08963],[-2.72203,43.08946],[-2.72214,43.08944],[-2.72232,43.08952],[-2.7225,43.08965],[-2.72285,43.08995],[-2.72306,43.09006],[-2.72355,43.09028],[-2.7238,43.09038],[-2.72395,43.09037],[-2.72406,43.09033],[-2.72422,43.09027],[-2.72433,43.09027],[-2.72443,43.09033],[-2.72457,43.09052],[-2.72471,43.09065],[-2.72491,43.0908],[-2.72523,43.09101],[-2.72567,43.09129],[-2.72596,43.09142],[-2.72616,43.09149],[-2.7263,43.09147],[-2.72639,43.09142],[-2.72647,43.09134],[-2.72652,43.09122],[-2.7266,43.09118],[-2.72672,43.0912],[-2.72681,43.09126],[-2.72711,43.09151],[-2.72737,43.09164],[-2.72757,43.09171],[-2.72782,43.09174],[-2.72815,43.09174],[-2.72846,43.09169],[-2.72865,43.09164],[-2.7288,43.09164],[-2.72893,43.0917],[-2.72913,43.09181],[-2.72932,43.09186],[-2.72952,43.09185],[-2.72974,43.09178],[-2.72992,43.09167],[-2.73019,43.09145],[-2.73037,43.09137],[-2.73046,43.09129],[-2.73058,43.09111],[-2.73065,43.091],[-2.73071,43.09092],[-2.73082,43.09088],[-2.73095,43.09089],[-2.73102,43.09093],[-2.73115,43.09106],[-2.73131,43.09125],[-2.73193,43.09162],[-2.73207,43.09166],[-2.73223,43.09165],[-2.7325,43.09159],[-2.73258,43.09154],[-2.73281,43.09141],[-2.73294,43.09137],[-2.7331,43.09131],[-2.73318,43.09123],[-2.73328,43.0911],[-2.73338,43.09094],[-2.73343,43.09085],[-2.73352,43.09078],[-2.73375,43.09069],[-2.73399,43.09054]]}},{"type":"Feature","properties":{"id":315393116,"highway":"track"},"geometry":{"type":"LineString","coordinates":[[-2.72409,43.06749],[-2.7241,43.06763],[-2.7241,43.06772],[-2.72409,43.06782],[-2.72409,43.06793],[-2.72407,43.06803],[-2.72404,43.06816],[-2.72397,43.0684],[-2.72393,43.0685],[-2.72389,43.06859],[-2.72384,43.06869],[-2.72369,43.06899],[-2.72366,43.06906],[-2.72362,43.06916],[-2.7236,43.06925],[-2.72357,43.06937],[-2.72355,43.06947],[-2.72354,43.06964],[-2.72353,43.06971],[-2.72351,43.06975],[-2.72351,43.06976],[-2.72347,43.06982],[-2.72346,43.06984],[-2.72338,43.06993],[-2.72329,43.06999],[-2.72327,43.07],[-2.72317,43.07003],[-2.72316,43.07003],[-2.72301,43.07006],[-2.72282,43.07008],[-2.72281,43.07008],[-2.72271,43.07011],[-2.72269,43.07011],[-2.72266,43.07013],[-2.72263,43.07014],[-2.7226,43.07016],[-2.72257,43.07019],[-2.72255,43.0702],[-2.72254,43.07022],[-2.72252,43.07024],[-2.72251,43.07026],[-2.7225,43.07027],[-2.72249,43.07029],[-2.72246,43.07039],[-2.72246,43.07041],[-2.7224,43.07053],[-2.7224,43.07054],[-2.72236,43.07059],[-2.72232,43.07061],[-2.7223,43.07062],[-2.72212,43.07069],[-2.7221,43.0707],[-2.72201,43.07074],[-2.72196,43.07079],[-2.72195,43.0708],[-2.72189,43.07088],[-2.72188,43.07089],[-2.72185,43.07097],[-2.72183,43.07106],[-2.72183,43.07112],[-2.72184,43.07117],[-2.72185,43.07118],[-2.72187,43.07121],[-2.72187,43.07122],[-2.72192,43.07128],[-2.72201,43.07138],[-2.72214,43.07154],[-2.72222,43.07162],[-2.72224,43.07164],[-2.72232,43.07171],[-2.72242,43.07179],[-2.72251,43.07186],[-2.72263,43.07194],[-2.72275,43.07202],[-2.72277,43.07203],[-2.72286,43.07206],[-2.72299,43.07211],[-2.723,43.07212],[-2.72314,43.07215],[-2.72354,43.07226],[-2.72379,43.07232],[-2.72393,43.07235],[-2.72404,43.07239],[-2.72415,43.07243],[-2.72417,43.07243],[-2.72424,43.07246],[-2.72426,43.07248],[-2.72437,43.07253],[-2.72458,43.0727],[-2.72463,43.07272],[-2.72465,43.07273],[-2.72469,43.07274],[-2.7247,43.07274],[-2.72475,43.07275],[-2.72481,43.07275],[-2.72486,43.07274],[-2.72488,43.07274],[-2.72501,43.0727],[-2.72512,43.07267],[-2.72513,43.07266],[-2.72515,43.07266],[-2.72528,43.07259],[-2.72541,43.07253],[-2.72543,43.07252],[-2.72554,43.07246],[-2.72567,43.07238],[-2.72575,43.07232],[-2.72582,43.07225],[-2.72583,43.07224],[-2.72591,43.07216],[-2.72598,43.07207],[-2.72598,43.07206],[-2.72606,43.07194],[-2.72607,43.07193],[-2.72612,43.07182],[-2.72617,43.07169],[-2.72618,43.07168],[-2.72621,43.07158],[-2.7263,43.07137],[-2.72637,43.07127],[-2.72644,43.07125],[-2.72665,43.07121],[-2.72676,43.0712],[-2.72704,43.0712],[-2.72705,43.0712],[-2.72717,43.07117],[-2.72719,43.07117],[-2.72729,43.07113],[-2.72731,43.07113],[-2.72744,43.07107],[-2.72754,43.07102],[-2.72757,43.07101],[-2.72765,43.07096],[-2.72769,43.07092],[-2.7277,43.0709],[-2.72773,43.07085],[-2.72773,43.07085],[-2.72775,43.07078],[-2.72776,43.07072],[-2.72777,43.07071],[-2.7278,43.07068],[-2.72785,43.07066],[-2.72786,43.07066],[-2.72792,43.07065],[-2.72799,43.07065],[-2.72806,43.07065],[-2.72807,43.07065],[-2.72812,43.07064]]}},{"type":"Feature","properties":{"id":315393124,"highway":"track","nombre":"Ipiñaburu auzoa"},"geometry":{"type":"LineString","coordinates":[[-2.73341,43.0693],[-2.73337,43.06926],[-2.73337,43.06925],[-2.73333,43.06917],[-2.73328,43.06905],[-2.73325,43.06899],[-2.7332,43.06893],[-2.73313,43.06886],[-2.73301,43.06875],[-2.73291,43.06867],[-2.7328,43.06857],[-2.73266,43.06849],[-2.7325,43.06844],[-2.73239,43.06841],[-2.73238,43.06841],[-2.73229,43.06837],[-2.73226,43.06836],[-2.73219,43.06831],[-2.7321,43.06823],[-2.732,43.06815],[-2.732,43.06814],[-2.73189,43.06807],[-2.73168,43.06794],[-2.73156,43.06786],[-2.73129,43.06764],[-2.73127,43.06762],[-2.73109,43.06743],[-2.73104,43.0674],[-2.73101,43.06738],[-2.73093,43.06734],[-2.73082,43.06729],[-2.7307,43.06725],[-2.73058,43.06722],[-2.73057,43.06722],[-2.73049,43.06721],[-2.73039,43.06723],[-2.73028,43.06726],[-2.73018,43.06727],[-2.73007,43.06728],[-2.72995,43.0673],[-2.7298,43.06732],[-2.72962,43.06737],[-2.72952,43.0674],[-2.7295,43.06741],[-2.72943,43.06745],[-2.72936,43.0675],[-2.72929,43.06756],[-2.72922,43.06762],[-2.72918,43.06766],[-2.72915,43.06768],[-2.72906,43.06774],[-2.72898,43.06778],[-2.7289,43.06781],[-2.72878,43.06786],[-2.72877,43.06786],[-2.72847,43.06794],[-2.72827,43.068],[-2.72807,43.06806],[-2.72787,43.06814],[-2.72787,43.06814],[-2.72772,43.0682],[-2.72769,43.06821],[-2.72757,43.06828],[-2.72754,43.0683],[-2.72737,43.06841],[-2.72729,43.06851],[-2.72728,43.06852],[-2.72725,43.06858],[-2.72724,43.06866],[-2.72724,43.06875],[-2.72725,43.06888],[-2.72728,43.06904],[-2.7273,43.06919],[-2.72729,43.06936],[-2.72728,43.06954],[-2.72728,43.06973],[-2.72729,43.06977],[-2.72731,43.06982],[-2.72733,43.06986],[-2.72734,43.06988],[-2.7275,43.07003],[-2.72759,43.07012],[-2.72761,43.07014],[-2.72773,43.07023],[-2.72775,43.07025],[-2.72798,43.07044],[-2.72806,43.07052],[-2.72808,43.07053],[-2.7281,43.07057],[-2.72811,43.0706],[-2.72812,43.07064],[-2.72812,43.07065],[-2.72814,43.07073],[-2.72814,43.07078],[-2.72814,43.07083],[-2.72812,43.07087],[-2.72811,43.07088],[-2.72808,43.07092],[-2.72807,43.07093],[-2.72801,43.07099],[-2.72799,43.071],[-2.72781,43.07114],[-2.72764,43.07127],[-2.72755,43.07132],[-2.72753,43.07133],[-2.72737,43.07141],[-2.72735,43.07141],[-2.72724,43.07145],[-2.72714,43.07147],[-2.72713,43.07147],[-2.72707,43.0715],[-2.72705,43.07151],[-2.727,43.07154],[-2.72695,43.0716],[-2.72695,43.07161],[-2.72693,43.07169],[-2.72692,43.07176],[-2.72688,43.07187],[-2.72686,43.07196],[-2.72683,43.07204],[-2.72676,43.07218],[-2.72657,43.07252],[-2.7265,43.07264],[-2.72643,43.07274],[-2.72619,43.07305],[-2.72619,43.07307],[-2.72615,43.07314],[-2.72605,43.07338],[-2.72601,43.07349],[-2.726,43.07357],[-2.726,43.07363],[-2.72609,43.07384],[-2.72611,43.07394],[-2.72606,43.07407],[-2.726,43.07417],[-2.72595,43.0743],[-2.72596,43.07439],[-2.72602,43.07443],[-2.7261,43.07445],[-2.72619,43.07447],[-2.72629,43.07446],[-2.72636,43.07442],[-2.72641,43.07438],[-2.72645,43.07431],[-2.72648,43.07421],[-2.72647,43.07405],[-2.72643,43.07396],[-2.72643,43.07391],[-2.72647,43.0739],[-2.72652,43.07391],[-2.72666,43.07406],[-2.72677,43.07417],[-2.72693,43.07435],[-2.72701,43.07451],[-2.72703,43.07455],[-2.72705,43.07468],[-2.72705,43.07474],[-2.72701,43.07484],[-2.727,43.07491],[-2.72698,43.07499],[-2.72695,43.07508],[-2.72689,43.07517],[-2.72678,43.07525],[-2.72678,43.0753],[-2.7268,43.07532],[-2.72685,43.07532],[-2.72691,43.07531],[-2.72697,43.07528],[-2.72704,43.07525],[-2.72722,43.0752],[-2.72744,43.07514],[-2.72766,43.07511],[-2.72789,43.07508]]}},{"type":"Feature","properties":{"id":315393133,"highway":"track"},"geometry":{"type":"LineString","coordinates":[[-2.71677,43.09319],[-2.71675,43.09316],[-2.71671,43.09311],[-2.71665,43.09306],[-2.71658,43.09301],[-2.71648,43.09291],[-2.71638,43.09284],[-2.71622,43.09268],[-2.71611,43.09256],[-2.71599,43.09243],[-2.71591,43.09233],[-2.71584,43.09227],[-2.71576,43.09225],[-2.71568,43.09224],[-2.71561,43.09224],[-2.7155,43.09225]]}},{"type":"Feature","properties":{"id":315393136,"highway":"track"},"geometry":{"type":"LineString","coordinates":[[-2.7215,43.06378],[-2.72161,43.06382],[-2.72178,43.06385],[-2.72197,43.0639],[-2.72211,43.06394],[-2.72241,43.06403],[-2.72255,43.06407],[-2.72272,43.06413],[-2.72274,43.06414],[-2.72276,43.06415],[-2.72285,43.06418],[-2.72287,43.06419],[-2.72292,43.06422],[-2.72295,43.06424],[-2.72298,43.06426],[-2.72299,43.06428],[-2.72301,43.0643],[-2.72304,43.06434],[-2.72308,43.06439],[-2.7231,43.06443]]}},{"type":"Feature","properties":{"id":315393139,"highway":"track","nombre":"Ipiñaburu auzoa"},"geometry":{"type":"LineString","coordinates":[[-2.73529,43.07203],[-2.73527,43.07195],[-2.73527,43.0719],[-2.73528,43.07179],[-2.73527,43.07165],[-2.73523,43.07153],[-2.73518,43.07142],[-2.73511,43.07129],[-2.73506,43.07119],[-2.735,43.07104],[-2.73496,43.07094],[-2.7349,43.07083],[-2.73475,43.07061],[-2.73466,43.0705],[-2.73455,43.07037],[-2.73447,43.07024],[-2.73441,43.07015],[-2.73437,43.0701],[-2.73433,43.07005],[-2.73416,43.06987],[-2.73414,43.06985],[-2.73399,43.06965],[-2.73382,43.06942],[-2.73379,43.0694],[-2.73373,43.06937]]}},{"type":"Feature","properties":{"id":315393160,"highway":"track"},"geometry":{"type":"LineString","coordinates":[[-2.7231,43.06443],[-2.72314,43.06455],[-2.72319,43.06477],[-2.72323,43.06495],[-2.72325,43.06502],[-2.72329,43.06512],[-2.72329,43.06513],[-2.72334,43.06522],[-2.72335,43.06523],[-2.7234,43.06531],[-2.72342,43.06533],[-2.72352,43.06542],[-2.72354,43.06544],[-2.72375,43.06563],[-2.72382,43.06569],[-2.72384,43.06571],[-2.72389,43.06578],[-2.7239,43.0658],[-2.72394,43.06589],[-2.72394,43.0659],[-2.72395,43.06599],[-2.72396,43.0661],[-2.72398,43.06633],[-2.72403,43.06686],[-2.72405,43.06705],[-2.72407,43.06725],[-2.72409,43.06749]]}},{"type":"Feature","properties":{"id":315393162,"highway":"track"},"geometry":{"type":"LineString","coordinates":[[-2.71074,43.06645],[-2.71086,43.06656],[-2.71092,43.06661],[-2.71094,43.06671],[-2.71092,43.06686],[-2.7108,43.06706],[-2.71062,43.06736],[-2.71062,43.06744],[-2.71066,43.0676],[-2.71073,43.06774],[-2.71076,43.06781],[-2.71077,43.06786],[-2.71078,43.06791],[-2.71078,43.06796],[-2.71076,43.06804],[-2.71074,43.0681],[-2.7107,43.06821],[-2.71066,43.0683],[-2.71058,43.0685],[-2.71057,43.06856],[-2.71057,43.06862],[-2.71058,43.06878],[-2.71057,43.06884],[-2.71055,43.06891],[-2.71054,43.06891],[-2.71048,43.06901],[-2.71043,43.0691],[-2.71035,43.06921],[-2.71027,43.06929],[-2.71017,43.06941],[-2.71015,43.06943],[-2.7101,43.06947],[-2.71002,43.06953],[-2.70992,43.0696],[-2.70987,43.06963],[-2.70985,43.06965],[-2.70979,43.06968],[-2.70971,43.06972],[-2.70969,43.06972],[-2.70962,43.06975],[-2.70954,43.06978],[-2.70952,43.06979],[-2.70939,43.06987],[-2.70932,43.06993],[-2.7093,43.06995],[-2.70916,43.07009],[-2.70915,43.07011],[-2.70912,43.07016],[-2.70911,43.07018],[-2.70909,43.07024],[-2.70906,43.07034],[-2.70901,43.07044],[-2.70895,43.07055],[-2.70891,43.07063],[-2.7089,43.07064],[-2.70887,43.07069],[-2.70878,43.07075],[-2.70854,43.07084],[-2.70851,43.07085],[-2.70847,43.07086],[-2.70845,43.07087],[-2.70836,43.07091],[-2.70833,43.07092],[-2.70823,43.07098],[-2.70815,43.07104],[-2.70813,43.07106],[-2.70811,43.0711],[-2.7081,43.07111],[-2.70809,43.07115],[-2.70808,43.07122],[-2.70807,43.07128],[-2.70807,43.07138],[-2.70809,43.07147],[-2.70812,43.07156],[-2.70813,43.07157],[-2.70819,43.07167],[-2.70825,43.07177],[-2.70827,43.07179],[-2.70834,43.07187],[-2.70841,43.07196],[-2.70841,43.07197],[-2.70845,43.07205],[-2.70846,43.0721],[-2.70845,43.07213],[-2.70844,43.07214],[-2.70842,43.07218],[-2.7084,43.07219],[-2.70832,43.07227],[-2.7083,43.07229],[-2.70823,43.07234],[-2.70821,43.07236],[-2.70816,43.07242],[-2.70815,43.07243],[-2.70813,43.07246],[-2.70811,43.07249],[-2.7081,43.07254],[-2.70809,43.07257],[-2.7081,43.07264],[-2.70809,43.0727],[-2.70808,43.07275],[-2.70803,43.07277],[-2.70801,43.07277],[-2.70796,43.07279],[-2.70789,43.07279],[-2.70782,43.0728],[-2.70771,43.0728],[-2.70743,43.07276],[-2.70722,43.07271],[-2.70701,43.07265],[-2.70681,43.07258],[-2.70664,43.07252],[-2.70645,43.07247],[-2.70628,43.07242],[-2.70614,43.07239],[-2.70606,43.07237],[-2.70601,43.07237],[-2.70597,43.07238],[-2.70595,43.07238],[-2.70592,43.0724],[-2.70586,43.07247],[-2.70584,43.07248],[-2.70581,43.07254],[-2.70579,43.07261],[-2.70571,43.07284],[-2.70568,43.07301],[-2.70567,43.07308],[-2.70568,43.07315],[-2.70569,43.07316],[-2.70574,43.07325],[-2.70575,43.07326],[-2.70576,43.07332],[-2.70576,43.07338],[-2.70575,43.07339],[-2.70572,43.07344],[-2.70571,43.07346],[-2.70561,43.07358],[-2.70554,43.07365],[-2.70553,43.07367],[-2.70551,43.0737],[-2.70551,43.07371],[-2.70549,43.07376],[-2.70549,43.07382],[-2.7055,43.07388],[-2.70551,43.07389],[-2.70556,43.07398],[-2.70564,43.0741],[-2.70565,43.07411],[-2.70576,43.07437],[-2.7058,43.07444],[-2.70581,43.07445],[-2.7059,43.07454],[-2.70608,43.07466],[-2.70614,43.07469],[-2.7062,43.07473],[-2.70623,43.07477],[-2.70623,43.07477],[-2.70624,43.07481],[-2.70623,43.07485],[-2.70621,43.07488],[-2.70621,43.07488],[-2.70615,43.07495],[-2.70609,43.075],[-2.70603,43.07509],[-2.70599,43.07517],[-2.70598,43.07522],[-2.70599,43.07526],[-2.706,43.0753],[-2.70603,43.07533],[-2.70605,43.07535],[-2.70616,43.07545],[-2.70617,43.07545],[-2.7062,43.07548],[-2.70625,43.07552],[-2.70628,43.07556],[-2.70634,43.07562],[-2.70634,43.07563],[-2.70635,43.07568],[-2.70635,43.07569],[-2.70635,43.0757],[-2.70632,43.07578],[-2.70623,43.0759],[-2.7062,43.07593],[-2.70613,43.07601],[-2.70608,43.07605],[-2.70601,43.07611],[-2.70587,43.07619],[-2.70585,43.07619],[-2.70574,43.07623],[-2.70564,43.07624],[-2.70554,43.07623],[-2.70539,43.07621],[-2.70524,43.07619],[-2.705,43.07614],[-2.70486,43.07612],[-2.70472,43.0761],[-2.70433,43.07605],[-2.70428,43.07605],[-2.70425,43.07605],[-2.70422,43.07606],[-2.70419,43.07608],[-2.70417,43.0761],[-2.70416,43.07612],[-2.70416,43.07616],[-2.70418,43.07627],[-2.70421,43.07645],[-2.70422,43.07657],[-2.70421,43.07667],[-2.70419,43.07672],[-2.70416,43.07676],[-2.70413,43.07679],[-2.70409,43.07683],[-2.70405,43.07686],[-2.70403,43.07687],[-2.70399,43.07689],[-2.70398,43.07689],[-2.70392,43.07691],[-2.7038,43.07692],[-2.70366,43.07693],[-2.70342,43.07695],[-2.70331,43.07696],[-2.70325,43.07697],[-2.70324,43.07697],[-2.70319,43.077],[-2.70305,43.07712],[-2.70301,43.07715],[-2.70299,43.07716],[-2.70296,43.07717],[-2.70291,43.07717],[-2.70287,43.07716],[-2.70287,43.07716],[-2.70283,43.07715],[-2.70252,43.07698],[-2.70241,43.07692],[-2.70233,43.07686],[-2.7023,43.07683],[-2.70226,43.07679],[-2.70221,43.07674],[-2.70215,43.07665],[-2.70211,43.0766],[-2.70206,43.07658],[-2.70205,43.07657],[-2.70199,43.07655],[-2.70198,43.07654],[-2.7019,43.07652],[-2.70183,43.07652],[-2.70175,43.07653],[-2.70167,43.07654],[-2.7016,43.07655],[-2.70154,43.07655],[-2.70149,43.07655],[-2.70145,43.07655],[-2.70142,43.07654],[-2.70141,43.07654],[-2.70139,43.07653],[-2.70137,43.07652],[-2.70131,43.07648],[-2.70127,43.07642],[-2.70122,43.07634],[-2.70119,43.07627],[-2.70115,43.07617],[-2.70113,43.07606],[-2.70111,43.07596],[-2.70108,43.07587],[-2.70104,43.07576],[-2.70095,43.07556],[-2.70089,43.07548],[-2.70081,43.07539],[-2.70075,43.07529],[-2.70069,43.07519],[-2.70055,43.075],[-2.7005,43.07493],[-2.70038,43.07477],[-2.70034,43.07472],[-2.70025,43.07463],[-2.7002,43.07457],[-2.70014,43.0745]]}},{"type":"Feature","properties":{"id":315393176,"highway":"track","nombre":"Ipiñaburu auzoa"},"geometry":{"type":"LineString","coordinates":[[-2.73373,43.06937],[-2.73362,43.06935],[-2.73341,43.0693]]}},{"type":"Feature","properties":{"id":315393178,"highway":"track"},"geometry":{"type":"LineString","coordinates":[[-2.70002,43.07442],[-2.70012,43.07446],[-2.70014,43.0745]]}},{"type":"Feature","properties":{"id":315393180,"highway":"track"},"geometry":{"type":"LineString","coordinates":[[-2.72409,43.06749],[-2.72414,43.06759],[-2.72415,43.0676],[-2.72417,43.06765],[-2.72427,43.06786],[-2.72437,43.06807],[-2.72443,43.06818],[-2.72444,43.06818],[-2.72453,43.06828],[-2.72464,43.06839],[-2.72465,43.0684],[-2.72476,43.06848],[-2.72487,43.06856],[-2.72489,43.06858],[-2.72498,43.06868],[-2.72498,43.06869],[-2.72503,43.06879],[-2.72505,43.06887],[-2.72508,43.069],[-2.72508,43.06911],[-2.72508,43.06923],[-2.72505,43.06935],[-2.72504,43.06936],[-2.72498,43.06948],[-2.72483,43.06974],[-2.72478,43.06983],[-2.72468,43.07003],[-2.7246,43.07021],[-2.72456,43.07031],[-2.72454,43.07038],[-2.72453,43.07039],[-2.72451,43.07048],[-2.72447,43.0707],[-2.7244,43.071],[-2.72439,43.07107],[-2.72438,43.07118],[-2.72438,43.0713]]}},{"type":"Feature","properties":{"id":315393184,"highway":"track"},"geometry":{"type":"LineString","coordinates":[[-2.6996,43.07495],[-2.6996,43.07495],[-2.69959,43.075],[-2.69959,43.07504],[-2.69959,43.07509],[-2.69961,43.07515],[-2.69961,43.07516],[-2.69964,43.0752],[-2.69973,43.07532],[-2.69987,43.07548],[-2.69994,43.07557],[-2.7,43.07566],[-2.70001,43.07567],[-2.70003,43.07572]]}},{"type":"Feature","properties":{"id":315393216,"highway":"track","nombre":"Ipiñaburu auzoa"},"geometry":{"type":"LineString","coordinates":[[-2.73373,43.06937],[-2.73377,43.0693],[-2.73385,43.06921],[-2.73396,43.06905],[-2.73397,43.06904],[-2.734,43.06897],[-2.734,43.06888],[-2.73398,43.06877],[-2.7339,43.06854],[-2.73387,43.06844],[-2.73384,43.06833],[-2.73382,43.06822],[-2.7338,43.06815],[-2.73379,43.06813],[-2.73379,43.06813],[-2.73376,43.06809],[-2.73375,43.06808],[-2.7337,43.06804],[-2.73365,43.06799],[-2.73354,43.06792],[-2.73343,43.06784],[-2.73332,43.06777],[-2.73318,43.06769],[-2.73311,43.06764],[-2.7331,43.06763],[-2.73308,43.06761],[-2.73308,43.0676],[-2.73308,43.06756],[-2.73309,43.06751],[-2.73312,43.06746],[-2.73313,43.06745],[-2.73325,43.06733],[-2.73332,43.06726],[-2.7334,43.0672],[-2.73347,43.06714],[-2.73358,43.06707],[-2.73368,43.06702],[-2.7337,43.06701],[-2.73384,43.06692],[-2.73386,43.06691],[-2.73406,43.06683],[-2.73417,43.0668],[-2.73431,43.06677],[-2.73432,43.06677],[-2.73435,43.06677],[-2.73441,43.06675]]}},{"type":"Feature","properties":{"id":315393220,"highway":"track"},"geometry":{"type":"LineString","coordinates":[[-2.70309,43.07944],[-2.70317,43.07949],[-2.70322,43.07953],[-2.70324,43.07955],[-2.7033,43.07958],[-2.70331,43.07959],[-2.70336,43.0796],[-2.70337,43.07961],[-2.70343,43.07962],[-2.7035,43.07962],[-2.70355,43.07961],[-2.70356,43.07961],[-2.70365,43.07958],[-2.70367,43.07957],[-2.70374,43.07953],[-2.7038,43.07947],[-2.70381,43.07946],[-2.70387,43.07939],[-2.70387,43.07939],[-2.70392,43.0793],[-2.70392,43.07929],[-2.70393,43.07922],[-2.70394,43.07917],[-2.70393,43.0791],[-2.70389,43.07898],[-2.70385,43.07887],[-2.7038,43.07876],[-2.70376,43.07869],[-2.70376,43.07868],[-2.7037,43.0786],[-2.70369,43.07859],[-2.70362,43.07851],[-2.70361,43.0785],[-2.70351,43.07842],[-2.70341,43.07837],[-2.70341,43.07836],[-2.70329,43.07832],[-2.70321,43.07829],[-2.70311,43.07826],[-2.70298,43.07823],[-2.70285,43.0782],[-2.70257,43.07813],[-2.7024,43.07808],[-2.70234,43.07806],[-2.70221,43.07801],[-2.7022,43.078],[-2.70213,43.07797],[-2.70212,43.07796],[-2.70207,43.07793]]}},{"type":"Feature","properties":{"id":315393231,"highway":"track"},"geometry":{"type":"MultiLineString","coordinates":[[[-2.70365,43.07958],[-2.70349,43.07969],[-2.70337,43.0798],[-2.70327,43.07995],[-2.70301,43.08033],[-2.70292,43.08056],[-2.70287,43.08075],[-2.70285,43.08085],[-2.70286,43.08091],[-2.70293,43.08106],[-2.70336,43.08172],[-2.70337,43.08176],[-2.70341,43.08185],[-2.70344,43.08199],[-2.70351,43.08223],[-2.70353,43.08229],[-2.70361,43.08241],[-2.70368,43.0825],[-2.70388,43.08271],[-2.704,43.08283],[-2.70421,43.08299],[-2.70429,43.0831],[-2.70435,43.08321],[-2.70438,43.08331],[-2.70441,43.08346],[-2.70441,43.08362],[-2.70439,43.08392],[-2.7044,43.08405],[-2.70441,43.08425],[-2.7044,43.08433],[-2.70439,43.08443],[-2.70441,43.08448],[-2.70443,43.08449],[-2.70474,43.08459],[-2.70488,43.08465],[-2.70518,43.08488],[-2.70533,43.08498],[-2.70547,43.08505],[-2.7056,43.08511],[-2.70588,43.08533],[-2.70607,43.08547],[-2.70616,43.08553],[-2.70647,43.08566],[-2.70682,43.08578],[-2.70713,43.08585],[-2.70744,43.08602],[-2.70757,43.08609],[-2.70769,43.08618],[-2.70779,43.08625],[-2.70806,43.08639],[-2.70832,43.08648],[-2.70862,43.08655],[-2.70886,43.08664],[-2.70914,43.08676],[-2.70924,43.08683],[-2.7094,43.08689],[-2.70969,43.08697],[-2.70983,43.08701],[-2.70993,43.08705],[-2.71012,43.08712],[-2.71032,43.08721],[-2.71057,43.08733],[-2.71075,43.08744],[-2.71085,43.08747],[-2.71105,43.08754],[-2.71115,43.08757],[-2.71134,43.08767],[-2.71149,43.08777],[-2.7118,43.08799],[-2.71188,43.08805]],[[-2.71199,43.08809],[-2.71206,43.0881],[-2.71219,43.08811],[-2.71231,43.08811],[-2.71248,43.08809],[-2.71265,43.08807],[-2.71271,43.08807],[-2.71277,43.0881],[-2.71283,43.08814],[-2.71307,43.08847],[-2.71328,43.08871],[-2.71348,43.0889],[-2.71353,43.08896],[-2.71357,43.08901],[-2.71364,43.08911],[-2.71379,43.08941],[-2.71388,43.08964],[-2.71397,43.08989],[-2.714,43.08997],[-2.71407,43.09009],[-2.71409,43.09017],[-2.71411,43.09033],[-2.71414,43.09049],[-2.71419,43.09063],[-2.71428,43.09079]],[[-2.7155,43.09225],[-2.7155,43.09225]]]}},{"type":"Feature","properties":{"id":315393242,"highway":"track","nombre":"Ipiñaburu auzoa"},"geometry":{"type":"LineString","coordinates":[[-2.72789,43.07508],[-2.72797,43.07508],[-2.72824,43.07509],[-2.72855,43.07505],[-2.7289,43.07502],[-2.72906,43.075],[-2.72932,43.07493],[-2.72954,43.07478],[-2.72962,43.07467]]}},{"type":"Feature","properties":{"id":319369818,"highway":"track","superficie":"gravel"},"geometry":{"type":"LineString","coordinates":[[-2.70003,43.0744],[-2.70023,43.07428],[-2.70067,43.07401],[-2.70097,43.07382],[-2.70118,43.07364],[-2.70132,43.07345],[-2.70136,43.07333],[-2.70139,43.07314],[-2.7014,43.07303],[-2.7014,43.07294],[-2.70138,43.07266],[-2.70137,43.07234],[-2.7014,43.07193],[-2.70147,43.07151],[-2.7015,43.07134]]}},{"type":"Feature","properties":{"id":319370292,"highway":"track","nombre":"Barazar Gaina"},"geometry":{"type":"LineString","coordinates":[[-2.7015,43.07134],[-2.70157,43.07116],[-2.70164,43.07088],[-2.70205,43.07051],[-2.70226,43.07026],[-2.70232,43.07015],[-2.70241,43.0701],[-2.70255,43.07003],[-2.70325,43.06979],[-2.7038,43.0696],[-2.704,43.06956],[-2.70426,43.06954],[-2.70461,43.06952],[-2.70476,43.06951],[-2.70491,43.06947],[-2.70528,43.06931],[-2.7054,43.06929],[-2.70558,43.06929],[-2.70579,43.06932],[-2.7059,43.06934],[-2.70607,43.06934],[-2.70644,43.06933],[-2.70801,43.06923],[-2.70817,43.06921],[-2.70827,43.06916],[-2.70838,43.0691],[-2.7092,43.06839],[-2.70944,43.06818],[-2.70968,43.06798],[-2.70973,43.06791],[-2.70977,43.06784],[-2.70986,43.06763],[-2.71003,43.06711],[-2.71014,43.06685],[-2.71018,43.06679],[-2.71023,43.06672],[-2.71032,43.06666],[-2.71074,43.06645],[-2.71181,43.06593]]}},{"type":"Feature","properties":{"id":319370926,"highway":"path"},"geometry":{"type":"LineString","coordinates":[[-2.73422,43.04568],[-2.73411,43.04591],[-2.73403,43.04608],[-2.73392,43.04619],[-2.73359,43.04627],[-2.73312,43.04634],[-2.73284,43.04635]]}},{"type":"Feature","properties":{"id":319370927,"highway":"track"},"geometry":{"type":"LineString","coordinates":[[-2.7327,43.04614],[-2.73253,43.04598],[-2.73241,43.04587],[-2.73226,43.04577],[-2.73208,43.04566],[-2.73203,43.04562],[-2.73203,43.04557],[-2.73206,43.04547],[-2.73212,43.0453],[-2.73213,43.04513],[-2.73209,43.04495],[-2.73202,43.04471],[-2.73206,43.04454],[-2.73222,43.04442],[-2.73252,43.04426],[-2.73296,43.04395],[-2.73324,43.04364],[-2.73358,43.04333],[-2.73418,43.04294],[-2.7346,43.04268]]}},{"type":"Feature","properties":{"id":319370928,"highway":"track"},"geometry":{"type":"LineString","coordinates":[[-2.73811,43.04403],[-2.73832,43.04392],[-2.73872,43.04374],[-2.73897,43.0437],[-2.73942,43.0437],[-2.73985,43.0437],[-2.74,43.0437],[-2.74016,43.04363],[-2.74009,43.04352],[-2.73987,43.04335],[-2.73951,43.04306]]}},{"type":"Feature","properties":{"id":319371068,"highway":"track"},"geometry":{"type":"LineString","coordinates":[[-2.7631,43.04688],[-2.76288,43.04674],[-2.76261,43.04655],[-2.76256,43.0465],[-2.76251,43.04644],[-2.76237,43.04624],[-2.7622,43.04607],[-2.76203,43.04594],[-2.76177,43.04574],[-2.76162,43.04563],[-2.76152,43.04559],[-2.7614,43.04555],[-2.761,43.04548],[-2.76084,43.04543],[-2.76064,43.0453],[-2.76055,43.04519]]}},{"type":"Feature","properties":{"id":319371187,"highway":"track"},"geometry":{"type":"LineString","coordinates":[[-2.7643,43.04544],[-2.76439,43.04572],[-2.76447,43.04594],[-2.76452,43.04606],[-2.76451,43.04614],[-2.76444,43.0463],[-2.76429,43.04685],[-2.76427,43.04697],[-2.76434,43.04715],[-2.76454,43.04752],[-2.76469,43.04773],[-2.76494,43.04789],[-2.76525,43.04808],[-2.76549,43.0482],[-2.76562,43.04831],[-2.76567,43.04837],[-2.76574,43.0484]]}},{"type":"Feature","properties":{"id":319371188,"highway":"track"},"geometry":{"type":"LineString","coordinates":[[-2.76419,43.04541],[-2.7643,43.04544]]}},{"type":"Feature","properties":{"id":319371189,"highway":"track","nombre":"Ipiñaburu auzoa"},"geometry":{"type":"LineString","coordinates":[[-2.76647,43.04247],[-2.76645,43.0425],[-2.76642,43.04252],[-2.76634,43.04257],[-2.76625,43.04263],[-2.76612,43.04271],[-2.76592,43.04283],[-2.7659,43.04286],[-2.76588,43.04289],[-2.76583,43.04299],[-2.76575,43.04311],[-2.76561,43.04327],[-2.76551,43.04338],[-2.76546,43.04353],[-2.76545,43.04369],[-2.76547,43.04377],[-2.76552,43.04391],[-2.76561,43.04404],[-2.76564,43.04409],[-2.76566,43.04411],[-2.76566,43.04416],[-2.76562,43.0442],[-2.76554,43.04422],[-2.76543,43.04423],[-2.7653,43.04422],[-2.76512,43.04419],[-2.76487,43.04411],[-2.76474,43.04404],[-2.76464,43.04397],[-2.76452,43.04386],[-2.76445,43.04386],[-2.7644,43.04388],[-2.76437,43.04392],[-2.76433,43.044],[-2.76428,43.04425],[-2.76427,43.04447],[-2.76425,43.04498],[-2.76425,43.0451],[-2.7643,43.04544]]}},{"type":"Feature","properties":{"id":319371494,"highway":"path","superficie":"grass"},"geometry":{"type":"LineString","coordinates":[[-2.79147,43.05288],[-2.79154,43.05323],[-2.79158,43.05342],[-2.79164,43.05363],[-2.79165,43.0538],[-2.79165,43.05384],[-2.7917,43.05394],[-2.79196,43.05436],[-2.79224,43.05467],[-2.79261,43.05495],[-2.79286,43.05521],[-2.79301,43.05537],[-2.79306,43.05548]]}},{"type":"Feature","properties":{"id":319371495,"highway":"path","nombre":"Ipiñaburu auzoa","superficie":"rock"},"geometry":{"type":"LineString","coordinates":[[-2.78585,43.0492],[-2.78605,43.04929],[-2.78655,43.0495],[-2.78687,43.04967],[-2.78717,43.04976],[-2.78733,43.04983],[-2.78747,43.0499],[-2.78757,43.04996],[-2.78761,43.05002],[-2.78767,43.05009],[-2.78803,43.05024],[-2.78836,43.05041],[-2.78857,43.0505],[-2.78894,43.05072],[-2.78925,43.05087],[-2.78942,43.05091],[-2.78958,43.05099],[-2.78971,43.0511],[-2.7898,43.05115]]}},{"type":"Feature","properties":{"id":319371496,"highway":"path"},"geometry":{"type":"LineString","coordinates":[[-2.76865,43.04302],[-2.76907,43.04308],[-2.76941,43.04319],[-2.76968,43.04332],[-2.77028,43.04373],[-2.77041,43.04382],[-2.77078,43.04389],[-2.77096,43.04391],[-2.77122,43.04399],[-2.77145,43.04405],[-2.77173,43.04409],[-2.7719,43.04412],[-2.7725,43.04417],[-2.77309,43.04416],[-2.77392,43.04426],[-2.77425,43.04432],[-2.7751,43.04451],[-2.77541,43.04455],[-2.77642,43.04482],[-2.77659,43.04484],[-2.77682,43.04492],[-2.77703,43.04488],[-2.77732,43.04489],[-2.77837,43.04534],[-2.77891,43.04553],[-2.77972,43.04608],[-2.78013,43.04621],[-2.78026,43.04625],[-2.78046,43.04623],[-2.78057,43.04626],[-2.78075,43.04636],[-2.78083,43.04637],[-2.7809,43.04636],[-2.78106,43.04635],[-2.7815,43.04673],[-2.78195,43.04731],[-2.78213,43.0474],[-2.78232,43.04749],[-2.78247,43.04759],[-2.78255,43.04762],[-2.78278,43.04773],[-2.78286,43.04776],[-2.7831,43.04778],[-2.78333,43.04784],[-2.78357,43.04781],[-2.78379,43.04777]]}},{"type":"Feature","properties":{"id":319371632,"highway":"path"},"geometry":{"type":"LineString","coordinates":[[-2.791,43.05229],[-2.79115,43.05248],[-2.79128,43.05261],[-2.79147,43.05288],[-2.79161,43.05294],[-2.79217,43.05312],[-2.79243,43.0532],[-2.79267,43.05325],[-2.79297,43.05334],[-2.79326,43.05338],[-2.79358,43.05346],[-2.79379,43.05361],[-2.79419,43.05371]]}},{"type":"Feature","properties":{"id":338587760,"highway":"track"},"geometry":{"type":"LineString","coordinates":[[-2.7941,43.0607],[-2.79403,43.06073],[-2.794,43.06074],[-2.79393,43.06079],[-2.79386,43.06087],[-2.79358,43.06116],[-2.79339,43.06133],[-2.79317,43.06152],[-2.79308,43.0616],[-2.79301,43.06168],[-2.79296,43.06176],[-2.79292,43.06186],[-2.79287,43.06208],[-2.79281,43.06224],[-2.79272,43.06247],[-2.79261,43.06279],[-2.79259,43.06284],[-2.79256,43.06288],[-2.79249,43.06291],[-2.79238,43.06297],[-2.79226,43.06306],[-2.79213,43.06317],[-2.7921,43.06323],[-2.79208,43.0633],[-2.79207,43.06335],[-2.79204,43.06354],[-2.792,43.06374],[-2.792,43.06384],[-2.79201,43.0639],[-2.79205,43.06394],[-2.79207,43.06396],[-2.79213,43.06398],[-2.79241,43.06408],[-2.79248,43.06411],[-2.79252,43.06415],[-2.7925,43.0642],[-2.79243,43.06426],[-2.79231,43.06439],[-2.79226,43.06446],[-2.7922,43.0646],[-2.79215,43.06466],[-2.7921,43.0647],[-2.79204,43.06472],[-2.79195,43.06476],[-2.7919,43.06477],[-2.79178,43.06481],[-2.79171,43.06485],[-2.79168,43.06489],[-2.79167,43.06491],[-2.79164,43.06498],[-2.79162,43.06502],[-2.79158,43.06504],[-2.7915,43.06508],[-2.79143,43.06513],[-2.79135,43.0652],[-2.79121,43.0653],[-2.79113,43.06536],[-2.79104,43.06543],[-2.79096,43.06551],[-2.7909,43.06556],[-2.79082,43.06559],[-2.79069,43.06565],[-2.7906,43.06569],[-2.79052,43.06571],[-2.79043,43.06571],[-2.79036,43.06569],[-2.79029,43.06568],[-2.79015,43.06566],[-2.78999,43.06566],[-2.78984,43.06566],[-2.78971,43.06568],[-2.78959,43.06572],[-2.78945,43.06577],[-2.78939,43.06581],[-2.78933,43.06586],[-2.78925,43.06596],[-2.7892,43.06605],[-2.78916,43.06613],[-2.78915,43.06621],[-2.78914,43.06634],[-2.78912,43.06638],[-2.78909,43.06642],[-2.78904,43.06645],[-2.78897,43.06648],[-2.78881,43.06651],[-2.78873,43.06653],[-2.78864,43.06656],[-2.78858,43.0666],[-2.78846,43.0667],[-2.7884,43.06675],[-2.78832,43.06678],[-2.78824,43.06681],[-2.78806,43.06686],[-2.78797,43.0669],[-2.78788,43.06694],[-2.78779,43.067],[-2.78762,43.06716],[-2.78752,43.06725],[-2.7874,43.06735],[-2.78734,43.06739],[-2.78732,43.06743],[-2.78727,43.06757],[-2.78723,43.06767],[-2.78714,43.06788],[-2.78704,43.0681],[-2.7869,43.06846],[-2.78686,43.06858],[-2.78685,43.06868],[-2.78685,43.06876],[-2.78688,43.06884],[-2.78694,43.06896],[-2.78695,43.06901],[-2.78696,43.0691],[-2.78697,43.06925],[-2.78696,43.06933],[-2.7869,43.06948],[-2.78688,43.06955],[-2.78687,43.06963],[-2.78684,43.06968],[-2.78679,43.06974],[-2.78675,43.06977],[-2.78669,43.06982],[-2.78665,43.06987],[-2.78666,43.06993],[-2.78668,43.07],[-2.78678,43.07017],[-2.78678,43.07021],[-2.78679,43.07026],[-2.78679,43.07038],[-2.7868,43.07043],[-2.78682,43.0705],[-2.78682,43.07053],[-2.78681,43.07055],[-2.78676,43.07059],[-2.78666,43.07061],[-2.78655,43.07065],[-2.78649,43.07068],[-2.7864,43.07073],[-2.78631,43.0708],[-2.78625,43.07086],[-2.78619,43.07094],[-2.78615,43.07102],[-2.7861,43.07117],[-2.78609,43.07122],[-2.78608,43.07127],[-2.7861,43.07133],[-2.78615,43.07143],[-2.78616,43.07149],[-2.78617,43.07159],[-2.78617,43.07164],[-2.78617,43.07174],[-2.78618,43.07182],[-2.78622,43.07189],[-2.78625,43.07193],[-2.78639,43.07203],[-2.78648,43.07209],[-2.78653,43.07214],[-2.78672,43.07239],[-2.78682,43.07248],[-2.7869,43.07253],[-2.78699,43.07257],[-2.78715,43.07261],[-2.78724,43.07264],[-2.7873,43.07266],[-2.78735,43.0727],[-2.78738,43.07273],[-2.78742,43.07281],[-2.78744,43.07289],[-2.78748,43.07294],[-2.78754,43.07297],[-2.78773,43.07305],[-2.78787,43.07311],[-2.78803,43.07322],[-2.78816,43.07334],[-2.78832,43.0735],[-2.78842,43.07356],[-2.7886,43.07364],[-2.7887,43.0737],[-2.78875,43.07373],[-2.78883,43.07376],[-2.78904,43.07381],[-2.78912,43.07384],[-2.78919,43.07388],[-2.78922,43.07391],[-2.7893,43.07405],[-2.78939,43.07416],[-2.7895,43.07438],[-2.78954,43.07443],[-2.78959,43.07447],[-2.78967,43.07451],[-2.78983,43.07457],[-2.78993,43.07464],[-2.79005,43.07475],[-2.79021,43.07497],[-2.7903,43.07505],[-2.79043,43.07516],[-2.79048,43.07522],[-2.79051,43.07528],[-2.79058,43.0754],[-2.79064,43.07548],[-2.79079,43.07564],[-2.79105,43.07584],[-2.79114,43.07594],[-2.7912,43.07603],[-2.79126,43.07615],[-2.79129,43.07619],[-2.79135,43.07625],[-2.79143,43.0763],[-2.79159,43.07644],[-2.79164,43.0765],[-2.79167,43.07655],[-2.79168,43.07659],[-2.7917,43.07672],[-2.79174,43.07678],[-2.79179,43.07686],[-2.7918,43.0769],[-2.79179,43.07695],[-2.79172,43.07703],[-2.79155,43.07728],[-2.79145,43.07745],[-2.79139,43.07755],[-2.79138,43.0776],[-2.79139,43.07763]]}},{"type":"Feature","properties":{"id":338587761,"highway":"track"},"geometry":{"type":"LineString","coordinates":[[-2.79906,43.05829],[-2.7987,43.05843],[-2.79847,43.05849],[-2.79808,43.05863],[-2.79786,43.0587],[-2.79764,43.05876],[-2.79749,43.05881],[-2.79709,43.05901],[-2.79692,43.05907],[-2.79657,43.05915],[-2.79644,43.0592],[-2.79635,43.05927],[-2.79592,43.06009],[-2.79586,43.06014],[-2.79575,43.06019],[-2.79559,43.06023],[-2.79544,43.06024],[-2.7953,43.06026],[-2.79518,43.06032],[-2.79497,43.06045],[-2.79477,43.06054],[-2.7947,43.06057],[-2.79462,43.0606],[-2.79437,43.06066],[-2.79426,43.06068],[-2.79417,43.0607],[-2.7941,43.0607]]}},{"type":"Feature","properties":{"id":338587762,"highway":"path"},"geometry":{"type":"LineString","coordinates":[[-2.80215,43.05764],[-2.80174,43.0577],[-2.80158,43.05777],[-2.80142,43.05781],[-2.80133,43.05789],[-2.80125,43.05793],[-2.80106,43.05801],[-2.80098,43.05804],[-2.80094,43.05807],[-2.80081,43.05812],[-2.80068,43.05816],[-2.80058,43.05821],[-2.80045,43.05824],[-2.80037,43.05839],[-2.80021,43.05857],[-2.80007,43.05889],[-2.79994,43.0593],[-2.79985,43.05972],[-2.79975,43.05997],[-2.79968,43.06005],[-2.79966,43.06008],[-2.79964,43.06015],[-2.79958,43.06021],[-2.79953,43.06023],[-2.79946,43.06021],[-2.79921,43.06024],[-2.79906,43.06032],[-2.79904,43.06036],[-2.79897,43.06042],[-2.79893,43.06045],[-2.79881,43.06049],[-2.79874,43.06052],[-2.79869,43.06056],[-2.79861,43.06065],[-2.79855,43.06073],[-2.79843,43.0609],[-2.79835,43.06104],[-2.79827,43.06118],[-2.79827,43.06128],[-2.79823,43.06138],[-2.79815,43.06153],[-2.79814,43.06159],[-2.79803,43.06163],[-2.79798,43.06171],[-2.79795,43.06184],[-2.7979,43.06196],[-2.79791,43.06209],[-2.7979,43.06232],[-2.79794,43.06256],[-2.79795,43.06268],[-2.79795,43.0628],[-2.79792,43.06292],[-2.79786,43.06302],[-2.79782,43.06305],[-2.79769,43.06317]]}},{"type":"Feature","properties":{"id":338594450,"highway":"track"},"geometry":{"type":"LineString","coordinates":[[-2.73845,43.05504],[-2.73848,43.05501],[-2.73848,43.05495],[-2.73844,43.05486],[-2.73836,43.05475],[-2.73808,43.05435],[-2.73798,43.05424],[-2.7379,43.05411],[-2.73786,43.05401],[-2.73784,43.0538],[-2.73782,43.05357],[-2.73775,43.05333],[-2.73771,43.05321],[-2.73762,43.05308],[-2.73723,43.05281],[-2.73704,43.0527],[-2.73682,43.05259],[-2.73662,43.05247],[-2.73628,43.05231],[-2.73624,43.05225],[-2.73623,43.05218],[-2.73625,43.05213],[-2.73631,43.05207],[-2.73641,43.05202],[-2.73655,43.05199],[-2.73674,43.05195],[-2.73686,43.05193],[-2.73696,43.05191],[-2.73709,43.05189],[-2.73724,43.05187],[-2.73723,43.05183],[-2.7372,43.05174],[-2.73716,43.05162],[-2.73698,43.05146],[-2.73675,43.05131],[-2.7366,43.05126],[-2.73645,43.05116],[-2.73638,43.05112],[-2.73639,43.05101],[-2.73655,43.05101],[-2.73681,43.05101],[-2.73689,43.05099],[-2.73692,43.05098],[-2.73697,43.05085],[-2.73706,43.05065],[-2.73709,43.05048],[-2.73705,43.05029],[-2.737,43.05004],[-2.73689,43.04982],[-2.73672,43.04961],[-2.73661,43.04938],[-2.73646,43.0493],[-2.73641,43.04924],[-2.73651,43.04917],[-2.73687,43.04919],[-2.73704,43.04922],[-2.73723,43.04927],[-2.73733,43.04927],[-2.73756,43.04916],[-2.73765,43.04909],[-2.73769,43.04906],[-2.7378,43.04899],[-2.73796,43.04885],[-2.73809,43.04866],[-2.73822,43.04849],[-2.73837,43.04833],[-2.73854,43.04819],[-2.73873,43.04802],[-2.73885,43.04788],[-2.73897,43.04781],[-2.73917,43.04767],[-2.73923,43.04761],[-2.73927,43.04758],[-2.7393,43.04757],[-2.73943,43.04759],[-2.73963,43.04767],[-2.73984,43.04778],[-2.74011,43.04783],[-2.74028,43.04782],[-2.74044,43.04776],[-2.74064,43.04771],[-2.74083,43.04767]]}},{"type":"Feature","properties":{"id":338594451,"highway":"path"},"geometry":{"type":"LineString","coordinates":[[-2.73737,43.05138],[-2.7374,43.05144],[-2.73744,43.05149],[-2.7375,43.05155],[-2.73756,43.05161],[-2.7376,43.05163],[-2.73763,43.05163],[-2.73767,43.05165],[-2.73769,43.05167],[-2.7377,43.0517],[-2.7377,43.05176],[-2.73771,43.05181],[-2.73773,43.05185],[-2.73777,43.05185],[-2.73782,43.05184],[-2.73788,43.05182],[-2.73791,43.05178],[-2.73788,43.05172],[-2.73785,43.0517],[-2.73785,43.05169],[-2.73784,43.05165],[-2.73782,43.05163],[-2.7378,43.05161],[-2.73779,43.05158],[-2.7378,43.05153],[-2.73778,43.0515],[-2.73777,43.05148],[-2.73777,43.05144],[-2.73778,43.05142],[-2.73777,43.05138],[-2.73773,43.05134],[-2.7377,43.05131],[-2.73767,43.0513],[-2.73765,43.05128],[-2.73767,43.05126],[-2.73768,43.05125],[-2.73774,43.05124],[-2.73778,43.05123],[-2.73778,43.05121],[-2.73777,43.05118],[-2.73774,43.05116],[-2.73771,43.05114],[-2.73769,43.05112],[-2.73769,43.05108]]}},{"type":"Feature","properties":{"id":338595092,"highway":"path"},"geometry":{"type":"LineString","coordinates":[[-2.72321,43.03798],[-2.72336,43.03793],[-2.72351,43.03778],[-2.72358,43.03773],[-2.7237,43.03765],[-2.72377,43.03765],[-2.72383,43.03761],[-2.72394,43.03761],[-2.72402,43.03756],[-2.72407,43.03757],[-2.7241,43.03756],[-2.72414,43.03756],[-2.7242,43.03758],[-2.72423,43.03756],[-2.72423,43.03754],[-2.72425,43.03752],[-2.72429,43.03755],[-2.72433,43.03754],[-2.72432,43.03752],[-2.72435,43.03751],[-2.72438,43.03751],[-2.72442,43.03749],[-2.72444,43.03747],[-2.72446,43.03737],[-2.72444,43.03734],[-2.72449,43.03733],[-2.72458,43.03735],[-2.72462,43.03735],[-2.72463,43.03732],[-2.72469,43.03734],[-2.72472,43.03733],[-2.72473,43.0373],[-2.72471,43.03727],[-2.72474,43.03725],[-2.72474,43.03722],[-2.72472,43.0372],[-2.72475,43.03714],[-2.72478,43.03699],[-2.72477,43.03674],[-2.72478,43.03669],[-2.7248,43.03662],[-2.72483,43.0366],[-2.7249,43.03658],[-2.72491,43.03652],[-2.72492,43.03635],[-2.72494,43.03634],[-2.72495,43.03636],[-2.72499,43.03649],[-2.72501,43.03651],[-2.72505,43.03637],[-2.72511,43.03642],[-2.72517,43.03645],[-2.72524,43.03652],[-2.72529,43.03656],[-2.72526,43.03648],[-2.72525,43.03635],[-2.72523,43.0363],[-2.7252,43.03624],[-2.72518,43.03621],[-2.72517,43.03617]]}},{"type":"Feature","properties":{"id":338595093,"highway":"track"},"geometry":{"type":"LineString","coordinates":[[-2.72598,43.04037],[-2.72577,43.04037],[-2.72544,43.04042],[-2.72515,43.0405],[-2.72498,43.04056],[-2.72465,43.0407],[-2.72447,43.04074],[-2.72422,43.04078],[-2.72396,43.04082],[-2.72374,43.04087],[-2.72348,43.04093],[-2.72313,43.04106],[-2.723,43.04107],[-2.72289,43.04107],[-2.7227,43.04106],[-2.72253,43.04106],[-2.72229,43.04107],[-2.72212,43.04109],[-2.72196,43.04113],[-2.72185,43.04116],[-2.72169,43.04116],[-2.7215,43.04116],[-2.7214,43.04118],[-2.72128,43.04122],[-2.72118,43.04122],[-2.72108,43.04121],[-2.72101,43.04102],[-2.72098,43.04088],[-2.72098,43.04071],[-2.72098,43.04058],[-2.72099,43.04043]]}},{"type":"Feature","properties":{"id":338595394,"highway":"track","nombre":"Bastelarrara bidexka"},"geometry":{"type":"LineString","coordinates":[[-2.7168,43.0405],[-2.71644,43.04047]]}},{"type":"Feature","properties":{"id":338595395,"highway":"track"},"geometry":{"type":"LineString","coordinates":[[-2.7168,43.0405],[-2.71697,43.04053],[-2.71716,43.04062],[-2.71732,43.04071],[-2.71748,43.04091],[-2.71761,43.04117],[-2.71768,43.04128],[-2.7177,43.04147],[-2.71779,43.04165],[-2.71785,43.04179],[-2.71798,43.042],[-2.71808,43.04217],[-2.71809,43.04227],[-2.71807,43.04243],[-2.71815,43.04259],[-2.71827,43.04274],[-2.7184,43.04288],[-2.71857,43.043],[-2.71873,43.04307],[-2.71895,43.04313],[-2.71915,43.04318],[-2.71935,43.04319],[-2.71949,43.04317],[-2.71966,43.0431],[-2.71981,43.04305],[-2.72008,43.04293],[-2.72022,43.0429],[-2.72036,43.04289],[-2.72052,43.04287],[-2.72061,43.04287],[-2.72069,43.04291],[-2.72083,43.04296],[-2.72091,43.04297],[-2.72096,43.04295],[-2.721,43.04289],[-2.72092,43.04276],[-2.72081,43.04263],[-2.72068,43.04255],[-2.72051,43.04249],[-2.72038,43.04243],[-2.72021,43.04233],[-2.72009,43.04219],[-2.72005,43.04202],[-2.71996,43.04178],[-2.71991,43.04163],[-2.71989,43.04139],[-2.7199,43.04126],[-2.71993,43.04109],[-2.72,43.04093],[-2.72004,43.04085],[-2.72009,43.04096],[-2.72016,43.0411],[-2.72024,43.04124],[-2.72033,43.04135],[-2.72042,43.04141],[-2.72055,43.0415],[-2.72072,43.04164],[-2.72082,43.04172],[-2.72086,43.04175],[-2.72103,43.04185],[-2.72118,43.04192],[-2.7213,43.04198],[-2.72145,43.04201],[-2.72161,43.04204],[-2.72185,43.04203],[-2.72205,43.04203],[-2.72224,43.04201],[-2.72243,43.04199],[-2.72254,43.042],[-2.7227,43.04205],[-2.72287,43.04209],[-2.72298,43.04211],[-2.72315,43.04211],[-2.72335,43.04208],[-2.72365,43.04202],[-2.72383,43.04196],[-2.72397,43.04191],[-2.72409,43.04184],[-2.7242,43.04176],[-2.72426,43.04168],[-2.72422,43.04161],[-2.72398,43.04157],[-2.72356,43.04153],[-2.72331,43.04152],[-2.7229,43.04151],[-2.72277,43.0415],[-2.72253,43.04148],[-2.72223,43.04148],[-2.72197,43.04149],[-2.72179,43.04149],[-2.72159,43.04148],[-2.72142,43.04146],[-2.72126,43.04139],[-2.72113,43.0413],[-2.72108,43.04121]]}},{"type":"Feature","properties":{"id":338595589,"highway":"track"},"geometry":{"type":"LineString","coordinates":[[-2.71966,43.0431],[-2.71958,43.04304],[-2.71939,43.04294],[-2.7192,43.04277],[-2.71907,43.04257],[-2.71898,43.04231],[-2.7189,43.04206],[-2.71887,43.04189],[-2.71885,43.04174],[-2.71883,43.04166],[-2.71883,43.04151],[-2.71883,43.04132],[-2.71882,43.04117],[-2.71879,43.04104],[-2.71877,43.04088],[-2.71876,43.04075],[-2.71875,43.04066],[-2.71879,43.04054],[-2.71885,43.04044],[-2.71894,43.04038],[-2.71909,43.04029],[-2.71933,43.04023],[-2.71934,43.04016],[-2.7193,43.04005],[-2.71926,43.03992],[-2.71927,43.03977],[-2.71932,43.03964]]}},{"type":"Feature","properties":{"id":338595590,"highway":"track"},"geometry":{"type":"LineString","coordinates":[[-2.70928,43.03975],[-2.70944,43.03986],[-2.70963,43.03993],[-2.70982,43.03996],[-2.71007,43.04],[-2.71024,43.04007],[-2.71034,43.04008],[-2.71038,43.04004],[-2.71035,43.03999],[-2.71022,43.03986],[-2.71012,43.03976],[-2.71008,43.03967],[-2.71002,43.03962],[-2.70994,43.03954],[-2.70982,43.0395],[-2.70978,43.03948],[-2.70978,43.0394],[-2.7098,43.03926],[-2.70983,43.03915],[-2.70988,43.03901],[-2.70994,43.0389],[-2.70997,43.03886],[-2.70999,43.03878],[-2.71003,43.03872],[-2.71006,43.03865],[-2.71007,43.03857],[-2.71006,43.03846],[-2.71006,43.03842],[-2.71008,43.03838],[-2.71012,43.03836],[-2.71013,43.03836],[-2.71019,43.03836],[-2.71025,43.03838],[-2.7104,43.03844],[-2.71048,43.03847],[-2.71056,43.03849],[-2.71065,43.0385],[-2.71074,43.03854],[-2.71083,43.03858],[-2.71088,43.0386],[-2.71093,43.03861],[-2.71098,43.03861]]}},{"type":"Feature","properties":{"id":338596541,"highway":"track","superficie":"fine_gravel"},"geometry":{"type":"LineString","coordinates":[[-2.7142,43.04383],[-2.71434,43.04379],[-2.7145,43.04376],[-2.71468,43.04374],[-2.71481,43.04373],[-2.715,43.04371],[-2.71512,43.04368],[-2.71525,43.04366],[-2.7154,43.04359],[-2.71557,43.0435],[-2.7157,43.04343],[-2.71578,43.04332],[-2.71581,43.04324],[-2.71576,43.04312],[-2.71571,43.04294],[-2.71573,43.04279],[-2.71575,43.04267],[-2.7158,43.04251],[-2.7158,43.04236],[-2.71574,43.04219],[-2.7157,43.04205],[-2.71563,43.0419],[-2.71558,43.04181],[-2.7155,43.04172],[-2.71536,43.04155],[-2.71521,43.04131],[-2.71521,43.04115],[-2.71519,43.04104],[-2.71517,43.04091],[-2.71509,43.04064],[-2.71496,43.04028],[-2.7149,43.04001],[-2.71489,43.03994],[-2.71486,43.03984],[-2.7148,43.03965],[-2.71458,43.03919],[-2.71454,43.03906],[-2.7145,43.03883],[-2.71445,43.03851],[-2.71444,43.03827],[-2.71444,43.03797],[-2.71448,43.03749],[-2.71442,43.0372],[-2.71442,43.03709],[-2.71443,43.03702],[-2.71447,43.03696],[-2.71451,43.03688],[-2.71455,43.03673],[-2.71455,43.03656],[-2.71447,43.03611],[-2.71442,43.03596],[-2.71436,43.03587],[-2.71424,43.03572],[-2.7142,43.03559],[-2.71422,43.03548],[-2.71425,43.03528],[-2.71433,43.03518],[-2.71444,43.03509],[-2.71448,43.03502],[-2.71445,43.03495],[-2.71437,43.03487],[-2.71436,43.03477],[-2.71438,43.03466],[-2.7145,43.0345],[-2.71463,43.03442],[-2.71484,43.03436],[-2.71513,43.03434],[-2.71528,43.03429],[-2.71534,43.03424],[-2.71537,43.03416],[-2.71538,43.03408],[-2.71533,43.03401],[-2.71518,43.03386],[-2.71516,43.0338],[-2.7152,43.03371],[-2.71523,43.03359],[-2.71522,43.03354],[-2.71517,43.03334],[-2.71515,43.03314],[-2.71517,43.03302],[-2.71528,43.0328],[-2.71536,43.03265],[-2.71547,43.03255],[-2.71563,43.03249],[-2.71577,43.03245],[-2.7159,43.03244],[-2.71603,43.03247],[-2.7162,43.03255],[-2.7163,43.03259],[-2.71643,43.03257],[-2.71654,43.03254],[-2.71663,43.03252],[-2.71681,43.03253],[-2.7169,43.03253],[-2.71697,43.03252],[-2.71701,43.03249],[-2.71704,43.03239],[-2.71705,43.03224],[-2.71708,43.03219],[-2.71715,43.03214],[-2.71732,43.03208],[-2.71755,43.03204],[-2.71793,43.03191],[-2.71818,43.03187],[-2.71823,43.03187],[-2.71829,43.03183],[-2.71833,43.03176],[-2.71833,43.03174],[-2.71826,43.03166],[-2.71807,43.03152],[-2.71804,43.03148],[-2.71803,43.03135],[-2.71806,43.03119],[-2.71808,43.03099],[-2.71805,43.0309],[-2.71796,43.03071],[-2.71792,43.0306],[-2.71785,43.03051],[-2.71779,43.03041],[-2.71778,43.0303],[-2.71782,43.03022],[-2.71794,43.03013],[-2.718,43.03006],[-2.71808,43.02982],[-2.71815,43.02972],[-2.71822,43.02958],[-2.7184,43.02935],[-2.71848,43.02918]]}},{"type":"Feature","properties":{"id":338596542,"highway":"path"},"geometry":{"type":"LineString","coordinates":[[-2.72321,43.03798],[-2.72308,43.03802],[-2.72305,43.03805],[-2.72288,43.03819],[-2.72266,43.03837],[-2.72246,43.03858],[-2.72228,43.03873],[-2.72206,43.0388],[-2.72186,43.03889],[-2.72182,43.039],[-2.72187,43.03912],[-2.72187,43.03923],[-2.7219,43.03943],[-2.72194,43.03969],[-2.72175,43.03979],[-2.72173,43.03997],[-2.7218,43.04015],[-2.72184,43.04033],[-2.72181,43.04044],[-2.72174,43.04053],[-2.72169,43.04058],[-2.72151,43.04065],[-2.72147,43.04068],[-2.72144,43.04078],[-2.72136,43.04085],[-2.72124,43.04106],[-2.72122,43.04113],[-2.72128,43.04122]]}},{"type":"Feature","properties":{"id":338597186,"highway":"track"},"geometry":{"type":"LineString","coordinates":[[-2.71034,43.04008],[-2.71036,43.04022],[-2.7104,43.04036],[-2.71044,43.04055],[-2.71053,43.04067],[-2.71069,43.04073],[-2.71086,43.04078],[-2.71109,43.04098],[-2.71125,43.04119],[-2.71144,43.04142],[-2.71159,43.04161],[-2.71175,43.04179],[-2.71188,43.04186],[-2.71223,43.04195],[-2.71243,43.04204],[-2.71244,43.04212],[-2.71251,43.04225],[-2.71257,43.04241],[-2.71263,43.04259],[-2.71268,43.04269],[-2.71275,43.04277],[-2.7128,43.04288],[-2.7128,43.04301],[-2.71291,43.04317],[-2.71302,43.04335],[-2.71313,43.04345],[-2.71331,43.04361],[-2.71342,43.04366],[-2.7136,43.04363],[-2.71386,43.04357],[-2.71408,43.0435],[-2.71432,43.04344],[-2.71455,43.04344],[-2.71474,43.04346],[-2.71499,43.04349],[-2.71525,43.04348],[-2.71549,43.04344],[-2.71564,43.04337],[-2.71578,43.04332]]}},{"type":"Feature","properties":{"id":339559012,"highway":"track","nombre":"Ipiñaburu auzoa"},"geometry":{"type":"LineString","coordinates":[[-2.74493,43.06747],[-2.74499,43.06736],[-2.74508,43.06723],[-2.74513,43.06716],[-2.74534,43.06703],[-2.7455,43.06693],[-2.74571,43.06685],[-2.74596,43.06674],[-2.74613,43.06668],[-2.74628,43.06662],[-2.74648,43.06655],[-2.7466,43.06649],[-2.74674,43.06641],[-2.74686,43.06637],[-2.74697,43.06633],[-2.74718,43.06626],[-2.74727,43.06624],[-2.74735,43.06618],[-2.74748,43.06611],[-2.74763,43.06602],[-2.7478,43.06594],[-2.74798,43.06588],[-2.74815,43.06581],[-2.74831,43.06574],[-2.7485,43.06567],[-2.7487,43.06559],[-2.74886,43.06549],[-2.74896,43.06543],[-2.74908,43.06536],[-2.74926,43.06532],[-2.74945,43.0653],[-2.74958,43.06529],[-2.74964,43.06527],[-2.74972,43.06518],[-2.74982,43.06511],[-2.74989,43.06501],[-2.74998,43.06487],[-2.75002,43.06474],[-2.75003,43.06467],[-2.75007,43.06455],[-2.75014,43.06439],[-2.75017,43.06431],[-2.75025,43.06424],[-2.75032,43.06419]]}},{"type":"Feature","properties":{"id":339559013,"highway":"track","puente":"yes"},"geometry":{"type":"LineString","coordinates":[[-2.75032,43.06419],[-2.75043,43.06417]]}},{"type":"Feature","properties":{"id":339559014,"highway":"track"},"geometry":{"type":"LineString","coordinates":[[-2.75043,43.06417],[-2.75052,43.06416],[-2.75061,43.06424],[-2.75065,43.0643],[-2.75066,43.06435]]}},{"type":"Feature","properties":{"id":339559015,"highway":"track"},"geometry":{"type":"LineString","coordinates":[[-2.74842,43.05127],[-2.74823,43.05127],[-2.74801,43.05118],[-2.74772,43.05084],[-2.74762,43.05076],[-2.7475,43.05075],[-2.74744,43.05082],[-2.74743,43.051],[-2.7474,43.05131],[-2.74736,43.05158],[-2.74734,43.05174],[-2.74734,43.05183],[-2.74746,43.0522],[-2.74757,43.05248],[-2.7477,43.05269],[-2.74782,43.05282],[-2.74792,43.05285],[-2.74807,43.05285],[-2.7482,43.05282],[-2.74833,43.0528],[-2.74847,43.05274],[-2.74858,43.05271],[-2.74872,43.0527],[-2.74895,43.05265],[-2.74907,43.05263]]}},{"type":"Feature","properties":{"id":339559016,"highway":"track"},"geometry":{"type":"LineString","coordinates":[[-2.74909,43.05329],[-2.74914,43.05329],[-2.74923,43.05333],[-2.74934,43.05342],[-2.74945,43.05346],[-2.74961,43.05356],[-2.74985,43.05375],[-2.75002,43.05389],[-2.75022,43.05401],[-2.75042,43.05414],[-2.75059,43.05425],[-2.75077,43.05436],[-2.75093,43.05446],[-2.75105,43.05454],[-2.75118,43.05461],[-2.75143,43.05463],[-2.75153,43.05458]]}},{"type":"Feature","properties":{"id":339559018,"highway":"track"},"geometry":{"type":"LineString","coordinates":[[-2.74782,43.05282],[-2.74789,43.05288],[-2.74795,43.05297],[-2.74806,43.05323],[-2.74811,43.05336],[-2.74815,43.05342],[-2.74821,43.05342],[-2.74829,43.0534],[-2.74839,43.05339],[-2.74851,43.05338],[-2.74866,43.05337],[-2.74874,43.05336],[-2.74886,43.05336],[-2.74892,43.05334],[-2.749,43.05331],[-2.74903,43.0533],[-2.74909,43.05329]]}},{"type":"Feature","properties":{"id":339559019,"highway":"track"},"geometry":{"type":"LineString","coordinates":[[-2.74841,43.05124],[-2.74836,43.05125],[-2.7483,43.05126],[-2.74819,43.05124],[-2.74811,43.05122],[-2.74805,43.05118],[-2.74798,43.05111],[-2.74787,43.05099],[-2.74778,43.05089],[-2.74763,43.05077],[-2.74759,43.05075],[-2.74755,43.05075],[-2.7475,43.05076],[-2.74747,43.05078],[-2.74744,43.0509],[-2.74743,43.051],[-2.74742,43.05107],[-2.7474,43.05121],[-2.74738,43.05134],[-2.74736,43.05144],[-2.74736,43.05159],[-2.74735,43.05172],[-2.74736,43.05181],[-2.74738,43.05191],[-2.74744,43.05208],[-2.74748,43.05222],[-2.74753,43.05235],[-2.74758,43.05248],[-2.74765,43.05259],[-2.74773,43.0527],[-2.74782,43.0528],[-2.74792,43.05293],[-2.74794,43.05296],[-2.74797,43.05304],[-2.74803,43.05315],[-2.74808,43.05327],[-2.74815,43.05342],[-2.74822,43.05356],[-2.74829,43.05369],[-2.74837,43.05384],[-2.74846,43.054],[-2.74853,43.0541],[-2.74859,43.05422],[-2.7486,43.05427],[-2.74857,43.05434],[-2.74855,43.05439],[-2.74851,43.05441],[-2.74839,43.05443],[-2.74828,43.05442],[-2.74808,43.05439],[-2.74769,43.05437],[-2.7475,43.05436],[-2.74729,43.05436],[-2.74706,43.05435],[-2.74685,43.05431],[-2.74672,43.05425],[-2.7466,43.05419],[-2.74651,43.05415],[-2.74638,43.05409],[-2.7463,43.05404],[-2.74614,43.05394],[-2.74611,43.05393],[-2.74606,43.05392]]}},{"type":"Feature","properties":{"id":339559020,"highway":"track"},"geometry":{"type":"LineString","coordinates":[[-2.74718,43.05307],[-2.74724,43.0532],[-2.7473,43.05334],[-2.74731,43.05347],[-2.7473,43.05356],[-2.74727,43.0537],[-2.74723,43.05378],[-2.74716,43.05385],[-2.74698,43.0539],[-2.74683,43.05394],[-2.74666,43.05397],[-2.74654,43.05396],[-2.74648,43.05395],[-2.74643,43.05391],[-2.74641,43.05387],[-2.74642,43.0538],[-2.74644,43.05373],[-2.74645,43.05366],[-2.74643,43.05363],[-2.74638,43.0536],[-2.74632,43.05359],[-2.74628,43.0536],[-2.74622,43.05362],[-2.7462,43.05366],[-2.74615,43.05374],[-2.74612,43.05384],[-2.74609,43.05389],[-2.74606,43.05392]]}},{"type":"Feature","properties":{"id":339559021,"highway":"track","nombre":"Ipiñaburu auzoa"},"geometry":{"type":"LineString","coordinates":[[-2.74606,43.05392],[-2.74604,43.05394],[-2.74602,43.05396],[-2.74599,43.05401],[-2.74599,43.05406],[-2.74599,43.0541],[-2.74605,43.05423],[-2.74609,43.05436],[-2.7461,43.05443],[-2.74612,43.0545],[-2.74615,43.05455],[-2.74623,43.05463],[-2.74634,43.05474],[-2.74639,43.05481],[-2.74643,43.05488],[-2.74654,43.05499],[-2.74667,43.05506],[-2.74686,43.05515],[-2.747,43.05523],[-2.74715,43.05536],[-2.74724,43.05552],[-2.74725,43.05561],[-2.74727,43.05574],[-2.7473,43.05583],[-2.74738,43.05594],[-2.74742,43.056],[-2.74743,43.05604],[-2.74743,43.05608],[-2.74743,43.05613],[-2.74742,43.0562],[-2.74739,43.05625],[-2.74737,43.05631],[-2.74735,43.05637],[-2.74733,43.05646],[-2.74734,43.05653],[-2.7474,43.0567],[-2.74747,43.05683],[-2.74754,43.05691],[-2.74764,43.05696],[-2.74777,43.05704],[-2.74788,43.05714],[-2.74801,43.05729],[-2.74814,43.05739],[-2.74823,43.05747],[-2.7483,43.05753]]}},{"type":"Feature","properties":{"id":339559023,"highway":"track"},"geometry":{"type":"LineString","coordinates":[[-2.75382,43.05633],[-2.75372,43.05635],[-2.75362,43.05637],[-2.75349,43.05637],[-2.75319,43.05623],[-2.75297,43.0561],[-2.7528,43.05599],[-2.75267,43.0559],[-2.75254,43.05589],[-2.75244,43.05596],[-2.75248,43.05609],[-2.75268,43.05646],[-2.75276,43.05668],[-2.75278,43.0569],[-2.75285,43.05712],[-2.75297,43.05734],[-2.75314,43.05759],[-2.7533,43.05782],[-2.75342,43.05792],[-2.75356,43.05799],[-2.7537,43.05807],[-2.75378,43.05812],[-2.7538,43.05821],[-2.7538,43.05851],[-2.75377,43.05877],[-2.75368,43.05902],[-2.75359,43.05926],[-2.75352,43.0595],[-2.75338,43.05947],[-2.7532,43.05947],[-2.75313,43.05945],[-2.75287,43.05946],[-2.75276,43.05951],[-2.75265,43.05958],[-2.75266,43.05968],[-2.75275,43.05977],[-2.75296,43.05992],[-2.75315,43.06001],[-2.75344,43.06009],[-2.75365,43.06016],[-2.75371,43.06022],[-2.75372,43.06027],[-2.75386,43.06038],[-2.75397,43.06063],[-2.75398,43.06087],[-2.75404,43.06094],[-2.75419,43.06103],[-2.75445,43.06137],[-2.75456,43.06161],[-2.75461,43.06186],[-2.75468,43.06204],[-2.75469,43.06216],[-2.75463,43.06241],[-2.75467,43.0625],[-2.75479,43.06267],[-2.75489,43.06288],[-2.75497,43.06308],[-2.755,43.06332],[-2.75497,43.06352],[-2.75495,43.06369],[-2.75487,43.06384],[-2.7548,43.06393],[-2.75473,43.06399],[-2.75467,43.06412],[-2.75466,43.06429],[-2.75463,43.06437],[-2.75453,43.06456],[-2.75448,43.0647],[-2.7545,43.06482],[-2.75452,43.06489],[-2.75463,43.06498],[-2.75488,43.06516],[-2.75515,43.06531],[-2.75534,43.06545],[-2.75537,43.0655],[-2.75538,43.06556],[-2.75537,43.06559],[-2.75536,43.06562],[-2.75528,43.06574],[-2.75513,43.06586],[-2.75497,43.06593],[-2.75487,43.066],[-2.75486,43.06606],[-2.75488,43.0661],[-2.75499,43.06611],[-2.75513,43.0661],[-2.75533,43.06603],[-2.75552,43.06593],[-2.75569,43.06582],[-2.75583,43.0657],[-2.75583,43.0656],[-2.75583,43.0655],[-2.75575,43.0653],[-2.75574,43.06524],[-2.75577,43.06513],[-2.75582,43.06501],[-2.75591,43.06486],[-2.75605,43.06461],[-2.75612,43.06451],[-2.7562,43.06438],[-2.75627,43.06426],[-2.75631,43.06425],[-2.75635,43.06427],[-2.75637,43.06432],[-2.75635,43.06448],[-2.75632,43.06463],[-2.75633,43.06482],[-2.75634,43.06499],[-2.75641,43.06513],[-2.75651,43.0653],[-2.75661,43.06546],[-2.75672,43.06558],[-2.75685,43.06572],[-2.757,43.06584],[-2.75715,43.06595],[-2.7572,43.06603],[-2.75723,43.06614]]}},{"type":"Feature","properties":{"id":339559026,"highway":"path"},"geometry":{"type":"LineString","coordinates":[[-2.77463,43.05273],[-2.77438,43.05292],[-2.77413,43.05314],[-2.77403,43.05326],[-2.77388,43.05341],[-2.77384,43.0535],[-2.77383,43.05365],[-2.77396,43.05384],[-2.77409,43.05404],[-2.77417,43.05427],[-2.77421,43.05443],[-2.77453,43.05474],[-2.77475,43.05491],[-2.77488,43.05503]]}},{"type":"Feature","properties":{"id":342986643,"highway":"track"},"geometry":{"type":"LineString","coordinates":[[-2.73069,43.02445],[-2.73063,43.02445],[-2.73044,43.02448],[-2.7303,43.0245]]}},{"type":"Feature","properties":{"id":344365801,"highway":"track","nombre":"Altzusta auzoa"},"geometry":{"type":"LineString","coordinates":[[-2.73835,43.08346],[-2.73852,43.08384],[-2.73859,43.08429],[-2.73877,43.08469],[-2.73888,43.0848],[-2.74104,43.08591],[-2.74173,43.08622],[-2.74188,43.08636],[-2.7422,43.08693],[-2.74239,43.08758],[-2.74232,43.0877],[-2.74199,43.08778],[-2.74178,43.08792],[-2.7416,43.0881],[-2.74156,43.08814],[-2.74157,43.08819],[-2.7416,43.08821],[-2.74199,43.0882],[-2.74279,43.08825],[-2.74323,43.08842],[-2.74376,43.08868],[-2.74486,43.089],[-2.74554,43.08913],[-2.74683,43.08976],[-2.74699,43.08981],[-2.7471,43.08979]]}},{"type":"Feature","properties":{"id":363696878,"highway":"path"},"geometry":{"type":"LineString","coordinates":[[-2.69851,43.05347],[-2.69847,43.05353],[-2.69818,43.05368],[-2.69785,43.05397],[-2.69748,43.05441],[-2.69726,43.05468],[-2.69716,43.05484],[-2.69689,43.05496],[-2.69642,43.05522],[-2.69635,43.05531],[-2.69633,43.0556],[-2.6964,43.0557],[-2.69648,43.05576],[-2.69653,43.0558],[-2.69659,43.05581],[-2.69664,43.05584]]}},{"type":"Feature","properties":{"id":363696879,"highway":"track"},"geometry":{"type":"LineString","coordinates":[[-2.70001,43.05325],[-2.70027,43.05346],[-2.70051,43.05357],[-2.70077,43.05375],[-2.70077,43.05377],[-2.70078,43.05385],[-2.7006,43.05475],[-2.70044,43.0554],[-2.70024,43.05613],[-2.70013,43.05646],[-2.70012,43.05649],[-2.69999,43.057],[-2.69986,43.05727],[-2.69982,43.05733]]}},{"type":"Feature","properties":{"id":364522721,"highway":"track"},"geometry":{"type":"LineString","coordinates":[[-2.75099,43.02776],[-2.751,43.02767],[-2.75096,43.02745],[-2.75092,43.02724],[-2.7509,43.02719],[-2.75065,43.02697],[-2.75056,43.02687]]}},{"type":"Feature","properties":{"id":375402943,"highway":"track"},"geometry":{"type":"MultiLineString","coordinates":[[[-2.6988,43.06605],[-2.69867,43.066],[-2.69858,43.06597],[-2.69839,43.06589]],[[-2.69701,43.06535],[-2.69685,43.06513],[-2.69679,43.06503],[-2.69668,43.06483],[-2.69649,43.06446],[-2.6962,43.06395],[-2.69587,43.06326],[-2.69572,43.06298],[-2.69563,43.06276],[-2.69553,43.06249],[-2.69543,43.06232],[-2.69531,43.06211],[-2.69517,43.06186],[-2.69503,43.06161],[-2.69488,43.06131],[-2.6947,43.06095],[-2.69459,43.06069],[-2.69455,43.06056],[-2.69452,43.0604],[-2.69447,43.0603],[-2.69433,43.06017],[-2.69413,43.05999],[-2.69401,43.0599]],[[-2.69365,43.05915],[-2.69352,43.05881],[-2.69344,43.05859],[-2.69339,43.05853],[-2.69335,43.05848],[-2.69332,43.05847]]]}},{"type":"Feature","properties":{"id":376642587,"highway":"track","oneway":"no"},"geometry":{"type":"LineString","coordinates":[[-2.71344,43.05032],[-2.71329,43.05038],[-2.71311,43.05048]]}},{"type":"Feature","properties":{"id":376803648,"highway":"track","nombre":"Altzusta auzoa","oneway":"no"},"geometry":{"type":"LineString","coordinates":[[-2.72099,43.04989],[-2.72088,43.04985],[-2.72076,43.04979],[-2.72051,43.04964],[-2.72,43.04937],[-2.71987,43.04932],[-2.71978,43.04931],[-2.71973,43.0493],[-2.71963,43.04929],[-2.71952,43.0493],[-2.71914,43.04936],[-2.71903,43.04936],[-2.71888,43.04931]]}},{"type":"Feature","properties":{"id":376803649,"highway":"track","oneway":"no"},"geometry":{"type":"LineString","coordinates":[[-2.71553,43.04097],[-2.71563,43.0412],[-2.71586,43.04135],[-2.71627,43.04149],[-2.71651,43.04162],[-2.71668,43.04189],[-2.71676,43.04212],[-2.71666,43.04228],[-2.71661,43.04243],[-2.71662,43.04297],[-2.71675,43.04324],[-2.71689,43.04357],[-2.71688,43.04393],[-2.71683,43.04407],[-2.71668,43.04419],[-2.71652,43.04432],[-2.71619,43.04498],[-2.71607,43.0452],[-2.71605,43.04553],[-2.71602,43.04604],[-2.71602,43.04642],[-2.71595,43.04667],[-2.71591,43.04685],[-2.71594,43.04707],[-2.71603,43.04741],[-2.71604,43.04751],[-2.71603,43.04793],[-2.71605,43.04813],[-2.71603,43.0482],[-2.71598,43.04827],[-2.71592,43.04835],[-2.71574,43.04846],[-2.71548,43.04856],[-2.7152,43.04858],[-2.71481,43.04867],[-2.71463,43.04873],[-2.71449,43.04884],[-2.71431,43.04903],[-2.71412,43.04917],[-2.71393,43.04928],[-2.71384,43.04935],[-2.71378,43.04944],[-2.71372,43.04956],[-2.71367,43.04968],[-2.71355,43.04986],[-2.71346,43.04999],[-2.71338,43.05022],[-2.71329,43.05038]]}},{"type":"Feature","properties":{"id":395264358,"highway":"path"},"geometry":{"type":"LineString","coordinates":[[-2.72765,43.02445],[-2.72763,43.0244],[-2.72754,43.02427],[-2.72743,43.02427],[-2.72742,43.02423]]}},{"type":"Feature","properties":{"id":395266988,"highway":"path"},"geometry":{"type":"LineString","coordinates":[[-2.75824,43.02828],[-2.75824,43.02828],[-2.75833,43.02836],[-2.75838,43.0284],[-2.75857,43.02852],[-2.75866,43.02867],[-2.75855,43.02887],[-2.75856,43.02905],[-2.75848,43.02922],[-2.75854,43.02945],[-2.7585,43.0296],[-2.75854,43.02988],[-2.75853,43.03019],[-2.7585,43.03043],[-2.75838,43.0305],[-2.75811,43.03054]]}},{"type":"Feature","properties":{"id":408186938,"highway":"track"},"geometry":{"type":"LineString","coordinates":[[-2.79051,43.07528],[-2.79056,43.0751],[-2.79061,43.07487],[-2.79065,43.07476],[-2.79071,43.07468],[-2.79075,43.0746],[-2.79077,43.0745],[-2.79077,43.07439],[-2.79067,43.0741],[-2.79071,43.07408],[-2.79084,43.07416],[-2.79103,43.07428],[-2.79107,43.07434]]}},{"type":"Feature","properties":{"id":408189798,"highway":"track"},"geometry":{"type":"LineString","coordinates":[[-2.78741,43.09156],[-2.78738,43.09138],[-2.78728,43.09107],[-2.78713,43.0908],[-2.78686,43.09032],[-2.78673,43.09008],[-2.7866,43.08991],[-2.7863,43.08964],[-2.78614,43.08951],[-2.78599,43.08941],[-2.78531,43.08906],[-2.78495,43.08884],[-2.78471,43.08868],[-2.78465,43.08863],[-2.78459,43.08854],[-2.78459,43.0884],[-2.78459,43.08803],[-2.78459,43.08789],[-2.78457,43.08778],[-2.78447,43.08759],[-2.78443,43.08748],[-2.78432,43.08737],[-2.7841,43.08723],[-2.78367,43.08697],[-2.78305,43.08662],[-2.78235,43.0862],[-2.78217,43.08605],[-2.78204,43.08586],[-2.782,43.08569]]}},{"type":"Feature","properties":{"id":408194336,"highway":"track"},"geometry":{"type":"LineString","coordinates":[[-2.7571,43.06619],[-2.75708,43.06624],[-2.75701,43.06629],[-2.75698,43.06633],[-2.75698,43.06639]]}},{"type":"Feature","properties":{"id":408194337,"highway":"track"},"geometry":{"type":"LineString","coordinates":[[-2.75695,43.06654],[-2.75689,43.06665],[-2.75688,43.06674],[-2.75689,43.06681],[-2.75691,43.06687],[-2.75694,43.0669],[-2.75698,43.06691]]}},{"type":"Feature","properties":{"id":408194338,"highway":"track","puente":"yes"},"geometry":{"type":"LineString","coordinates":[[-2.75698,43.06639],[-2.75695,43.06654]]}},{"type":"Feature","properties":{"id":408194343,"highway":"track","nombre":"Ipiñaburu auzoa"},"geometry":{"type":"LineString","coordinates":[[-2.75698,43.06691],[-2.75703,43.0669],[-2.75706,43.06684],[-2.75714,43.06665],[-2.7572,43.06658],[-2.75725,43.06655],[-2.75732,43.06654],[-2.75737,43.06655],[-2.75753,43.06658],[-2.75767,43.0666],[-2.75805,43.06663],[-2.75814,43.06662],[-2.75831,43.06661],[-2.75872,43.06659],[-2.75889,43.0666],[-2.75909,43.06665],[-2.75928,43.06668],[-2.75945,43.06674],[-2.75961,43.06676],[-2.75992,43.06673],[-2.76008,43.06669],[-2.76036,43.06669],[-2.76073,43.06671],[-2.76102,43.06673],[-2.76175,43.06667],[-2.76205,43.06665],[-2.76221,43.06661],[-2.76236,43.06658],[-2.76263,43.06651],[-2.76293,43.06641],[-2.76315,43.06632],[-2.76357,43.06618],[-2.76382,43.0661],[-2.76399,43.06606],[-2.76412,43.06605],[-2.76422,43.06605],[-2.76436,43.06606],[-2.7645,43.06609],[-2.76469,43.06614],[-2.76515,43.06629],[-2.76536,43.06634],[-2.7656,43.06635],[-2.76587,43.06635],[-2.76602,43.06634],[-2.76621,43.06634],[-2.76651,43.06631],[-2.76683,43.06633],[-2.76709,43.06632],[-2.76735,43.06632],[-2.76776,43.06641],[-2.76811,43.06652],[-2.7684,43.06654],[-2.76851,43.06652],[-2.76871,43.06652],[-2.76875,43.06649],[-2.76884,43.06639],[-2.76892,43.06631],[-2.76897,43.06627],[-2.76906,43.06622],[-2.76911,43.06614],[-2.76911,43.06609],[-2.76905,43.06601],[-2.76892,43.06587],[-2.76885,43.06579],[-2.76881,43.0657],[-2.76875,43.06557],[-2.7687,43.0655],[-2.76852,43.06528],[-2.76842,43.06516],[-2.7683,43.06507],[-2.76814,43.06497],[-2.76796,43.06488],[-2.76784,43.0648],[-2.76771,43.06469],[-2.76756,43.06457],[-2.76737,43.06448],[-2.76722,43.06441],[-2.76716,43.06436],[-2.76715,43.06431],[-2.76721,43.06425],[-2.76733,43.06423],[-2.7675,43.06424],[-2.76785,43.06429],[-2.76821,43.06435],[-2.76837,43.06436],[-2.76863,43.06429],[-2.76893,43.06424],[-2.76924,43.06422],[-2.76961,43.06419],[-2.77012,43.06413]]}},{"type":"Feature","properties":{"id":409078749,"highway":"path"},"geometry":{"type":"LineString","coordinates":[[-2.76759,43.02701],[-2.76732,43.02711],[-2.76708,43.02721],[-2.76685,43.02738],[-2.76659,43.02764],[-2.7662,43.02795],[-2.76574,43.02823],[-2.76528,43.02855],[-2.76502,43.02889],[-2.76483,43.02923],[-2.76477,43.02939],[-2.76472,43.02961],[-2.76466,43.02987],[-2.7646,43.03013],[-2.76455,43.03028],[-2.76452,43.03045],[-2.76452,43.03054],[-2.76466,43.03078],[-2.76479,43.03092],[-2.76497,43.0311],[-2.7651,43.0312],[-2.76524,43.03128],[-2.76542,43.03133],[-2.76564,43.03141],[-2.76585,43.03156],[-2.76608,43.0317],[-2.7662,43.03185],[-2.76637,43.032],[-2.76654,43.03219],[-2.76675,43.03242],[-2.76677,43.0326],[-2.76684,43.03276],[-2.76692,43.03289],[-2.76702,43.03302],[-2.76715,43.03319],[-2.76725,43.03347],[-2.7674,43.03359],[-2.76757,43.03384],[-2.76766,43.03396],[-2.76783,43.03402],[-2.76802,43.03406],[-2.76823,43.03428],[-2.76852,43.03449],[-2.76874,43.0347],[-2.76895,43.03485],[-2.76906,43.03496],[-2.76911,43.03513],[-2.7692,43.03528],[-2.76912,43.03547],[-2.76898,43.0356],[-2.76882,43.03577]]}},{"type":"Feature","properties":{"id":417930122,"highway":"path","nombre":"Igitaia bidea"},"geometry":{"type":"LineString","coordinates":[[-2.77502,43.03124],[-2.7749,43.03142],[-2.77459,43.03165],[-2.77457,43.03169],[-2.77437,43.03197],[-2.77433,43.03221],[-2.77438,43.03238],[-2.77448,43.0326],[-2.77464,43.03281],[-2.77487,43.03297],[-2.77507,43.0332],[-2.7752,43.03344],[-2.77531,43.0335],[-2.77551,43.03355],[-2.77565,43.03363],[-2.77589,43.03379],[-2.7761,43.03385],[-2.77623,43.03393],[-2.77647,43.03405],[-2.77682,43.03424],[-2.77691,43.03426],[-2.77694,43.03431],[-2.77698,43.03434],[-2.77703,43.03434],[-2.77708,43.03436],[-2.77716,43.03444],[-2.77754,43.03461],[-2.77761,43.03463],[-2.77779,43.03471],[-2.77799,43.03491],[-2.77815,43.03508],[-2.77848,43.03538],[-2.77862,43.03554],[-2.77876,43.03566],[-2.77878,43.03572],[-2.77884,43.03578],[-2.77881,43.03584],[-2.7786,43.03598],[-2.77839,43.03611],[-2.77827,43.03619],[-2.7782,43.03632],[-2.77819,43.03645],[-2.77826,43.03657],[-2.77832,43.03666],[-2.77832,43.03689],[-2.7783,43.0371],[-2.77835,43.03736],[-2.77835,43.03747],[-2.77828,43.03758],[-2.77811,43.03778],[-2.77791,43.0379],[-2.77781,43.03795],[-2.77767,43.038]]}},{"type":"Feature","properties":{"id":417930127,"highway":"path"},"geometry":{"type":"LineString","coordinates":[[-2.78137,43.03394],[-2.78108,43.03407],[-2.78096,43.03424],[-2.78085,43.0345]]}},{"type":"Feature","properties":{"id":439218600,"highway":"path"},"geometry":{"type":"LineString","coordinates":[[-2.7806,43.03362],[-2.78065,43.03366],[-2.78104,43.03385],[-2.78137,43.03394]]}},{"type":"Feature","properties":{"id":443386534,"highway":"path"},"geometry":{"type":"LineString","coordinates":[[-2.79124,43.05319],[-2.79121,43.05325],[-2.79122,43.05336],[-2.7912,43.0534],[-2.79117,43.05344],[-2.79105,43.05346],[-2.7908,43.05349],[-2.79068,43.0535],[-2.79063,43.05351],[-2.79059,43.0535],[-2.79048,43.05347],[-2.79045,43.05343],[-2.79042,43.05337],[-2.79039,43.05334],[-2.79035,43.05333],[-2.79031,43.05335],[-2.79026,43.05342],[-2.79023,43.05342],[-2.79013,43.05337],[-2.79002,43.05332],[-2.78999,43.05329],[-2.78998,43.05324],[-2.79002,43.05316],[-2.79003,43.05312],[-2.79006,43.05308],[-2.79011,43.05297],[-2.79015,43.05285],[-2.79014,43.05277],[-2.79012,43.05266],[-2.79012,43.05257],[-2.79008,43.05247],[-2.79007,43.05239],[-2.79004,43.05234],[-2.79,43.0523],[-2.78993,43.05227],[-2.78982,43.05226],[-2.78973,43.05225],[-2.78955,43.05229],[-2.78951,43.0523],[-2.78937,43.05229],[-2.78929,43.05229],[-2.78921,43.05227],[-2.78914,43.05231],[-2.78911,43.05238],[-2.78908,43.05241],[-2.78905,43.05234],[-2.78898,43.05231],[-2.78887,43.0523],[-2.7888,43.05231],[-2.78869,43.05234],[-2.78859,43.05246],[-2.78848,43.05249],[-2.78832,43.05248],[-2.78825,43.05247],[-2.78814,43.05241],[-2.78809,43.05239],[-2.78805,43.05235],[-2.788,43.05231],[-2.78788,43.05223],[-2.78782,43.05215],[-2.7877,43.05208],[-2.78753,43.05202],[-2.78746,43.05202],[-2.78742,43.05199],[-2.78725,43.05197],[-2.78702,43.05193],[-2.78677,43.05192],[-2.78668,43.05191],[-2.78665,43.05189],[-2.78664,43.05184],[-2.78663,43.05172],[-2.78665,43.05168],[-2.78667,43.05162],[-2.78671,43.0516],[-2.7867,43.05157],[-2.78665,43.05156],[-2.78657,43.05155],[-2.78647,43.05157],[-2.78639,43.05153],[-2.78632,43.05148],[-2.7862,43.05145],[-2.78607,43.05139],[-2.78592,43.05135],[-2.78582,43.0513],[-2.78566,43.05121],[-2.78567,43.05114],[-2.78563,43.05104],[-2.78563,43.05099],[-2.78558,43.05097],[-2.78548,43.05097],[-2.78541,43.05096],[-2.78532,43.05088],[-2.78526,43.05083],[-2.78518,43.05075],[-2.78513,43.05071],[-2.78509,43.05065],[-2.78505,43.05065],[-2.78493,43.05068],[-2.78478,43.05071],[-2.78469,43.05072],[-2.78464,43.05072],[-2.78458,43.0507],[-2.78448,43.05071],[-2.78438,43.05074],[-2.78427,43.05075],[-2.78419,43.0508],[-2.78411,43.0508],[-2.78398,43.05076],[-2.78387,43.05074],[-2.78376,43.05073],[-2.78367,43.05074],[-2.78361,43.05076],[-2.7835,43.05083],[-2.78349,43.05088],[-2.78344,43.05092],[-2.78331,43.05088],[-2.78319,43.05088],[-2.78313,43.05085],[-2.78309,43.0508],[-2.78298,43.05078],[-2.78291,43.05077],[-2.78273,43.05067],[-2.78264,43.05062],[-2.78256,43.05053],[-2.78254,43.0505],[-2.78245,43.05052],[-2.78234,43.05059],[-2.78225,43.05063],[-2.78219,43.05071],[-2.78221,43.05079],[-2.78216,43.05081],[-2.78219,43.05089],[-2.78218,43.05091],[-2.78206,43.05092],[-2.78204,43.05094],[-2.78197,43.05097],[-2.78191,43.05098],[-2.78194,43.05102],[-2.7819,43.05106],[-2.78188,43.0511],[-2.78176,43.05114],[-2.7817,43.05122],[-2.78167,43.05132],[-2.78161,43.05139],[-2.78149,43.05143],[-2.78139,43.05152],[-2.78135,43.05164],[-2.78123,43.05173],[-2.78121,43.05178],[-2.78113,43.05182],[-2.78099,43.0519],[-2.78079,43.052],[-2.7806,43.05204],[-2.78043,43.05212],[-2.7802,43.05221],[-2.77997,43.05228],[-2.77982,43.05235],[-2.77974,43.05243],[-2.7797,43.05262],[-2.77972,43.05276],[-2.77978,43.05288],[-2.77983,43.05301],[-2.77983,43.05309],[-2.77973,43.05317],[-2.77964,43.05325],[-2.77959,43.05328],[-2.77961,43.05334],[-2.7796,43.05341],[-2.77952,43.05352],[-2.77946,43.05358],[-2.7794,43.0536],[-2.7793,43.05357],[-2.77918,43.05356],[-2.7791,43.05357],[-2.77903,43.05362],[-2.77895,43.05366],[-2.77887,43.05366],[-2.77878,43.05363],[-2.77863,43.05359],[-2.7784,43.05363],[-2.77826,43.05373],[-2.7781,43.05383],[-2.778,43.05394],[-2.77795,43.05402],[-2.77804,43.05408],[-2.77814,43.05417],[-2.77815,43.05425],[-2.77817,43.05431]]}},{"type":"Feature","properties":{"id":443386536,"highway":"path"},"geometry":{"type":"LineString","coordinates":[[-2.76576,43.04416],[-2.76568,43.04428],[-2.7656,43.04445],[-2.76556,43.04456],[-2.76544,43.04469],[-2.76535,43.04481],[-2.76528,43.04497],[-2.7652,43.04518],[-2.76514,43.04535],[-2.76508,43.04547],[-2.76503,43.04559],[-2.7649,43.04582],[-2.76481,43.04598],[-2.76474,43.04621],[-2.76471,43.0465],[-2.76469,43.04681],[-2.76467,43.04712],[-2.76466,43.04727],[-2.76463,43.04734],[-2.76465,43.04743],[-2.76466,43.04751],[-2.76474,43.04766],[-2.76485,43.04779],[-2.76494,43.04789]]}},{"type":"Feature","properties":{"id":449233148,"highway":"path"},"geometry":{"type":"LineString","coordinates":[[-2.76419,43.04541],[-2.76412,43.04555],[-2.76407,43.04565],[-2.76394,43.04599],[-2.76399,43.04609],[-2.76387,43.04648],[-2.7637,43.04665],[-2.76357,43.04672],[-2.76339,43.04679],[-2.76325,43.04685],[-2.7631,43.04688]]}},{"type":"Feature","properties":{"id":449233154,"highway":"path"},"geometry":{"type":"LineString","coordinates":[[-2.76732,43.0409],[-2.76715,43.04092],[-2.76709,43.0409],[-2.76705,43.04092],[-2.76701,43.04095],[-2.76696,43.04095],[-2.76689,43.041],[-2.76683,43.04101],[-2.76677,43.041],[-2.76665,43.04101],[-2.76662,43.04101],[-2.76656,43.04103],[-2.76642,43.04099],[-2.76617,43.04109],[-2.76608,43.04115],[-2.76607,43.04118],[-2.7661,43.04122]]}},{"type":"Feature","properties":{"id":449233159,"highway":"path"},"geometry":{"type":"LineString","coordinates":[[-2.76839,43.03991],[-2.7683,43.03996],[-2.76826,43.04],[-2.76821,43.04001],[-2.76815,43.04001],[-2.76806,43.04],[-2.76796,43.04002],[-2.76788,43.04006],[-2.76772,43.04014],[-2.76757,43.04021],[-2.76737,43.04027],[-2.76717,43.04031],[-2.76692,43.04039],[-2.7668,43.04045],[-2.76669,43.0405],[-2.76665,43.04056],[-2.76659,43.04067],[-2.76658,43.04073],[-2.76645,43.04083],[-2.76636,43.04088],[-2.76626,43.04093],[-2.76618,43.04098],[-2.76609,43.04104],[-2.76603,43.0411]]}},{"type":"Feature","properties":{"id":449233165,"highway":"track"},"geometry":{"type":"LineString","coordinates":[[-2.71309,43.03091],[-2.7132,43.03107],[-2.7132,43.03114],[-2.71316,43.03121],[-2.71315,43.0313],[-2.71314,43.03135],[-2.71311,43.0314],[-2.71303,43.03145],[-2.71291,43.03148],[-2.71285,43.03152],[-2.71283,43.03157],[-2.71283,43.03165],[-2.71292,43.03187],[-2.713,43.03211],[-2.71302,43.03231],[-2.71306,43.03241],[-2.7131,43.0325],[-2.71311,43.03257],[-2.71308,43.03266],[-2.71307,43.03275],[-2.71319,43.03321],[-2.71331,43.03364],[-2.7134,43.03393],[-2.71356,43.03413],[-2.71368,43.03441],[-2.7137,43.03455],[-2.71372,43.03478],[-2.71379,43.03502],[-2.71388,43.03521],[-2.71402,43.03541],[-2.71409,43.03548],[-2.71413,43.03557],[-2.71419,43.03566],[-2.71424,43.03572]]}},{"type":"Feature","properties":{"id":449233173,"highway":"track"},"geometry":{"type":"LineString","coordinates":[[-2.72323,43.0271],[-2.72311,43.02707],[-2.72303,43.02706],[-2.72291,43.02708],[-2.7225,43.02717],[-2.7224,43.02721],[-2.72236,43.02725],[-2.72234,43.0273],[-2.72233,43.02737],[-2.72237,43.02746],[-2.72242,43.02756],[-2.72243,43.02763],[-2.72239,43.02767],[-2.72232,43.02768],[-2.72225,43.02765],[-2.72214,43.02753],[-2.72203,43.02745],[-2.72189,43.02741],[-2.72164,43.02736],[-2.72158,43.02734],[-2.72155,43.0273],[-2.72155,43.02725],[-2.72159,43.02721],[-2.72164,43.02719],[-2.72174,43.02718],[-2.72183,43.02715],[-2.72188,43.0271],[-2.72187,43.02704],[-2.72184,43.027],[-2.72174,43.02696],[-2.72156,43.02695]]}},{"type":"Feature","properties":{"id":449233174,"highway":"path"},"geometry":{"type":"LineString","coordinates":[[-2.7616,43.04399],[-2.7615,43.04402],[-2.76131,43.04405],[-2.76121,43.04406],[-2.76109,43.04405]]}},{"type":"Feature","properties":{"id":449233176,"highway":"track"},"geometry":{"type":"LineString","coordinates":[[-2.72311,43.02645],[-2.72319,43.02663],[-2.72325,43.02679],[-2.72327,43.02704]]}},{"type":"Feature","properties":{"id":449233185,"highway":"track"},"geometry":{"type":"LineString","coordinates":[[-2.75991,43.04443],[-2.76028,43.04467],[-2.76044,43.04479],[-2.76052,43.0449],[-2.76053,43.04503],[-2.76054,43.0451],[-2.76054,43.04514],[-2.76055,43.04519]]}},{"type":"Feature","properties":{"id":449233186,"highway":"path"},"geometry":{"type":"LineString","coordinates":[[-2.76543,43.04174],[-2.76529,43.04176],[-2.76524,43.04178],[-2.76522,43.0418],[-2.7652,43.04182],[-2.7652,43.04185],[-2.76517,43.04188],[-2.76509,43.0419]]}},{"type":"Feature","properties":{"id":453985469,"highway":"path"},"geometry":{"type":"LineString","coordinates":[[-2.74395,43.0422],[-2.7438,43.04217],[-2.7436,43.04215],[-2.74345,43.04212],[-2.74336,43.04213],[-2.7433,43.04212],[-2.74327,43.04208],[-2.74319,43.04206],[-2.74305,43.04205],[-2.74285,43.04203],[-2.74261,43.04204],[-2.74248,43.04204],[-2.74242,43.04204],[-2.74232,43.04201],[-2.74224,43.04197],[-2.74211,43.0419],[-2.74205,43.04186],[-2.74202,43.04183],[-2.74198,43.0418],[-2.74191,43.0418],[-2.74178,43.04179],[-2.74168,43.04182],[-2.74164,43.04185],[-2.74162,43.04184],[-2.74164,43.04179],[-2.74173,43.04171],[-2.74178,43.04163],[-2.74181,43.0416],[-2.74186,43.04157],[-2.74184,43.04153],[-2.7418,43.04146],[-2.74173,43.04134]]}},{"type":"Feature","properties":{"id":453985470,"highway":"track"},"geometry":{"type":"LineString","coordinates":[[-2.72946,43.05091],[-2.72926,43.0509],[-2.72891,43.05088],[-2.72878,43.05085],[-2.72839,43.05066],[-2.72826,43.05059],[-2.72809,43.05052],[-2.72782,43.05035],[-2.7277,43.05024],[-2.72759,43.05018],[-2.72741,43.05014],[-2.7271,43.05008],[-2.72687,43.05003],[-2.72662,43.04994],[-2.72642,43.04987],[-2.72617,43.04984],[-2.72588,43.04978],[-2.72576,43.04973],[-2.7256,43.04965],[-2.72544,43.04961],[-2.72525,43.04957],[-2.72508,43.0495],[-2.72492,43.04933],[-2.72488,43.04923],[-2.72489,43.04909],[-2.7248,43.04893],[-2.72466,43.04879],[-2.72441,43.04867],[-2.72413,43.04859],[-2.72392,43.04856],[-2.72373,43.04858],[-2.72354,43.04862],[-2.72327,43.04862],[-2.72298,43.04863],[-2.72281,43.04865],[-2.72259,43.04868],[-2.72249,43.04869]]}},{"type":"Feature","properties":{"id":453985471,"highway":"path"},"geometry":{"type":"LineString","coordinates":[[-2.71978,43.04931],[-2.71965,43.04946],[-2.71906,43.05017],[-2.71889,43.05025],[-2.71825,43.05038],[-2.71775,43.05045],[-2.71674,43.05026],[-2.71613,43.0501],[-2.71579,43.05008],[-2.71558,43.0501],[-2.71535,43.05016],[-2.71524,43.05029],[-2.71511,43.05031],[-2.71482,43.0504],[-2.71456,43.0505],[-2.71383,43.05088],[-2.71332,43.05118],[-2.7132,43.05119]]}},{"type":"Feature","properties":{"id":453988135,"highway":"path"},"geometry":{"type":"LineString","coordinates":[[-2.76055,43.04519],[-2.76025,43.04512],[-2.75998,43.045],[-2.75986,43.04501],[-2.75956,43.04505],[-2.75902,43.04501]]}},{"type":"Feature","properties":{"id":453988136,"highway":"path"},"geometry":{"type":"LineString","coordinates":[[-2.76677,43.04226],[-2.76684,43.04236],[-2.76688,43.04239],[-2.76689,43.0424]]}},{"type":"Feature","properties":{"id":453988137,"highway":"path"},"geometry":{"type":"LineString","coordinates":[[-2.76939,43.03804],[-2.76942,43.03793],[-2.76945,43.03776],[-2.76948,43.03767],[-2.76951,43.03761],[-2.7696,43.03752],[-2.76969,43.03746],[-2.76979,43.0374],[-2.76994,43.03734],[-2.77005,43.0373],[-2.77023,43.03726],[-2.77051,43.03715],[-2.7707,43.03707],[-2.77079,43.03706],[-2.77109,43.03704],[-2.77128,43.03706],[-2.77142,43.03708],[-2.7717,43.03717],[-2.77196,43.03727],[-2.77205,43.0373],[-2.77227,43.03733],[-2.77255,43.03741],[-2.77274,43.03751],[-2.77291,43.03759],[-2.77305,43.03766],[-2.77322,43.03769],[-2.7734,43.03769],[-2.77358,43.03771],[-2.77377,43.03774],[-2.77444,43.03787],[-2.77456,43.03792],[-2.77474,43.03801],[-2.77511,43.0381],[-2.77556,43.03817],[-2.7758,43.03822],[-2.77606,43.03829],[-2.77617,43.03829],[-2.77632,43.03826],[-2.77647,43.03824],[-2.77666,43.03824],[-2.77676,43.03827],[-2.7769,43.0383],[-2.77701,43.0383],[-2.77712,43.03828],[-2.77724,43.03822],[-2.77738,43.03812]]}},{"type":"Feature","properties":{"id":455542160,"highway":"path"},"geometry":{"type":"LineString","coordinates":[[-2.77474,43.03801],[-2.77518,43.03822],[-2.77573,43.03845],[-2.77597,43.03861],[-2.77608,43.03869],[-2.77624,43.03872],[-2.77636,43.03875],[-2.77645,43.03885],[-2.77648,43.03897],[-2.77656,43.03917],[-2.77653,43.03926],[-2.77663,43.0393],[-2.77665,43.03934],[-2.7767,43.03944],[-2.77664,43.0395],[-2.77663,43.03961],[-2.77648,43.03966],[-2.77658,43.03969],[-2.77669,43.03976],[-2.77676,43.03988],[-2.77687,43.03988]]}},{"type":"Feature","properties":{"id":455542161,"highway":"path","nombre":"Gorbeiako bidexka Iginigerretik","izena_eu":"Gorbeiako bidexka Iginigerretik","nombre_es":"Senda a Gorbea por Iñiger"},"geometry":{"type":"LineString","coordinates":[[-2.76962,43.03073],[-2.76947,43.03051],[-2.76945,43.03034],[-2.76946,43.03012],[-2.76956,43.03003],[-2.76965,43.02995],[-2.76973,43.02987],[-2.76977,43.02978],[-2.76982,43.02973],[-2.76988,43.02958],[-2.76982,43.02946],[-2.76972,43.02936],[-2.76963,43.02928],[-2.7696,43.02924],[-2.76956,43.0292],[-2.76952,43.02912],[-2.7695,43.02902],[-2.76954,43.02896],[-2.76955,43.0289],[-2.76961,43.02884],[-2.7697,43.02873],[-2.76983,43.02861],[-2.7699,43.0285],[-2.76993,43.02843],[-2.76993,43.02834],[-2.76988,43.02825],[-2.76989,43.02815],[-2.76993,43.02798],[-2.77002,43.02782],[-2.77004,43.02774],[-2.77011,43.02766],[-2.77014,43.0276],[-2.77016,43.0275],[-2.77021,43.02734],[-2.77022,43.02722],[-2.77016,43.02712],[-2.77005,43.02706],[-2.76991,43.02703],[-2.76971,43.02704],[-2.76949,43.02707],[-2.76929,43.02709],[-2.76916,43.0271],[-2.76902,43.02714],[-2.76891,43.02714],[-2.76882,43.02709],[-2.76877,43.02703],[-2.76872,43.027],[-2.76856,43.02703],[-2.76845,43.02696],[-2.76839,43.02696],[-2.76834,43.027],[-2.76801,43.02703],[-2.76791,43.02699],[-2.76776,43.02698],[-2.76762,43.027],[-2.76759,43.02701],[-2.76726,43.02706],[-2.76707,43.02707],[-2.76688,43.02701],[-2.76662,43.02698],[-2.76637,43.02699],[-2.76615,43.02704],[-2.76593,43.02709],[-2.76579,43.02715],[-2.76562,43.02717],[-2.76553,43.02719],[-2.76543,43.0272],[-2.76536,43.02723],[-2.76532,43.02728],[-2.76524,43.02728],[-2.76515,43.02736],[-2.76425,43.02756],[-2.76388,43.02775],[-2.76369,43.02784],[-2.76354,43.02792],[-2.76327,43.02798],[-2.76315,43.02799],[-2.76282,43.02795],[-2.76272,43.02799],[-2.76258,43.028],[-2.76249,43.028]]}},{"type":"Feature","properties":{"id":455542162,"highway":"path"},"geometry":{"type":"LineString","coordinates":[[-2.76865,43.04302],[-2.76839,43.04306],[-2.76825,43.04314],[-2.76821,43.04321],[-2.76812,43.04325],[-2.76815,43.04334],[-2.76825,43.04338],[-2.76826,43.04352],[-2.76825,43.04376],[-2.76827,43.04387],[-2.76838,43.04397],[-2.76855,43.04412],[-2.76882,43.04428],[-2.76892,43.04438],[-2.76891,43.04455],[-2.76887,43.04473],[-2.76879,43.04495],[-2.76873,43.04502],[-2.76858,43.04505],[-2.76849,43.04501],[-2.76841,43.04494],[-2.76833,43.04486],[-2.76806,43.0448],[-2.7678,43.04478],[-2.76771,43.04469],[-2.76759,43.04459],[-2.76747,43.04449],[-2.7673,43.04445],[-2.76715,43.04435],[-2.76693,43.04434],[-2.76675,43.04434],[-2.76667,43.04441],[-2.76651,43.04442],[-2.76637,43.04454],[-2.76625,43.0447],[-2.76612,43.04483],[-2.76596,43.04496],[-2.76581,43.04509],[-2.76563,43.04514],[-2.76546,43.04521],[-2.76528,43.04536],[-2.76503,43.04559]]}},{"type":"Feature","properties":{"id":455542163,"highway":"path"},"geometry":{"type":"LineString","coordinates":[[-2.76454,43.04752],[-2.76462,43.04789],[-2.76466,43.04804],[-2.76466,43.04822],[-2.7647,43.04837],[-2.76483,43.04858],[-2.76505,43.04887],[-2.7653,43.04913],[-2.76545,43.04923],[-2.76581,43.04942],[-2.76622,43.0496],[-2.76645,43.04969],[-2.76666,43.04972],[-2.76702,43.04977],[-2.76728,43.04981],[-2.76746,43.04985],[-2.76762,43.04998],[-2.76779,43.05018],[-2.768,43.05038],[-2.76819,43.05054],[-2.76839,43.05068],[-2.76877,43.05094],[-2.76895,43.05109],[-2.76916,43.0512],[-2.76928,43.05134],[-2.76947,43.05159],[-2.76987,43.05171],[-2.77041,43.05188],[-2.77063,43.05196],[-2.7708,43.05198],[-2.77116,43.05196],[-2.77144,43.05194],[-2.77157,43.05191],[-2.77166,43.05185],[-2.77169,43.05179],[-2.77171,43.05176],[-2.77187,43.05179],[-2.77202,43.05189],[-2.77215,43.05211],[-2.77232,43.05234],[-2.77259,43.0525],[-2.77277,43.05256],[-2.77309,43.05258],[-2.77332,43.0526],[-2.77369,43.05268],[-2.7739,43.05274],[-2.77399,43.05283],[-2.77406,43.05298],[-2.77407,43.05309],[-2.77403,43.05326]]}},{"type":"Feature","properties":{"id":455542164,"highway":"path"},"geometry":{"type":"LineString","coordinates":[[-2.77421,43.05443],[-2.77411,43.05461],[-2.77403,43.05474],[-2.7739,43.05483],[-2.7737,43.05495],[-2.77353,43.05499],[-2.77326,43.05499],[-2.77306,43.05495],[-2.7728,43.05486],[-2.77274,43.05477],[-2.7727,43.05468],[-2.77259,43.05465],[-2.7724,43.05471],[-2.77222,43.05478],[-2.77212,43.0549],[-2.77189,43.05498],[-2.77188,43.0551],[-2.77179,43.05522],[-2.77151,43.05544],[-2.77107,43.05576],[-2.77084,43.05592],[-2.77048,43.05605],[-2.77009,43.05617],[-2.76938,43.05631],[-2.76795,43.0565],[-2.76696,43.05661],[-2.76637,43.05668],[-2.76571,43.05676],[-2.76533,43.05676],[-2.76495,43.05672],[-2.76462,43.05662],[-2.76428,43.05648],[-2.76404,43.05646],[-2.76379,43.05649],[-2.76373,43.05655],[-2.76373,43.05667],[-2.76372,43.05679],[-2.76361,43.0569],[-2.7633,43.05711],[-2.76283,43.05739],[-2.76262,43.05748],[-2.7625,43.05754],[-2.76243,43.05747],[-2.76243,43.05737],[-2.76251,43.05722],[-2.76251,43.05708],[-2.76246,43.05698],[-2.7624,43.0569],[-2.76219,43.05689],[-2.76191,43.05694],[-2.76151,43.05704],[-2.76118,43.05707],[-2.76094,43.05707],[-2.76072,43.05701],[-2.76059,43.05693],[-2.76055,43.05687],[-2.76069,43.05676],[-2.76075,43.05665],[-2.76075,43.05656],[-2.76075,43.05644],[-2.76059,43.05637],[-2.7604,43.05634],[-2.75935,43.05664],[-2.7591,43.05673],[-2.75893,43.05687],[-2.75877,43.05693],[-2.75837,43.05689],[-2.7581,43.05686],[-2.75779,43.05684],[-2.75753,43.0569],[-2.7571,43.05698],[-2.75699,43.0571],[-2.75692,43.05727],[-2.75675,43.05751],[-2.75652,43.05768],[-2.75622,43.05794],[-2.75597,43.05831],[-2.75582,43.05858],[-2.7558,43.05883],[-2.75583,43.05907],[-2.75598,43.05933],[-2.75611,43.05952],[-2.75625,43.05969],[-2.75639,43.0598],[-2.75647,43.05989],[-2.75647,43.06001],[-2.75639,43.06014],[-2.75627,43.06024],[-2.75613,43.06032],[-2.75603,43.06034],[-2.75583,43.0603],[-2.75553,43.06019],[-2.75517,43.06002],[-2.75488,43.05987],[-2.75443,43.0597],[-2.75352,43.0595]]}},{"type":"Feature","properties":{"id":455544241,"highway":"path"},"geometry":{"type":"MultiLineString","coordinates":[[[-2.78137,43.03395],[-2.78215,43.0344],[-2.78309,43.03485],[-2.78401,43.03535],[-2.78436,43.03558],[-2.7846,43.03584],[-2.78478,43.03614],[-2.78492,43.03651],[-2.78511,43.03712],[-2.78567,43.0383],[-2.78582,43.03842],[-2.78592,43.0387],[-2.78602,43.03907],[-2.78602,43.03916],[-2.78606,43.03925],[-2.78612,43.0394],[-2.78616,43.03947],[-2.78623,43.03961],[-2.78632,43.03978],[-2.7864,43.03986],[-2.78641,43.03993],[-2.78644,43.04003],[-2.78647,43.0401],[-2.78642,43.04015],[-2.78649,43.04032],[-2.7866,43.04049],[-2.78666,43.04062],[-2.78672,43.04075],[-2.78675,43.04087],[-2.78676,43.04107],[-2.78673,43.04144],[-2.78672,43.0415],[-2.78676,43.04159],[-2.78675,43.04172],[-2.78673,43.04177],[-2.78673,43.04189],[-2.78676,43.04195],[-2.78684,43.04198],[-2.78685,43.04203],[-2.78694,43.04209],[-2.78701,43.04215],[-2.78705,43.04223],[-2.78714,43.04228],[-2.78743,43.04235],[-2.78759,43.04237],[-2.78773,43.04236],[-2.7878,43.0424],[-2.788,43.04242],[-2.78826,43.04247],[-2.78846,43.04246],[-2.7887,43.04249],[-2.78881,43.04248],[-2.78897,43.0425],[-2.78903,43.04249],[-2.78917,43.0425],[-2.78925,43.04255],[-2.7894,43.04267],[-2.78955,43.04272],[-2.78984,43.04283],[-2.79023,43.0429],[-2.79057,43.04294],[-2.79077,43.04296],[-2.79089,43.04295],[-2.79115,43.04296],[-2.79137,43.04295],[-2.79144,43.04297],[-2.79159,43.04298],[-2.79175,43.04295],[-2.79186,43.04295],[-2.79203,43.04296],[-2.79214,43.04303],[-2.79242,43.04335],[-2.7927,43.04362],[-2.79273,43.04364]],[[-2.7931,43.0444],[-2.79309,43.04449],[-2.79322,43.04467],[-2.79324,43.0447]],[[-2.79349,43.0452],[-2.79349,43.04529],[-2.79354,43.04537],[-2.79354,43.04552],[-2.79365,43.04566],[-2.79373,43.04575],[-2.79373,43.04584],[-2.79363,43.04598],[-2.79348,43.04619]]]}},{"type":"Feature","properties":{"id":455544242,"highway":"path"},"geometry":{"type":"LineString","coordinates":[[-2.7959,43.05106],[-2.79587,43.05105],[-2.79564,43.05103],[-2.79548,43.05102],[-2.79519,43.05097],[-2.79492,43.05089],[-2.79465,43.05078],[-2.79446,43.05087],[-2.79424,43.05088],[-2.79407,43.05099],[-2.79401,43.05109],[-2.79383,43.0512],[-2.79366,43.05126],[-2.7934,43.05126],[-2.79321,43.05128],[-2.79288,43.05118],[-2.79281,43.05112],[-2.79277,43.05098],[-2.79271,43.05088],[-2.7926,43.05077],[-2.79243,43.05066],[-2.79227,43.05063],[-2.79214,43.05064],[-2.79193,43.05067],[-2.79179,43.0508],[-2.79174,43.05082],[-2.79168,43.05081],[-2.79142,43.05077],[-2.7913,43.05076],[-2.79108,43.05074],[-2.7909,43.05076],[-2.7907,43.05081],[-2.79057,43.05081],[-2.79041,43.0508],[-2.7903,43.05071],[-2.79021,43.05062],[-2.79013,43.05055],[-2.79004,43.05046],[-2.78984,43.05047],[-2.78966,43.05047],[-2.78943,43.05042],[-2.78931,43.05038],[-2.78915,43.05037],[-2.78906,43.05026],[-2.78903,43.05009],[-2.7891,43.04985],[-2.78912,43.04967],[-2.78922,43.04953],[-2.78932,43.0494],[-2.78935,43.04931],[-2.78933,43.04918],[-2.78946,43.04892],[-2.78961,43.04852],[-2.78957,43.04836],[-2.78954,43.04826],[-2.78957,43.04804],[-2.78955,43.04775],[-2.78954,43.04757],[-2.78964,43.04738],[-2.78966,43.04736],[-2.78979,43.04724],[-2.79,43.04712],[-2.7903,43.04694],[-2.79052,43.04679],[-2.7908,43.04657],[-2.79082,43.04644]]}},{"type":"Feature","properties":{"id":455544243,"highway":"path"},"geometry":{"type":"LineString","coordinates":[[-2.79938,43.05359],[-2.79932,43.05365],[-2.79928,43.05382],[-2.7993,43.05403],[-2.79939,43.05417],[-2.79945,43.05428],[-2.79952,43.05446],[-2.7996,43.05461],[-2.79962,43.05475],[-2.79955,43.05501],[-2.79951,43.05522],[-2.79945,43.05538],[-2.79936,43.05555],[-2.7994,43.05578],[-2.79938,43.05595],[-2.79935,43.05622],[-2.79936,43.05638],[-2.79937,43.0564],[-2.79935,43.05664],[-2.79943,43.05676],[-2.79942,43.05687],[-2.79918,43.05695],[-2.79888,43.0571],[-2.79866,43.05716],[-2.79848,43.05719]]}},{"type":"Feature","properties":{"id":455544244,"highway":"path"},"geometry":{"type":"LineString","coordinates":[[-2.79444,43.06617],[-2.79435,43.06624],[-2.79417,43.06632],[-2.79411,43.06639],[-2.79402,43.06646],[-2.79384,43.06648],[-2.79368,43.06653],[-2.79353,43.06655],[-2.7934,43.06658],[-2.79322,43.06659],[-2.79316,43.06661],[-2.79304,43.06663],[-2.79293,43.06666],[-2.79262,43.0671],[-2.79255,43.06731],[-2.79254,43.06734],[-2.79251,43.06771],[-2.79252,43.068],[-2.79274,43.06816],[-2.79286,43.06828],[-2.79287,43.06841],[-2.79281,43.0686],[-2.79267,43.06885],[-2.79253,43.0691],[-2.79253,43.06929],[-2.7927,43.06961],[-2.79318,43.06983],[-2.79334,43.07003],[-2.7935,43.07014],[-2.79356,43.07022],[-2.79359,43.0705],[-2.79359,43.07063],[-2.7936,43.07089],[-2.79366,43.07096],[-2.79363,43.07105],[-2.79354,43.07113],[-2.7935,43.07121],[-2.79343,43.07137],[-2.79342,43.07162],[-2.79325,43.07169],[-2.79334,43.07187],[-2.79331,43.07213],[-2.79337,43.07238],[-2.79316,43.07266],[-2.79308,43.07274],[-2.79255,43.07299],[-2.79244,43.07294],[-2.79217,43.07306],[-2.79183,43.07304],[-2.79162,43.07298],[-2.79117,43.0728],[-2.79104,43.07265],[-2.79088,43.07258],[-2.79069,43.07234],[-2.79031,43.07209],[-2.79007,43.07204],[-2.78986,43.0719],[-2.78971,43.07172],[-2.78953,43.07162],[-2.78932,43.07136],[-2.78929,43.07126],[-2.78936,43.07109],[-2.78935,43.07104],[-2.78938,43.07093],[-2.78939,43.07074],[-2.7893,43.07067],[-2.78914,43.07067],[-2.78894,43.07056],[-2.78866,43.07059],[-2.78846,43.07071],[-2.78797,43.07095],[-2.78751,43.07107]]}},{"type":"Feature","properties":{"id":460577678,"highway":"path"},"geometry":{"type":"LineString","coordinates":[[-2.70867,43.0303],[-2.70863,43.03025],[-2.70852,43.03014],[-2.70849,43.03012]]}},{"type":"Feature","properties":{"id":460577682,"highway":"path"},"geometry":{"type":"LineString","coordinates":[[-2.71285,43.03152],[-2.71282,43.03145],[-2.71274,43.03138],[-2.71273,43.03129],[-2.7128,43.03115],[-2.71284,43.03108],[-2.71283,43.03103],[-2.71273,43.03097],[-2.71262,43.03092]]}},{"type":"Feature","properties":{"id":460577683,"highway":"track"},"geometry":{"type":"LineString","coordinates":[[-2.72337,43.03491],[-2.72325,43.03484],[-2.72279,43.03461],[-2.72168,43.03409],[-2.72154,43.034],[-2.72131,43.03352],[-2.72119,43.03339],[-2.72114,43.03348],[-2.72102,43.03375],[-2.72086,43.03402],[-2.72078,43.03429],[-2.72076,43.03455],[-2.72071,43.03475],[-2.72071,43.03479],[-2.72063,43.03483],[-2.72051,43.03478],[-2.7203,43.03464],[-2.72001,43.03428],[-2.71991,43.03418],[-2.71979,43.03413],[-2.71968,43.03411],[-2.7196,43.03408],[-2.71951,43.03396],[-2.71938,43.03381],[-2.71902,43.03358],[-2.7189,43.03351],[-2.71869,43.03346],[-2.71807,43.03346],[-2.71791,43.03349],[-2.7178,43.03358],[-2.71759,43.03377],[-2.71729,43.03389],[-2.71709,43.03391],[-2.71683,43.03384],[-2.71641,43.03371],[-2.71607,43.03363],[-2.71584,43.03364],[-2.7157,43.0337],[-2.7156,43.03381],[-2.71555,43.03395],[-2.71554,43.03409],[-2.7155,43.03418]]}},{"type":"Feature","properties":{"id":460577684,"highway":"path"},"geometry":{"type":"LineString","coordinates":[[-2.72145,43.04201],[-2.72149,43.04198],[-2.72155,43.04197],[-2.7216,43.04193],[-2.72166,43.04189],[-2.72169,43.04185],[-2.72176,43.04171],[-2.72182,43.04165],[-2.72191,43.04159],[-2.72196,43.04152],[-2.72197,43.04149]]}},{"type":"Feature","properties":{"id":460577685,"highway":"path"},"geometry":{"type":"LineString","coordinates":[[-2.72305,43.03805],[-2.7231,43.03812],[-2.72316,43.03818],[-2.72315,43.03828],[-2.72306,43.03847],[-2.72299,43.0387],[-2.72307,43.03899],[-2.72319,43.03923],[-2.72328,43.03943],[-2.72332,43.03956],[-2.72332,43.03971],[-2.72321,43.03987],[-2.72304,43.04002],[-2.72291,43.04017],[-2.72272,43.04029],[-2.72254,43.04033],[-2.72227,43.0404],[-2.72208,43.04041],[-2.72192,43.04046],[-2.72178,43.04056],[-2.72169,43.04058]]}},{"type":"Feature","properties":{"id":460577686,"highway":"path"},"geometry":{"type":"LineString","coordinates":[[-2.74395,43.0422],[-2.74373,43.04212],[-2.74353,43.04209],[-2.74337,43.04203],[-2.74311,43.04195],[-2.743,43.04191],[-2.74279,43.04187],[-2.74262,43.04183],[-2.74245,43.04171],[-2.74237,43.04169],[-2.74226,43.04169],[-2.74214,43.04169],[-2.74208,43.04167],[-2.74204,43.04157],[-2.74196,43.04152],[-2.74185,43.04142],[-2.74173,43.04134],[-2.74157,43.04124],[-2.74149,43.04109],[-2.74141,43.04098],[-2.74129,43.04088],[-2.74109,43.04075],[-2.74098,43.04064],[-2.74092,43.04056],[-2.74086,43.04053],[-2.74068,43.04046],[-2.74056,43.04044],[-2.7403,43.04044],[-2.7401,43.04045],[-2.74,43.04042],[-2.73991,43.04036],[-2.73977,43.04034],[-2.73952,43.04031],[-2.73932,43.04021],[-2.73929,43.04012],[-2.73919,43.04008],[-2.73912,43.04008],[-2.73912,43.04012],[-2.73905,43.04007],[-2.73892,43.03997],[-2.73873,43.03995],[-2.73864,43.04],[-2.73851,43.04],[-2.73837,43.03995],[-2.73829,43.03989],[-2.73826,43.03979],[-2.73821,43.03976],[-2.73797,43.03972],[-2.73784,43.03966],[-2.7377,43.03954],[-2.73756,43.0395],[-2.73748,43.03947],[-2.73746,43.03939],[-2.73738,43.03937],[-2.73718,43.03938],[-2.73701,43.03938],[-2.73688,43.03939],[-2.73668,43.03943],[-2.73662,43.03942],[-2.73659,43.03936],[-2.73649,43.0393],[-2.73638,43.0392],[-2.73627,43.03906],[-2.73621,43.03903],[-2.73607,43.03902],[-2.73593,43.03895],[-2.73584,43.0389],[-2.73574,43.03889],[-2.73569,43.03884],[-2.73569,43.03874],[-2.73567,43.03868],[-2.73563,43.03864],[-2.73554,43.03863],[-2.73535,43.03863],[-2.73512,43.03862],[-2.73502,43.03865],[-2.7349,43.03861],[-2.73478,43.03857],[-2.73474,43.03857],[-2.73472,43.03861],[-2.73466,43.03859],[-2.73457,43.03854],[-2.73449,43.03857],[-2.73443,43.03866],[-2.73428,43.0387],[-2.73418,43.03868],[-2.734,43.03871],[-2.73393,43.03872],[-2.73389,43.03872],[-2.73385,43.03878],[-2.73375,43.03884],[-2.73363,43.03885],[-2.73345,43.03883],[-2.73331,43.03875],[-2.73318,43.0387],[-2.73305,43.03869],[-2.7329,43.03869],[-2.73274,43.03867],[-2.73246,43.03859],[-2.73227,43.03849],[-2.73209,43.03838],[-2.73202,43.03829],[-2.73191,43.03828],[-2.73164,43.03824],[-2.73135,43.03816],[-2.73113,43.03804],[-2.73097,43.03788],[-2.7309,43.03781],[-2.73079,43.03776],[-2.73065,43.03769],[-2.73056,43.0376],[-2.73038,43.0375],[-2.73028,43.03745],[-2.73017,43.03744],[-2.72999,43.03749],[-2.72974,43.03752],[-2.72956,43.03748],[-2.72922,43.03742],[-2.72891,43.03733],[-2.72874,43.0373],[-2.72857,43.0373],[-2.72851,43.03729],[-2.72841,43.03723],[-2.72825,43.03722],[-2.72803,43.0372],[-2.72783,43.03719],[-2.72768,43.03724],[-2.72754,43.03726],[-2.72737,43.03723],[-2.72722,43.03715],[-2.72715,43.03704],[-2.72703,43.03695],[-2.72697,43.03688],[-2.72683,43.03684],[-2.72661,43.03686],[-2.7265,43.03682],[-2.7264,43.03675],[-2.72622,43.03662],[-2.72605,43.03654],[-2.72581,43.03648],[-2.72567,43.03644],[-2.72548,43.0363],[-2.72526,43.03623],[-2.72521,43.03619],[-2.72517,43.03617]]}},{"type":"Feature","properties":{"id":460577693,"highway":"path"},"geometry":{"type":"LineString","coordinates":[[-2.75061,43.0433],[-2.75025,43.04327],[-2.74991,43.04322],[-2.74971,43.04317],[-2.7496,43.04316],[-2.74949,43.04316],[-2.74935,43.04319],[-2.74922,43.04317],[-2.74901,43.04312],[-2.74881,43.04305],[-2.7486,43.04302],[-2.74852,43.04303],[-2.74842,43.043],[-2.74827,43.04296],[-2.7481,43.04285],[-2.74803,43.04283],[-2.74792,43.04285],[-2.74786,43.04289],[-2.74774,43.04289],[-2.7477,43.04289],[-2.7476,43.04292],[-2.74751,43.04292],[-2.7474,43.0429],[-2.74728,43.0429],[-2.74723,43.04292]]}},{"type":"Feature","properties":{"id":460577696,"highway":"path"},"geometry":{"type":"LineString","coordinates":[[-2.76065,43.0332],[-2.76088,43.03332],[-2.76105,43.03339],[-2.76119,43.03345],[-2.76128,43.0335],[-2.76139,43.03356],[-2.76147,43.03362],[-2.7616,43.03379],[-2.76169,43.03381],[-2.76182,43.03392],[-2.76199,43.03405],[-2.7622,43.03412],[-2.76233,43.03416],[-2.76251,43.03429],[-2.76261,43.03441],[-2.76279,43.03456],[-2.76289,43.03472],[-2.76298,43.03486],[-2.76309,43.03498],[-2.76323,43.03509],[-2.76332,43.03514],[-2.76333,43.03522],[-2.76329,43.03525],[-2.76315,43.03535],[-2.76306,43.0355],[-2.763,43.03573],[-2.76296,43.03587],[-2.76298,43.03593],[-2.76299,43.03614],[-2.76298,43.03622],[-2.76291,43.03632],[-2.76287,43.03645],[-2.76284,43.03647],[-2.76283,43.03663],[-2.76286,43.03674],[-2.76293,43.03687],[-2.76309,43.03701],[-2.76327,43.03717],[-2.7634,43.03727],[-2.76352,43.0374],[-2.76365,43.03753],[-2.7638,43.03764],[-2.76399,43.03776],[-2.76406,43.0379],[-2.76411,43.03798],[-2.76416,43.03802],[-2.76422,43.03815],[-2.76433,43.03833],[-2.76443,43.03851],[-2.76456,43.03882],[-2.76464,43.03894],[-2.76474,43.03904],[-2.76483,43.03904],[-2.76491,43.03902],[-2.76495,43.039],[-2.76508,43.03901],[-2.76511,43.03902],[-2.76514,43.03907],[-2.76516,43.03925],[-2.76519,43.03933],[-2.76526,43.03941],[-2.76527,43.03947],[-2.76523,43.03961],[-2.76529,43.0397],[-2.76543,43.03981],[-2.7655,43.03991],[-2.76553,43.04006],[-2.76557,43.04019],[-2.76562,43.04029],[-2.76559,43.04036],[-2.76552,43.0404],[-2.76538,43.04056],[-2.76536,43.04063],[-2.76538,43.04085],[-2.76546,43.04101],[-2.76553,43.04113],[-2.76585,43.04126],[-2.76597,43.04127],[-2.76624,43.04133],[-2.76632,43.04137],[-2.76637,43.04147]]}},{"type":"Feature","properties":{"id":460577702,"highway":"track"},"geometry":{"type":"LineString","coordinates":[[-2.76065,43.0332],[-2.76048,43.0331],[-2.76029,43.03302],[-2.7602,43.03294]]}},{"type":"Feature","properties":{"id":460577703,"highway":"path"},"geometry":{"type":"LineString","coordinates":[[-2.76637,43.03483],[-2.76626,43.03483],[-2.76614,43.03483],[-2.76603,43.0348],[-2.76591,43.0348],[-2.76572,43.03483],[-2.76526,43.03481],[-2.76499,43.03475],[-2.76359,43.03448],[-2.76336,43.03442],[-2.76232,43.03332],[-2.76216,43.03324],[-2.76164,43.03316],[-2.76126,43.03316],[-2.76097,43.03317],[-2.76076,43.03317],[-2.76065,43.0332]]}},{"type":"Feature","properties":{"id":460577704,"highway":"track"},"geometry":{"type":"LineString","coordinates":[[-2.75772,43.03253],[-2.75769,43.03255],[-2.75761,43.03256],[-2.75748,43.03255],[-2.7573,43.03253],[-2.75682,43.03248],[-2.75637,43.0324],[-2.7561,43.03236],[-2.75599,43.03238],[-2.75594,43.03244],[-2.75593,43.0325],[-2.75595,43.03257],[-2.75606,43.03276],[-2.75636,43.03309]]}},{"type":"Feature","properties":{"id":460577705,"highway":"track"},"geometry":{"type":"LineString","coordinates":[[-2.75302,43.02976],[-2.75274,43.02966],[-2.75257,43.02957],[-2.75244,43.02949],[-2.75232,43.02937],[-2.75228,43.02933]]}},{"type":"Feature","properties":{"id":460577706,"highway":"path"},"geometry":{"type":"LineString","coordinates":[[-2.75138,43.02841],[-2.75123,43.02834],[-2.75102,43.02822],[-2.75078,43.02803],[-2.7507,43.02793],[-2.75065,43.02785],[-2.75063,43.02772],[-2.7506,43.02767],[-2.7505,43.02758],[-2.75043,43.02743],[-2.75044,43.02738]]}},{"type":"Feature","properties":{"id":462606257,"highway":"path"},"geometry":{"type":"LineString","coordinates":[[-2.71215,43.03843],[-2.71186,43.03869],[-2.71168,43.03895],[-2.71165,43.03918],[-2.71133,43.03933],[-2.71104,43.03958],[-2.71072,43.03985],[-2.71053,43.04003],[-2.71034,43.04008]]}},{"type":"Feature","properties":{"id":462606259,"highway":"path"},"geometry":{"type":"LineString","coordinates":[[-2.70093,43.03377],[-2.70079,43.03375],[-2.70063,43.03364],[-2.70046,43.03356],[-2.70038,43.03351]]}},{"type":"Feature","properties":{"id":465420816,"highway":"path"},"geometry":{"type":"LineString","coordinates":[[-2.75852,43.04506],[-2.75835,43.04505],[-2.75812,43.04506],[-2.75799,43.04507],[-2.7579,43.04506],[-2.75777,43.04501],[-2.75757,43.04497],[-2.75736,43.04494],[-2.75718,43.04488],[-2.75704,43.04486],[-2.75694,43.04485],[-2.7569,43.04485],[-2.75687,43.04486],[-2.75684,43.04489],[-2.7568,43.04495],[-2.75675,43.04499],[-2.7567,43.04503],[-2.75666,43.04507],[-2.7566,43.04509],[-2.75652,43.04508],[-2.75643,43.04507],[-2.75641,43.04506]]}},{"type":"Feature","properties":{"id":465422499,"highway":"path"},"geometry":{"type":"LineString","coordinates":[[-2.75251,43.04347],[-2.75231,43.04346],[-2.75215,43.04344],[-2.75191,43.04345],[-2.75149,43.04343],[-2.75143,43.04342],[-2.75136,43.04341],[-2.7512,43.04339],[-2.75115,43.04337],[-2.75107,43.04335],[-2.75099,43.04329]]}},{"type":"Feature","properties":{"id":481563648,"highway":"path"},"geometry":{"type":"LineString","coordinates":[[-2.79253,43.04322],[-2.79248,43.04316],[-2.7924,43.0431],[-2.79233,43.04306],[-2.79222,43.04301],[-2.79211,43.04297],[-2.79203,43.04296]]}},{"type":"Feature","properties":{"id":482459568,"highway":"track"},"geometry":{"type":"MultiLineString","coordinates":[[[-2.70547,43.08505],[-2.70551,43.08517],[-2.7055,43.08532],[-2.7055,43.08543],[-2.70553,43.08551],[-2.70557,43.08555],[-2.70589,43.08577],[-2.70598,43.08582],[-2.70613,43.08589]],[[-2.70668,43.0861],[-2.70684,43.08614],[-2.707,43.08616],[-2.70719,43.08619],[-2.70724,43.08616],[-2.70736,43.08606],[-2.70744,43.08602]]]}},{"type":"Feature","properties":{"id":482459569,"highway":"path"},"geometry":{"type":"MultiLineString","coordinates":[[[-2.70324,43.07955],[-2.70324,43.07961],[-2.70314,43.07972],[-2.70308,43.07986],[-2.70303,43.08],[-2.70294,43.08014],[-2.70283,43.08024],[-2.70278,43.08027]],[[-2.7027,43.08064],[-2.70272,43.08073],[-2.70279,43.0808],[-2.70282,43.08083],[-2.70285,43.08085]]]}},{"type":"Feature","properties":{"id":482459570,"highway":"path"},"geometry":{"type":"LineString","coordinates":[[-2.70234,43.07806],[-2.70236,43.0781],[-2.7025,43.07818],[-2.70267,43.07824],[-2.70277,43.0783],[-2.70282,43.07836],[-2.70289,43.07844],[-2.70292,43.07853],[-2.70294,43.07861],[-2.70297,43.07869],[-2.70303,43.07882],[-2.70307,43.07892],[-2.70311,43.07902],[-2.70315,43.07918],[-2.70315,43.07926],[-2.70309,43.07936],[-2.70309,43.07944]]}},{"type":"Feature","properties":{"id":482459572,"highway":"track"},"geometry":{"type":"LineString","coordinates":[[-2.72318,43.06204],[-2.72322,43.0621],[-2.7232,43.06217],[-2.72312,43.06225]]}},{"type":"Feature","properties":{"id":482459573,"highway":"service"},"geometry":{"type":"LineString","coordinates":[[-2.72834,43.05704],[-2.72848,43.05712],[-2.72897,43.05741],[-2.72901,43.05746],[-2.72903,43.05753],[-2.72902,43.05759],[-2.72897,43.05772],[-2.72894,43.05791],[-2.72887,43.0581],[-2.72879,43.05823]]}},{"type":"Feature","properties":{"id":482459575,"highway":"track"},"geometry":{"type":"LineString","coordinates":[[-2.73345,43.05462],[-2.73353,43.05472],[-2.73366,43.05487],[-2.73381,43.05517],[-2.73396,43.05543],[-2.73408,43.05554],[-2.73426,43.05561],[-2.73441,43.05568],[-2.7345,43.05576],[-2.73461,43.05591],[-2.73465,43.05606],[-2.73463,43.05635],[-2.73461,43.05645],[-2.73439,43.0567],[-2.73436,43.05678],[-2.73436,43.05691],[-2.73436,43.05723],[-2.7344,43.05757],[-2.7345,43.0579],[-2.73454,43.05803],[-2.73461,43.05827],[-2.73463,43.05844],[-2.73464,43.05865],[-2.7347,43.05892],[-2.73483,43.05919],[-2.73503,43.05952],[-2.73524,43.05977],[-2.73536,43.05989],[-2.73547,43.05998],[-2.73558,43.06006],[-2.73563,43.06013],[-2.73563,43.06022],[-2.73554,43.06044],[-2.73552,43.06053],[-2.73551,43.06073],[-2.73554,43.06088],[-2.73558,43.06098],[-2.73561,43.06106],[-2.73558,43.0611],[-2.73553,43.06112],[-2.73542,43.06106],[-2.73532,43.061],[-2.73526,43.06088],[-2.73522,43.0607],[-2.73515,43.06057],[-2.73483,43.0603],[-2.73472,43.06016]]}},{"type":"Feature","properties":{"id":482459576,"highway":"track"},"geometry":{"type":"LineString","coordinates":[[-2.73936,43.05903],[-2.73922,43.05916],[-2.73915,43.05928],[-2.73912,43.05935],[-2.73907,43.05949],[-2.7391,43.0601],[-2.73914,43.06017],[-2.73927,43.06038],[-2.73932,43.06044],[-2.73938,43.0605],[-2.73941,43.06055],[-2.7394,43.0606],[-2.73936,43.06068]]}},{"type":"Feature","properties":{"id":482459577,"highway":"track"},"geometry":{"type":"LineString","coordinates":[[-2.74159,43.06045],[-2.74179,43.06054],[-2.74206,43.06062],[-2.74218,43.06065]]}},{"type":"Feature","properties":{"id":482459578,"highway":"track"},"geometry":{"type":"LineString","coordinates":[[-2.73944,43.05893],[-2.73938,43.05898],[-2.73936,43.05903],[-2.73939,43.05909],[-2.7395,43.05917],[-2.73976,43.05928],[-2.74043,43.05971],[-2.74144,43.06038],[-2.74159,43.06045],[-2.74162,43.0605],[-2.74166,43.06059],[-2.74173,43.06064],[-2.74182,43.06067],[-2.74193,43.0608],[-2.74211,43.06086],[-2.74224,43.0609]]}},{"type":"Feature","properties":{"id":482459579,"highway":"track"},"geometry":{"type":"LineString","coordinates":[[-2.7437,43.06026],[-2.74362,43.0603],[-2.7434,43.06035],[-2.74329,43.06036],[-2.74323,43.06036],[-2.74313,43.06034],[-2.74296,43.06029],[-2.74267,43.06019],[-2.7426,43.06018],[-2.74251,43.06018],[-2.74244,43.06021],[-2.7423,43.06025],[-2.74215,43.0603],[-2.74206,43.06036],[-2.74203,43.0604],[-2.74203,43.06046],[-2.74218,43.06065]]}},{"type":"Feature","properties":{"id":482459580,"highway":"track","nombre":"Ipiñaburu auzoa"},"geometry":{"type":"LineString","coordinates":[[-2.74395,43.05933],[-2.74392,43.05943],[-2.74391,43.0595],[-2.74387,43.05961],[-2.74386,43.05967],[-2.74387,43.05975],[-2.74389,43.05987],[-2.74386,43.06],[-2.74383,43.06008],[-2.74372,43.06017],[-2.7437,43.0602],[-2.7437,43.06026],[-2.74385,43.06031],[-2.74398,43.06035],[-2.74449,43.0606],[-2.74487,43.06085],[-2.74515,43.06107],[-2.74534,43.06118],[-2.74557,43.06125],[-2.74585,43.06134],[-2.74603,43.06137],[-2.74624,43.06139],[-2.74634,43.06142],[-2.74641,43.06147],[-2.74657,43.06158],[-2.74676,43.06168],[-2.74706,43.06177],[-2.74738,43.06186],[-2.74768,43.06192],[-2.74788,43.06198],[-2.74811,43.0621],[-2.74819,43.06218],[-2.74827,43.06229],[-2.74834,43.06242],[-2.74839,43.06259],[-2.74839,43.06271],[-2.74832,43.06307],[-2.74827,43.06339],[-2.74821,43.06356],[-2.74815,43.06363],[-2.74795,43.06376]]}},{"type":"Feature","properties":{"id":482459581,"highway":"track"},"geometry":{"type":"LineString","coordinates":[[-2.74789,43.05975],[-2.74803,43.0598],[-2.74817,43.05991],[-2.74829,43.06004],[-2.7485,43.06023],[-2.74867,43.06036],[-2.74878,43.06042],[-2.74885,43.06046]]}},{"type":"Feature","properties":{"id":482459582,"highway":"path"},"geometry":{"type":"LineString","coordinates":[[-2.75129,43.0606],[-2.75118,43.06064],[-2.75103,43.06077],[-2.75095,43.06092],[-2.75091,43.06094],[-2.75076,43.06097],[-2.75056,43.06096],[-2.75035,43.06098],[-2.75019,43.06095],[-2.75004,43.06091],[-2.74993,43.06091],[-2.74978,43.06093],[-2.74965,43.06091],[-2.74951,43.06086],[-2.74935,43.06084],[-2.74929,43.06082],[-2.74924,43.06076],[-2.74922,43.06064],[-2.74919,43.06062],[-2.74911,43.06055],[-2.74885,43.06046]]}},{"type":"Feature","properties":{"id":482459583,"highway":"track"},"geometry":{"type":"LineString","coordinates":[[-2.75372,43.06027],[-2.7537,43.06036],[-2.75358,43.06058],[-2.75348,43.06079],[-2.75343,43.061],[-2.75336,43.06146],[-2.75331,43.06179],[-2.75325,43.06213],[-2.75329,43.06253],[-2.75329,43.06262],[-2.75321,43.06289],[-2.75315,43.063],[-2.75309,43.0631],[-2.75274,43.06355],[-2.75238,43.06395],[-2.75212,43.06421],[-2.75202,43.06428]]}},{"type":"Feature","properties":{"id":482459584,"highway":"track"},"geometry":{"type":"LineString","coordinates":[[-2.75627,43.06426],[-2.75633,43.06414],[-2.75647,43.06387],[-2.75659,43.06363],[-2.75666,43.06346],[-2.75673,43.06336],[-2.75678,43.06326],[-2.75679,43.06319],[-2.7568,43.06308],[-2.75682,43.06302],[-2.7569,43.06288],[-2.75685,43.06275]]}},{"type":"Feature","properties":{"id":482459587,"highway":"path"},"geometry":{"type":"LineString","coordinates":[[-2.77555,43.05639],[-2.77537,43.05639],[-2.77518,43.05644],[-2.77503,43.05646],[-2.77491,43.05642],[-2.77482,43.05631],[-2.7747,43.05622],[-2.77444,43.05612],[-2.77413,43.05605],[-2.77379,43.05604],[-2.77346,43.05602],[-2.77333,43.05604],[-2.77316,43.0561],[-2.77297,43.05625],[-2.77277,43.05639],[-2.77248,43.05652],[-2.7723,43.05666],[-2.77215,43.0568],[-2.77185,43.05693],[-2.7716,43.05703],[-2.77137,43.05718],[-2.7712,43.05729],[-2.77097,43.05744],[-2.77078,43.05758],[-2.77051,43.05778],[-2.77019,43.05795],[-2.76995,43.05808],[-2.76974,43.05823],[-2.76945,43.05841],[-2.76908,43.05865],[-2.76888,43.05879],[-2.76858,43.05899],[-2.76835,43.05915],[-2.76831,43.0592],[-2.76817,43.05927],[-2.7678,43.05947],[-2.76751,43.05965],[-2.76735,43.05974],[-2.76715,43.0599],[-2.76694,43.06002],[-2.76676,43.06014],[-2.7667,43.0602],[-2.76656,43.06028],[-2.76641,43.06039],[-2.76628,43.06046],[-2.76611,43.06059],[-2.7659,43.06071],[-2.76575,43.06082],[-2.76555,43.06092],[-2.76546,43.06097],[-2.76529,43.06116],[-2.76514,43.06126],[-2.7649,43.06142],[-2.76468,43.06157],[-2.7645,43.06166],[-2.76433,43.06173],[-2.76402,43.06189],[-2.76362,43.06217],[-2.76342,43.0623],[-2.76337,43.0624],[-2.76333,43.06246],[-2.76316,43.06252],[-2.76289,43.06263],[-2.76272,43.06273],[-2.7625,43.06289],[-2.76215,43.0631],[-2.76198,43.06316],[-2.76194,43.06319],[-2.76193,43.06326],[-2.76199,43.06332],[-2.76199,43.06338],[-2.76191,43.06346],[-2.76169,43.06363],[-2.76154,43.06379],[-2.76143,43.064],[-2.76129,43.06422],[-2.76121,43.06436],[-2.76111,43.06452],[-2.76094,43.06463],[-2.76082,43.06469],[-2.76067,43.06485],[-2.76067,43.06495],[-2.76055,43.06508],[-2.7605,43.06522],[-2.76054,43.06533],[-2.76062,43.06541],[-2.76078,43.06547],[-2.76082,43.06552],[-2.7608,43.06564],[-2.76073,43.06581],[-2.76066,43.06585],[-2.76046,43.06588],[-2.76021,43.06589],[-2.76007,43.06585],[-2.75999,43.06583],[-2.7599,43.06584],[-2.75985,43.06591],[-2.75984,43.06602],[-2.75977,43.06609],[-2.75965,43.06611],[-2.75958,43.0661],[-2.75956,43.06603],[-2.7595,43.066],[-2.75946,43.06603],[-2.75942,43.06609],[-2.75933,43.06614],[-2.7591,43.06618],[-2.75888,43.06613],[-2.7587,43.06607]]}},{"type":"Feature","properties":{"id":482459589,"highway":"path"},"geometry":{"type":"LineString","coordinates":[[-2.78648,43.06012],[-2.78656,43.06006],[-2.78657,43.06002],[-2.78655,43.05997],[-2.78644,43.05992],[-2.78626,43.05984],[-2.78618,43.05978],[-2.78594,43.05966],[-2.78572,43.05962],[-2.78542,43.05956],[-2.78531,43.05952],[-2.78516,43.05943],[-2.78512,43.05931],[-2.78505,43.05923],[-2.78493,43.0592],[-2.78467,43.0592],[-2.78435,43.05925],[-2.78409,43.05929],[-2.78388,43.05928],[-2.78377,43.05925],[-2.78368,43.0592],[-2.78362,43.05914],[-2.78335,43.05884],[-2.78332,43.05877],[-2.78329,43.05875],[-2.78321,43.05876],[-2.78314,43.05881],[-2.78311,43.05888],[-2.78308,43.05898],[-2.78303,43.05905],[-2.78296,43.05907],[-2.78279,43.059],[-2.78269,43.05897],[-2.78254,43.05896],[-2.7825,43.05893],[-2.78249,43.05886],[-2.78253,43.05871],[-2.78249,43.05865]]}},{"type":"Feature","properties":{"id":482459590,"highway":"path"},"geometry":{"type":"LineString","coordinates":[[-2.79339,43.06133],[-2.7933,43.06131],[-2.79317,43.06138],[-2.79306,43.0614],[-2.79296,43.06146],[-2.79285,43.06156],[-2.79277,43.0616],[-2.79262,43.06162],[-2.79258,43.06162],[-2.79246,43.06159],[-2.79227,43.06161],[-2.79206,43.06169],[-2.79195,43.06176],[-2.79195,43.06184],[-2.79199,43.06196],[-2.79201,43.06204],[-2.79201,43.06209],[-2.79203,43.06213],[-2.79197,43.0621],[-2.79193,43.06214],[-2.79186,43.06214],[-2.79175,43.06213],[-2.79167,43.06211],[-2.79162,43.06213],[-2.79156,43.06215],[-2.79153,43.0621],[-2.79142,43.06198],[-2.79136,43.06193],[-2.79128,43.06191],[-2.79119,43.06189],[-2.79118,43.06185],[-2.79108,43.0618],[-2.79098,43.06176],[-2.7909,43.06175],[-2.79077,43.06174],[-2.79061,43.0617],[-2.79049,43.06166],[-2.7904,43.0616],[-2.7902,43.06157],[-2.79014,43.06159],[-2.79005,43.06155],[-2.78983,43.06156],[-2.78969,43.06154],[-2.78952,43.06151],[-2.78935,43.06146],[-2.78925,43.06143],[-2.78905,43.06136],[-2.7888,43.06131],[-2.7886,43.06125],[-2.78844,43.06112],[-2.78836,43.06107],[-2.78823,43.06104],[-2.78797,43.06094],[-2.78789,43.06088],[-2.78782,43.06084],[-2.78777,43.0608],[-2.78771,43.06081],[-2.78764,43.06083],[-2.78758,43.06076],[-2.78744,43.06066],[-2.78722,43.06049],[-2.78707,43.06037],[-2.78682,43.06021],[-2.78657,43.06002]]}},{"type":"Feature","properties":{"id":489391660,"highway":"corridor","tunel":"yes"},"geometry":{"type":"LineString","coordinates":[[-2.74901,43.08863],[-2.74861,43.08853],[-2.74798,43.08904]]}},{"type":"Feature","properties":{"id":489391661,"highway":"corridor","tunel":"yes"},"geometry":{"type":"LineString","coordinates":[[-2.7484,43.0892],[-2.74827,43.08911],[-2.74818,43.08918],[-2.74798,43.08904],[-2.74724,43.08963],[-2.74723,43.08977]]}},{"type":"Feature","properties":{"id":491606568,"highway":"path"},"geometry":{"type":"LineString","coordinates":[[-2.79243,43.05066],[-2.79229,43.0509],[-2.79224,43.05098],[-2.79226,43.05104],[-2.79226,43.05106],[-2.79222,43.05108],[-2.79219,43.05108],[-2.79212,43.05109],[-2.79206,43.05107],[-2.792,43.05107],[-2.79192,43.05109],[-2.79183,43.05123],[-2.79183,43.05158],[-2.79189,43.05182],[-2.7923,43.05219],[-2.7924,43.05229],[-2.7924,43.05253],[-2.79206,43.05276],[-2.79161,43.05294]]}},{"type":"Feature","properties":{"id":491606569,"highway":"path"},"geometry":{"type":"LineString","coordinates":[[-2.77974,43.05243],[-2.77925,43.05238],[-2.77862,43.05263],[-2.77833,43.05281],[-2.77807,43.05337],[-2.77768,43.05384],[-2.77729,43.05418],[-2.77716,43.05444]]}},{"type":"Feature","properties":{"id":491606570,"highway":"path"},"geometry":{"type":"LineString","coordinates":[[-2.77642,43.05466],[-2.77584,43.0546],[-2.77519,43.05454],[-2.77476,43.05458],[-2.77435,43.0544]]}},{"type":"Feature","properties":{"id":497021251,"highway":"track"},"geometry":{"type":"LineString","coordinates":[[-2.78655,43.07065],[-2.78657,43.07067],[-2.78658,43.07071],[-2.78658,43.0708],[-2.7866,43.07084],[-2.78665,43.07088],[-2.7867,43.07093],[-2.78676,43.07096],[-2.7868,43.07097],[-2.78689,43.07099],[-2.787,43.071],[-2.78709,43.07102],[-2.78723,43.07105],[-2.78731,43.07104],[-2.78745,43.07105],[-2.78751,43.07107],[-2.78761,43.07113],[-2.78767,43.07118]]}},{"type":"Feature","properties":{"id":521178153,"highway":"path"},"geometry":{"type":"LineString","coordinates":[[-2.72097,43.02729],[-2.72093,43.02723],[-2.72097,43.02717],[-2.72106,43.02709],[-2.72109,43.027],[-2.72109,43.02696],[-2.72109,43.02696]]}},{"type":"Feature","properties":{"id":525564978,"highway":"track"},"geometry":{"type":"LineString","coordinates":[[-2.73041,43.10706],[-2.73021,43.10709],[-2.73013,43.10711]]}},{"type":"Feature","properties":{"id":532522172,"highway":"track"},"geometry":{"type":"LineString","coordinates":[[-2.72097,43.02729],[-2.72089,43.02727],[-2.72084,43.0273]]}},{"type":"Feature","properties":{"id":532909300,"highway":"unclassified","nombre":"Asterria auzoa","superficie":"paved"},"geometry":{"type":"LineString","coordinates":[[-2.74646,43.10812],[-2.74669,43.1083],[-2.74685,43.10848],[-2.74702,43.1086],[-2.74745,43.10881],[-2.74758,43.10887],[-2.74826,43.10896],[-2.74885,43.10918],[-2.74923,43.10931],[-2.74984,43.10956],[-2.75039,43.10968],[-2.75068,43.10969],[-2.75092,43.10967],[-2.75122,43.1096],[-2.75141,43.10949],[-2.75179,43.10936],[-2.75223,43.10924],[-2.75245,43.10923],[-2.75263,43.10924],[-2.75302,43.10938],[-2.75335,43.10938],[-2.75354,43.10939],[-2.75393,43.10948],[-2.7541,43.10951],[-2.75445,43.10953],[-2.75455,43.10956],[-2.75479,43.10977],[-2.75494,43.10993],[-2.75528,43.11025],[-2.75547,43.11054],[-2.75578,43.11085],[-2.75582,43.11096],[-2.75577,43.1112],[-2.75597,43.11137],[-2.7562,43.11158],[-2.75632,43.11172],[-2.75646,43.11197],[-2.7565,43.11206],[-2.75685,43.11285],[-2.75691,43.11308],[-2.75693,43.11328],[-2.75705,43.11347],[-2.75739,43.11393],[-2.75767,43.11434],[-2.75805,43.11461],[-2.75851,43.1148],[-2.75912,43.11506],[-2.75948,43.11524],[-2.76058,43.11595],[-2.76087,43.11623],[-2.76105,43.11638],[-2.76125,43.11647],[-2.76158,43.11657],[-2.76282,43.11686],[-2.76312,43.11697],[-2.76346,43.11709],[-2.76367,43.11704],[-2.76403,43.11703],[-2.76439,43.11701],[-2.76461,43.11697],[-2.76514,43.11695],[-2.76532,43.11697],[-2.76552,43.11692]]}},{"type":"Feature","properties":{"id":532909301,"highway":"service","superficie":"paved"},"geometry":{"type":"LineString","coordinates":[[-2.74252,43.10851],[-2.74241,43.10841],[-2.74222,43.10832],[-2.74217,43.10826],[-2.7422,43.10817],[-2.74234,43.10804],[-2.74241,43.10799],[-2.74263,43.1079],[-2.74277,43.10789],[-2.74292,43.10794],[-2.74317,43.10806],[-2.74402,43.10855],[-2.74487,43.109],[-2.74498,43.10903],[-2.74512,43.10903],[-2.74538,43.10901],[-2.74555,43.109],[-2.74567,43.10897]]}},{"type":"Feature","properties":{"id":532909302,"highway":"track"},"geometry":{"type":"LineString","coordinates":[[-2.7551,43.11762],[-2.75496,43.11755],[-2.75482,43.11747],[-2.75468,43.11747],[-2.75458,43.11753],[-2.75438,43.1176],[-2.75403,43.11766]]}},{"type":"Feature","properties":{"id":532909303,"highway":"track"},"geometry":{"type":"LineString","coordinates":[[-2.75458,43.11753],[-2.75468,43.11764],[-2.75477,43.11773],[-2.75478,43.11783]]}},{"type":"Feature","properties":{"id":532909308,"highway":"track"},"geometry":{"type":"LineString","coordinates":[[-2.74332,43.11119],[-2.7432,43.11129],[-2.74297,43.11131],[-2.74274,43.11129],[-2.74243,43.11115],[-2.74202,43.11094],[-2.74161,43.11081],[-2.74127,43.11069],[-2.74092,43.11055],[-2.74049,43.11043],[-2.74007,43.11039],[-2.73954,43.11041],[-2.73919,43.11043],[-2.73891,43.11043],[-2.73876,43.11046],[-2.73848,43.11054],[-2.73834,43.11056],[-2.73823,43.11055],[-2.73812,43.11045],[-2.7381,43.11032],[-2.7381,43.11032],[-2.7381,43.1102],[-2.73807,43.11014],[-2.73789,43.11009],[-2.73773,43.10998],[-2.73743,43.10984],[-2.73711,43.10976],[-2.73699,43.10966],[-2.7369,43.10957],[-2.73687,43.10954],[-2.73691,43.10945],[-2.73692,43.10934],[-2.73685,43.10921],[-2.73668,43.10903],[-2.73648,43.10887],[-2.73639,43.10873],[-2.73634,43.10864],[-2.7363,43.10853],[-2.73615,43.10842],[-2.73586,43.10826],[-2.73563,43.10818],[-2.73533,43.10815],[-2.73502,43.10816],[-2.73479,43.10825],[-2.7346,43.1083],[-2.73441,43.10831],[-2.73431,43.10827],[-2.73412,43.1082],[-2.73382,43.1081],[-2.73351,43.10799],[-2.73323,43.10784],[-2.73306,43.10772],[-2.73292,43.10757],[-2.73282,43.10745],[-2.7326,43.10736],[-2.73234,43.10735],[-2.73211,43.10732],[-2.7319,43.10724],[-2.73164,43.10716],[-2.73142,43.10713],[-2.73114,43.10708],[-2.7309,43.10703],[-2.73074,43.10697],[-2.73063,43.10693]]}},{"type":"Feature","properties":{"id":532909322,"highway":"track"},"geometry":{"type":"LineString","coordinates":[[-2.73499,43.09904],[-2.73524,43.09912],[-2.73532,43.09914],[-2.73572,43.09932],[-2.73605,43.09949],[-2.73629,43.0996],[-2.73672,43.09979],[-2.73707,43.09998],[-2.73729,43.10007],[-2.73753,43.10012],[-2.73784,43.10023],[-2.73831,43.10048],[-2.73924,43.10098],[-2.73952,43.1011],[-2.73968,43.10121],[-2.74045,43.1018],[-2.74067,43.10198],[-2.74094,43.10217],[-2.74167,43.10265],[-2.74204,43.10287],[-2.74237,43.10307],[-2.74249,43.10316],[-2.74278,43.10341],[-2.74291,43.10351],[-2.7431,43.10378],[-2.74321,43.10387],[-2.74338,43.104],[-2.74381,43.10428],[-2.74418,43.10451],[-2.7443,43.10459],[-2.74448,43.10478],[-2.74471,43.105],[-2.74515,43.10536],[-2.74553,43.1057],[-2.74574,43.10583],[-2.746,43.10592],[-2.74626,43.10607],[-2.74654,43.10626],[-2.74671,43.10643],[-2.74686,43.10655],[-2.74703,43.10662],[-2.74735,43.10671],[-2.74779,43.10682],[-2.74811,43.10695],[-2.74868,43.10711],[-2.74935,43.10737],[-2.74981,43.10752],[-2.75015,43.1076],[-2.75053,43.10759],[-2.75129,43.10766],[-2.75162,43.10776],[-2.75259,43.10817],[-2.75277,43.10826],[-2.75297,43.10832]]}},{"type":"Feature","properties":{"id":532909323,"highway":"track"},"geometry":{"type":"LineString","coordinates":[[-2.71977,43.08943],[-2.71966,43.08925],[-2.71948,43.08902],[-2.71919,43.0888],[-2.71909,43.08867],[-2.71898,43.08849],[-2.71887,43.08838],[-2.71869,43.08819],[-2.71861,43.08808],[-2.7186,43.08799],[-2.71869,43.0879],[-2.71905,43.08792],[-2.71938,43.08794],[-2.71958,43.08792],[-2.71995,43.08792],[-2.72014,43.08799],[-2.72044,43.08805],[-2.72067,43.08807],[-2.72107,43.08806],[-2.72126,43.08808],[-2.72143,43.08808],[-2.7216,43.08807]]}},{"type":"Feature","properties":{"id":532909324,"highway":"track"},"geometry":{"type":"LineString","coordinates":[[-2.72143,43.08808],[-2.72115,43.08778],[-2.72081,43.08762],[-2.72054,43.08742],[-2.72038,43.08725]]}},{"type":"Feature","properties":{"id":532910517,"highway":"path"},"geometry":{"type":"LineString","coordinates":[[-2.73899,43.08847],[-2.73895,43.08846],[-2.73893,43.0884],[-2.73888,43.08833],[-2.73881,43.08828],[-2.73874,43.08826],[-2.73862,43.08824],[-2.73838,43.0881],[-2.73828,43.08808],[-2.73823,43.08806],[-2.73808,43.088],[-2.73804,43.088],[-2.73785,43.08795],[-2.73779,43.08793],[-2.73776,43.08788],[-2.73763,43.08783]]}},{"type":"Feature","properties":{"id":532910518,"highway":"track","nombre":"Undurraga auzoa"},"geometry":{"type":"LineString","coordinates":[[-2.74018,43.08042],[-2.74031,43.08047],[-2.74039,43.08049],[-2.74046,43.08049],[-2.74066,43.08047],[-2.74074,43.08048],[-2.74079,43.08051],[-2.74082,43.08056],[-2.74082,43.08064],[-2.74079,43.08076],[-2.74078,43.08092],[-2.7408,43.08109],[-2.74082,43.08126],[-2.7408,43.08139],[-2.74078,43.08142],[-2.74072,43.0815],[-2.74057,43.08164],[-2.74044,43.08174],[-2.74013,43.0819],[-2.74002,43.08197],[-2.7399,43.08223],[-2.73981,43.08223]]}},{"type":"Feature","properties":{"id":532910520,"highway":"unclassified","nombre":"Undurraga auzoa","superficie":"asphalt"},"geometry":{"type":"LineString","coordinates":[[-2.74227,43.07561],[-2.74224,43.07565],[-2.74211,43.07578],[-2.74188,43.0759],[-2.74157,43.07621],[-2.74145,43.07635],[-2.74126,43.07667],[-2.74125,43.07675],[-2.74136,43.077],[-2.74133,43.07712],[-2.74132,43.07724]]}},{"type":"Feature","properties":{"id":532910522,"highway":"unclassified","nombre":"Ipiñaburu auzoa","superficie":"asphalt"},"geometry":{"type":"LineString","coordinates":[[-2.73529,43.07203],[-2.73548,43.07197],[-2.73561,43.07186],[-2.73597,43.07115],[-2.73609,43.07107],[-2.7363,43.07101],[-2.73661,43.071],[-2.73745,43.07121],[-2.73766,43.07124],[-2.7381,43.0712],[-2.73844,43.07117],[-2.73865,43.07116],[-2.73893,43.07117],[-2.73918,43.0712],[-2.73952,43.07125],[-2.74033,43.07136]]}},{"type":"Feature","properties":{"id":533446079,"highway":"trunk","nombre":"Tarragona-Bilbo errepidea","izena_eu":"Tarragona-Bilbo errepidea","nombre_es":"Carretera Tarragona-Bilbao","ref":"N-240"},"geometry":{"type":"LineString","coordinates":[[-2.70949,43.06335],[-2.70885,43.06264]]}},{"type":"Feature","properties":{"id":533448629,"highway":"trunk","nombre":"Tarragona-Bilbo errepidea","izena_eu":"Tarragona-Bilbo errepidea","nombre_es":"Carretera Tarragona-Bilbao","ref":"N-240"},"geometry":{"type":"LineString","coordinates":[[-2.71698,43.08034],[-2.71679,43.08033],[-2.71665,43.08031],[-2.71651,43.08028],[-2.71635,43.08022],[-2.71614,43.08012],[-2.71578,43.07993],[-2.7157,43.0799],[-2.71564,43.07988],[-2.71555,43.07988],[-2.71548,43.07989],[-2.7154,43.07992],[-2.71535,43.07996],[-2.71531,43.08001],[-2.7153,43.08007],[-2.7153,43.08012],[-2.71532,43.08017],[-2.71536,43.0802],[-2.71543,43.08024],[-2.71557,43.0803],[-2.71625,43.08056],[-2.7164,43.08062],[-2.71651,43.08065],[-2.71662,43.08067],[-2.71676,43.08068],[-2.71704,43.08069],[-2.71715,43.08072],[-2.71724,43.08075],[-2.71732,43.0808],[-2.71737,43.08086],[-2.71742,43.08093],[-2.71761,43.08132],[-2.71781,43.08172],[-2.71784,43.08179],[-2.71784,43.08183],[-2.71784,43.08189],[-2.71782,43.08193],[-2.71778,43.08197],[-2.71773,43.082],[-2.71766,43.08202],[-2.7176,43.08203],[-2.71754,43.08202],[-2.71744,43.082],[-2.71735,43.08195],[-2.71723,43.08184],[-2.71688,43.08155]]}},{"type":"Feature","properties":{"id":533448631,"highway":"trunk","nombre":"Tarragona-Bilbo errepidea","izena_eu":"Tarragona-Bilbo errepidea","nombre_es":"Carretera Tarragona-Bilbao","ref":"N-240"},"geometry":{"type":"LineString","coordinates":[[-2.71688,43.08155],[-2.71673,43.0814],[-2.71659,43.08125],[-2.71649,43.08114],[-2.71639,43.08105],[-2.7163,43.081],[-2.7162,43.08098],[-2.71604,43.08096],[-2.71564,43.08094],[-2.71541,43.08094],[-2.71525,43.08094],[-2.71509,43.08096],[-2.71481,43.08099],[-2.71424,43.08106],[-2.71397,43.08109],[-2.7138,43.08109],[-2.71365,43.08108],[-2.71345,43.08104],[-2.71329,43.08099],[-2.71308,43.08089]]}},{"type":"Feature","properties":{"id":533448636,"highway":"trunk","nombre":"Tarragona-Bilbo errepidea","izena_eu":"Tarragona-Bilbo errepidea","nombre_es":"Carretera Tarragona-Bilbao","ref":"N-240"},"geometry":{"type":"LineString","coordinates":[[-2.71308,43.08089],[-2.71289,43.08079],[-2.71272,43.08067],[-2.71262,43.08058],[-2.7125,43.08045],[-2.71241,43.08032],[-2.71233,43.08016],[-2.71225,43.07997],[-2.71214,43.07971],[-2.71208,43.07956],[-2.71199,43.07939],[-2.71187,43.07921],[-2.71174,43.07903],[-2.71152,43.07875],[-2.71141,43.07858],[-2.71135,43.07845],[-2.71133,43.07834],[-2.71132,43.07823],[-2.71134,43.07812],[-2.71139,43.07797],[-2.71144,43.07783],[-2.7115,43.07768],[-2.71151,43.07758],[-2.7115,43.07745],[-2.71145,43.07719],[-2.71144,43.07708],[-2.71147,43.07697],[-2.71152,43.07687],[-2.71159,43.07678],[-2.71169,43.0767],[-2.71187,43.0766],[-2.71215,43.07645],[-2.7123,43.07636],[-2.71239,43.07628],[-2.71249,43.07617],[-2.71262,43.07598],[-2.71285,43.07565],[-2.71296,43.07547],[-2.71303,43.07538],[-2.71312,43.07529],[-2.71321,43.07522],[-2.71333,43.07516],[-2.71357,43.07507],[-2.71408,43.07491],[-2.71475,43.07469],[-2.71496,43.07462],[-2.71511,43.07455],[-2.71527,43.07447],[-2.71541,43.07437],[-2.71552,43.07427],[-2.71561,43.07416],[-2.71566,43.07407],[-2.71569,43.07402],[-2.71574,43.07389],[-2.71576,43.07377],[-2.71577,43.07363],[-2.71575,43.07352],[-2.71572,43.07341],[-2.71565,43.07328],[-2.71556,43.07315],[-2.71542,43.07298],[-2.71525,43.0728],[-2.71488,43.07244],[-2.7146,43.07217],[-2.71447,43.07203],[-2.71438,43.07189],[-2.71431,43.07176],[-2.71423,43.07163],[-2.71417,43.07154],[-2.71407,43.07145],[-2.71396,43.07136],[-2.71382,43.07126],[-2.71371,43.07115],[-2.7136,43.07102],[-2.71349,43.07086],[-2.71342,43.07076],[-2.71331,43.07067],[-2.71314,43.07053],[-2.71299,43.07037],[-2.71291,43.07025],[-2.71288,43.07016],[-2.71287,43.07005],[-2.7129,43.06994],[-2.71295,43.06985],[-2.71303,43.06976],[-2.71315,43.06965],[-2.7135,43.06942],[-2.71363,43.06933],[-2.71373,43.06923],[-2.71381,43.06911],[-2.71384,43.06902],[-2.71384,43.06891],[-2.71382,43.06881],[-2.71377,43.06872],[-2.7137,43.06863],[-2.7136,43.06855],[-2.71353,43.06851],[-2.71345,43.06847],[-2.71329,43.06841],[-2.71294,43.0683],[-2.71271,43.0682],[-2.71254,43.06809],[-2.71242,43.06797],[-2.71233,43.06784],[-2.71228,43.06772],[-2.71225,43.0676],[-2.71225,43.0675],[-2.71227,43.06736],[-2.71229,43.06724],[-2.71234,43.067],[-2.71235,43.06689],[-2.71235,43.06678],[-2.71234,43.06669]]}},{"type":"Feature","properties":{"id":533455301,"highway":"unclassified","oneway":"yes"},"geometry":{"type":"LineString","coordinates":[[-2.74884,43.09116],[-2.74879,43.09143]]}},{"type":"Feature","properties":{"id":533455302,"highway":"trunk","nombre":"Tarragona-Bilbo errepidea","izena_eu":"Tarragona-Bilbo errepidea","nombre_es":"Carretera Tarragona-Bilbao","ref":"N-240"},"geometry":{"type":"LineString","coordinates":[[-2.74634,43.08985],[-2.74586,43.08969],[-2.74545,43.08956],[-2.74507,43.08946],[-2.74468,43.08938],[-2.74426,43.08931],[-2.74278,43.08905],[-2.74136,43.0888],[-2.74085,43.08871],[-2.74063,43.08866],[-2.74043,43.0886],[-2.74025,43.08854]]}},{"type":"Feature","properties":{"id":533455303,"highway":"unclassified","oneway":"yes"},"geometry":{"type":"LineString","coordinates":[[-2.73933,43.08742],[-2.73932,43.08759],[-2.73935,43.08797],[-2.73937,43.08808]]}},{"type":"Feature","properties":{"id":533455304,"highway":"trunk","nombre":"Tarragona-Bilbo errepidea","izena_eu":"Tarragona-Bilbo errepidea","nombre_es":"Carretera Tarragona-Bilbao","ref":"N-240"},"geometry":{"type":"LineString","coordinates":[[-2.73904,43.08657],[-2.73891,43.08646],[-2.73869,43.08631],[-2.73855,43.0862],[-2.73844,43.08612],[-2.73834,43.08603],[-2.73825,43.08593],[-2.73817,43.08579],[-2.7381,43.08564],[-2.73802,43.08546],[-2.73798,43.08536],[-2.73792,43.08528],[-2.73783,43.08519],[-2.73775,43.08513],[-2.7376,43.08503],[-2.73739,43.08492],[-2.73729,43.08485],[-2.7372,43.08477],[-2.73713,43.08468],[-2.73706,43.08456],[-2.73696,43.08435]]}},{"type":"Feature","properties":{"id":533459869,"highway":"trunk","nombre":"Tarragona-Bilbo errepidea","izena_eu":"Tarragona-Bilbo errepidea","nombre_es":"Carretera Tarragona-Bilbao","ref":"N-240"},"geometry":{"type":"LineString","coordinates":[[-2.7512,43.10297],[-2.75121,43.10284]]}},{"type":"Feature","properties":{"id":533459870,"highway":"trunk","nombre":"Tarragona-Bilbo errepidea","izena_eu":"Tarragona-Bilbo errepidea","nombre_es":"Carretera Tarragona-Bilbao","ref":"N-240","puente":"yes"},"geometry":{"type":"LineString","coordinates":[[-2.75124,43.10359],[-2.75119,43.10329],[-2.75118,43.10314],[-2.7512,43.10297]]}},{"type":"Feature","properties":{"id":533459871,"highway":"trunk","nombre":"Tarragona-Bilbo errepidea","izena_eu":"Tarragona-Bilbo errepidea","nombre_es":"Carretera Tarragona-Bilbao","ref":"N-240","puente":"yes"},"geometry":{"type":"LineString","coordinates":[[-2.75147,43.1044],[-2.75136,43.10404]]}},{"type":"Feature","properties":{"id":533460884,"highway":"trunk","nombre":"Tarragona-Bilbo errepidea","izena_eu":"Tarragona-Bilbo errepidea","nombre_es":"Carretera Tarragona-Bilbao","ref":"N-240"},"geometry":{"type":"LineString","coordinates":[[-2.75174,43.10158],[-2.75189,43.10125],[-2.75201,43.10095],[-2.75207,43.10075],[-2.75212,43.10052]]}},{"type":"Feature","properties":{"id":546446398,"highway":"path","superficie":"grass"},"geometry":{"type":"LineString","coordinates":[[-2.74535,43.11632],[-2.74533,43.11629],[-2.74521,43.1162],[-2.74515,43.11613],[-2.74501,43.116],[-2.74492,43.11589],[-2.74467,43.11569],[-2.74448,43.11559],[-2.74437,43.1155],[-2.7442,43.1154],[-2.74407,43.11534],[-2.74397,43.11521],[-2.74386,43.11509],[-2.74377,43.11505],[-2.74363,43.11504],[-2.7435,43.115],[-2.74338,43.11496],[-2.74322,43.11488],[-2.7431,43.11481],[-2.74294,43.11473],[-2.74284,43.11465],[-2.74276,43.11456],[-2.74258,43.11444],[-2.74251,43.11438],[-2.74244,43.11428],[-2.74235,43.11415],[-2.74226,43.11411],[-2.74213,43.11409],[-2.74201,43.11407],[-2.74185,43.114],[-2.74161,43.11387],[-2.74148,43.11377],[-2.7413,43.11365],[-2.74107,43.11355],[-2.74099,43.1135],[-2.74091,43.11338],[-2.74077,43.1133],[-2.74071,43.11323],[-2.74062,43.11314],[-2.74055,43.11306],[-2.74043,43.11298],[-2.74024,43.11289],[-2.73997,43.11279],[-2.73976,43.11272],[-2.7396,43.11272],[-2.73944,43.11278],[-2.73927,43.11286],[-2.73922,43.11293],[-2.73916,43.11297],[-2.739,43.113],[-2.7389,43.11307],[-2.73881,43.11311],[-2.7387,43.11316],[-2.73864,43.11318],[-2.73856,43.11323],[-2.73851,43.11328]]}},{"type":"Feature","properties":{"id":557334488,"highway":"track"},"geometry":{"type":"LineString","coordinates":[[-2.77461,43.04613],[-2.77485,43.04624],[-2.77518,43.04632],[-2.77537,43.04645],[-2.77554,43.04652],[-2.77568,43.04659],[-2.77576,43.04668],[-2.77584,43.0469],[-2.77588,43.04697],[-2.77596,43.04704],[-2.77608,43.04707],[-2.77657,43.0471],[-2.77669,43.04711],[-2.77679,43.04714],[-2.77709,43.04724],[-2.77725,43.04726],[-2.77735,43.04727],[-2.77739,43.04732],[-2.77743,43.0474],[-2.77752,43.04763],[-2.77755,43.04776],[-2.77763,43.04801],[-2.77773,43.04814],[-2.77785,43.04829],[-2.77785,43.04839],[-2.77778,43.04849],[-2.77766,43.04859],[-2.77745,43.04866],[-2.777,43.04878],[-2.77679,43.04885],[-2.77674,43.04891],[-2.77668,43.04901],[-2.77659,43.04905],[-2.77643,43.04905],[-2.77618,43.04904],[-2.77595,43.04907],[-2.77581,43.04914],[-2.7757,43.04923],[-2.77556,43.04924],[-2.77512,43.04923],[-2.77495,43.0492],[-2.77487,43.0492],[-2.77486,43.04924],[-2.77488,43.04928],[-2.775,43.04934],[-2.77519,43.0495],[-2.77541,43.04976],[-2.7755,43.04985],[-2.77563,43.04993],[-2.77582,43.05027],[-2.77592,43.05037],[-2.77612,43.0505],[-2.77625,43.05066],[-2.77633,43.05073],[-2.77636,43.05079],[-2.77629,43.05084],[-2.77606,43.05088],[-2.77588,43.05088],[-2.77572,43.05087],[-2.77564,43.05088],[-2.77565,43.05096],[-2.77573,43.05103],[-2.77584,43.05109],[-2.77596,43.05116],[-2.776,43.05121],[-2.77597,43.05147],[-2.77607,43.05168],[-2.77612,43.05171],[-2.77619,43.05171],[-2.77633,43.05169],[-2.77638,43.05171],[-2.77638,43.05177],[-2.7762,43.05193],[-2.77606,43.05206],[-2.77595,43.0522],[-2.77577,43.05231],[-2.77555,43.05241],[-2.77551,43.05252],[-2.77547,43.05263],[-2.77543,43.05267],[-2.77535,43.05267],[-2.77529,43.05258],[-2.77518,43.0525],[-2.77485,43.05256],[-2.77476,43.05265],[-2.77468,43.0528],[-2.77457,43.0529]]}},{"type":"Feature","properties":{"id":557334489,"highway":"path"},"geometry":{"type":"LineString","coordinates":[[-2.77461,43.04613],[-2.77432,43.04602],[-2.7741,43.04593],[-2.77399,43.04582],[-2.77386,43.0457],[-2.77369,43.04564],[-2.77345,43.04551],[-2.77314,43.04532],[-2.77296,43.04522],[-2.77262,43.04506],[-2.77246,43.04496],[-2.77222,43.04486],[-2.77198,43.04479],[-2.77175,43.0447],[-2.77156,43.04459],[-2.77148,43.0445],[-2.77146,43.04443],[-2.77149,43.04433],[-2.77147,43.04422],[-2.77146,43.04413],[-2.77145,43.04405]]}},{"type":"Feature","properties":{"id":557334490,"highway":"path"},"geometry":{"type":"LineString","coordinates":[[-2.78379,43.04777],[-2.78392,43.04775],[-2.78408,43.04767],[-2.78426,43.04759],[-2.78433,43.04755],[-2.78452,43.04752],[-2.78465,43.04751]]}},{"type":"Feature","properties":{"id":557334491,"highway":"path"},"geometry":{"type":"LineString","coordinates":[[-2.79465,43.05078],[-2.79444,43.05073],[-2.79416,43.05065],[-2.79385,43.05058],[-2.79362,43.05055],[-2.79351,43.05053],[-2.79344,43.05053],[-2.7933,43.05052],[-2.79315,43.05049],[-2.79297,43.05046],[-2.79282,43.05043],[-2.79271,43.05043],[-2.79262,43.05045],[-2.79253,43.05054],[-2.79249,43.05059],[-2.79243,43.05066]]}},{"type":"Feature","properties":{"id":557337462,"highway":"path"},"geometry":{"type":"LineString","coordinates":[[-2.77912,43.03849],[-2.77916,43.03854],[-2.7792,43.03858],[-2.77925,43.03862],[-2.77933,43.03867],[-2.77946,43.03875],[-2.77952,43.03879],[-2.77955,43.03882],[-2.7796,43.03886],[-2.77966,43.03889],[-2.77978,43.03894],[-2.77992,43.03901],[-2.77996,43.03905],[-2.78,43.03909],[-2.78007,43.03913],[-2.78015,43.03918],[-2.78025,43.03925],[-2.78038,43.03934],[-2.78046,43.03938],[-2.78051,43.03944],[-2.78067,43.03968],[-2.78076,43.03977],[-2.78088,43.03982],[-2.78112,43.04003],[-2.78126,43.0403],[-2.78141,43.04076],[-2.78143,43.04098],[-2.78156,43.04111],[-2.78159,43.04126],[-2.78173,43.04132]]}},{"type":"Feature","properties":{"id":557337464,"highway":"path"},"geometry":{"type":"LineString","coordinates":[[-2.78219,43.04251],[-2.78228,43.04258],[-2.78236,43.04265],[-2.78247,43.04268],[-2.78259,43.04268],[-2.78259,43.04272],[-2.7825,43.04279],[-2.78243,43.04286],[-2.78236,43.04289],[-2.78225,43.04289]]}},{"type":"Feature","properties":{"id":557337465,"highway":"path"},"geometry":{"type":"LineString","coordinates":[[-2.79004,43.05046],[-2.78999,43.0504],[-2.78997,43.05032],[-2.78992,43.05027],[-2.78973,43.05021],[-2.78953,43.0502],[-2.78941,43.05021],[-2.78906,43.05026]]}},{"type":"Feature","properties":{"id":557337466,"highway":"track"},"geometry":{"type":"LineString","coordinates":[[-2.79289,43.04637],[-2.7929,43.04648],[-2.79285,43.0466],[-2.79277,43.04673],[-2.79273,43.04678],[-2.79269,43.04683],[-2.79264,43.04701],[-2.79256,43.04734],[-2.79251,43.04749],[-2.79247,43.04768],[-2.7924,43.04791],[-2.79239,43.04804],[-2.79236,43.04816]]}},{"type":"Feature","properties":{"id":557337467,"highway":"path"},"geometry":{"type":"LineString","coordinates":[[-2.79236,43.04816],[-2.79222,43.04825],[-2.79211,43.04828],[-2.79188,43.0483],[-2.79163,43.04838],[-2.79143,43.04844],[-2.79126,43.0485],[-2.79122,43.04857],[-2.7912,43.04865],[-2.79116,43.04882],[-2.79115,43.0489],[-2.79113,43.04896],[-2.79114,43.04908],[-2.79116,43.04917],[-2.79115,43.04932],[-2.79121,43.04955],[-2.79121,43.04967],[-2.79123,43.04974],[-2.79132,43.04981],[-2.79136,43.04989],[-2.79139,43.04997],[-2.79131,43.05006],[-2.7913,43.05013],[-2.79135,43.0502],[-2.79136,43.05025],[-2.79122,43.05031],[-2.79115,43.05041],[-2.79107,43.05046],[-2.79096,43.05056],[-2.79089,43.05065],[-2.79089,43.05074],[-2.7909,43.05076]]}},{"type":"Feature","properties":{"id":557338957,"highway":"path"},"geometry":{"type":"LineString","coordinates":[[-2.79207,43.06335],[-2.79201,43.06342],[-2.79198,43.06348],[-2.79192,43.06368],[-2.79187,43.06384],[-2.7918,43.06397],[-2.79176,43.06407],[-2.79177,43.06413],[-2.79188,43.06417],[-2.79189,43.06423],[-2.79189,43.06436],[-2.79182,43.06453],[-2.79173,43.06466],[-2.79165,43.06479],[-2.79166,43.06484],[-2.79167,43.06491]]}},{"type":"Feature","properties":{"id":577087521,"highway":"footway"},"geometry":{"type":"LineString","coordinates":[[-2.77297,43.10181],[-2.77293,43.10181]]}},{"type":"Feature","properties":{"id":577087523,"highway":"steps"},"geometry":{"type":"LineString","coordinates":[[-2.77319,43.10176],[-2.77297,43.10181]]}},{"type":"Feature","properties":{"id":577087525,"highway":"footway"},"geometry":{"type":"LineString","coordinates":[[-2.77329,43.10173],[-2.77319,43.10176]]}},{"type":"Feature","properties":{"id":577087544,"highway":"unclassified"},"geometry":{"type":"LineString","coordinates":[[-2.76614,43.09583],[-2.76619,43.09587],[-2.76621,43.09587],[-2.76624,43.09587]]}},{"type":"Feature","properties":{"id":577087546,"highway":"unclassified","nombre":"Otzerinmendi auzoa"},"geometry":{"type":"LineString","coordinates":[[-2.76586,43.09588],[-2.76614,43.09583],[-2.76603,43.09567],[-2.76581,43.09551],[-2.76575,43.09548]]}},{"type":"Feature","properties":{"id":577095693,"highway":"track","nombre":"Asterria auzoa"},"geometry":{"type":"LineString","coordinates":[[-2.76321,43.11894],[-2.76324,43.11895],[-2.76357,43.11915],[-2.76381,43.11921],[-2.76384,43.11921],[-2.76411,43.11951],[-2.76411,43.11955],[-2.76406,43.11963],[-2.76388,43.11978],[-2.76383,43.11983],[-2.76359,43.11996],[-2.76354,43.12004],[-2.76362,43.12026],[-2.76374,43.12042],[-2.76382,43.12052],[-2.76383,43.12058],[-2.76378,43.12065],[-2.76375,43.12068]]}},{"type":"Feature","properties":{"id":577451654,"highway":"path"},"geometry":{"type":"LineString","coordinates":[[-2.77373,43.02892],[-2.77314,43.02963],[-2.77236,43.03048],[-2.77203,43.03079],[-2.77184,43.03097],[-2.77182,43.03111],[-2.77178,43.03135],[-2.77243,43.03199],[-2.77343,43.03251],[-2.77469,43.03316],[-2.7752,43.03344]]}},{"type":"Feature","properties":{"id":577451656,"highway":"path"},"geometry":{"type":"MultiLineString","coordinates":[[[-2.78809,43.0476],[-2.78828,43.04765],[-2.78842,43.04769],[-2.78853,43.04777],[-2.78889,43.04789],[-2.78957,43.04836],[-2.79056,43.04853],[-2.7912,43.04865],[-2.79216,43.04891],[-2.79328,43.04896],[-2.7944,43.04923],[-2.79506,43.04947],[-2.79528,43.04966],[-2.79541,43.04973]],[[-2.79544,43.04982],[-2.79544,43.04996],[-2.79554,43.0501]]]}},{"type":"Feature","properties":{"id":578964838,"highway":"track"},"geometry":{"type":"LineString","coordinates":[[-2.72231,43.04239],[-2.72242,43.04233],[-2.72251,43.04233],[-2.72258,43.04236],[-2.72272,43.04253],[-2.72295,43.04277],[-2.72312,43.04296],[-2.72321,43.04305],[-2.72339,43.04329],[-2.72357,43.04352],[-2.72366,43.04372],[-2.72364,43.04389],[-2.72385,43.04415],[-2.72411,43.04432],[-2.72447,43.04435],[-2.72474,43.04436],[-2.72491,43.0443],[-2.72525,43.04436],[-2.7255,43.04427],[-2.72574,43.04418],[-2.72583,43.04408],[-2.72594,43.04409],[-2.72602,43.04411],[-2.72602,43.04429],[-2.72615,43.04439],[-2.72641,43.04458],[-2.72669,43.04466],[-2.72683,43.04484],[-2.72691,43.04499],[-2.72724,43.04516],[-2.72739,43.04525],[-2.72753,43.04547],[-2.72751,43.04564],[-2.72758,43.04574],[-2.72777,43.04584],[-2.72788,43.04595],[-2.72807,43.04616]]}},{"type":"Feature","properties":{"id":578964839,"highway":"track"},"geometry":{"type":"LineString","coordinates":[[-2.72096,43.04295],[-2.72111,43.04302],[-2.7212,43.04313],[-2.72129,43.04325],[-2.72146,43.04332],[-2.72195,43.04343],[-2.72225,43.04342],[-2.72239,43.0434],[-2.72254,43.04331],[-2.72278,43.04309],[-2.72283,43.04301],[-2.72282,43.04294],[-2.72277,43.04288],[-2.72256,43.0428],[-2.7225,43.04274],[-2.72244,43.04261],[-2.72242,43.04245],[-2.72238,43.04239],[-2.72231,43.04239],[-2.72216,43.04247],[-2.72202,43.04251],[-2.72196,43.04249],[-2.7219,43.04246],[-2.72189,43.04241],[-2.72193,43.04235],[-2.72209,43.04226],[-2.72242,43.04202],[-2.72243,43.04199]]}},{"type":"Feature","properties":{"id":578965200,"highway":"path","superficie":"grass"},"geometry":{"type":"LineString","coordinates":[[-2.72103,43.04185],[-2.72086,43.04168],[-2.72072,43.04152],[-2.72063,43.04138],[-2.72059,43.04121],[-2.72056,43.04107],[-2.72053,43.04102]]}},{"type":"Feature","properties":{"id":578966700,"highway":"track"},"geometry":{"type":"LineString","coordinates":[[-2.72349,43.06215],[-2.72385,43.0622],[-2.72412,43.06233],[-2.72428,43.06253],[-2.72437,43.06275],[-2.72448,43.06298]]}},{"type":"Feature","properties":{"id":578966701,"highway":"path"},"geometry":{"type":"LineString","coordinates":[[-2.72768,43.06477],[-2.72764,43.06494],[-2.72756,43.0651],[-2.72755,43.06527],[-2.72758,43.06546],[-2.72756,43.06561],[-2.72754,43.06565],[-2.72747,43.06566],[-2.72731,43.06561],[-2.72722,43.0656],[-2.72731,43.06574],[-2.72743,43.06596],[-2.72748,43.06624],[-2.72752,43.0665],[-2.72751,43.06668],[-2.72752,43.06676],[-2.72754,43.06686],[-2.72747,43.06703],[-2.72747,43.06721],[-2.72757,43.06734],[-2.72754,43.06745],[-2.72749,43.0676],[-2.72748,43.06775],[-2.72744,43.06785],[-2.7274,43.06796],[-2.72725,43.0681],[-2.72716,43.06817],[-2.72698,43.06833],[-2.72682,43.06847],[-2.72678,43.06855],[-2.72675,43.06865],[-2.72682,43.0687],[-2.72695,43.06872],[-2.72714,43.06869],[-2.72724,43.06866]]}},{"type":"Feature","properties":{"id":578966702,"highway":"path"},"geometry":{"type":"LineString","coordinates":[[-2.72448,43.06298],[-2.72459,43.0631],[-2.72489,43.06337],[-2.72516,43.06361],[-2.72529,43.06367],[-2.72536,43.06373],[-2.72553,43.0638],[-2.72569,43.06382],[-2.72605,43.06393]]}},{"type":"Feature","properties":{"id":578968735,"highway":"path","superficie":"grass"},"geometry":{"type":"LineString","coordinates":[[-2.73211,43.07522],[-2.73194,43.07503],[-2.73182,43.07477],[-2.73177,43.07453],[-2.73178,43.07451],[-2.73195,43.07458],[-2.73222,43.0747],[-2.73252,43.07479],[-2.73295,43.07484],[-2.73321,43.07483],[-2.73346,43.07476],[-2.7338,43.0747],[-2.73403,43.0747],[-2.7343,43.07474],[-2.73448,43.07483],[-2.73469,43.0749],[-2.73472,43.07487],[-2.73472,43.07471],[-2.73457,43.07444],[-2.7345,43.07428],[-2.73432,43.074],[-2.73406,43.07381],[-2.73383,43.07367],[-2.73369,43.07355],[-2.73365,43.07345],[-2.73366,43.07329],[-2.73373,43.07315],[-2.73372,43.07298],[-2.73361,43.07282],[-2.73347,43.07267],[-2.73338,43.07254],[-2.73337,43.07241],[-2.73342,43.07229],[-2.73357,43.07218],[-2.73366,43.07214]]}},{"type":"Feature","properties":{"id":590810096,"highway":"path"},"geometry":{"type":"LineString","coordinates":[[-2.79755,43.07233],[-2.79745,43.07227],[-2.79734,43.07222],[-2.79719,43.07217],[-2.79706,43.07212],[-2.79696,43.07204],[-2.79683,43.07194],[-2.79665,43.07186],[-2.79646,43.07179],[-2.79635,43.07172],[-2.79628,43.07164],[-2.79617,43.07161],[-2.79606,43.07159],[-2.7959,43.07148],[-2.79575,43.07134],[-2.7956,43.07123],[-2.79549,43.07112],[-2.79544,43.07107],[-2.79531,43.07105],[-2.79522,43.07103],[-2.79516,43.07099],[-2.79494,43.0709],[-2.79481,43.07082],[-2.79457,43.07069],[-2.79444,43.07066],[-2.79434,43.07061],[-2.79421,43.07054],[-2.79378,43.07006],[-2.79351,43.06992],[-2.79318,43.06983]]}},{"type":"Feature","properties":{"id":590810098,"highway":"path"},"geometry":{"type":"LineString","coordinates":[[-2.79444,43.06617],[-2.79447,43.06605],[-2.79445,43.06602],[-2.79447,43.06592],[-2.79445,43.06583],[-2.79446,43.06578],[-2.79451,43.06568],[-2.79449,43.06554],[-2.79446,43.06545],[-2.79438,43.06539],[-2.79433,43.06537],[-2.79428,43.06532],[-2.79426,43.06518],[-2.79428,43.06505],[-2.7943,43.06479],[-2.79423,43.06463],[-2.79423,43.06442],[-2.79443,43.06423],[-2.79456,43.06404],[-2.79467,43.06386],[-2.79471,43.06379]]}},{"type":"Feature","properties":{"id":590810103,"highway":"track"},"geometry":{"type":"LineString","coordinates":[[-2.79559,43.06023],[-2.79576,43.06043],[-2.79572,43.06058],[-2.79568,43.06078],[-2.7957,43.06081],[-2.79583,43.06088],[-2.79592,43.06096],[-2.79599,43.06107],[-2.79602,43.06116],[-2.79604,43.06125],[-2.79602,43.06141],[-2.79598,43.06163],[-2.79596,43.06185],[-2.79594,43.06191],[-2.79591,43.06196],[-2.79583,43.06206],[-2.79577,43.06217],[-2.79566,43.06238],[-2.79561,43.06249],[-2.79558,43.06261],[-2.79555,43.06274],[-2.79536,43.06298],[-2.79525,43.06314],[-2.79521,43.0632],[-2.79499,43.06345],[-2.7949,43.06354],[-2.79482,43.06368],[-2.79471,43.06379]]}},{"type":"Feature","properties":{"id":590810104,"highway":"path"},"geometry":{"type":"LineString","coordinates":[[-2.79434,43.05365],[-2.79456,43.05365],[-2.79468,43.05363],[-2.79491,43.05362],[-2.79506,43.0536],[-2.79503,43.05367],[-2.79498,43.0537],[-2.7949,43.05376],[-2.79481,43.05384],[-2.79475,43.05396],[-2.79479,43.05413],[-2.79484,43.05426],[-2.79479,43.05444],[-2.79482,43.05446],[-2.79501,43.05459],[-2.79526,43.05474],[-2.79542,43.05487],[-2.7957,43.05505],[-2.79592,43.05516],[-2.79631,43.05532],[-2.7966,43.05547],[-2.79689,43.05564],[-2.7972,43.05585],[-2.79726,43.0559],[-2.79743,43.05605],[-2.79772,43.05631],[-2.79793,43.05651],[-2.79799,43.05658],[-2.79804,43.05673],[-2.79805,43.05689],[-2.79806,43.057],[-2.79803,43.05706],[-2.79802,43.05707],[-2.79801,43.05714],[-2.79798,43.05723],[-2.79801,43.0573],[-2.79809,43.05739],[-2.79811,43.05741],[-2.7983,43.05729],[-2.79848,43.05719]]}},{"type":"Feature","properties":{"id":590810105,"highway":"path"},"geometry":{"type":"LineString","coordinates":[[-2.80078,43.05746],[-2.80074,43.05745],[-2.8006,43.05742],[-2.80056,43.05737],[-2.80052,43.05732],[-2.80045,43.05725],[-2.80042,43.05714],[-2.80029,43.05702],[-2.80022,43.05699],[-2.80019,43.05696],[-2.80017,43.05694],[-2.80012,43.05692],[-2.8001,43.05689],[-2.8001,43.05688],[-2.8001,43.05685],[-2.80016,43.05684],[-2.8002,43.05682],[-2.8002,43.05675],[-2.80005,43.05652],[-2.79992,43.05637],[-2.79984,43.05632],[-2.79976,43.05627],[-2.79972,43.05627],[-2.79968,43.05627],[-2.79957,43.05634],[-2.79945,43.05637],[-2.79936,43.05638],[-2.79921,43.05638],[-2.79906,43.05638],[-2.79891,43.05638],[-2.7988,43.05634],[-2.79866,43.05628],[-2.79847,43.05626],[-2.79818,43.05622],[-2.79794,43.05617],[-2.7977,43.05611],[-2.79746,43.056],[-2.79726,43.0559]]}},{"type":"Feature","properties":{"id":608562775,"highway":"path"},"geometry":{"type":"LineString","coordinates":[[-2.75977,43.02854],[-2.75961,43.02841],[-2.75943,43.02833]]}},{"type":"Feature","properties":{"id":620847116,"highway":"track"},"geometry":{"type":"LineString","coordinates":[[-2.69908,43.06631],[-2.69907,43.06634],[-2.69904,43.06635]]}},{"type":"Feature","properties":{"id":620847117,"highway":"track"},"geometry":{"type":"LineString","coordinates":[[-2.699,43.06502],[-2.69911,43.06504],[-2.69923,43.06504],[-2.69946,43.06497],[-2.69955,43.06493],[-2.69969,43.06487],[-2.69981,43.06481],[-2.69993,43.06478],[-2.70003,43.06475],[-2.70015,43.06468],[-2.70021,43.06461],[-2.70024,43.06454],[-2.70026,43.06447]]}},{"type":"Feature","properties":{"id":620847118,"highway":"track"},"geometry":{"type":"LineString","coordinates":[[-2.69913,43.06267],[-2.69906,43.06263],[-2.69902,43.06257],[-2.69901,43.06249],[-2.69902,43.0624],[-2.69915,43.06205],[-2.69923,43.06193],[-2.69926,43.06184],[-2.69926,43.06177],[-2.69923,43.06165],[-2.69905,43.06136],[-2.69894,43.06119],[-2.69887,43.06111],[-2.69881,43.06101],[-2.69876,43.06093],[-2.69868,43.06086],[-2.69854,43.06078]]}},{"type":"Feature","properties":{"id":620847119,"highway":"track"},"geometry":{"type":"LineString","coordinates":[[-2.70004,43.06031],[-2.7001,43.06036],[-2.70017,43.06044],[-2.70031,43.06053],[-2.70045,43.06063],[-2.7006,43.06073],[-2.70067,43.06079],[-2.70076,43.06091],[-2.7009,43.06112],[-2.70108,43.06136],[-2.70124,43.06155],[-2.70134,43.06163],[-2.7015,43.06171],[-2.70164,43.06182],[-2.70169,43.06186],[-2.70174,43.06193],[-2.7018,43.06205],[-2.70199,43.06228],[-2.702,43.06235],[-2.70198,43.06249],[-2.70202,43.06256]]}},{"type":"Feature","properties":{"id":620847120,"highway":"track"},"geometry":{"type":"LineString","coordinates":[[-2.69982,43.05733],[-2.69972,43.05747],[-2.69962,43.05756],[-2.6995,43.05761],[-2.69932,43.05767],[-2.69926,43.05774],[-2.69923,43.05781],[-2.69923,43.05791],[-2.69925,43.05813],[-2.69927,43.05835],[-2.69924,43.05857],[-2.69924,43.05864],[-2.69917,43.05879]]}},{"type":"Feature","properties":{"id":620847121,"highway":"track"},"geometry":{"type":"LineString","coordinates":[[-2.69648,43.05622],[-2.69653,43.05617],[-2.69658,43.05608],[-2.69661,43.05602],[-2.69664,43.05596],[-2.69665,43.05589],[-2.69664,43.05584],[-2.69663,43.05579],[-2.69664,43.05573],[-2.69669,43.05566]]}},{"type":"Feature","properties":{"id":626416167,"highway":"track"},"geometry":{"type":"LineString","coordinates":[[-2.76254,43.04272],[-2.76258,43.04267],[-2.76259,43.04262],[-2.76258,43.04257],[-2.76259,43.04253],[-2.7627,43.04249],[-2.76279,43.04244],[-2.76285,43.04242]]}},{"type":"Feature","properties":{"id":626416168,"highway":"path"},"geometry":{"type":"LineString","coordinates":[[-2.76184,43.04346],[-2.76174,43.04347],[-2.7616,43.04352],[-2.76153,43.04358],[-2.76149,43.04365],[-2.76137,43.04371],[-2.76128,43.04374],[-2.76117,43.0438],[-2.76108,43.04384],[-2.76102,43.04385],[-2.76096,43.04388],[-2.76087,43.04393],[-2.76079,43.04398],[-2.76071,43.04404],[-2.76067,43.04407]]}},{"type":"Feature","properties":{"id":626416169,"highway":"path"},"geometry":{"type":"LineString","coordinates":[[-2.7569,43.04485],[-2.75702,43.04481],[-2.75725,43.0448],[-2.75737,43.04479],[-2.75745,43.04479],[-2.7575,43.04479],[-2.75766,43.04475],[-2.75775,43.04472],[-2.75784,43.04471],[-2.75792,43.04469],[-2.758,43.04469],[-2.75812,43.04471],[-2.75823,43.04472],[-2.75838,43.04473],[-2.75858,43.04473],[-2.75874,43.04473],[-2.75892,43.04474],[-2.75903,43.04474],[-2.75911,43.04475],[-2.75928,43.04473]]}},{"type":"Feature","properties":{"id":626416171,"highway":"track"},"geometry":{"type":"LineString","coordinates":[[-2.73529,43.04538],[-2.73536,43.04521],[-2.73536,43.04512],[-2.73532,43.04487],[-2.73527,43.04464],[-2.73526,43.04453],[-2.7353,43.04428],[-2.73534,43.04409],[-2.73539,43.044],[-2.73546,43.04392],[-2.73563,43.04375],[-2.73575,43.04365],[-2.7361,43.04339],[-2.73618,43.04334],[-2.73628,43.04332],[-2.73636,43.04331],[-2.73643,43.04332]]}},{"type":"Feature","properties":{"id":626416173,"highway":"path"},"geometry":{"type":"LineString","coordinates":[[-2.72521,43.06123],[-2.72546,43.06112],[-2.72569,43.06102],[-2.72579,43.06097],[-2.72592,43.06087],[-2.72602,43.06079],[-2.72607,43.06071],[-2.72613,43.06058],[-2.72625,43.06041],[-2.72642,43.06021],[-2.72648,43.06013],[-2.72655,43.05996],[-2.72664,43.05967],[-2.72674,43.05939],[-2.72684,43.05917],[-2.72704,43.05877],[-2.72732,43.05831],[-2.72755,43.058],[-2.72761,43.05796],[-2.72772,43.05791],[-2.72781,43.05786],[-2.72788,43.05778],[-2.72797,43.05764],[-2.72802,43.05756],[-2.72807,43.05747],[-2.72808,43.05739],[-2.72799,43.05733],[-2.72795,43.05729]]}},{"type":"Feature","properties":{"id":630047600,"highway":"footway"},"geometry":{"type":"LineString","coordinates":[[-2.73017,43.05161],[-2.7301,43.0516],[-2.73,43.05162],[-2.72993,43.05164],[-2.72975,43.05167],[-2.72964,43.05169]]}},{"type":"Feature","properties":{"id":649594390,"highway":"path"},"geometry":{"type":"LineString","coordinates":[[-2.72453,43.07039],[-2.72446,43.07044],[-2.72434,43.07057],[-2.72424,43.07067],[-2.72407,43.07085],[-2.72398,43.07094],[-2.72394,43.07099],[-2.72386,43.07109],[-2.72377,43.07118],[-2.72373,43.07121],[-2.72367,43.07123],[-2.72357,43.07122],[-2.72346,43.07119]]}},{"type":"Feature","properties":{"id":649594394,"highway":"path"},"geometry":{"type":"LineString","coordinates":[[-2.7014,43.07294],[-2.70163,43.07274],[-2.70184,43.07256],[-2.70198,43.07242],[-2.70206,43.07237],[-2.70209,43.07233],[-2.70215,43.07229],[-2.70216,43.07225],[-2.70221,43.07222]]}},{"type":"Feature","properties":{"id":649594400,"highway":"track"},"geometry":{"type":"LineString","coordinates":[[-2.72683,43.09934],[-2.72673,43.09934],[-2.7265,43.09936],[-2.72636,43.09938],[-2.72618,43.09942],[-2.72607,43.09949],[-2.72597,43.09957],[-2.72593,43.09964],[-2.72592,43.09969],[-2.72593,43.09991]]}},{"type":"Feature","properties":{"id":649594401,"highway":"track"},"geometry":{"type":"LineString","coordinates":[[-2.72616,43.10206],[-2.72626,43.10205],[-2.72658,43.10198],[-2.7267,43.10194],[-2.7268,43.10188],[-2.72685,43.10184],[-2.72695,43.10166],[-2.72703,43.10157],[-2.72714,43.10138],[-2.72725,43.10123],[-2.72733,43.10109],[-2.72733,43.10102],[-2.72726,43.10088],[-2.72698,43.10053],[-2.72662,43.10009],[-2.72646,43.09987],[-2.72644,43.09981],[-2.72644,43.09976],[-2.72648,43.09964],[-2.72651,43.09958],[-2.72663,43.09947],[-2.72669,43.09942],[-2.72677,43.09936],[-2.72683,43.09934],[-2.72696,43.09936],[-2.72711,43.09936],[-2.72717,43.09936],[-2.72723,43.09935],[-2.7273,43.0993],[-2.72737,43.0992],[-2.72744,43.0991],[-2.72752,43.09902],[-2.72765,43.09896],[-2.72776,43.09891],[-2.72788,43.09888],[-2.72805,43.09887],[-2.72817,43.09887],[-2.72851,43.09885],[-2.72867,43.09886],[-2.72872,43.09886],[-2.72882,43.09881],[-2.72888,43.09874],[-2.7289,43.09866],[-2.72887,43.09857],[-2.72881,43.0985],[-2.72872,43.09837],[-2.72864,43.09826],[-2.72857,43.09815],[-2.72855,43.09811],[-2.72858,43.09808],[-2.72864,43.09808],[-2.72869,43.09809],[-2.72894,43.09811],[-2.72914,43.09813],[-2.72938,43.09813],[-2.72949,43.09813],[-2.72961,43.09815],[-2.72973,43.09819],[-2.72985,43.09821],[-2.72993,43.09822],[-2.73002,43.09821]]}},{"type":"Feature","properties":{"id":649594404,"highway":"track"},"geometry":{"type":"LineString","coordinates":[[-2.72222,43.09894],[-2.72222,43.0989],[-2.72218,43.0988],[-2.72213,43.09874],[-2.72195,43.09859],[-2.72183,43.0985],[-2.72179,43.09845]]}},{"type":"Feature","properties":{"id":649594405,"highway":"path"},"geometry":{"type":"LineString","coordinates":[[-2.72217,43.0989],[-2.72222,43.0989]]}},{"type":"Feature","properties":{"id":653993758,"highway":"path","nombre":"Ipiñaburu auzoa"},"geometry":{"type":"LineString","coordinates":[[-2.79086,43.0521],[-2.79078,43.05195],[-2.7907,43.05179],[-2.79067,43.05171],[-2.79056,43.05158],[-2.7904,43.05146],[-2.79029,43.05138],[-2.79016,43.05131],[-2.79004,43.05127],[-2.7898,43.05115]]}},{"type":"Feature","properties":{"id":653993759,"highway":"path"},"geometry":{"type":"MultiLineString","coordinates":[[[-2.7971,43.06986],[-2.79703,43.06977],[-2.79697,43.06959],[-2.79692,43.06947],[-2.79692,43.06943],[-2.79693,43.06939]],[[-2.79692,43.06933],[-2.79685,43.06929],[-2.79683,43.06924],[-2.79677,43.06921],[-2.79666,43.06916],[-2.79659,43.06905],[-2.79655,43.06902],[-2.79656,43.06899]],[[-2.79525,43.06761],[-2.79522,43.06761]]]}},{"type":"Feature","properties":{"id":653996384,"highway":"path"},"geometry":{"type":"LineString","coordinates":[[-2.79528,43.06169],[-2.7956,43.06191],[-2.79576,43.06202],[-2.79583,43.06206],[-2.79617,43.06224],[-2.79633,43.06229],[-2.79652,43.06234],[-2.79666,43.06244],[-2.79682,43.06257],[-2.79692,43.0627],[-2.79701,43.06282]]}},{"type":"Feature","properties":{"id":671811873,"highway":"path","superficie":"grass"},"geometry":{"type":"LineString","coordinates":[[-2.73737,43.07565],[-2.73726,43.07563],[-2.73694,43.07554],[-2.7368,43.07548],[-2.73662,43.07537],[-2.73642,43.07523],[-2.73626,43.07508],[-2.73613,43.0751],[-2.736,43.07512],[-2.73573,43.0751],[-2.73539,43.07507],[-2.73523,43.07504],[-2.73496,43.07496],[-2.73469,43.0749]]}},{"type":"Feature","properties":{"id":671811874,"highway":"path","superficie":"grass"},"geometry":{"type":"LineString","coordinates":[[-2.73906,43.07619],[-2.73895,43.07614],[-2.73888,43.07613],[-2.73867,43.07606],[-2.73859,43.07604],[-2.73846,43.07604],[-2.73837,43.07607],[-2.73833,43.07614],[-2.73833,43.07625],[-2.73836,43.07638],[-2.73838,43.07647],[-2.73838,43.07651],[-2.73836,43.07654],[-2.73827,43.07654],[-2.7381,43.0765],[-2.73797,43.07649],[-2.73786,43.0765],[-2.73775,43.0765],[-2.73755,43.07646],[-2.73742,43.07641],[-2.73734,43.07636],[-2.73726,43.0763],[-2.73723,43.07623],[-2.73723,43.07614],[-2.73727,43.07605],[-2.73735,43.07596],[-2.73739,43.07584],[-2.7374,43.07575],[-2.73738,43.07569],[-2.73737,43.07565],[-2.73737,43.07562],[-2.73733,43.07553],[-2.73726,43.07543],[-2.73718,43.0753],[-2.73712,43.07518],[-2.7371,43.07506],[-2.73707,43.07491],[-2.737,43.07475],[-2.73696,43.07462],[-2.73689,43.0745],[-2.73677,43.07441],[-2.73662,43.07436],[-2.73645,43.0743],[-2.73633,43.07421],[-2.73624,43.07411],[-2.73619,43.07409]]}},{"type":"Feature","properties":{"id":671818030,"highway":"track"},"geometry":{"type":"LineString","coordinates":[[-2.76449,43.0857],[-2.76432,43.0857],[-2.76414,43.08573],[-2.764,43.08574],[-2.76383,43.0857],[-2.76363,43.08564],[-2.76335,43.08563],[-2.76312,43.0856],[-2.7629,43.0855],[-2.76268,43.08541]]}},{"type":"Feature","properties":{"id":671818031,"highway":"track"},"geometry":{"type":"LineString","coordinates":[[-2.75565,43.07835],[-2.75565,43.07842],[-2.75568,43.07847],[-2.75572,43.07852]]}},{"type":"Feature","properties":{"id":671818032,"highway":"track"},"geometry":{"type":"LineString","coordinates":[[-2.75545,43.07813],[-2.75549,43.0781],[-2.75549,43.07805],[-2.75549,43.07796],[-2.75548,43.07789],[-2.75548,43.07783]]}},{"type":"Feature","properties":{"id":671818033,"highway":"track"},"geometry":{"type":"LineString","coordinates":[[-2.75254,43.07835],[-2.75262,43.07835],[-2.75281,43.07831],[-2.75303,43.07823],[-2.75322,43.07817],[-2.75335,43.0781],[-2.75347,43.07804],[-2.7537,43.07793],[-2.75382,43.07785],[-2.75396,43.0778],[-2.75421,43.07775],[-2.75448,43.0777],[-2.75466,43.07769],[-2.75475,43.07772],[-2.75487,43.07778],[-2.75499,43.0779],[-2.75506,43.07803],[-2.75514,43.07811],[-2.75524,43.07814],[-2.75534,43.07814],[-2.75545,43.07813],[-2.75553,43.07816],[-2.75557,43.07823],[-2.75563,43.07832],[-2.75565,43.07835],[-2.75569,43.07841],[-2.75579,43.07845],[-2.756,43.07848],[-2.7562,43.07851],[-2.75635,43.07854]]}},{"type":"Feature","properties":{"id":671818035,"highway":"track"},"geometry":{"type":"LineString","coordinates":[[-2.76017,43.07521],[-2.75991,43.07533],[-2.75965,43.07551],[-2.75934,43.07576],[-2.75919,43.07586],[-2.7592,43.07593],[-2.75934,43.07603],[-2.75948,43.07611],[-2.75962,43.0762],[-2.75977,43.07629],[-2.75989,43.07658],[-2.76006,43.07682],[-2.76019,43.07704],[-2.76032,43.07721],[-2.7605,43.07734],[-2.76076,43.07749],[-2.76096,43.07755],[-2.76122,43.07774],[-2.76141,43.07786],[-2.76147,43.07797],[-2.76158,43.07823],[-2.76153,43.07839],[-2.76151,43.07855],[-2.76153,43.07871],[-2.76156,43.07877],[-2.76135,43.07892],[-2.76111,43.07912],[-2.76101,43.07927],[-2.76089,43.0794],[-2.76053,43.07964],[-2.76014,43.07984],[-2.75985,43.07998],[-2.75946,43.08025],[-2.75904,43.08054],[-2.75892,43.08071],[-2.75887,43.08085],[-2.75871,43.08094],[-2.75857,43.0811],[-2.75839,43.08128],[-2.75813,43.08146],[-2.75776,43.0816],[-2.75756,43.0817],[-2.75744,43.08185],[-2.7574,43.08203]]}},{"type":"Feature","properties":{"id":671818036,"highway":"path"},"geometry":{"type":"LineString","coordinates":[[-2.76196,43.07589],[-2.762,43.07583],[-2.76208,43.0757],[-2.76216,43.07554],[-2.76223,43.07539],[-2.76237,43.07508],[-2.76242,43.07499],[-2.76249,43.07492],[-2.76248,43.07504],[-2.76251,43.07517],[-2.76254,43.07526],[-2.76264,43.07544],[-2.76274,43.07561],[-2.76284,43.07574],[-2.763,43.07592],[-2.76322,43.07609],[-2.76334,43.0762],[-2.76363,43.07639],[-2.7638,43.07651],[-2.76398,43.07665],[-2.76417,43.0768]]}},{"type":"Feature","properties":{"id":671818037,"highway":"track"},"geometry":{"type":"LineString","coordinates":[[-2.76178,43.07515],[-2.76181,43.07513],[-2.76183,43.07511],[-2.76186,43.07507],[-2.76195,43.07493],[-2.762,43.07488],[-2.76217,43.07463],[-2.76228,43.07451],[-2.76235,43.07444],[-2.76241,43.07447],[-2.76245,43.07466],[-2.76247,43.07479],[-2.76247,43.07488],[-2.76249,43.07492],[-2.76254,43.07492],[-2.76263,43.07485],[-2.76272,43.07477],[-2.76279,43.07471]]}},{"type":"Feature","properties":{"id":671818038,"highway":"track"},"geometry":{"type":"LineString","coordinates":[[-2.76182,43.07476],[-2.76171,43.07485],[-2.7616,43.0749],[-2.76138,43.07495]]}},{"type":"Feature","properties":{"id":671818039,"highway":"track","superficie":"ground"},"geometry":{"type":"LineString","coordinates":[[-2.7619,43.07456],[-2.76182,43.07476],[-2.76179,43.07489],[-2.76177,43.07501],[-2.76176,43.07512],[-2.76178,43.07515],[-2.76178,43.07526]]}},{"type":"Feature","properties":{"id":671818040,"highway":"path","superficie":"ground"},"geometry":{"type":"LineString","coordinates":[[-2.77103,43.07128],[-2.77097,43.0713],[-2.77083,43.07127],[-2.77069,43.07128],[-2.77019,43.0714],[-2.77006,43.07141],[-2.76942,43.07143],[-2.76878,43.07145],[-2.76837,43.0715],[-2.76788,43.07165],[-2.76712,43.07185],[-2.76701,43.07189],[-2.76694,43.07195],[-2.76685,43.07204],[-2.76669,43.0722],[-2.76651,43.07246],[-2.76645,43.07255],[-2.76636,43.07263],[-2.76632,43.07267],[-2.76619,43.07279],[-2.766,43.07287],[-2.76582,43.07293],[-2.7657,43.07292],[-2.76553,43.07285],[-2.7654,43.07276],[-2.76522,43.07273],[-2.765,43.07276],[-2.76488,43.0728],[-2.76468,43.0729],[-2.76451,43.07301],[-2.76442,43.07311],[-2.76438,43.07315],[-2.7643,43.0732],[-2.76417,43.07324],[-2.76401,43.07329],[-2.76361,43.07335],[-2.76326,43.07338],[-2.76312,43.07341],[-2.76298,43.07347],[-2.7629,43.07356],[-2.76273,43.07368],[-2.76256,43.07382],[-2.7624,43.07392],[-2.76214,43.07413],[-2.76209,43.0742],[-2.76204,43.07431],[-2.7619,43.07456]]}},{"type":"Feature","properties":{"id":671818041,"highway":"track"},"geometry":{"type":"LineString","coordinates":[[-2.7557,43.07433],[-2.75568,43.07437],[-2.75562,43.07442],[-2.75544,43.07451],[-2.75523,43.07465],[-2.75514,43.07471],[-2.75507,43.07478],[-2.75507,43.07485],[-2.75508,43.07491],[-2.75515,43.07498],[-2.75526,43.07506],[-2.7554,43.07512],[-2.75553,43.07518],[-2.75565,43.07527],[-2.75577,43.07537],[-2.75592,43.07548],[-2.75604,43.07558],[-2.75624,43.07583],[-2.75632,43.0759],[-2.75639,43.0759],[-2.75671,43.07587],[-2.75707,43.07581],[-2.75739,43.07575],[-2.75768,43.07572],[-2.75789,43.07565],[-2.7581,43.07557],[-2.75829,43.07547],[-2.75845,43.07542],[-2.75874,43.0754],[-2.75891,43.07535],[-2.75906,43.07533],[-2.75943,43.07534],[-2.75972,43.0753],[-2.76017,43.07521],[-2.76055,43.07512],[-2.76109,43.07501],[-2.76138,43.07495]]}},{"type":"Feature","properties":{"id":671818042,"highway":"track"},"geometry":{"type":"LineString","coordinates":[[-2.7684,43.06654],[-2.76833,43.06659],[-2.76829,43.0666],[-2.76821,43.06661],[-2.76807,43.06661],[-2.76793,43.0666],[-2.76762,43.0666],[-2.76731,43.06657],[-2.76718,43.06657],[-2.7671,43.06659],[-2.767,43.06664],[-2.76681,43.06675],[-2.76665,43.06687],[-2.76644,43.06695],[-2.76614,43.06701],[-2.76594,43.06705],[-2.76575,43.06703],[-2.76564,43.06703],[-2.76543,43.06706],[-2.76515,43.06715],[-2.7647,43.06722],[-2.76436,43.06729],[-2.76408,43.06734],[-2.76386,43.0674],[-2.76363,43.06753],[-2.76341,43.06764],[-2.76326,43.06769],[-2.76294,43.06773],[-2.76275,43.06781],[-2.76258,43.06793],[-2.76246,43.06801],[-2.76229,43.06806],[-2.76221,43.06812],[-2.76212,43.06824],[-2.76211,43.06835],[-2.76203,43.06846],[-2.76204,43.06851],[-2.76219,43.06858],[-2.7625,43.06867],[-2.76259,43.06871],[-2.76265,43.0688],[-2.76258,43.06886],[-2.7624,43.06895],[-2.76223,43.06903],[-2.76214,43.06916],[-2.76208,43.06925],[-2.76195,43.06938],[-2.76176,43.0695],[-2.76151,43.06966],[-2.76135,43.06982],[-2.76113,43.07003],[-2.7609,43.07027],[-2.7608,43.07035],[-2.76052,43.07054],[-2.76032,43.07082],[-2.76008,43.0711],[-2.76002,43.07114],[-2.75991,43.07119],[-2.75966,43.0712],[-2.7594,43.07127],[-2.759,43.07141],[-2.75873,43.07153],[-2.75863,43.07161],[-2.75845,43.07182],[-2.7583,43.07201],[-2.75816,43.07232],[-2.75812,43.07262],[-2.758,43.07276],[-2.75786,43.07289],[-2.75759,43.07299],[-2.75743,43.07308],[-2.75727,43.0732],[-2.7572,43.07335],[-2.75712,43.07346],[-2.75701,43.07354],[-2.75685,43.0736],[-2.75661,43.07369],[-2.75649,43.07381],[-2.75641,43.07393],[-2.75639,43.07409],[-2.75641,43.07425],[-2.75646,43.07442],[-2.75642,43.07449],[-2.75633,43.07452],[-2.75616,43.07453],[-2.7559,43.07444],[-2.7557,43.07433],[-2.75562,43.07426],[-2.75549,43.07425],[-2.75522,43.07426],[-2.75508,43.07426],[-2.75493,43.07423],[-2.75479,43.07419],[-2.75471,43.07419],[-2.75461,43.07421],[-2.75458,43.07423],[-2.75449,43.07432],[-2.75444,43.07441],[-2.75429,43.07469],[-2.75424,43.07494],[-2.75415,43.07502],[-2.75383,43.07543],[-2.75365,43.07573],[-2.75356,43.07606],[-2.75349,43.07645],[-2.75344,43.0766],[-2.7532,43.07687],[-2.75311,43.07699],[-2.75298,43.07715],[-2.75293,43.07737],[-2.7528,43.07768],[-2.75265,43.07794],[-2.75261,43.07806],[-2.75258,43.07811]]}},{"type":"Feature","properties":{"id":671818043,"highway":"track"},"geometry":{"type":"LineString","coordinates":[[-2.75723,43.07078],[-2.75724,43.07088],[-2.75724,43.07092],[-2.75728,43.07103],[-2.75739,43.07114],[-2.75742,43.07121],[-2.7574,43.07132],[-2.7574,43.07144],[-2.75741,43.07157],[-2.75737,43.07163],[-2.7573,43.07174],[-2.75722,43.07183],[-2.75715,43.07198],[-2.75709,43.07207],[-2.75703,43.0721],[-2.75689,43.07214],[-2.75673,43.07217],[-2.75667,43.07219],[-2.75662,43.07222],[-2.75649,43.07231],[-2.75633,43.07241],[-2.75617,43.07251],[-2.75612,43.07255],[-2.7561,43.07263],[-2.75601,43.07274],[-2.75585,43.07293],[-2.75574,43.07305],[-2.75561,43.07316],[-2.75543,43.07321],[-2.75512,43.07325],[-2.75499,43.0733],[-2.75486,43.07339],[-2.75489,43.07344],[-2.75496,43.07349],[-2.75502,43.07353],[-2.75504,43.07355],[-2.75503,43.07358],[-2.75488,43.07365],[-2.75474,43.07368],[-2.75467,43.07369],[-2.75455,43.0737],[-2.75449,43.07375],[-2.75445,43.07386],[-2.75446,43.07392],[-2.75454,43.07403],[-2.75457,43.07412],[-2.75458,43.07423]]}},{"type":"Feature","properties":{"id":671818044,"highway":"track"},"geometry":{"type":"LineString","coordinates":[[-2.75662,43.07222],[-2.75659,43.07215],[-2.75654,43.07211],[-2.75637,43.07206],[-2.75624,43.07201],[-2.75586,43.07196],[-2.75577,43.07189],[-2.75575,43.07182],[-2.75584,43.07174],[-2.75597,43.07168],[-2.75613,43.07164],[-2.75635,43.07159],[-2.75661,43.07156],[-2.75665,43.07152],[-2.75664,43.07148],[-2.75656,43.0714],[-2.75641,43.07129],[-2.75616,43.07111],[-2.7561,43.07108],[-2.75585,43.07107],[-2.75563,43.07107],[-2.7554,43.07103],[-2.75519,43.07101],[-2.75505,43.07106],[-2.75491,43.07116],[-2.75474,43.07137],[-2.75463,43.07144],[-2.75444,43.0715],[-2.75415,43.07155],[-2.75399,43.0716],[-2.75381,43.07171],[-2.75365,43.07174],[-2.75353,43.07172],[-2.7532,43.07156],[-2.75306,43.07152],[-2.75291,43.07154],[-2.75278,43.07161],[-2.75268,43.07174],[-2.75257,43.07195],[-2.75243,43.07212],[-2.75231,43.07214],[-2.75221,43.07204],[-2.7522,43.07197],[-2.75218,43.07168],[-2.75217,43.07136],[-2.75221,43.07119],[-2.75238,43.07094],[-2.75251,43.0708],[-2.75261,43.07059],[-2.75275,43.07046],[-2.753,43.07033],[-2.75322,43.07024],[-2.75345,43.07018],[-2.7537,43.07014],[-2.75388,43.07007],[-2.75394,43.06997],[-2.75396,43.06992],[-2.75399,43.06981],[-2.75413,43.06969],[-2.75438,43.06956],[-2.75457,43.06947],[-2.75473,43.06934],[-2.7549,43.06915],[-2.75505,43.06903],[-2.75517,43.06893],[-2.75543,43.06877],[-2.75561,43.06863],[-2.75581,43.06847],[-2.75597,43.06839],[-2.75604,43.06835],[-2.75616,43.06829],[-2.75628,43.06821],[-2.75632,43.06818],[-2.75638,43.06808],[-2.7565,43.06791],[-2.75654,43.06783],[-2.7566,43.06769],[-2.75663,43.06761],[-2.7567,43.06754],[-2.75685,43.06742],[-2.75702,43.06725],[-2.75702,43.06723],[-2.75703,43.06721],[-2.75703,43.06716],[-2.75696,43.06704],[-2.75698,43.06691]]}},{"type":"Feature","properties":{"id":671818045,"highway":"path"},"geometry":{"type":"LineString","coordinates":[[-2.75149,43.06472],[-2.75153,43.06478],[-2.7517,43.06486],[-2.75179,43.06489],[-2.75207,43.06492],[-2.75225,43.06493],[-2.75244,43.06493],[-2.75271,43.06496],[-2.75292,43.06501],[-2.75314,43.06505],[-2.7535,43.06504],[-2.75392,43.06502],[-2.75414,43.06501],[-2.75434,43.065],[-2.7544,43.06502],[-2.75464,43.06521],[-2.75476,43.06531],[-2.75511,43.06546],[-2.75528,43.06554],[-2.75535,43.06558],[-2.75537,43.06559]]}},{"type":"Feature","properties":{"id":671818046,"highway":"path","superficie":"grass"},"geometry":{"type":"LineString","coordinates":[[-2.74922,43.06064],[-2.74924,43.06064],[-2.74931,43.06064],[-2.74948,43.06066],[-2.74962,43.06068],[-2.74972,43.06068],[-2.74993,43.06061],[-2.75006,43.06057],[-2.75027,43.06052],[-2.75054,43.06042],[-2.75084,43.06033],[-2.7511,43.06025]]}},{"type":"Feature","properties":{"id":671818048,"highway":"path"},"geometry":{"type":"LineString","coordinates":[[-2.74795,43.06376],[-2.748,43.06376],[-2.74809,43.06372],[-2.7482,43.06363],[-2.7484,43.06345],[-2.74862,43.06325],[-2.74869,43.06315],[-2.74877,43.06296],[-2.74883,43.06278],[-2.74885,43.06257],[-2.74887,43.06235],[-2.74886,43.06218],[-2.74875,43.06194],[-2.74856,43.06163],[-2.74847,43.06149],[-2.74827,43.0614],[-2.74808,43.06124],[-2.74794,43.06108],[-2.74785,43.06089],[-2.74778,43.06065],[-2.74776,43.06046],[-2.74782,43.06037],[-2.74798,43.06022],[-2.74801,43.06015],[-2.74797,43.06008],[-2.7479,43.05991],[-2.74784,43.05984],[-2.74783,43.05982]]}},{"type":"Feature","properties":{"id":671818049,"highway":"path","nombre":"Ipiñaburu auzoa"},"geometry":{"type":"LineString","coordinates":[[-2.7425,43.06469],[-2.74265,43.06469],[-2.74284,43.06466],[-2.74297,43.06457],[-2.74334,43.06441],[-2.74352,43.06432],[-2.74369,43.06424],[-2.74377,43.06416],[-2.74389,43.06402],[-2.74394,43.06396],[-2.74399,43.06393],[-2.74422,43.06386],[-2.74444,43.06377],[-2.74456,43.06369],[-2.74468,43.06365],[-2.74482,43.06361],[-2.74495,43.06355],[-2.74536,43.0636],[-2.74569,43.06369],[-2.74584,43.06376],[-2.7463,43.06376],[-2.74699,43.06373],[-2.74721,43.06373],[-2.74764,43.06374],[-2.74784,43.06376],[-2.74795,43.06376]]}},{"type":"Feature","properties":{"id":671818050,"highway":"track"},"geometry":{"type":"LineString","coordinates":[[-2.74265,43.0646],[-2.74268,43.06449],[-2.74265,43.06441],[-2.74258,43.06432],[-2.74246,43.06425]]}},{"type":"Feature","properties":{"id":671818051,"highway":"track","nombre":"Ipiñaburu auzoa"},"geometry":{"type":"LineString","coordinates":[[-2.7412,43.06519],[-2.74123,43.06515],[-2.74137,43.06509],[-2.74149,43.06508],[-2.74163,43.06507],[-2.7417,43.06501],[-2.74181,43.06488],[-2.74189,43.0648],[-2.74196,43.06477],[-2.74209,43.06473],[-2.74226,43.06471],[-2.7425,43.06469],[-2.74261,43.06465],[-2.74265,43.0646]]}},{"type":"Feature","properties":{"id":671818052,"highway":"track"},"geometry":{"type":"LineString","coordinates":[[-2.73998,43.06399],[-2.74001,43.06397],[-2.74006,43.06393],[-2.74031,43.06389],[-2.74048,43.06391],[-2.74062,43.06397]]}},{"type":"Feature","properties":{"id":671818053,"highway":"track"},"geometry":{"type":"LineString","coordinates":[[-2.74001,43.06397],[-2.73988,43.06387],[-2.73978,43.0638],[-2.73969,43.06376],[-2.73953,43.06373],[-2.73937,43.06367],[-2.73925,43.06361]]}},{"type":"Feature","properties":{"id":671818054,"highway":"track"},"geometry":{"type":"LineString","coordinates":[[-2.74117,43.06558],[-2.74125,43.06553],[-2.74131,43.06546],[-2.74133,43.06535],[-2.74124,43.06527],[-2.7412,43.06519],[-2.74112,43.06511],[-2.74101,43.06496],[-2.74092,43.06488],[-2.74064,43.0647],[-2.74045,43.06455],[-2.74034,43.06442],[-2.74018,43.06418],[-2.74004,43.06407],[-2.73998,43.06399]]}},{"type":"Feature","properties":{"id":671818056,"highway":"service","nombre":"Undurraga auzoa"},"geometry":{"type":"LineString","coordinates":[[-2.73611,43.07403],[-2.73619,43.07409],[-2.73627,43.07417],[-2.73635,43.07429],[-2.73644,43.07441],[-2.73648,43.07448],[-2.73647,43.07451],[-2.73634,43.0745],[-2.73617,43.07447],[-2.73601,43.07446],[-2.73585,43.07446]]}},{"type":"Feature","properties":{"id":671818440,"highway":"track"},"geometry":{"type":"LineString","coordinates":[[-2.76595,43.08373],[-2.76615,43.08355]]}},{"type":"Feature","properties":{"id":671818441,"highway":"track"},"geometry":{"type":"LineString","coordinates":[[-2.76521,43.08446],[-2.76526,43.08444],[-2.7654,43.08432],[-2.76572,43.08403],[-2.76583,43.08387],[-2.76595,43.08373],[-2.76604,43.08368],[-2.76613,43.08364],[-2.7662,43.08367]]}},{"type":"Feature","properties":{"id":674793271,"highway":"track","superficie":"gravel"},"geometry":{"type":"LineString","coordinates":[[-2.78515,43.08559],[-2.78531,43.0857],[-2.78546,43.08587],[-2.78553,43.08601],[-2.78565,43.08606]]}},{"type":"Feature","properties":{"id":674793289,"highway":"track","superficie":"gravel"},"geometry":{"type":"LineString","coordinates":[[-2.78515,43.08559],[-2.78516,43.08565],[-2.78521,43.08581],[-2.78519,43.08589],[-2.78514,43.08618],[-2.78519,43.08633],[-2.78529,43.0866],[-2.78549,43.08682],[-2.78556,43.08687],[-2.7859,43.08712],[-2.78609,43.08731],[-2.78627,43.0875],[-2.78634,43.08773],[-2.78637,43.08781],[-2.78642,43.08813],[-2.78655,43.0883],[-2.78666,43.08838],[-2.78719,43.08875],[-2.78729,43.08888],[-2.78734,43.08894],[-2.78738,43.08899],[-2.7875,43.08932],[-2.78781,43.08997],[-2.78782,43.09003],[-2.78792,43.09031],[-2.78802,43.09049],[-2.78809,43.09064],[-2.78819,43.09074]]}},{"type":"Feature","properties":{"id":674793293,"highway":"track","superficie":"gravel"},"geometry":{"type":"LineString","coordinates":[[-2.78808,43.09119],[-2.78783,43.09136],[-2.7875,43.09148],[-2.78741,43.09156],[-2.78744,43.09216],[-2.78738,43.09268],[-2.7874,43.0928]]}},{"type":"Feature","properties":{"id":674793296,"highway":"track","superficie":"gravel"},"geometry":{"type":"LineString","coordinates":[[-2.78819,43.09074],[-2.7884,43.09085],[-2.78857,43.0909],[-2.78861,43.09096],[-2.78856,43.09102],[-2.78844,43.09105],[-2.78828,43.09109],[-2.78808,43.09119]]}},{"type":"Feature","properties":{"id":674793301,"highway":"path","superficie":"grass"},"geometry":{"type":"LineString","coordinates":[[-2.78808,43.09119],[-2.78809,43.09115],[-2.78811,43.09111],[-2.78815,43.09106],[-2.78816,43.09103],[-2.78819,43.09097],[-2.78822,43.09091],[-2.78823,43.09086],[-2.78822,43.09079],[-2.78819,43.09074]]}},{"type":"Feature","properties":{"id":674793304,"highway":"track","superficie":"gravel"},"geometry":{"type":"LineString","coordinates":[[-2.7874,43.0928],[-2.78748,43.09289],[-2.7876,43.09295],[-2.78794,43.09307],[-2.788,43.09313],[-2.78798,43.09322],[-2.78788,43.09339],[-2.78771,43.09352],[-2.78751,43.09359],[-2.78731,43.09362],[-2.78708,43.09362],[-2.78693,43.09366]]}},{"type":"Feature","properties":{"id":674793308,"highway":"track","superficie":"gravel"},"geometry":{"type":"LineString","coordinates":[[-2.78693,43.09366],[-2.78686,43.09374],[-2.78688,43.09384],[-2.78697,43.09393],[-2.78725,43.09413],[-2.78728,43.09423],[-2.78723,43.09431],[-2.78713,43.09438],[-2.78696,43.09447],[-2.78683,43.09476],[-2.78683,43.09501],[-2.7869,43.09511],[-2.78707,43.09517],[-2.78752,43.09516],[-2.78764,43.09521],[-2.78767,43.09528],[-2.78764,43.09538],[-2.78751,43.09562],[-2.78748,43.09576],[-2.78748,43.09593],[-2.78749,43.09642],[-2.7874,43.09717],[-2.78735,43.09728],[-2.78719,43.09749],[-2.78706,43.09757],[-2.78665,43.09766],[-2.78631,43.09777],[-2.78616,43.09777],[-2.78604,43.09774],[-2.78597,43.09772],[-2.78584,43.09772],[-2.78571,43.09779],[-2.78512,43.09857],[-2.78506,43.09862],[-2.78496,43.0987],[-2.7845,43.09889],[-2.78407,43.09907],[-2.78397,43.09909],[-2.78384,43.09912],[-2.78326,43.0993],[-2.78248,43.09954],[-2.7823,43.09957],[-2.78218,43.09962],[-2.7821,43.09969],[-2.78188,43.10006],[-2.78181,43.1003],[-2.78181,43.10058],[-2.78187,43.10116],[-2.78199,43.10149],[-2.78199,43.10162],[-2.78197,43.10202],[-2.78201,43.10243],[-2.78201,43.10267],[-2.78193,43.10316],[-2.78192,43.10362],[-2.78183,43.1038],[-2.78158,43.10404],[-2.78129,43.10421],[-2.78095,43.10433],[-2.78058,43.10438],[-2.78025,43.10451],[-2.77975,43.10464],[-2.77963,43.1047],[-2.77953,43.10482],[-2.77943,43.10501]]}},{"type":"Feature","properties":{"id":674793316,"highway":"path","superficie":"grass"},"geometry":{"type":"LineString","coordinates":[[-2.78693,43.09366],[-2.78698,43.09359],[-2.78698,43.09352],[-2.78705,43.09343],[-2.78715,43.09331],[-2.78721,43.09325],[-2.78728,43.09318],[-2.78735,43.09304],[-2.78737,43.09295],[-2.78738,43.09289],[-2.7874,43.0928]]}},{"type":"Feature","properties":{"id":674793319,"highway":"track","superficie":"gravel"},"geometry":{"type":"LineString","coordinates":[[-2.77943,43.10501],[-2.77912,43.10477],[-2.77887,43.1046],[-2.77882,43.10452],[-2.77886,43.10441],[-2.77896,43.10427],[-2.77899,43.10416],[-2.77896,43.10408],[-2.77877,43.10391],[-2.77873,43.10379],[-2.77882,43.10361],[-2.77882,43.1035],[-2.77876,43.1034],[-2.77866,43.10331],[-2.77842,43.10321],[-2.77806,43.10298],[-2.77798,43.10285],[-2.77795,43.1027],[-2.77796,43.10245],[-2.77793,43.10235],[-2.77783,43.10228],[-2.77744,43.10214],[-2.77728,43.10199],[-2.77703,43.10182]]}},{"type":"Feature","properties":{"id":674793324,"highway":"track"},"geometry":{"type":"LineString","coordinates":[[-2.77949,43.10505],[-2.77943,43.10501]]}},{"type":"Feature","properties":{"id":674793326,"highway":"track"},"geometry":{"type":"LineString","coordinates":[[-2.78521,43.10438],[-2.78514,43.10437],[-2.78508,43.10436],[-2.78503,43.10434],[-2.78499,43.10432],[-2.78488,43.10424],[-2.78484,43.10423],[-2.78478,43.1042],[-2.78472,43.10419],[-2.78468,43.10419],[-2.78456,43.10421],[-2.78449,43.10423],[-2.78444,43.10425],[-2.78438,43.10431],[-2.78436,43.10433],[-2.78434,43.10437],[-2.78429,43.10441],[-2.78423,43.10443],[-2.78417,43.10445],[-2.78412,43.10445],[-2.78405,43.10445],[-2.78399,43.10445],[-2.78394,43.10445],[-2.7839,43.10445],[-2.78385,43.10447],[-2.7838,43.10451],[-2.78375,43.10457],[-2.78371,43.10462],[-2.78369,43.10463],[-2.78364,43.10467],[-2.7836,43.10469],[-2.78356,43.10471],[-2.78353,43.10471],[-2.78349,43.10471],[-2.78346,43.10471],[-2.78342,43.10469],[-2.7834,43.10468],[-2.78333,43.10464],[-2.78328,43.10461],[-2.78326,43.10461],[-2.78324,43.10461],[-2.78318,43.10463],[-2.78316,43.10465],[-2.7831,43.10468],[-2.78306,43.10473],[-2.78301,43.10477],[-2.78296,43.10479],[-2.78291,43.10481],[-2.78274,43.10482],[-2.78251,43.10482],[-2.78246,43.10482],[-2.7824,43.10484],[-2.78222,43.10486],[-2.78213,43.10486],[-2.78203,43.10488],[-2.78194,43.10488],[-2.78166,43.10493],[-2.78159,43.10493],[-2.78152,43.10493],[-2.78147,43.10493],[-2.78128,43.10488],[-2.78112,43.10483],[-2.78108,43.10482],[-2.78103,43.10482],[-2.78098,43.10483],[-2.78068,43.10488],[-2.78045,43.10491],[-2.78032,43.10491],[-2.78021,43.10492],[-2.78011,43.10494],[-2.77991,43.105],[-2.7798,43.10505],[-2.77966,43.10511]]}},{"type":"Feature","properties":{"id":679338986,"highway":"path","superficie":"ground"},"geometry":{"type":"LineString","coordinates":[[-2.70509,43.08521],[-2.70495,43.08515],[-2.70473,43.08506],[-2.70461,43.08501],[-2.70452,43.08498]]}},{"type":"Feature","properties":{"id":679338987,"highway":"path","superficie":"ground"},"geometry":{"type":"LineString","coordinates":[[-2.70483,43.08523],[-2.7049,43.08524],[-2.70502,43.08523],[-2.70509,43.08521],[-2.70523,43.08527],[-2.70536,43.08535],[-2.70544,43.08541],[-2.70553,43.08551]]}},{"type":"Feature","properties":{"id":679339275,"highway":"track"},"geometry":{"type":"LineString","coordinates":[[-2.70969,43.08697],[-2.70983,43.08693],[-2.71008,43.08673],[-2.71024,43.08658],[-2.71042,43.08646],[-2.71061,43.08632],[-2.71075,43.08618],[-2.71087,43.08608],[-2.71102,43.08602],[-2.71118,43.08595],[-2.71152,43.08587],[-2.71169,43.08585],[-2.71192,43.08588],[-2.71212,43.08589],[-2.71225,43.08589],[-2.71241,43.08582],[-2.71254,43.08572],[-2.7127,43.08562]]}},{"type":"Feature","properties":{"id":679339276,"highway":"track"},"geometry":{"type":"LineString","coordinates":[[-2.71481,43.08099],[-2.71471,43.08106],[-2.7145,43.08111],[-2.71419,43.08115],[-2.71402,43.08118],[-2.71375,43.08125],[-2.71364,43.0813],[-2.71343,43.08137],[-2.71324,43.08147],[-2.7131,43.08157],[-2.71295,43.08175],[-2.71291,43.08185],[-2.71293,43.08195],[-2.71296,43.08199],[-2.7131,43.08204],[-2.71333,43.08212],[-2.71348,43.0822],[-2.71367,43.08232],[-2.71376,43.08241],[-2.71395,43.08247],[-2.71416,43.08256],[-2.71434,43.08263],[-2.71453,43.08278],[-2.71466,43.08299],[-2.7148,43.08325],[-2.71493,43.08342],[-2.71514,43.08368],[-2.71526,43.08387],[-2.71546,43.08405],[-2.71559,43.08419],[-2.71566,43.0843],[-2.71566,43.08441],[-2.71563,43.08448]]}},{"type":"Feature","properties":{"id":679339277,"highway":"track"},"geometry":{"type":"LineString","coordinates":[[-2.7127,43.08562],[-2.71291,43.08548],[-2.71298,43.08541],[-2.71299,43.08533],[-2.71295,43.08515],[-2.7129,43.08499],[-2.71289,43.0849],[-2.71292,43.08486],[-2.713,43.08485],[-2.71309,43.08487],[-2.71323,43.08494],[-2.71338,43.08502],[-2.71347,43.08508],[-2.71353,43.08508],[-2.71354,43.08505],[-2.71346,43.08489],[-2.7134,43.08475],[-2.71334,43.08467],[-2.71329,43.08456],[-2.71328,43.08442],[-2.71325,43.08434],[-2.71311,43.08424],[-2.71279,43.084],[-2.71271,43.08392],[-2.71268,43.08386],[-2.71274,43.08381],[-2.713,43.08378],[-2.71336,43.0838],[-2.71356,43.08383],[-2.71369,43.08386],[-2.71389,43.0839],[-2.71407,43.08392],[-2.71446,43.08403],[-2.71469,43.08404],[-2.7149,43.08408],[-2.71504,43.08418],[-2.71512,43.08429],[-2.71528,43.08436],[-2.71539,43.08439],[-2.71549,43.08443],[-2.71563,43.08448],[-2.71581,43.08458],[-2.71607,43.08474],[-2.71641,43.08501],[-2.71672,43.08522],[-2.71709,43.08545],[-2.71712,43.08547],[-2.71729,43.08551],[-2.71774,43.08556],[-2.71803,43.08556],[-2.71819,43.08557],[-2.71834,43.08555],[-2.71846,43.08551],[-2.71871,43.08531],[-2.71885,43.08514],[-2.71894,43.08498],[-2.71893,43.08488],[-2.71887,43.08476]]}},{"type":"Feature","properties":{"id":679341198,"highway":"track"},"geometry":{"type":"LineString","coordinates":[[-2.76879,43.09709],[-2.76885,43.09702],[-2.76893,43.09694],[-2.76899,43.09689],[-2.76904,43.09679],[-2.76904,43.09668],[-2.76908,43.0966],[-2.76916,43.09643],[-2.76918,43.09638]]}},{"type":"Feature","properties":{"id":679341201,"highway":"path","superficie":"grass"},"geometry":{"type":"LineString","coordinates":[[-2.76621,43.09587],[-2.76622,43.09584],[-2.76628,43.09583],[-2.76645,43.09584],[-2.76651,43.09585],[-2.76656,43.09591],[-2.76655,43.09599],[-2.76659,43.09602],[-2.76661,43.09605],[-2.76663,43.09609],[-2.7667,43.09611],[-2.76675,43.09612],[-2.76688,43.09614],[-2.76698,43.09613],[-2.76706,43.09612],[-2.7671,43.09606],[-2.76712,43.096],[-2.76711,43.09593],[-2.76723,43.09593],[-2.7673,43.09593],[-2.76735,43.09592],[-2.7674,43.09586],[-2.76746,43.09586],[-2.76756,43.0959],[-2.76761,43.09591],[-2.76791,43.09602],[-2.76796,43.09604],[-2.76815,43.0961],[-2.76833,43.09633],[-2.76839,43.09639],[-2.76848,43.0965],[-2.76861,43.09658],[-2.76884,43.09663],[-2.76904,43.09668]]}},{"type":"Feature","properties":{"id":679341585,"highway":"path","superficie":"grass"},"geometry":{"type":"LineString","coordinates":[[-2.76883,43.09751],[-2.76886,43.09753],[-2.769,43.09753],[-2.76911,43.09751],[-2.76914,43.09748],[-2.76923,43.09741],[-2.76928,43.09737],[-2.76935,43.09734],[-2.76948,43.09735],[-2.76952,43.09736],[-2.76972,43.09743],[-2.76977,43.09745],[-2.76993,43.09752],[-2.7701,43.09759],[-2.77024,43.09763],[-2.7704,43.09763],[-2.77051,43.09759],[-2.77061,43.0975],[-2.77067,43.09748],[-2.77072,43.09749],[-2.7708,43.09754],[-2.77091,43.09767],[-2.771,43.09772],[-2.77111,43.09777],[-2.77115,43.09778]]}},{"type":"Feature","properties":{"id":679341876,"highway":"track"},"geometry":{"type":"LineString","coordinates":[[-2.76503,43.10232],[-2.76502,43.10228],[-2.76492,43.10225],[-2.76454,43.10219],[-2.76435,43.1022],[-2.76418,43.10225],[-2.76396,43.10222],[-2.76366,43.10212],[-2.76339,43.102],[-2.76329,43.10198],[-2.76315,43.10202],[-2.76308,43.10205],[-2.76305,43.10207],[-2.76296,43.10208],[-2.76287,43.10201],[-2.76285,43.10194],[-2.76289,43.10186],[-2.76308,43.10169],[-2.76318,43.1016],[-2.76329,43.10157],[-2.76343,43.10158],[-2.76355,43.10157],[-2.76376,43.10149],[-2.76398,43.10143],[-2.76429,43.10138],[-2.76448,43.10135]]}},{"type":"Feature","properties":{"id":679341877,"highway":"track"},"geometry":{"type":"LineString","coordinates":[[-2.76448,43.10135],[-2.76469,43.10125],[-2.76482,43.10115],[-2.76492,43.10106],[-2.76502,43.10102],[-2.76518,43.10099],[-2.76539,43.10096],[-2.76539,43.10093],[-2.76516,43.10091],[-2.76508,43.10087]]}},{"type":"Feature","properties":{"id":679341878,"highway":"living_street"},"geometry":{"type":"LineString","coordinates":[[-2.76508,43.10087],[-2.76503,43.10084],[-2.76518,43.10067]]}},{"type":"Feature","properties":{"id":679341879,"highway":"track"},"geometry":{"type":"LineString","coordinates":[[-2.76505,43.10548],[-2.7649,43.1055],[-2.76478,43.10549],[-2.76465,43.10545],[-2.76449,43.10531],[-2.76428,43.10508],[-2.76412,43.10493],[-2.76387,43.10472],[-2.76371,43.10456],[-2.76347,43.10436],[-2.76332,43.10417],[-2.7631,43.10387],[-2.76302,43.10371],[-2.76299,43.10366],[-2.76292,43.1035],[-2.76291,43.10333],[-2.76293,43.1032],[-2.76299,43.10308],[-2.76307,43.10298],[-2.76331,43.10281],[-2.76341,43.10269],[-2.76353,43.10262],[-2.76391,43.10256],[-2.76418,43.10253],[-2.7643,43.10249],[-2.76443,43.10242],[-2.76459,43.10236],[-2.76478,43.10236],[-2.7649,43.10236],[-2.76503,43.10232]]}},{"type":"Feature","properties":{"id":679341880,"highway":"track"},"geometry":{"type":"LineString","coordinates":[[-2.76503,43.10657],[-2.76503,43.10581],[-2.76502,43.1057],[-2.76502,43.1056],[-2.76503,43.10551],[-2.76505,43.10548],[-2.76507,43.10545],[-2.76514,43.10541],[-2.76523,43.1054]]}},{"type":"Feature","properties":{"id":679342702,"highway":"service"},"geometry":{"type":"LineString","coordinates":[[-2.76301,43.09992],[-2.76286,43.09965]]}},{"type":"Feature","properties":{"id":679342703,"highway":"path","superficie":"ground"},"geometry":{"type":"LineString","coordinates":[[-2.76322,43.10012],[-2.76323,43.1001],[-2.76314,43.10008],[-2.76308,43.10006],[-2.76302,43.09999],[-2.76301,43.09992],[-2.76283,43.0999],[-2.76265,43.09988],[-2.76255,43.09985]]}},{"type":"Feature","properties":{"id":679342704,"highway":"path","superficie":"ground"},"geometry":{"type":"LineString","coordinates":[[-2.76267,43.1002],[-2.76287,43.10018],[-2.76311,43.10015],[-2.76322,43.10012],[-2.76328,43.1001],[-2.76347,43.1],[-2.76357,43.09993],[-2.76358,43.09987],[-2.76358,43.09983],[-2.76352,43.0998],[-2.76347,43.09977],[-2.76344,43.09971],[-2.7634,43.09962]]}},{"type":"Feature","properties":{"id":680216101,"highway":"track"},"geometry":{"type":"LineString","coordinates":[[-2.71235,43.08789],[-2.71244,43.08794],[-2.71269,43.08798]]}},{"type":"Feature","properties":{"id":680216103,"highway":"track"},"geometry":{"type":"LineString","coordinates":[[-2.71277,43.0881],[-2.71269,43.08798],[-2.71262,43.08786],[-2.71256,43.08772],[-2.71248,43.08745],[-2.71242,43.08717],[-2.71236,43.08708],[-2.71234,43.08701],[-2.71236,43.08686],[-2.71244,43.08669],[-2.71248,43.08657]]}},{"type":"Feature","properties":{"id":680216106,"highway":"track"},"geometry":{"type":"LineString","coordinates":[[-2.71248,43.08809],[-2.71235,43.08789],[-2.71228,43.08785],[-2.71203,43.08764],[-2.71187,43.08748],[-2.71165,43.08733],[-2.71147,43.08721],[-2.7114,43.08714],[-2.71135,43.08704],[-2.71131,43.08693],[-2.71126,43.08682]]}},{"type":"Feature","properties":{"id":680216107,"highway":"path","superficie":"ground"},"geometry":{"type":"LineString","coordinates":[[-2.70993,43.08705],[-2.71065,43.08696],[-2.71083,43.08695],[-2.71096,43.08696],[-2.71112,43.08696],[-2.71119,43.08694],[-2.71124,43.0869],[-2.71126,43.08682],[-2.71126,43.08675],[-2.71127,43.08669],[-2.7113,43.08664],[-2.71131,43.08661]]}},{"type":"Feature","properties":{"id":680217618,"highway":"track"},"geometry":{"type":"LineString","coordinates":[[-2.73995,43.10103],[-2.73983,43.10091],[-2.73963,43.10073],[-2.73956,43.10068],[-2.73932,43.10052],[-2.73914,43.10043],[-2.73899,43.10036],[-2.73867,43.10016],[-2.73845,43.10001],[-2.73823,43.0999],[-2.738,43.09979],[-2.73762,43.09967],[-2.73735,43.09955],[-2.73708,43.09943],[-2.73619,43.09922],[-2.73556,43.09911],[-2.73524,43.09912]]}},{"type":"Feature","properties":{"id":680217619,"highway":"path","nombre":"Trocha en mal estado","superficie":"ground"},"geometry":{"type":"LineString","coordinates":[[-2.73999,43.09997],[-2.74016,43.10007],[-2.74027,43.10019],[-2.74029,43.10026],[-2.74029,43.10034],[-2.74018,43.10043],[-2.74005,43.10051],[-2.73986,43.10059],[-2.73968,43.10066],[-2.73956,43.10068]]}},{"type":"Feature","properties":{"id":680217621,"highway":"track"},"geometry":{"type":"LineString","coordinates":[[-2.73717,43.09847],[-2.73729,43.09857],[-2.73747,43.09878],[-2.7376,43.09889],[-2.73786,43.099],[-2.73807,43.09905],[-2.738,43.09908],[-2.73791,43.09908],[-2.73777,43.09904],[-2.73768,43.09903],[-2.73771,43.09909],[-2.73798,43.09922],[-2.73838,43.0994],[-2.73878,43.09961],[-2.73921,43.09985],[-2.73948,43.09994],[-2.73988,43.09997],[-2.73999,43.09997],[-2.74014,43.09997],[-2.74041,43.09997]]}},{"type":"Feature","properties":{"id":680217957,"highway":"track"},"geometry":{"type":"LineString","coordinates":[[-2.73975,43.09885],[-2.73977,43.09877],[-2.7398,43.09872],[-2.73983,43.0987]]}},{"type":"Feature","properties":{"id":680218320,"highway":"footway","superficie":"concrete:plates"},"geometry":{"type":"LineString","coordinates":[[-2.74659,43.10087],[-2.74645,43.10079]]}},{"type":"Feature","properties":{"id":680219096,"highway":"track"},"geometry":{"type":"LineString","coordinates":[[-2.76204,43.09108],[-2.762,43.0912],[-2.76203,43.09128],[-2.76207,43.09135],[-2.76218,43.09148],[-2.76229,43.09164],[-2.76233,43.09171],[-2.76237,43.09192],[-2.76243,43.09211],[-2.76247,43.09225],[-2.76247,43.09239],[-2.76247,43.09258],[-2.76249,43.09264],[-2.76253,43.09269],[-2.76266,43.09276],[-2.76273,43.09281],[-2.76276,43.0929],[-2.76276,43.09304],[-2.7628,43.09317],[-2.76285,43.09331],[-2.7629,43.09339],[-2.76293,43.09345],[-2.76295,43.09347]]}},{"type":"Feature","properties":{"id":680220581,"highway":"track"},"geometry":{"type":"LineString","coordinates":[[-2.76838,43.08644],[-2.76846,43.08647],[-2.76886,43.08654],[-2.76897,43.08658],[-2.76903,43.08666],[-2.76916,43.08682],[-2.76926,43.08685],[-2.76979,43.08689],[-2.77015,43.08693],[-2.77049,43.08705],[-2.77089,43.08715],[-2.77148,43.08735],[-2.77179,43.08737],[-2.77206,43.08734],[-2.7724,43.08724],[-2.77254,43.08725],[-2.7727,43.08729],[-2.77285,43.08728],[-2.77296,43.08725],[-2.7731,43.08704],[-2.77317,43.08688],[-2.77332,43.08675],[-2.77366,43.08651],[-2.77376,43.08649],[-2.77385,43.08651],[-2.77389,43.08655],[-2.77394,43.08671],[-2.77403,43.08685],[-2.77413,43.08705],[-2.77423,43.08726],[-2.77424,43.08734],[-2.77417,43.08752],[-2.77416,43.08763],[-2.77429,43.08775],[-2.77438,43.08787],[-2.77444,43.08792],[-2.77451,43.08793],[-2.77459,43.08791],[-2.77463,43.08785],[-2.77466,43.08762],[-2.77472,43.08756],[-2.775,43.08748],[-2.77509,43.0875],[-2.77515,43.08757],[-2.77516,43.08767],[-2.77511,43.08778],[-2.77495,43.08801]]}},{"type":"Feature","properties":{"id":680221504,"highway":"path"},"geometry":{"type":"LineString","coordinates":[[-2.76977,43.08195],[-2.76988,43.08191],[-2.76992,43.08184],[-2.77001,43.08179],[-2.77004,43.08175],[-2.77001,43.08168],[-2.76992,43.08158],[-2.76981,43.0815],[-2.76966,43.08141],[-2.76948,43.08116],[-2.76925,43.08089],[-2.76906,43.08067],[-2.76886,43.08053],[-2.76856,43.0804],[-2.76839,43.08025],[-2.76822,43.08008],[-2.76799,43.0799],[-2.76785,43.07984],[-2.76759,43.07985]]}},{"type":"Feature","properties":{"id":680221508,"highway":"path"},"geometry":{"type":"LineString","coordinates":[[-2.76604,43.0855],[-2.76606,43.08545],[-2.76632,43.08521],[-2.76643,43.08509],[-2.76672,43.08495],[-2.76683,43.08487],[-2.76684,43.08471],[-2.76686,43.08458],[-2.76693,43.08451],[-2.76707,43.08442],[-2.76716,43.08428],[-2.76723,43.08414],[-2.76731,43.08395],[-2.76745,43.08384],[-2.76761,43.08375],[-2.76784,43.08361],[-2.76793,43.08355],[-2.76794,43.08343],[-2.76793,43.08329],[-2.7679,43.08325],[-2.76789,43.08321],[-2.76791,43.08318],[-2.76793,43.08314],[-2.76795,43.08302],[-2.76799,43.08297],[-2.7681,43.0829],[-2.76829,43.0828],[-2.7685,43.08271],[-2.76882,43.08252],[-2.769,43.08242],[-2.76928,43.08227],[-2.76932,43.08225],[-2.76953,43.08217],[-2.76955,43.08213],[-2.76958,43.08207],[-2.76967,43.08203],[-2.76977,43.08195],[-2.77016,43.08205],[-2.77053,43.08209],[-2.77086,43.08212]]}},{"type":"Feature","properties":{"id":680223094,"highway":"track"},"geometry":{"type":"LineString","coordinates":[[-2.76812,43.10705],[-2.76807,43.10706],[-2.76797,43.1071],[-2.76776,43.10713],[-2.76752,43.1071],[-2.76738,43.10703],[-2.76734,43.10694],[-2.76732,43.10664],[-2.76728,43.10643],[-2.76723,43.10627],[-2.76719,43.1062],[-2.7671,43.10615],[-2.76697,43.10608],[-2.76694,43.106],[-2.76694,43.10595]]}},{"type":"Feature","properties":{"id":680223589,"highway":"path","superficie":"grass"},"geometry":{"type":"LineString","coordinates":[[-2.76719,43.1062],[-2.76724,43.10619],[-2.76732,43.10616],[-2.76742,43.10613],[-2.76753,43.10611],[-2.76759,43.1061],[-2.76765,43.1061],[-2.76775,43.10606],[-2.76801,43.10592]]}},{"type":"Feature","properties":{"id":680224272,"highway":"track"},"geometry":{"type":"LineString","coordinates":[[-2.76307,43.10298],[-2.76284,43.10309],[-2.76255,43.10327],[-2.76245,43.10342],[-2.76243,43.10352]]}},{"type":"Feature","properties":{"id":680224273,"highway":"track"},"geometry":{"type":"LineString","coordinates":[[-2.76308,43.10205],[-2.76308,43.10221],[-2.76298,43.10235],[-2.76283,43.10243],[-2.76261,43.10256],[-2.76253,43.10265],[-2.76252,43.10273],[-2.76247,43.10283]]}},{"type":"Feature","properties":{"id":680224275,"highway":"track"},"geometry":{"type":"LineString","coordinates":[[-2.76302,43.10371],[-2.76301,43.10417],[-2.76309,43.1047],[-2.76315,43.10489],[-2.76315,43.10507],[-2.76316,43.10527],[-2.76309,43.10526],[-2.76294,43.10503]]}},{"type":"Feature","properties":{"id":680224276,"highway":"track"},"geometry":{"type":"LineString","coordinates":[[-2.76387,43.10472],[-2.76384,43.10482],[-2.76396,43.10521],[-2.764,43.10548],[-2.76388,43.1058],[-2.76389,43.10596],[-2.76377,43.10614],[-2.76369,43.10628],[-2.76367,43.10641],[-2.76372,43.10651],[-2.76383,43.10652],[-2.76399,43.10642],[-2.76413,43.10623],[-2.76425,43.10609],[-2.76427,43.106],[-2.76431,43.10584],[-2.7644,43.10565],[-2.76443,43.10547],[-2.76446,43.10535],[-2.76449,43.10531]]}},{"type":"Feature","properties":{"id":680224945,"highway":"path","superficie":"ground"},"geometry":{"type":"MultiLineString","coordinates":[[[-2.70719,43.08619],[-2.70755,43.08639],[-2.7077,43.08648]],[[-2.70888,43.08692],[-2.70924,43.08695],[-2.70969,43.08697]]]}},{"type":"Feature","properties":{"id":680227532,"highway":"track"},"geometry":{"type":"LineString","coordinates":[[-2.75067,43.09736],[-2.75081,43.09729],[-2.75092,43.0972],[-2.75098,43.09715]]}},{"type":"Feature","properties":{"id":680227533,"highway":"footway","superficie":"asphalt"},"geometry":{"type":"LineString","coordinates":[[-2.75177,43.09729],[-2.75177,43.09733],[-2.75179,43.09755],[-2.75181,43.09762],[-2.75191,43.09798],[-2.75195,43.09817],[-2.75196,43.09841],[-2.75197,43.09863],[-2.75196,43.09883],[-2.75194,43.09896],[-2.75189,43.09909]]}},{"type":"Feature","properties":{"id":680227534,"highway":"track"},"geometry":{"type":"LineString","coordinates":[[-2.75181,43.09762],[-2.75171,43.09756],[-2.75163,43.09746],[-2.75159,43.09736],[-2.75154,43.09726],[-2.75152,43.09722],[-2.75147,43.09717]]}},{"type":"Feature","properties":{"id":680227928,"highway":"steps"},"geometry":{"type":"LineString","coordinates":[[-2.75132,43.10002],[-2.75119,43.10001]]}},{"type":"Feature","properties":{"id":680227930,"highway":"service"},"geometry":{"type":"LineString","coordinates":[[-2.75157,43.10002],[-2.75132,43.10002],[-2.7512,43.09963]]}},{"type":"Feature","properties":{"id":680227931,"highway":"footway","superficie":"asphalt"},"geometry":{"type":"LineString","coordinates":[[-2.75069,43.10002],[-2.75077,43.10001],[-2.75096,43.10003],[-2.75105,43.10002],[-2.75119,43.10001]]}},{"type":"Feature","properties":{"id":680229755,"highway":"steps","superficie":"concrete"},"geometry":{"type":"LineString","coordinates":[[-2.7688,43.09743],[-2.76883,43.09751]]}},{"type":"Feature","properties":{"id":680234478,"highway":"track"},"geometry":{"type":"LineString","coordinates":[[-2.75945,43.10696],[-2.75953,43.107],[-2.75963,43.10699],[-2.75974,43.10691],[-2.75978,43.10674]]}},{"type":"Feature","properties":{"id":680234480,"highway":"track"},"geometry":{"type":"LineString","coordinates":[[-2.75838,43.10541],[-2.75852,43.10545],[-2.75863,43.10549],[-2.75868,43.10554],[-2.75871,43.10562],[-2.75874,43.10573],[-2.75879,43.10584],[-2.7589,43.10595],[-2.75901,43.10604],[-2.7591,43.10616],[-2.75919,43.1064],[-2.75925,43.10661],[-2.75937,43.10686],[-2.75945,43.10696],[-2.75959,43.10713],[-2.75968,43.10733]]}},{"type":"Feature","properties":{"id":680917948,"highway":"track"},"geometry":{"type":"LineString","coordinates":[[-2.72156,43.02695],[-2.7219,43.02683],[-2.72204,43.02679],[-2.72219,43.02677],[-2.72238,43.02675],[-2.72247,43.02673],[-2.72269,43.02662],[-2.72293,43.02651],[-2.72311,43.02645]]}},{"type":"Feature","properties":{"id":683006432,"highway":"service"},"geometry":{"type":"LineString","coordinates":[[-2.76593,43.12148],[-2.76593,43.12148]]}},{"type":"Feature","properties":{"id":688009722,"highway":"path"},"geometry":{"type":"LineString","coordinates":[[-2.75251,43.04347],[-2.75242,43.04343],[-2.75221,43.04337],[-2.75204,43.04329],[-2.75183,43.0433],[-2.75159,43.04326],[-2.75147,43.04326],[-2.75114,43.04329],[-2.75101,43.04328],[-2.75099,43.04329]]}},{"type":"Feature","properties":{"id":688009725,"highway":"path"},"geometry":{"type":"LineString","coordinates":[[-2.75061,43.0433],[-2.75034,43.04335],[-2.74969,43.0434],[-2.74952,43.0434],[-2.74941,43.04338],[-2.74926,43.04337],[-2.74912,43.04336],[-2.74889,43.04337],[-2.74883,43.04337],[-2.74837,43.04325],[-2.74811,43.04319],[-2.74774,43.04307],[-2.74753,43.04303],[-2.74738,43.04298],[-2.74723,43.04292]]}},{"type":"Feature","properties":{"id":688009728,"highway":"path"},"geometry":{"type":"LineString","coordinates":[[-2.75099,43.04329],[-2.75087,43.04331],[-2.75071,43.04332],[-2.75061,43.0433]]}},{"type":"Feature","properties":{"id":688009731,"highway":"path"},"geometry":{"type":"LineString","coordinates":[[-2.74723,43.04292],[-2.74684,43.04277],[-2.74653,43.04273],[-2.74607,43.04256],[-2.74586,43.04252],[-2.74568,43.04253],[-2.74531,43.04248],[-2.74505,43.04243],[-2.7449,43.04244],[-2.74478,43.04241],[-2.74466,43.04241],[-2.74459,43.04239],[-2.74452,43.04238],[-2.74405,43.04224]]}},{"type":"Feature","properties":{"id":688009734,"highway":"path"},"geometry":{"type":"LineString","coordinates":[[-2.74405,43.04224],[-2.74395,43.0422]]}},{"type":"Feature","properties":{"id":688009736,"highway":"path"},"geometry":{"type":"LineString","coordinates":[[-2.72517,43.03617],[-2.72513,43.0361],[-2.72509,43.03597],[-2.72505,43.03587],[-2.72499,43.03577]]}},{"type":"Feature","properties":{"id":688009738,"highway":"track"},"geometry":{"type":"LineString","coordinates":[[-2.72827,43.03133],[-2.728,43.0312],[-2.7279,43.03109],[-2.72773,43.03096],[-2.72757,43.03088],[-2.72744,43.03085],[-2.72735,43.03086],[-2.72717,43.03094],[-2.72698,43.03102],[-2.72681,43.03111],[-2.72663,43.03124],[-2.72646,43.03136],[-2.72621,43.03148],[-2.72601,43.03159],[-2.72583,43.0317],[-2.72567,43.03179],[-2.72552,43.03185],[-2.72535,43.03195],[-2.72515,43.03206],[-2.72496,43.03215],[-2.72483,43.03226],[-2.72479,43.03237],[-2.72484,43.03251],[-2.72482,43.03262],[-2.72483,43.03277],[-2.72483,43.03292],[-2.72477,43.03312],[-2.7247,43.03331],[-2.72459,43.03348],[-2.72452,43.03363],[-2.72437,43.03382],[-2.72427,43.03395],[-2.72415,43.0341],[-2.72403,43.03421],[-2.72393,43.03429],[-2.72386,43.03438],[-2.72378,43.03447],[-2.72363,43.03459],[-2.72348,43.03472],[-2.72343,43.03476],[-2.72339,43.03487],[-2.72337,43.03491],[-2.72335,43.03497],[-2.72334,43.03509],[-2.72334,43.03518],[-2.72339,43.03541],[-2.72347,43.03567],[-2.72347,43.03579],[-2.72347,43.03591],[-2.72346,43.03605],[-2.72345,43.03618],[-2.72341,43.03633],[-2.72341,43.03649],[-2.72346,43.03667],[-2.72347,43.03676],[-2.72347,43.03685],[-2.72347,43.03701],[-2.7235,43.03711],[-2.72351,43.03723],[-2.72347,43.03733],[-2.72336,43.03749],[-2.72327,43.03762],[-2.72323,43.03773],[-2.72321,43.03785],[-2.72321,43.03798]]}},{"type":"Feature","properties":{"id":688009744,"highway":"track"},"geometry":{"type":"LineString","coordinates":[[-2.72327,43.02704],[-2.72323,43.0271]]}},{"type":"Feature","properties":{"id":688009746,"highway":"path"},"geometry":{"type":"LineString","coordinates":[[-2.72827,43.03133],[-2.72832,43.03107],[-2.72833,43.0308],[-2.72833,43.0305],[-2.72821,43.03031],[-2.72796,43.03015],[-2.72765,43.03009],[-2.72761,43.03005],[-2.7277,43.02996],[-2.72782,43.02985],[-2.72774,43.02972],[-2.7274,43.02941],[-2.72747,43.02901],[-2.72746,43.02876],[-2.72746,43.02852],[-2.72753,43.02827],[-2.72759,43.02801],[-2.72747,43.02786],[-2.72731,43.02776],[-2.72704,43.02778],[-2.727,43.02775],[-2.72717,43.02763],[-2.727,43.0276],[-2.72698,43.02757],[-2.72703,43.02751],[-2.72696,43.02749],[-2.72641,43.02768],[-2.72625,43.02775],[-2.72616,43.02766],[-2.72618,43.02742],[-2.72628,43.02713],[-2.72644,43.027],[-2.72652,43.02695]]}},{"type":"Feature","properties":{"id":688009750,"highway":"track"},"geometry":{"type":"LineString","coordinates":[[-2.72327,43.02704],[-2.72335,43.02714],[-2.72348,43.02746],[-2.72353,43.02754],[-2.72356,43.02763],[-2.72362,43.02767],[-2.72367,43.02769],[-2.72372,43.02766],[-2.72381,43.02757],[-2.72389,43.02746],[-2.72399,43.02739],[-2.72408,43.02735],[-2.72423,43.02731],[-2.72459,43.02727],[-2.7247,43.02725],[-2.72503,43.02716],[-2.7251,43.02712],[-2.72524,43.027],[-2.7254,43.02693],[-2.72585,43.0268],[-2.72625,43.02667],[-2.7265,43.02657],[-2.72656,43.02658],[-2.72662,43.02663],[-2.72662,43.0267],[-2.72652,43.02689],[-2.72652,43.02695]]}},{"type":"Feature","properties":{"id":688009754,"highway":"track"},"geometry":{"type":"LineString","coordinates":[[-2.72356,43.02945],[-2.72368,43.02936],[-2.72398,43.02912],[-2.72407,43.029],[-2.72403,43.02888],[-2.72389,43.02852],[-2.72368,43.02815],[-2.72338,43.02782],[-2.72329,43.02775],[-2.72326,43.02769],[-2.72325,43.02759],[-2.72325,43.02739],[-2.72323,43.0272],[-2.72323,43.0271]]}},{"type":"Feature","properties":{"id":688009757,"highway":"track"},"geometry":{"type":"LineString","coordinates":[[-2.72097,43.02729],[-2.72102,43.02723],[-2.72111,43.02714],[-2.72122,43.02708],[-2.72139,43.02701],[-2.72156,43.02695]]}},{"type":"Feature","properties":{"id":688011627,"highway":"track"},"geometry":{"type":"LineString","coordinates":[[-2.78797,43.04766],[-2.78801,43.04763],[-2.78809,43.0476]]}},{"type":"Feature","properties":{"id":688011628,"highway":"path"},"geometry":{"type":"LineString","coordinates":[[-2.78399,43.04505],[-2.78443,43.04533],[-2.78453,43.04547],[-2.78472,43.04567],[-2.78471,43.04578],[-2.78462,43.04598],[-2.78474,43.04625],[-2.78465,43.04637],[-2.78462,43.04648],[-2.78464,43.04657],[-2.7848,43.04667],[-2.78504,43.04674],[-2.78521,43.04681],[-2.78539,43.0468],[-2.78559,43.0468],[-2.78592,43.04694],[-2.78596,43.04695],[-2.78676,43.0472],[-2.78763,43.04746],[-2.78809,43.0476]]}},{"type":"Feature","properties":{"id":688011629,"highway":"path","nombre":"Ipiñaburu auzoa","superficie":"dirt"},"geometry":{"type":"LineString","coordinates":[[-2.78399,43.04505],[-2.78395,43.04517],[-2.78395,43.04531],[-2.7838,43.04596],[-2.78373,43.04608],[-2.7836,43.04619],[-2.78346,43.04628],[-2.7834,43.0463],[-2.78337,43.04633],[-2.78337,43.04646],[-2.78337,43.04653],[-2.78338,43.04659],[-2.78339,43.04666],[-2.78342,43.04678],[-2.78347,43.04686],[-2.78351,43.04688],[-2.78356,43.04692],[-2.78365,43.04701],[-2.78367,43.04703],[-2.78396,43.04736],[-2.78407,43.04742],[-2.78432,43.04742],[-2.78465,43.04751],[-2.78481,43.04756],[-2.78488,43.04763],[-2.78486,43.04771],[-2.78487,43.04777],[-2.78493,43.048],[-2.78498,43.04807],[-2.7853,43.04842],[-2.7854,43.04855],[-2.78553,43.04875],[-2.78563,43.04892],[-2.78566,43.04899],[-2.78574,43.04912],[-2.78585,43.0492]]}},{"type":"Feature","properties":{"id":688011630,"highway":"path"},"geometry":{"type":"LineString","coordinates":[[-2.78085,43.0345],[-2.78084,43.03457],[-2.78071,43.03534],[-2.78065,43.03584],[-2.78043,43.03623],[-2.78025,43.03642],[-2.78016,43.03658],[-2.78014,43.03665],[-2.78001,43.03683],[-2.77975,43.03715],[-2.77969,43.03741],[-2.77967,43.03751],[-2.77965,43.03764],[-2.77959,43.03775],[-2.7794,43.03817],[-2.77915,43.03837],[-2.77907,43.0384],[-2.77899,43.03841]]}},{"type":"Feature","properties":{"id":688011631,"highway":"path","nombre":"GR-123 Bizkaiko bira","izena_eu":"GR-123 Bizkaiko bira"},"geometry":{"type":"LineString","coordinates":[[-2.77738,43.03812],[-2.77775,43.03817],[-2.7779,43.03823],[-2.77814,43.03829],[-2.77874,43.03832],[-2.77887,43.03835],[-2.77899,43.03841]]}},{"type":"Feature","properties":{"id":688011632,"highway":"path"},"geometry":{"type":"LineString","coordinates":[[-2.77738,43.03812],[-2.77743,43.03808],[-2.77751,43.03805],[-2.77767,43.038],[-2.77777,43.03801],[-2.77791,43.03802],[-2.77831,43.03796],[-2.77876,43.03783],[-2.77888,43.03772],[-2.77915,43.03713],[-2.77928,43.0368],[-2.77952,43.03645],[-2.77984,43.03605],[-2.78002,43.0359],[-2.78008,43.03582],[-2.78012,43.03569],[-2.78012,43.03557],[-2.78009,43.03543],[-2.7801,43.03541],[-2.78013,43.03539],[-2.78025,43.03528],[-2.78029,43.0352],[-2.78035,43.03499],[-2.78055,43.03478],[-2.78085,43.0345]]}},{"type":"Feature","properties":{"id":688011633,"highway":"path"},"geometry":{"type":"LineString","coordinates":[[-2.76732,43.0409],[-2.76744,43.04067],[-2.76764,43.04048],[-2.76784,43.04041],[-2.76802,43.04031],[-2.76819,43.04021],[-2.76836,43.04015],[-2.76843,43.04011],[-2.76845,43.04001],[-2.7684,43.03996],[-2.76839,43.03991]]}},{"type":"Feature","properties":{"id":688011634,"highway":"path"},"geometry":{"type":"LineString","coordinates":[[-2.76924,43.03896],[-2.76924,43.03881],[-2.76931,43.03837],[-2.76936,43.03827],[-2.7694,43.03819],[-2.76939,43.03804]]}},{"type":"Feature","properties":{"id":688011635,"highway":"path"},"geometry":{"type":"LineString","coordinates":[[-2.76885,43.04002],[-2.76873,43.03986],[-2.76872,43.03978]]}},{"type":"Feature","properties":{"id":688011636,"highway":"path"},"geometry":{"type":"LineString","coordinates":[[-2.76872,43.03978],[-2.76855,43.03959],[-2.76844,43.03931],[-2.76849,43.03914],[-2.76861,43.03907],[-2.76917,43.03901],[-2.76924,43.03896]]}},{"type":"Feature","properties":{"id":688011637,"highway":"path"},"geometry":{"type":"LineString","coordinates":[[-2.76742,43.04132],[-2.7675,43.04162],[-2.76764,43.04144],[-2.76859,43.04143],[-2.76902,43.04087],[-2.76894,43.04051],[-2.76893,43.04022],[-2.76886,43.04019],[-2.76885,43.04002]]}},{"type":"Feature","properties":{"id":688011638,"highway":"path"},"geometry":{"type":"LineString","coordinates":[[-2.76848,43.04299],[-2.76874,43.04293],[-2.76879,43.04274],[-2.76859,43.0426],[-2.76856,43.0424],[-2.76866,43.04203],[-2.76862,43.04193],[-2.76862,43.04181],[-2.76867,43.04161],[-2.76859,43.04143],[-2.76851,43.04115],[-2.76854,43.04106],[-2.76866,43.04104],[-2.76868,43.04099],[-2.76849,43.04063],[-2.76859,43.0405],[-2.76849,43.04027],[-2.76861,43.04014],[-2.76876,43.04015],[-2.76882,43.04009],[-2.76885,43.04002]]}},{"type":"Feature","properties":{"id":688011639,"highway":"path"},"geometry":{"type":"LineString","coordinates":[[-2.76872,43.03978],[-2.76887,43.03976],[-2.76888,43.03972],[-2.76887,43.03961],[-2.76883,43.03954],[-2.76883,43.03949],[-2.76894,43.03931],[-2.76904,43.03919],[-2.76924,43.03903],[-2.76924,43.03896]]}},{"type":"Feature","properties":{"id":688011640,"highway":"track"},"geometry":{"type":"LineString","coordinates":[[-2.76865,43.04302],[-2.76848,43.04299]]}},{"type":"Feature","properties":{"id":697163243,"highway":"track"},"geometry":{"type":"LineString","coordinates":[[-2.76268,43.08541],[-2.76287,43.08571],[-2.76302,43.0861],[-2.7631,43.08635],[-2.76331,43.08655],[-2.76361,43.08699],[-2.76459,43.08795],[-2.76507,43.08819],[-2.76526,43.08847],[-2.76525,43.08867],[-2.76544,43.08879]]}},{"type":"Feature","properties":{"id":697163244,"highway":"track"},"geometry":{"type":"LineString","coordinates":[[-2.76268,43.08541],[-2.76252,43.08534],[-2.76234,43.08527],[-2.76228,43.08525],[-2.76188,43.08533],[-2.76151,43.08547],[-2.76134,43.08556],[-2.76122,43.08566],[-2.76112,43.086],[-2.76106,43.08616],[-2.7611,43.08632],[-2.76111,43.08643],[-2.76104,43.08658],[-2.76104,43.08675],[-2.76107,43.08695],[-2.76106,43.08703],[-2.76098,43.08711],[-2.76093,43.08727],[-2.76087,43.08749],[-2.7607,43.08784],[-2.76053,43.08807],[-2.76045,43.0883],[-2.76021,43.08861],[-2.76007,43.08877],[-2.75985,43.08888],[-2.75953,43.08895]]}},{"type":"Feature","properties":{"id":697163845,"highway":"track"},"geometry":{"type":"LineString","coordinates":[[-2.76694,43.09261],[-2.76713,43.09254],[-2.76721,43.09247],[-2.76723,43.09233],[-2.76724,43.09205],[-2.76725,43.0919]]}},{"type":"Feature","properties":{"id":697163846,"highway":"path"},"geometry":{"type":"LineString","coordinates":[[-2.76673,43.08791],[-2.76671,43.08797],[-2.76676,43.08816]]}},{"type":"Feature","properties":{"id":697163847,"highway":"path"},"geometry":{"type":"LineString","coordinates":[[-2.76725,43.0919],[-2.76735,43.09184],[-2.76764,43.09171],[-2.76797,43.09168],[-2.76821,43.09162],[-2.76854,43.09151],[-2.76882,43.09141],[-2.769,43.09127],[-2.76911,43.09116],[-2.76915,43.09111],[-2.76913,43.09105],[-2.76899,43.09094],[-2.76879,43.09077],[-2.76867,43.09064],[-2.76855,43.09053],[-2.76849,43.09043],[-2.76848,43.09031],[-2.76848,43.09014],[-2.76848,43.08998],[-2.76852,43.08971],[-2.76855,43.08963],[-2.7686,43.0895],[-2.76861,43.08938],[-2.76869,43.08926],[-2.76874,43.08921]]}},{"type":"Feature","properties":{"id":697163848,"highway":"path"},"geometry":{"type":"LineString","coordinates":[[-2.76552,43.08578],[-2.76542,43.08582],[-2.76507,43.08591],[-2.76488,43.08599],[-2.76476,43.08604],[-2.76489,43.08612],[-2.76527,43.08625],[-2.76538,43.08633],[-2.76555,43.08659],[-2.76568,43.08683],[-2.7658,43.08704],[-2.76594,43.08722],[-2.76597,43.08726],[-2.76615,43.08742],[-2.76638,43.08766],[-2.76657,43.08779],[-2.76669,43.08788],[-2.76673,43.08791],[-2.76688,43.08804],[-2.76722,43.08826],[-2.76763,43.08849],[-2.76773,43.08855],[-2.76802,43.08873],[-2.76829,43.0889],[-2.76851,43.0891],[-2.76857,43.0892],[-2.7686,43.08924],[-2.76861,43.08938]]}},{"type":"Feature","properties":{"id":697163849,"highway":"path"},"geometry":{"type":"LineString","coordinates":[[-2.76503,43.08545],[-2.7651,43.08554],[-2.76525,43.08565],[-2.76552,43.08578],[-2.76555,43.08579]]}},{"type":"Feature","properties":{"id":697164828,"highway":"track"},"geometry":{"type":"LineString","coordinates":[[-2.77222,43.10236],[-2.77203,43.10255],[-2.7719,43.10274],[-2.77187,43.1029],[-2.7719,43.10314],[-2.77195,43.10334],[-2.77198,43.10352]]}},{"type":"Feature","properties":{"id":697164950,"highway":"track"},"geometry":{"type":"LineString","coordinates":[[-2.77052,43.10324],[-2.77063,43.1035],[-2.77068,43.10361],[-2.77079,43.10377],[-2.77102,43.10403],[-2.77105,43.10411],[-2.77106,43.1043],[-2.77106,43.10467],[-2.77109,43.10474],[-2.77124,43.10497],[-2.77139,43.10517],[-2.77143,43.10527],[-2.7715,43.10532],[-2.77167,43.1054],[-2.77181,43.10552],[-2.77192,43.10563],[-2.77199,43.10572],[-2.77201,43.10587],[-2.77192,43.10609]]}},{"type":"Feature","properties":{"id":706441968,"highway":"track"},"geometry":{"type":"LineString","coordinates":[[-2.76283,43.04268],[-2.76286,43.04277],[-2.76289,43.04292],[-2.76292,43.04295],[-2.76303,43.04304],[-2.76327,43.04319],[-2.76339,43.04329],[-2.76347,43.04335],[-2.76353,43.04338],[-2.76361,43.04343],[-2.76364,43.04347],[-2.76364,43.04352],[-2.76366,43.04379],[-2.76365,43.04396],[-2.76357,43.04418],[-2.76348,43.04445],[-2.76342,43.04462],[-2.76349,43.04487],[-2.76356,43.04506],[-2.76378,43.04523],[-2.76394,43.04532],[-2.76419,43.04541]]}},{"type":"Feature","properties":{"id":706441969,"highway":"path"},"geometry":{"type":"LineString","coordinates":[[-2.76839,43.03991],[-2.7684,43.03987],[-2.76829,43.03978],[-2.76832,43.03976],[-2.76827,43.03972],[-2.76822,43.03965],[-2.76829,43.03962],[-2.76832,43.0395],[-2.76835,43.03937],[-2.76839,43.03926],[-2.76846,43.0391],[-2.76852,43.03902],[-2.76859,43.03894],[-2.76872,43.03888],[-2.76879,43.03881],[-2.76889,43.03878],[-2.76903,43.03872],[-2.7691,43.03865],[-2.76913,43.03854],[-2.76917,43.03842],[-2.76926,43.03832],[-2.76933,43.03818],[-2.76939,43.03804]]}},{"type":"Feature","properties":{"id":726507493,"highway":"track"},"geometry":{"type":"LineString","coordinates":[[-2.7324,43.08704],[-2.73217,43.08691],[-2.73194,43.08691],[-2.73175,43.08703],[-2.73156,43.08716],[-2.73136,43.08718],[-2.73116,43.08711],[-2.7312,43.08677],[-2.73113,43.08661],[-2.73119,43.08645],[-2.73101,43.08593],[-2.73111,43.0858],[-2.73114,43.08568],[-2.73105,43.08562],[-2.73046,43.08567],[-2.7296,43.08592],[-2.72854,43.08626],[-2.72783,43.0864],[-2.72762,43.08652],[-2.7272,43.08694],[-2.72691,43.08705],[-2.72663,43.08715],[-2.72615,43.08714],[-2.72536,43.08684],[-2.72497,43.08675],[-2.72456,43.08678],[-2.72432,43.0868],[-2.72378,43.08666],[-2.72356,43.08665],[-2.72313,43.08674],[-2.72259,43.08662],[-2.72185,43.08663],[-2.72144,43.08659],[-2.72102,43.08639],[-2.72056,43.08623],[-2.72023,43.08598],[-2.72019,43.08586],[-2.72026,43.08574],[-2.72036,43.0856],[-2.72043,43.08548],[-2.72051,43.08541],[-2.7206,43.08537],[-2.72073,43.08535],[-2.7208,43.08535],[-2.72091,43.08534]]}},{"type":"Feature","properties":{"id":726507494,"highway":"path"},"geometry":{"type":"LineString","coordinates":[[-2.7477,43.05866],[-2.7474,43.05851],[-2.74733,43.05845],[-2.74727,43.05839],[-2.7472,43.05827],[-2.74697,43.058],[-2.74686,43.0579],[-2.74676,43.05785],[-2.74654,43.0577],[-2.74635,43.05758],[-2.74611,43.05747],[-2.74558,43.05719],[-2.74534,43.05698],[-2.74507,43.05677],[-2.74488,43.05665],[-2.74461,43.05652],[-2.74435,43.05636],[-2.74411,43.05619],[-2.74359,43.056],[-2.74313,43.05585],[-2.74275,43.05565],[-2.74266,43.05557],[-2.74258,43.05548],[-2.74243,43.05541],[-2.74227,43.05536],[-2.7422,43.05531],[-2.74221,43.05523],[-2.74228,43.05515],[-2.74236,43.05503],[-2.74237,43.05496],[-2.74239,43.0548],[-2.74246,43.05456],[-2.74252,43.05447],[-2.74255,43.05435],[-2.74255,43.05427],[-2.74237,43.05378],[-2.74227,43.05364],[-2.74216,43.05355],[-2.74206,43.05351],[-2.74193,43.05347],[-2.74187,43.05345],[-2.7418,43.05343],[-2.74168,43.05335],[-2.7415,43.05318],[-2.74142,43.05312],[-2.74136,43.05311],[-2.74127,43.05309],[-2.74115,43.05308],[-2.74098,43.05303],[-2.74064,43.05296],[-2.74046,43.0529],[-2.74035,43.05283],[-2.74026,43.05275],[-2.74021,43.05263],[-2.74012,43.05256],[-2.74006,43.05253],[-2.73984,43.05252],[-2.73959,43.05249],[-2.73945,43.05245],[-2.73927,43.05234],[-2.73914,43.05222],[-2.73903,43.0522],[-2.73895,43.0522],[-2.73887,43.05221],[-2.73881,43.05227],[-2.73878,43.0523],[-2.73878,43.05233],[-2.7388,43.05236],[-2.73879,43.05238],[-2.73877,43.05241],[-2.73874,43.05242],[-2.7385,43.05239],[-2.73838,43.05237],[-2.73828,43.05233],[-2.73822,43.05225],[-2.7382,43.0522],[-2.73816,43.05218],[-2.73812,43.05217],[-2.73808,43.05214],[-2.73803,43.0521],[-2.73799,43.05208]]}},{"type":"Feature","properties":{"id":729386099,"highway":"path"},"geometry":{"type":"LineString","coordinates":[[-2.70337,43.08176],[-2.70334,43.08193],[-2.70328,43.08208],[-2.70319,43.0822],[-2.7031,43.08227],[-2.70296,43.08231],[-2.70275,43.08234]]}},{"type":"Feature","properties":{"id":729386100,"highway":"path"},"geometry":{"type":"LineString","coordinates":[[-2.70234,43.08316],[-2.70238,43.08308],[-2.7025,43.08299],[-2.70261,43.08292],[-2.70266,43.08286],[-2.70269,43.08276],[-2.70271,43.08252],[-2.70275,43.08234],[-2.70275,43.08223],[-2.70275,43.0821],[-2.70278,43.08178],[-2.70279,43.08171],[-2.70278,43.08165],[-2.70272,43.08159],[-2.70267,43.08152],[-2.7026,43.08138],[-2.70256,43.08131]]}},{"type":"Feature","properties":{"id":729386638,"highway":"path"},"geometry":{"type":"LineString","coordinates":[[-2.70625,43.07552],[-2.70627,43.07547],[-2.70636,43.07543],[-2.70649,43.07538],[-2.70669,43.07535],[-2.70699,43.07531],[-2.70738,43.07528],[-2.70778,43.07522],[-2.70798,43.07515],[-2.70819,43.07504],[-2.70845,43.07488],[-2.7086,43.07476],[-2.70881,43.07462],[-2.70898,43.07447],[-2.70902,43.07441],[-2.7091,43.07433],[-2.7092,43.07418],[-2.70926,43.07398],[-2.70935,43.07376],[-2.70937,43.07361],[-2.70934,43.07349],[-2.70932,43.07335],[-2.70936,43.07322],[-2.70952,43.07283],[-2.70949,43.07277],[-2.7091,43.07268],[-2.70851,43.07253],[-2.70815,43.07243]]}},{"type":"Feature","properties":{"id":729386639,"highway":"path"},"geometry":{"type":"LineString","coordinates":[[-2.70286,43.08091],[-2.70307,43.0809],[-2.70334,43.08087],[-2.70362,43.08091],[-2.70395,43.08096],[-2.70422,43.08096],[-2.70446,43.08091],[-2.70463,43.08088],[-2.70489,43.08089],[-2.70505,43.08094],[-2.70538,43.08104],[-2.70566,43.08112]]}},{"type":"Feature","properties":{"id":729386640,"highway":"path"},"geometry":{"type":"LineString","coordinates":[[-2.70566,43.08112],[-2.70574,43.08111],[-2.7058,43.08105],[-2.70583,43.08098],[-2.70589,43.08092],[-2.70603,43.08093],[-2.70605,43.08099],[-2.70603,43.08111],[-2.70599,43.08122]]}},{"type":"Feature","properties":{"id":729386641,"highway":"path"},"geometry":{"type":"LineString","coordinates":[[-2.70334,43.08087],[-2.70325,43.08084],[-2.70315,43.08077],[-2.70304,43.08068],[-2.70292,43.08056]]}},{"type":"Feature","properties":{"id":729387200,"highway":"path"},"geometry":{"type":"LineString","coordinates":[[-2.70899,43.07427],[-2.7089,43.07424],[-2.70866,43.07426],[-2.7084,43.07434],[-2.70807,43.07443],[-2.7078,43.07449]]}},{"type":"Feature","properties":{"id":729387201,"highway":"path"},"geometry":{"type":"LineString","coordinates":[[-2.70902,43.07441],[-2.70902,43.07436],[-2.70899,43.07427],[-2.70897,43.0742]]}},{"type":"Feature","properties":{"id":729387203,"highway":"path"},"geometry":{"type":"LineString","coordinates":[[-2.70952,43.07283],[-2.70956,43.07273],[-2.70978,43.07228],[-2.71,43.0718],[-2.71011,43.07152],[-2.71019,43.07137],[-2.71026,43.07119],[-2.71029,43.07103]]}},{"type":"Feature","properties":{"id":762516901,"highway":"track","superficie":"ground"},"geometry":{"type":"LineString","coordinates":[[-2.75311,43.10847],[-2.75342,43.10856],[-2.75386,43.1087],[-2.75396,43.10872],[-2.75419,43.10879],[-2.75467,43.10907],[-2.75544,43.10944],[-2.75562,43.10958],[-2.75578,43.10975],[-2.7559,43.10998],[-2.75599,43.11027],[-2.75603,43.11058],[-2.75601,43.11079],[-2.75638,43.11125],[-2.75653,43.11144],[-2.7566,43.11157],[-2.75662,43.11165],[-2.75659,43.11179],[-2.7565,43.11206]]}},{"type":"Feature","properties":{"id":762517622,"highway":"track"},"geometry":{"type":"LineString","coordinates":[[-2.75116,43.0797],[-2.75126,43.07968],[-2.75131,43.07969],[-2.75133,43.07978],[-2.75129,43.07986],[-2.75122,43.07998],[-2.75122,43.08012],[-2.75127,43.08021],[-2.75149,43.08033],[-2.75161,43.08042],[-2.75165,43.08052],[-2.75164,43.08071],[-2.75169,43.08077],[-2.75186,43.08099],[-2.75195,43.08113],[-2.75201,43.08122],[-2.7521,43.0813],[-2.75213,43.08143],[-2.75214,43.08156],[-2.75221,43.08168],[-2.7522,43.08174],[-2.75206,43.0819],[-2.75192,43.08198],[-2.75185,43.08206],[-2.75183,43.08219],[-2.75186,43.08229],[-2.75192,43.08243],[-2.75192,43.08252],[-2.75189,43.0826],[-2.7518,43.08267],[-2.75174,43.08272],[-2.75171,43.08278],[-2.75172,43.08283],[-2.75183,43.08296],[-2.75196,43.08319],[-2.75207,43.08342],[-2.75207,43.08356],[-2.75207,43.08368],[-2.75209,43.08374],[-2.75214,43.0838],[-2.75224,43.08392],[-2.75234,43.08405],[-2.75241,43.08418],[-2.75244,43.08429],[-2.75247,43.08445],[-2.75254,43.08468],[-2.75262,43.08489],[-2.75262,43.08501],[-2.75262,43.08523],[-2.75267,43.08541],[-2.75267,43.08553],[-2.75256,43.08575],[-2.75243,43.08591],[-2.75229,43.08608],[-2.75215,43.08628],[-2.75199,43.08649],[-2.75188,43.08663],[-2.75173,43.08681],[-2.75164,43.08704],[-2.75152,43.08726],[-2.75137,43.08751],[-2.75121,43.08778],[-2.75115,43.08792],[-2.75113,43.08816],[-2.75115,43.08836],[-2.75114,43.08859],[-2.75105,43.08874],[-2.75097,43.08878],[-2.75076,43.08886],[-2.75061,43.08891],[-2.75047,43.08897],[-2.75043,43.089],[-2.75043,43.08904]]}},{"type":"Feature","properties":{"id":762517864,"highway":"path","superficie":"ground"},"geometry":{"type":"LineString","coordinates":[[-2.75244,43.07486],[-2.75248,43.07492],[-2.75255,43.07496],[-2.75272,43.07492],[-2.75277,43.075],[-2.75278,43.07522],[-2.75282,43.07541],[-2.75298,43.07552],[-2.75307,43.07567],[-2.75304,43.07588],[-2.75297,43.07603],[-2.753,43.07618],[-2.753,43.07633],[-2.75289,43.07654],[-2.75288,43.07666],[-2.75295,43.07685],[-2.75298,43.07715]]}},{"type":"Feature","properties":{"id":762518155,"highway":"path","superficie":"ground"},"geometry":{"type":"LineString","coordinates":[[-2.75229,43.07462],[-2.7523,43.0745],[-2.7524,43.0743],[-2.75241,43.07411],[-2.75238,43.07393],[-2.75229,43.07375],[-2.75219,43.07362],[-2.75209,43.0735],[-2.75182,43.07328],[-2.75186,43.07317],[-2.75198,43.07301],[-2.7521,43.07288],[-2.75231,43.07266],[-2.75247,43.07251],[-2.75262,43.07244],[-2.75266,43.07237],[-2.75259,43.07226],[-2.75256,43.07221],[-2.75243,43.07212]]}},{"type":"Feature","properties":{"id":762518500,"highway":"footway"},"geometry":{"type":"LineString","coordinates":[[-2.73989,43.07995],[-2.73982,43.07989],[-2.73966,43.07983],[-2.73943,43.07984],[-2.73916,43.07985],[-2.73906,43.07985]]}},{"type":"Feature","properties":{"id":762518887,"highway":"track"},"geometry":{"type":"LineString","coordinates":[[-2.75546,43.11733],[-2.75558,43.11745],[-2.75566,43.11753]]}},{"type":"Feature","properties":{"id":762518888,"highway":"track"},"geometry":{"type":"LineString","coordinates":[[-2.75442,43.11495],[-2.75452,43.11496],[-2.75456,43.11502],[-2.75455,43.11508],[-2.75455,43.11518],[-2.75447,43.11534],[-2.7544,43.11549],[-2.75432,43.11568],[-2.75422,43.11587],[-2.75412,43.11602],[-2.75396,43.1162],[-2.75392,43.1163],[-2.75393,43.11657],[-2.75389,43.11676],[-2.7539,43.11692],[-2.75389,43.11702],[-2.75397,43.11706],[-2.75418,43.11708],[-2.75449,43.11707],[-2.75473,43.11707],[-2.75489,43.11711],[-2.75518,43.11719],[-2.7554,43.11729],[-2.75546,43.11733]]}},{"type":"Feature","properties":{"id":762518889,"highway":"track"},"geometry":{"type":"LineString","coordinates":[[-2.74929,43.11303],[-2.74945,43.11292],[-2.74959,43.11275],[-2.74965,43.11264],[-2.74974,43.1125],[-2.7498,43.11245],[-2.74988,43.11244],[-2.74999,43.1125],[-2.7501,43.11261],[-2.75019,43.11278],[-2.75018,43.11284],[-2.75008,43.11307],[-2.75002,43.11325],[-2.75,43.11336],[-2.75,43.11347],[-2.75008,43.11358],[-2.75025,43.11366],[-2.75035,43.11374],[-2.75042,43.1138],[-2.75053,43.1138],[-2.75072,43.11374],[-2.75091,43.11365],[-2.75111,43.11357],[-2.75138,43.11349],[-2.75156,43.11346],[-2.75177,43.11347],[-2.75212,43.11353],[-2.75243,43.1136],[-2.75257,43.11367],[-2.75273,43.11384],[-2.75293,43.11406],[-2.75314,43.11432],[-2.75319,43.11445],[-2.75319,43.11466],[-2.7532,43.11479],[-2.75328,43.11503],[-2.75331,43.1151],[-2.7534,43.11515],[-2.75359,43.11516],[-2.75381,43.11513],[-2.75411,43.11503],[-2.7543,43.11494],[-2.75442,43.11495]]}},{"type":"Feature","properties":{"id":762519238,"highway":"track"},"geometry":{"type":"LineString","coordinates":[[-2.75671,43.1203],[-2.75701,43.12031],[-2.75722,43.12028],[-2.75745,43.12028],[-2.75785,43.12033],[-2.75835,43.12038],[-2.75916,43.12053],[-2.75972,43.12056]]}},{"type":"Feature","properties":{"id":762519239,"highway":"path","superficie":"grass"},"geometry":{"type":"LineString","coordinates":[[-2.75587,43.11787],[-2.75587,43.11802],[-2.75584,43.11825],[-2.75585,43.11832],[-2.75595,43.11841],[-2.75606,43.11848],[-2.75613,43.11857],[-2.75616,43.11867],[-2.75617,43.11875],[-2.75616,43.11883],[-2.75601,43.11904],[-2.75575,43.11944],[-2.75548,43.11978],[-2.75544,43.11984],[-2.75584,43.11989],[-2.75625,43.11993],[-2.75644,43.12],[-2.75655,43.12007],[-2.75658,43.12015],[-2.75662,43.12025],[-2.75671,43.1203]]}},{"type":"Feature","properties":{"id":762519339,"highway":"living_street","superficie":"asphalt"},"geometry":{"type":"LineString","coordinates":[[-2.76007,43.1206],[-2.75972,43.12056]]}},{"type":"Feature","properties":{"id":762519515,"highway":"path","superficie":"grass"},"geometry":{"type":"LineString","coordinates":[[-2.76084,43.11943],[-2.76085,43.11941],[-2.76093,43.11937],[-2.76104,43.11933],[-2.76116,43.11931],[-2.76126,43.11925],[-2.76179,43.11902],[-2.76208,43.11883],[-2.7622,43.11879],[-2.76232,43.11873],[-2.7624,43.11871],[-2.76265,43.11875],[-2.7629,43.11882],[-2.7631,43.11893],[-2.76318,43.11896],[-2.76321,43.11894]]}},{"type":"Feature","properties":{"id":762519547,"highway":"path","superficie":"grass"},"geometry":{"type":"LineString","coordinates":[[-2.7649,43.11761],[-2.76466,43.1177],[-2.76458,43.11778],[-2.76456,43.11789],[-2.76457,43.11802],[-2.76463,43.11815],[-2.7647,43.11832],[-2.76478,43.11849],[-2.76495,43.11867],[-2.76515,43.11888],[-2.76521,43.11896],[-2.76522,43.119],[-2.76522,43.11903],[-2.76517,43.11917],[-2.76495,43.11929],[-2.76479,43.11941],[-2.76449,43.11964],[-2.76434,43.11975],[-2.7642,43.11981],[-2.76397,43.1198],[-2.76388,43.11978]]}},{"type":"Feature","properties":{"id":762520579,"highway":"track","nombre":"Asterria auzoa"},"geometry":{"type":"LineString","coordinates":[[-2.75055,43.11563],[-2.75063,43.11556],[-2.75073,43.11545],[-2.75079,43.11539],[-2.7508,43.11532],[-2.75078,43.11522],[-2.75077,43.11517],[-2.75079,43.11508],[-2.75078,43.11496],[-2.75079,43.11487],[-2.75086,43.11479],[-2.75096,43.11474],[-2.7512,43.11467]]}},{"type":"Feature","properties":{"id":762521058,"highway":"living_street","superficie":"asphalt"},"geometry":{"type":"LineString","coordinates":[[-2.76028,43.12045],[-2.76021,43.12031],[-2.76014,43.12019],[-2.75982,43.12006]]}},{"type":"Feature","properties":{"id":762521059,"highway":"living_street","superficie":"asphalt"},"geometry":{"type":"MultiLineString","coordinates":[[[-2.76045,43.12071],[-2.7604,43.12073],[-2.76035,43.12073],[-2.76027,43.12073],[-2.76018,43.1207],[-2.76011,43.12066],[-2.76007,43.1206],[-2.76013,43.12053],[-2.76023,43.12046],[-2.76028,43.12045],[-2.76034,43.12048]],[[-2.76046,43.12066],[-2.76045,43.12071]]]}},{"type":"Feature","properties":{"id":762521496,"highway":"path","superficie":"ground"},"geometry":{"type":"LineString","coordinates":[[-2.75057,43.05961],[-2.75011,43.05957],[-2.74953,43.05959],[-2.74901,43.05958],[-2.74878,43.05949],[-2.74852,43.05934],[-2.74826,43.05919],[-2.748,43.0591],[-2.74781,43.05901],[-2.7477,43.05897]]}},{"type":"Feature","properties":{"id":762521536,"highway":"track"},"geometry":{"type":"LineString","coordinates":[[-2.75016,43.05932],[-2.74987,43.05932],[-2.74955,43.05929],[-2.74934,43.05924],[-2.74917,43.05918]]}},{"type":"Feature","properties":{"id":762521650,"highway":"path","superficie":"ground"},"geometry":{"type":"LineString","coordinates":[[-2.73095,43.0748],[-2.73105,43.07495],[-2.73122,43.07524],[-2.73141,43.07541],[-2.7315,43.07545],[-2.73176,43.07543]]}},{"type":"Feature","properties":{"id":762521651,"highway":"path","nombre":"Ipiñaburu auzoa","superficie":"ground"},"geometry":{"type":"LineString","coordinates":[[-2.73178,43.07451],[-2.73169,43.07451],[-2.73139,43.07461],[-2.73109,43.07474],[-2.73095,43.0748],[-2.73075,43.07473],[-2.73044,43.07461],[-2.73023,43.07456],[-2.73007,43.07457],[-2.72981,43.07463],[-2.72962,43.07467]]}},{"type":"Feature","properties":{"id":762521737,"highway":"path","superficie":"ground"},"geometry":{"type":"LineString","coordinates":[[-2.73727,43.07605],[-2.73718,43.07602],[-2.73709,43.07611],[-2.73698,43.07624],[-2.73683,43.07637],[-2.73664,43.07648],[-2.73645,43.07652],[-2.7362,43.07653],[-2.73592,43.07653],[-2.73571,43.07657],[-2.73556,43.07682],[-2.73536,43.07699],[-2.73507,43.07711],[-2.73488,43.07724],[-2.7346,43.07736],[-2.73414,43.07744],[-2.73385,43.07746],[-2.73361,43.07739],[-2.73327,43.07739],[-2.73288,43.07735],[-2.73271,43.07728],[-2.73254,43.07727],[-2.73206,43.0773],[-2.73177,43.07732],[-2.73163,43.07731],[-2.73166,43.07722],[-2.73185,43.07704],[-2.73199,43.07692],[-2.732,43.07685],[-2.73182,43.07681],[-2.73142,43.07674],[-2.7312,43.07667],[-2.73105,43.0766],[-2.73082,43.07643],[-2.73075,43.07625],[-2.73062,43.07619],[-2.7301,43.07609],[-2.72971,43.07605],[-2.72941,43.07599],[-2.72908,43.07579],[-2.72901,43.0756],[-2.72895,43.07539],[-2.72895,43.07531],[-2.72908,43.07514],[-2.72906,43.075]]}},{"type":"Feature","properties":{"id":818143006,"highway":"path"},"geometry":{"type":"LineString","coordinates":[[-2.80164,43.0601],[-2.80158,43.06009],[-2.80139,43.05989],[-2.80112,43.05957],[-2.80098,43.05922],[-2.80074,43.05883],[-2.80063,43.05853],[-2.80069,43.05833],[-2.80081,43.05812]]}},{"type":"Feature","properties":{"id":821429373,"highway":"track"},"geometry":{"type":"LineString","coordinates":[[-2.78649,43.07063],[-2.78631,43.07074],[-2.7862,43.07081],[-2.7861,43.07087],[-2.78604,43.07091],[-2.78593,43.07094],[-2.78586,43.07095],[-2.78577,43.07096],[-2.78567,43.07096],[-2.78558,43.07095],[-2.78554,43.07094]]}},{"type":"Feature","properties":{"id":821429374,"highway":"track"},"geometry":{"type":"LineString","coordinates":[[-2.78666,43.07061],[-2.78659,43.07061],[-2.78649,43.07063],[-2.78641,43.07064],[-2.78623,43.07069],[-2.78608,43.07074],[-2.78599,43.07077],[-2.78585,43.07084],[-2.78571,43.07091],[-2.78563,43.07092],[-2.78554,43.07094],[-2.78541,43.07096],[-2.78529,43.07103],[-2.78502,43.07121],[-2.78485,43.07132],[-2.78469,43.07138],[-2.78458,43.07142],[-2.78444,43.07144],[-2.78426,43.07144],[-2.78406,43.07142],[-2.7839,43.07141],[-2.78381,43.07142],[-2.78375,43.07144],[-2.78365,43.07147],[-2.78349,43.07152]]}},{"type":"Feature","properties":{"id":821429376,"highway":"track","superficie":"gravel"},"geometry":{"type":"LineString","coordinates":[[-2.78349,43.07152],[-2.78334,43.07157],[-2.78324,43.07159],[-2.78313,43.07163],[-2.78306,43.07164],[-2.78296,43.07164],[-2.78291,43.07165],[-2.78284,43.07167],[-2.78278,43.0717],[-2.7827,43.07175],[-2.7826,43.0718],[-2.78253,43.07184],[-2.78244,43.07191],[-2.78234,43.07196],[-2.78226,43.07202],[-2.78223,43.07212],[-2.78218,43.07229],[-2.78218,43.07243],[-2.78219,43.07254],[-2.78219,43.07259],[-2.78214,43.07268],[-2.78195,43.07289],[-2.7819,43.07295],[-2.7818,43.07298],[-2.78139,43.07308],[-2.78122,43.07311],[-2.78112,43.07312],[-2.78101,43.07313],[-2.78093,43.07313],[-2.78086,43.07314],[-2.78064,43.07321],[-2.78023,43.07335],[-2.78006,43.07339],[-2.7799,43.07341],[-2.7798,43.07341],[-2.77965,43.07343],[-2.77947,43.07346],[-2.7793,43.07353],[-2.77913,43.07359],[-2.77904,43.07366],[-2.77896,43.07374],[-2.77886,43.07377],[-2.77871,43.07375],[-2.7786,43.07373],[-2.77849,43.07371],[-2.77836,43.0737]]}},{"type":"Feature","properties":{"id":821429377,"highway":"track","superficie":"ground"},"geometry":{"type":"LineString","coordinates":[[-2.77409,43.07],[-2.774,43.06999],[-2.77395,43.07],[-2.77372,43.0701],[-2.77361,43.07012]]}},{"type":"Feature","properties":{"id":821429378,"highway":"track"},"geometry":{"type":"LineString","coordinates":[[-2.77594,43.07056],[-2.77569,43.07049],[-2.77558,43.07048],[-2.77544,43.07047],[-2.77535,43.07045],[-2.77519,43.07041],[-2.77506,43.07036],[-2.7749,43.0703],[-2.77478,43.07026],[-2.77464,43.0702],[-2.77431,43.07008],[-2.77415,43.07002],[-2.77409,43.07]]}},{"type":"Feature","properties":{"id":821429379,"highway":"track"},"geometry":{"type":"LineString","coordinates":[[-2.77347,43.07131],[-2.7736,43.07142],[-2.77363,43.07146],[-2.77363,43.07151],[-2.77359,43.07158],[-2.77351,43.07165],[-2.7734,43.07171],[-2.77331,43.07174],[-2.77309,43.0718],[-2.77293,43.07184],[-2.77282,43.07189],[-2.77279,43.07194],[-2.77279,43.07202],[-2.77282,43.07209],[-2.7729,43.07213],[-2.77301,43.07213],[-2.7731,43.07213],[-2.77318,43.0721],[-2.77322,43.07207],[-2.77324,43.07204],[-2.77326,43.07197],[-2.77329,43.07195],[-2.77344,43.07192],[-2.77364,43.07184],[-2.7737,43.07182],[-2.77384,43.07181],[-2.77395,43.07178],[-2.77404,43.07173],[-2.77425,43.07166]]}},{"type":"Feature","properties":{"id":821429380,"highway":"track"},"geometry":{"type":"LineString","coordinates":[[-2.77532,43.06922],[-2.77512,43.06922],[-2.77502,43.06922],[-2.77494,43.06921],[-2.77486,43.06922],[-2.77483,43.06923],[-2.77473,43.06927],[-2.77432,43.06949],[-2.77421,43.06958],[-2.7741,43.06966],[-2.77398,43.06978],[-2.77385,43.06991],[-2.77373,43.07001],[-2.77361,43.07012]]}},{"type":"Feature","properties":{"id":821429381,"highway":"path","superficie":"ground"},"geometry":{"type":"LineString","coordinates":[[-2.77556,43.06997],[-2.77535,43.06995],[-2.77509,43.06991],[-2.77493,43.06985],[-2.77482,43.06983],[-2.77474,43.06983],[-2.77461,43.06987],[-2.77449,43.0699],[-2.77421,43.06998],[-2.77409,43.07]]}},{"type":"Feature","properties":{"id":821429382,"highway":"path","superficie":"ground"},"geometry":{"type":"LineString","coordinates":[[-2.77347,43.07131],[-2.77343,43.07134],[-2.7733,43.07135],[-2.77321,43.07133],[-2.77309,43.07135],[-2.7729,43.07142],[-2.77272,43.07141],[-2.77251,43.07142],[-2.77233,43.0714],[-2.77221,43.07137],[-2.7721,43.0713],[-2.77187,43.07118],[-2.77162,43.07108],[-2.77134,43.071],[-2.77121,43.07095],[-2.77116,43.07098],[-2.77115,43.07104],[-2.77112,43.07115],[-2.7711,43.07125]]}},{"type":"Feature","properties":{"id":837241236,"highway":"track"},"geometry":{"type":"LineString","coordinates":[[-2.74943,43.09152],[-2.74931,43.09144],[-2.74918,43.09092],[-2.749,43.09061],[-2.74878,43.09039],[-2.74851,43.09027],[-2.7482,43.09017],[-2.74766,43.09006],[-2.74745,43.09002],[-2.7473,43.08999],[-2.74699,43.08981]]}},{"type":"Feature","properties":{"id":837241237,"highway":"service","nombre":"Undurragako bidea"},"geometry":{"type":"LineString","coordinates":[[-2.75019,43.09114],[-2.75018,43.09113],[-2.75005,43.0912],[-2.74995,43.09126],[-2.7499,43.09133],[-2.74988,43.0915],[-2.74989,43.09165],[-2.74986,43.09168],[-2.74977,43.09173],[-2.74969,43.09172],[-2.74965,43.0917],[-2.74952,43.09156],[-2.74943,43.09152],[-2.74938,43.09153],[-2.74937,43.09156],[-2.74938,43.09166],[-2.74939,43.09198],[-2.7495,43.0924],[-2.74959,43.09272],[-2.7497,43.09292],[-2.74967,43.09307],[-2.74961,43.09315]]}},{"type":"Feature","properties":{"id":837241238,"highway":"track"},"geometry":{"type":"LineString","coordinates":[[-2.75933,43.08894],[-2.7593,43.08908],[-2.75944,43.08945],[-2.75945,43.08951],[-2.75934,43.08962],[-2.75908,43.0897],[-2.75883,43.08983],[-2.75871,43.09009],[-2.7588,43.09022],[-2.75905,43.09034],[-2.75922,43.09056],[-2.75921,43.09067],[-2.7589,43.09101],[-2.75881,43.09123],[-2.75865,43.09145]]}},{"type":"Feature","properties":{"id":837241239,"highway":"track"},"geometry":{"type":"LineString","coordinates":[[-2.76525,43.08867],[-2.76507,43.08862],[-2.76479,43.08867],[-2.76394,43.08863],[-2.76338,43.08888],[-2.76313,43.08891]]}},{"type":"Feature","properties":{"id":837241240,"highway":"path"},"geometry":{"type":"LineString","coordinates":[[-2.77046,43.08134],[-2.77073,43.08157],[-2.77104,43.08193],[-2.77111,43.08209],[-2.77112,43.08244]]}},{"type":"Feature","properties":{"id":839084404,"highway":"service","oneway":"no","superficie":"asphalt"},"geometry":{"type":"LineString","coordinates":[[-2.73678,43.08009],[-2.73727,43.08015]]}},{"type":"Feature","properties":{"id":839085822,"highway":"path","superficie":"ground"},"geometry":{"type":"LineString","coordinates":[[-2.7441,43.0831],[-2.74419,43.08322],[-2.74428,43.08341],[-2.74445,43.08354],[-2.74467,43.08382],[-2.74483,43.08399],[-2.74502,43.08413],[-2.74512,43.08411],[-2.74559,43.08403],[-2.74566,43.08402],[-2.74608,43.08382],[-2.74633,43.08368],[-2.74639,43.08372],[-2.74658,43.08385],[-2.74678,43.08394],[-2.7468,43.08394],[-2.74705,43.08401],[-2.74742,43.08415],[-2.74795,43.08428],[-2.74814,43.08438],[-2.74841,43.08452],[-2.74876,43.08487],[-2.74903,43.08504],[-2.74958,43.08512],[-2.7497,43.08515],[-2.74975,43.08527],[-2.74976,43.08537],[-2.74976,43.08545],[-2.74968,43.08545],[-2.74958,43.08544],[-2.74948,43.08543]]}},{"type":"Feature","properties":{"id":839087279,"highway":"path","superficie":"ground"},"geometry":{"type":"LineString","coordinates":[[-2.74559,43.08403],[-2.74579,43.08351],[-2.74614,43.08303],[-2.74614,43.083],[-2.74611,43.08279],[-2.74604,43.08269]]}},{"type":"Feature","properties":{"id":839087280,"highway":"path","superficie":"ground"},"geometry":{"type":"LineString","coordinates":[[-2.74841,43.08452],[-2.74827,43.08415],[-2.74813,43.08399],[-2.74812,43.08397],[-2.74793,43.08392],[-2.7477,43.08373],[-2.74685,43.08264],[-2.74646,43.08243],[-2.74621,43.08243],[-2.74604,43.08269],[-2.74578,43.08274],[-2.74568,43.08263],[-2.7456,43.08229],[-2.74553,43.08215],[-2.7455,43.08199],[-2.74547,43.08186],[-2.74536,43.08175],[-2.74519,43.08164],[-2.74511,43.08159]]}},{"type":"Feature","properties":{"id":839089174,"highway":"path","superficie":"ground"},"geometry":{"type":"LineString","coordinates":[[-2.74512,43.08411],[-2.74503,43.08402],[-2.74494,43.08378],[-2.74476,43.08357],[-2.74472,43.08334],[-2.74464,43.08325]]}},{"type":"Feature","properties":{"id":839089175,"highway":"path","superficie":"ground"},"geometry":{"type":"LineString","coordinates":[[-2.74559,43.08403],[-2.74542,43.08394],[-2.74515,43.0836],[-2.7451,43.08345],[-2.74509,43.08332]]}},{"type":"Feature","properties":{"id":839089176,"highway":"path","superficie":"ground"},"geometry":{"type":"LineString","coordinates":[[-2.74566,43.08402],[-2.74581,43.08412],[-2.74588,43.08421],[-2.74601,43.0847],[-2.7461,43.0848],[-2.74617,43.08499]]}},{"type":"Feature","properties":{"id":839089177,"highway":"path","superficie":"ground"},"geometry":{"type":"LineString","coordinates":[[-2.74639,43.08372],[-2.74643,43.08406],[-2.74643,43.08413],[-2.7465,43.08435],[-2.74659,43.08445],[-2.74757,43.085],[-2.74795,43.08527],[-2.74884,43.08556],[-2.74915,43.08564],[-2.74961,43.08578]]}},{"type":"Feature","properties":{"id":839089178,"highway":"path"},"geometry":{"type":"LineString","coordinates":[[-2.74643,43.08406],[-2.74766,43.08466],[-2.74796,43.08488],[-2.7483,43.08517],[-2.74856,43.0853],[-2.74919,43.0855],[-2.74945,43.08554],[-2.74958,43.08552],[-2.74967,43.08548],[-2.74976,43.08545]]}},{"type":"Feature","properties":{"id":839089179,"highway":"path","superficie":"ground"},"geometry":{"type":"LineString","coordinates":[[-2.74814,43.08438],[-2.74829,43.08483],[-2.74883,43.08515],[-2.74948,43.08543]]}},{"type":"Feature","properties":{"id":839089180,"highway":"path","superficie":"ground"},"geometry":{"type":"LineString","coordinates":[[-2.74614,43.083],[-2.74642,43.08286],[-2.74652,43.08286],[-2.74664,43.08293],[-2.74668,43.08306],[-2.74674,43.08377],[-2.7468,43.08394]]}},{"type":"Feature","properties":{"id":839089181,"highway":"path","superficie":"ground"},"geometry":{"type":"LineString","coordinates":[[-2.74621,43.08243],[-2.7463,43.0823],[-2.74653,43.08215],[-2.74658,43.08205],[-2.7469,43.08198],[-2.74685,43.08182],[-2.74691,43.08156],[-2.74738,43.08143],[-2.74784,43.08124],[-2.74846,43.08085],[-2.74913,43.08063],[-2.74963,43.08029],[-2.74978,43.08001],[-2.74964,43.08006],[-2.74898,43.08006],[-2.7482,43.08025],[-2.74777,43.08038]]}},{"type":"Feature","properties":{"id":839089509,"highway":"service","nombre":"Altzuaga auzoa","superficie":"asphalt"},"geometry":{"type":"LineString","coordinates":[[-2.74509,43.08206],[-2.74463,43.08165],[-2.74466,43.08159],[-2.74445,43.08141],[-2.74437,43.08146],[-2.74427,43.08153],[-2.74416,43.08163],[-2.74401,43.08179],[-2.74393,43.08184],[-2.74398,43.08174]]}},{"type":"Feature","properties":{"id":839091592,"highway":"path","nombre":"Undurraga auzoa","superficie":"gravel"},"geometry":{"type":"LineString","coordinates":[[-2.74078,43.08142],[-2.7408,43.08159],[-2.74153,43.08186],[-2.74173,43.08179],[-2.7418,43.08171],[-2.74199,43.08165],[-2.74226,43.08166],[-2.74246,43.08162],[-2.74268,43.08156],[-2.74277,43.08154],[-2.74297,43.08151],[-2.7431,43.08155],[-2.74318,43.08162],[-2.74338,43.08182],[-2.74354,43.08189],[-2.74377,43.08189],[-2.74384,43.08187],[-2.74393,43.08184]]}},{"type":"Feature","properties":{"id":839106203,"highway":"footway","superficie":"concrete"},"geometry":{"type":"LineString","coordinates":[[-2.74402,43.08364],[-2.74412,43.08366],[-2.74416,43.08376]]}},{"type":"Feature","properties":{"id":839506372,"highway":"unclassified","nombre":"Asterria auzoa","superficie":"asphalt"},"geometry":{"type":"LineString","coordinates":[[-2.76588,43.12193],[-2.76575,43.12192],[-2.7656,43.12192],[-2.76525,43.122],[-2.7648,43.12203],[-2.76412,43.12223],[-2.76388,43.1223],[-2.7635,43.12242],[-2.76328,43.12252],[-2.76318,43.12259],[-2.76308,43.12266]]}},{"type":"Feature","properties":{"id":839959082,"highway":"path"},"geometry":{"type":"LineString","coordinates":[[-2.79471,43.06379],[-2.79485,43.06392],[-2.79488,43.0642],[-2.79489,43.06438],[-2.79481,43.06467],[-2.79446,43.06545]]}},{"type":"Feature","properties":{"id":839959084,"highway":"path"},"geometry":{"type":"LineString","coordinates":[[-2.7941,43.0607],[-2.79413,43.06074],[-2.79427,43.06088],[-2.79476,43.06115],[-2.79506,43.06142],[-2.79528,43.06169],[-2.79566,43.06238],[-2.79576,43.06247],[-2.79597,43.06257],[-2.7962,43.06276]]}},{"type":"Feature","properties":{"id":839959085,"highway":"path"},"geometry":{"type":"MultiLineString","coordinates":[[[-2.7972,43.06518],[-2.79703,43.0652],[-2.79697,43.06523],[-2.79695,43.06526],[-2.79698,43.06531],[-2.79695,43.06539],[-2.79683,43.06556],[-2.79674,43.0656],[-2.79669,43.06567],[-2.79668,43.06581]],[[-2.79639,43.06613],[-2.79637,43.06613],[-2.79635,43.06616]],[[-2.79628,43.06622],[-2.79621,43.06624],[-2.7962,43.06629]],[[-2.79611,43.06637],[-2.79607,43.06638],[-2.79604,43.06643]]]}},{"type":"Feature","properties":{"id":839959086,"highway":"path"},"geometry":{"type":"MultiLineString","coordinates":[[[-2.79255,43.06731],[-2.79291,43.06727],[-2.79324,43.0675],[-2.79345,43.06763],[-2.79351,43.06773],[-2.79372,43.06789],[-2.79399,43.06799],[-2.79434,43.06818],[-2.7947,43.0683],[-2.79494,43.06833],[-2.79515,43.06848],[-2.79526,43.06853],[-2.79537,43.06854],[-2.79542,43.06839],[-2.79548,43.06822],[-2.79545,43.06804],[-2.79534,43.06779],[-2.79533,43.06771],[-2.79522,43.06761],[-2.79521,43.06756]],[[-2.79517,43.06752],[-2.79506,43.06747],[-2.79499,43.06737],[-2.79501,43.06733]],[[-2.79501,43.06732],[-2.79504,43.06723],[-2.79524,43.06703],[-2.79531,43.06692],[-2.7954,43.06691],[-2.7955,43.06689]],[[-2.7957,43.06672],[-2.79568,43.0667],[-2.79569,43.06664],[-2.79575,43.0666],[-2.79574,43.06654],[-2.79584,43.06651],[-2.79593,43.06653]]]}},{"type":"Feature","properties":{"id":844633443,"highway":"trunk","nombre":"Altzusta auzoa","ref":"N-240"},"geometry":{"type":"LineString","coordinates":[[-2.71234,43.06669],[-2.71232,43.06661],[-2.71229,43.06653],[-2.71223,43.06643],[-2.71218,43.06635],[-2.71211,43.06627],[-2.71181,43.06593],[-2.71177,43.06588]]}},{"type":"Feature","properties":{"id":848980198,"highway":"track"},"geometry":{"type":"LineString","coordinates":[[-2.68952,43.04459],[-2.68914,43.0448],[-2.68881,43.04495],[-2.68864,43.04508],[-2.68846,43.04527],[-2.68839,43.04537]]}},{"type":"Feature","properties":{"id":848980199,"highway":"track"},"geometry":{"type":"LineString","coordinates":[[-2.6862,43.04427],[-2.68596,43.044]]}},{"type":"Feature","properties":{"id":848982736,"highway":"track"},"geometry":{"type":"LineString","coordinates":[[-2.69959,43.07509],[-2.69952,43.07504]]}},{"type":"Feature","properties":{"id":848982737,"highway":"track"},"geometry":{"type":"MultiLineString","coordinates":[[[-2.69858,43.06597],[-2.69849,43.06595]],[[-2.69677,43.06511],[-2.69679,43.06503]]]}},{"type":"Feature","properties":{"id":848982738,"highway":"track"},"geometry":{"type":"LineString","coordinates":[[-2.69383,43.05788],[-2.69383,43.05801],[-2.69372,43.05814],[-2.69352,43.05832],[-2.69345,43.05844],[-2.69339,43.05853]]}},{"type":"Feature","properties":{"id":862810201,"highway":"track","superficie":"concrete"},"geometry":{"type":"LineString","coordinates":[[-2.73338,43.02551],[-2.73349,43.02559],[-2.73354,43.02565],[-2.73356,43.02571],[-2.73357,43.02578],[-2.73353,43.02604],[-2.7335,43.02622],[-2.73345,43.02639],[-2.73339,43.0265],[-2.73333,43.02661],[-2.73331,43.02666],[-2.73334,43.02671],[-2.73339,43.02673],[-2.73348,43.02675],[-2.73353,43.02678],[-2.73355,43.02682],[-2.73356,43.0269],[-2.73351,43.02739],[-2.73348,43.02767],[-2.73344,43.02804],[-2.73344,43.02817],[-2.73347,43.0285],[-2.73344,43.02896],[-2.7334,43.02915],[-2.73338,43.02929],[-2.7334,43.02946],[-2.73342,43.02962],[-2.73348,43.02974],[-2.73358,43.02984],[-2.73362,43.02989]]}},{"type":"Feature","properties":{"id":862810202,"highway":"track","superficie":"gravel"},"geometry":{"type":"LineString","coordinates":[[-2.72311,43.02645],[-2.72338,43.02636],[-2.72351,43.0263],[-2.72388,43.02614],[-2.72435,43.02589],[-2.72502,43.02552],[-2.72544,43.0253],[-2.72576,43.02514],[-2.72587,43.02508],[-2.726,43.02506],[-2.72621,43.02505],[-2.72646,43.02502],[-2.72664,43.02496],[-2.72682,43.02489],[-2.72714,43.02473],[-2.72723,43.02467],[-2.72753,43.02448],[-2.72765,43.02445],[-2.72787,43.02443],[-2.72837,43.02433],[-2.7285,43.02432],[-2.72858,43.02434],[-2.72896,43.02439],[-2.7292,43.0244],[-2.72931,43.02439],[-2.72953,43.02431],[-2.72978,43.02424],[-2.7299,43.02424],[-2.72999,43.02427],[-2.7301,43.02434],[-2.73016,43.02441],[-2.73024,43.02447],[-2.7303,43.0245],[-2.73041,43.02454],[-2.73091,43.02466],[-2.73159,43.02481],[-2.73178,43.02484],[-2.73208,43.02486],[-2.73222,43.02488],[-2.73238,43.02494],[-2.73261,43.02505],[-2.73285,43.02519],[-2.73312,43.02532],[-2.73338,43.02551]]}},{"type":"Feature","properties":{"id":862810716,"highway":"track"},"geometry":{"type":"LineString","coordinates":[[-2.75818,43.04298],[-2.75826,43.04302],[-2.75846,43.04315],[-2.75853,43.0432],[-2.75869,43.04332],[-2.75879,43.04339],[-2.75896,43.04357],[-2.75905,43.04366],[-2.75922,43.04374],[-2.75932,43.0438],[-2.75949,43.04398],[-2.75955,43.04406],[-2.75958,43.04413],[-2.75958,43.0442],[-2.75962,43.04426],[-2.75978,43.04437],[-2.75991,43.04443]]}},{"type":"Feature","properties":{"id":862810717,"highway":"track","superficie":"concrete"},"geometry":{"type":"LineString","coordinates":[[-2.74331,43.03552],[-2.74369,43.03562],[-2.74392,43.03568],[-2.74424,43.03582],[-2.74444,43.03586],[-2.74454,43.03586],[-2.74484,43.03576],[-2.7451,43.03566],[-2.74521,43.0356],[-2.74528,43.03559],[-2.74541,43.03557],[-2.74559,43.03556]]}},{"type":"Feature","properties":{"id":862810718,"highway":"track","superficie":"gravel"},"geometry":{"type":"LineString","coordinates":[[-2.73362,43.02989],[-2.73367,43.02994],[-2.73409,43.03031],[-2.73443,43.03056],[-2.73486,43.03085],[-2.73534,43.03117],[-2.73553,43.03131],[-2.73568,43.03141],[-2.73605,43.03163],[-2.73618,43.03173],[-2.73623,43.0318],[-2.7363,43.03192],[-2.73632,43.03196],[-2.73637,43.03204],[-2.73645,43.03213],[-2.73683,43.03236],[-2.73774,43.03302],[-2.73835,43.0335],[-2.73851,43.03364],[-2.73865,43.03373],[-2.73894,43.03384],[-2.73951,43.03406],[-2.7403,43.03435],[-2.74047,43.03441],[-2.74075,43.03453],[-2.7414,43.03483],[-2.74194,43.03506],[-2.74258,43.03533],[-2.7429,43.03544],[-2.74307,43.03548],[-2.74331,43.03552]]}},{"type":"Feature","properties":{"id":862818247,"highway":"track","nombre":"Ipiñaburu auzoa"},"geometry":{"type":"LineString","coordinates":[[-2.76211,43.04282],[-2.76213,43.04258],[-2.76212,43.04239],[-2.76212,43.04234],[-2.76218,43.04228],[-2.76231,43.0422],[-2.76241,43.04213],[-2.76245,43.04207]]}},{"type":"Feature","properties":{"id":899648191,"highway":"unclassified","oneway":"yes"},"geometry":{"type":"LineString","coordinates":[[-2.73972,43.08839],[-2.73989,43.08842],[-2.74025,43.08854]]}},{"type":"Feature","properties":{"id":899651635,"highway":"tertiary","superficie":"asphalt"},"geometry":{"type":"LineString","coordinates":[[-2.7505,43.10107],[-2.75047,43.10111],[-2.75048,43.10116],[-2.75052,43.10119]]}},{"type":"Feature","properties":{"id":913791073,"highway":"path"},"geometry":{"type":"LineString","coordinates":[[-2.76977,43.02978],[-2.76951,43.02969],[-2.76923,43.0296],[-2.769,43.02963],[-2.76878,43.02992],[-2.76869,43.03012],[-2.76873,43.0303]]}},{"type":"Feature","properties":{"id":965414549,"highway":"path"},"geometry":{"type":"LineString","coordinates":[[-2.76936,43.03827],[-2.76944,43.03835],[-2.76952,43.03843],[-2.76958,43.03847],[-2.76969,43.03851],[-2.76976,43.03854],[-2.76982,43.03859],[-2.76988,43.03863],[-2.76992,43.03866],[-2.76999,43.03872],[-2.77007,43.03881],[-2.77014,43.03887],[-2.7702,43.03891],[-2.77025,43.03898],[-2.77024,43.03903],[-2.77021,43.03908],[-2.77027,43.03911],[-2.77039,43.03923],[-2.77042,43.03925],[-2.7705,43.03932],[-2.77051,43.03938],[-2.77053,43.0395],[-2.77059,43.03956],[-2.77068,43.03966],[-2.77074,43.0397],[-2.77088,43.03975],[-2.77106,43.03989],[-2.77122,43.04004],[-2.77134,43.04009],[-2.77146,43.04015],[-2.77165,43.04021],[-2.77174,43.04021],[-2.77184,43.04021],[-2.77192,43.04021],[-2.772,43.04025],[-2.77206,43.04027],[-2.77213,43.04032],[-2.77222,43.04037],[-2.7723,43.04043],[-2.77236,43.04047],[-2.77245,43.04051],[-2.77254,43.04054],[-2.77264,43.04055],[-2.77277,43.04056],[-2.77279,43.0406],[-2.77285,43.04072],[-2.77293,43.04076],[-2.77305,43.04079],[-2.77316,43.04083],[-2.7733,43.04088],[-2.77336,43.04094],[-2.77345,43.04104],[-2.77355,43.04107],[-2.77368,43.0411],[-2.77383,43.04112],[-2.77396,43.04113],[-2.77402,43.04121],[-2.7741,43.04128],[-2.77421,43.04134],[-2.77429,43.04139],[-2.77453,43.04138],[-2.77462,43.04142],[-2.77472,43.04151],[-2.77484,43.04151],[-2.77497,43.04148],[-2.7751,43.04152],[-2.77522,43.0417],[-2.77549,43.04173],[-2.77581,43.0418],[-2.77608,43.04183],[-2.77625,43.04189],[-2.77646,43.04204],[-2.77653,43.04211],[-2.77659,43.0422],[-2.77666,43.04236],[-2.77686,43.04244],[-2.77707,43.04254],[-2.77726,43.04268],[-2.77749,43.04276],[-2.77767,43.04288],[-2.7778,43.04303],[-2.77792,43.04321],[-2.77803,43.04339],[-2.77817,43.04352],[-2.77838,43.04366],[-2.77856,43.04379],[-2.77878,43.04391],[-2.77884,43.04397],[-2.77897,43.04404],[-2.77918,43.04414],[-2.7795,43.04436],[-2.77964,43.04452],[-2.77983,43.04464],[-2.77988,43.04481],[-2.77995,43.04489],[-2.78007,43.04498],[-2.78068,43.04521],[-2.78088,43.04531],[-2.78107,43.04544],[-2.78128,43.04566],[-2.78135,43.04575],[-2.78152,43.04584],[-2.78171,43.04594],[-2.78183,43.04613],[-2.78189,43.0463],[-2.78198,43.04647],[-2.78207,43.04659],[-2.78216,43.04666],[-2.78228,43.04679],[-2.78233,43.04693],[-2.78232,43.04706],[-2.78232,43.04711],[-2.7823,43.04726],[-2.7823,43.04735],[-2.78237,43.04742],[-2.78247,43.04755],[-2.78249,43.04757],[-2.78255,43.04762]]}},{"type":"Feature","properties":{"id":978100176,"highway":"unclassified","nombre":"Ipiñaburu auzoa","superficie":"paved"},"geometry":{"type":"LineString","coordinates":[[-2.7571,43.06619],[-2.75684,43.06627],[-2.75673,43.06633],[-2.75656,43.06647],[-2.75589,43.06708],[-2.75573,43.06723],[-2.75559,43.0673],[-2.75539,43.06737],[-2.75528,43.0674],[-2.75513,43.06745],[-2.75495,43.06749],[-2.75483,43.06752],[-2.75426,43.06761],[-2.75411,43.06765],[-2.75392,43.06774],[-2.75379,43.06786],[-2.75362,43.06795],[-2.75343,43.06797],[-2.75324,43.06795],[-2.75262,43.06766],[-2.75244,43.06763],[-2.75226,43.06762],[-2.75214,43.06768],[-2.75207,43.06781],[-2.75202,43.06806],[-2.75193,43.06832],[-2.75185,43.06843],[-2.75172,43.06852],[-2.75127,43.06871],[-2.75114,43.06872],[-2.75082,43.06866],[-2.75065,43.06866],[-2.74998,43.06885],[-2.74926,43.06909],[-2.74905,43.0692],[-2.74896,43.06931],[-2.74896,43.0694],[-2.74919,43.06975],[-2.74931,43.06996],[-2.74927,43.07009],[-2.74906,43.07021],[-2.74897,43.07029],[-2.74895,43.07034],[-2.74894,43.07039],[-2.74894,43.07062],[-2.74894,43.07067],[-2.74889,43.07071],[-2.74878,43.07073]]}},{"type":"Feature","properties":{"id":979371610,"highway":"residential","nombre":"Zubizarra kalea","izena_eu":"Zubizarra kalea","nombre_es":"Calle Zubizarra"},"geometry":{"type":"LineString","coordinates":[[-2.76588,43.12193],[-2.76588,43.12193]]}},{"type":"Feature","properties":{"id":979371611,"highway":"unclassified","nombre":"Eleizondo auzoa"},"geometry":{"type":"LineString","coordinates":[[-2.74985,43.10578],[-2.74962,43.1056],[-2.74958,43.10555],[-2.74958,43.10547],[-2.74958,43.10545],[-2.74961,43.10536],[-2.7496,43.10512],[-2.74926,43.1051],[-2.74919,43.10504],[-2.74916,43.10498],[-2.74913,43.10482],[-2.74914,43.10475],[-2.7492,43.1047],[-2.74938,43.10463],[-2.74946,43.10459]]}},{"type":"Feature","properties":{"id":979371612,"highway":"living_street","nombre":"Plazea auzoa"},"geometry":{"type":"LineString","coordinates":[[-2.75041,43.09807],[-2.7501,43.09804]]}},{"type":"Feature","properties":{"id":979371613,"highway":"unclassified","nombre":"Undurraga auzoa","superficie":"asphalt"},"geometry":{"type":"LineString","coordinates":[[-2.74202,43.07546],[-2.74198,43.07552],[-2.74166,43.07574],[-2.74115,43.07617],[-2.74085,43.07632],[-2.74065,43.07636],[-2.74056,43.07633]]}},{"type":"Feature","properties":{"id":979371614,"highway":"tertiary","nombre":"Undurraga auzoa","ref":"BI-4501"},"geometry":{"type":"LineString","coordinates":[[-2.73816,43.0791],[-2.73808,43.07902],[-2.7381,43.07893],[-2.73817,43.07886],[-2.73825,43.07884],[-2.73836,43.07882],[-2.73868,43.07882],[-2.73892,43.07878],[-2.73903,43.07874],[-2.73911,43.07867],[-2.73916,43.07859],[-2.73927,43.0783],[-2.7393,43.07806],[-2.7393,43.07781],[-2.73932,43.07735],[-2.7394,43.0772],[-2.74008,43.07651],[-2.74024,43.07643],[-2.74056,43.07633]]}},{"type":"Feature","properties":{"id":1025580950,"highway":"path"},"geometry":{"type":"LineString","coordinates":[[-2.77143,43.07709],[-2.77132,43.07718],[-2.77122,43.0773],[-2.77118,43.07736],[-2.77114,43.07738],[-2.7711,43.0774],[-2.77107,43.07742],[-2.77108,43.07748],[-2.77114,43.07758],[-2.77125,43.07769],[-2.77142,43.07782],[-2.77165,43.07799],[-2.7718,43.07809],[-2.77201,43.07822],[-2.77211,43.07827],[-2.77217,43.07836],[-2.77232,43.07844],[-2.77256,43.07856],[-2.77261,43.07859],[-2.77264,43.07861],[-2.77267,43.07873],[-2.77256,43.07881],[-2.77253,43.07884],[-2.77255,43.07898],[-2.77259,43.07906],[-2.77262,43.07909],[-2.77256,43.07911],[-2.77251,43.07915],[-2.77246,43.07924],[-2.77246,43.07928],[-2.77247,43.07932],[-2.77252,43.07948],[-2.77253,43.07955],[-2.77251,43.0798],[-2.77244,43.07999],[-2.77239,43.08018],[-2.77237,43.08027],[-2.7724,43.0803],[-2.7724,43.08035],[-2.77235,43.08043],[-2.77226,43.08057],[-2.77224,43.08069],[-2.77221,43.08075],[-2.77209,43.08081],[-2.77192,43.08086],[-2.77173,43.0809],[-2.77163,43.0809],[-2.77118,43.08086],[-2.77101,43.08083],[-2.77088,43.081],[-2.77055,43.08115],[-2.77046,43.08134],[-2.77004,43.08175]]}},{"type":"Feature","properties":{"id":1061849200,"highway":"path"},"geometry":{"type":"LineString","coordinates":[[-2.7786,43.04185],[-2.77831,43.04146],[-2.7782,43.04135],[-2.77768,43.04108],[-2.77734,43.04084],[-2.77705,43.04073],[-2.77688,43.04057],[-2.77669,43.04034],[-2.77628,43.04017],[-2.77591,43.03998],[-2.77558,43.03977],[-2.77521,43.03957],[-2.77489,43.03948],[-2.77467,43.03934],[-2.77433,43.03928],[-2.77409,43.03918],[-2.77397,43.03904],[-2.77375,43.03899],[-2.77364,43.03896],[-2.77366,43.03884]]}},{"type":"Feature","properties":{"id":1061849201,"highway":"path","nombre":"Dulauko bidea","izena_eu":"Dulauko bidea","nombre_es":"Senda de Dulao a Iñiger"},"geometry":{"type":"LineString","coordinates":[[-2.76833,43.03005],[-2.76798,43.02998],[-2.76769,43.02991],[-2.76752,43.02989],[-2.7675,43.02993],[-2.76742,43.02995],[-2.76715,43.02995],[-2.76691,43.02995],[-2.7668,43.02999],[-2.7667,43.03007],[-2.76658,43.03012],[-2.76638,43.03016],[-2.7662,43.03015],[-2.76611,43.03019],[-2.76601,43.03021],[-2.76593,43.03016],[-2.76588,43.03006],[-2.76583,43.02989],[-2.76583,43.02969],[-2.76582,43.02947],[-2.76589,43.02936],[-2.76592,43.02929],[-2.76587,43.02925],[-2.76581,43.02929],[-2.76571,43.02931],[-2.76558,43.02931],[-2.76549,43.02928],[-2.76541,43.02927],[-2.76536,43.02932],[-2.76523,43.02941],[-2.76508,43.02938],[-2.76504,43.02934],[-2.76498,43.02931],[-2.7649,43.02929],[-2.76487,43.02924],[-2.76483,43.02923]]}},{"type":"Feature","properties":{"id":1093423611,"highway":"path","superficie":"ground"},"geometry":{"type":"LineString","coordinates":[[-2.78925,43.08923],[-2.78925,43.08934],[-2.78931,43.08946],[-2.78938,43.08955]]}},{"type":"Feature","properties":{"id":1093423789,"highway":"path","superficie":"ground"},"geometry":{"type":"LineString","coordinates":[[-2.78817,43.08918],[-2.78811,43.08919],[-2.78807,43.08924],[-2.78805,43.08941],[-2.78804,43.08956],[-2.78799,43.0897],[-2.78798,43.08978],[-2.78804,43.08994],[-2.78807,43.09005],[-2.78807,43.09019],[-2.78806,43.09034],[-2.78802,43.09049]]}},{"type":"Feature","properties":{"id":1093423790,"highway":"path","superficie":"ground"},"geometry":{"type":"LineString","coordinates":[[-2.78924,43.08922],[-2.78918,43.0893],[-2.7891,43.08939],[-2.789,43.08945],[-2.78882,43.08945],[-2.78868,43.08942],[-2.7884,43.08927],[-2.78817,43.08918],[-2.78801,43.08908],[-2.78794,43.089],[-2.78784,43.08894],[-2.78768,43.0889],[-2.78756,43.08886],[-2.78741,43.08886],[-2.78729,43.08888]]}},{"type":"Feature","properties":{"id":1105307230,"highway":"track"},"geometry":{"type":"LineString","coordinates":[[-2.73324,43.04694],[-2.73355,43.04683],[-2.73416,43.04672],[-2.73438,43.04665],[-2.73559,43.04651]]}},{"type":"Feature","properties":{"id":1132012554,"highway":"path"},"geometry":{"type":"LineString","coordinates":[[-2.70726,43.03547],[-2.70731,43.03553]]}},{"type":"Feature","properties":{"id":1151366753,"highway":"track","nombre":"Altzusta auzoa"},"geometry":{"type":"LineString","coordinates":[[-2.69359,43.04513],[-2.69377,43.04508],[-2.69394,43.04509],[-2.69439,43.04519],[-2.69469,43.04521],[-2.69495,43.04521],[-2.6951,43.04513],[-2.69533,43.04495],[-2.69557,43.0448],[-2.6959,43.0447],[-2.69641,43.04471],[-2.69671,43.04478],[-2.69693,43.04482],[-2.69724,43.04478],[-2.69792,43.04475],[-2.69832,43.04478],[-2.69844,43.04483],[-2.69827,43.04493],[-2.69804,43.04502],[-2.6978,43.04503],[-2.69746,43.04504],[-2.69713,43.0451],[-2.69694,43.04525],[-2.69681,43.04535]]}},{"type":"Feature","properties":{"id":1151366758,"highway":"track"},"geometry":{"type":"LineString","coordinates":[[-2.70183,43.05282],[-2.70203,43.05299],[-2.70218,43.05309],[-2.70241,43.05316],[-2.70258,43.05325],[-2.70267,43.05333],[-2.70273,43.05354],[-2.7028,43.05362],[-2.70292,43.05368],[-2.70302,43.05366],[-2.70323,43.05356],[-2.70337,43.0535],[-2.7041,43.05352],[-2.70425,43.05354],[-2.7043,43.05359],[-2.70434,43.05376],[-2.70469,43.05437],[-2.70475,43.05443],[-2.70486,43.05446],[-2.70509,43.0545],[-2.70558,43.05449],[-2.70579,43.05441],[-2.70604,43.05426],[-2.70621,43.05424],[-2.70646,43.05423],[-2.70694,43.05428],[-2.70731,43.05438],[-2.70741,43.05439],[-2.70755,43.05438],[-2.70765,43.05432],[-2.70769,43.05422],[-2.70769,43.05396]]}},{"type":"Feature","properties":{"id":1155324942,"highway":"service"},"geometry":{"type":"LineString","coordinates":[[-2.73896,43.08272],[-2.73872,43.08259],[-2.73855,43.08246],[-2.73852,43.0823],[-2.73848,43.08219],[-2.73835,43.08204],[-2.73822,43.0819],[-2.73816,43.08186]]}},{"type":"Feature","properties":{"id":1155324960,"highway":"service"},"geometry":{"type":"LineString","coordinates":[[-2.73263,43.0813],[-2.7328,43.08127],[-2.73309,43.08126],[-2.73321,43.08124],[-2.73328,43.0812],[-2.73333,43.08115],[-2.73335,43.08107]]}},{"type":"Feature","properties":{"id":1155324966,"highway":"track"},"geometry":{"type":"LineString","coordinates":[[-2.73097,43.07752],[-2.73089,43.07747],[-2.73072,43.07745],[-2.73053,43.07745],[-2.73037,43.07747],[-2.73029,43.0775],[-2.73018,43.07754],[-2.73011,43.07754],[-2.73,43.07749],[-2.72993,43.07742],[-2.72991,43.07733],[-2.7299,43.07726]]}},{"type":"Feature","properties":{"id":1155406423,"highway":"service"},"geometry":{"type":"LineString","coordinates":[[-2.73873,43.09325],[-2.73876,43.09335],[-2.73884,43.09344],[-2.7389,43.09353],[-2.7389,43.09361],[-2.73882,43.09366],[-2.73856,43.09368]]}},{"type":"Feature","properties":{"id":1155406452,"highway":"path"},"geometry":{"type":"LineString","coordinates":[[-2.7469,43.08198],[-2.74707,43.08232],[-2.74723,43.08248],[-2.74735,43.08262],[-2.74752,43.08287],[-2.74761,43.08307],[-2.74777,43.08326],[-2.74792,43.08337],[-2.74808,43.08339],[-2.74832,43.08341],[-2.74864,43.08351],[-2.74887,43.08355],[-2.74922,43.08373],[-2.74935,43.08386],[-2.74955,43.08392],[-2.74971,43.08394],[-2.74984,43.08403],[-2.74996,43.08413],[-2.75004,43.08412],[-2.75018,43.08414],[-2.75045,43.08424],[-2.75044,43.08428],[-2.75034,43.08432],[-2.75015,43.08435],[-2.74999,43.08439],[-2.74989,43.08441],[-2.74977,43.08441],[-2.7496,43.0844],[-2.74943,43.0844],[-2.74929,43.08436],[-2.74906,43.08425],[-2.74882,43.0841],[-2.74868,43.08398],[-2.74858,43.0839],[-2.74848,43.08386],[-2.74827,43.08396],[-2.74813,43.08399]]}},{"type":"Feature","properties":{"id":1156312104,"highway":"service"},"geometry":{"type":"LineString","coordinates":[[-2.74489,43.06764],[-2.74494,43.06762],[-2.74499,43.06762],[-2.74506,43.06766],[-2.74514,43.06774],[-2.74524,43.06783],[-2.74527,43.06788]]}},{"type":"Feature","properties":{"id":1156423901,"highway":"track"},"geometry":{"type":"LineString","coordinates":[[-2.71566,43.07407],[-2.71581,43.07413],[-2.71591,43.07415],[-2.71603,43.07416],[-2.71613,43.07416],[-2.71626,43.07415],[-2.71639,43.07408],[-2.7164,43.07403],[-2.71633,43.07388],[-2.71619,43.0736],[-2.71607,43.07329],[-2.71598,43.07275],[-2.71571,43.07215],[-2.71534,43.07157],[-2.71509,43.07124],[-2.71472,43.07091],[-2.71454,43.07078],[-2.71436,43.07049],[-2.71432,43.07035],[-2.71454,43.07017],[-2.71555,43.06996],[-2.71616,43.06974],[-2.71671,43.06936],[-2.71695,43.06907],[-2.71699,43.06879],[-2.71692,43.0685],[-2.71677,43.06833],[-2.71658,43.06824],[-2.71647,43.06817],[-2.71646,43.06804],[-2.71646,43.06793],[-2.7166,43.06779],[-2.71683,43.0676],[-2.71703,43.06751],[-2.71725,43.06756],[-2.71745,43.06765],[-2.71763,43.06772],[-2.7178,43.06796]]}},{"type":"Feature","properties":{"id":1157513899,"highway":"path"},"geometry":{"type":"LineString","coordinates":[[-2.73689,43.05099],[-2.73692,43.05084],[-2.73693,43.0507],[-2.73679,43.05057],[-2.73651,43.05049],[-2.73633,43.05041],[-2.7362,43.05034],[-2.73608,43.05017],[-2.73593,43.05006],[-2.73563,43.0499],[-2.73528,43.0498],[-2.73495,43.04974],[-2.73476,43.04968],[-2.73453,43.04967],[-2.73443,43.04957],[-2.73423,43.04951],[-2.73403,43.04955],[-2.73386,43.04964],[-2.73353,43.04977],[-2.73331,43.04983],[-2.73312,43.04984],[-2.73288,43.0498],[-2.73259,43.04968],[-2.73237,43.0496],[-2.73217,43.04959],[-2.73192,43.04954],[-2.73174,43.04948],[-2.73171,43.04939],[-2.73183,43.04927],[-2.73206,43.04916],[-2.73228,43.04909],[-2.73246,43.04895],[-2.73245,43.04886],[-2.73244,43.04872],[-2.73241,43.04854]]}},{"type":"Feature","properties":{"id":1255721607,"highway":"service"},"geometry":{"type":"LineString","coordinates":[[-2.74991,43.10557],[-2.75012,43.10563],[-2.75027,43.10567],[-2.75034,43.10566],[-2.75037,43.10564]]}},{"type":"Feature","properties":{"id":1255721611,"highway":"service"},"geometry":{"type":"LineString","coordinates":[[-2.74958,43.10545],[-2.74952,43.10548],[-2.7495,43.10552],[-2.74951,43.10559],[-2.74952,43.10563],[-2.74952,43.10566],[-2.74948,43.10568],[-2.74944,43.10567],[-2.74923,43.10563],[-2.74909,43.10561]]}},{"type":"Feature","properties":{"id":1255721615,"highway":"service"},"geometry":{"type":"LineString","coordinates":[[-2.74987,43.10505],[-2.74988,43.10497],[-2.74988,43.10492],[-2.74988,43.10485],[-2.74987,43.10481]]}},{"type":"Feature","properties":{"id":1255721617,"highway":"service"},"geometry":{"type":"LineString","coordinates":[[-2.7563,43.09723],[-2.75623,43.09729],[-2.75621,43.09732],[-2.75619,43.09735],[-2.75616,43.09749],[-2.75616,43.09759],[-2.75615,43.09771],[-2.75613,43.09779],[-2.75611,43.09783],[-2.75606,43.09784]]}},{"type":"Feature","properties":{"id":1255768741,"highway":"service"},"geometry":{"type":"LineString","coordinates":[[-2.75062,43.09997],[-2.7507,43.09991],[-2.75046,43.0994]]}},{"type":"Feature","properties":{"id":1255768743,"highway":"service","nombre":"Zeanuri-Artea errepidea","puente":"yes"},"geometry":{"type":"LineString","coordinates":[[-2.75296,43.10422],[-2.75284,43.1043]]}},{"type":"Feature","properties":{"id":1255768744,"highway":"service"},"geometry":{"type":"LineString","coordinates":[[-2.75299,43.10419],[-2.75296,43.10422]]}},{"type":"Feature","properties":{"id":1255768745,"highway":"service","nombre":"Zeanuri-Artea errepidea"},"geometry":{"type":"LineString","coordinates":[[-2.75284,43.1043],[-2.75272,43.10436],[-2.75269,43.10438]]}},{"type":"Feature","properties":{"id":1256118783,"highway":"service"},"geometry":{"type":"LineString","coordinates":[[-2.75018,43.09113],[-2.75012,43.09111],[-2.75006,43.09108],[-2.74996,43.09103],[-2.74992,43.09098],[-2.7499,43.09093],[-2.74988,43.09085],[-2.74986,43.09078],[-2.74983,43.09076],[-2.74981,43.09075],[-2.74977,43.09077]]}},{"type":"Feature","properties":{"id":1256118784,"highway":"track","nombre":"Undurragako bidea","puente":"yes"},"geometry":{"type":"LineString","coordinates":[[-2.75047,43.0912],[-2.75019,43.09114]]}},{"type":"Feature","properties":{"id":1256118785,"highway":"track"},"geometry":{"type":"LineString","coordinates":[[-2.75048,43.0912],[-2.75047,43.0912]]}},{"type":"Feature","properties":{"id":1256118790,"highway":"service"},"geometry":{"type":"LineString","coordinates":[[-2.74862,43.08922],[-2.74878,43.08915],[-2.74894,43.08915],[-2.74916,43.0892],[-2.74928,43.08926],[-2.74943,43.08938],[-2.7495,43.08942],[-2.74954,43.08946],[-2.74961,43.08948]]}},{"type":"Feature","properties":{"id":1256118791,"highway":"service","puente":"yes"},"geometry":{"type":"LineString","coordinates":[[-2.74961,43.08948],[-2.74978,43.08953]]}},{"type":"Feature","properties":{"id":1256118802,"highway":"service"},"geometry":{"type":"LineString","coordinates":[[-2.75636,43.09604],[-2.75636,43.09609],[-2.75637,43.09615],[-2.75642,43.09619],[-2.75649,43.09622],[-2.75655,43.09625],[-2.75659,43.09626],[-2.75669,43.09626]]}},{"type":"Feature","properties":{"id":1256478324,"highway":"service"},"geometry":{"type":"LineString","coordinates":[[-2.77816,43.09793],[-2.77821,43.09782],[-2.77826,43.09759],[-2.77829,43.09748]]}},{"type":"Feature","properties":{"id":1257192913,"highway":"service","superficie":"paved"},"geometry":{"type":"LineString","coordinates":[[-2.75877,43.08868],[-2.75885,43.0887],[-2.7589,43.08873],[-2.759,43.08877],[-2.75921,43.08887],[-2.75933,43.08894]]}},{"type":"Feature","properties":{"id":1257192923,"highway":"track"},"geometry":{"type":"LineString","coordinates":[[-2.75985,43.08888],[-2.76001,43.08883],[-2.76016,43.08877],[-2.76027,43.08872],[-2.76032,43.08867],[-2.76039,43.08861]]}},{"type":"Feature","properties":{"id":1257192926,"highway":"service","nombre":"Zeanuri-Artea errepidea"},"geometry":{"type":"LineString","coordinates":[[-2.75734,43.10977],[-2.75724,43.10976],[-2.75718,43.10975],[-2.75713,43.10973],[-2.75705,43.10969],[-2.75695,43.10964],[-2.75689,43.1096],[-2.75683,43.10956]]}},{"type":"Feature","properties":{"id":1257419718,"highway":"service"},"geometry":{"type":"LineString","coordinates":[[-2.74672,43.06968],[-2.74662,43.06976],[-2.74649,43.06989],[-2.74644,43.06995],[-2.7464,43.06997],[-2.74635,43.06994],[-2.74614,43.06979],[-2.74593,43.06967],[-2.74586,43.06962]]}},{"type":"Feature","properties":{"id":1257419733,"highway":"service","superficie":"paved"},"geometry":{"type":"LineString","coordinates":[[-2.74052,43.06626],[-2.74047,43.06624],[-2.74031,43.06624],[-2.74028,43.06625],[-2.74007,43.06632],[-2.73992,43.06632],[-2.73978,43.06631],[-2.73952,43.06625],[-2.73926,43.06614],[-2.73911,43.06599],[-2.73901,43.06593],[-2.73887,43.06589],[-2.73858,43.06585],[-2.73848,43.06585],[-2.73845,43.06585],[-2.73842,43.06587],[-2.73836,43.06595],[-2.73833,43.06597],[-2.73827,43.066],[-2.73823,43.06601]]}},{"type":"Feature","properties":{"id":1257419734,"highway":"residential","nombre":"Ipiñaburu auzoa","superficie":"paved"},"geometry":{"type":"LineString","coordinates":[[-2.741,43.06574],[-2.74099,43.0659],[-2.74085,43.06604],[-2.74069,43.06625],[-2.74052,43.06626]]}},{"type":"Feature","properties":{"id":1257504696,"highway":"service"},"geometry":{"type":"LineString","coordinates":[[-2.74115,43.10922],[-2.74097,43.10917],[-2.74084,43.10913],[-2.74076,43.10909],[-2.74069,43.10906],[-2.74063,43.10902],[-2.74062,43.10897],[-2.74062,43.10893],[-2.74065,43.10892],[-2.7407,43.10891]]}},{"type":"Feature","properties":{"id":1304793433,"highway":"path","superficie":"rock"},"geometry":{"type":"LineString","coordinates":[[-2.7898,43.05115],[-2.78984,43.05123],[-2.78991,43.05131],[-2.79003,43.05137],[-2.79013,43.05143],[-2.79018,43.05148],[-2.7902,43.05152],[-2.79025,43.05157],[-2.79029,43.05158],[-2.79037,43.0516],[-2.79042,43.05163],[-2.79046,43.05167],[-2.7905,43.05174],[-2.79049,43.05184],[-2.79055,43.05194],[-2.79058,43.05197],[-2.79069,43.05203],[-2.79086,43.0521]]}},{"type":"Feature","properties":{"id":1304793434,"highway":"path"},"geometry":{"type":"LineString","coordinates":[[-2.78379,43.04777],[-2.78396,43.04802],[-2.78413,43.04817],[-2.78505,43.04874],[-2.78554,43.04911],[-2.78585,43.0492]]}},{"type":"Feature","properties":{"id":1305592649,"highway":"path","superficie":"ground"},"geometry":{"type":"LineString","coordinates":[[-2.75242,43.03923],[-2.75238,43.03916],[-2.7523,43.03906],[-2.75218,43.03898],[-2.75198,43.0389],[-2.75164,43.03882],[-2.75132,43.03872],[-2.75086,43.03854],[-2.75079,43.03847],[-2.75075,43.03842],[-2.75073,43.03836],[-2.75068,43.03832],[-2.75066,43.03827],[-2.75061,43.03824],[-2.75031,43.03812],[-2.7501,43.03784],[-2.75001,43.03777],[-2.74993,43.03774],[-2.74973,43.03769],[-2.74957,43.03763],[-2.74928,43.03759],[-2.74904,43.03746],[-2.74882,43.0373],[-2.74867,43.03716],[-2.74837,43.03692],[-2.74812,43.03678],[-2.74798,43.03673],[-2.74787,43.03669],[-2.74766,43.0366],[-2.74743,43.03655],[-2.74722,43.03649],[-2.74671,43.03633],[-2.74628,43.03614],[-2.74607,43.03602],[-2.74598,43.03597],[-2.74585,43.03587]]}},{"type":"Feature","properties":{"id":1305592712,"highway":"path","superficie":"ground"},"geometry":{"type":"LineString","coordinates":[[-2.74413,43.03432],[-2.74434,43.03427],[-2.74456,43.03416],[-2.74461,43.03412],[-2.74467,43.03404],[-2.74473,43.03401],[-2.74481,43.03398],[-2.74482,43.03396],[-2.74485,43.03392],[-2.74478,43.03378],[-2.74482,43.03368],[-2.74482,43.03365],[-2.7448,43.03363],[-2.74478,43.03361]]}},{"type":"Feature","properties":{"id":1305593268,"highway":"track"},"geometry":{"type":"LineString","coordinates":[[-2.75609,43.04021],[-2.75622,43.04026],[-2.75645,43.04029],[-2.75666,43.04035],[-2.75692,43.0405],[-2.75714,43.04067],[-2.75726,43.0407]]}},{"type":"Feature","properties":{"id":1305593867,"highway":"track"},"geometry":{"type":"LineString","coordinates":[[-2.74585,43.03587],[-2.74567,43.0358],[-2.7454,43.03565],[-2.74528,43.03559],[-2.7452,43.03555],[-2.74516,43.03553],[-2.74512,43.03552],[-2.74505,43.03549],[-2.74498,43.03548],[-2.74485,43.03546],[-2.74474,43.03545],[-2.74467,43.03544],[-2.74462,43.03541],[-2.74455,43.03533],[-2.74447,43.03516],[-2.74441,43.03505],[-2.74432,43.03484],[-2.74422,43.0347],[-2.74415,43.0346],[-2.7441,43.03451],[-2.74405,43.03444],[-2.74404,43.03441],[-2.74406,43.03436],[-2.74413,43.03432]]}},{"type":"Feature","properties":{"id":1305594528,"highway":"track"},"geometry":{"type":"LineString","coordinates":[[-2.7314,43.03053],[-2.73125,43.03056],[-2.73102,43.03056]]}},{"type":"Feature","properties":{"id":1305594529,"highway":"track"},"geometry":{"type":"LineString","coordinates":[[-2.73188,43.03195],[-2.73188,43.03207],[-2.73191,43.0322],[-2.73198,43.03233]]}},{"type":"Feature","properties":{"id":1305594530,"highway":"track"},"geometry":{"type":"LineString","coordinates":[[-2.73568,43.03141],[-2.73565,43.03149],[-2.73559,43.03154],[-2.73552,43.03158],[-2.73535,43.03156],[-2.73516,43.03157],[-2.73489,43.03157],[-2.73467,43.03155],[-2.73452,43.03158],[-2.73435,43.03164],[-2.73418,43.03168],[-2.73407,43.03176],[-2.73399,43.03184],[-2.7339,43.03186],[-2.73377,43.03183],[-2.73362,43.03175],[-2.73346,43.03167],[-2.73317,43.03157],[-2.73302,43.03152],[-2.7329,43.03144],[-2.73264,43.03122],[-2.73248,43.03102],[-2.7323,43.03084],[-2.73218,43.03076],[-2.73206,43.03064],[-2.73192,43.03053],[-2.7318,43.03046],[-2.73171,43.03043],[-2.73157,43.03043],[-2.73149,43.03047],[-2.7314,43.03053],[-2.73134,43.03058],[-2.73135,43.03066],[-2.73137,43.03071],[-2.73144,43.03083],[-2.73156,43.03094],[-2.73164,43.03104],[-2.73171,43.03113],[-2.73188,43.03127],[-2.7319,43.03135],[-2.73191,43.03153],[-2.73189,43.03178],[-2.73188,43.03195],[-2.73193,43.03201],[-2.73213,43.03209],[-2.73228,43.03216]]}},{"type":"Feature","properties":{"id":1305594531,"highway":"path","superficie":"ground"},"geometry":{"type":"LineString","coordinates":[[-2.74047,43.03441],[-2.74033,43.03454],[-2.74023,43.03461],[-2.73992,43.03461],[-2.73935,43.03451],[-2.73883,43.0344],[-2.73851,43.03435],[-2.73815,43.03429],[-2.7378,43.03417],[-2.73759,43.0341],[-2.73749,43.03408],[-2.73731,43.03411],[-2.73719,43.03414],[-2.73706,43.03417],[-2.73698,43.03416],[-2.73688,43.03413],[-2.7368,43.03408],[-2.7367,43.03405],[-2.73659,43.03408],[-2.73644,43.03416],[-2.73638,43.03419],[-2.73628,43.0342],[-2.736,43.03417],[-2.73572,43.03416],[-2.73544,43.03416],[-2.7352,43.0342],[-2.73511,43.03419],[-2.73498,43.03414],[-2.73485,43.03412],[-2.73475,43.03413],[-2.7347,43.0341],[-2.73468,43.03404],[-2.73467,43.03394],[-2.73463,43.03386],[-2.73451,43.03376],[-2.73449,43.03371],[-2.73452,43.03366],[-2.73467,43.03361],[-2.73476,43.03357],[-2.73492,43.03342],[-2.73519,43.03325],[-2.73541,43.0331],[-2.73549,43.033],[-2.73552,43.03289],[-2.73572,43.03275],[-2.73575,43.03255],[-2.73582,43.03246],[-2.73594,43.03236],[-2.73595,43.03225],[-2.73592,43.03205],[-2.73589,43.03187],[-2.73585,43.0318],[-2.73573,43.03172],[-2.73566,43.03166],[-2.73559,43.03154]]}},{"type":"Feature","properties":{"id":1305595134,"highway":"track"},"geometry":{"type":"LineString","coordinates":[[-2.75259,43.03786],[-2.75279,43.03785],[-2.75297,43.03781],[-2.75317,43.03779],[-2.75328,43.03778],[-2.75331,43.03777],[-2.75336,43.03774],[-2.7534,43.03771],[-2.75349,43.0376],[-2.75356,43.0375],[-2.75359,43.03744],[-2.75367,43.0374],[-2.75384,43.03734],[-2.75407,43.0373],[-2.75431,43.03724]]}},{"type":"Feature","properties":{"id":1305595135,"highway":"path","superficie":"ground"},"geometry":{"type":"LineString","coordinates":[[-2.75431,43.03724],[-2.75457,43.03709],[-2.75485,43.03694],[-2.75508,43.03667],[-2.75547,43.03634]]}},{"type":"Feature","properties":{"id":1305595136,"highway":"path","superficie":"ground"},"geometry":{"type":"LineString","coordinates":[[-2.75431,43.03724],[-2.75438,43.03722],[-2.75459,43.03725],[-2.75492,43.03731],[-2.75504,43.0374],[-2.75507,43.03743],[-2.75514,43.03743],[-2.75528,43.03756],[-2.75537,43.03762],[-2.75552,43.03774],[-2.75568,43.03781],[-2.75589,43.03788],[-2.75613,43.03799],[-2.75626,43.03804],[-2.7564,43.03804],[-2.75657,43.038],[-2.75674,43.03804],[-2.75687,43.03806],[-2.75702,43.03802],[-2.75712,43.03796],[-2.75718,43.03786],[-2.75727,43.03782],[-2.75761,43.03776],[-2.75829,43.03773],[-2.75848,43.03773],[-2.75865,43.03772],[-2.75881,43.0376],[-2.75889,43.03741],[-2.75891,43.03724],[-2.75895,43.03711],[-2.75899,43.03708],[-2.7591,43.03706],[-2.75914,43.03708],[-2.75918,43.03721],[-2.7593,43.03742]]}},{"type":"Feature","properties":{"id":1305595498,"highway":"path","superficie":"ground"},"geometry":{"type":"LineString","coordinates":[[-2.75659,43.04236],[-2.75659,43.04244],[-2.75664,43.04249],[-2.75682,43.04268],[-2.75701,43.04287],[-2.75714,43.04297],[-2.7576,43.04318]]}},{"type":"Feature","properties":{"id":1305597078,"highway":"path","superficie":"ground"},"geometry":{"type":"LineString","coordinates":[[-2.72858,43.02434],[-2.72874,43.02448],[-2.72888,43.02463],[-2.72909,43.02486],[-2.72921,43.02503],[-2.72922,43.02511],[-2.7292,43.02522],[-2.72913,43.02533],[-2.72906,43.02536],[-2.72884,43.02533],[-2.72861,43.02532]]}},{"type":"Feature","properties":{"id":1310908769,"highway":"unclassified","superficie":"concrete"},"geometry":{"type":"LineString","coordinates":[[-2.76574,43.0484],[-2.76587,43.0484],[-2.76594,43.04839],[-2.76604,43.04837],[-2.76616,43.04831],[-2.76622,43.04826],[-2.76636,43.04812],[-2.76641,43.0481],[-2.76646,43.04808],[-2.76651,43.04808],[-2.76657,43.04809],[-2.76676,43.04815],[-2.76686,43.0482],[-2.76706,43.04831],[-2.76717,43.04835],[-2.76733,43.04839],[-2.76742,43.04842],[-2.76753,43.04848],[-2.76762,43.04854],[-2.76768,43.04859],[-2.76773,43.04864],[-2.76778,43.0487],[-2.76783,43.04875],[-2.76789,43.04879],[-2.76809,43.04891],[-2.76836,43.04908],[-2.76854,43.04918],[-2.76863,43.04921],[-2.7688,43.04925],[-2.76889,43.04928],[-2.76895,43.04932],[-2.76899,43.04936],[-2.76917,43.04961],[-2.76924,43.04967],[-2.76936,43.04974],[-2.76941,43.04976],[-2.76945,43.04976],[-2.76949,43.04975],[-2.76958,43.0497],[-2.76964,43.04968],[-2.76968,43.04968],[-2.76974,43.0497],[-2.76984,43.04973],[-2.77025,43.04991],[-2.77034,43.04993],[-2.77055,43.04998],[-2.77063,43.05001],[-2.77067,43.05004],[-2.77072,43.0501],[-2.77082,43.05025],[-2.77085,43.05028],[-2.77091,43.0503],[-2.77108,43.05036],[-2.77116,43.0504],[-2.77124,43.05045],[-2.77133,43.05053],[-2.77139,43.05061],[-2.77149,43.05074],[-2.77181,43.051],[-2.77217,43.05119],[-2.77241,43.05141],[-2.77269,43.05154],[-2.77284,43.0517],[-2.77315,43.0519],[-2.77353,43.05209],[-2.77381,43.05227],[-2.77409,43.05244],[-2.77454,43.0526]]}},{"type":"Feature","properties":{"id":1314833092,"highway":"track"},"geometry":{"type":"LineString","coordinates":[[-2.73724,43.05187],[-2.73739,43.05185],[-2.7374,43.05185],[-2.73754,43.05183],[-2.73768,43.05183],[-2.73773,43.05185],[-2.73782,43.05189],[-2.73791,43.05197],[-2.73797,43.05205],[-2.73799,43.05208]]}},{"type":"Feature","properties":{"id":1314833093,"highway":"path"},"geometry":{"type":"LineString","coordinates":[[-2.7374,43.05185],[-2.73744,43.05181],[-2.73745,43.05178],[-2.73745,43.05176],[-2.73743,43.05171],[-2.73743,43.05168],[-2.73743,43.05166],[-2.73741,43.05163],[-2.73737,43.05157],[-2.73736,43.05154],[-2.73735,43.05149],[-2.73735,43.05145],[-2.73737,43.05142],[-2.73737,43.05138],[-2.73736,43.05133],[-2.73733,43.05125],[-2.73732,43.05122],[-2.73728,43.05116]]}},{"type":"Feature","properties":{"id":1314833094,"highway":"path"},"geometry":{"type":"LineString","coordinates":[[-2.73785,43.05169],[-2.73789,43.05172],[-2.73795,43.05175],[-2.73798,43.05175],[-2.73806,43.05177],[-2.73809,43.05179],[-2.7381,43.05183],[-2.73809,43.05188],[-2.73807,43.05192],[-2.73804,43.05197],[-2.73799,43.05201],[-2.73797,43.05205]]}},{"type":"Feature","properties":{"id":1314833096,"highway":"path","puente":"yes"},"geometry":{"type":"LineString","coordinates":[[-2.72958,43.05047],[-2.72944,43.05056]]}},{"type":"Feature","properties":{"id":1314833324,"highway":"track"},"geometry":{"type":"LineString","coordinates":[[-2.72948,43.05047],[-2.72945,43.05048],[-2.72943,43.05049],[-2.72941,43.05052]]}},{"type":"Feature","properties":{"id":1323781948,"highway":"service"},"geometry":{"type":"LineString","coordinates":[[-2.69601,43.05122],[-2.6961,43.05122],[-2.69618,43.05118],[-2.69622,43.05106],[-2.69595,43.05089],[-2.69577,43.05077],[-2.69568,43.05069],[-2.69564,43.05067],[-2.69579,43.05051],[-2.69591,43.05043],[-2.69595,43.0504],[-2.69595,43.05034],[-2.69591,43.05027],[-2.69587,43.05022],[-2.69587,43.05018],[-2.69589,43.05015],[-2.69588,43.05011],[-2.6958,43.04998]]}},{"type":"Feature","properties":{"id":1334577457,"highway":"path"},"geometry":{"type":"LineString","coordinates":[[-2.73765,43.04909],[-2.73754,43.04896],[-2.7372,43.04863],[-2.73678,43.04822],[-2.73657,43.04797],[-2.7364,43.04776]]}},{"type":"Feature","properties":{"id":1385337345,"highway":"track"},"geometry":{"type":"LineString","coordinates":[[-2.72647,43.0739],[-2.7264,43.07379],[-2.72637,43.07363],[-2.72643,43.07339],[-2.72655,43.07313],[-2.72665,43.07299],[-2.72676,43.07283],[-2.72683,43.07269],[-2.72692,43.0725],[-2.72693,43.07244]]}},{"type":"Feature","properties":{"id":1423341258,"highway":"path"},"geometry":{"type":"LineString","coordinates":[[-2.79848,43.05719],[-2.7984,43.05744],[-2.79824,43.05769],[-2.79799,43.05819],[-2.79776,43.0583],[-2.79759,43.05842],[-2.79749,43.05855],[-2.79749,43.05881]]}},{"type":"Feature","properties":{"id":1423341259,"highway":"path"},"geometry":{"type":"LineString","coordinates":[[-2.80078,43.05746],[-2.80086,43.05748],[-2.80091,43.0575],[-2.80119,43.05755],[-2.80125,43.05755],[-2.80134,43.0576],[-2.80146,43.05761],[-2.80157,43.05761],[-2.80161,43.05763]]}},{"type":"Feature","properties":{"id":1423341262,"highway":"path"},"geometry":{"type":"LineString","coordinates":[[-2.79811,43.05741],[-2.79802,43.05748],[-2.79783,43.05753],[-2.7976,43.05763],[-2.79746,43.05771],[-2.79735,43.0578],[-2.79724,43.05792],[-2.7972,43.05799],[-2.79715,43.05802],[-2.7971,43.05803],[-2.79707,43.05804]]}},{"type":"Feature","properties":{"id":1423541680,"highway":"path"},"geometry":{"type":"LineString","coordinates":[[-2.79167,43.06491],[-2.79159,43.06482],[-2.79138,43.06475],[-2.79125,43.06467],[-2.7911,43.06456],[-2.79103,43.06448],[-2.79099,43.06443],[-2.79095,43.06436],[-2.79095,43.0643],[-2.79095,43.06423],[-2.79093,43.06418],[-2.79089,43.06414],[-2.79084,43.06413],[-2.79077,43.06413],[-2.79072,43.06418],[-2.79069,43.06429]]}},{"type":"Feature","properties":{"id":1423590535,"highway":"service","puente":"yes"},"geometry":{"type":"LineString","coordinates":[[-2.73793,43.08177],[-2.73754,43.08163]]}},{"type":"Feature","properties":{"id":1423590536,"highway":"service"},"geometry":{"type":"LineString","coordinates":[[-2.73816,43.08186],[-2.73793,43.08177]]}},{"type":"Feature","properties":{"id":1423590537,"highway":"service"},"geometry":{"type":"LineString","coordinates":[[-2.73754,43.08163],[-2.73754,43.08151]]}},{"type":"Feature","properties":{"id":1423590538,"highway":"path"},"geometry":{"type":"LineString","coordinates":[[-2.73754,43.08151],[-2.73752,43.08147],[-2.73749,43.08144],[-2.73746,43.08143],[-2.7374,43.08142],[-2.73737,43.08142],[-2.73728,43.08142]]}},{"type":"Feature","properties":{"id":1451403047,"highway":"path"},"geometry":{"type":"MultiLineString","coordinates":[[[-2.76035,43.12073],[-2.76031,43.12077],[-2.76029,43.12082],[-2.76027,43.12086]],[[-2.75899,43.12146],[-2.75898,43.12143],[-2.75892,43.12139],[-2.75884,43.12134],[-2.75872,43.12128],[-2.75862,43.12124],[-2.75853,43.12121],[-2.75837,43.12119],[-2.75821,43.12121],[-2.75806,43.12124],[-2.75784,43.1213],[-2.75764,43.12134],[-2.75747,43.12139],[-2.75734,43.12146],[-2.75727,43.12154],[-2.75722,43.12161],[-2.75715,43.12167],[-2.75707,43.12171],[-2.75699,43.12176]],[[-2.75609,43.12189],[-2.75604,43.12186],[-2.75599,43.12181],[-2.75584,43.12168],[-2.75572,43.12158],[-2.75556,43.12149],[-2.75541,43.12143],[-2.75532,43.12141],[-2.75522,43.12139],[-2.75514,43.1214],[-2.75501,43.12142],[-2.75489,43.12145],[-2.75479,43.12149],[-2.75467,43.12155],[-2.75451,43.12163],[-2.75434,43.12168],[-2.75416,43.12172],[-2.75392,43.12175],[-2.75369,43.12178],[-2.75347,43.12179],[-2.75332,43.12176],[-2.75317,43.12171],[-2.75301,43.12164],[-2.75283,43.12156],[-2.75265,43.12145],[-2.75252,43.12135],[-2.7523,43.12126],[-2.7522,43.12123],[-2.75202,43.1212],[-2.75189,43.1212],[-2.75175,43.1212],[-2.75166,43.12119],[-2.75156,43.12119],[-2.75145,43.12121],[-2.75133,43.12123],[-2.75115,43.12122],[-2.75082,43.12118],[-2.75069,43.12116],[-2.75059,43.12111],[-2.75048,43.12103],[-2.75037,43.12095],[-2.75026,43.12085],[-2.75017,43.12073],[-2.75,43.12056],[-2.74985,43.12041],[-2.74966,43.12025],[-2.74952,43.12015],[-2.74933,43.12003],[-2.74912,43.11991],[-2.74905,43.11985],[-2.74899,43.11976],[-2.74894,43.11966],[-2.74885,43.11957],[-2.74877,43.1195],[-2.74864,43.1194],[-2.7486,43.11933],[-2.74855,43.11924],[-2.74852,43.11919],[-2.7485,43.11916],[-2.74843,43.11913],[-2.74833,43.1191],[-2.74821,43.11907],[-2.74802,43.11904],[-2.7479,43.11902],[-2.74778,43.119],[-2.74771,43.11895],[-2.74767,43.11887],[-2.74762,43.1188],[-2.74756,43.11872],[-2.74749,43.11863],[-2.7474,43.11852],[-2.74734,43.11843],[-2.7473,43.11837],[-2.74727,43.11827],[-2.7473,43.11819],[-2.74732,43.11806],[-2.74734,43.11797],[-2.74733,43.11793],[-2.74729,43.11785],[-2.74726,43.11778]]]}},{"type":"Feature","properties":{"id":1451403048,"highway":"path"},"geometry":{"type":"LineString","coordinates":[[-2.74722,43.11776],[-2.74716,43.11775],[-2.74705,43.11772],[-2.74697,43.11769],[-2.74687,43.1177],[-2.74677,43.11768],[-2.74668,43.11766],[-2.7466,43.1176],[-2.74653,43.1175],[-2.74641,43.11739],[-2.7463,43.1173],[-2.74618,43.1172],[-2.74608,43.11713],[-2.74598,43.11702],[-2.74593,43.11698]]}},{"type":"Feature","properties":{"id":1451404336,"highway":"path"},"geometry":{"type":"LineString","coordinates":[[-2.75069,43.12116],[-2.75081,43.12128],[-2.7509,43.12139],[-2.751,43.12148],[-2.75113,43.12154],[-2.75136,43.12162],[-2.7515,43.12171],[-2.75159,43.12179]]}},{"type":"Feature","properties":{"id":1451404337,"highway":"path"},"geometry":{"type":"LineString","coordinates":[[-2.74852,43.11919],[-2.74851,43.1191],[-2.74849,43.1189],[-2.74847,43.11877],[-2.74844,43.11868],[-2.74837,43.11859],[-2.74825,43.11851],[-2.74823,43.11845],[-2.74823,43.11836],[-2.7483,43.1183],[-2.74838,43.11821],[-2.74843,43.11809],[-2.74843,43.11802],[-2.74837,43.11795],[-2.74828,43.11791],[-2.7482,43.11792],[-2.7481,43.11794],[-2.74797,43.11797],[-2.74778,43.11799],[-2.7476,43.118]]}},{"type":"Feature","properties":{"id":1451725838,"highway":"path"},"geometry":{"type":"LineString","coordinates":[[-2.76522,43.119],[-2.76515,43.11904],[-2.76478,43.11904],[-2.76447,43.11903],[-2.764,43.11901],[-2.76387,43.11905],[-2.76382,43.11914],[-2.76381,43.11921]]}},{"type":"Feature","properties":{"id":1463448387,"highway":"path"},"geometry":{"type":"LineString","coordinates":[[-2.79938,43.05359],[-2.7992,43.05358],[-2.79907,43.0535],[-2.79889,43.05342],[-2.79859,43.05325],[-2.79813,43.05308],[-2.79773,43.05296],[-2.79751,43.05296],[-2.79724,43.053],[-2.79683,43.05299],[-2.79633,43.05299],[-2.79577,43.05303],[-2.79529,43.05316],[-2.79511,43.05331],[-2.79491,43.05336],[-2.79469,43.05341],[-2.79448,43.05358],[-2.79434,43.05365],[-2.79432,43.05366],[-2.79419,43.05371]]}},{"type":"Feature","properties":{"id":1463448389,"highway":"path","superficie":"grass"},"geometry":{"type":"LineString","coordinates":[[-2.791,43.05229],[-2.79099,43.05251],[-2.791,43.05263],[-2.79105,43.05269],[-2.79117,43.05282],[-2.79125,43.05294],[-2.79126,43.05301],[-2.79124,43.05319]]}},{"type":"Feature","properties":{"id":1463448390,"highway":"path"},"geometry":{"type":"LineString","coordinates":[[-2.77143,43.07709],[-2.77148,43.07709],[-2.77163,43.07706],[-2.77168,43.07704],[-2.7718,43.07687],[-2.77185,43.07682],[-2.77195,43.07679],[-2.77204,43.07676],[-2.77222,43.07675],[-2.77233,43.07673],[-2.77243,43.07667],[-2.77252,43.07662],[-2.77267,43.07655],[-2.77293,43.07655],[-2.77309,43.07651],[-2.77323,43.07647],[-2.77349,43.0764],[-2.77379,43.07631],[-2.77399,43.07624],[-2.77411,43.07618],[-2.77427,43.07609],[-2.77455,43.07601],[-2.77477,43.07595],[-2.77536,43.0758]]}},{"type":"Feature","properties":{"id":1463448391,"highway":"path"},"geometry":{"type":"LineString","coordinates":[[-2.77836,43.0737],[-2.77825,43.07384],[-2.77809,43.07398],[-2.77787,43.07418],[-2.77779,43.07427],[-2.77773,43.07431],[-2.77765,43.07434],[-2.77746,43.07453],[-2.77731,43.07466],[-2.77725,43.07474],[-2.77719,43.07486],[-2.77709,43.07506],[-2.77704,43.07511],[-2.77692,43.07517],[-2.77651,43.07535],[-2.77626,43.07544],[-2.77597,43.07557],[-2.7756,43.07572],[-2.77547,43.07577],[-2.77541,43.07579],[-2.77536,43.0758]]}},{"type":"Feature","properties":{"id":1476018728,"highway":"service"},"geometry":{"type":"LineString","coordinates":[[-2.71872,43.09534],[-2.71876,43.0953],[-2.71866,43.09494],[-2.71876,43.09491]]}},{"type":"Feature","properties":{"id":1479246856,"highway":"tertiary","nombre":"Altzusta auzoa","ref":"BI-3542"},"geometry":{"type":"LineString","coordinates":[[-2.69694,43.05178],[-2.69677,43.05185],[-2.69662,43.05185],[-2.69646,43.05182],[-2.69635,43.05175],[-2.69615,43.05146],[-2.69601,43.05122],[-2.69595,43.05116],[-2.69576,43.05106],[-2.69563,43.05102],[-2.69548,43.051],[-2.69534,43.05101],[-2.69522,43.05105],[-2.6951,43.05113],[-2.69423,43.05192],[-2.69411,43.05199],[-2.69399,43.05204],[-2.69376,43.05208],[-2.69331,43.0521],[-2.69318,43.05215],[-2.69309,43.05221],[-2.69301,43.05232],[-2.69293,43.05256],[-2.69287,43.05265],[-2.69277,43.05273],[-2.6924,43.05293],[-2.69231,43.05299],[-2.69203,43.05326],[-2.69193,43.0533],[-2.69181,43.05332],[-2.69168,43.05331],[-2.6915,43.05327],[-2.69072,43.05298],[-2.69052,43.05291],[-2.69034,43.05288],[-2.69014,43.05289],[-2.68983,43.05293],[-2.6897,43.05292],[-2.68958,43.05287],[-2.68949,43.0528],[-2.68872,43.05189],[-2.68851,43.05167],[-2.68836,43.05155],[-2.68817,43.05145],[-2.68766,43.05125],[-2.68749,43.05118],[-2.68735,43.05108],[-2.68683,43.05054],[-2.68682,43.05053]]}},{"type":"Feature","properties":{"id":1479246857,"highway":"track","nombre":"Aldoia auzoa","superficie":"gravel"},"geometry":{"type":"MultiLineString","coordinates":[[[-2.6907,43.05455],[-2.69062,43.0545]],[[-2.68682,43.05055],[-2.68683,43.05054]]]}},{"type":"Feature","properties":{"id":1479246861,"highway":"track","nombre":"Altzusta auzoa"},"geometry":{"type":"LineString","coordinates":[[-2.72807,43.04616],[-2.72809,43.04626],[-2.7282,43.0464],[-2.72837,43.04661],[-2.72846,43.0468],[-2.7286,43.04713],[-2.72861,43.04723],[-2.72861,43.04735],[-2.72857,43.04754],[-2.72856,43.04773],[-2.72859,43.04819],[-2.72868,43.04858],[-2.72869,43.04891],[-2.72873,43.04922],[-2.72874,43.04956],[-2.72882,43.04993],[-2.72883,43.05007],[-2.72889,43.05022],[-2.72896,43.05031],[-2.72917,43.05057],[-2.72933,43.05076],[-2.72946,43.05091],[-2.72954,43.05101],[-2.72963,43.05115],[-2.7297,43.05123],[-2.72978,43.05127]]}},{"type":"Feature","properties":{"id":1479246862,"highway":"track"},"geometry":{"type":"LineString","coordinates":[[-2.72855,43.04552],[-2.72867,43.04547],[-2.72884,43.04538],[-2.72897,43.04532],[-2.72915,43.04527],[-2.72932,43.04524],[-2.72956,43.04522],[-2.7297,43.04521],[-2.72985,43.04518],[-2.72993,43.04514],[-2.73003,43.04507],[-2.7302,43.04499],[-2.73027,43.04494],[-2.73039,43.04483]]}},{"type":"Feature","properties":{"id":1479246867,"highway":"track","nombre":"Altzusta auzoa"},"geometry":{"type":"LineString","coordinates":[[-2.72693,43.04709],[-2.72694,43.04711],[-2.72694,43.04713],[-2.72692,43.04746],[-2.72692,43.04754],[-2.72694,43.04763],[-2.72694,43.04774],[-2.72695,43.0478],[-2.72695,43.04783],[-2.72698,43.04786],[-2.72712,43.04801],[-2.72717,43.04808],[-2.72722,43.04817],[-2.72726,43.04823],[-2.72727,43.04826],[-2.72727,43.04829],[-2.72725,43.04832],[-2.72715,43.04849],[-2.72709,43.04861],[-2.72708,43.04864],[-2.72708,43.04868],[-2.72709,43.04873],[-2.7271,43.04878],[-2.72715,43.04896],[-2.72717,43.04908],[-2.72721,43.04931],[-2.72724,43.04946],[-2.72727,43.0496],[-2.72733,43.04982],[-2.7274,43.04996],[-2.72746,43.05004],[-2.72753,43.05014],[-2.72759,43.05018]]}},{"type":"Feature","properties":{"id":1479246873,"highway":"unclassified","nombre":"Altzusta auzoa"},"geometry":{"type":"LineString","coordinates":[[-2.73868,43.0857],[-2.73858,43.08557],[-2.73855,43.08548],[-2.73853,43.08527],[-2.73849,43.08515],[-2.73843,43.08507],[-2.73817,43.08489],[-2.73789,43.08469],[-2.73783,43.0846],[-2.73778,43.08451],[-2.73769,43.08413],[-2.73765,43.08402],[-2.7376,43.08394]]}},{"type":"Feature","properties":{"id":1479246874,"highway":"track","nombre":"Undurraga auzoa"},"geometry":{"type":"LineString","coordinates":[[-2.7376,43.08394],[-2.73767,43.08398],[-2.73793,43.08414],[-2.73796,43.08415],[-2.73805,43.08415],[-2.73809,43.08414],[-2.73812,43.08407],[-2.73811,43.08398],[-2.73791,43.08372],[-2.738,43.08363],[-2.73831,43.08352],[-2.73835,43.08346]]}},{"type":"Feature","properties":{"id":1479246875,"highway":"track","nombre":"Undurraga auzoa"},"geometry":{"type":"LineString","coordinates":[[-2.73791,43.08372],[-2.73781,43.0836],[-2.73776,43.08351],[-2.73769,43.08311],[-2.73762,43.08289],[-2.73762,43.08286]]}},{"type":"Feature","properties":{"id":1479246880,"highway":"service"},"geometry":{"type":"LineString","coordinates":[[-2.74771,43.07794],[-2.74759,43.07787],[-2.74752,43.07781],[-2.74746,43.07776],[-2.74742,43.07775],[-2.74738,43.07775],[-2.74734,43.07776],[-2.74727,43.07779]]}},{"type":"Feature","properties":{"id":1479246891,"highway":"service"},"geometry":{"type":"LineString","coordinates":[[-2.74836,43.07832],[-2.74822,43.07836],[-2.74806,43.07844],[-2.74782,43.07854]]}},{"type":"Feature","properties":{"id":1479246892,"highway":"service"},"geometry":{"type":"LineString","coordinates":[[-2.74919,43.0777],[-2.74889,43.0777]]}},{"type":"Feature","properties":{"id":1479246893,"highway":"service"},"geometry":{"type":"LineString","coordinates":[[-2.7479,43.07811],[-2.74781,43.07808],[-2.74771,43.07804],[-2.74758,43.07795]]}},{"type":"Feature","properties":{"id":1479246894,"highway":"service"},"geometry":{"type":"LineString","coordinates":[[-2.74752,43.07797],[-2.74747,43.07795],[-2.74741,43.07794],[-2.74732,43.07795],[-2.74723,43.07797],[-2.74718,43.07802]]}},{"type":"Feature","properties":{"id":1479246898,"highway":"service"},"geometry":{"type":"LineString","coordinates":[[-2.74703,43.07881],[-2.74696,43.07882],[-2.7469,43.07883],[-2.74685,43.07882],[-2.7468,43.07881],[-2.74675,43.07877]]}},{"type":"Feature","properties":{"id":1479246899,"highway":"service","nombre":"Altzuaga auzoa"},"geometry":{"type":"LineString","coordinates":[[-2.75249,43.07811],[-2.75258,43.07811],[-2.75257,43.07822],[-2.75257,43.07831],[-2.75254,43.07835],[-2.75246,43.07842],[-2.75236,43.07849],[-2.75232,43.07851]]}},{"type":"Feature","properties":{"id":1479246907,"highway":"service","nombre":"Undurraga auzoa","superficie":"asphalt"},"geometry":{"type":"LineString","coordinates":[[-2.74968,43.07379],[-2.7495,43.07376],[-2.74923,43.07377],[-2.74888,43.07381],[-2.74874,43.07386],[-2.74832,43.07414],[-2.74818,43.07417],[-2.74763,43.07419],[-2.74716,43.07422],[-2.74695,43.07425],[-2.74628,43.07442],[-2.74604,43.07444],[-2.74584,43.07443],[-2.74463,43.07422],[-2.74444,43.07421],[-2.74432,43.07423],[-2.74425,43.07426],[-2.744,43.07446],[-2.74389,43.07454],[-2.74369,43.07464],[-2.74346,43.07473],[-2.74333,43.07475],[-2.74307,43.07471],[-2.74296,43.07471],[-2.74286,43.07476],[-2.74271,43.07492],[-2.74262,43.07505],[-2.74253,43.07524],[-2.74227,43.07561]]}},{"type":"Feature","properties":{"id":1479246913,"highway":"unclassified","nombre":"Undurraga auzoa","superficie":"asphalt"},"geometry":{"type":"LineString","coordinates":[[-2.7386,43.07531],[-2.73871,43.07537],[-2.73906,43.07546],[-2.73917,43.07553],[-2.73919,43.07561],[-2.73917,43.07571],[-2.739,43.07587],[-2.739,43.076],[-2.73906,43.07619],[-2.73926,43.07643],[-2.7393,43.07662],[-2.73928,43.07679],[-2.73925,43.07689],[-2.73913,43.0771],[-2.73908,43.07722],[-2.73912,43.07748],[-2.73922,43.07774],[-2.7393,43.07781]]}},{"type":"Feature","properties":{"id":1479246914,"highway":"service"},"geometry":{"type":"LineString","coordinates":[[-2.74493,43.07339],[-2.74504,43.07337],[-2.74519,43.07333],[-2.74531,43.07328],[-2.74533,43.07325]]}},{"type":"Feature","properties":{"id":1479340103,"highway":"service"},"geometry":{"type":"LineString","coordinates":[[-2.73395,43.07187],[-2.73368,43.07186],[-2.73348,43.07189],[-2.73343,43.07191],[-2.73348,43.07197]]}},{"type":"Feature","properties":{"id":1479340104,"highway":"track"},"geometry":{"type":"LineString","coordinates":[[-2.73541,43.07248],[-2.73547,43.07248],[-2.73556,43.07247],[-2.7357,43.07242],[-2.73583,43.07243],[-2.73608,43.07248],[-2.73628,43.07254],[-2.73647,43.07261],[-2.7375,43.07287]]}},{"type":"Feature","properties":{"id":1479340105,"highway":"service"},"geometry":{"type":"LineString","coordinates":[[-2.73849,43.07127],[-2.73834,43.07126],[-2.7382,43.07126],[-2.73813,43.07124],[-2.7381,43.0712],[-2.73804,43.07113],[-2.73791,43.07108]]}},{"type":"Feature","properties":{"id":1479340106,"highway":"service"},"geometry":{"type":"LineString","coordinates":[[-2.74007,43.07154],[-2.73965,43.0714],[-2.73959,43.07136],[-2.73954,43.07132],[-2.73953,43.07128],[-2.73952,43.07125]]}},{"type":"Feature","properties":{"id":1479340108,"highway":"service"},"geometry":{"type":"LineString","coordinates":[[-2.74059,43.06644],[-2.74053,43.06652],[-2.74049,43.06658],[-2.74047,43.06661],[-2.74041,43.06662],[-2.74015,43.06661]]}},{"type":"Feature","properties":{"id":1479340110,"highway":"service"},"geometry":{"type":"LineString","coordinates":[[-2.73887,43.06589],[-2.73877,43.06593],[-2.73862,43.06602],[-2.73856,43.06607],[-2.73852,43.06609],[-2.7384,43.06607]]}},{"type":"Feature","properties":{"id":1479340112,"highway":"service"},"geometry":{"type":"LineString","coordinates":[[-2.74177,43.06682],[-2.74157,43.06684],[-2.74137,43.06685],[-2.7413,43.06686],[-2.74125,43.06688],[-2.74123,43.06691],[-2.74123,43.06694],[-2.74126,43.06705]]}},{"type":"Feature","properties":{"id":1479340114,"highway":"tertiary","ref":"BI-4501"},"geometry":{"type":"LineString","coordinates":[[-2.74056,43.07633],[-2.74078,43.07624],[-2.74096,43.07612],[-2.74156,43.07565],[-2.74167,43.07553],[-2.74175,43.07539],[-2.74209,43.0744],[-2.74217,43.07428],[-2.74257,43.07383],[-2.74307,43.07356],[-2.74329,43.07341],[-2.74337,43.07333],[-2.74341,43.07323],[-2.74342,43.07312],[-2.74339,43.07299],[-2.74333,43.07289],[-2.74323,43.07278],[-2.74302,43.07262],[-2.74297,43.07253],[-2.74295,43.07245],[-2.743,43.07238],[-2.74306,43.07232],[-2.74316,43.07228],[-2.74336,43.07228],[-2.74372,43.0723],[-2.7441,43.0723],[-2.74417,43.0723],[-2.74444,43.07228],[-2.74456,43.07224],[-2.74481,43.07201],[-2.74491,43.07196],[-2.74506,43.07195],[-2.74537,43.07205],[-2.74551,43.07205],[-2.74566,43.07202],[-2.74589,43.07195],[-2.74602,43.07196],[-2.74615,43.072],[-2.74625,43.07208],[-2.74637,43.0724],[-2.74645,43.07247],[-2.74656,43.07251],[-2.74669,43.07251],[-2.7468,43.07249],[-2.74746,43.07226],[-2.7476,43.07218],[-2.74773,43.07206],[-2.74784,43.07193],[-2.74814,43.07148],[-2.74856,43.07109],[-2.74868,43.07095],[-2.74876,43.07082],[-2.74878,43.07073]]}},{"type":"Feature","properties":{"id":1479340115,"highway":"track"},"geometry":{"type":"LineString","coordinates":[[-2.7643,43.06101],[-2.7642,43.06083],[-2.76416,43.0607],[-2.76414,43.06057],[-2.76409,43.06046],[-2.76409,43.06038],[-2.76388,43.06043],[-2.76357,43.06051],[-2.7633,43.06052],[-2.76301,43.06051]]}},{"type":"Feature","properties":{"id":1479340116,"highway":"track"},"geometry":{"type":"LineString","coordinates":[[-2.76388,43.05928],[-2.7639,43.05949],[-2.76389,43.05973],[-2.76384,43.05992],[-2.76365,43.06017],[-2.76346,43.06032],[-2.7632,43.06044],[-2.76301,43.06051],[-2.76276,43.06056],[-2.76231,43.06068],[-2.76197,43.06082],[-2.76131,43.06118],[-2.76113,43.06125],[-2.76094,43.06131],[-2.76075,43.06134],[-2.76059,43.06137],[-2.76051,43.06142],[-2.76038,43.06144],[-2.76029,43.06143],[-2.76018,43.0614]]}},{"type":"Feature","properties":{"id":1479340120,"highway":"track"},"geometry":{"type":"LineString","coordinates":[[-2.73308,43.0676],[-2.733,43.06756],[-2.7329,43.0675],[-2.7328,43.06745],[-2.73269,43.0674],[-2.73259,43.06734],[-2.73244,43.06726],[-2.73233,43.06717],[-2.7322,43.0671],[-2.73213,43.06708],[-2.73206,43.06708],[-2.73199,43.06708],[-2.73188,43.06711],[-2.73175,43.06713],[-2.73163,43.06715],[-2.73156,43.06713],[-2.73142,43.06709],[-2.73127,43.06704]]}},{"type":"Feature","properties":{"id":1479340121,"highway":"track","nombre":"Ipiñaburu auzoa"},"geometry":{"type":"LineString","coordinates":[[-2.73341,43.0693],[-2.73322,43.0693],[-2.73301,43.06932],[-2.73265,43.06937],[-2.73246,43.06943],[-2.73238,43.06949],[-2.73231,43.06956],[-2.73221,43.06979],[-2.73209,43.07024],[-2.73196,43.07067],[-2.73191,43.07082]]}},{"type":"Feature","properties":{"id":1479340123,"highway":"track"},"geometry":{"type":"LineString","coordinates":[[-2.7268,43.06411],[-2.72671,43.06406],[-2.72663,43.06399],[-2.72657,43.06396],[-2.72649,43.06394],[-2.72604,43.06384],[-2.72591,43.0638],[-2.72572,43.06373],[-2.72561,43.06367],[-2.72536,43.06348],[-2.72517,43.06338],[-2.72497,43.06329],[-2.72479,43.06318],[-2.72465,43.06308],[-2.72454,43.06301],[-2.72448,43.06298]]}},{"type":"Feature","properties":{"id":1479474276,"highway":"tertiary","nombre":"San Isidro kalea"},"geometry":{"type":"LineString","coordinates":[[-2.75134,43.10341],[-2.75131,43.10337],[-2.75103,43.10295],[-2.75094,43.10273],[-2.75071,43.10189],[-2.75057,43.10146],[-2.75053,43.10127],[-2.75052,43.10119]]}},{"type":"Feature","properties":{"id":1479474277,"highway":"unclassified","nombre":"Zeanuri-Artea errepidea"},"geometry":{"type":"LineString","coordinates":[[-2.75686,43.1071],[-2.75699,43.10703],[-2.75717,43.10694],[-2.75756,43.10682],[-2.75765,43.10677],[-2.75772,43.10668],[-2.75776,43.10657],[-2.75785,43.1062],[-2.7579,43.10612],[-2.75818,43.10574],[-2.75838,43.10541],[-2.75842,43.10534],[-2.75859,43.10498],[-2.75885,43.10461],[-2.75898,43.10441],[-2.75904,43.10429],[-2.75908,43.10417],[-2.7591,43.10403],[-2.75905,43.10375],[-2.75905,43.1036],[-2.7591,43.10348],[-2.75916,43.10343],[-2.75942,43.10324],[-2.7595,43.10315],[-2.75955,43.10305],[-2.7597,43.1024],[-2.75973,43.10208],[-2.75972,43.10193],[-2.75968,43.10156],[-2.75969,43.10143],[-2.75975,43.10129],[-2.76024,43.10077]]}},{"type":"Feature","properties":{"id":1479474278,"highway":"track"},"geometry":{"type":"LineString","coordinates":[[-2.74018,43.10574],[-2.74008,43.10562],[-2.74003,43.10551],[-2.74002,43.10538],[-2.74002,43.1053],[-2.74005,43.10528],[-2.74013,43.10532],[-2.74032,43.10548],[-2.74049,43.10557]]}},{"type":"Feature","properties":{"id":1479474279,"highway":"track"},"geometry":{"type":"LineString","coordinates":[[-2.73849,43.10513],[-2.73843,43.10521],[-2.73823,43.10529],[-2.73731,43.10554],[-2.73754,43.10555],[-2.73773,43.10561],[-2.73783,43.10569],[-2.73795,43.10583],[-2.73805,43.10609],[-2.73815,43.1066]]}},{"type":"Feature","properties":{"id":1479474280,"highway":"residential","nombre":"Landagutxi auzoa"},"geometry":{"type":"LineString","coordinates":[[-2.74694,43.09994],[-2.74696,43.0999],[-2.747,43.09983],[-2.7471,43.09967],[-2.74719,43.09956],[-2.74731,43.09945],[-2.74748,43.09934],[-2.74815,43.09891]]}},{"type":"Feature","properties":{"id":1479474281,"highway":"residential","nombre":"Askalde auzoa"},"geometry":{"type":"LineString","coordinates":[[-2.74631,43.10141],[-2.74621,43.1014],[-2.74609,43.10133],[-2.74598,43.10116],[-2.74584,43.10097],[-2.74577,43.10091]]}},{"type":"Feature","properties":{"id":1479474282,"highway":"residential","nombre":"Soloeta auzoa"},"geometry":{"type":"LineString","coordinates":[[-2.74826,43.10198],[-2.74804,43.10197],[-2.74789,43.10191],[-2.74769,43.10181],[-2.74733,43.10161],[-2.74706,43.10152],[-2.7468,43.10146],[-2.74631,43.10141]]}},{"type":"Feature","properties":{"id":1479474283,"highway":"unclassified","nombre":"Eleizondo auzoa"},"geometry":{"type":"LineString","coordinates":[[-2.74946,43.10459],[-2.74925,43.10415],[-2.74918,43.10405],[-2.74908,43.10399],[-2.74897,43.10395],[-2.74886,43.10385],[-2.74837,43.10332],[-2.74824,43.1032],[-2.74811,43.10304],[-2.74809,43.10297],[-2.74812,43.10288],[-2.74826,43.10276]]}},{"type":"Feature","properties":{"id":1479474284,"highway":"unclassified","nombre":"Errekaurre auzoa"},"geometry":{"type":"LineString","coordinates":[[-2.74826,43.10276],[-2.74835,43.10269],[-2.74855,43.10255],[-2.74859,43.10248],[-2.74858,43.1024],[-2.74826,43.10198],[-2.74821,43.10139],[-2.74824,43.10116]]}},{"type":"Feature","properties":{"id":1479474285,"highway":"unclassified","nombre":"Arregia auzoa"},"geometry":{"type":"LineString","coordinates":[[-2.74869,43.09845],[-2.74889,43.0982],[-2.74913,43.09813],[-2.74951,43.09809]]}},{"type":"Feature","properties":{"id":1479474286,"highway":"residential","nombre":"Landagutxi auzoa"},"geometry":{"type":"LineString","coordinates":[[-2.74815,43.09891],[-2.74811,43.09889],[-2.74795,43.09881],[-2.74785,43.09878],[-2.74773,43.09877],[-2.74759,43.0988],[-2.74747,43.09887]]}},{"type":"Feature","properties":{"id":1479474287,"highway":"service"},"geometry":{"type":"LineString","coordinates":[[-2.74158,43.09758],[-2.74159,43.09754],[-2.74161,43.09749],[-2.74164,43.09745],[-2.7417,43.09741],[-2.74179,43.09739],[-2.74187,43.09738],[-2.74196,43.09738],[-2.74203,43.0974]]}},{"type":"Feature","properties":{"id":1479474288,"highway":"service"},"geometry":{"type":"LineString","coordinates":[[-2.74742,43.09985],[-2.7476,43.09967],[-2.74775,43.09954],[-2.74814,43.0993]]}},{"type":"Feature","properties":{"id":1479474289,"highway":"service"},"geometry":{"type":"LineString","coordinates":[[-2.74832,43.10016],[-2.74818,43.10012],[-2.74811,43.10019],[-2.74805,43.10023],[-2.74799,43.10025],[-2.74794,43.10024],[-2.74783,43.10021]]}},{"type":"Feature","properties":{"id":1479474290,"highway":"tertiary","nombre":"Plazea auzoa","ref":"BI-4501"},"geometry":{"type":"LineString","coordinates":[[-2.74967,43.09868],[-2.74986,43.09864],[-2.75039,43.09855],[-2.75048,43.0985],[-2.75073,43.09832],[-2.7508,43.09822],[-2.75087,43.09802],[-2.75087,43.09789],[-2.75067,43.09736],[-2.75066,43.09732],[-2.75063,43.0973],[-2.75058,43.09726],[-2.75038,43.09703],[-2.75036,43.09694],[-2.75039,43.0969],[-2.75059,43.09674],[-2.7507,43.09653],[-2.75071,43.09642],[-2.75071,43.09608],[-2.75072,43.09592],[-2.75069,43.09556],[-2.75065,43.09528],[-2.75054,43.09498],[-2.75054,43.09491],[-2.75065,43.09481]]}},{"type":"Feature","properties":{"id":1479474291,"highway":"tertiary","nombre":"Undurragako bidea","ref":"BI-4501"},"geometry":{"type":"LineString","coordinates":[[-2.75065,43.09481],[-2.7508,43.09473],[-2.7509,43.0947],[-2.75099,43.09463],[-2.75121,43.09444],[-2.75125,43.09434],[-2.75124,43.09419],[-2.75122,43.09391],[-2.7512,43.09377],[-2.75095,43.09292],[-2.75068,43.09226],[-2.75057,43.0918],[-2.75051,43.09164],[-2.75045,43.09141],[-2.75044,43.09132],[-2.75048,43.0912],[-2.75055,43.09116],[-2.75072,43.0911],[-2.75135,43.09077],[-2.75139,43.09071],[-2.75138,43.09064],[-2.75135,43.09058],[-2.75129,43.09055],[-2.75121,43.09054],[-2.75081,43.09054],[-2.7507,43.09053],[-2.75059,43.09049],[-2.7505,43.09039],[-2.75045,43.0903],[-2.75043,43.0902],[-2.75045,43.09012],[-2.75059,43.08983],[-2.75066,43.08973],[-2.75075,43.08965],[-2.75106,43.08938],[-2.7511,43.08931],[-2.75116,43.08917],[-2.751,43.08906],[-2.75081,43.08903],[-2.75043,43.08904],[-2.75022,43.08904],[-2.7501,43.08901],[-2.74986,43.08885],[-2.74953,43.08861],[-2.74943,43.08854],[-2.74927,43.0885],[-2.7491,43.08847],[-2.74884,43.08838]]}},{"type":"Feature","properties":{"id":1479474292,"highway":"service"},"geometry":{"type":"LineString","coordinates":[[-2.75617,43.0964],[-2.75604,43.09638],[-2.75597,43.09634],[-2.75592,43.09631],[-2.75591,43.09627],[-2.7559,43.0962]]}},{"type":"Feature","properties":{"id":1479474295,"highway":"unclassified","nombre":"Otzerinmendi auzoa"},"geometry":{"type":"LineString","coordinates":[[-2.76518,43.09616],[-2.7656,43.0961],[-2.76572,43.09604],[-2.76586,43.09588],[-2.76587,43.09575],[-2.76575,43.09548],[-2.76537,43.09499],[-2.76522,43.09487],[-2.76474,43.09455],[-2.76422,43.09423],[-2.76381,43.09398],[-2.76373,43.09393],[-2.76293,43.09364]]}},{"type":"Feature","properties":{"id":1479474300,"highway":"track"},"geometry":{"type":"LineString","coordinates":[[-2.76758,43.1031],[-2.76734,43.10315],[-2.76725,43.10316],[-2.76717,43.10315],[-2.76701,43.10311],[-2.76693,43.10311],[-2.76682,43.10309],[-2.76663,43.10305],[-2.76647,43.103],[-2.76601,43.10276],[-2.76589,43.10262],[-2.76572,43.10249],[-2.76556,43.10241],[-2.76536,43.10237],[-2.76514,43.10234],[-2.76503,43.10232]]}},{"type":"Feature","properties":{"id":1484374148,"highway":"path"},"geometry":{"type":"LineString","coordinates":[[-2.79041,43.04292],[-2.79001,43.04222],[-2.78982,43.04151],[-2.79025,43.04112],[-2.79029,43.04071],[-2.79042,43.04023],[-2.7901,43.03987],[-2.7893,43.03915],[-2.78883,43.03872],[-2.78879,43.03841],[-2.78846,43.03825],[-2.78864,43.03794],[-2.78825,43.03795],[-2.78857,43.03766],[-2.78819,43.03767],[-2.78842,43.03742],[-2.78821,43.0374],[-2.78791,43.03728],[-2.78763,43.03703],[-2.78741,43.03673],[-2.78705,43.03621],[-2.78673,43.03595],[-2.78602,43.03548],[-2.78522,43.03519],[-2.78409,43.03474],[-2.78306,43.03446],[-2.78226,43.03414],[-2.78137,43.03395]]}},{"type":"Feature","properties":{"id":1498244602,"highway":"track"},"geometry":{"type":"LineString","coordinates":[[-2.7659,43.04286],[-2.76596,43.04286],[-2.76603,43.04289],[-2.76607,43.04294],[-2.76611,43.04301],[-2.76613,43.04305]]}},{"type":"Feature","properties":{"id":1500171076,"highway":"path"},"geometry":{"type":"LineString","coordinates":[[-2.76721,43.04177],[-2.7672,43.04181],[-2.7672,43.04189],[-2.76719,43.04202],[-2.76717,43.0421],[-2.76709,43.04225],[-2.76704,43.04231],[-2.76689,43.0424],[-2.76689,43.04243],[-2.76687,43.04252],[-2.76683,43.04256],[-2.76673,43.0426],[-2.76658,43.0427],[-2.76641,43.04281],[-2.76623,43.04294],[-2.76616,43.043],[-2.76613,43.04305]]}},{"type":"Feature","properties":{"id":1500171077,"highway":"track"},"geometry":{"type":"LineString","coordinates":[[-2.76613,43.04305],[-2.76617,43.04314]]}},{"type":"Feature","properties":{"id":1500171078,"highway":"path"},"geometry":{"type":"LineString","coordinates":[[-2.76613,43.04305],[-2.76604,43.04318],[-2.76594,43.0434],[-2.76593,43.04342],[-2.7659,43.04352],[-2.76589,43.04375],[-2.76587,43.04386],[-2.7658,43.04403],[-2.76576,43.04416]]}},{"type":"Feature","properties":{"id":1500171079,"highway":"path"},"geometry":{"type":"LineString","coordinates":[[-2.76576,43.04416],[-2.76572,43.04412],[-2.76564,43.04409]]}},{"type":"Feature","properties":{"id":1528456693,"highway":"path"},"geometry":{"type":"LineString","coordinates":[[-2.75499,43.09373],[-2.75505,43.09365],[-2.75517,43.09355],[-2.75522,43.09347],[-2.75531,43.09337],[-2.75544,43.09328],[-2.75556,43.09321],[-2.75561,43.09318],[-2.75569,43.09306],[-2.75575,43.09299],[-2.75582,43.09296],[-2.756,43.09286],[-2.7561,43.0928],[-2.75616,43.09273],[-2.75618,43.09266],[-2.75625,43.0926],[-2.75632,43.09258],[-2.75639,43.09251],[-2.75645,43.09244],[-2.75655,43.09237],[-2.75664,43.09227],[-2.75671,43.09221],[-2.7568,43.09215],[-2.75691,43.09213],[-2.75705,43.0921],[-2.75713,43.09208],[-2.7572,43.09207],[-2.75733,43.09205],[-2.75748,43.09202],[-2.75763,43.09203],[-2.75773,43.09204],[-2.75776,43.09201],[-2.75781,43.09192],[-2.75784,43.09187],[-2.7579,43.0918],[-2.75796,43.09176],[-2.75805,43.09173],[-2.75823,43.09165],[-2.75836,43.0916],[-2.75854,43.09155]]}},{"type":"Feature","properties":{"id":1528456694,"highway":"path"},"geometry":{"type":"LineString","coordinates":[[-2.79506,43.0536],[-2.79538,43.05371],[-2.7957,43.05372],[-2.79608,43.05375],[-2.79638,43.05377],[-2.7968,43.05383],[-2.79731,43.05386],[-2.79772,43.05389],[-2.79803,43.05387],[-2.7984,43.05382],[-2.79871,43.05375],[-2.79902,43.05365],[-2.79925,43.05364],[-2.79932,43.05365]]}},{"type":"Feature","properties":{"id":1528456695,"highway":"path"},"geometry":{"type":"LineString","coordinates":[[-2.78337,43.04633],[-2.78318,43.04643],[-2.78301,43.0465],[-2.78283,43.04658],[-2.78264,43.04665],[-2.78254,43.04673],[-2.78246,43.0468],[-2.78236,43.04689],[-2.78233,43.04693]]}},{"type":"Feature","properties":{"id":1528456696,"highway":"path"},"geometry":{"type":"LineString","coordinates":[[-2.78232,43.04706],[-2.78227,43.04715],[-2.78223,43.04722],[-2.78221,43.04725],[-2.78218,43.04729],[-2.78217,43.04732],[-2.78216,43.04734],[-2.78215,43.04735],[-2.78216,43.04736],[-2.78216,43.04737],[-2.78216,43.04739],[-2.78215,43.04739],[-2.78213,43.0474]]}},{"type":"Feature","properties":{"id":1528457927,"highway":"path"},"geometry":{"type":"LineString","coordinates":[[-2.78379,43.04777],[-2.78378,43.04766],[-2.78378,43.04746],[-2.78372,43.04728],[-2.78369,43.0472],[-2.78368,43.04708],[-2.78367,43.04703]]}},{"type":"Feature","properties":{"id":1528457928,"highway":"path"},"geometry":{"type":"LineString","coordinates":[[-2.78351,43.04688],[-2.78335,43.04683],[-2.78317,43.04677],[-2.78299,43.04672],[-2.78289,43.04672],[-2.78273,43.0468],[-2.78256,43.04688],[-2.78246,43.04697],[-2.78232,43.04711]]}},{"type":"Feature","properties":{"id":1528457929,"highway":"path"},"geometry":{"type":"LineString","coordinates":[[-2.76465,43.04743],[-2.7646,43.04748],[-2.76454,43.04752]]}},{"type":"Feature","properties":{"id":1546767340,"highway":"path"},"geometry":{"type":"LineString","coordinates":[[-2.79291,43.06727],[-2.79311,43.06717],[-2.79327,43.06714],[-2.79334,43.0672],[-2.7935,43.06711],[-2.79361,43.06716],[-2.79377,43.06714],[-2.79394,43.06712],[-2.79398,43.06722],[-2.79414,43.06729],[-2.79431,43.06724],[-2.79447,43.06719],[-2.79461,43.06725],[-2.7947,43.06732],[-2.79482,43.06738],[-2.79499,43.06733]]}},{"type":"Feature","properties":{"id":1563845453,"highway":"path"},"geometry":{"type":"LineString","coordinates":[[-2.79985,43.05334],[-2.79977,43.05337],[-2.79956,43.05351],[-2.79942,43.05355],[-2.79938,43.05359]]}}]}
